timestamp,sensor_name,value
1509019274559,Door,activate
1509019275063,Motion_2,False
1509019275063,Motion_1,True
1509019275063,Motion_8,False
1509019276559,Seat_8,True
1509019276564,Motion_6,False
1509019276564,Motion_2,True
1509019276638,Sound_R,55.299900038957134
1509019277279,Light_2,On
1509019277403,Sound_C,55.334260837758585
1509019277516,Sound_P,52.96571415471127
1509019277519,PodiumIR,114
1509019283238,Seat_8,False
1509019283238,Motion_8,True
1509019286638,Sound_R,58.09352885727056
1509019287403,Sound_C,58.09348429732461
1509019287521,Sound_P,51.62091662308819
1509019287523,PodiumIR,111
1509019287975,Motion_1,True
1509019287975,Motion_7,True
1509019292828,Motion_2,False
1509019292833,Motion_2,True
1509019296638,Sound_R,57.736031657208606
1509019297403,Sound_C,57.083916797289895
1509019297525,Sound_P,52.96571415471127
1509019297536,PodiumIR,115
1509019299201,Motion_8,False
1509019300877,Motion_1,True
1509019300877,Motion_7,False
1509019306639,Sound_R,55.92989722738205
1509019307403,Sound_C,53.79072407299686
1509019307543,Sound_P,48.55773214739296
1509019307545,PodiumIR,83
1509019308786,Motion_2,False
1509019312093,Motion_8,True
1509019313799,Motion_1,True
1509019316638,Sound_R,58.994198395288294
1509019317086,Motion_7,True
1509019317403,Sound_C,53.02867704421953
1509019317547,Sound_P,48.55773214739296
1509019317556,PodiumIR,107
1509019324755,Motion_2,False
1509019324755,Motion_8,False
1509019326611,Seat_8,True
1509019326611,Motion_1,True
1509019326638,Sound_R,56.30605461666304
1509019327403,Sound_C,52.73996988602993
1509019327563,Sound_P,46.78757012382582
1509019327566,PodiumIR,106
1509019328042,Motion_8,True
1509019329147,Motion_6,True
1509019329147,Motion_7,False
1509019332814,Motion_8,True
1509019336638,Sound_R,51.92652107899992
1509019337403,Sound_C,52.2036231221447
1509019337568,Sound_P,48.55773214739296
1509019337571,PodiumIR,108
1509019346638,Sound_R,52.7472981929376
1509019347403,Sound_C,52.80311876188896
1509019347573,Sound_P,44.808697341762915
1509019347575,PodiumIR,105
1509019348773,Motion_2,False
1509019348773,Motion_1,False
1509019348773,Motion_6,False
1509019348778,Motion_8,False
1509019348778,Motion_1,True
1509019348778,Motion_7,True
1509019356638,Sound_R,54.18216640985501
1509019357403,Sound_C,53.22955753843763
1509019357577,Sound_P,51.62091662308819
1509019357585,PodiumIR,137
1509019361800,Motion_2,True
1509019361800,Motion_6,True
1509019361800,Motion_8,False
1509019361800,Motion_1,True
1509019361800,Motion_7,False
1509019364646,Motion_6,False
1509019364646,Seat_7,True
1509019366638,Sound_R,54.871115669231905
1509019367403,Sound_C,52.90060038790231
1509019367587,Sound_P,44.808697341762915
1509019367590,PodiumIR,104
1509019376638,Sound_R,55.20242252235277
1509019377403,Sound_C,52.726614206923415
1509019377592,Sound_P,42.56523641427832
1509019377594,PodiumIR,123
1509019385597,Motion_6,False
1509019385597,Motion_1,False
1509019385597,Motion_2,False
1509019386638,Sound_R,55.309867834149
1509019387403,Sound_C,53.497304403203294
1509019387596,Sound_P,46.78757012382582
1509019387599,PodiumIR,87
1509019392246,Motion_1,True
1509019392246,Seat_8,False
1509019396638,Sound_R,55.68097526971538
1509019397403,Sound_C,53.53726323224944
1509019397601,Sound_P,51.62091662308819
1509019397604,PodiumIR,108
1509019403532,Motion_2,False
1509019406638,Sound_R,55.52459181039304
1509019407403,Sound_C,54.12990733871978
1509019407606,Sound_P,51.62091662308819
1509019407608,PodiumIR,118
1509019408204,Motion_1,False
1509019415981,Door,activate
1509019416638,Sound_R,58.33927266738377
1509019417403,Sound_C,56.94839023295386
1509019417610,Sound_P,68.61682354019833
1509019417613,PodiumIR,102
1509019424163,Motion_2,False
1509019424163,Motion_1,False
1509019426638,Sound_R,64.91468146594848
1509019427403,Sound_C,59.892333409413375
1509019427615,Sound_P,51.62091662308819
1509019427618,PodiumIR,144
1509019427925,Motion_2,True
1509019428260,Door,activate
1509019436638,Sound_R,65.97503649464092
1509019437403,Sound_C,63.65359951502425
1509019437619,Sound_P,64.61127993529891
1509019437621,PodiumIR,115
1509019446638,Sound_R,64.09075017212024
1509019447403,Sound_C,65.26555454256506
1509019447623,Sound_P,50.159038478285424
1509019447625,PodiumIR,149
1509019456638,Sound_R,63.33224073177561
1509019457403,Sound_C,61.203120959121385
1509019457627,Sound_P,48.55773214739296
1509019457629,PodiumIR,103
1509019466638,Sound_R,63.12586088523091
1509019467403,Sound_C,60.993768630271894
1509019467631,Sound_P,50.159038478285424
1509019467633,PodiumIR,124
1509019473376,Door,activate
1509019476638,Sound_R,66.55966887276483
1509019477403,Sound_C,65.4341920475655
1509019477635,Sound_P,51.62091662308819
1509019477638,PodiumIR,86
1509019481118,Motion_1,False
1509019481123,Motion_2,False
1509019486638,Sound_R,66.54622428792999
1509019487403,Sound_C,62.230887252005665
1509019487639,Sound_P,50.159038478285424
1509019487642,PodiumIR,102
1509019492615,Door,activate
1509019496638,Sound_R,62.54122645222651
1509019497403,Sound_C,58.43235679662971
1509019497652,Sound_P,51.62091662308819
1509019497654,PodiumIR,95
1509019506638,Sound_R,62.72158726308493
1509019507403,Sound_C,62.51917976241862
1509019507656,Sound_P,48.55773214739296
1509019507660,PodiumIR,113
1509019516027,Motion_2,False
1509019516638,Sound_R,61.10226642008255
1509019517403,Sound_C,63.23228582153498
1509019517662,Sound_P,62.551438321825636
1509019517664,PodiumIR,140
1509019526638,Sound_R,59.08601325292653
1509019527403,Sound_C,58.3776074041967
1509019527666,Sound_P,44.808697341762915
1509019527669,PodiumIR,106
1509019536638,Sound_R,60.12425625922473
1509019537403,Sound_C,56.54142932529454
1509019537671,Sound_P,51.62091662308819
1509019537680,PodiumIR,105
1509019538009,Motion_2,False
1509019545072,Motion_8,True
1509019545072,Motion_1,True
1509019546638,Sound_R,60.1766943504145
1509019547403,Sound_C,59.24027214343451
1509019547685,Sound_P,48.55773214739296
1509019547687,PodiumIR,132
1509019556638,Sound_R,62.617010308350395
1509019557403,Sound_C,63.54441698870081
1509019557689,Sound_P,62.551438321825636
1509019557691,PodiumIR,107
1509019564498,Motion_2,False
1509019564498,Motion_8,False
1509019564498,Motion_1,False
1509019564498,Seat_12,False
1509019566638,Sound_R,64.12795362022125
1509019567403,Sound_C,63.88264862989942
1509019567693,Sound_P,52.96571415471127
1509019567696,PodiumIR,108
1509019576638,Sound_R,63.91747986990561
1509019577403,Sound_C,61.24462561254567
1509019577697,Sound_P,48.55773214739296
1509019577700,PodiumIR,115
1509019579891,Motion_2,False
1509019579891,Motion_1,True
1509019586638,Sound_R,59.58808002980559
1509019587403,Sound_C,56.5223770084413
1509019587702,Sound_P,42.56523641427832
1509019587704,PodiumIR,98
1509019596638,Sound_R,55.16010993969187
1509019597403,Sound_C,52.98837246633641
1509019597706,Sound_P,44.808697341762915
1509019597708,PodiumIR,106
1509019604274,Motion_1,False
1509019604274,Motion_2,True
1509019606638,Sound_R,54.4796607948708
1509019607403,Sound_C,53.40411393594971
1509019607710,Sound_P,51.62091662308819
1509019607712,PodiumIR,119
1509019616638,Sound_R,55.359899588085675
1509019617403,Sound_C,54.86451211198489
1509019617714,Sound_P,51.62091662308819
1509019617716,PodiumIR,114
1509019622649,Motion_2,False
1509019622649,Motion_1,True
1509019626638,Sound_R,61.34626984291938
1509019627403,Sound_C,59.529091520253125
1509019627718,Sound_P,52.96571415471127
1509019627721,PodiumIR,110
1509019628702,Motion_2,True
1509019636638,Sound_R,63.71139930669307
1509019637403,Sound_C,61.81401187382469
1509019637722,Sound_P,50.159038478285424
1509019637724,PodiumIR,108
1509019643160,Motion_1,False
1509019643160,Motion_2,False
1509019646638,Sound_R,60.94501597204169
1509019647403,Sound_C,58.9837970525821
1509019647726,Sound_P,50.159038478285424
1509019647729,PodiumIR,111
1509019656638,Sound_R,57.4330716267099
1509019657403,Sound_C,55.12786550676003
1509019657731,Sound_P,50.159038478285424
1509019657733,PodiumIR,117
1509019666638,Sound_R,55.775918813841905
1509019667403,Sound_C,54.20009032875131
1509019667735,Sound_P,46.78757012382582
1509019667737,PodiumIR,107
1509019676638,Sound_R,57.15386538065377
1509019677403,Sound_C,56.57285653341734
1509019677744,Sound_P,55.369951428718224
1509019677746,PodiumIR,112
1509019686638,Sound_R,59.252129327489946
1509019687403,Sound_C,57.37886883279004
1509019687748,Sound_P,50.159038478285424
1509019687751,PodiumIR,150
1509019688059,Motion_1,False
1509019688059,Motion_2,True
1509019691135,Motion_1,True
1509019696638,Sound_R,58.164297789581376
1509019697403,Sound_C,55.1099248486693
1509019697752,Sound_P,51.62091662308819
1509019697755,PodiumIR,105
1509019704047,Motion_2,False
1509019704052,Motion_1,True
1509019706638,Sound_R,58.263690898749665
1509019707403,Sound_C,54.5240870879341
1509019707756,Sound_P,50.159038478285424
1509019707760,PodiumIR,103
1509019716638,Sound_R,58.18161584803832
1509019717403,Sound_C,55.27863428177954
1509019717766,Sound_P,46.78757012382582
1509019717768,PodiumIR,97
1509019726638,Sound_R,55.133002870908
1509019727403,Sound_C,55.28623761089643
1509019727770,Sound_P,46.78757012382582
1509019727773,PodiumIR,111
1509019728185,Motion_1,False
1509019736638,Sound_R,56.597619137331755
1509019737403,Sound_C,55.89599276781727
1509019737774,Sound_P,51.62091662308819
1509019737777,PodiumIR,103
1509019746638,Sound_R,60.80197165479701
1509019747403,Sound_C,59.46554743954843
1509019747779,Sound_P,48.55773214739296
1509019747781,PodiumIR,107
1509019756165,Motion_1,False
1509019756638,Sound_R,58.981152435256035
1509019757403,Sound_C,58.1949480126385
1509019757786,Sound_P,52.96571415471127
1509019757789,PodiumIR,108
1509019760872,Motion_8,True
1509019766638,Sound_R,56.42868096508662
1509019767403,Sound_C,54.795992347312676
1509019767795,Sound_P,46.78757012382582
1509019767797,PodiumIR,120
1509019776638,Sound_R,62.05462961930939
1509019777403,Sound_C,58.69492831672806
1509019777799,Sound_P,51.62091662308819
1509019777802,PodiumIR,109
1509019786638,Sound_R,62.32049201643105
1509019787403,Sound_C,57.8212898709962
1509019787803,Sound_P,54.210802194865956
1509019787806,PodiumIR,81
1509019796638,Sound_R,58.9558094889614
1509019797403,Sound_C,54.72807615034208
1509019797807,Sound_P,52.96571415471127
1509019797810,PodiumIR,106
1509019801889,Motion_1,False
1509019801889,Motion_8,False
1509019801889,Seat_4,False
1509019801889,Motion_2,True
1509019806638,Sound_R,57.401267611293406
1509019807403,Sound_C,54.50654610022438
1509019807812,Sound_P,54.210802194865956
1509019807814,PodiumIR,121
1509019816638,Sound_R,59.00838841098872
1509019817403,Sound_C,54.834194355307964
1509019817816,Sound_P,52.96571415471127
1509019817818,PodiumIR,112
1509019822405,Motion_2,False
1509019822410,Motion_2,True
1509019823691,Motion_1,True
1509019826638,Sound_R,58.97310657248054
1509019827403,Sound_C,54.674914650885036
1509019827824,Sound_P,50.159038478285424
1509019827826,PodiumIR,105
1509019836638,Sound_R,55.8902866322401
1509019837403,Sound_C,54.06261991531462
1509019837828,Sound_P,46.78757012382582
1509019837830,PodiumIR,108
1509019845112,Motion_2,False
1509019845117,Motion_1,False
1509019846638,Sound_R,58.81199094917476
1509019847403,Sound_C,57.38917992767856
1509019847832,Sound_P,54.210802194865956
1509019847834,PodiumIR,114
1509019856638,Sound_R,61.01239665821307
1509019857403,Sound_C,57.891922502579426
1509019857836,Sound_P,54.210802194865956
1509019857839,PodiumIR,111
1509019863837,Motion_1,False
1509019866638,Sound_R,60.42834707546603
1509019867403,Sound_C,56.22982418728949
1509019867841,Sound_P,48.55773214739296
1509019867843,PodiumIR,110
1509019876638,Sound_R,59.43414318481931
1509019877403,Sound_C,56.811107922708544
1509019877845,Sound_P,42.56523641427832
1509019877848,PodiumIR,70
1509019886638,Sound_R,56.672633145770156
1509019887403,Sound_C,55.63543931645311
1509019887854,Sound_P,52.96571415471127
1509019887856,PodiumIR,110
1509019896638,Sound_R,55.868708838809994
1509019897403,Sound_C,54.73229403942796
1509019897858,Sound_P,48.55773214739296
1509019897860,PodiumIR,105
1509019906638,Sound_R,56.78423008473889
1509019906885,Motion_1,False
1509019907403,Sound_C,54.35857616333049
1509019907862,Sound_P,50.159038478285424
1509019907864,PodiumIR,114
1509019916638,Sound_R,56.972137087062485
1509019917403,Sound_C,56.30816722160096
1509019917866,Sound_P,51.62091662308819
1509019917869,PodiumIR,110
1509019919797,Motion_1,True
1509019926638,Sound_R,57.362133650448065
1509019927403,Sound_C,58.229559402902936
1509019927871,Sound_P,44.808697341762915
1509019927873,PodiumIR,106
1509019936638,Sound_R,62.51564193132944
1509019937403,Sound_C,61.265251925064184
1509019937875,Sound_P,46.78757012382582
1509019937877,PodiumIR,101
1509019946638,Sound_R,67.13842304032626
1509019947403,Sound_C,62.00833442506191
1509019947879,Sound_P,56.45426312235056
1509019947881,PodiumIR,109
1509019956638,Sound_R,65.06750882041355
1509019957403,Sound_C,58.99864169235
1509019957883,Sound_P,61.023021476191225
1509019957885,PodiumIR,116
1509019963200,Seat_2,False
1509019963200,Motion_1,False
1509019963200,Motion_2,True
1509019966638,Sound_R,62.37472534542317
1509019967403,Sound_C,60.00247735825823
1509019967887,Sound_P,48.55773214739296
1509019967890,PodiumIR,106
1509019976638,Sound_R,59.4937752876333
1509019977403,Sound_C,58.91340787985462
1509019977891,Sound_P,50.159038478285424
1509019977894,PodiumIR,111
1509019986638,Sound_R,57.13581116216633
1509019987403,Sound_C,55.855192448419054
1509019987895,Sound_P,44.808697341762915
1509019987897,PodiumIR,142
1509019989599,Motion_2,False
1509019989599,Motion_1,True
1509019996638,Sound_R,59.32098729966174
1509019997403,Sound_C,58.58378847299087
1509019997899,Sound_P,59.341519288975356
1509019997901,PodiumIR,103
1509020006638,Sound_R,60.3094528614485
1509020007403,Sound_C,58.981164196354165
1509020007903,Sound_P,48.55773214739296
1509020007906,PodiumIR,84
1509020016638,Sound_R,58.373803586767345
1509020017403,Sound_C,55.88319854273311
1509020017907,Sound_P,51.62091662308819
1509020017909,PodiumIR,110
1509020026638,Sound_R,56.93686523135191
1509020027403,Sound_C,55.89522191772787
1509020027911,Sound_P,48.55773214739296
1509020027913,PodiumIR,106
1509020032367,Motion_1,False
1509020036638,Sound_R,56.94169472658009
1509020037403,Sound_C,55.44269184033451
1509020037915,Sound_P,44.808697341762915
1509020037918,PodiumIR,107
1509020039021,Motion_2,True
1509020046638,Sound_R,56.56216528219185
1509020047403,Sound_C,55.0782731693106
1509020047924,Sound_P,50.159038478285424
1509020047927,PodiumIR,125
1509020056638,Sound_R,56.43593000590182
1509020057403,Sound_C,55.732661262763315
1509020057929,Sound_P,56.45426312235056
1509020057931,PodiumIR,106
1509020060058,Motion_1,False
1509020060058,Motion_2,False
1509020064901,Motion_1,True
1509020066638,Sound_R,59.88929991822311
1509020067403,Sound_C,58.505938956265105
1509020067933,Sound_P,52.96571415471127
1509020067935,PodiumIR,110
1509020076638,Sound_R,59.59034959013547
1509020077062,Motion_2,False
1509020077062,Motion_1,False
1509020077403,Sound_C,58.193384707106055
1509020077942,Sound_P,46.78757012382582
1509020077944,PodiumIR,92
1509020086638,Sound_R,58.88324612609993
1509020087403,Sound_C,57.174346780187214
1509020087946,Sound_P,55.369951428718224
1509020087949,PodiumIR,114
1509020096638,Sound_R,62.35906632908489
1509020097403,Sound_C,60.39665852923784
1509020097950,Sound_P,51.62091662308819
1509020097952,PodiumIR,111
1509020101360,Motion_2,False
1509020106638,Sound_R,60.88848481783671
1509020107403,Sound_C,59.37603119794583
1509020107954,Sound_P,55.369951428718224
1509020107956,PodiumIR,118
1509020116638,Sound_R,58.644639683977566
1509020117403,Sound_C,56.70500216129085
1509020117958,Sound_P,51.62091662308819
1509020117961,PodiumIR,101
1509020126638,Sound_R,59.9728034769295
1509020127403,Sound_C,57.031811832453904
1509020127962,Sound_P,52.96571415471127
1509020127964,PodiumIR,115
1509020130601,Motion_2,False
1509020130601,Motion_1,True
1509020133342,Motion_8,True
1509020133342,Motion_2,True
1509020136638,Sound_R,63.282485163530815
1509020137403,Sound_C,59.791411447336
1509020137966,Sound_P,54.210802194865956
1509020137969,PodiumIR,79
1509020146638,Sound_R,67.73513654568073
1509020147403,Sound_C,62.70987926386635
1509020147971,Sound_P,48.55773214739296
1509020147980,PodiumIR,111
1509020156638,Sound_R,65.43422038201324
1509020157403,Sound_C,62.12430603128208
1509020157982,Sound_P,46.78757012382582
1509020157984,PodiumIR,111
1509020166638,Sound_R,60.51085164471917
1509020167403,Sound_C,58.521585605301915
1509020167985,Sound_P,52.96571415471127
1509020167988,PodiumIR,106
1509020176638,Sound_R,60.22743456649126
1509020177403,Sound_C,55.86962014909536
1509020177990,Sound_P,51.62091662308819
1509020177992,PodiumIR,112
1509020180437,Motion_1,False
1509020180437,Motion_8,False
1509020180437,Motion_2,False
1509020183094,Motion_1,True
1509020186638,Sound_R,61.16302407536161
1509020187403,Sound_C,56.322459661471356
1509020187998,Sound_P,48.55773214739296
1509020188000,PodiumIR,111
1509020196638,Sound_R,62.976919394153725
1509020197403,Sound_C,61.974435985008995
1509020198002,Sound_P,48.55773214739296
1509020198010,PodiumIR,100
1509020206131,Motion_2,False
1509020206131,Motion_1,False
1509020206641,Sound_R,64.59705040939993
1509020207403,Sound_C,64.40480563669347
1509020208016,Sound_P,56.45426312235056
1509020208019,PodiumIR,133
1509020216638,Sound_R,63.23885298271179
1509020217403,Sound_C,60.03256308652043
1509020218021,Sound_P,52.96571415471127
1509020218027,PodiumIR,109
1509020226638,Sound_R,64.22496529704235
1509020227403,Sound_C,60.14816696690303
1509020228033,Sound_P,44.808697341762915
1509020228036,PodiumIR,104
1509020236638,Sound_R,65.43535131813748
1509020237403,Sound_C,61.175758673603134
1509020238038,Sound_P,60.20329792798059
1509020238046,PodiumIR,95
1509020246638,Sound_R,64.85366281329682
1509020247403,Sound_C,58.69303489242236
1509020248054,Sound_P,51.62091662308819
1509020248056,PodiumIR,117
1509020251655,Motion_1,False
1509020251655,Seat_5,False
1509020256638,Sound_R,62.81013260019299
1509020257403,Sound_C,57.22574023982926
1509020258062,Sound_P,50.159038478285424
1509020258065,PodiumIR,113
1509020264602,Motion_1,True
1509020266638,Sound_R,65.35242976030462
1509020267403,Sound_C,62.70712009040318
1509020268066,Sound_P,48.55773214739296
1509020268069,PodiumIR,106
1509020276638,Sound_R,67.49138335624541
1509020277403,Sound_C,66.48034811142325
1509020278071,Sound_P,67.56641902255494
1509020278073,PodiumIR,111
1509020286638,Sound_R,63.978884841258605
1509020287403,Sound_C,63.33030371596211
1509020288075,Sound_P,50.159038478285424
1509020288077,PodiumIR,113
1509020294233,Motion_1,False
1509020295584,Motion_2,True
1509020296638,Sound_R,62.52384156614779
1509020297403,Sound_C,59.961603115049
1509020298079,Sound_P,52.96571415471127
1509020298082,PodiumIR,144
1509020306638,Sound_R,61.09818593000574
1509020307403,Sound_C,56.37005887508193
1509020308083,Sound_P,55.369951428718224
1509020308086,PodiumIR,115
1509020316638,Sound_R,59.15777361486212
1509020317403,Sound_C,54.597161905189516
1509020318087,Sound_P,51.62091662308819
1509020318090,PodiumIR,77
1509020326638,Sound_R,56.899234516487184
1509020327403,Sound_C,54.43784855700829
1509020328096,Sound_P,44.808697341762915
1509020328099,PodiumIR,109
1509020336335,Motion_1,False
1509020336335,Motion_2,False
1509020336638,Sound_R,56.557002575473696
1509020337403,Sound_C,54.63463578907258
1509020338100,Sound_P,51.62091662308819
1509020338104,PodiumIR,109
1509020346638,Sound_R,57.72046860958081
1509020347403,Sound_C,56.17656150970044
1509020348110,Sound_P,54.210802194865956
1509020348113,PodiumIR,88
1509020356638,Sound_R,56.94620259956588
1509020357403,Sound_C,59.22847284239649
1509020358114,Sound_P,51.62091662308819
1509020358116,PodiumIR,107
1509020359678,Motion_1,False
1509020359678,Motion_2,False
1509020359678,Seat_7,False
1509020366638,Sound_R,62.16416992042204
1509020367403,Sound_C,62.453335378679604
1509020368118,Sound_P,55.369951428718224
1509020368121,PodiumIR,112
1509020376638,Sound_R,68.06636976901099
1509020377403,Sound_C,62.505770507879696
1509020378122,Sound_P,44.808697341762915
1509020378124,PodiumIR,99
1509020386638,Sound_R,62.832062324910375
1509020387403,Sound_C,62.02281161418791
1509020388126,Sound_P,55.369951428718224
1509020388129,PodiumIR,114
1509020396638,Sound_R,58.21290366420197
1509020397403,Sound_C,58.38265492295657
1509020398130,Sound_P,42.56523641427832
1509020398133,PodiumIR,110
1509020400260,Motion_2,False
1509020406638,Sound_R,57.52239460022643
1509020407403,Sound_C,54.2036821976175
1509020408139,Sound_P,54.210802194865956
1509020408142,PodiumIR,141
1509020416638,Sound_R,55.78389282180299
1509020417403,Sound_C,53.5306113683632
1509020418143,Sound_P,44.808697341762915
1509020418146,PodiumIR,111
1509020421566,Motion_2,False
1509020426638,Sound_R,57.32293512969792
1509020427403,Sound_C,53.78563887938936
1509020428148,Sound_P,51.62091662308819
1509020428150,PodiumIR,96
1509020436549,Motion_2,False
1509020436549,Seat_7,True
1509020436638,Sound_R,60.66353929525678
1509020437403,Sound_C,56.729179241884644
1509020438153,Sound_P,48.55773214739296
1509020438155,PodiumIR,106
1509020440926,Motion_1,True
1509020446638,Sound_R,64.10323518715326
1509020447403,Sound_C,58.94271247291249
1509020448157,Sound_P,54.210802194865956
1509020448159,PodiumIR,103
1509020456638,Sound_R,65.94713523329818
1509020457403,Sound_C,62.66311619916772
1509020458165,Sound_P,65.8563679754536
1509020458167,PodiumIR,129
1509020466638,Sound_R,67.60262032618961
1509020467403,Sound_C,64.33912955727823
1509020468169,Sound_P,56.45426312235056
1509020468172,PodiumIR,105
1509020476638,Sound_R,66.05596372004753
1509020477403,Sound_C,60.010870341707175
1509020478174,Sound_P,51.62091662308819
1509020478176,PodiumIR,114
1509020478301,Motion_1,False
1509020478301,Seat_7,False
1509020485665,Motion_2,True
1509020485665,Seat_7,True
1509020486638,Sound_R,60.01428618670763
1509020487403,Sound_C,57.14468533033601
1509020488178,Sound_P,52.96571415471127
1509020488180,PodiumIR,111
1509020496638,Sound_R,59.70051094062594
1509020497403,Sound_C,56.54959708244305
1509020498182,Sound_P,51.62091662308819
1509020498184,PodiumIR,118
1509020506638,Sound_R,59.95132040352445
1509020507403,Sound_C,56.73705211706308
1509020508187,Sound_P,44.808697341762915
1509020508189,PodiumIR,108
1509020516638,Sound_R,58.67259466766671
1509020517403,Sound_C,56.78147083547166
1509020518191,Sound_P,46.78757012382582
1509020518194,PodiumIR,108
1509020526638,Sound_R,61.52501064971026
1509020527403,Sound_C,56.711561113197355
1509020528195,Sound_P,54.210802194865956
1509020528206,PodiumIR,120
1509020536638,Sound_R,60.62859873103779
1509020537403,Sound_C,55.55510845778796
1509020538208,Sound_P,48.55773214739296
1509020538210,PodiumIR,113
1509020542275,Motion_1,False
1509020542275,Motion_2,False
1509020546638,Sound_R,58.72829542273261
1509020547403,Sound_C,56.843127883603266
1509020548211,Sound_P,48.55773214739296
1509020548214,PodiumIR,74
1509020556638,Sound_R,58.885927000419876
1509020557403,Sound_C,60.2821403188934
1509020558216,Sound_P,48.55773214739296
1509020558218,PodiumIR,111
1509020566638,Sound_R,60.85864228251993
1509020567403,Sound_C,60.355573497889104
1509020568221,Sound_P,46.78757012382582
1509020568225,PodiumIR,110
1509020576638,Sound_R,62.52812289203399
1509020577403,Sound_C,59.38685514231155
1509020578230,Sound_P,52.96571415471127
1509020578233,PodiumIR,121
1509020585163,Motion_2,False
1509020585163,Motion_1,False
1509020586638,Sound_R,64.73656752703448
1509020587403,Sound_C,62.219645707811985
1509020588238,Sound_P,68.0998289029382
1509020588240,PodiumIR,108
1509020596638,Sound_R,68.54809699682426
1509020597403,Sound_C,64.6057352073578
1509020598244,Sound_P,50.159038478285424
1509020598246,PodiumIR,127
1509020606638,Sound_R,63.77886193693871
1509020607403,Sound_C,61.27900950648267
1509020607510,Motion_1,False
1509020607510,Motion_2,False
1509020608249,Sound_P,55.369951428718224
1509020608251,PodiumIR,109
1509020616638,Sound_R,58.819018761712094
1509020617403,Sound_C,58.269654737025014
1509020618258,Sound_P,52.96571415471127
1509020618260,PodiumIR,99
1509020620417,Motion_1,True
1509020620417,Motion_2,False
1509020626638,Sound_R,59.60581650370665
1509020627403,Sound_C,58.2611343210749
1509020628262,Sound_P,62.551438321825636
1509020628264,PodiumIR,126
1509020636638,Sound_R,58.76147813501077
1509020637403,Sound_C,58.39568856867701
1509020638266,Sound_P,57.472817393488484
1509020638278,PodiumIR,112
1509020646638,Sound_R,56.76628483337555
1509020647403,Sound_C,55.64000531382573
1509020648280,Sound_P,51.62091662308819
1509020648282,PodiumIR,84
1509020650108,Motion_1,False
1509020656638,Sound_R,56.13151190404861
1509020657403,Sound_C,54.07355670960874
1509020658284,Sound_P,44.808697341762915
1509020658287,PodiumIR,119
1509020666638,Sound_R,56.676111843328506
1509020666892,Motion_1,False
1509020666892,Motion_2,True
1509020667403,Sound_C,55.959857824921166
1509020668288,Sound_P,51.62091662308819
1509020668290,PodiumIR,103
1509020669308,Motion_8,True
1509020670624,Motion_1,True
1509020676638,Sound_R,57.43950759811066
1509020677403,Sound_C,57.25922542564876
1509020678292,Sound_P,56.45426312235056
1509020678295,PodiumIR,113
1509020686638,Sound_R,56.400725200907175
1509020687403,Sound_C,56.55251940606044
1509020688296,Sound_P,50.159038478285424
1509020688299,PodiumIR,95
1509020696638,Sound_R,54.465419486032836
1509020697403,Sound_C,54.671017456097296
1509020698301,Sound_P,48.55773214739296
1509020698303,PodiumIR,97
1509020698403,Motion_2,False
1509020698403,Motion_8,False
1509020698403,Motion_1,False
1509020706638,Sound_R,53.63177696012256
1509020707403,Sound_C,52.613017676351
1509020708305,Sound_P,50.159038478285424
1509020708318,PodiumIR,107
1509020708934,Motion_2,True
1509020711315,Motion_1,True
1509020716638,Sound_R,54.05499167067543
1509020717403,Sound_C,53.00500608627078
1509020718322,Sound_P,56.45426312235056
1509020718325,PodiumIR,113
1509020726638,Sound_R,57.27697777019955
1509020727403,Sound_C,55.73618037672512
1509020728326,Sound_P,48.55773214739296
1509020728330,PodiumIR,110
1509020736638,Sound_R,59.60103511902821
1509020737403,Sound_C,57.3600538937611
1509020738331,Sound_P,55.369951428718224
1509020738334,PodiumIR,122
1509020746638,Sound_R,60.082924770953134
1509020747403,Sound_C,57.85885948977551
1509020748335,Sound_P,46.78757012382582
1509020748338,PodiumIR,98
1509020756638,Sound_R,61.979469034786405
1509020757403,Sound_C,58.669190217618315
1509020758340,Sound_P,54.210802194865956
1509020758342,PodiumIR,97
1509020766638,Sound_R,65.20886511910338
1509020767403,Sound_C,62.86385014940723
1509020768344,Sound_P,44.808697341762915
1509020768346,PodiumIR,130
1509020776638,Sound_R,64.20523294872982
1509020777403,Sound_C,62.390628680272954
1509020778348,Sound_P,59.341519288975356
1509020778351,PodiumIR,108
1509020786638,Sound_R,63.175989321398
1509020787403,Sound_C,61.57880260725205
1509020788352,Sound_P,54.210802194865956
1509020788354,PodiumIR,107
1509020796638,Sound_R,59.877161148416754
1509020797403,Sound_C,60.211555973547206
1509020798356,Sound_P,46.78757012382582
1509020798370,PodiumIR,100
1509020798912,Motion_2,False
1509020798912,Motion_1,False
1509020806638,Sound_R,58.396173994687246
1509020807403,Sound_C,56.81277995368631
1509020808372,Sound_P,50.159038478285424
1509020808374,PodiumIR,135
1509020811814,Motion_1,True
1509020816638,Sound_R,60.50915915315185
1509020817403,Sound_C,55.61748226967183
1509020818376,Sound_P,57.472817393488484
1509020818386,PodiumIR,104
1509020826638,Sound_R,59.50113683834983
1509020827403,Sound_C,55.4480973166518
1509020828388,Sound_P,51.62091662308819
1509020828390,PodiumIR,105
1509020836638,Sound_R,60.81228111387643
1509020837403,Sound_C,57.55486742765695
1509020838233,Motion_1,False
1509020838233,Motion_2,True
1509020838392,Sound_P,58.433135904413454
1509020838400,PodiumIR,100
1509020846638,Sound_R,61.62481898885401
1509020847403,Sound_C,56.84429017386407
1509020848402,Sound_P,57.472817393488484
1509020848405,PodiumIR,76
1509020856638,Sound_R,60.4249558122164
1509020857403,Sound_C,57.36020986609208
1509020858407,Sound_P,42.56523641427832
1509020858409,PodiumIR,133
1509020866638,Sound_R,58.137026657800185
1509020867403,Sound_C,58.670836302542
1509020868411,Sound_P,50.159038478285424
1509020868413,PodiumIR,112
1509020876638,Sound_R,55.993343348942375
1509020877403,Sound_C,57.364643703096476
1509020878415,Sound_P,52.96571415471127
1509020878417,PodiumIR,113
1509020886638,Sound_R,56.01741760354175
1509020887264,Motion_2,False
1509020887274,Motion_1,True
1509020887274,Motion_2,True
1509020887403,Sound_C,56.18343079926177
1509020888419,Sound_P,51.62091662308819
1509020888421,PodiumIR,109
1509020896638,Sound_R,57.03741529933512
1509020897403,Sound_C,56.59755829336127
1509020898423,Sound_P,51.62091662308819
1509020898425,PodiumIR,109
1509020906638,Sound_R,55.99647103554825
1509020907403,Sound_C,55.4063622718249
1509020908427,Sound_P,51.62091662308819
1509020908430,PodiumIR,88
1509020916638,Sound_R,56.220848924745276
1509020917403,Sound_C,54.56643359032062
1509020918431,Sound_P,44.808697341762915
1509020918434,PodiumIR,144
1509020925019,Motion_2,False
1509020925019,Motion_1,False
1509020926638,Sound_R,57.13791418074831
1509020927403,Sound_C,54.7305406668186
1509020928435,Sound_P,42.56523641427832
1509020928438,PodiumIR,112
1509020936638,Sound_R,55.44538504282503
1509020937403,Sound_C,54.42967367997471
1509020937936,Motion_2,True
1509020937936,Motion_1,False
1509020938439,Sound_P,48.55773214739296
1509020938442,PodiumIR,107
1509020946638,Sound_R,56.10894003583212
1509020947403,Sound_C,56.524008505960616
1509020948443,Sound_P,42.56523641427832
1509020948446,PodiumIR,118
1509020956638,Sound_R,57.19692436480651
1509020956656,Motion_2,False
1509020957403,Sound_C,56.302757331874794
1509020958447,Sound_P,64.61127993529891
1509020958450,PodiumIR,93
1509020960598,Motion_8,True
1509020966638,Sound_R,60.00436143428106
1509020967403,Sound_C,58.14613267185215
1509020968452,Sound_P,48.55773214739296
1509020968454,PodiumIR,104
1509020976638,Sound_R,59.02353885273131
1509020977403,Sound_C,57.711848668637906
1509020978456,Sound_P,51.62091662308819
1509020978458,PodiumIR,110
1509020978888,Motion_2,False
1509020978888,Motion_8,False
1509020978893,Motion_1,True
1509020986638,Sound_R,56.06031985950227
1509020987403,Sound_C,54.35438658238897
1509020988460,Sound_P,51.62091662308819
1509020988463,PodiumIR,101
1509020996638,Sound_R,55.93035594786496
1509020997403,Sound_C,54.510056677217854
1509020998465,Sound_P,52.96571415471127
1509020998467,PodiumIR,112
1509021006638,Sound_R,55.80148490744602
1509021007403,Sound_C,55.46991955076478
1509021008476,Sound_P,57.472817393488484
1509021008478,PodiumIR,130
1509021014887,Motion_1,False
1509021014887,Motion_5,False
1509021014887,Motion_2,True
1509021016638,Sound_R,55.87010881177658
1509021017403,Sound_C,56.05231779122007
1509021018480,Sound_P,52.96571415471127
1509021018483,PodiumIR,114
1509021026638,Sound_R,54.68205384516883
1509021027403,Sound_C,54.30248747747265
1509021028485,Sound_P,51.62091662308819
1509021028487,PodiumIR,83
1509021036638,Sound_R,54.500765146024946
1509021037403,Sound_C,54.77031174351736
1509021038489,Sound_P,42.56523641427832
1509021038491,PodiumIR,131
1509021039210,Motion_2,False
1509021039210,Seat_3,False
1509021039210,Motion_1,True
1509021046638,Sound_R,55.76038390132366
1509021047403,Sound_C,54.95780359065234
1509021048493,Sound_P,46.78757012382582
1509021048496,PodiumIR,103
1509021056638,Sound_R,59.314620370834355
1509021057403,Sound_C,53.65148610415158
1509021058497,Sound_P,50.159038478285424
1509021058499,PodiumIR,109
1509021066638,Sound_R,59.894481427492245
1509021066815,Motion_2,False
1509021066815,Motion_1,False
1509021067403,Sound_C,53.08094264371075
1509021068501,Sound_P,50.159038478285424
1509021068503,PodiumIR,104
1509021076638,Sound_R,55.5947641890264
1509021077403,Sound_C,53.0432002356751
1509021078505,Sound_P,58.433135904413454
1509021078507,PodiumIR,118
1509021086638,Sound_R,54.484566824776664
1509021087403,Sound_C,54.66352425513592
1509021088510,Sound_P,44.808697341762915
1509021088512,PodiumIR,107
1509021096638,Sound_R,59.739054830419256
1509021097403,Sound_C,58.663537914847495
1509021098514,Sound_P,58.433135904413454
1509021098516,PodiumIR,117
1509021106638,Sound_R,63.416439389993094
1509021107403,Sound_C,58.301261280419396
1509021108157,Motion_2,False
1509021108518,Sound_P,54.210802194865956
1509021108521,PodiumIR,110
1509021116638,Sound_R,61.437575303544584
1509021117403,Sound_C,56.037643455482645
1509021118522,Sound_P,50.159038478285424
1509021118524,PodiumIR,123
1509021118848,Motion_1,True
1509021126638,Sound_R,58.92316681928214
1509021127403,Sound_C,54.553444101008346
1509021128526,Sound_P,46.78757012382582
1509021128528,PodiumIR,106
1509021136638,Sound_R,57.128776354502286
1509021137403,Sound_C,53.64638245775662
1509021138530,Sound_P,44.808697341762915
1509021138533,PodiumIR,105
1509021142200,Motion_2,False
1509021142200,Motion_1,False
1509021146638,Sound_R,53.88818465098486
1509021147403,Sound_C,54.23369686864627
1509021148534,Sound_P,44.808697341762915
1509021148537,PodiumIR,111
1509021156638,Sound_R,54.90924328724682
1509021157403,Sound_C,53.39374735615158
1509021158549,Sound_P,46.78757012382582
1509021158551,PodiumIR,113
1509021166638,Sound_R,58.72104768636627
1509021167403,Sound_C,54.8947874702019
1509021168214,Motion_1,False
1509021168553,Sound_P,51.62091662308819
1509021168555,PodiumIR,105
1509021176638,Sound_R,58.256330372200686
1509021177403,Sound_C,56.52453196591349
1509021178557,Sound_P,52.96571415471127
1509021178560,PodiumIR,122
1509021186638,Sound_R,55.96501480144067
1509021187403,Sound_C,55.345221136052054
1509021188561,Sound_P,48.55773214739296
1509021188564,PodiumIR,107
1509021188765,Motion_1,False
1509021188765,Motion_2,True
1509021196638,Sound_R,54.77765188725537
1509021197403,Sound_C,54.176044114653926
1509021198565,Sound_P,46.78757012382582
1509021198568,PodiumIR,115
1509021206638,Sound_R,55.42004039501948
1509021207403,Sound_C,53.790576548713375
1509021208570,Sound_P,56.45426312235056
1509021208572,PodiumIR,109
1509021216638,Sound_R,56.85232807447508
1509021217403,Sound_C,53.8646589489264
1509021218574,Sound_P,44.808697341762915
1509021218576,PodiumIR,105
1509021226638,Sound_R,56.78534003603079
1509021227411,Sound_C,53.53025432205993
1509021228578,Sound_P,44.808697341762915
1509021228580,PodiumIR,107
1509021236638,Sound_R,56.16631090544771
1509021237403,Sound_C,54.76217948442377
1509021238582,Sound_P,60.20329792798059
1509021238584,PodiumIR,124
1509021245620,Motion_2,False
1509021245620,Seat_1,False
1509021245620,Motion_1,True
1509021245620,Motion_4,False
1509021246638,Sound_R,58.44475362179495
1509021247403,Sound_C,55.84574163983924
1509021248586,Sound_P,50.159038478285424
1509021248588,PodiumIR,99
1509021256638,Sound_R,56.86592365044317
1509021257006,Motion_2,True
1509021257006,Motion_8,True
1509021257403,Sound_C,54.987183442601214
1509021258537,Motion_1,True
1509021258590,Sound_P,50.159038478285424
1509021258592,PodiumIR,109
1509021266638,Sound_R,55.59316966078895
1509021267403,Sound_C,54.793423406614664
1509021268594,Sound_P,50.159038478285424
1509021268596,PodiumIR,115
1509021276638,Sound_R,58.45182958498631
1509021277403,Sound_C,54.68685268111062
1509021278598,Sound_P,51.62091662308819
1509021278608,PodiumIR,92
1509021286638,Sound_R,56.926938689319535
1509021287403,Sound_C,53.600198505969274
1509021288616,Sound_P,48.55773214739296
1509021288619,PodiumIR,115
1509021296638,Sound_R,55.096430215608
1509021297403,Sound_C,52.813810416348595
1509021298621,Sound_P,46.78757012382582
1509021298623,PodiumIR,111
1509021306638,Sound_R,55.175794281561885
1509021307403,Sound_C,53.51952741121939
1509021308625,Sound_P,48.55773214739296
1509021308628,PodiumIR,83
1509021316638,Sound_R,58.33636919150387
1509021317358,Motion_2,False
1509021317358,Motion_8,False
1509021317358,Motion_1,False
1509021317403,Sound_C,55.42187201293306
1509021318629,Sound_P,44.808697341762915
1509021318632,PodiumIR,89
1509021326638,Sound_R,58.61937714634855
1509021327403,Sound_C,54.95697454418354
1509021328633,Sound_P,51.62091662308819
1509021328636,PodiumIR,106
1509021336434,Seat_11,False
1509021336434,Motion_2,False
1509021336434,Motion_1,False
1509021336638,Sound_R,59.25543718601625
1509021337403,Sound_C,56.08217003917543
1509021338638,Sound_P,51.62091662308819
1509021338640,PodiumIR,110
1509021346638,Sound_R,60.89723542930404
1509021347403,Sound_C,58.94022407981248
1509021348642,Sound_P,51.62091662308819
1509021348644,PodiumIR,121
1509021356638,Sound_R,58.175271037589965
1509021357403,Sound_C,57.086192083409856
1509021358648,Sound_P,63.26648240367583
1509021358652,PodiumIR,143
1509021366638,Sound_R,62.16262774438267
1509021367403,Sound_C,58.65422272666758
1509021368653,Sound_P,48.55773214739296
1509021368656,PodiumIR,147
1509021376638,Sound_R,62.7422253560689
1509021377403,Sound_C,59.46470760915198
1509021378658,Sound_P,48.55773214739296
1509021378660,PodiumIR,130
1509021386280,Seat_10,False
1509021386280,Motion_1,False
1509021386280,Motion_2,True
1509021386638,Sound_R,59.43754086037603
1509021387403,Sound_C,57.36770550861547
1509021388662,Sound_P,50.159038478285424
1509021388664,PodiumIR,122
1509021396638,Sound_R,58.32253057190493
1509021397403,Sound_C,56.30962619927237
1509021398674,Sound_P,51.62091662308819
1509021398676,PodiumIR,86
1509021406638,Sound_R,57.2783767391015
1509021407403,Sound_C,54.963076805320476
1509021408678,Sound_P,51.62091662308819
1509021408680,PodiumIR,67
1509021411334,Motion_2,False
1509021411334,Motion_1,True
1509021416638,Sound_R,58.185504731476954
1509021417403,Sound_C,56.740087149459036
1509021418688,Sound_P,50.159038478285424
1509021418691,PodiumIR,92
1509021426638,Sound_R,59.35685024629501
1509021427403,Sound_C,58.435282982014634
1509021428692,Sound_P,44.808697341762915
1509021428695,PodiumIR,113
1509021436638,Sound_R,57.98506313379422
1509021437403,Sound_C,57.659318467591135
1509021438704,Sound_P,55.369951428718224
1509021438707,PodiumIR,120
1509021446187,Motion_1,False
1509021446187,Motion_2,True
1509021446187,Seat_8,True
1509021446638,Sound_R,56.74687800032706
1509021447403,Sound_C,56.31617481376338
1509021448708,Sound_P,44.808697341762915
1509021448710,PodiumIR,113
1509021456638,Sound_R,58.86197016480083
1509021457403,Sound_C,57.044254565118386
1509021458712,Sound_P,46.78757012382582
1509021458714,PodiumIR,116
1509021466638,Sound_R,59.514113645657716
1509021467403,Sound_C,56.96709212656927
1509021468716,Sound_P,46.78757012382582
1509021468719,PodiumIR,117
1509021476638,Sound_R,58.747048062755375
1509021477403,Sound_C,55.72726176667535
1509021478721,Sound_P,54.210802194865956
1509021478732,PodiumIR,116
1509021486638,Sound_R,57.50857594575874
1509021487403,Sound_C,55.79094781615871
1509021488734,Sound_P,63.26648240367583
1509021488736,PodiumIR,113
1509021492177,Seat_8,False
1509021492177,Motion_2,False
1509021496638,Sound_R,60.37566511776228
1509021497403,Sound_C,57.74759020088755
1509021498738,Sound_P,52.96571415471127
1509021498744,PodiumIR,106
1509021505349,Motion_2,True
1509021506638,Sound_R,63.054857170994175
1509021507403,Sound_C,60.02241755119186
1509021508745,Sound_P,50.159038478285424
1509021508748,PodiumIR,114
1509021516638,Sound_R,59.1459313760395
1509021517403,Sound_C,57.701379766506186
1509021518749,Sound_P,56.45426312235056
1509021518756,PodiumIR,125
1509021520662,Motion_2,False
1509021520662,Motion_1,True
1509021526638,Sound_R,57.51125562504183
1509021527403,Sound_C,57.21813437484074
1509021528773,Sound_P,46.78757012382582
1509021528775,PodiumIR,111
1509021535210,Motion_1,False
1509021535210,Motion_2,True
1509021536638,Sound_R,60.64660026782499
1509021537403,Sound_C,59.3174512401334
1509021538777,Sound_P,42.56523641427832
1509021538780,PodiumIR,94
1509021543009,Motion_8,True
1509021546491,Motion_1,True
1509021546491,Seat_8,False
1509021546638,Sound_R,59.70588109825511
1509021547403,Sound_C,57.89311346194351
1509021548781,Sound_P,50.159038478285424
1509021548784,PodiumIR,86
1509021552259,Motion_2,False
1509021552259,Seat_8,True
1509021556638,Sound_R,58.88182039204148
1509021557403,Sound_C,57.34941215528746
1509021558785,Sound_P,46.78757012382582
1509021558788,PodiumIR,106
1509021566638,Sound_R,62.25400453929475
1509021567403,Sound_C,58.284986978641435
1509021568790,Sound_P,50.159038478285424
1509021568792,PodiumIR,103
1509021576638,Sound_R,61.40098970387712
1509021577403,Sound_C,58.58293447480188
1509021578794,Sound_P,54.210802194865956
1509021578796,PodiumIR,104
1509021582375,Motion_8,False
1509021582375,Seat_8,False
1509021582375,Motion_1,False
1509021582375,Motion_2,True
1509021584521,Motion_8,True
1509021586638,Sound_R,60.34118652165527
1509021587403,Sound_C,57.54295939620143
1509021588803,Sound_P,48.55773214739296
1509021588805,PodiumIR,113
1509021592550,Seat_8,False
1509021596638,Sound_R,61.267958721486934
1509021597403,Sound_C,55.97892518101443
1509021598807,Sound_P,42.56523641427832
1509021598810,PodiumIR,103
1509021603411,Motion_2,False
1509021603411,Motion_8,False
1509021603411,Motion_1,False
1509021606543,Seat_9,False
1509021606548,Motion_1,True
1509021606638,Sound_R,61.43311346946833
1509021607403,Sound_C,56.57921561390245
1509021608818,Sound_P,50.159038478285424
1509021608821,PodiumIR,106
1509021616638,Sound_R,60.641254405815886
1509021617403,Sound_C,57.816119971745444
1509021618823,Sound_P,56.45426312235056
1509021618825,PodiumIR,121
1509021619369,Seat_8,False
1509021619369,Motion_2,False
1509021619369,Motion_1,True
1509021626638,Sound_R,59.128966101572
1509021627403,Sound_C,57.6178016942083
1509021628828,Sound_P,54.210802194865956
1509021628831,PodiumIR,139
1509021632646,Motion_2,False
1509021632646,Motion_1,False
1509021632646,Seat_8,True
1509021635333,Motion_2,True
1509021636638,Sound_R,59.016329479361424
1509021637403,Sound_C,57.10468732446384
1509021638833,Sound_P,61.80460425887306
1509021638835,PodiumIR,92
1509021646638,Sound_R,58.91586911925211
1509021647403,Sound_C,59.00811006860042
1509021648837,Sound_P,50.159038478285424
1509021648839,PodiumIR,77
1509021650076,Motion_2,False
1509021650076,Motion_1,True
1509021651301,Motion_2,True
1509021656638,Sound_R,60.210419209901715
1509021657403,Sound_C,58.48846646644929
1509021658841,Sound_P,54.210802194865956
1509021658843,PodiumIR,90
1509021662968,Seat_8,False
1509021662973,Motion_1,True
1509021664218,Motion_2,True
1509021666638,Sound_R,59.96444524814913
1509021667403,Sound_C,56.07530271474223
1509021668845,Sound_P,48.55773214739296
1509021668847,PodiumIR,102
1509021672738,Seat_8,True
1509021676638,Sound_R,58.63044566574505
1509021677403,Sound_C,56.637221008876054
1509021678849,Sound_P,46.78757012382582
1509021678852,PodiumIR,112
1509021686638,Sound_R,57.89146488661425
1509021687403,Sound_C,57.58727277697114
1509021688853,Sound_P,50.159038478285424
1509021688855,PodiumIR,106
1509021696638,Sound_R,59.09185705118907
1509021697403,Sound_C,57.306890966351354
1509021698857,Sound_P,50.159038478285424
1509021698859,PodiumIR,106
1509021706638,Sound_R,59.73269899884051
1509021707403,Sound_C,56.79461488816341
1509021708861,Sound_P,57.472817393488484
1509021708864,PodiumIR,112
1509021709928,Motion_1,False
1509021709928,Motion_2,False
1509021709928,Seat_7,False
1509021716638,Sound_R,59.41373397495415
1509021717403,Sound_C,56.628538950206284
1509021718865,Sound_P,52.96571415471127
1509021718867,PodiumIR,104
1509021726638,Sound_R,60.77421035025284
1509021727403,Sound_C,56.73356804480767
1509021728870,Sound_P,52.96571415471127
1509021728872,PodiumIR,111
1509021730454,Seat_8,False
1509021730454,Motion_2,False
1509021736638,Sound_R,60.54515362681744
1509021737403,Sound_C,56.23885471621808
1509021738874,Sound_P,44.808697341762915
1509021738876,PodiumIR,104
1509021743371,Motion_2,True
1509021746638,Sound_R,60.88522827690125
1509021747403,Sound_C,56.12125823582364
1509021748878,Sound_P,48.55773214739296
1509021748880,PodiumIR,115
1509021756638,Sound_R,58.35423059219804
1509021757403,Sound_C,55.01367850383235
1509021758882,Sound_P,46.78757012382582
1509021758884,PodiumIR,98
1509021766638,Sound_R,59.03408776867871
1509021767403,Sound_C,57.54062430567783
1509021768886,Sound_P,50.159038478285424
1509021768888,PodiumIR,106
1509021772196,Motion_2,False
1509021776638,Sound_R,60.49917659548887
1509021777403,Sound_C,57.79323941287323
1509021778890,Sound_P,51.62091662308819
1509021778893,PodiumIR,114
1509021786638,Sound_R,57.97169951122377
1509021787403,Sound_C,56.47481920049305
1509021788154,Motion_2,False
1509021788896,Sound_P,50.159038478285424
1509021788899,PodiumIR,107
1509021796638,Sound_R,60.355532211237914
1509021797403,Sound_C,59.25247824790381
1509021798901,Sound_P,51.62091662308819
1509021798903,PodiumIR,109
1509021806638,Sound_R,63.78174564309288
1509021807403,Sound_C,59.35638164657613
1509021808904,Sound_P,51.62091662308819
1509021808906,PodiumIR,125
1509021809826,Motion_2,False
1509021811002,Motion_1,True
1509021816638,Sound_R,63.9545074551046
1509021817403,Sound_C,59.33754701067627
1509021817565,Seat_8,True
1509021818908,Sound_P,48.55773214739296
1509021818910,PodiumIR,153
1509021826638,Sound_R,63.51946774204034
1509021827403,Sound_C,59.168078700901866
1509021828917,Sound_P,54.210802194865956
1509021828919,PodiumIR,96
1509021836638,Sound_R,62.40110232676886
1509021837403,Sound_C,59.76586545104552
1509021838921,Sound_P,55.369951428718224
1509021838924,PodiumIR,121
1509021841163,Motion_2,False
1509021841163,Motion_1,False
1509021846638,Sound_R,62.94176058661116
1509021847403,Sound_C,61.2462432694816
1509021848926,Sound_P,46.78757012382582
1509021848933,PodiumIR,111
1509021856638,Sound_R,64.49377196954937
1509021857403,Sound_C,60.187755171111974
1509021857696,Seat_8,False
1509021857696,Motion_2,False
1509021858942,Sound_P,50.159038478285424
1509021858946,PodiumIR,115
1509021859592,Motion_2,True
1509021866638,Sound_R,59.51614017655462
1509021867403,Sound_C,56.7183612816224
1509021868947,Sound_P,48.55773214739296
1509021868956,PodiumIR,87
1509021872384,Motion_1,True
1509021872384,Motion_2,True
1509021876638,Sound_R,55.8108587404096
1509021877403,Sound_C,54.43255352729614
1509021878958,Sound_P,54.210802194865956
1509021878960,PodiumIR,83
1509021886638,Sound_R,60.46028422715273
1509021887403,Sound_C,58.645857516958465
1509021888962,Sound_P,55.369951428718224
1509021888964,PodiumIR,76
1509021896638,Sound_R,63.02318943682668
1509021897403,Sound_C,58.98888835015908
1509021898248,Motion_1,False
1509021898248,Motion_2,False
1509021898966,Sound_P,54.210802194865956
1509021898969,PodiumIR,77
1509021906638,Sound_R,60.67789039106253
1509021907403,Sound_C,55.517622754882716
1509021908970,Sound_P,51.62091662308819
1509021908977,PodiumIR,106
1509021911170,Motion_2,True
1509021916638,Sound_R,56.901733834938796
1509021917403,Sound_C,53.95918853998072
1509021918980,Sound_P,50.159038478285424
1509021918982,PodiumIR,134
1509021924527,Motion_1,True
1509021924527,Motion_2,True
1509021926638,Sound_R,57.383917492858494
1509021927403,Sound_C,55.1551037473962
1509021928179,Seat_7,True
1509021928984,Sound_P,51.62091662308819
1509021929028,PodiumIR,94
1509021936638,Sound_R,58.68999110891688
1509021937403,Sound_C,57.44854854118105
1509021938344,Seat_7,False
1509021938344,Motion_1,False
1509021938344,Motion_2,True
1509021939030,Sound_P,52.96571415471127
1509021939032,PodiumIR,88
1509021940486,Motion_1,True
1509021946638,Sound_R,55.67922407499492
1509021947403,Sound_C,54.71260934868352
1509021949034,Sound_P,44.808697341762915
1509021949036,PodiumIR,127
1509021956449,Motion_2,False
1509021956449,Motion_1,False
1509021956638,Sound_R,56.55110471187593
1509021957403,Sound_C,54.723590230801385
1509021959045,Sound_P,59.341519288975356
1509021959047,PodiumIR,132
1509021966638,Sound_R,63.694795132383
1509021967403,Sound_C,60.192189910455035
1509021968455,Motion_2,True
1509021968455,Motion_1,True
1509021969049,Sound_P,55.369951428718224
1509021969056,PodiumIR,136
1509021976638,Sound_R,66.9353106575821
1509021977403,Sound_C,60.30325826521514
1509021979063,Sound_P,46.78757012382582
1509021979066,PodiumIR,121
1509021982258,Motion_1,True
1509021982258,Motion_2,False
1509021986638,Sound_R,60.33629150199919
1509021987403,Sound_C,55.451596942750605
1509021989067,Sound_P,55.369951428718224
1509021989070,PodiumIR,122
1509021996638,Sound_R,56.98174391777629
1509021997403,Sound_C,56.06838185027859
1509021999071,Sound_P,50.159038478285424
1509021999074,PodiumIR,113
1509022005660,Motion_1,False
1509022006638,Sound_R,56.299646220642295
1509022007403,Sound_C,56.653128564701404
1509022009075,Sound_P,50.159038478285424
1509022009078,PodiumIR,117
1509022010823,Motion_2,True
1509022016638,Sound_R,56.91106851538708
1509022017403,Sound_C,55.533931572639155
1509022019080,Sound_P,51.62091662308819
1509022019082,PodiumIR,113
1509022021619,Motion_1,False
1509022023735,Motion_2,True
1509022026638,Sound_R,56.99329390859586
1509022027403,Sound_C,54.38821004581471
1509022029084,Sound_P,54.210802194865956
1509022029086,PodiumIR,111
1509022036638,Sound_R,56.16205109091026
1509022037403,Sound_C,55.91164202362342
1509022039088,Sound_P,51.62091662308819
1509022039091,PodiumIR,115
1509022043345,Motion_1,False
1509022043345,Motion_2,False
1509022046638,Sound_R,56.91414408430293
1509022047403,Sound_C,57.36198483329213
1509022049093,Sound_P,46.78757012382582
1509022049095,PodiumIR,133
1509022056638,Sound_R,54.8557984047701
1509022057403,Sound_C,54.1006116008993
1509022059097,Sound_P,50.159038478285424
1509022059099,PodiumIR,123
1509022066638,Sound_R,52.86359265475081
1509022067403,Sound_C,53.21705532808735
1509022069101,Sound_P,46.78757012382582
1509022069109,PodiumIR,118
1509022072126,Motion_2,False
1509022076638,Sound_R,55.74354282078809
1509022077404,Sound_C,55.28297299766606
1509022079111,Sound_P,44.808697341762915
1509022079114,PodiumIR,107
1509022086638,Sound_R,57.30769092202681
1509022087403,Sound_C,56.9838655290726
1509022088104,Motion_2,False
1509022088109,Motion_2,True
1509022089116,Sound_P,42.56523641427832
1509022089121,PodiumIR,107
1509022096638,Sound_R,59.775529710313776
1509022097403,Sound_C,59.318797822177096
1509022099123,Sound_P,60.20329792798059
1509022099125,PodiumIR,112
1509022104063,Motion_2,False
1509022106638,Sound_R,64.99698130813321
1509022107403,Sound_C,60.7420053638337
1509022109127,Sound_P,50.159038478285424
1509022109132,PodiumIR,107
1509022116638,Sound_R,62.032498069387266
1509022117403,Sound_C,58.97714527424685
1509022119142,Sound_P,50.159038478285424
1509022119144,PodiumIR,101
1509022120031,Motion_2,False
1509022121602,Motion_1,True
1509022126638,Sound_R,63.03090630393629
1509022127403,Sound_C,60.06902864480919
1509022129146,Sound_P,44.808697341762915
1509022129148,PodiumIR,110
1509022132908,Seat_7,True
1509022135445,Motion_1,False
1509022135445,Seat_7,True
1509022135445,Motion_2,True
1509022136638,Sound_R,63.27063306224009
1509022137403,Sound_C,59.38611571536737
1509022139150,Sound_P,52.96571415471127
1509022139152,PodiumIR,104
1509022146638,Sound_R,59.26842750433525
1509022147403,Sound_C,58.13621175712956
1509022149154,Sound_P,50.159038478285424
1509022149156,PodiumIR,109
1509022156638,Sound_R,59.66960941425736
1509022156701,Motion_2,False
1509022157403,Sound_C,58.391371270457114
1509022159158,Sound_P,44.808697341762915
1509022159162,PodiumIR,97
1509022166638,Sound_R,61.898500912094015
1509022167403,Sound_C,58.27903984593872
1509022169164,Sound_P,51.62091662308819
1509022169166,PodiumIR,118
1509022169628,Motion_2,True
1509022172719,Motion_1,True
1509022176638,Sound_R,64.07576316633855
1509022177403,Sound_C,59.44045114651754
1509022179168,Sound_P,48.55773214739296
1509022179170,PodiumIR,111
1509022186638,Sound_R,61.11617527146538
1509022187403,Sound_C,57.82844094554716
1509022189172,Sound_P,56.45426312235056
1509022189175,PodiumIR,107
1509022193716,Motion_2,False
1509022193716,Motion_1,False
1509022193721,Motion_2,False
1509022193721,Motion_1,False
1509022196638,Sound_R,58.27963397618393
1509022197403,Sound_C,57.49142722225801
1509022199176,Sound_P,52.96571415471127
1509022199179,PodiumIR,107
1509022206638,Sound_R,58.055477277663364
1509022207403,Sound_C,58.302606813702944
1509022209181,Sound_P,54.210802194865956
1509022209183,PodiumIR,113
1509022210480,Seat_7,False
1509022210480,Motion_2,False
1509022216638,Sound_R,60.39802884427457
1509022217403,Sound_C,61.61731869886125
1509022219185,Sound_P,59.341519288975356
1509022219187,PodiumIR,109
1509022223662,Motion_2,True
1509022226638,Sound_R,64.25957032798722
1509022227403,Sound_C,63.08953951866806
1509022229189,Sound_P,46.78757012382582
1509022229192,PodiumIR,112
1509022236638,Sound_R,61.85214772936815
1509022237403,Sound_C,58.26294700390279
1509022239193,Sound_P,46.78757012382582
1509022239196,PodiumIR,111
1509022246639,Sound_R,55.84880740720157
1509022247199,Motion_2,False
1509022247403,Sound_C,55.21471302383144
1509022249198,Sound_P,48.55773214739296
1509022249200,PodiumIR,113
1509022256638,Sound_R,58.023287693587974
1509022257403,Sound_C,57.320191969071864
1509022259202,Sound_P,55.369951428718224
1509022259204,PodiumIR,120
1509022266638,Sound_R,66.83278170207687
1509022267403,Sound_C,63.51099321260711
1509022269206,Sound_P,54.210802194865956
1509022269209,PodiumIR,108
1509022271127,Motion_2,False
1509022276638,Sound_R,71.03743329886497
1509022277403,Sound_C,65.68801895579657
1509022279210,Sound_P,61.023021476191225
1509022279213,PodiumIR,112
1509022279536,Seat_7,False
1509022284044,Motion_2,True
1509022286638,Sound_R,66.32795170350029
1509022287403,Sound_C,62.33570514221807
1509022289215,Sound_P,51.62091662308819
1509022289217,PodiumIR,104
1509022296638,Sound_R,60.6958308499832
1509022297403,Sound_C,58.42306392101194
1509022299219,Sound_P,61.023021476191225
1509022299222,PodiumIR,116
1509022305340,Motion_2,False
1509022306638,Sound_R,62.443674005448294
1509022307403,Sound_C,60.105307329499794
1509022309223,Sound_P,64.61127993529891
1509022309225,PodiumIR,113
1509022316638,Sound_R,65.75701374303736
1509022317403,Sound_C,64.08374394847816
1509022319227,Sound_P,52.96571415471127
1509022319229,PodiumIR,108
1509022326638,Sound_R,66.76354910726285
1509022327403,Sound_C,63.59342977186964
1509022328017,Motion_2,False
1509022329231,Sound_P,52.96571415471127
1509022329233,PodiumIR,131
1509022336638,Sound_R,62.808408289051634
1509022337403,Sound_C,59.472769335557814
1509022339235,Sound_P,55.369951428718224
1509022339238,PodiumIR,108
1509022346638,Sound_R,59.22097108647271
1509022347403,Sound_C,57.59620949157852
1509022348068,Motion_2,False
1509022348068,Motion_1,True
1509022349240,Sound_P,63.26648240367583
1509022349242,PodiumIR,108
1509022356638,Sound_R,62.573340750882295
1509022357403,Sound_C,59.91393649582276
1509022359244,Sound_P,58.433135904413454
1509022359246,PodiumIR,107
1509022364026,Motion_1,False
1509022366638,Sound_R,65.03783900487703
1509022367403,Sound_C,61.89301537920884
1509022369248,Sound_P,51.62091662308819
1509022369250,PodiumIR,133
1509022373326,Motion_2,True
1509022376638,Sound_R,63.1885253557935
1509022377403,Sound_C,60.04743051167984
1509022379252,Sound_P,54.210802194865956
1509022379255,PodiumIR,103
1509022380365,Motion_1,False
1509022380370,Seat_7,True
1509022386638,Sound_R,61.42382969387114
1509022387403,Sound_C,57.92029625773839
1509022389256,Sound_P,50.159038478285424
1509022389259,PodiumIR,111
1509022389300,Seat_7,False
1509022389300,Motion_2,False
1509022390565,Seat_7,True
1509022390565,Motion_1,True
1509022396638,Sound_R,60.728850682313414
1509022397403,Sound_C,58.2966680623145
1509022399260,Sound_P,42.56523641427832
1509022399262,PodiumIR,102
1509022406638,Sound_R,57.33606834889895
1509022407403,Sound_C,55.402860267430356
1509022409264,Sound_P,54.210802194865956
1509022409267,PodiumIR,109
1509022413688,Seat_7,False
1509022413688,Motion_2,False
1509022413688,Motion_1,False
1509022416638,Sound_R,59.14379566425915
1509022417403,Sound_C,56.938130725963966
1509022419268,Sound_P,48.55773214739296
1509022419270,PodiumIR,136
1509022426638,Sound_R,60.67343576506577
1509022427403,Sound_C,58.134318181154754
1509022428351,Motion_2,False
1509022428351,Motion_1,True
1509022429279,Sound_P,50.159038478285424
1509022429282,PodiumIR,80
1509022432443,Motion_2,True
1509022436638,Sound_R,61.78582940848173
1509022437403,Sound_C,60.254702144671135
1509022439284,Sound_P,48.55773214739296
1509022439286,PodiumIR,114
1509022446638,Sound_R,67.16681427548237
1509022447403,Sound_C,64.65233513233046
1509022449288,Sound_P,52.96571415471127
1509022449290,PodiumIR,110
1509022454184,Motion_1,False
1509022454184,Motion_2,False
1509022456638,Sound_R,68.20829513171493
1509022457403,Sound_C,64.83269027502168
1509022459292,Sound_P,67.56641902255494
1509022459294,PodiumIR,110
1509022466201,Motion_1,True
1509022466201,Motion_2,True
1509022466638,Sound_R,68.68604244051348
1509022467403,Sound_C,65.55852469629097
1509022469301,Sound_P,46.78757012382582
1509022469303,PodiumIR,110
1509022476638,Sound_R,62.63489069723474
1509022477403,Sound_C,60.649482863306154
1509022479305,Sound_P,59.341519288975356
1509022479307,PodiumIR,110
1509022486638,Sound_R,59.28826871862174
1509022487403,Sound_C,58.088811796743165
1509022489309,Sound_P,51.62091662308819
1509022489312,PodiumIR,111
1509022496638,Sound_R,62.21563737389919
1509022497403,Sound_C,59.8626684398216
1509022499313,Sound_P,44.808697341762915
1509022499315,PodiumIR,118
1509022499874,Motion_1,False
1509022499874,Motion_2,False
1509022499879,Motion_2,True
1509022506638,Sound_R,62.916344721689136
1509022507403,Sound_C,59.38289368790311
1509022509317,Sound_P,58.433135904413454
1509022509320,PodiumIR,101
1509022514146,Motion_2,False
1509022514146,Motion_1,True
1509022515292,Motion_8,True
1509022516638,Sound_R,62.19576491212312
1509022517403,Sound_C,57.76436647071417
1509022519321,Sound_P,63.26648240367583
1509022519325,PodiumIR,107
1509022520400,Motion_2,True
1509022525477,Seat_7,True
1509022526638,Sound_R,61.00702505236913
1509022527403,Sound_C,57.64513402444934
1509022529327,Sound_P,54.210802194865956
1509022529329,PodiumIR,103
1509022535663,Motion_1,False
1509022535663,Motion_8,False
1509022535668,Seat_7,False
1509022535668,Motion_2,False
1509022536638,Sound_R,64.23469204831933
1509022537403,Sound_C,59.218997750347775
1509022539331,Sound_P,46.78757012382582
1509022539333,PodiumIR,79
1509022541696,Seat_7,False
1509022541701,Motion_2,True
1509022542907,Motion_8,True
1509022545843,Seat_7,True
1509022546638,Sound_R,66.95828498735382
1509022547403,Sound_C,59.56411014045589
1509022549335,Sound_P,48.55773214739296
1509022549337,PodiumIR,95
1509022556638,Sound_R,65.28668001976239
1509022557403,Sound_C,61.446873187984956
1509022557670,Seat_7,False
1509022557670,Motion_2,False
1509022557670,Motion_8,False
1509022559339,Sound_P,59.341519288975356
1509022559342,PodiumIR,130
1509022566638,Sound_R,64.94791890546543
1509022567403,Sound_C,62.096180506636365
1509022569343,Sound_P,60.20329792798059
1509022569345,PodiumIR,141
1509022576638,Sound_R,65.46158504598198
1509022577403,Sound_C,60.44874790078851
1509022579347,Sound_P,51.62091662308819
1509022579359,PodiumIR,110
1509022580277,Motion_2,False
1509022580277,Seat_7,True
1509022586638,Sound_R,64.40831336149506
1509022587403,Sound_C,58.17364004546442
1509022589361,Sound_P,58.433135904413454
1509022589363,PodiumIR,97
1509022596638,Sound_R,64.61301932878185
1509022597403,Sound_C,58.59946355056757
1509022599365,Sound_P,57.472817393488484
1509022599367,PodiumIR,102
1509022602809,Seat_7,False
1509022602809,Motion_2,False
1509022606638,Sound_R,62.874159714522364
1509022607403,Sound_C,62.32231113184006
1509022609369,Sound_P,48.55773214739296
1509022609372,PodiumIR,109
1509022615726,Motion_2,True
1509022616638,Sound_R,63.35254660167494
1509022617403,Sound_C,62.848837919156644
1509022619373,Sound_P,54.210802194865956
1509022619376,PodiumIR,112
1509022626638,Sound_R,67.31989670016787
1509022627403,Sound_C,63.102113799912814
1509022629377,Sound_P,44.808697341762915
1509022629380,PodiumIR,111
1509022636638,Sound_R,65.1386601865127
1509022637403,Sound_C,63.251857405955484
1509022639382,Sound_P,57.472817393488484
1509022639384,PodiumIR,107
1509022646638,Sound_R,65.52961991860774
1509022647403,Sound_C,62.17721614215986
1509022648393,Motion_2,False
1509022648393,Motion_1,True
1509022649386,Sound_P,50.159038478285424
1509022649388,PodiumIR,87
1509022656638,Sound_R,64.9462067110196
1509022657403,Sound_C,58.750693931851025
1509022659390,Sound_P,51.62091662308819
1509022659393,PodiumIR,136
1509022666638,Sound_R,62.74659496451005
1509022667403,Sound_C,60.30394113696332
1509022669394,Sound_P,48.55773214739296
1509022669396,PodiumIR,113
1509022676638,Sound_R,65.20614560525655
1509022677403,Sound_C,62.69257187117807
1509022679398,Sound_P,44.808697341762915
1509022679400,PodiumIR,110
1509022686638,Sound_R,65.01616035994788
1509022687403,Sound_C,61.01898963868964
1509022689402,Sound_P,59.341519288975356
1509022689405,PodiumIR,91
1509022694778,Motion_2,False
1509022694778,Motion_1,False
1509022696638,Sound_R,64.87325561481752
1509022697403,Sound_C,62.53514982889377
1509022699406,Sound_P,50.159038478285424
1509022699409,PodiumIR,118
1509022706638,Sound_R,64.23728553556724
1509022707403,Sound_C,61.2932559625404
1509022709410,Sound_P,59.341519288975356
1509022709412,PodiumIR,126
1509022714078,Motion_2,False
1509022716638,Sound_R,67.84277969102025
1509022717403,Sound_C,62.24160127654003
1509022719414,Sound_P,57.472817393488484
1509022719416,PodiumIR,105
1509022726638,Sound_R,70.74122683460304
1509022727403,Sound_C,64.42766285150921
1509022729418,Sound_P,44.808697341762915
1509022729420,PodiumIR,109
1509022736638,Sound_R,66.02485717683372
1509022737403,Sound_C,62.696825686272945
1509022739422,Sound_P,52.96571415471127
1509022739424,PodiumIR,75
1509022744879,Motion_2,False
1509022744879,Motion_1,True
1509022746638,Sound_R,63.03605319470797
1509022747403,Sound_C,60.59486174156988
1509022749426,Sound_P,65.24535518573873
1509022749429,PodiumIR,130
1509022756638,Sound_R,64.72459227347457
1509022757403,Sound_C,62.4894348986905
1509022759430,Sound_P,48.55773214739296
1509022759432,PodiumIR,112
1509022766638,Sound_R,65.98808402854668
1509022767403,Sound_C,63.208355553777636
1509022769434,Sound_P,39.975350842500546
1509022769436,PodiumIR,104
1509022775010,Motion_2,False
1509022775010,Motion_1,False
1509022775010,Seat_7,True
1509022776221,Motion_1,True
1509022776638,Sound_R,61.323387237197856
1509022777403,Sound_C,57.751490463255635
1509022777632,Motion_8,True
1509022779438,Sound_P,48.55773214739296
1509022779441,PodiumIR,109
1509022786638,Sound_R,59.71360376807505
1509022787403,Sound_C,58.353374379280716
1509022789450,Sound_P,52.96571415471127
1509022789452,PodiumIR,109
1509022796638,Sound_R,62.338947775266
1509022797403,Sound_C,61.16039422281435
1509022799454,Sound_P,50.159038478285424
1509022799456,PodiumIR,80
1509022802000,Seat_7,False
1509022802000,Motion_2,False
1509022802000,Motion_1,False
1509022802000,Motion_8,False
1509022806638,Sound_R,63.292621109977496
1509022807403,Sound_C,60.32324947492722
1509022809465,Sound_P,57.472817393488484
1509022809467,PodiumIR,79
1509022809814,Motion_1,True
1509022814902,Motion_2,True
1509022816638,Sound_R,64.90146679264313
1509022817403,Sound_C,59.89543151777835
1509022819469,Sound_P,46.78757012382582
1509022819472,PodiumIR,87
1509022820380,Motion_8,True
1509022822721,Motion_1,True
1509022826638,Sound_R,63.814177169216315
1509022827403,Sound_C,60.366825169033405
1509022829473,Sound_P,51.62091662308819
1509022829476,PodiumIR,93
1509022833937,Motion_2,False
1509022833942,Motion_8,False
1509022833942,Motion_2,True
1509022835648,Motion_1,True
1509022836640,Sound_R,61.135396044786056
1509022837403,Sound_C,58.964933741428005
1509022839485,Sound_P,64.61127993529891
1509022839487,PodiumIR,114
1509022846638,Sound_R,63.61797471516396
1509022847403,Sound_C,58.675572993310624
1509022848545,Motion_2,False
1509022848545,Motion_1,True
1509022849489,Sound_P,60.20329792798059
1509022849491,PodiumIR,84
1509022855558,Motion_2,True
1509022855558,Seat_7,True
1509022856638,Sound_R,68.45720077137477
1509022857403,Sound_C,63.17422748864583
1509022859493,Sound_P,44.808697341762915
1509022859501,PodiumIR,107
1509022866638,Sound_R,64.40169945563508
1509022867403,Sound_C,60.49638477618132
1509022869281,Seat_7,False
1509022869281,Motion_1,False
1509022869281,Motion_2,False
1509022869510,Sound_P,54.210802194865956
1509022869513,PodiumIR,111
1509022876638,Sound_R,57.57030650064752
1509022877403,Sound_C,55.77879904523189
1509022879515,Sound_P,48.55773214739296
1509022879525,PodiumIR,111
1509022880607,Motion_2,True
1509022882203,Motion_1,True
1509022886638,Sound_R,57.604874722214156
1509022887403,Sound_C,56.87710668040143
1509022889527,Sound_P,44.808697341762915
1509022889530,PodiumIR,108
1509022891007,Seat_7,True
1509022896638,Sound_R,59.786198430458676
1509022897403,Sound_C,57.74611099589176
1509022899532,Sound_P,42.56523641427832
1509022899536,PodiumIR,110
1509022903844,Motion_2,False
1509022903844,Motion_1,False
1509022904905,Motion_2,True
1509022906638,Sound_R,58.38038756968468
1509022907403,Sound_C,56.279646682535514
1509022909538,Sound_P,50.159038478285424
1509022909540,PodiumIR,107
1509022911188,Seat_7,False
1509022916638,Sound_R,55.30071642955165
1509022917403,Sound_C,54.19862597683308
1509022919541,Sound_P,51.62091662308819
1509022919544,PodiumIR,105
1509022926638,Sound_R,56.364118623010285
1509022927403,Sound_C,56.355152133529344
1509022929546,Sound_P,52.96571415471127
1509022929548,PodiumIR,96
1509022936638,Sound_R,56.384984228943814
1509022937403,Sound_C,56.4291864490611
1509022939038,Seat_7,False
1509022939038,Motion_1,False
1509022939038,Motion_2,False
1509022939550,Sound_P,46.78757012382582
1509022939552,PodiumIR,132
1509022946638,Sound_R,55.29630518451247
1509022947403,Sound_C,53.25842298272075
1509022949554,Sound_P,46.78757012382582
1509022949556,PodiumIR,77
1509022955011,Motion_2,False
1509022955011,Motion_1,False
1509022956307,Seat_7,True
1509022956638,Sound_R,60.14398994587315
1509022957403,Sound_C,57.38267578183231
1509022959194,Motion_8,True
1509022959194,Motion_1,True
1509022959558,Sound_P,60.20329792798059
1509022959561,PodiumIR,102
1509022966638,Sound_R,64.8929319837183
1509022967403,Sound_C,60.76773385139885
1509022969569,Sound_P,57.472817393488484
1509022969571,PodiumIR,121
1509022976458,Motion_2,False
1509022976458,Seat_7,False
1509022976458,Motion_8,False
1509022976458,Motion_1,False
1509022976638,Sound_R,67.045675144637
1509022977403,Sound_C,59.86505192233026
1509022979573,Sound_P,52.96571415471127
1509022979575,PodiumIR,109
1509022986638,Sound_R,68.64817423721554
1509022987403,Sound_C,59.42044081553081
1509022989577,Sound_P,44.808697341762915
1509022989580,PodiumIR,98
1509022996638,Sound_R,65.95219031025398
1509022997403,Sound_C,60.67779373833076
1509022999581,Sound_P,50.159038478285424
1509022999583,PodiumIR,128
1509023004263,Seat_7,False
1509023004263,Motion_1,True
1509023006638,Sound_R,62.1001610819395
1509023007403,Sound_C,60.34328821359659
1509023009585,Sound_P,50.159038478285424
1509023009587,PodiumIR,117
1509023016638,Sound_R,60.76356997589559
1509023017403,Sound_C,59.37435229290316
1509023019589,Sound_P,46.78757012382582
1509023019592,PodiumIR,109
1509023026638,Sound_R,61.18630158685085
1509023027403,Sound_C,59.99201236478164
1509023027850,Motion_1,False
1509023027850,Motion_2,True
1509023029593,Sound_P,61.023021476191225
1509023029595,PodiumIR,139
1509023036638,Sound_R,66.01312830984648
1509023037403,Sound_C,60.925544115250524
1509023039597,Sound_P,54.210802194865956
1509023039599,PodiumIR,73
1509023046638,Sound_R,63.76041681067292
1509023047403,Sound_C,59.73728160040724
1509023048461,Motion_2,False
1509023048461,Seat_7,False
1509023049601,Sound_P,52.96571415471127
1509023049603,PodiumIR,98
1509023056638,Sound_R,58.54577162407873
1509023057403,Sound_C,58.00038437505079
1509023059605,Sound_P,67.56641902255494
1509023059607,PodiumIR,110
1509023066638,Sound_R,60.60358180127812
1509023067403,Sound_C,57.24216997878213
1509023069609,Sound_P,52.96571415471127
1509023069612,PodiumIR,120
1509023076638,Sound_R,60.361894013137764
1509023077403,Sound_C,56.122956780441235
1509023079614,Sound_P,59.341519288975356
1509023079616,PodiumIR,110
1509023086638,Sound_R,59.962392136494515
1509023087403,Sound_C,57.05384685906633
1509023087822,Motion_2,False
1509023089618,Sound_P,44.808697341762915
1509023089621,PodiumIR,109
1509023096638,Sound_R,58.26012132049457
1509023097403,Sound_C,55.86250507765853
1509023099622,Sound_P,51.62091662308819
1509023099625,PodiumIR,105
1509023103786,Motion_2,False
1509023106638,Sound_R,56.021606108059636
1509023107403,Sound_C,54.16840382270368
1509023109626,Sound_P,48.55773214739296
1509023109629,PodiumIR,102
1509023116638,Sound_R,56.23469094135231
1509023117403,Sound_C,54.27680678257764
1509023119631,Sound_P,58.433135904413454
1509023119633,PodiumIR,137
1509023126638,Sound_R,59.07876337679061
1509023127403,Sound_C,58.83792770095861
1509023129635,Sound_P,46.78757012382582
1509023129637,PodiumIR,118
1509023136638,Sound_R,62.20446039346447
1509023137403,Sound_C,60.54874970078754
1509023139639,Sound_P,55.369951428718224
1509023139642,PodiumIR,114
1509023141026,Motion_2,False
1509023146638,Sound_R,62.984581482944044
1509023147403,Sound_C,58.197758296175635
1509023149643,Sound_P,51.62091662308819
1509023149646,PodiumIR,111
1509023149850,Seat_7,True
1509023156638,Sound_R,62.89987885223004
1509023157403,Sound_C,58.09796406810372
1509023159652,Sound_P,73.45017003946069
1509023159656,PodiumIR,101
1509023166638,Sound_R,64.11285360775895
1509023167403,Sound_C,60.54993587325941
1509023169663,Sound_P,42.56523641427832
1509023169666,PodiumIR,109
1509023170011,Motion_2,False
1509023170011,Seat_7,False
1509023173293,Motion_2,True
1509023176638,Sound_R,65.41928927344804
1509023177403,Sound_C,61.96096972863693
1509023179668,Sound_P,44.808697341762915
1509023179670,PodiumIR,83
1509023186215,Motion_2,True
1509023186638,Sound_R,64.50774168601738
1509023187403,Sound_C,61.712606970594784
1509023189672,Sound_P,54.210802194865956
1509023189674,PodiumIR,114
1509023196638,Sound_R,64.82403193217498
1509023197403,Sound_C,60.30234975158887
1509023199142,Seat_7,False
1509023199142,Motion_2,True
1509023199676,Sound_P,51.62091662308819
1509023199683,PodiumIR,139
1509023206638,Sound_R,63.11471245054313
1509023207403,Sound_C,57.598615322483454
1509023209685,Sound_P,48.55773214739296
1509023209687,PodiumIR,107
1509023210122,Seat_7,True
1509023216638,Sound_R,62.569580685620686
1509023217403,Sound_C,59.045333512127776
1509023219690,Sound_P,51.62091662308819
1509023219699,PodiumIR,107
1509023224395,Motion_2,False
1509023224395,Seat_7,False
1509023226638,Sound_R,64.63087838897611
1509023226656,Motion_8,True
1509023227403,Sound_C,61.91497580454948
1509023229703,Sound_P,48.55773214739296
1509023229705,PodiumIR,103
1509023236638,Sound_R,62.28125904512226
1509023237403,Sound_C,59.562075570622795
1509023239708,Sound_P,56.45426312235056
1509023239710,PodiumIR,97
1509023246638,Sound_R,60.31146854730465
1509023247403,Sound_C,58.31912109283129
1509023249717,Sound_P,46.78757012382582
1509023249720,PodiumIR,103
1509023256638,Sound_R,60.39245296340271
1509023257403,Sound_C,60.11567087424709
1509023259721,Sound_P,44.808697341762915
1509023259728,PodiumIR,116
1509023266638,Sound_R,60.567011657715845
1509023267403,Sound_C,57.601954808770095
1509023268128,Motion_2,False
1509023268128,Motion_8,False
1509023268128,Motion_1,True
1509023269730,Sound_P,50.159038478285424
1509023269732,PodiumIR,99
1509023276638,Sound_R,59.506091249989765
1509023277403,Sound_C,56.87801600631578
1509023279734,Sound_P,48.55773214739296
1509023279745,PodiumIR,101
1509023286243,Motion_2,False
1509023286243,Motion_1,False
1509023286243,Motion_8,True
1509023286638,Sound_R,60.857288560081635
1509023287403,Sound_C,59.01254508775197
1509023289750,Sound_P,51.62091662308819
1509023289753,PodiumIR,122
1509023296638,Sound_R,65.15977434860928
1509023297403,Sound_C,62.14570928415978
1509023299757,Sound_P,51.62091662308819
1509023299768,PodiumIR,102
1509023306638,Sound_R,65.43959328817044
1509023307403,Sound_C,63.345785480181554
1509023309772,Sound_P,57.472817393488484
1509023309775,PodiumIR,107
1509023312892,Motion_8,False
1509023312892,Motion_1,True
1509023316638,Sound_R,67.3439352073651
1509023317403,Sound_C,64.38504707114541
1509023319778,Sound_P,58.433135904413454
1509023319790,PodiumIR,107
1509023325099,Seat_7,True
1509023325104,Motion_2,True
1509023325104,Motion_1,False
1509023326638,Sound_R,69.70659548361489
1509023327403,Sound_C,65.9522420069455
1509023329793,Sound_P,48.55773214739296
1509023329795,PodiumIR,92
1509023336638,Sound_R,69.43462579527598
1509023337403,Sound_C,65.11198517407301
1509023339799,Sound_P,56.45426312235056
1509023339809,PodiumIR,100
1509023344579,Seat_7,False
1509023344579,Motion_2,False
1509023344579,Motion_1,True
1509023346638,Sound_R,69.72924527216377
1509023347403,Sound_C,64.43441157690926
1509023349812,Sound_P,56.45426312235056
1509023349815,PodiumIR,103
1509023356638,Sound_R,70.65549838425191
1509023357403,Sound_C,63.70037740750123
1509023359819,Sound_P,52.96571415471127
1509023359821,PodiumIR,101
1509023364405,Motion_2,False
1509023364405,Motion_1,False
1509023364405,Seat_7,True
1509023366638,Sound_R,68.59936301018861
1509023367403,Sound_C,61.883270049252225
1509023369822,Sound_P,56.45426312235056
1509023369824,PodiumIR,115
1509023376638,Sound_R,68.39903293652266
1509023377403,Sound_C,61.84121803878934
1509023379826,Sound_P,48.55773214739296
1509023379831,PodiumIR,125
1509023386638,Sound_R,67.77735353705818
1509023387403,Sound_C,61.596200788045536
1509023389835,Sound_P,46.78757012382582
1509023389837,PodiumIR,132
1509023396638,Sound_R,63.218592018143546
1509023397332,Motion_1,False
1509023397332,Motion_2,False
1509023397403,Sound_C,59.48144856948573
1509023399839,Sound_P,42.56523641427832
1509023399842,PodiumIR,130
1509023406638,Sound_R,61.992057826632085
1509023407403,Sound_C,59.72930293539767
1509023409846,Sound_P,52.96571415471127
1509023409849,PodiumIR,138
1509023416638,Sound_R,61.423270635881046
1509023417403,Sound_C,58.86064687682012
1509023419852,Sound_P,46.78757012382582
1509023419856,PodiumIR,136
1509023420359,Seat_7,False
1509023420359,Motion_2,False
1509023424477,Motion_1,True
1509023424477,Motion_8,True
1509023426638,Sound_R,62.41154239545893
1509023427403,Sound_C,59.33088206934651
1509023429858,Sound_P,48.55773214739296
1509023429862,PodiumIR,111
1509023433491,Motion_2,True
1509023436638,Sound_R,63.728507171490755
1509023437403,Sound_C,62.55753088577817
1509023439865,Sound_P,51.62091662308819
1509023439869,PodiumIR,112
1509023446638,Sound_R,63.724147326524324
1509023447403,Sound_C,60.7335197636912
1509023449470,Motion_1,False
1509023449470,Motion_8,False
1509023449470,Seat_7,False
1509023449470,Motion_2,False
1509023449872,Sound_P,51.62091662308819
1509023449875,PodiumIR,107
1509023450516,Seat_7,True
1509023456638,Sound_R,62.62412671893775
1509023457403,Sound_C,61.12621711484464
1509023459880,Sound_P,56.45426312235056
1509023459883,PodiumIR,114
1509023466638,Sound_R,66.46395216124817
1509023467403,Sound_C,65.2771583373645
1509023469885,Sound_P,54.210802194865956
1509023469887,PodiumIR,108
1509023475669,Seat_7,False
1509023475669,Motion_2,False
1509023476638,Sound_R,71.40278971647643
1509023477403,Sound_C,65.02194038251088
1509023479889,Sound_P,61.80460425887306
1509023479891,PodiumIR,108
1509023486638,Sound_R,69.88124289802816
1509023487403,Sound_C,62.44837042003235
1509023489256,Motion_2,True
1509023489893,Sound_P,58.433135904413454
1509023489895,PodiumIR,130
1509023496638,Sound_R,67.72784968433318
1509023497403,Sound_C,62.27163991152128
1509023499897,Sound_P,51.62091662308819
1509023499900,PodiumIR,109
1509023506638,Sound_R,67.67730489185827
1509023507403,Sound_C,64.01521469154422
1509023509901,Sound_P,70.5390318503356
1509023509904,PodiumIR,107
1509023510527,Motion_2,False
1509023510548,Motion_2,True
1509023516638,Sound_R,67.87549322746392
1509023517403,Sound_C,64.86622328310621
1509023519905,Sound_P,67.01551720930587
1509023519907,PodiumIR,77
1509023526638,Sound_R,67.0664147463608
1509023527403,Sound_C,64.89764426964514
1509023529909,Sound_P,44.808697341762915
1509023529912,PodiumIR,131
1509023536638,Sound_R,68.53880719126737
1509023537403,Sound_C,65.25517749696843
1509023539913,Sound_P,62.551438321825636
1509023539916,PodiumIR,101
1509023546592,Motion_2,False
1509023546638,Sound_R,70.1331373529135
1509023547403,Sound_C,65.41219565095236
1509023548513,Motion_1,True
1509023549917,Sound_P,59.341519288975356
1509023549920,PodiumIR,107
1509023556638,Sound_R,69.94493665091636
1509023557403,Sound_C,66.17494817554972
1509023559921,Sound_P,57.472817393488484
1509023559924,PodiumIR,97
1509023564461,Motion_2,False
1509023564461,Motion_1,False
1509023566638,Sound_R,70.09899575271167
1509023567403,Sound_C,66.97571513676623
1509023569925,Sound_P,61.023021476191225
1509023569928,PodiumIR,125
1509023576638,Sound_R,72.57387496090104
1509023577403,Sound_C,66.96445753314013
1509023579930,Sound_P,67.01551720930587
1509023579932,PodiumIR,126
1509023583371,Motion_1,False
1509023583371,Motion_2,True
1509023586638,Sound_R,69.2713545331734
1509023587403,Sound_C,65.95777896564466
1509023589934,Sound_P,50.159038478285424
1509023589936,PodiumIR,107
1509023591000,Motion_8,True
1509023596638,Sound_R,65.78543578939586
1509023597403,Sound_C,67.665992463605
1509023599938,Sound_P,62.551438321825636
1509023599940,PodiumIR,116
1509023606638,Sound_R,68.08340607284052
1509023607403,Sound_C,68.74518751289025
1509023609942,Sound_P,52.96571415471127
1509023609944,PodiumIR,98
1509023616638,Sound_R,65.60343101694644
1509023617403,Sound_C,62.17586005565329
1509023619946,Sound_P,63.26648240367583
1509023619948,PodiumIR,105
1509023626638,Sound_R,64.1634811039276
1509023627403,Sound_C,59.76396609925603
1509023629950,Sound_P,52.96571415471127
1509023629952,PodiumIR,107
1509023636638,Sound_R,64.52031330820061
1509023637403,Sound_C,61.09791342133133
1509023638801,Seat_8,False
1509023638801,Motion_2,False
1509023638801,Motion_8,False
1509023638801,Motion_1,True
1509023639954,Sound_P,50.159038478285424
1509023639956,PodiumIR,112
1509023646638,Sound_R,65.5736663669077
1509023647403,Sound_C,62.83352801505273
1509023649963,Sound_P,57.472817393488484
1509023649965,PodiumIR,85
1509023656638,Sound_R,69.24981713231683
1509023657403,Sound_C,65.63907922199776
1509023659967,Sound_P,50.159038478285424
1509023659970,PodiumIR,118
1509023666638,Sound_R,66.52599961560975
1509023667403,Sound_C,61.99201751522643
1509023669971,Sound_P,42.56523641427832
1509023669980,PodiumIR,119
1509023676638,Sound_R,63.57793683904669
1509023677403,Sound_C,58.59347701516393
1509023678952,Motion_2,False
1509023678952,Motion_1,False
1509023678952,Seat_7,False
1509023679981,Sound_P,56.45426312235056
1509023679983,PodiumIR,106
1509023680087,Motion_1,True
1509023680087,Seat_7,True
1509023686638,Sound_R,63.80747591217363
1509023687403,Sound_C,57.04298514659504
1509023689985,Sound_P,59.341519288975356
1509023689995,PodiumIR,109
1509023696638,Sound_R,64.36375406850675
1509023697403,Sound_C,58.799346053304326
1509023699768,Seat_7,False
1509023699768,Motion_2,False
1509023699768,Motion_1,False
1509023699997,Sound_P,59.341519288975356
1509023699999,PodiumIR,117
1509023706341,Motion_1,True
1509023706638,Sound_R,69.67061310373339
1509023707403,Sound_C,64.52199037690913
1509023710001,Sound_P,54.210802194865956
1509023710003,PodiumIR,117
1509023716638,Sound_R,71.39051899642173
1509023717403,Sound_C,64.02565774508534
1509023720005,Sound_P,51.62091662308819
1509023720007,PodiumIR,109
1509023724856,Motion_2,False
1509023724856,Motion_1,False
1509023726638,Sound_R,71.54124870065743
1509023727403,Sound_C,63.440469998564744
1509023730009,Sound_P,60.20329792798059
1509023730019,PodiumIR,108
1509023730499,Seat_7,True
1509023736638,Sound_R,68.998416620182
1509023737403,Sound_C,63.18119731002929
1509023740027,Sound_P,61.023021476191225
1509023740029,PodiumIR,114
1509023746638,Sound_R,65.00364556495953
1509023747403,Sound_C,64.13983401874822
1509023750031,Sound_P,56.45426312235056
1509023750033,PodiumIR,109
1509023752661,Motion_2,False
1509023753842,Motion_1,True
1509023756638,Sound_R,66.60172013728523
1509023757403,Sound_C,65.81966202271623
1509023760035,Sound_P,64.61127993529891
1509023760037,PodiumIR,100
1509023766638,Sound_R,64.23716589797637
1509023767403,Sound_C,61.87163416155113
1509023770039,Sound_P,48.55773214739296
1509023770042,PodiumIR,109
1509023774593,Motion_2,False
1509023774593,Motion_1,False
1509023776638,Sound_R,58.750649266361286
1509023777403,Sound_C,56.619616554194245
1509023780044,Sound_P,57.472817393488484
1509023780046,PodiumIR,82
1509023786399,Motion_1,True
1509023786638,Sound_R,60.63358622218348
1509023787403,Sound_C,59.388524600306035
1509023790047,Sound_P,55.369951428718224
1509023790050,PodiumIR,75
1509023796638,Sound_R,62.62921040316038
1509023797403,Sound_C,62.066193599245594
1509023800051,Sound_P,52.96571415471127
1509023800054,PodiumIR,91
1509023804223,Motion_2,False
1509023804223,Motion_1,False
1509023806638,Sound_R,62.189754965553334
1509023807403,Sound_C,58.81123504504698
1509023810055,Sound_P,55.369951428718224
1509023810064,PodiumIR,137
1509023816638,Sound_R,64.63815846714645
1509023816695,Seat_8,True
1509023816695,Motion_2,True
1509023817403,Sound_C,60.5552032878982
1509023819802,Motion_1,True
1509023820068,Sound_P,54.210802194865956
1509023820071,PodiumIR,143
1509023826638,Sound_R,66.01897785599066
1509023827403,Sound_C,62.26209004119831
1509023830062,Seat_8,False
1509023830062,Motion_2,True
1509023830073,Sound_P,64.61127993529891
1509023830075,PodiumIR,137
1509023832719,Motion_1,True
1509023836638,Sound_R,66.83568339564992
1509023837403,Sound_C,61.744998951143224
1509023840078,Sound_P,50.159038478285424
1509023840081,PodiumIR,110
1509023846638,Sound_R,67.62630379470495
1509023847403,Sound_C,63.589203061652995
1509023850084,Sound_P,55.369951428718224
1509023850086,PodiumIR,110
1509023856638,Sound_R,64.17542890299326
1509023857403,Sound_C,62.11891452372225
1509023857542,Motion_2,False
1509023857542,Motion_1,False
1509023857542,Seat_8,True
1509023859698,Motion_2,True
1509023859698,Motion_1,True
1509023860090,Sound_P,48.55773214739296
1509023860092,PodiumIR,103
1509023866638,Sound_R,60.23836325636023
1509023867403,Sound_C,57.76108604646755
1509023870097,Sound_P,52.96571415471127
1509023870100,PodiumIR,105
1509023876638,Sound_R,61.30039541449705
1509023877403,Sound_C,57.91765950600624
1509023877683,Seat_8,False
1509023877683,Motion_2,False
1509023877683,Motion_1,False
1509023880102,Sound_P,48.55773214739296
1509023880104,PodiumIR,110
1509023886638,Sound_R,61.186770554173705
1509023887403,Sound_C,57.331300576561254
1509023890108,Sound_P,59.341519288975356
1509023890110,PodiumIR,110
1509023896638,Sound_R,61.65671486652693
1509023896733,Motion_1,True
1509023897403,Sound_C,57.21079861005391
1509023899649,Motion_2,True
1509023899649,Motion_8,True
1509023900112,Sound_P,68.0998289029382
1509023900115,PodiumIR,107
1509023906638,Sound_R,65.95218780566573
1509023907403,Sound_C,64.41817020953361
1509023907819,Seat_8,False
1509023910116,Sound_P,51.62091662308819
1509023910119,PodiumIR,83
1509023916638,Sound_R,65.68704991239484
1509023917403,Sound_C,64.66023473719189
1509023920121,Sound_P,48.55773214739296
1509023920123,PodiumIR,78
1509023922992,Motion_1,False
1509023922992,Motion_2,False
1509023922992,Motion_8,False
1509023922992,Seat_8,False
1509023926638,Sound_R,63.936849263010174
1509023927403,Sound_C,59.933998623753475
1509023930124,Sound_P,52.96571415471127
1509023930127,PodiumIR,92
1509023934433,Motion_2,True
1509023936638,Sound_R,65.72284344933156
1509023937403,Sound_C,59.811070539753125
1509023940131,Sound_P,55.369951428718224
1509023940133,PodiumIR,137
1509023946638,Sound_R,66.48155625372216
1509023947403,Sound_C,61.75836887642626
1509023950135,Sound_P,51.62091662308819
1509023950138,PodiumIR,118
1509023953673,Seat_8,False
1509023953678,Motion_2,False
1509023956638,Sound_R,60.98182428014405
1509023957403,Sound_C,60.278945700279365
1509023960140,Sound_P,54.210802194865956
1509023960142,PodiumIR,105
1509023963103,Seat_8,True
1509023966638,Sound_R,63.66115615009761
1509023967403,Sound_C,59.563752633375636
1509023970144,Sound_P,55.369951428718224
1509023970146,PodiumIR,112
1509023976638,Sound_R,66.25633722529305
1509023977403,Sound_C,61.713622711368835
1509023978206,Motion_2,False
1509023980148,Sound_P,58.433135904413454
1509023980150,PodiumIR,105
1509023986638,Sound_R,62.3252354507369
1509023987403,Sound_C,61.86331305423181
1509023990152,Sound_P,50.159038478285424
1509023990154,PodiumIR,132
1509023994165,Motion_2,False
1509023996638,Sound_R,65.55442892913665
1509023997403,Sound_C,63.56616093894167
1509023998802,Motion_1,True
1509024000156,Sound_P,48.55773214739296
1509024000160,PodiumIR,103
1509024006638,Sound_R,63.28866988493352
1509024007403,Sound_C,61.89519134468477
1509024010162,Sound_P,50.159038478285424
1509024010164,PodiumIR,109
1509024011639,Motion_2,False
1509024011639,Motion_1,False
1509024014771,Motion_1,True
1509024016638,Sound_R,60.149784966216124
1509024017403,Sound_C,60.24438643716807
1509024020166,Sound_P,55.369951428718224
1509024020169,PodiumIR,106
1509024026638,Sound_R,64.37588913303614
1509024027403,Sound_C,64.22877673596851
1509024030171,Sound_P,57.472817393488484
1509024030174,PodiumIR,100
1509024034561,Motion_2,False
1509024034561,Motion_1,False
1509024036638,Sound_R,68.54918615329888
1509024037403,Sound_C,67.12476640241384
1509024040176,Sound_P,52.96571415471127
1509024040178,PodiumIR,127
1509024046638,Sound_R,70.45721671266615
1509024047403,Sound_C,65.34754534145195
1509024050180,Sound_P,52.96571415471127
1509024050183,PodiumIR,119
1509024056638,Sound_R,71.56519965661302
1509024057403,Sound_C,65.28158069346678
1509024060184,Sound_P,64.61127993529891
1509024060186,PodiumIR,102
1509024066638,Sound_R,70.94116613042895
1509024067403,Sound_C,64.98733827099191
1509024068734,Motion_2,False
1509024068734,Motion_1,False
1509024070188,Sound_P,57.472817393488484
1509024070191,PodiumIR,115
1509024076638,Sound_R,71.24745208657667
1509024077403,Sound_C,65.42613015117699
1509024080193,Sound_P,57.472817393488484
1509024080195,PodiumIR,110
1509024086638,Sound_R,69.55554907400717
1509024087403,Sound_C,66.07191433185564
1509024090197,Sound_P,55.369951428718224
1509024090199,PodiumIR,113
1509024096638,Sound_R,68.16863815255915
1509024097403,Sound_C,65.852925314405
1509024100201,Sound_P,64.61127993529891
1509024100204,PodiumIR,80
1509024106638,Sound_R,70.94828344381699
1509024107403,Sound_C,68.06001056117066
1509024107595,Motion_2,False
1509024110205,Sound_P,54.210802194865956
1509024110208,PodiumIR,85
1509024114914,Motion_1,True
1509024116638,Sound_R,71.02246470902459
1509024117403,Sound_C,67.20184048350897
1509024120209,Sound_P,60.20329792798059
1509024120212,PodiumIR,79
1509024123554,Seat_8,False
1509024123554,Motion_2,False
1509024126638,Sound_R,69.49830766265298
1509024127403,Sound_C,66.4551708968991
1509024130217,Sound_P,46.78757012382582
1509024130219,PodiumIR,95
1509024136485,Motion_1,False
1509024136485,Motion_2,True
1509024136638,Sound_R,70.14612910154482
1509024137403,Sound_C,68.51395945741926
1509024140221,Sound_P,67.01551720930587
1509024140223,PodiumIR,94
1509024146638,Sound_R,73.54411037374285
1509024147403,Sound_C,69.61038040298898
1509024150225,Sound_P,61.023021476191225
1509024150228,PodiumIR,130
1509024156638,Sound_R,74.85619273316307
1509024157403,Sound_C,66.56821518421025
1509024160230,Sound_P,58.433135904413454
1509024160232,PodiumIR,143
1509024161789,Motion_2,False
1509024166638,Sound_R,68.19181346045751
1509024167403,Sound_C,60.405064326999955
1509024170234,Sound_P,55.369951428718224
1509024170236,PodiumIR,138
1509024176638,Sound_R,67.45983485762738
1509024177403,Sound_C,61.08658609123615
1509024177757,Motion_2,False
1509024179208,Seat_8,True
1509024180238,Sound_P,57.472817393488484
1509024180240,PodiumIR,129
1509024186638,Sound_R,70.46045097163699
1509024187403,Sound_C,64.39052384627651
1509024190242,Sound_P,46.78757012382582
1509024190244,PodiumIR,115
1509024193721,Seat_8,False
1509024193721,Motion_2,False
1509024196638,Sound_R,64.33356229561362
1509024197403,Sound_C,60.31257815922197
1509024198053,Motion_8,True
1509024200014,Motion_1,True
1509024200246,Sound_P,55.369951428718224
1509024200249,PodiumIR,105
1509024206638,Sound_R,61.221796212939104
1509024207403,Sound_C,56.58774965229518
1509024209689,Seat_8,False
1509024209689,Motion_2,False
1509024210251,Sound_P,44.808697341762915
1509024210253,PodiumIR,109
1509024215963,Motion_8,False
1509024215963,Motion_1,False
1509024216638,Sound_R,62.43878849620273
1509024217403,Sound_C,56.659116509990774
1509024219520,Seat_8,True
1509024220255,Sound_P,54.210802194865956
1509024220257,PodiumIR,119
1509024222611,Motion_2,True
1509024222611,Motion_8,True
1509024226638,Sound_R,62.34640756654617
1509024227403,Sound_C,57.925513064950934
1509024230261,Sound_P,56.45426312235056
1509024230263,PodiumIR,137
1509024236638,Sound_R,65.26489338298803
1509024237403,Sound_C,59.40993862160698
1509024239290,Motion_1,False
1509024239290,Motion_2,False
1509024239290,Motion_8,False
1509024240265,Sound_P,62.551438321825636
1509024240268,PodiumIR,128
1509024244043,Motion_2,True
1509024246638,Sound_R,67.29971817143877
1509024247403,Sound_C,60.971427660489724
1509024250270,Sound_P,50.159038478285424
1509024250272,PodiumIR,138
1509024256638,Sound_R,65.5250508261722
1509024256955,Motion_8,False
1509024256955,Motion_2,True
1509024257403,Sound_C,62.18012189877149
1509024260274,Sound_P,64.61127993529891
1509024260276,PodiumIR,134
1509024266638,Sound_R,66.72239070918452
1509024267403,Sound_C,63.418227406779465
1509024270278,Sound_P,68.61682354019833
1509024270280,PodiumIR,105
1509024276638,Sound_R,70.92615648016688
1509024277403,Sound_C,67.58616328663446
1509024278496,Motion_2,False
1509024278496,Motion_1,True
1509024280282,Sound_P,62.551438321825636
1509024280285,PodiumIR,123
1509024285360,Motion_2,True
1509024286638,Sound_R,72.71577734055988
1509024287403,Sound_C,68.98463197846638
1509024290286,Sound_P,54.210802194865956
1509024290289,PodiumIR,116
1509024291408,Motion_1,True
1509024296638,Sound_R,73.82452393092501
1509024297403,Sound_C,67.9438227240468
1509024298277,Motion_2,True
1509024300290,Sound_P,51.62091662308819
1509024300293,PodiumIR,88
1509024304475,Seat_8,False
1509024304475,Motion_1,False
1509024306638,Sound_R,71.70532611330127
1509024307403,Sound_C,64.27527965794737
1509024310295,Sound_P,55.369951428718224
1509024310297,PodiumIR,106
1509024316638,Sound_R,67.24038032020526
1509024317403,Sound_C,60.606019578809686
1509024317677,Motion_2,False
1509024317677,Motion_1,True
1509024320299,Sound_P,50.159038478285424
1509024320302,PodiumIR,105
1509024322560,Motion_2,True
1509024323665,Motion_8,True
1509024326638,Sound_R,63.50997407921968
1509024327403,Sound_C,60.039196447517064
1509024330303,Sound_P,63.26648240367583
1509024330306,PodiumIR,107
1509024335655,Door,activate
1509024336572,Motion_1,False
1509024336572,Motion_2,False
1509024336572,Motion_8,True
1509024336638,Sound_R,62.38061356154486
1509024337403,Sound_C,59.48400213851454
1509024338425,Door,activate
1509024340307,Sound_P,54.210802194865956
1509024340310,PodiumIR,94
1509024341025,Door,activate
1509024343166,Motion_2,True
1509024346638,Sound_R,63.949764737519644
1509024347403,Sound_C,61.79737426754985
1509024349474,Motion_8,True
1509024350311,Sound_P,44.808697341762915
1509024350314,PodiumIR,110
1509024351540,Motion_1,True
1509024351540,Motion_7,True
1509024356088,Seat_8,False
1509024356088,Motion_2,True
1509024356638,Sound_R,62.0717787190832
1509024357403,Sound_C,61.154824580155406
1509024360315,Sound_P,50.159038478285424
1509024360318,PodiumIR,104
1509024362396,Motion_8,True
1509024364542,Motion_1,True
1509024364542,Motion_7,False
1509024366638,Sound_R,62.34643660366931
1509024367403,Sound_C,61.80366691533036
1509024368989,Motion_2,True
1509024370320,Sound_P,60.20329792798059
1509024370322,PodiumIR,88
1509024371621,Seat_5,True
1509024374517,Seat_8,True
1509024374517,Motion_8,False
1509024376638,Sound_R,65.53936749047152
1509024377403,Sound_C,65.59570519506195
1509024380324,Sound_P,50.159038478285424
1509024380326,PodiumIR,82
1509024384683,Motion_1,False
1509024384683,Motion_2,False
1509024384683,Motion_8,True
1509024384683,Motion_7,True
1509024386564,Motion_1,True
1509024386564,Seat_5,False
1509024386638,Sound_R,64.57411055407465
1509024387403,Sound_C,62.048446152177824
1509024390328,Sound_P,51.62091662308819
1509024390331,PodiumIR,142
1509024396638,Sound_R,60.66053554078101
1509024397403,Sound_C,56.18661817555759
1509024400333,Sound_P,50.159038478285424
1509024400335,PodiumIR,108
1509024401367,Motion_8,False
1509024401367,Motion_7,False
1509024401367,Motion_2,False
1509024401367,Motion_1,False
1509024401372,Motion_2,True
1509024406638,Sound_R,60.696102321966386
1509024407403,Sound_C,58.15248307183905
1509024410337,Sound_P,67.01551720930587
1509024410339,PodiumIR,112
1509024414289,Seat_8,False
1509024414289,Motion_2,True
1509024416638,Sound_R,61.82991926949351
1509024417403,Sound_C,60.02498246717882
1509024420341,Sound_P,51.62091662308819
1509024420344,PodiumIR,101
1509024425580,Motion_8,True
1509024425580,Motion_1,True
1509024426638,Sound_R,64.81781280462526
1509024426900,Motion_7,True
1509024426900,Motion_2,True
1509024427403,Sound_C,61.613171773674544
1509024430346,Sound_P,56.45426312235056
1509024430349,PodiumIR,106
1509024436638,Sound_R,70.51596120287435
1509024437403,Sound_C,67.04564747551787
1509024438486,Motion_8,True
1509024438486,Motion_1,True
1509024440122,Motion_7,False
1509024440122,Motion_2,True
1509024440359,Sound_P,48.55773214739296
1509024440361,PodiumIR,88
1509024441718,Seat_5,True
1509024446638,Sound_R,73.09861331688298
1509024447403,Sound_C,69.24464156980024
1509024450363,Sound_P,51.62091662308819
1509024450365,PodiumIR,118
1509024453039,Motion_8,False
1509024453039,Motion_1,False
1509024453039,Motion_2,True
1509024456638,Sound_R,72.38991495192987
1509024457403,Sound_C,66.21091990795946
1509024460367,Sound_P,50.159038478285424
1509024460370,PodiumIR,119
1509024460598,Motion_1,True
1509024466638,Sound_R,65.68778289070168
1509024467403,Sound_C,59.29271653193171
1509024470371,Sound_P,56.45426312235056
1509024470374,PodiumIR,117
1509024472269,Motion_2,False
1509024476638,Sound_R,59.52315142391336
1509024477403,Sound_C,58.486968056188324
1509024480375,Sound_P,58.433135904413454
1509024480377,PodiumIR,129
1509024481124,Motion_1,False
1509024485186,Motion_2,True
1509024486638,Sound_R,62.56841290604541
1509024487403,Sound_C,61.84636772450542
1509024490379,Sound_P,44.808697341762915
1509024490381,PodiumIR,82
1509024496638,Sound_R,67.15596766814882
1509024497403,Sound_C,63.272069859917075
1509024500383,Sound_P,55.369951428718224
1509024500385,PodiumIR,107
1509024500428,Door,activate
1509024506638,Sound_R,63.53934462559287
1509024506723,Motion_1,False
1509024506723,Motion_2,False
1509024507403,Sound_C,63.25445978160561
1509024507989,Motion_8,True
1509024510387,Sound_P,51.62091662308819
1509024510389,PodiumIR,103
1509024516638,Sound_R,64.2553851688525
1509024517403,Sound_C,62.92373539082438
1509024520391,Sound_P,51.62091662308819
1509024520393,PodiumIR,113
1509024526638,Sound_R,66.62581720706896
1509024527403,Sound_C,62.040031766443015
1509024530395,Sound_P,48.55773214739296
1509024530397,PodiumIR,126
1509024531520,Door,activate
1509024535193,Seat_8,False
1509024535193,Motion_1,False
1509024535193,Motion_8,False
1509024535193,Motion_2,True
1509024536638,Sound_R,65.56429621350082
1509024537403,Sound_C,61.04647877550039
1509024540399,Sound_P,50.159038478285424
1509024540402,PodiumIR,75
1509024541902,Seat_8,True
1509024546638,Sound_R,65.56159953077253
1509024547403,Sound_C,62.782028294929944
1509024550403,Sound_P,70.987085069563
1509024550406,PodiumIR,105
1509024556638,Sound_R,71.08473936836448
1509024557403,Sound_C,68.2038223266341
1509024560407,Sound_P,60.20329792798059
1509024560410,PodiumIR,110
1509024562928,Motion_2,False
1509024562928,Seat_8,False
1509024566638,Sound_R,73.16272568467268
1509024567403,Sound_C,68.56763718211221
1509024569661,Door,activate
1509024570411,Sound_P,67.56641902255494
1509024570413,PodiumIR,113
1509024572053,Seat_8,True
1509024576638,Sound_R,70.44740311354161
1509024577403,Sound_C,68.78993974285379
1509024578166,Motion_2,False
1509024578166,Seat_8,False
1509024578166,Motion_1,True
1509024580415,Sound_P,67.56641902255494
1509024580417,PodiumIR,75
1509024586638,Sound_R,70.30498860324717
1509024587211,Seat_8,True
1509024587403,Sound_C,66.67152923590469
1509024589452,Motion_2,True
1509024590419,Sound_P,51.62091662308819
1509024590421,PodiumIR,117
1509024596638,Sound_R,67.21876910188743
1509024597403,Sound_C,58.16595970330936
1509024600423,Sound_P,51.62091662308819
1509024600425,PodiumIR,147
1509024606638,Sound_R,67.18784444143716
1509024607403,Sound_C,59.329449221904554
1509024610427,Sound_P,50.159038478285424
1509024610429,PodiumIR,116
1509024616638,Sound_R,67.74691046167025
1509024617403,Sound_C,64.922004061588
1509024620431,Sound_P,57.472817393488484
1509024620434,PodiumIR,111
1509024626638,Sound_R,70.55356792468038
1509024627403,Sound_C,65.33555345340137
1509024630435,Sound_P,51.62091662308819
1509024630437,PodiumIR,102
1509024636638,Sound_R,68.35074432428867
1509024637403,Sound_C,60.644841144848016
1509024640439,Sound_P,46.78757012382582
1509024640442,PodiumIR,105
1509024646637,Motion_1,False
1509024646637,Motion_2,False
1509024646638,Sound_R,65.15589783930885
1509024647403,Sound_C,57.52016606819166
1509024650443,Sound_P,58.433135904413454
1509024650446,PodiumIR,100
1509024652806,Seat_8,False
1509024652806,Motion_8,True
1509024656638,Sound_R,67.77019132558563
1509024657403,Sound_C,60.864517273344774
1509024660448,Sound_P,48.55773214739296
1509024660450,PodiumIR,109
1509024662276,Motion_2,False
1509024662276,Seat_8,True
1509024666638,Sound_R,66.70973817800989
1509024667403,Sound_C,63.612340202177215
1509024670452,Sound_P,62.551438321825636
1509024670454,PodiumIR,106
1509024676638,Sound_R,67.42568868242441
1509024677403,Sound_C,62.86606659140441
1509024680456,Sound_P,50.159038478285424
1509024680459,PodiumIR,87
1509024686638,Sound_R,66.80945710832925
1509024687403,Sound_C,63.9351628859451
1509024690465,Sound_P,59.341519288975356
1509024690467,PodiumIR,114
1509024696638,Sound_R,66.22330153826037
1509024697403,Sound_C,64.17167028376447
1509024697404,Motion_8,False
1509024697404,Motion_2,False
1509024697404,Seat_8,False
1509024699946,Seat_8,True
1509024700469,Sound_P,70.0787016850011
1509024700472,PodiumIR,144
1509024706638,Sound_R,66.87361111218057
1509024707403,Sound_C,64.08079808259585
1509024710473,Sound_P,64.61127993529891
1509024710475,PodiumIR,112
1509024716638,Sound_R,69.04938880526325
1509024717403,Sound_C,64.73055201295428
1509024720477,Sound_P,51.62091662308819
1509024720479,PodiumIR,106
1509024724479,Motion_2,False
1509024726638,Sound_R,73.60448956011818
1509024727403,Sound_C,63.526923897460144
1509024730481,Sound_P,54.210802194865956
1509024730484,PodiumIR,93
1509024736638,Sound_R,70.08601369378484
1509024737403,Sound_C,58.883425649522195
1509024740485,Sound_P,67.01551720930587
1509024740488,PodiumIR,105
1509024746638,Sound_R,62.12951488481905
1509024747403,Sound_C,56.66388645297002
1509024750489,Sound_P,54.210802194865956
1509024750492,PodiumIR,109
1509024756638,Sound_R,60.47220012643154
1509024757403,Sound_C,59.24760244218942
1509024760493,Sound_P,54.210802194865956
1509024760495,PodiumIR,111
1509024766638,Sound_R,63.81770990681124
1509024767403,Sound_C,60.115553862158784
1509024770497,Sound_P,48.55773214739296
1509024770499,PodiumIR,119
1509024776638,Sound_R,63.169777859104784
1509024777403,Sound_C,61.14302663062545
1509024780501,Sound_P,48.55773214739296
1509024780503,PodiumIR,113
1509024781139,Motion_2,False
1509024786638,Sound_R,65.38562574406608
1509024787403,Sound_C,62.01373003448714
1509024790505,Sound_P,44.808697341762915
1509024790507,PodiumIR,109
1509024794876,Seat_8,False
1509024796638,Sound_R,67.88202830336388
1509024797303,Motion_2,True
1509024797403,Sound_C,61.098945225733814
1509024800509,Sound_P,55.369951428718224
1509024800512,PodiumIR,89
1509024806638,Sound_R,66.84228510403273
1509024807403,Sound_C,62.47976579644276
1509024810513,Sound_P,44.808697341762915
1509024810516,PodiumIR,114
1509024816638,Sound_R,65.56411833933207
1509024817403,Sound_C,60.91455293637483
1509024820518,Sound_P,54.210802194865956
1509024820520,PodiumIR,115
1509024824552,Motion_2,False
1509024824557,Motion_2,True
1509024826638,Sound_R,64.93147524996375
1509024827403,Sound_C,59.6573621010547
1509024830522,Sound_P,44.808697341762915
1509024830524,PodiumIR,80
1509024836638,Sound_R,64.3761122315845
1509024837214,Motion_1,True
1509024837214,Motion_2,False
1509024837403,Sound_C,59.66261953861798
1509024840526,Sound_P,55.369951428718224
1509024840528,PodiumIR,107
1509024846638,Sound_R,64.46688946139024
1509024847134,Motion_2,True
1509024847403,Sound_C,59.670960190181354
1509024850530,Sound_P,65.24535518573873
1509024850532,PodiumIR,110
1509024856638,Sound_R,68.51652262366282
1509024857403,Sound_C,63.19487878275746
1509024860534,Sound_P,46.78757012382582
1509024860537,PodiumIR,102
1509024862628,Motion_1,False
1509024862628,Motion_2,False
1509024865174,Motion_2,True
1509024866638,Sound_R,65.9142111507764
1509024867403,Sound_C,62.16715198080794
1509024870539,Sound_P,52.96571415471127
1509024870541,PodiumIR,85
1509024876638,Sound_R,60.33737693353453
1509024877403,Sound_C,59.03292686615427
1509024880543,Sound_P,50.159038478285424
1509024880545,PodiumIR,108
1509024885700,Motion_1,False
1509024885700,Motion_2,False
1509024885700,Motion_8,True
1509024886638,Sound_R,65.38430685069369
1509024886825,Motion_1,True
1509024887403,Sound_C,61.33566012921534
1509024890547,Sound_P,44.808697341762915
1509024890550,PodiumIR,108
1509024896270,Seat_8,False
1509024896275,Seat_8,True
1509024896638,Sound_R,68.30389049316243
1509024897403,Sound_C,61.07833030911339
1509024898622,Motion_2,True
1509024898622,Motion_8,False
1509024900551,Sound_P,57.472817393488484
1509024900554,PodiumIR,107
1509024906451,Motion_1,False
1509024906451,Seat_8,False
1509024906638,Sound_R,66.16811669016785
1509024907403,Sound_C,58.56340383480353
1509024910565,Sound_P,56.45426312235056
1509024910571,PodiumIR,99
1509024914375,Seat_8,False
1509024914375,Motion_2,True
1509024916638,Sound_R,65.70929898215898
1509024917403,Sound_C,60.832915595982335
1509024920573,Sound_P,61.023021476191225
1509024920576,PodiumIR,105
1509024921629,Seat_8,True
1509024921629,Motion_1,True
1509024926071,Motion_1,True
1509024926638,Sound_R,66.2868264767983
1509024927403,Sound_C,63.11814812907119
1509024930577,Sound_P,46.78757012382582
1509024930580,PodiumIR,108
1509024936640,Sound_R,68.41391895550889
1509024937403,Sound_C,65.72344265122068
1509024940581,Sound_P,64.61127993529891
1509024940584,PodiumIR,115
1509024943836,Motion_2,False
1509024943836,Motion_1,False
1509024946638,Sound_R,71.88132587682703
1509024947403,Sound_C,66.61546388082125
1509024950586,Sound_P,57.472817393488484
1509024950588,PodiumIR,112
1509024956638,Sound_R,69.80531312976511
1509024956753,Seat_8,False
1509024957403,Sound_C,63.7360585782248
1509024960590,Sound_P,54.210802194865956
1509024960593,PodiumIR,109
1509024966638,Sound_R,63.24094748259747
1509024967403,Sound_C,59.95686874897168
1509024970594,Sound_P,52.96571415471127
1509024970597,PodiumIR,113
1509024970725,Motion_2,False
1509024976638,Sound_R,62.47485616152236
1509024977403,Sound_C,58.711930079492795
1509024979575,Motion_8,True
1509024980601,Sound_P,59.341519288975356
1509024980603,PodiumIR,118
1509024986638,Sound_R,66.69668562900392
1509024987403,Sound_C,60.49456848899434
1509024990607,Sound_P,50.159038478285424
1509024990609,PodiumIR,114
1509024992212,Motion_2,False
1509024992212,Seat_7,False
1509024992212,Motion_8,False
1509024996134,Motion_1,True
1509024996638,Sound_R,66.36938427158415
1509024997403,Sound_C,62.305204591161974
1509025000614,Sound_P,57.472817393488484
1509025000616,PodiumIR,130
1509025006638,Sound_R,64.99565171577693
1509025007403,Sound_C,65.34152280724419
1509025010620,Sound_P,61.80460425887306
1509025010622,PodiumIR,81
1509025016638,Sound_R,68.90917034710272
1509025017403,Sound_C,66.30632363448626
1509025020624,Sound_P,48.55773214739296
1509025020626,PodiumIR,107
1509025026638,Sound_R,70.19846597596266
1509025027403,Sound_C,64.28875812050855
1509025030628,Sound_P,52.96571415471127
1509025030632,PodiumIR,112
1509025036638,Sound_R,73.03419592095757
1509025037403,Sound_C,66.628088773828
1509025037876,Motion_2,False
1509025037876,Motion_1,False
1509025040636,Sound_P,55.369951428718224
1509025040640,PodiumIR,98
1509025046638,Sound_R,74.03579164023853
1509025047403,Sound_C,67.57350487817912
1509025050645,Sound_P,56.45426312235056
1509025050647,PodiumIR,123
1509025056638,Sound_R,73.15045123795271
1509025057403,Sound_C,65.97880224570747
1509025060649,Sound_P,51.62091662308819
1509025060652,PodiumIR,118
1509025062154,Motion_2,False
1509025062154,Motion_1,True
1509025065446,Motion_2,True
1509025066638,Sound_R,70.47232493195746
1509025067403,Sound_C,64.47363094163988
1509025070653,Sound_P,73.06392314376754
1509025070656,PodiumIR,125
1509025076638,Sound_R,67.5216724177936
1509025077403,Sound_C,63.84069455982959
1509025080660,Sound_P,60.20329792798059
1509025080664,PodiumIR,81
1509025086638,Sound_R,69.93848453348745
1509025087403,Sound_C,62.708654886444265
1509025090668,Sound_P,56.45426312235056
1509025090670,PodiumIR,102
1509025096638,Sound_R,69.67990818098215
1509025097403,Sound_C,62.1426991657144
1509025100672,Sound_P,42.56523641427832
1509025100674,PodiumIR,112
1509025105157,Motion_1,False
1509025105157,Motion_2,False
1509025106638,Sound_R,64.24251109611875
1509025107288,Motion_2,True
1509025107403,Sound_C,60.996971901068264
1509025110676,Sound_P,58.433135904413454
1509025110678,PodiumIR,109
1509025116638,Sound_R,63.34296080627951
1509025117403,Sound_C,59.98409051911765
1509025120680,Sound_P,59.341519288975356
1509025120683,PodiumIR,105
1509025126638,Sound_R,66.08455153602476
1509025127403,Sound_C,60.34297925874634
1509025130684,Sound_P,59.341519288975356
1509025130687,PodiumIR,103
1509025136638,Sound_R,64.40292218925855
1509025137403,Sound_C,59.73157354910389
1509025140688,Sound_P,44.808697341762915
1509025140693,PodiumIR,105
1509025146638,Sound_R,61.346436005306465
1509025147403,Sound_C,58.19400005981544
1509025148245,Motion_1,False
1509025148245,Motion_2,False
1509025150695,Sound_P,50.159038478285424
1509025150697,PodiumIR,107
1509025156638,Sound_R,58.94531202016848
1509025157403,Sound_C,55.45217345720664
1509025160699,Sound_P,54.210802194865956
1509025160712,PodiumIR,95
1509025166638,Sound_R,59.87906353649791
1509025167403,Sound_C,55.196384304980675
1509025170714,Sound_P,51.62091662308819
1509025170718,PodiumIR,114
1509025176638,Sound_R,60.663041890200425
1509025177403,Sound_C,55.26918049556516
1509025180723,Sound_P,50.159038478285424
1509025180725,PodiumIR,77
1509025186638,Sound_R,63.23214216676603
1509025187403,Sound_C,57.08670348534779
1509025189157,Motion_2,False
1509025189157,Seat_9,False
1509025189162,Motion_2,True
1509025190727,Sound_P,69.60540278108363
1509025190729,PodiumIR,132
1509025196638,Sound_R,66.92655293180354
1509025197403,Sound_C,59.55584331060118
1509025200731,Sound_P,63.26648240367583
1509025200734,PodiumIR,116
1509025202073,Motion_2,True
1509025202078,Motion_2,True
1509025203274,Seat_7,True
1509025206638,Sound_R,66.43339158171935
1509025207403,Sound_C,62.37562780305813
1509025210735,Sound_P,68.61682354019833
1509025210737,PodiumIR,109
1509025216638,Sound_R,68.40199406114664
1509025217403,Sound_C,66.68811000987891
1509025220739,Sound_P,50.159038478285424
1509025220742,PodiumIR,106
1509025223910,Motion_2,False
1509025223910,Motion_1,True
1509025226638,Sound_R,69.57964249789056
1509025227403,Sound_C,66.44303750503137
1509025230744,Sound_P,50.159038478285424
1509025230746,PodiumIR,94
1509025236638,Sound_R,63.87396825416611
1509025237403,Sound_C,62.01641362139845
1509025240748,Sound_P,44.808697341762915
1509025240750,PodiumIR,116
1509025246638,Sound_R,59.720299152945124
1509025247403,Sound_C,61.83346222272251
1509025250752,Sound_P,62.551438321825636
1509025250755,PodiumIR,105
1509025253311,Motion_1,False
1509025253311,Motion_8,True
1509025256638,Sound_R,64.35352603249412
1509025257403,Sound_C,64.33246840345103
1509025257678,Motion_1,True
1509025259494,Motion_2,True
1509025260762,Sound_P,48.55773214739296
1509025260765,PodiumIR,107
1509025261015,Motion_7,True
1509025266228,Seat_5,False
1509025266228,Motion_8,True
1509025266638,Sound_R,66.07936443153916
1509025267403,Sound_C,60.73369409445494
1509025270590,Motion_1,True
1509025270769,Sound_P,50.159038478285424
1509025270772,PodiumIR,97
1509025275463,Motion_2,False
1509025275463,Motion_7,False
1509025276638,Sound_R,63.73474074855627
1509025277403,Sound_C,57.52289301
1509025280774,Sound_P,52.96571415471127
1509025280776,PodiumIR,118
1509025286638,Sound_R,64.89900734756856
1509025287403,Sound_C,59.46955949336769
1509025290778,Sound_P,48.55773214739296
1509025290781,PodiumIR,109
1509025296638,Sound_R,67.36483519501279
1509025297403,Sound_C,60.555135482034615
1509025300782,Sound_P,50.159038478285424
1509025300785,PodiumIR,110
1509025306638,Sound_R,67.71583937854597
1509025307403,Sound_C,62.546372217807836
1509025310787,Sound_P,54.210802194865956
1509025310790,PodiumIR,92
1509025316638,Sound_R,67.45060886580494
1509025316850,Motion_3,False
1509025316850,Motion_8,False
1509025316850,Motion_1,False
1509025316850,Motion_2,False
1509025317403,Sound_C,63.99564215412676
1509025320792,Sound_P,52.96571415471127
1509025320794,PodiumIR,113
1509025326638,Sound_R,64.47574757491843
1509025327403,Sound_C,61.26378777768562
1509025329767,Motion_2,True
1509025330800,Sound_P,48.55773214739296
1509025330802,PodiumIR,105
1509025336638,Sound_R,62.01999312961963
1509025337403,Sound_C,57.21837365375061
1509025340803,Sound_P,48.55773214739296
1509025340811,PodiumIR,111
1509025346638,Sound_R,63.94291298905267
1509025347403,Sound_C,57.747546602780396
1509025350816,Sound_P,55.369951428718224
1509025350819,PodiumIR,104
1509025356638,Sound_R,63.36916129104779
1509025357403,Sound_C,60.227052345502464
1509025360824,Sound_P,48.55773214739296
1509025360827,PodiumIR,105
1509025366638,Sound_R,62.67472186143701
1509025367403,Sound_C,59.90915838836068
1509025370813,Seat_7,False
1509025370813,Motion_2,False
1509025370830,Sound_P,61.80460425887306
1509025370832,PodiumIR,106
1509025373105,Seat_7,True
1509025376638,Sound_R,65.43794723986375
1509025377403,Sound_C,61.76557139565491
1509025380834,Sound_P,46.78757012382582
1509025380836,PodiumIR,94
1509025386638,Sound_R,64.95810062699786
1509025387403,Sound_C,61.46991207126961
1509025390459,Seat_7,False
1509025390459,Motion_2,False
1509025390459,Motion_1,True
1509025390840,Sound_P,54.210802194865956
1509025390842,PodiumIR,127
1509025393265,Seat_7,True
1509025396638,Sound_R,59.721481927943806
1509025397403,Sound_C,57.670704477116296
1509025400779,Motion_2,True
1509025400845,Sound_P,50.159038478285424
1509025400856,PodiumIR,106
1509025406638,Sound_R,59.566652503543004
1509025407403,Sound_C,57.41021931037085
1509025410862,Sound_P,51.62091662308819
1509025410864,PodiumIR,106
1509025412075,Motion_1,False
1509025412075,Seat_7,False
1509025413850,Door,activate
1509025416638,Sound_R,60.792393890602305
1509025417403,Sound_C,56.97117774528986
1509025420866,Sound_P,50.159038478285424
1509025420868,PodiumIR,97
1509025426638,Sound_R,59.17095722930875
1509025427403,Sound_C,57.83345008985907
1509025428404,Motion_2,False
1509025428404,Motion_1,False
1509025428404,Seat_7,True
1509025430870,Sound_P,48.55773214739296
1509025430873,PodiumIR,115
1509025436638,Sound_R,59.08058120395088
1509025437403,Sound_C,59.96183419418873
1509025440874,Sound_P,58.433135904413454
1509025440876,PodiumIR,111
1509025446638,Sound_R,61.56380615510083
1509025447403,Sound_C,61.39770067565174
1509025450878,Sound_P,60.20329792798059
1509025450880,PodiumIR,75
1509025456638,Sound_R,65.46820071223367
1509025457403,Sound_C,63.476977329986106
1509025460882,Sound_P,52.96571415471127
1509025460889,PodiumIR,111
1509025466638,Sound_R,68.75513317686095
1509025467403,Sound_C,63.25234282329996
1509025470891,Sound_P,51.62091662308819
1509025470893,PodiumIR,107
1509025472838,Seat_7,False
1509025472838,Motion_1,True
1509025476638,Sound_R,65.63492748482524
1509025477403,Sound_C,59.55112297133411
1509025480895,Sound_P,44.808697341762915
1509025480910,PodiumIR,112
1509025484754,Motion_2,True
1509025484754,Motion_1,True
1509025486638,Sound_R,57.879697577463084
1509025487403,Sound_C,55.28793716076958
1509025490912,Sound_P,55.369951428718224
1509025490915,PodiumIR,132
1509025496638,Sound_R,55.80042202409248
1509025497403,Sound_C,54.982258876758465
1509025500916,Sound_P,51.62091662308819
1509025500919,PodiumIR,121
1509025503449,Motion_2,False
1509025503449,Motion_1,False
1509025503449,Seat_7,True
1509025506638,Sound_R,59.16782121200714
1509025507403,Sound_C,57.38152242195137
1509025510920,Sound_P,48.55773214739296
1509025510923,PodiumIR,123
1509025516638,Sound_R,58.62480200217408
1509025517403,Sound_C,57.02694359347122
1509025517802,Motion_1,True
1509025520926,Sound_P,42.56523641427832
1509025520935,PodiumIR,110
1509025523510,Motion_2,True
1509025526638,Sound_R,59.92886017724865
1509025527403,Sound_C,56.057415152957994
1509025530941,Sound_P,66.44593723960276
1509025530944,PodiumIR,110
1509025533755,Motion_1,False
1509025536638,Sound_R,63.99639570734911
1509025537403,Sound_C,56.704716980870636
1509025539473,Seat_8,False
1509025539473,Motion_2,False
1509025540946,Sound_P,59.341519288975356
1509025540948,PodiumIR,106
1509025546638,Sound_R,66.88707369881001
1509025547403,Sound_C,58.43835582601921
1509025550950,Sound_P,65.24535518573873
1509025550952,PodiumIR,109
1509025555447,Motion_1,False
1509025555447,Motion_2,False
1509025556638,Sound_R,69.40134174649472
1509025557403,Sound_C,62.06467590411557
1509025560955,Sound_P,57.472817393488484
1509025560962,PodiumIR,142
1509025561560,Motion_1,True
1509025565582,Seat_8,True
1509025566638,Sound_R,68.54706947415548
1509025567403,Sound_C,63.17593775811443
1509025568359,Motion_2,True
1509025570967,Sound_P,57.472817393488484
1509025570970,PodiumIR,113
1509025576638,Sound_R,69.34063508813061
1509025577403,Sound_C,63.57490282196117
1509025580976,Sound_P,50.159038478285424
1509025580991,PodiumIR,108
1509025586638,Sound_R,70.11775024834469
1509025587403,Sound_C,61.94691610979235
1509025590994,Sound_P,51.62091662308819
1509025590997,PodiumIR,108
1509025596638,Sound_R,68.88762727642514
1509025597403,Sound_C,59.92655789470348
1509025599445,Motion_1,False
1509025599445,Motion_2,False
1509025600999,Sound_P,61.023021476191225
1509025601007,PodiumIR,90
1509025606638,Sound_R,68.0563805219597
1509025607403,Sound_C,61.20637146745693
1509025611016,Sound_P,50.159038478285424
1509025611023,PodiumIR,132
1509025616638,Sound_R,65.28482793339145
1509025617403,Sound_C,62.08219982989694
1509025618160,Motion_2,False
1509025618160,Motion_1,True
1509025621025,Sound_P,52.96571415471127
1509025621027,PodiumIR,114
1509025626638,Sound_R,65.35309682232285
1509025627403,Sound_C,59.98321904547163
1509025631044,Sound_P,44.808697341762915
1509025631047,PodiumIR,108
1509025636638,Sound_R,65.66575245718313
1509025637403,Sound_C,57.81450163064312
1509025641049,Sound_P,57.472817393488484
1509025641051,PodiumIR,113
1509025645995,Motion_1,False
1509025646638,Sound_R,68.6300359762078
1509025647403,Sound_C,62.6386916234649
1509025651053,Sound_P,48.55773214739296
1509025651056,PodiumIR,139
1509025656638,Sound_R,67.34727918221127
1509025657403,Sound_C,63.78373395039139
1509025661060,Sound_P,44.808697341762915
1509025661068,PodiumIR,97
1509025666638,Sound_R,66.62079315166419
1509025667403,Sound_C,62.25214805930889
1509025671073,Sound_P,58.433135904413454
1509025671075,PodiumIR,109
1509025676638,Sound_R,71.81605914888881
1509025677403,Sound_C,64.26378712273724
1509025679208,Motion_1,False
1509025679208,Motion_2,True
1509025681080,Sound_P,48.55773214739296
1509025681089,PodiumIR,84
1509025686638,Sound_R,73.43969551534194
1509025687403,Sound_C,67.03456582825267
1509025691094,Sound_P,63.26648240367583
1509025691098,PodiumIR,103
1509025695171,Motion_2,False
1509025696638,Sound_R,71.61007717849868
1509025697403,Sound_C,67.06983962478046
1509025701101,Sound_P,52.96571415471127
1509025701105,PodiumIR,107
1509025706638,Sound_R,66.62697659991805
1509025707403,Sound_C,62.18877501529715
1509025711108,Sound_P,63.95233273361063
1509025711112,PodiumIR,122
1509025716638,Sound_R,66.43756113240026
1509025717403,Sound_C,61.89096819107854
1509025721116,Sound_P,48.55773214739296
1509025721119,PodiumIR,112
1509025725017,Motion_2,False
1509025726638,Sound_R,68.44160304630509
1509025727403,Sound_C,64.24346483684685
1509025731232,Sound_P,60.20329792798059
1509025731235,PodiumIR,96
1509025736638,Sound_R,69.12427636617538
1509025737403,Sound_C,64.16057375080904
1509025741242,Sound_P,51.62091662308819
1509025741245,PodiumIR,106
1509025746638,Sound_R,68.07078233211861
1509025747403,Sound_C,63.657325652730435
1509025751247,Sound_P,52.96571415471127
1509025751249,PodiumIR,75
1509025756638,Sound_R,66.07182707781077
1509025757403,Sound_C,63.89178704218531
1509025761251,Sound_P,56.45426312235056
1509025761254,PodiumIR,114
1509025766638,Sound_R,65.75748734997508
1509025767403,Sound_C,61.38033930969152
1509025771258,Sound_P,58.433135904413454
1509025771269,PodiumIR,110
1509025773358,Motion_2,False
1509025776638,Sound_R,66.66533787912022
1509025777403,Sound_C,60.04279657829642
1509025781271,Sound_P,59.341519288975356
1509025781274,PodiumIR,107
1509025782868,Motion_1,True
1509025786638,Sound_R,70.27248237027743
1509025787403,Sound_C,64.473978481711
1509025791282,Sound_P,50.159038478285424
1509025791284,PodiumIR,95
1509025793874,Motion_2,False
1509025796638,Sound_R,70.40618978851306
1509025797403,Sound_C,62.84885094113546
1509025801287,Sound_P,48.55773214739296
1509025801291,PodiumIR,128
1509025806638,Sound_R,65.28668400373068
1509025806796,Motion_1,False
1509025806796,Motion_2,True
1509025807403,Sound_C,60.02608930966924
1509025811295,Sound_P,50.159038478285424
1509025811297,PodiumIR,108
1509025816638,Sound_R,62.082088273925926
1509025817403,Sound_C,60.25884313212686
1509025821301,Sound_P,48.55773214739296
1509025821304,PodiumIR,116
1509025826638,Sound_R,62.92833356818668
1509025827403,Sound_C,59.42755611901987
1509025831307,Sound_P,51.62091662308819
1509025831310,PodiumIR,108
1509025836638,Sound_R,64.17337465462346
1509025837403,Sound_C,59.68178417605636
1509025841315,Sound_P,50.159038478285424
1509025841318,PodiumIR,77
1509025846638,Sound_R,62.71884430479804
1509025847403,Sound_C,60.141990118665596
1509025851320,Sound_P,57.472817393488484
1509025851322,PodiumIR,151
1509025851595,Motion_2,False
1509025856638,Sound_R,60.911686637944264
1509025857403,Sound_C,59.072903445145506
1509025861328,Sound_P,50.159038478285424
1509025861330,PodiumIR,107
1509025864497,Motion_2,True
1509025866638,Sound_R,60.76730982958204
1509025867403,Sound_C,57.58737769056953
1509025871332,Sound_P,54.210802194865956
1509025871335,PodiumIR,103
1509025876638,Sound_R,62.730460275297986
1509025877403,Sound_C,59.05641100571565
1509025881337,Sound_P,51.62091662308819
1509025881339,PodiumIR,113
1509025886638,Sound_R,63.77348522069491
1509025887403,Sound_C,59.546252354022045
1509025887754,Motion_2,False
1509025891342,Sound_P,46.78757012382582
1509025891344,PodiumIR,73
1509025896638,Sound_R,65.07127743240714
1509025897403,Sound_C,60.55825620698619
1509025901347,Sound_P,46.78757012382582
1509025901350,PodiumIR,147
1509025906638,Sound_R,62.34297567835578
1509025906779,Motion_2,False
1509025907403,Sound_C,58.75757246467958
1509025908435,Motion_1,True
1509025911356,Sound_P,58.433135904413454
1509025911359,PodiumIR,125
1509025916638,Sound_R,60.37973527478206
1509025917403,Sound_C,59.30235634150295
1509025921365,Sound_P,55.369951428718224
1509025921367,PodiumIR,103
1509025924379,Motion_2,False
1509025924379,Motion_1,False
1509025926580,Motion_2,True
1509025926638,Sound_R,63.17634292628755
1509025927403,Sound_C,61.680108988105054
1509025931370,Sound_P,50.159038478285424
1509025931372,PodiumIR,108
1509025936638,Sound_R,63.78993061993159
1509025937403,Sound_C,59.68980216254091
1509025940337,Motion_2,False
1509025940337,Motion_1,False
1509025940337,Motion_8,True
1509025941374,Sound_P,50.159038478285424
1509025941376,PodiumIR,107
1509025945950,Motion_1,True
1509025946638,Sound_R,59.393279939197136
1509025947403,Sound_C,56.284990118384826
1509025951378,Sound_P,52.96571415471127
1509025951381,PodiumIR,117
1509025956638,Sound_R,58.45165406936928
1509025957403,Sound_C,55.23264154556647
1509025961382,Sound_P,46.78757012382582
1509025961384,PodiumIR,107
1509025966638,Sound_R,61.79777945854659
1509025967403,Sound_C,60.35104493007674
1509025971386,Sound_P,52.96571415471127
1509025971389,PodiumIR,101
1509025976638,Sound_R,65.44654593824879
1509025977403,Sound_C,62.97515091402472
1509025981391,Sound_P,61.023021476191225
1509025981393,PodiumIR,109
1509025986638,Sound_R,66.4483840849279
1509025987403,Sound_C,62.754736930721414
1509025989743,Motion_8,False
1509025989743,Motion_1,False
1509025991044,Motion_2,True
1509025991395,Sound_P,51.62091662308819
1509025991397,PodiumIR,106
1509025996638,Sound_R,63.19491307737871
1509025997403,Sound_C,61.16515499332993
1509026001405,Sound_P,52.96571415471127
1509026001407,PodiumIR,95
1509026006638,Sound_R,60.38520502089202
1509026007023,Motion_8,False
1509026007023,Motion_1,False
1509026007023,Motion_2,False
1509026007403,Sound_C,58.28814894090394
1509026011409,Sound_P,50.159038478285424
1509026011411,PodiumIR,81
1509026016638,Sound_R,56.45780019844258
1509026017403,Sound_C,56.848449491530396
1509026021414,Sound_P,48.55773214739296
1509026021416,PodiumIR,123
1509026026638,Sound_R,60.47103137486729
1509026027403,Sound_C,58.227614014136826
1509026029590,Motion_2,False
1509026029590,Motion_1,True
1509026031419,Sound_P,50.159038478285424
1509026031422,PodiumIR,99
1509026036638,Sound_R,65.71101489441703
1509026037403,Sound_C,59.49913555771556
1509026041425,Sound_P,51.62091662308819
1509026041428,PodiumIR,109
1509026046638,Sound_R,60.17935434180557
1509026047403,Sound_C,56.645547734918104
1509026051366,Motion_1,False
1509026051366,Motion_2,True
1509026051431,Sound_P,52.96571415471127
1509026051440,PodiumIR,122
1509026056638,Sound_R,60.16960481532817
1509026057403,Sound_C,58.88973007091649
1509026059115,Motion_8,True
1509026061444,Sound_P,63.26648240367583
1509026061447,PodiumIR,109
1509026061602,Motion_1,True
1509026066638,Sound_R,66.34909990883786
1509026067330,Motion_2,False
1509026067403,Sound_C,64.19017937247317
1509026071448,Sound_P,56.45426312235056
1509026071450,PodiumIR,100
1509026076638,Sound_R,68.16327647180607
1509026077403,Sound_C,64.42859667210722
1509026081452,Sound_P,62.551438321825636
1509026081455,PodiumIR,107
1509026083298,Motion_1,False
1509026083298,Motion_8,False
1509026083298,Motion_2,False
1509026086638,Sound_R,69.76422979936478
1509026087403,Sound_C,68.3149823603066
1509026087956,Motion_1,True
1509026091458,Sound_P,63.26648240367583
1509026091460,PodiumIR,110
1509026096638,Sound_R,69.10267990423749
1509026097403,Sound_C,67.77624134212014
1509026099267,Motion_2,False
1509026101462,Sound_P,58.433135904413454
1509026101464,PodiumIR,83
1509026106638,Sound_R,65.78325876976665
1509026107403,Sound_C,62.39514412755174
1509026111468,Sound_P,48.55773214739296
1509026111470,PodiumIR,123
1509026116638,Sound_R,66.48556805689464
1509026117403,Sound_C,65.08825698154186
1509026119943,Motion_1,False
1509026119943,Motion_2,False
1509026119943,Seat_7,False
1509026121474,Sound_P,55.369951428718224
1509026121476,PodiumIR,109
1509026122499,Seat_7,True
1509026126638,Sound_R,68.55671433146857
1509026127403,Sound_C,64.695404947342
1509026131478,Sound_P,65.24535518573873
1509026131481,PodiumIR,112
1509026132860,Motion_2,True
1509026136638,Sound_R,66.37085729811531
1509026137403,Sound_C,61.26476855455613
1509026141482,Sound_P,55.369951428718224
1509026141485,PodiumIR,137
1509026145782,Motion_2,True
1509026146638,Sound_R,67.54334706595188
1509026147403,Sound_C,62.27724739806123
1509026151486,Sound_P,61.023021476191225
1509026151488,PodiumIR,110
1509026156638,Sound_R,70.06667983730601
1509026157403,Sound_C,64.74544497598708
1509026161490,Sound_P,65.24535518573873
1509026161493,PodiumIR,107
1509026166638,Sound_R,70.94269982382315
1509026167403,Sound_C,65.64095982100173
1509026167413,Motion_2,False
1509026167413,Motion_1,True
1509026170915,Motion_2,True
1509026171494,Sound_P,50.159038478285424
1509026171497,PodiumIR,76
1509026176638,Sound_R,70.98250967978788
1509026177403,Sound_C,65.34144893665983
1509026181498,Sound_P,44.808697341762915
1509026181500,PodiumIR,139
1509026186638,Sound_R,69.03174045421868
1509026187403,Sound_C,64.79338005843337
1509026191451,Motion_1,False
1509026191451,Motion_2,False
1509026191456,Motion_2,True
1509026191502,Sound_P,60.20329792798059
1509026191504,PodiumIR,109
1509026196638,Sound_R,66.53432078420884
1509026197403,Sound_C,64.08355185344575
1509026201506,Sound_P,61.023021476191225
1509026201510,PodiumIR,102
1509026204368,Motion_2,True
1509026206638,Sound_R,66.83795773780456
1509026207403,Sound_C,65.32924133282876
1509026211512,Sound_P,61.023021476191225
1509026211514,PodiumIR,114
1509026212767,Motion_1,True
1509026216638,Sound_R,70.48933076471322
1509026217403,Sound_C,67.17212384159525
1509026221516,Sound_P,51.62091662308819
1509026221519,PodiumIR,105
1509026226638,Sound_R,69.20950120596792
1509026226850,Motion_2,False
1509026226850,Seat_7,False
1509026226850,Motion_1,False
1509026227403,Sound_C,66.31473244777294
1509026228726,Motion_1,True
1509026228726,Motion_8,True
1509026231521,Sound_P,70.0787016850011
1509026231523,PodiumIR,118
1509026236638,Sound_R,65.34122915009219
1509026237403,Sound_C,64.3666906131246
1509026239782,Motion_2,True
1509026241525,Sound_P,59.341519288975356
1509026241527,PodiumIR,110
1509026246638,Sound_R,66.03645789618884
1509026247403,Sound_C,65.94691798593983
1509026251529,Sound_P,52.96571415471127
1509026251531,PodiumIR,110
1509026255735,Motion_1,False
1509026255735,Motion_8,False
1509026255735,Motion_2,False
1509026256638,Sound_R,66.22133760851814
1509026257403,Sound_C,64.23848191252591
1509026261533,Sound_P,50.159038478285424
1509026261535,PodiumIR,94
1509026266638,Sound_R,64.88272171564175
1509026267403,Sound_C,62.2900631059339
1509026271537,Sound_P,64.61127993529891
1509026271540,PodiumIR,110
1509026276638,Sound_R,66.12976539830383
1509026277403,Sound_C,64.07257106229993
1509026277537,Motion_2,False
1509026277537,Motion_1,True
1509026281542,Sound_P,52.96571415471127
1509026281544,PodiumIR,107
1509026286638,Sound_R,66.43180392664601
1509026287403,Sound_C,64.16742699499548
1509026290464,Motion_2,True
1509026290464,Motion_1,False
1509026291545,Sound_P,59.341519288975356
1509026291548,PodiumIR,73
1509026296638,Sound_R,70.3225701014348
1509026297403,Sound_C,65.77301886634955
1509026301550,Sound_P,48.55773214739296
1509026301552,PodiumIR,78
1509026306638,Sound_R,69.19685255091109
1509026307403,Sound_C,62.080362652930205
1509026310134,Motion_2,False
1509026311554,Sound_P,58.433135904413454
1509026311557,PodiumIR,121
1509026316638,Sound_R,65.69666931543206
1509026317403,Sound_C,59.954937979589694
1509026321558,Sound_P,50.159038478285424
1509026321560,PodiumIR,132
1509026326578,Motion_2,False
1509026326583,Motion_8,True
1509026326638,Sound_R,66.49502390164531
1509026327403,Sound_C,60.9006851770622
1509026329114,Motion_1,True
1509026329114,Motion_2,True
1509026331562,Sound_P,59.341519288975356
1509026331564,PodiumIR,118
1509026336638,Sound_R,64.26911690759114
1509026337403,Sound_C,59.804621705508914
1509026341566,Sound_P,44.808697341762915
1509026341569,PodiumIR,109
1509026346638,Sound_R,61.54455107406594
1509026347403,Sound_C,61.23171394917447
1509026348560,Motion_8,False
1509026348560,Motion_1,False
1509026348560,Motion_2,False
1509026348560,Seat_7,False
1509026351570,Sound_P,70.5390318503356
1509026351573,PodiumIR,115
1509026356638,Sound_R,64.65485278487542
1509026357403,Sound_C,64.78452606377934
1509026361574,Sound_P,42.56523641427832
1509026361588,PodiumIR,80
1509026366638,Sound_R,68.08226936550449
1509026367403,Sound_C,62.78278550555019
1509026370741,Motion_2,False
1509026371592,Sound_P,62.551438321825636
1509026371595,PodiumIR,139
1509026371942,Motion_1,True
1509026371942,Seat_7,True
1509026371942,Motion_8,True
1509026376638,Sound_R,65.50057139052383
1509026377403,Sound_C,60.224105917346925
1509026381596,Sound_P,62.551438321825636
1509026381607,PodiumIR,119
1509026386638,Sound_R,68.0131238354861
1509026387403,Sound_C,62.234544092801855
1509026391610,Sound_P,54.210802194865956
1509026391612,PodiumIR,110
1509026396638,Sound_R,69.7501843505318
1509026397403,Sound_C,61.379921712147414
1509026398716,Motion_2,False
1509026398716,Motion_1,False
1509026398716,Motion_8,False
1509026401614,Sound_P,48.55773214739296
1509026401621,PodiumIR,111
1509026406638,Sound_R,68.3175359953022
1509026407403,Sound_C,63.89797746363288
1509026411623,Sound_P,50.159038478285424
1509026411626,PodiumIR,104
1509026416638,Sound_R,69.93266154388151
1509026417403,Sound_C,67.76870030018769
1509026421627,Sound_P,65.8563679754536
1509026421630,PodiumIR,118
1509026426638,Sound_R,71.08280717171858
1509026427403,Sound_C,67.9602616354614
1509026428152,Motion_2,False
1509026428152,Motion_1,True
1509026431632,Sound_P,51.62091662308819
1509026431634,PodiumIR,86
1509026436638,Sound_R,70.98376552693225
1509026437403,Sound_C,69.33294072657807
1509026441636,Sound_P,63.95233273361063
1509026441639,PodiumIR,126
1509026446638,Sound_R,68.82852678653866
1509026447403,Sound_C,67.69566584196978
1509026451640,Sound_P,63.95233273361063
1509026451643,PodiumIR,111
1509026456638,Sound_R,70.81281109792333
1509026457403,Sound_C,64.95232736254665
1509026461645,Sound_P,46.78757012382582
1509026461647,PodiumIR,112
1509026464316,Motion_1,False
1509026464316,Motion_2,False
1509026465532,Motion_2,True
1509026466638,Sound_R,68.36001459065956
1509026467403,Sound_C,66.17199396588312
1509026471649,Sound_P,51.62091662308819
1509026471652,PodiumIR,101
1509026476638,Sound_R,65.15172914401488
1509026477403,Sound_C,63.189877090322796
1509026481653,Sound_P,51.62091662308819
1509026481655,PodiumIR,108
1509026486638,Sound_R,66.14918663528051
1509026487403,Sound_C,60.80130763170848
1509026491658,Sound_P,64.61127993529891
1509026491669,PodiumIR,85
1509026496638,Sound_R,67.92370177985897
1509026496774,Motion_1,False
1509026496774,Motion_2,False
1509026497403,Sound_C,61.683100311607525
1509026501671,Sound_P,50.159038478285424
1509026501674,PodiumIR,76
1509026506638,Sound_R,67.6971166310013
1509026507403,Sound_C,61.393068449799216
1509026511675,Sound_P,55.369951428718224
1509026511678,PodiumIR,85
1509026516638,Sound_R,64.6988791383209
1509026517403,Sound_C,62.41049946896424
1509026521680,Sound_P,50.159038478285424
1509026521682,PodiumIR,77
1509026525794,Motion_1,False
1509026525794,Motion_2,True
1509026526638,Sound_R,64.29721110675767
1509026527403,Sound_C,64.17009282067299
1509026528240,Motion_8,True
1509026529826,Motion_1,True
1509026531684,Sound_P,48.55773214739296
1509026531686,PodiumIR,72
1509026536638,Sound_R,63.0397028252865
1509026537403,Sound_C,63.23221228055766
1509026541688,Sound_P,58.433135904413454
1509026541690,PodiumIR,112
1509026541763,Seat_7,False
1509026541763,Motion_2,False
1509026541763,Motion_8,False
1509026541768,Motion_1,False
1509026545795,Motion_1,True
1509026546638,Sound_R,64.37230559782661
1509026547403,Sound_C,63.407082824690775
1509026551692,Sound_P,50.159038478285424
1509026551695,PodiumIR,104
1509026556638,Sound_R,66.58422114649849
1509026557403,Sound_C,62.29486442151735
1509026557731,Seat_7,False
1509026557736,Motion_2,False
1509026557736,Motion_1,False
1509026561696,Sound_P,73.45017003946069
1509026561700,PodiumIR,107
1509026566638,Sound_R,70.32070906564505
1509026567403,Sound_C,60.302063210881215
1509026571701,Sound_P,48.55773214739296
1509026571704,PodiumIR,116
1509026572534,Motion_6,False
1509026572534,Motion_2,False
1509026572534,Seat_7,True
1509026576638,Sound_R,70.6444628970762
1509026577403,Sound_C,62.35710077402691
1509026581706,Sound_P,54.210802194865956
1509026581708,PodiumIR,114
1509026586638,Sound_R,68.05380014998606
1509026587217,Motion_1,True
1509026587217,Motion_2,True
1509026587403,Sound_C,64.28894380415704
1509026591711,Sound_P,64.61127993529891
1509026591713,PodiumIR,106
1509026596638,Sound_R,67.94207845608393
1509026597403,Sound_C,64.42943984962932
1509026601715,Sound_P,50.159038478285424
1509026601718,PodiumIR,119
1509026606638,Sound_R,65.5029738294821
1509026607403,Sound_C,63.29255418722402
1509026611720,Sound_P,52.96571415471127
1509026611722,PodiumIR,109
1509026613866,Motion_1,False
1509026613871,Motion_2,False
1509026616638,Sound_R,64.77249359009596
1509026617403,Sound_C,62.536792327025495
1509026621724,Sound_P,48.55773214739296
1509026621726,PodiumIR,114
1509026626639,Sound_R,67.95351820674091
1509026627403,Sound_C,63.5107678934336
1509026631728,Sound_P,51.62091662308819
1509026631730,PodiumIR,125
1509026634387,Motion_2,False
1509026636641,Sound_R,71.65822667105671
1509026637403,Sound_C,63.8560991438035
1509026641732,Sound_P,57.472817393488484
1509026641734,PodiumIR,133
1509026646638,Sound_R,71.96872228615128
1509026647403,Sound_C,65.69804095985887
1509026651736,Sound_P,42.56523641427832
1509026651739,PodiumIR,114
1509026653202,Motion_2,False
1509026656638,Sound_R,66.55323315093561
1509026657403,Sound_C,64.24573320051434
1509026661740,Sound_P,50.159038478285424
1509026661742,PodiumIR,79
1509026666638,Sound_R,65.6558130746032
1509026667403,Sound_C,61.80710259733717
1509026671744,Sound_P,52.96571415471127
1509026671747,PodiumIR,93
1509026676638,Sound_R,66.24975598364504
1509026677403,Sound_C,61.25835076388623
1509026681748,Sound_P,52.96571415471127
1509026681751,PodiumIR,101
1509026686638,Sound_R,65.2999542801389
1509026687403,Sound_C,61.529058347907075
1509026691752,Sound_P,51.62091662308819
1509026691755,PodiumIR,109
1509026691773,Motion_2,False
1509026696638,Sound_R,67.10210871763586
1509026697403,Sound_C,61.181802656192126
1509026700122,Motion_1,True
1509026701757,Sound_P,57.472817393488484
1509026701759,PodiumIR,104
1509026706638,Sound_R,65.67555866124883
1509026707403,Sound_C,59.824446926245066
1509026711013,Motion_2,False
1509026711761,Sound_P,46.78757012382582
1509026711764,PodiumIR,100
1509026716638,Sound_R,63.61291267322131
1509026717403,Sound_C,60.29013439315139
1509026721765,Sound_P,51.62091662308819
1509026721768,PodiumIR,115
1509026726638,Sound_R,62.69624935869501
1509026726976,Motion_1,False
1509026726976,Motion_2,False
1509026727403,Sound_C,59.31985189969479
1509026731770,Sound_P,42.56523641427832
1509026731775,PodiumIR,107
1509026736638,Sound_R,58.51272468098855
1509026737403,Sound_C,57.00312752337309
1509026741777,Sound_P,51.62091662308819
1509026741780,PodiumIR,142
1509026746227,Motion_2,False
1509026746638,Sound_R,58.22278730148736
1509026747403,Sound_C,55.23765118782109
1509026748108,Motion_1,True
1509026751785,Sound_P,57.472817393488484
1509026751797,PodiumIR,92
1509026756638,Sound_R,61.57799264195705
1509026757403,Sound_C,58.47298033170637
1509026759138,Seat_12,False
1509026759138,Motion_2,True
1509026761665,Motion_1,True
1509026761799,Sound_P,50.159038478285424
1509026761801,PodiumIR,111
1509026766638,Sound_R,66.64054628476812
1509026767403,Sound_C,62.37065452144435
1509026771803,Sound_P,50.159038478285424
1509026771805,PodiumIR,109
1509026776638,Sound_R,68.14375466204999
1509026777403,Sound_C,63.24490562564895
1509026781781,Motion_2,False
1509026781781,Motion_1,False
1509026781808,Sound_P,54.210802194865956
1509026781811,PodiumIR,73
1509026786638,Sound_R,70.4375908278315
1509026787403,Sound_C,62.22697515858564
1509026791813,Sound_P,42.56523641427832
1509026791815,PodiumIR,106
1509026796638,Sound_R,68.27829121200752
1509026797403,Sound_C,61.39270043820185
1509026801817,Sound_P,52.96571415471127
1509026801820,PodiumIR,139
1509026806638,Sound_R,66.66618779107836
1509026807403,Sound_C,65.77350441660661
1509026811821,Sound_P,57.472817393488484
1509026811833,PodiumIR,106
1509026812287,Motion_2,False
1509026816638,Sound_R,68.57651772833897
1509026817403,Sound_C,65.79795786504125
1509026821835,Sound_P,48.55773214739296
1509026821838,PodiumIR,112
1509026822957,Motion_1,True
1509026826638,Sound_R,66.61484836790252
1509026827403,Sound_C,61.54769397933794
1509026831840,Sound_P,59.341519288975356
1509026831842,PodiumIR,123
1509026836638,Sound_R,66.97859615800152
1509026837403,Sound_C,61.90580439480343
1509026839411,Motion_2,False
1509026839411,Motion_1,False
1509026841844,Sound_P,67.01551720930587
1509026841846,PodiumIR,114
1509026846638,Sound_R,67.65388577575969
1509026847403,Sound_C,61.496076263495205
1509026851848,Sound_P,51.62091662308819
1509026851975,PodiumIR,108
1509026856638,Sound_R,68.64876067049168
1509026857403,Sound_C,60.91600791107851
1509026861977,Sound_P,67.01551720930587
1509026861980,PodiumIR,105
1509026866638,Sound_R,68.7308896531649
1509026867403,Sound_C,62.244049748932646
1509026868922,Motion_2,False
1509026871982,Sound_P,66.44593723960276
1509026871986,PodiumIR,107
1509026876638,Sound_R,70.27120877995223
1509026877403,Sound_C,62.72105858508519
1509026881990,Sound_P,51.62091662308819
1509026881992,PodiumIR,113
1509026886638,Sound_R,66.94110954318609
1509026887403,Sound_C,61.015151825943775
1509026891994,Sound_P,51.62091662308819
1509026891996,PodiumIR,100
1509026892965,Motion_2,False
1509026896638,Sound_R,61.13750059036206
1509026897403,Sound_C,58.12469272567221
1509026901998,Sound_P,51.62091662308819
1509026902001,PodiumIR,100
1509026906640,Sound_R,61.7884343344383
1509026907403,Sound_C,59.43413468681981
1509026912002,Sound_P,44.808697341762915
1509026912004,PodiumIR,110
1509026916638,Sound_R,65.10382518479632
1509026917403,Sound_C,61.17046003792078
1509026922006,Sound_P,56.45426312235056
1509026922009,PodiumIR,111
1509026926638,Sound_R,66.54407543940066
1509026927403,Sound_C,61.76179596604401
1509026930525,Motion_2,False
1509026930525,Seat_8,False
1509026930525,Motion_8,True
1509026932010,Sound_P,61.80460425887306
1509026932013,PodiumIR,105
1509026932096,Motion_1,True
1509026936638,Sound_R,67.12238669622944
1509026937403,Sound_C,63.41778960794346
1509026942014,Sound_P,48.55773214739296
1509026942017,PodiumIR,106
1509026946638,Sound_R,65.0194249981926
1509026947403,Sound_C,61.136166697895135
1509026948054,Motion_8,False
1509026948054,Motion_2,False
1509026948054,Motion_1,False
1509026949210,Motion_8,True
1509026949210,Motion_2,True
1509026952019,Sound_P,54.210802194865956
1509026952022,PodiumIR,123
1509026956638,Sound_R,61.728179134472775
1509026957403,Sound_C,58.329580780187904
1509026962023,Sound_P,50.159038478285424
1509026962025,PodiumIR,102
1509026966638,Sound_R,66.87707893825349
1509026967403,Sound_C,64.30788440653146
1509026970086,Motion_1,False
1509026970086,Motion_8,False
1509026970086,Motion_2,False
1509026972029,Sound_P,51.62091662308819
1509026972032,PodiumIR,108
1509026976638,Sound_R,70.6568562925152
1509026977404,Sound_C,67.40653035823753
1509026982034,Sound_P,51.62091662308819
1509026982036,PodiumIR,102
1509026982798,Seat_4,False
1509026982798,Seat_8,True
1509026982798,Motion_1,False
1509026986638,Sound_R,68.57487584205207
1509026987403,Sound_C,64.54874770269366
1509026992038,Sound_P,46.78757012382582
1509026992040,PodiumIR,111
1509026995885,Seat_8,False
1509026995885,Motion_2,True
1509026996638,Sound_R,66.93046969478752
1509026997403,Sound_C,62.499034794323336
1509027002046,Sound_P,68.0998289029382
1509027002049,PodiumIR,111
1509027006638,Sound_R,66.16551599481022
1509027007403,Sound_C,60.35201263279547
1509027012053,Sound_P,54.210802194865956
1509027012055,PodiumIR,107
1509027016638,Sound_R,69.01422524700762
1509027017403,Sound_C,62.3514913717077
1509027022057,Sound_P,57.472817393488484
1509027022059,PodiumIR,103
1509027024515,Motion_2,False
1509027026638,Sound_R,67.72409927885433
1509027027403,Sound_C,62.368295946743025
1509027032064,Sound_P,48.55773214739296
1509027032066,PodiumIR,158
1509027032899,Seat_8,True
1509027036638,Sound_R,63.280215628029104
1509027037403,Sound_C,59.34388830187831
1509027042068,Sound_P,52.96571415471127
1509027042070,PodiumIR,95
1509027046638,Sound_R,59.929056828994554
1509027047403,Sound_C,56.90029506576221
1509027052072,Sound_P,42.56523641427832
1509027052074,PodiumIR,86
1509027056638,Sound_R,58.453222574226565
1509027057403,Sound_C,56.423985418331455
1509027062076,Sound_P,54.210802194865956
1509027062079,PodiumIR,107
1509027066638,Sound_R,57.93142164424439
1509027067403,Sound_C,56.618392690933625
1509027069384,Motion_2,False
1509027069384,Motion_8,True
1509027069384,Motion_1,True
1509027072080,Sound_P,46.78757012382582
1509027072083,PodiumIR,112
1509027076638,Sound_R,58.03908823194758
1509027077403,Sound_C,57.88694134157323
1509027082084,Sound_P,63.26648240367583
1509027082103,PodiumIR,104
1509027086638,Sound_R,64.65550599747237
1509027087403,Sound_C,62.532453577403516
1509027092105,Sound_P,52.96571415471127
1509027092107,PodiumIR,96
1509027096638,Sound_R,68.93475552366029
1509027097403,Sound_C,64.0231155946309
1509027100415,Motion_2,False
1509027100415,Motion_8,False
1509027100415,Motion_1,False
1509027100415,Seat_8,False
1509027102109,Sound_P,61.80460425887306
1509027102118,PodiumIR,105
1509027106638,Sound_R,66.52636048973913
1509027107403,Sound_C,60.89730929585676
1509027107489,Motion_1,True
1509027112124,Sound_P,51.62091662308819
1509027112126,PodiumIR,114
1509027116638,Sound_R,60.7899335762717
1509027117403,Sound_C,57.20292967484759
1509027122128,Sound_P,46.78757012382582
1509027122135,PodiumIR,108
1509027126638,Sound_R,57.67072852853681
1509027127403,Sound_C,54.95601780822813
1509027132137,Sound_P,54.210802194865956
1509027132139,PodiumIR,97
1509027133598,Motion_2,False
1509027133603,Seat_2,False
1509027133603,Motion_1,False
1509027133603,Motion_2,True
1509027133603,Motion_8,True
1509027136638,Sound_R,60.7163540034279
1509027137403,Sound_C,56.83436043011597
1509027142141,Sound_P,63.26648240367583
1509027142143,PodiumIR,94
1509027145800,Motion_1,True
1509027145800,Motion_2,False
1509027145800,Motion_8,False
1509027146638,Sound_R,63.176794452670265
1509027147403,Sound_C,61.94877937616064
1509027152145,Sound_P,57.472817393488484
1509027152147,PodiumIR,137
1509027156638,Sound_R,65.42073491900533
1509027157403,Sound_C,62.23290780326096
1509027161768,Motion_1,False
1509027161768,Motion_2,True
1509027161768,Seat_8,True
1509027162149,Sound_P,54.210802194865956
1509027162152,PodiumIR,111
1509027166638,Sound_R,63.40586940080823
1509027167403,Sound_C,58.182844897869835
1509027172153,Sound_P,46.78757012382582
1509027172156,PodiumIR,106
1509027176638,Sound_R,61.36726832456453
1509027177403,Sound_C,58.33178300906294
1509027179543,Motion_2,False
1509027182157,Sound_P,48.55773214739296
1509027182160,PodiumIR,109
1509027186638,Sound_R,63.19366223449915
1509027187403,Sound_C,59.24182499443788
1509027192161,Sound_P,54.210802194865956
1509027192164,PodiumIR,84
1509027192464,Motion_2,True
1509027192464,Seat_8,False
1509027196638,Sound_R,60.780477998120595
1509027197403,Sound_C,57.48713731885179
1509027202165,Sound_P,50.159038478285424
1509027202168,PodiumIR,132
1509027206638,Sound_R,60.492026312269616
1509027207403,Sound_C,58.599843355701665
1509027210279,Motion_2,False
1509027212170,Sound_P,54.210802194865956
1509027212181,PodiumIR,108
1509027216638,Sound_R,61.9384079818036
1509027217403,Sound_C,58.56143987922723
1509027222183,Sound_P,50.159038478285424
1509027222185,PodiumIR,110
1509027226638,Sound_R,62.257028122328414
1509027227403,Sound_C,58.33590237330505
1509027232189,Sound_P,54.210802194865956
1509027232191,PodiumIR,109
1509027233331,Motion_2,False
1509027235592,Motion_1,True
1509027236638,Sound_R,66.52696320367778
1509027237403,Sound_C,62.09516357510466
1509027242196,Sound_P,48.55773214739296
1509027242198,PodiumIR,109
1509027246638,Sound_R,67.94096127607907
1509027247403,Sound_C,62.811060717858744
1509027252200,Sound_P,48.55773214739296
1509027252202,PodiumIR,114
1509027255650,Motion_2,False
1509027255650,Motion_1,False
1509027255650,Motion_8,True
1509027256638,Sound_R,67.61807162794334
1509027257403,Sound_C,64.48397769536953
1509027257696,Seat_8,True
1509027262204,Sound_P,59.341519288975356
1509027262206,PodiumIR,139
1509027266638,Sound_R,70.32061024076843
1509027267403,Sound_C,66.8574913112184
1509027271699,Motion_8,False
1509027271699,Motion_2,False
1509027272208,Sound_P,60.20329792798059
1509027272210,PodiumIR,106
1509027276638,Sound_R,69.62170405470421
1509027277403,Sound_C,66.4025364151966
1509027282212,Sound_P,44.808697341762915
1509027282214,PodiumIR,104
1509027286638,Sound_R,64.39930052130497
1509027287403,Sound_C,61.39366017596415
1509027292216,Sound_P,48.55773214739296
1509027292219,PodiumIR,113
1509027296638,Sound_R,63.18403165433664
1509027297208,Motion_2,False
1509027297403,Sound_C,58.491058136582694
1509027302220,Sound_P,55.369951428718224
1509027302222,PodiumIR,120
1509027306638,Sound_R,67.0352128497363
1509027307403,Sound_C,62.88282246336279
1509027312224,Sound_P,60.20329792798059
1509027312226,PodiumIR,130
1509027315122,Motion_2,False
1509027316638,Sound_R,69.06013493772342
1509027317403,Sound_C,64.29823859294179
1509027322228,Sound_P,52.96571415471127
1509027322230,PodiumIR,120
1509027326638,Sound_R,68.26485503878233
1509027327403,Sound_C,64.8308053719767
1509027332232,Sound_P,54.210802194865956
1509027332234,PodiumIR,115
1509027335653,Seat_8,False
1509027335653,Motion_2,False
1509027336638,Sound_R,67.8692872962517
1509027337403,Sound_C,65.92907776044974
1509027337644,Seat_8,True
1509027342236,Sound_P,50.159038478285424
1509027342239,PodiumIR,128
1509027346638,Sound_R,67.15076651742764
1509027347403,Sound_C,65.06157318853735
1509027352240,Sound_P,65.24535518573873
1509027352243,PodiumIR,110
1509027356638,Sound_R,68.82194928681635
1509027357403,Sound_C,66.21557984626286
1509027357800,Seat_8,False
1509027357800,Motion_2,False
1509027360977,Motion_1,True
1509027362245,Sound_P,58.433135904413454
1509027362247,PodiumIR,113
1509027366638,Sound_R,68.89545633441068
1509027367403,Sound_C,65.58791733248887
1509027367750,Motion_2,True
1509027367750,Seat_8,False
1509027372249,Sound_P,67.56641902255494
1509027372251,PodiumIR,108
1509027375409,Motion_1,False
1509027375409,Seat_8,True
1509027376638,Sound_R,65.47948345090627
1509027377403,Sound_C,61.52064175014504
1509027382253,Sound_P,48.55773214739296
1509027382256,PodiumIR,115
1509027386638,Sound_R,62.21919320339321
1509027387403,Sound_C,59.51170906873318
1509027392257,Sound_P,51.62091662308819
1509027392260,PodiumIR,89
1509027396638,Sound_R,59.798795767896614
1509027397403,Sound_C,58.07567391403848
1509027398832,Motion_2,False
1509027400448,Motion_1,True
1509027402261,Sound_P,54.210802194865956
1509027402263,PodiumIR,115
1509027406638,Sound_R,60.99366268113965
1509027407403,Sound_C,57.27649214451666
1509027412265,Sound_P,55.369951428718224
1509027412268,PodiumIR,123
1509027416638,Sound_R,63.973540207174416
1509027417403,Sound_C,60.15062495166808
1509027422274,Sound_P,42.56523641427832
1509027422287,PodiumIR,111
1509027426638,Sound_R,63.418262815992385
1509027427403,Sound_C,60.30585504102339
1509027432289,Sound_P,48.55773214739296
1509027432291,PodiumIR,114
1509027436638,Sound_R,61.56165392904805
1509027437403,Sound_C,58.96988324526262
1509027442296,Sound_P,65.8563679754536
1509027442298,PodiumIR,111
1509027446638,Sound_R,63.09285843307663
1509027447403,Sound_C,60.98915027140214
1509027452300,Sound_P,52.96571415471127
1509027452302,PodiumIR,109
1509027456247,Motion_1,False
1509027456247,Motion_2,False
1509027456638,Sound_R,62.74016126500708
1509027457403,Sound_C,61.56079123784878
1509027460630,Motion_1,True
1509027462304,Sound_P,50.159038478285424
1509027462306,PodiumIR,80
1509027466638,Sound_R,63.22235628611141
1509027467403,Sound_C,61.060290831215504
1509027472308,Sound_P,48.55773214739296
1509027472310,PodiumIR,105
1509027476638,Sound_R,63.04974827868616
1509027477403,Sound_C,61.45754542551083
1509027482312,Sound_P,51.62091662308819
1509027482314,PodiumIR,93
1509027486638,Sound_R,61.16311810597788
1509027487403,Sound_C,59.434164207782345
1509027492316,Sound_P,52.96571415471127
1509027492319,PodiumIR,112
1509027494148,Motion_2,False
1509027494148,Motion_1,False
1509027496638,Sound_R,63.8140691390183
1509027496914,Motion_1,True
1509027497403,Sound_C,56.75795399842617
1509027502321,Sound_P,62.551438321825636
1509027502323,PodiumIR,83
1509027506638,Sound_R,66.33410001628032
1509027507403,Sound_C,63.427862084875436
1509027512325,Sound_P,50.159038478285424
1509027512327,PodiumIR,110
1509027516638,Sound_R,64.8323017639474
1509027517403,Sound_C,66.71947989207233
1509027522329,Sound_P,62.551438321825636
1509027522332,PodiumIR,113
1509027526638,Sound_R,63.512100275844205
1509027527403,Sound_C,64.83562888070621
1509027532333,Sound_P,42.56523641427832
1509027532335,PodiumIR,109
1509027535690,Motion_1,False
1509027535690,Motion_2,False
1509027535690,Seat_7,False
1509027535690,Seat_8,False
1509027536638,Sound_R,64.12716574802052
1509027537403,Sound_C,65.10524734333005
1509027537576,Motion_2,True
1509027539137,Motion_1,True
1509027542337,Sound_P,54.210802194865956
1509027542340,PodiumIR,121
1509027546638,Sound_R,66.96865293840453
1509027547403,Sound_C,63.826190284252114
1509027552341,Sound_P,56.45426312235056
1509027552344,PodiumIR,115
1509027556638,Sound_R,72.45324897603122
1509027557403,Sound_C,64.17340666839624
1509027562345,Sound_P,46.78757012382582
1509027562347,PodiumIR,118
1509027566638,Sound_R,70.72750197068217
1509027567403,Sound_C,63.59605239722372
1509027572349,Sound_P,58.433135904413454
1509027572352,PodiumIR,109
1509027576191,Motion_2,False
1509027576191,Motion_1,False
1509027576638,Sound_R,65.96331401651683
1509027577403,Sound_C,62.20111285906575
1509027582355,Sound_P,50.159038478285424
1509027582358,PodiumIR,101
1509027586638,Sound_R,63.44052685276635
1509027587403,Sound_C,59.20773052393105
1509027592362,Sound_P,50.159038478285424
1509027592364,PodiumIR,110
1509027596638,Sound_R,62.05801109371186
1509027597403,Sound_C,58.77127916221652
1509027602368,Sound_P,52.96571415471127
1509027602371,PodiumIR,110
1509027605927,Motion_2,False
1509027606638,Sound_R,66.99761614853531
1509027607403,Sound_C,64.07437585926827
1509027612375,Sound_P,51.62091662308819
1509027612377,PodiumIR,104
1509027616638,Sound_R,67.1967173210379
1509027617403,Sound_C,63.0719321175223
1509027622380,Sound_P,44.808697341762915
1509027622383,PodiumIR,111
1509027626638,Sound_R,61.47775188224381
1509027627403,Sound_C,57.96999444201153
1509027629625,Motion_2,False
1509027632387,Sound_P,52.96571415471127
1509027632389,PodiumIR,109
1509027636638,Sound_R,58.651231940044276
1509027637403,Sound_C,56.34427085210671
1509027642395,Sound_P,55.369951428718224
1509027642398,PodiumIR,110
1509027646638,Sound_R,61.48504123640919
1509027647403,Sound_C,56.40336729299534
1509027652402,Sound_P,59.341519288975356
1509027652405,PodiumIR,113
1509027654818,Motion_2,False
1509027654818,Seat_8,True
1509027656638,Sound_R,61.592458228048116
1509027657403,Sound_C,57.159309238769204
1509027659376,Motion_2,True
1509027662012,Motion_8,True
1509027662409,Sound_P,66.44593723960276
1509027662412,PodiumIR,138
1509027666638,Sound_R,59.857016178768326
1509027667403,Sound_C,57.39212417001258
1509027672415,Sound_P,46.78757012382582
1509027672418,PodiumIR,110
1509027676638,Sound_R,60.068106594137646
1509027677403,Sound_C,59.7944892303542
1509027677795,Motion_2,False
1509027677795,Motion_8,False
1509027677795,Motion_1,True
1509027682422,Sound_P,57.472817393488484
1509027682425,PodiumIR,132
1509027686638,Sound_R,64.60414724761887
1509027687403,Sound_C,61.19842880599611
1509027692428,Sound_P,50.159038478285424
1509027692431,PodiumIR,106
1509027696638,Sound_R,63.64894338865266
1509027697403,Sound_C,58.07434405605346
1509027699542,Seat_8,False
1509027699542,Motion_2,False
1509027699542,Motion_1,False
1509027699542,Motion_8,False
1509027702434,Sound_P,60.20329792798059
1509027702437,PodiumIR,134
1509027706638,Sound_R,61.87909908744509
1509027707403,Sound_C,58.28535873258366
1509027712441,Sound_P,50.159038478285424
1509027712445,PodiumIR,105
1509027716638,Sound_R,65.26893969240912
1509027717403,Sound_C,61.63425310498942
1509027722449,Sound_P,44.808697341762915
1509027722452,PodiumIR,106
1509027723990,Motion_2,False
1509027726638,Sound_R,61.36188830874701
1509027727403,Sound_C,60.0958657155365
1509027732455,Sound_P,52.96571415471127
1509027732458,PodiumIR,102
1509027735501,Seat_7,False
1509027736638,Sound_R,57.31224867851237
1509027737403,Sound_C,57.06152171164024
1509027738248,Motion_2,False
1509027738248,Motion_1,True
1509027742463,Sound_P,50.159038478285424
1509027742466,PodiumIR,115
1509027744766,Seat_8,True
1509027746638,Sound_R,57.63054981632103
1509027747403,Sound_C,55.33415768713851
1509027752470,Sound_P,51.62091662308819
1509027752480,PodiumIR,87
1509027752725,Seat_8,False
1509027752725,Motion_1,False
1509027752725,Motion_2,True
1509027754201,Motion_1,True
1509027756638,Sound_R,58.94244250882955
1509027757403,Sound_C,54.93496395727525
1509027762485,Sound_P,44.808697341762915
1509027762487,PodiumIR,128
1509027766638,Sound_R,58.182509029069884
1509027767403,Sound_C,54.75567279322891
1509027768679,Seat_7,False
1509027768679,Motion_2,False
1509027768679,Motion_1,False
1509027772490,Sound_P,52.96571415471127
1509027772493,PodiumIR,111
1509027774867,Seat_8,True
1509027776638,Sound_R,61.06415150916484
1509027777403,Sound_C,58.50058357151278
1509027782497,Sound_P,54.210802194865956
1509027782500,PodiumIR,92
1509027786638,Sound_R,64.11306818727452
1509027787403,Sound_C,60.94083651446632
1509027792503,Sound_P,50.159038478285424
1509027792507,PodiumIR,85
1509027796638,Sound_R,60.58736922991549
1509027797403,Sound_C,56.56088683436007
1509027802511,Sound_P,48.55773214739296
1509027802514,PodiumIR,106
1509027806638,Sound_R,58.73737300600715
1509027807403,Sound_C,53.800748624033154
1509027808960,Motion_2,False
1509027810601,Seat_7,True
1509027812517,Sound_P,61.023021476191225
1509027812520,PodiumIR,106
1509027816638,Sound_R,61.24288402551244
1509027817403,Sound_C,57.17419184028227
1509027822522,Sound_P,60.20329792798059
1509027822524,PodiumIR,91
1509027826638,Sound_R,64.83677479528137
1509027827403,Sound_C,60.367267858970685
1509027832529,Sound_P,51.62091662308819
1509027832531,PodiumIR,110
1509027833333,Motion_2,False
1509027836638,Sound_R,65.58812094040508
1509027837403,Sound_C,60.05550271262634
1509027842535,Sound_P,48.55773214739296
1509027842538,PodiumIR,108
1509027846638,Sound_R,61.66388881924436
1509027847403,Sound_C,59.37102915994503
1509027849292,Seat_7,False
1509027849292,Motion_2,False
1509027852542,Sound_P,55.369951428718224
1509027852545,PodiumIR,95
1509027856638,Sound_R,58.70221781344021
1509027857403,Sound_C,58.18262859204699
1509027859162,Motion_1,True
1509027859162,Motion_8,True
1509027862553,Sound_P,48.55773214739296
1509027862555,PodiumIR,104
1509027865701,Motion_2,False
1509027865701,Seat_8,False
1509027865701,Seat_7,True
1509027866638,Sound_R,57.9149992298926
1509027867403,Sound_C,55.20987298086782
1509027867582,Motion_2,True
1509027869918,Seat_8,True
1509027872557,Sound_P,61.023021476191225
1509027872560,PodiumIR,112
1509027876638,Sound_R,58.34620207243952
1509027877403,Sound_C,53.299136795061465
1509027882562,Sound_P,59.341519288975356
1509027882564,PodiumIR,130
1509027886638,Sound_R,64.64936091203613
1509027887403,Sound_C,57.72004867388839
1509027892566,Sound_P,54.210802194865956
1509027892569,PodiumIR,106
1509027894781,Motion_1,False
1509027894781,Motion_8,False
1509027894781,Seat_8,False
1509027894781,Motion_2,False
1509027896638,Sound_R,64.1633174895852
1509027897403,Sound_C,59.6577507272257
1509027902571,Sound_P,61.80460425887306
1509027902574,PodiumIR,87
1509027906638,Sound_R,58.283776411065325
1509027907403,Sound_C,56.91264549795077
1509027910730,Motion_2,True
1509027912576,Sound_P,56.45426312235056
1509027912578,PodiumIR,114
1509027916638,Sound_R,59.56665789266592
1509027917403,Sound_C,57.947391312014645
1509027922580,Sound_P,50.159038478285424
1509027922583,PodiumIR,109
1509027926638,Sound_R,60.81595316246268
1509027927403,Sound_C,57.98215040879533
1509027932585,Sound_P,48.55773214739296
1509027932587,PodiumIR,94
1509027936638,Sound_R,60.33258072395014
1509027937403,Sound_C,55.28339246119473
1509027942590,Sound_P,54.210802194865956
1509027942592,PodiumIR,103
1509027946638,Sound_R,61.545760603758225
1509027947403,Sound_C,55.9008906502828
1509027947929,Motion_2,False
1509027952594,Sound_P,57.472817393488484
1509027952597,PodiumIR,106
1509027953242,Motion_1,True
1509027956638,Sound_R,67.2701161486897
1509027957403,Sound_C,63.69256915052705
1509027962599,Sound_P,61.023021476191225
1509027962601,PodiumIR,89
1509027966638,Sound_R,68.39771736911592
1509027967403,Sound_C,64.65019598697116
1509027972603,Sound_P,58.433135904413454
1509027972605,PodiumIR,107
1509027975364,Motion_2,False
1509027975364,Motion_1,False
1509027976638,Sound_R,64.86979421968248
1509027977403,Sound_C,60.29908516261986
1509027982607,Sound_P,54.210802194865956
1509027982609,PodiumIR,94
1509027986638,Sound_R,64.42855742981475
1509027987403,Sound_C,59.65928254587602
1509027992611,Sound_P,48.55773214739296
1509027992614,PodiumIR,84
1509027996638,Sound_R,63.02870428112622
1509027997403,Sound_C,58.36553510609995
1509027999912,Motion_2,False
1509027999912,Seat_8,True
1509028002615,Sound_P,55.369951428718224
1509028002617,PodiumIR,112
1509028006638,Sound_R,66.3689564310035
1509028007403,Sound_C,61.43249628876412
1509028012619,Sound_P,52.96571415471127
1509028012622,PodiumIR,112
1509028016638,Sound_R,71.0905491014691
1509028017371,Seat_8,False
1509028017371,Motion_2,False
1509028017371,Motion_1,True
1509028017403,Sound_C,63.863068520932735
1509028020078,Seat_8,True
1509028020078,Motion_2,True
1509028022623,Sound_P,55.369951428718224
1509028022626,PodiumIR,110
1509028026638,Sound_R,70.09832302247646
1509028027403,Sound_C,63.199301276053085
1509028030288,Motion_1,True
1509028032627,Sound_P,55.369951428718224
1509028032630,PodiumIR,111
1509028036638,Sound_R,70.47788066788412
1509028037403,Sound_C,64.82316143999678
1509028042631,Sound_P,56.45426312235056
1509028042640,PodiumIR,111
1509028046247,Motion_2,False
1509028046247,Motion_1,False
1509028046638,Sound_R,71.55068323209115
1509028047403,Sound_C,65.73055012137824
1509028052642,Sound_P,54.210802194865956
1509028052644,PodiumIR,123
1509028055912,Motion_2,True
1509028056638,Sound_R,71.15504316003421
1509028057403,Sound_C,66.72753004320276
1509028062649,Sound_P,51.62091662308819
1509028062652,PodiumIR,107
1509028066638,Sound_R,70.769650095718
1509028067403,Sound_C,66.2976760456156
1509028072657,Sound_P,52.96571415471127
1509028072659,PodiumIR,74
1509028076448,Motion_1,False
1509028076448,Motion_2,False
1509028076638,Sound_R,66.38673297441501
1509028077403,Sound_C,61.35787755732944
1509028082661,Sound_P,52.96571415471127
1509028082664,PodiumIR,102
1509028086638,Sound_R,64.40213700867132
1509028087403,Sound_C,60.767533149813424
1509028089370,Motion_2,True
1509028092668,Sound_P,55.369951428718224
1509028092671,PodiumIR,111
1509028096638,Sound_R,69.85723454715558
1509028097403,Sound_C,64.12338112363088
1509028102674,Sound_P,46.78757012382582
1509028102677,PodiumIR,130
1509028106638,Sound_R,70.95156901834166
1509028107403,Sound_C,63.59195128918918
1509028112681,Sound_P,65.24535518573873
1509028112684,PodiumIR,106
1509028113323,Motion_2,False
1509028116638,Sound_R,67.65095699908547
1509028117403,Sound_C,59.87068091720594
1509028117715,Motion_1,True
1509028122687,Sound_P,65.8563679754536
1509028122691,PodiumIR,95
1509028126638,Sound_R,62.98860626298455
1509028127403,Sound_C,60.298728779466664
1509028132695,Sound_P,59.341519288975356
1509028132697,PodiumIR,117
1509028133668,Motion_2,False
1509028133668,Motion_1,False
1509028134774,Motion_2,True
1509028136638,Sound_R,63.34466689733816
1509028137403,Sound_C,61.99916542238643
1509028142699,Sound_P,48.55773214739296
1509028142701,PodiumIR,111
1509028146580,Motion_1,True
1509028146638,Sound_R,68.69728048732752
1509028147403,Sound_C,64.99929509552459
1509028147681,Motion_2,True
1509028152703,Sound_P,50.159038478285424
1509028152705,PodiumIR,92
1509028156401,Motion_8,True
1509028156638,Sound_R,66.21772413202598
1509028157403,Sound_C,63.02165280077881
1509028162549,Motion_1,False
1509028162549,Motion_2,False
1509028162707,Sound_P,55.369951428718224
1509028162710,PodiumIR,107
1509028166638,Sound_R,59.86272713087982
1509028167403,Sound_C,56.82531959578097
1509028172369,Motion_8,False
1509028172369,Motion_2,True
1509028172711,Sound_P,65.8563679754536
1509028172714,PodiumIR,113
1509028176638,Sound_R,62.75068913360345
1509028177403,Sound_C,58.26297263360564
1509028182715,Sound_P,51.62091662308819
1509028182718,PodiumIR,127
1509028186638,Sound_R,63.59417272628881
1509028187403,Sound_C,58.68263884856833
1509028191094,Motion_1,False
1509028191094,Motion_2,False
1509028192720,Sound_P,52.96571415471127
1509028192722,PodiumIR,111
1509028196638,Sound_R,66.60190167655934
1509028197403,Sound_C,59.695591789117394
1509028202724,Sound_P,44.808697341762915
1509028202726,PodiumIR,108
1509028206638,Sound_R,68.65415060747598
1509028207403,Sound_C,61.53918681738687
1509028212728,Sound_P,46.78757012382582
1509028212730,PodiumIR,102
1509028214361,Motion_5,False
1509028214361,Motion_2,False
1509028216638,Sound_R,64.49308472598642
1509028216723,Motion_1,True
1509028217403,Sound_C,58.96656257076904
1509028222732,Sound_P,63.95233273361063
1509028222736,PodiumIR,113
1509028226638,Sound_R,65.89636489545126
1509028227403,Sound_C,59.145261150157374
1509028232739,Sound_P,63.95233273361063
1509028232742,PodiumIR,151
1509028236638,Sound_R,69.17219716982147
1509028237403,Sound_C,63.41694991491365
1509028242745,Sound_P,50.159038478285424
1509028242747,PodiumIR,102
1509028246638,Sound_R,72.17693924296906
1509028247403,Sound_C,65.33191357798951
1509028249090,Seat_3,False
1509028249090,Motion_2,False
1509028249090,Motion_1,False
1509028249095,Motion_2,True
1509028252751,Sound_P,54.210802194865956
1509028252753,PodiumIR,110
1509028256638,Sound_R,69.5543434199687
1509028257403,Sound_C,63.95068448220192
1509028262755,Sound_P,56.45426312235056
1509028262758,PodiumIR,121
1509028266638,Sound_R,66.48458534837569
1509028267403,Sound_C,62.563894032338794
1509028269236,Motion_1,False
1509028269236,Motion_2,False
1509028272764,Sound_P,50.159038478285424
1509028272767,PodiumIR,122
1509028276638,Sound_R,66.33535116629066
1509028277403,Sound_C,60.635942449802805
1509028282153,Motion_2,True
1509028282772,Sound_P,50.159038478285424
1509028282774,PodiumIR,94
1509028286638,Sound_R,62.34194848097946
1509028287403,Sound_C,58.186420064848555
1509028290067,Motion_1,True
1509028292775,Sound_P,67.56641902255494
1509028292777,PodiumIR,122
1509028296638,Sound_R,62.324239361834834
1509028297403,Sound_C,61.991639914620094
1509028302779,Sound_P,63.95233273361063
1509028302782,PodiumIR,92
1509028306020,Motion_2,False
1509028306020,Motion_1,False
1509028306638,Sound_R,66.62055606139508
1509028307403,Sound_C,64.6244303444163
1509028312793,Sound_P,50.159038478285424
1509028312795,PodiumIR,105
1509028316638,Sound_R,68.00191092243604
1509028317403,Sound_C,60.862597188808785
1509028322797,Sound_P,55.369951428718224
1509028322800,PodiumIR,108
1509028323695,Motion_1,False
1509028323695,Motion_2,True
1509028326638,Sound_R,68.29612548177481
1509028327403,Sound_C,62.94763117576193
1509028332802,Sound_P,56.45426312235056
1509028332804,PodiumIR,114
1509028336638,Sound_R,67.6482535322089
1509028337403,Sound_C,63.613522500732415
1509028340068,Motion_2,False
1509028340068,Motion_1,True
1509028340068,Seat_8,False
1509028342806,Sound_P,51.62091662308819
1509028342809,PodiumIR,106
1509028344216,Motion_2,True
1509028346638,Sound_R,65.1073489843803
1509028347403,Sound_C,62.46091221093064
1509028352811,Sound_P,60.20329792798059
1509028352813,PodiumIR,148
1509028356017,Motion_1,False
1509028356638,Sound_R,64.18819973428562
1509028357138,Motion_2,True
1509028357403,Sound_C,63.04453424745544
1509028362815,Sound_P,54.210802194865956
1509028362817,PodiumIR,95
1509028366638,Sound_R,66.03985597354178
1509028367403,Sound_C,61.94251696768793
1509028372819,Sound_P,64.61127993529891
1509028372822,PodiumIR,108
1509028376638,Sound_R,69.03119405699994
1509028377403,Sound_C,62.91205207310488
1509028380650,Motion_1,False
1509028380650,Motion_2,False
1509028382823,Sound_P,46.78757012382582
1509028382826,PodiumIR,90
1509028386638,Sound_R,66.67044041423489
1509028387403,Sound_C,62.010511813042946
1509028392828,Sound_P,54.210802194865956
1509028392835,PodiumIR,112
1509028396638,Sound_R,64.33357159337697
1509028396969,Motion_2,False
1509028396969,Motion_1,True
1509028397403,Sound_C,60.91654076977281
1509028402845,Sound_P,44.808697341762915
1509028402847,PodiumIR,102
1509028403107,Motion_2,True
1509028406638,Sound_R,66.8065377759258
1509028407403,Sound_C,63.73425277051397
1509028412849,Sound_P,51.62091662308819
1509028412863,PodiumIR,105
1509028415399,Motion_1,False
1509028415399,Seat_1,False
1509028415399,Seat_8,True
1509028415399,Motion_2,False
1509028416638,Sound_R,67.24135989062826
1509028417403,Sound_C,66.84003368841802
1509028422497,Motion_2,True
1509028422872,Sound_P,65.24535518573873
1509028422875,PodiumIR,130
1509028426635,Motion_8,True
1509028426635,Motion_1,True
1509028426638,Sound_R,66.29873164650718
1509028427403,Sound_C,67.13600681364593
1509028430792,Seat_8,False
1509028430792,Motion_6,True
1509028430792,Motion_7,True
1509028432876,Sound_P,70.0787016850011
1509028432887,PodiumIR,109
1509028433768,Motion_3,True
1509028435409,Motion_2,True
1509028436638,Sound_R,67.11235951299237
1509028437403,Sound_C,65.37458610241963
1509028439541,Motion_8,True
1509028439541,Motion_1,True
1509028441748,Motion_5,True
1509028441748,Motion_4,False
1509028442895,Sound_P,46.78757012382582
1509028442898,PodiumIR,119
1509028443804,Motion_6,False
1509028443804,Motion_7,True
1509028446638,Sound_R,67.99741837650242
1509028447403,Sound_C,64.49164617616368
1509028452900,Sound_P,51.62091662308819
1509028452902,PodiumIR,91
1509028456638,Sound_R,66.58819666829615
1509028457403,Sound_C,63.97789542883635
1509028462911,Sound_P,42.56523641427832
1509028462913,PodiumIR,136
1509028466638,Sound_R,66.43191154985442
1509028467403,Sound_C,67.91909622683515
1509028472915,Sound_P,44.808697341762915
1509028472918,PodiumIR,106
1509028476638,Sound_R,67.90707993670186
1509028477403,Sound_C,66.94864701022446
1509028482920,Sound_P,62.551438321825636
1509028482922,PodiumIR,110
1509028486638,Sound_R,65.85757897731595
1509028487403,Sound_C,59.55095745308419
1509028492924,Sound_P,56.45426312235056
1509028492926,PodiumIR,103
1509028496638,Sound_R,68.16672197132091
1509028497403,Sound_C,63.136890755765336
1509028502928,Sound_P,50.159038478285424
1509028502931,PodiumIR,90
1509028506638,Sound_R,71.60723437602546
1509028507403,Sound_C,68.74869886716435
1509028512932,Sound_P,48.55773214739296
1509028512934,PodiumIR,107
1509028516638,Sound_R,69.13825559144344
1509028517403,Sound_C,68.01170265479755
1509028522936,Sound_P,57.472817393488484
1509028522941,PodiumIR,118
1509028526638,Sound_R,68.67108577480343
1509028527403,Sound_C,67.9573960276177
1509028532943,Sound_P,50.159038478285424
1509028532945,PodiumIR,105
1509028536638,Sound_R,64.85360821416158
1509028537403,Sound_C,64.10513699944723
1509028542947,Sound_P,64.61127993529891
1509028542949,PodiumIR,111
1509028546638,Sound_R,64.41152597030475
1509028547403,Sound_C,60.58511459031214
1509028552951,Sound_P,42.56523641427832
1509028552954,PodiumIR,113
1509028556638,Sound_R,66.08403022426891
1509028557403,Sound_C,60.35509161411741
1509028562955,Sound_P,44.808697341762915
1509028562964,PodiumIR,107
1509028566638,Sound_R,59.895028187780376
1509028567403,Sound_C,57.15090890366313
1509028572965,Sound_P,51.62091662308819
1509028572967,PodiumIR,112
1509028576638,Sound_R,59.86970994867553
1509028577403,Sound_C,58.11567201539054
1509028582970,Sound_P,51.62091662308819
1509028582980,PodiumIR,89
1509028585957,Light_2,Off
1509028586552,Door,activate
1509028587100,Door,activate
1509028588324,Door,activate
1509028589355,Door,activate
