timestamp,sensor_name,value
1505992411990.0,Sound_L,55.866696298959795
1505992412745.0,Light_2,On
1505992413736.0,Sound_P,117.84343257374664
1505992413739.0,PodiumIR,100
1505992416638.0,Sound_R,56.70097836317415
1505992417403.0,Sound_C,55.4021073726281
1505992417647.2632,Temperature_1,25.78
1505992417649.2236,Humidity_1,56.07794910604482
1505992417650.1646,Temperature_2,23.55
1505992417659.125,Humidity_2,58.91430635986382
1505992421990.0,Sound_L,54.51147238114909
1505992423742.0,Sound_P,117.76167572141729
1505992423745.0,PodiumIR,121
1505992424307.5789,Temperature_1,25.78
1505992424314.4868,Temperature_2,23.55
1505992424314.542,Humidity_1,56.07794910604482
1505992424322.45,Humidity_2,58.91430635986382
1505992426638.0,Sound_R,58.01956646416871
1505992427403.0,Sound_C,56.85716948069686
1505992428457.0,Door,activate
1505992430980.8606,Humidity_1,56.07794910604482
1505992430982.8948,Temperature_1,25.78
1505992430990.8093,Temperature_2,23.55
1505992430991.775,Humidity_2,58.91430635986382
1505992431990.0,Sound_L,54.088085849086994
1505992433749.0,Sound_P,117.76167572141729
1505992433753.0,PodiumIR,85
1505992436638.0,Sound_R,57.739479556089485
1505992437403.0,Sound_C,56.539549710824694
1505992437648.179,Humidity_1,56.07794910604482
1505992437648.2104,Temperature_1,25.78
1505992437651.1,Humidity_2,58.91430635986382
1505992437657.1316,Temperature_2,23.55
1505992441990.0,Sound_L,53.537877358100275
1505992442969.0,Door,activate
1505992443756.0,Sound_P,117.67951907848958
1505992443759.0,PodiumIR,96
1505992444309.4973,Humidity_1,56.07794910604482
1505992444314.4539,Temperature_2,23.55
1505992444315.5264,Temperature_1,25.78
1505992444317.425,Humidity_2,58.91430635986382
1505992446638.0,Sound_R,55.86660200992458
1505992447403.0,Sound_C,55.37065385426944
1505992450532.0,Door,activate
1505992450974.8157,Humidity_1,56.07794910604482
1505992450980.842,Temperature_1,25.78
1505992450981.75,Humidity_2,58.91430635986382
1505992450983.7764,Temperature_2,23.55
1505992451990.0,Sound_L,54.51480893538467
1505992453763.0,Sound_P,117.51399064595054
1505992453766.0,PodiumIR,90
1505992456638.0,Sound_R,58.64420215264698
1505992457403.0,Sound_C,56.52751190288139
1505992457645.158,Temperature_1,25.78
1505992457650.0986,Temperature_2,23.55
1505992457651.1343,Humidity_1,56.07794910604482
1505992457658.075,Humidity_2,58.91430635986382
1505992461990.0,Sound_L,56.251367293103215
1505992463769.0,Sound_P,117.78897223432665
1505992463773.0,PodiumIR,102
1505992464305.4736,Temperature_1,25.78
1505992464311.4526,Humidity_1,56.07794910604482
1505992464315.4,Humidity_2,58.91430635986382
1505992464315.4211,Temperature_2,23.55
1505992466638.0,Sound_R,64.17460925043652
1505992467403.0,Sound_C,59.723092416407404
1505992470975.771,Humidity_1,56.07794910604482
1505992470976.7896,Temperature_1,25.78
1505992470983.725,Humidity_2,58.91430635986382
1505992470985.7434,Temperature_2,23.55
1505992471990.0,Sound_L,56.69297008442821
1505992473779.0,Sound_P,117.78897223432665
1505992473782.0,PodiumIR,95
1505992476638.0,Sound_R,63.92806211619679
1505992477403.0,Sound_C,60.58264038305769
1505992477642.1052,Temperature_1,25.78
1505992477648.0894,Humidity_1,56.07794910604482
1505992477653.0657,Temperature_2,23.55
1505992477656.05,Humidity_2,58.91430635986382
1505992481990.0,Sound_L,56.50429992534178
1505992483784.0,Sound_P,118.40485473799694
1505992483786.0,PodiumIR,101
1505992484307.408,Humidity_1,56.07794910604482
1505992484307.4211,Temperature_1,25.78
1505992484314.3882,Temperature_2,23.55
1505992484319.375,Humidity_2,58.91430635986382
1505992486638.0,Sound_R,62.815547605370874
1505992487403.0,Sound_C,58.276246019334614
1505992490970.7368,Temperature_1,25.78
1505992490973.7263,Humidity_1,56.07794910604482
1505992490979.7,Humidity_2,58.91430635986382
1505992490982.7104,Temperature_2,23.55
1505992491990.0,Sound_L,55.40255818655473
1505992493789.0,Sound_P,117.81622447063441
1505992493791.0,PodiumIR,125
1505992496638.0,Sound_R,63.3554871415891
1505992497403.0,Sound_C,60.7579096428772
1505992497646.0527,Temperature_1,25.78
1505992497647.0447,Humidity_1,56.07794910604482
1505992497651.025,Humidity_2,58.91430635986382
1505992497651.033,Temperature_2,23.55
1505992501990.0,Sound_L,58.125621333785034
1505992503793.0,Sound_P,117.84343257374664
1505992503796.0,PodiumIR,101
1505992504309.3684,Temperature_1,25.78
1505992504312.35,Humidity_2,58.91430635986382
1505992504313.363,Humidity_1,56.07794910604482
1505992504316.3552,Temperature_2,23.55
1505992506638.0,Sound_R,65.26308617953426
1505992507403.0,Sound_C,62.72203140774562
1505992510968.6843,Temperature_1,25.78
1505992510979.6816,Humidity_1,56.07794910604482
1505992510983.6777,Temperature_2,23.55
1505992510988.675,Humidity_2,58.91430635986382
1505992511991.0,Sound_L,59.907697813902004
1505992513801.0,Sound_P,117.73433478780012
1505992513803.0,PodiumIR,112
1505992516638.0,Sound_R,66.14982009315032
1505992517403.0,Sound_C,60.13897934177738
1505992517640.0,Temperature_1,25.78
1505992517643.0,Humidity_1,56.07794910604482
1505992517648.0,Temperature_2,23.55
1505992517650.0,Humidity_2,58.91430635986382
1505992521991.0,Sound_L,61.68996460996412
1505992523808.0,Sound_P,117.95182649811095
1505992523811.0,PodiumIR,87
1505992524309.0,Temperature_1,25.78
1505992524310.0,Humidity_1,56.07794910604482
1505992524311.0,Humidity_2,58.91430635986382
1505992524312.0,Temperature_2,23.55
1505992526638.0,Sound_R,64.15441879133203
1505992527403.0,Sound_C,60.94094314377573
1505992530969.0,Humidity_1,56.07794910604482
1505992530972.0,Temperature_1,25.78
1505992530973.0,Temperature_2,23.55
1505992530979.0,Humidity_2,58.91430635986382
1505992531991.0,Sound_L,60.44013507458313
1505992533813.0,Sound_P,117.78897223432665
1505992533815.0,PodiumIR,96
1505992536638.0,Sound_R,62.86313861798436
1505992537403.0,Sound_C,61.02129247702525
1505992537636.0,Humidity_1,56.07794910604482
1505992537636.0,Temperature_1,25.78
1505992537639.0,Temperature_2,23.55
1505992537644.0,Humidity_2,58.91430635986382
1505992541991.0,Sound_L,59.936535384165666
1505992543820.0,Sound_P,117.81622447063441
1505992543823.0,PodiumIR,109
1505992544296.0,Temperature_1,25.78
1505992544300.0,Temperature_2,23.55
1505992544302.0,Humidity_1,56.07794910604482
1505992544308.0,Humidity_2,58.91430635986382
1505992546638.0,Sound_R,61.97806100160664
1505992547403.0,Sound_C,59.36871912743419
1505992550956.0,Temperature_1,25.78
1505992550960.0,Humidity_1,56.07794910604482
1505992550964.0,Temperature_2,23.55
1505992550969.0,Humidity_2,58.91430635986382
1505992551991.0,Sound_L,59.3908710787016
1505992553828.0,Sound_P,117.81622447063441
1505992553831.0,PodiumIR,103
1505992556638.0,Sound_R,61.598972694870156
1505992557403.0,Sound_C,59.19250734142199
1505992557626.0,Humidity_1,56.07794910604482
1505992557627.0,Temperature_1,25.78
1505992557628.0,Temperature_2,23.55
1505992557629.0,Humidity_2,58.91430635986382
1505992561990.0,Sound_L,59.63583440835535
1505992563833.0,Sound_P,117.87059668637389
1505992563835.0,PodiumIR,134
1505992564290.0,Humidity_1,56.07794910604482
1505992564290.0,Temperature_1,25.78
1505992564299.0,Humidity_2,58.91430635986382
1505992564301.0,Temperature_2,23.55
1505992566638.0,Sound_R,64.14458072376287
1505992567403.0,Sound_C,61.01986260311596
1505992570957.0,Temperature_1,25.78
1505992570958.0,Humidity_1,56.07794910604482
1505992570960.0,Temperature_2,23.55
1505992570963.0,Humidity_2,58.91430635986382
1505992571991.0,Sound_L,60.47092142002064
1505992573841.0,Sound_P,117.34681513728647
1505992573843.0,PodiumIR,88
1505992576638.0,Sound_R,66.08085392127505
1505992577403.0,Sound_C,60.58186759362595
1505992577612.0,Temperature_1,25.78
1505992577621.0,Temperature_2,23.55
1505992577622.0,Humidity_1,56.07794910604482
1505992577626.0,Humidity_2,58.91430635986382
1505992581991.0,Sound_L,61.32992407921811
1505992583848.0,Sound_P,118.05952558485274
1505992583851.0,PodiumIR,106
1505992584278.0,Temperature_1,25.78
1505992584283.0,Humidity_1,56.07794910604482
1505992584284.0,Temperature_2,23.55
1505992584286.0,Humidity_2,58.91430635986382
1505992586638.0,Sound_R,65.6328610468343
1505992587403.0,Sound_C,58.82846588695844
1505992590947.0,Temperature_1,25.78
1505992590949.0,Humidity_2,58.91430635986382
1505992590951.0,Humidity_1,56.07794910604482
1505992590954.0,Temperature_2,23.55
1505992591991.0,Sound_L,62.187462913129906
1505992593853.0,Sound_P,117.65204401104197
1505992593855.0,PodiumIR,79
1505992596638.0,Sound_R,64.25468238005286
1505992597403.0,Sound_C,60.0746159334204
1505992597610.0,Temperature_1,25.78
1505992597615.0,Humidity_1,56.07794910604482
1505992597615.0,Humidity_2,58.91430635986382
1505992597619.0,Temperature_2,23.55
1505992601991.0,Sound_L,62.575716904569646
1505992603861.0,Sound_P,117.78897223432665
1505992603863.0,PodiumIR,98
1505992604270.0,Temperature_1,25.78
1505992604275.0,Humidity_1,56.07794910604482
1505992604280.0,Humidity_2,58.91430635986382
1505992604282.0,Temperature_2,23.55
1505992606638.0,Sound_R,63.74196707150734
1505992607403.0,Sound_C,61.12486917280404
1505992610935.0,Humidity_1,56.07794910604482
1505992610939.0,Temperature_1,25.78
1505992610944.0,Temperature_2,23.55
1505992610944.0,Humidity_2,58.91430635986382
1505992611991.0,Sound_L,62.4605682559157
1505992613866.0,Sound_P,117.81622447063441
1505992613869.0,PodiumIR,93
1505992616638.0,Sound_R,65.04848423090151
1505992617403.0,Sound_C,60.928463082624766
1505992617603.0,Humidity_1,56.07794910604482
1505992617604.0,Temperature_2,23.55
1505992617605.0,Temperature_1,25.78
1505992617615.0,Humidity_2,58.91430635986382
1505992621990.0,Sound_L,62.348348830804774
1505992623871.0,Sound_P,117.45845009950281
1505992623874.0,PodiumIR,97
1505992624262.0,Temperature_1,25.78
1505992624267.0,Humidity_1,56.07794910604482
1505992624273.0,Humidity_2,58.91430635986382
1505992624275.0,Temperature_2,23.55
1505992626638.0,Sound_R,64.89823750403774
1505992627403.0,Sound_C,60.33415990517833
1505992630929.0,Humidity_1,56.07794910604482
1505992630930.0,Temperature_1,25.78
1505992630938.0,Humidity_2,58.91430635986382
1505992630941.0,Temperature_2,23.55
1505992631990.0,Sound_L,61.471035243293684
1505992633879.0,Sound_P,118.3521869832679
1505992633881.0,PodiumIR,98
1505992636638.0,Sound_R,62.96633080533717
1505992637403.0,Sound_C,61.805653061459275
1505992637590.0,Humidity_1,56.07794910604482
1505992637593.0,Temperature_1,25.78
1505992637596.0,Temperature_2,23.55
1505992637598.0,Humidity_2,58.91430635986382
1505992641991.0,Sound_L,61.31723095695621
1505992643883.0,Sound_P,117.78897223432665
1505992643885.0,PodiumIR,70
1505992644252.0,Temperature_1,25.78
1505992644260.0,Humidity_1,56.07794910604482
1505992644260.0,Temperature_2,23.55
1505992644266.0,Humidity_2,58.91430635986382
1505992646638.0,Sound_R,64.4861894331887
1505992647403.0,Sound_C,63.130551389733256
1505992650920.0,Temperature_1,25.78
1505992650924.0,Humidity_1,56.07794910604482
1505992650932.0,Temperature_2,23.55
1505992650937.0,Humidity_2,58.91430635986382
1505992651991.0,Sound_L,61.70652129420348
1505992653887.0,Sound_P,117.81622447063441
1505992653890.0,PodiumIR,97
1505992656638.0,Sound_R,65.20249974200682
1505992657403.0,Sound_C,63.02164659524175
1505992657583.0,Temperature_1,25.78
1505992657591.0,Temperature_2,23.55
1505992657593.0,Humidity_1,56.07794910604482
1505992657600.0,Humidity_2,58.91430635986382
1505992661990.0,Sound_L,61.24501552734509
1505992663891.0,Sound_P,117.73433478780012
1505992663894.0,PodiumIR,114
1505992664247.0,Temperature_1,25.78
1505992664252.0,Humidity_1,56.07794910604482
1505992664263.0,Temperature_2,23.55
1505992664266.0,Humidity_2,58.91430635986382
1505992665098.0,Door,activate
1505992666638.0,Sound_R,62.00032874478692
1505992667403.0,Sound_C,62.48627782190554
1505992670907.0,Temperature_1,25.78
1505992670913.0,Humidity_1,56.07794910604482
1505992670918.0,Temperature_2,23.55
1505992670925.0,Humidity_2,58.91430635986382
1505992671990.0,Sound_L,60.04415218064102
1505992673895.0,Sound_P,117.78897223432665
1505992673898.0,PodiumIR,76
1505992676638.0,Sound_R,58.055251516896554
1505992677403.0,Sound_C,58.39164249990099
1505992677577.0,Temperature_1,25.78
1505992677579.0,Humidity_1,56.07794910604482
1505992677582.0,Temperature_2,23.55
1505992677589.0,Humidity_2,58.91430635986382
1505992681990.0,Sound_L,57.65255642413568
1505992683900.0,Sound_P,117.37479349512601
1505992683902.0,PodiumIR,99
1505992684240.0,Temperature_1,25.78
1505992684245.0,Humidity_1,56.07794910604482
1505992684251.0,Temperature_2,23.55
1505992684254.0,Humidity_2,58.91430635986382
1505992686638.0,Sound_R,56.294830456940765
1505992687403.0,Sound_C,54.7375109488054
1505992690905.0,Temperature_2,23.55
1505992690907.0,Humidity_1,56.07794910604482
1505992690907.0,Temperature_1,25.78
1505992690914.0,Humidity_2,58.91430635986382
1505992691990.0,Sound_L,55.40051622103648
1505992693904.0,Sound_P,117.40272533863349
1505992693906.0,PodiumIR,106
1505992696638.0,Sound_R,54.46078624878627
1505992697403.0,Sound_C,53.33942738917772
1505992697565.0,Temperature_1,25.78
1505992697572.0,Temperature_2,23.55
1505992697572.0,Humidity_1,56.07794910604482
1505992697575.0,Humidity_2,58.91430635986382
1505992701990.0,Sound_L,55.05811045084795
1505992703908.0,Sound_P,117.78897223432665
1505992703911.0,PodiumIR,111
1505992704234.0,Temperature_1,25.78
1505992704235.0,Temperature_2,23.55
1505992704239.0,Humidity_1,56.07794910604482
1505992704239.0,Humidity_2,58.91430635986382
1505992706638.0,Sound_R,54.39366615482263
1505992707403.0,Sound_C,52.61383643271961
1505992710897.0,Humidity_1,56.07794910604482
1505992710898.0,Temperature_1,25.78
1505992710901.0,Temperature_2,23.55
1505992710901.0,Humidity_2,58.91430635986382
1505992711990.0,Sound_L,54.566301597877576
1505992713912.0,Sound_P,117.84343257374664
1505992713915.0,PodiumIR,98
1505992716638.0,Sound_R,56.07226936336827
1505992717403.0,Sound_C,53.112841549175435
1505992717561.0,Temperature_1,25.78
1505992717566.0,Humidity_1,56.07794910604482
1505992717567.0,Humidity_2,58.91430635986382
1505992717567.0,Temperature_2,23.55
1505992721990.0,Sound_L,55.508920812347206
1505992723916.0,Sound_P,117.78897223432665
1505992723919.0,PodiumIR,107
1505992724220.0,Temperature_2,23.55
1505992724225.0,Temperature_1,25.78
1505992724230.0,Humidity_1,56.07794910604482
1505992724230.0,Humidity_2,58.91430635986382
1505992726638.0,Sound_R,56.885872277445195
1505992727403.0,Sound_C,53.281633263148365
1505992730885.0,Temperature_2,23.55
1505992730891.0,Temperature_1,25.78
1505992730893.0,Humidity_1,56.07794910604482
1505992730896.0,Humidity_2,58.91430635986382
1505992731990.0,Sound_L,55.66840212006949
1505992733921.0,Sound_P,118.40485473799694
1505992733923.0,PodiumIR,96
1505992736638.0,Sound_R,55.42819506605766
1505992737403.0,Sound_C,54.440522984821804
1505992737547.0,Temperature_2,23.55
1505992737552.0,Temperature_1,25.78
1505992737558.0,Humidity_1,56.07794910604482
1505992737561.0,Humidity_2,58.91430635986382
1505992741990.0,Sound_L,56.27199493366511
1505992743381.0,Door,activate
1505992743925.0,Sound_P,118.3785414984758
1505992743927.0,PodiumIR,96
1505992744213.0,Temperature_1,25.78
1505992744215.0,Humidity_2,58.91430635986382
1505992744216.0,Temperature_2,23.55
1505992744222.0,Humidity_1,56.07794910604482
1505992746638.0,Sound_R,56.52023686766348
1505992747403.0,Sound_C,57.105898891094704
1505992750876.0,Temperature_1,25.78
1505992750876.0,Temperature_2,23.55
1505992750879.0,Humidity_2,58.91430635986382
1505992750885.0,Humidity_1,56.07794910604482
1505992751990.0,Sound_L,57.58300303453561
1505992753929.0,Sound_P,117.78897223432665
1505992753932.0,PodiumIR,76
1505992756638.0,Sound_R,61.014234413470575
1505992757403.0,Sound_C,60.15431439638471
1505992757535.0,Temperature_2,23.55
1505992757539.0,Temperature_1,25.78
1505992757547.0,Humidity_1,56.07794910604482
1505992757550.0,Humidity_2,58.91430635986382
1505992761990.0,Sound_L,57.20243928797492
1505992763933.0,Sound_P,117.81622447063441
1505992763936.0,PodiumIR,89
1505992764203.0,Temperature_2,23.55
1505992764207.0,Temperature_1,25.78
1505992764208.0,Humidity_1,56.07794910604482
1505992764209.0,Humidity_2,58.91430635986382
1505992766638.0,Sound_R,61.19023559582047
1505992767403.0,Sound_C,60.71802962039421
1505992770868.0,Temperature_1,25.78
1505992770870.0,Temperature_2,23.55
1505992770875.0,Humidity_2,58.91430635986382
1505992770878.0,Humidity_1,56.07794910604482
1505992771990.0,Sound_L,57.46427296608485
1505992773937.0,Sound_P,117.76167572141729
1505992773940.0,PodiumIR,93
1505992776638.0,Sound_R,59.96349296835592
1505992777403.0,Sound_C,57.6552015815322
1505992777533.0,Temperature_2,23.55
1505992777534.0,Humidity_2,58.91430635986382
1505992777539.0,Humidity_1,56.07794910604482
1505992777539.0,Temperature_1,25.78
1505992781990.0,Sound_L,56.8545071373654
1505992783941.0,Sound_P,118.3521869832679
1505992783944.0,PodiumIR,70
1505992784200.0,Temperature_1,25.78
1505992784204.0,Humidity_1,56.07794910604482
1505992784211.0,Temperature_2,23.55
1505992784215.0,Humidity_2,58.91430635986382
1505992786638.0,Sound_R,61.00404681472875
1505992787403.0,Sound_C,57.912983769605205
1505992790864.0,Temperature_1,25.78
1505992790871.0,Temperature_2,23.55
1505992790873.0,Humidity_1,56.07794910604482
1505992790876.0,Humidity_2,58.91430635986382
1505992791990.0,Sound_L,57.40632991814229
1505992793946.0,Sound_P,117.78897223432665
1505992793948.0,PodiumIR,99
1505992796638.0,Sound_R,62.1436862430655
1505992797403.0,Sound_C,59.39165372153229
1505992797527.0,Humidity_1,56.07794910604482
1505992797530.0,Temperature_1,25.78
1505992797536.0,Temperature_2,23.55
1505992797540.0,Humidity_2,58.91430635986382
1505992801990.0,Sound_L,58.40486470474151
1505992803950.0,Sound_P,117.78897223432665
1505992803952.0,PodiumIR,92
1505992804192.0,Temperature_1,25.78
1505992804199.0,Humidity_1,56.07794910604482
1505992804206.0,Temperature_2,23.55
1505992804212.0,Humidity_2,58.91430635986382
1505992806638.0,Sound_R,61.7961903984035
1505992807403.0,Sound_C,59.46490676573341
1505992810855.0,Temperature_1,25.78
1505992810862.0,Humidity_1,56.07794910604482
1505992810869.0,Temperature_2,23.55
1505992810875.0,Humidity_2,58.91430635986382
1505992811990.0,Sound_L,60.02360967647701
1505992813954.0,Sound_P,117.73433478780012
1505992813957.0,PodiumIR,90
1505992816638.0,Sound_R,63.5674432679184
1505992817403.0,Sound_C,61.19025438627019
1505992817520.0,Humidity_1,56.07794910604482
1505992817520.0,Temperature_1,25.78
1505992817532.0,Temperature_2,23.55
1505992817533.0,Humidity_2,58.91430635986382
1505992821990.0,Sound_L,62.50497291567195
1505992823958.0,Sound_P,118.3521869832679
1505992823961.0,PodiumIR,91
1505992824183.0,Temperature_1,25.78
1505992824192.0,Humidity_1,56.07794910604482
1505992824194.0,Temperature_2,23.55
1505992824202.0,Humidity_2,58.91430635986382
1505992826638.0,Sound_R,67.33962786023564
1505992827403.0,Sound_C,63.03280977804571
1505992830845.0,Temperature_1,25.78
1505992830855.0,Humidity_1,56.07794910604482
1505992830861.0,Temperature_2,23.55
1505992830868.0,Humidity_2,58.91430635986382
1505992831990.0,Sound_L,63.66738291718583
1505992833962.0,Sound_P,117.76167572141729
1505992833965.0,PodiumIR,109
1505992836638.0,Sound_R,66.10989657550795
1505992837403.0,Sound_C,63.84102214836033
1505992837513.0,Humidity_1,56.07794910604482
1505992837515.0,Temperature_1,25.78
1505992837526.0,Temperature_2,23.55
1505992837527.0,Humidity_2,58.91430635986382
1505992841990.0,Sound_L,63.269989805932546
1505992843966.0,Sound_P,117.51399064595054
1505992843969.0,PodiumIR,85
1505992844176.0,Temperature_1,25.78
1505992844182.0,Humidity_1,56.07794910604482
1505992844190.0,Temperature_2,23.55
1505992844192.0,Humidity_2,58.91430635986382
1505992846638.0,Sound_R,65.00942558769371
1505992847403.0,Sound_C,63.686777636062374
1505992850838.0,Temperature_1,25.78
1505992850839.0,Humidity_1,56.07794910604482
1505992850854.0,Temperature_2,23.55
1505992850860.0,Humidity_2,58.91430635986382
1505992851990.0,Sound_L,61.8649253918579
1505992853985.0,Sound_P,118.3521869832679
1505992853987.0,PodiumIR,105
1505992856638.0,Sound_R,66.75898701858442
1505992857403.0,Sound_C,64.65453906124702
1505992857500.0,Temperature_1,25.78
1505992857505.0,Humidity_1,56.07794910604482
1505992857510.0,Temperature_2,23.55
1505992857517.0,Humidity_2,58.91430635986382
1505992861990.0,Sound_L,61.88540034488686
1505992863989.0,Sound_P,118.2993536063961
1505992863992.0,PodiumIR,109
1505992864170.0,Temperature_1,25.78
1505992864171.0,Humidity_1,56.07794910604482
1505992864178.0,Temperature_2,23.55
1505992864182.0,Humidity_2,58.91430635986382
1505992866638.0,Sound_R,65.5518201516041
1505992867403.0,Sound_C,63.95876562093125
1505992870829.0,Temperature_1,25.78
1505992870838.0,Temperature_2,23.55
1505992870840.0,Humidity_1,56.07794910604482
1505992870844.0,Humidity_2,58.91430635986382
1505992871990.0,Sound_L,62.15575776974414
1505992873993.0,Sound_P,117.73433478780012
1505992873996.0,PodiumIR,97
1505992876638.0,Sound_R,63.26330106542019
1505992877403.0,Sound_C,62.252875845437266
1505992877493.0,Temperature_1,25.78
1505992877500.0,Humidity_1,56.07794910604482
1505992877508.0,Temperature_2,23.55
1505992877510.0,Humidity_2,58.91430635986382
1505992881990.0,Sound_L,61.63645045261597
1505992883997.0,Sound_P,117.84343257374664
1505992884000.0,PodiumIR,97
1505992884156.0,Temperature_1,25.78
1505992884161.0,Humidity_1,56.07794910604482
1505992884167.0,Temperature_2,23.55
1505992884173.0,Humidity_2,58.91430635986382
1505992886638.0,Sound_R,64.85237099091407
1505992887403.0,Sound_C,62.04281165175568
1505992890819.0,Temperature_1,25.78
1505992890830.0,Humidity_1,56.07794910604482
1505992890832.0,Temperature_2,23.55
1505992890835.0,Humidity_2,58.91430635986382
1505992891990.0,Sound_L,60.53292834009758
1505992894001.0,Sound_P,117.70694928866428
1505992894004.0,PodiumIR,69
1505992896638.0,Sound_R,66.9582690630515
1505992897403.0,Sound_C,62.50792207646092
1505992897489.0,Temperature_1,25.78
1505992897491.0,Humidity_1,56.07794910604482
1505992897496.0,Temperature_2,23.55
1505992897508.0,Humidity_2,58.91430635986382
1505992901990.0,Sound_L,59.5920346194245
1505992904005.0,Sound_P,117.70694928866428
1505992904008.0,PodiumIR,97
1505992904155.0,Temperature_1,25.78
1505992904158.0,Humidity_1,56.07794910604482
1505992904166.0,Humidity_2,58.91430635986382
1505992904167.0,Temperature_2,23.55
1505992906638.0,Sound_R,67.73196592928377
1505992907403.0,Sound_C,64.50117452427271
1505992910817.0,Temperature_1,25.78
1505992910819.0,Humidity_1,56.07794910604482
1505992910827.0,Temperature_2,23.55
1505992910828.0,Humidity_2,58.91430635986382
1505992911990.0,Sound_L,60.66117395177518
1505992914010.0,Sound_P,117.56934819191356
1505992914012.0,PodiumIR,92
1505992916638.0,Sound_R,67.62764384864607
1505992917403.0,Sound_C,65.44843019446292
1505992917481.0,Temperature_1,25.78
1505992917484.0,Humidity_1,56.07794910604482
1505992917491.0,Temperature_2,23.55
1505992917495.0,Humidity_2,58.91430635986382
1505992921990.0,Sound_L,62.11301205874994
1505992924014.0,Sound_P,117.81622447063441
1505992924016.0,PodiumIR,87
1505992924145.0,Temperature_1,25.78
1505992924153.0,Humidity_1,56.07794910604482
1505992924158.0,Humidity_2,58.91430635986382
1505992924159.0,Temperature_2,23.55
1505992926638.0,Sound_R,66.00812718238639
1505992927403.0,Sound_C,64.33580709661913
1505992930808.0,Temperature_1,25.78
1505992930815.0,Humidity_1,56.07794910604482
1505992930818.0,Temperature_2,23.55
1505992930818.0,Humidity_2,58.91430635986382
1505992931990.0,Sound_L,62.85535959352331
1505992934018.0,Sound_P,117.73433478780012
1505992934021.0,PodiumIR,88
1505992936638.0,Sound_R,65.63161222024576
1505992937403.0,Sound_C,63.094755547218845
1505992937470.0,Temperature_1,25.78
1505992937471.0,Humidity_1,56.07794910604482
1505992937486.0,Humidity_2,58.91430635986382
1505992937488.0,Temperature_2,23.55
1505992941990.0,Sound_L,62.19609758009486
1505992944022.0,Sound_P,117.67951907848958
1505992944025.0,PodiumIR,95
1505992944132.0,Temperature_1,25.78
1505992944143.0,Temperature_2,23.55
1505992944145.0,Humidity_1,56.07794910604482
1505992944146.0,Humidity_2,58.91430635986382
1505992946638.0,Sound_R,65.10785990097257
1505992947403.0,Sound_C,61.029044969410016
1505992950792.0,Temperature_1,25.78
1505992950804.0,Humidity_1,56.07794910604482
1505992950807.0,Temperature_2,23.55
1505992950808.0,Humidity_2,58.91430635986382
1505992951990.0,Sound_L,61.14252247502633
1505992954027.0,Sound_P,117.48624332337616
1505992954029.0,PodiumIR,99
1505992956638.0,Sound_R,61.5299148739711
1505992957403.0,Sound_C,59.201212331811945
1505992957454.0,Temperature_1,25.78
1505992957468.0,Humidity_2,58.91430635986382
1505992957471.0,Humidity_1,56.07794910604482
1505992957480.0,Temperature_2,23.55
1505992961990.0,Sound_L,60.647906591563085
1505992964031.0,Sound_P,118.40485473799694
1505992964034.0,PodiumIR,110
1505992964123.0,Temperature_1,25.78
1505992964128.0,Humidity_1,56.07794910604482
1505992964138.0,Humidity_2,58.91430635986382
1505992964142.0,Temperature_2,23.55
1505992966638.0,Sound_R,61.349495478487086
1505992967403.0,Sound_C,59.23609322267519
1505992970780.0,Temperature_1,25.78
1505992970795.0,Humidity_2,58.91430635986382
1505992970798.0,Temperature_2,23.55
1505992970800.0,Humidity_1,56.07794910604482
1505992971990.0,Sound_L,60.217824959563444
1505992974035.0,Sound_P,117.67951907848958
1505992974037.0,PodiumIR,108
1505992976638.0,Sound_R,63.99944222816557
1505992977403.0,Sound_C,61.164209279179424
1505992977446.0,Temperature_1,25.78
1505992977455.0,Humidity_1,56.07794910604482
1505992977461.0,Humidity_2,58.91430635986382
1505992977469.0,Temperature_2,23.55
1505992981990.0,Sound_L,60.00295933088635
1505992984039.0,Sound_P,117.76167572141729
1505992984042.0,PodiumIR,62
1505992984106.0,Temperature_1,25.78
1505992984121.0,Humidity_2,58.91430635986382
1505992984124.0,Humidity_1,56.07794910604482
1505992984127.0,Temperature_2,23.55
1505992986638.0,Sound_R,64.66831807827297
1505992987403.0,Sound_C,63.21881203294978
1505992990769.0,Temperature_1,25.78
1505992990784.0,Humidity_1,56.07794910604482
1505992990788.0,Humidity_2,58.91430635986382
1505992990797.0,Temperature_2,23.55
1505992991990.0,Sound_L,61.027237017233695
1505992994044.0,Sound_P,117.73433478780012
1505992994046.0,PodiumIR,94
1505992996638.0,Sound_R,64.4266788344408
1505992997403.0,Sound_C,63.22500157351376
1505992997434.0,Temperature_1,25.78
1505992997450.0,Humidity_2,58.91430635986382
1505992997454.0,Humidity_1,56.07794910604482
1505992997464.0,Temperature_2,23.55
1505993001990.0,Sound_L,63.236361158079035
1505993004048.0,Sound_P,118.05952558485274
1505993004050.0,PodiumIR,102
1505993004105.0,Temperature_1,25.78
1505993004114.0,Humidity_1,56.07794910604482
1505993004115.0,Humidity_2,58.91430635986382
1505993004126.0,Temperature_2,23.55
1505993006638.0,Sound_R,64.94027970865892
1505993007403.0,Sound_C,63.15907017154302
1505993010760.0,Temperature_1,25.78
1505993010775.0,Humidity_2,58.91430635986382
1505993010778.0,Humidity_1,56.07794910604482
1505993010792.0,Temperature_2,23.55
1505993011990.0,Sound_L,62.88006337697462
1505993014052.0,Sound_P,117.84343257374664
1505993014064.0,PodiumIR,87
1505993016638.0,Sound_R,66.93203016886055
1505993017403.0,Sound_C,64.81459593563878
1505993017421.0,Temperature_1,25.78
1505993017442.0,Humidity_1,56.07794910604482
1505993017445.0,Humidity_2,58.91430635986382
1505993017456.0,Temperature_2,23.55
1505993021990.0,Sound_L,61.827809320442014
1505993024066.0,Sound_P,117.92479350756437
1505993024069.0,PodiumIR,93
1505993024092.0,Temperature_1,25.78
1505993024100.0,Humidity_2,58.91430635986382
1505993024107.0,Humidity_1,56.07794910604482
1505993024111.0,Temperature_2,23.55
1505993026638.0,Sound_R,66.65544570256475
1505993027403.0,Sound_C,62.94578021658605
1505993030753.0,Temperature_1,25.78
1505993030764.0,Humidity_2,58.91430635986382
1505993030774.0,Temperature_2,23.55
1505993030776.0,Humidity_1,56.07794910604482
1505993031990.0,Sound_L,61.098741854434124
1505993034071.0,Sound_P,117.76167572141729
1505993034073.0,PodiumIR,100
1505993036638.0,Sound_R,65.05277333178863
1505993037403.0,Sound_C,60.622539338842834
1505993037412.0,Temperature_1,25.78
1505993037433.0,Humidity_2,58.91430635986382
1505993037438.0,Temperature_2,23.55
1505993037441.0,Humidity_1,56.07794910604482
1505993041990.0,Sound_L,61.05580222981666
1505993044075.0,Sound_P,117.87059668637389
1505993044077.0,PodiumIR,85
1505993044077.0,Temperature_1,25.78
1505993044097.0,Humidity_2,58.91430635986382
1505993044103.0,Humidity_1,56.07794910604482
1505993044104.0,Temperature_2,23.55
1505993046638.0,Sound_R,65.54708421045332
1505993047403.0,Sound_C,60.99562756821725
1505993050760.0,Temperature_1,25.78
1505993050764.0,Humidity_1,56.07794910604482
1505993050771.0,Temperature_2,23.55
1505993050774.0,Humidity_2,58.91430635986382
1505993051990.0,Sound_L,61.48870774463332
1505993054079.0,Sound_P,117.70694928866428
1505993054082.0,PodiumIR,100
1505993056638.0,Sound_R,65.15445381095869
1505993057403.0,Sound_C,61.07579045874763
1505993057426.0,Humidity_1,56.07794910604482
1505993057428.0,Temperature_1,25.78
1505993057433.0,Temperature_2,23.55
1505993057436.0,Humidity_2,58.91430635986382
1505993061990.0,Sound_L,59.95472620335843
1505993064084.0,Sound_P,117.40272533863349
1505993064086.0,PodiumIR,99
1505993064089.0,Temperature_1,25.78
1505993064093.0,Humidity_1,56.07794910604482
1505993064100.0,Temperature_2,23.55
1505993064105.0,Humidity_2,58.91430635986382
1505993066638.0,Sound_R,63.429010307748484
1505993067403.0,Sound_C,59.57089495845662
1505993070752.0,Humidity_1,56.07794910604482
1505993070753.0,Temperature_1,25.78
1505993070759.0,Temperature_2,23.55
1505993070766.0,Humidity_2,58.91430635986382
1505993071990.0,Sound_L,60.20228943702999
1505993074088.0,Sound_P,117.76167572141729
1505993074090.0,PodiumIR,110
1505993076638.0,Sound_R,60.8267277788075
1505993077403.0,Sound_C,58.749364120571244
1505993077412.0,Temperature_1,25.78
1505993077420.0,Humidity_1,56.07794910604482
1505993077428.0,Temperature_2,23.55
1505993077432.0,Humidity_2,58.91430635986382
1505993081990.0,Sound_L,60.37690428033982
1505993084082.0,Temperature_1,25.78
1505993084083.0,Humidity_1,56.07794910604482
1505993084084.0,Temperature_2,23.55
1505993084091.0,Humidity_2,58.91430635986382
1505993084094.0,Sound_P,117.76167572141729
1505993084096.0,PodiumIR,102
1505993086638.0,Sound_R,61.052849000698046
1505993087403.0,Sound_C,60.561177953284734
1505993090745.0,Temperature_1,25.78
1505993090749.0,Humidity_1,56.07794910604482
1505993090753.0,Temperature_2,23.55
1505993090755.0,Humidity_2,58.91430635986382
1505993091990.0,Sound_L,60.949552621656096
1505993094098.0,Sound_P,117.78897223432665
1505993094100.0,PodiumIR,107
1505993096638.0,Sound_R,64.40517954740666
1505993097403.0,Temperature_1,25.78
1505993097403.0,Sound_C,62.093867802668946
1505993097412.0,Temperature_2,23.55
1505993097413.0,Humidity_1,56.07794910604482
1505993097422.0,Humidity_2,58.91430635986382
1505993101990.0,Sound_L,61.424434192576484
1505993104068.0,Temperature_1,25.78
1505993104075.0,Temperature_2,23.55
1505993104080.0,Humidity_1,56.07794910604482
1505993104089.0,Humidity_2,58.91430635986382
1505993104102.0,Sound_P,117.81622447063441
1505993104104.0,PodiumIR,122
1505993106638.0,Sound_R,68.48802068202708
1505993107403.0,Sound_C,64.13849778038542
1505993110733.0,Temperature_2,23.55
1505993110739.0,Temperature_1,25.78
1505993110739.0,Humidity_1,56.07794910604482
1505993110748.0,Humidity_2,58.91430635986382
1505993111990.0,Sound_L,61.58330989324572
1505993114106.0,Sound_P,117.70694928866428
1505993114109.0,PodiumIR,114
1505993116638.0,Sound_R,66.29656252874985
1505993117401.0,Temperature_1,25.78
1505993117402.0,Temperature_2,23.55
1505993117403.0,Sound_C,61.97344489892557
1505993117403.0,Humidity_1,56.07794910604482
1505993117414.0,Humidity_2,58.91430635986382
1505993121990.0,Sound_L,60.52008526191304
1505993124067.0,Temperature_1,25.78
1505993124068.0,Humidity_1,56.07794910604482
1505993124069.0,Temperature_2,23.55
1505993124076.0,Humidity_2,58.91430635986382
1505993124110.0,Sound_P,117.62452393936876
1505993124113.0,PodiumIR,127
1505993126638.0,Sound_R,63.82697699728998
1505993127403.0,Sound_C,61.138747703206604
1505993130724.0,Temperature_1,25.78
1505993130725.0,Temperature_2,23.55
1505993130733.0,Humidity_1,56.07794910604482
1505993130745.0,Humidity_2,58.91430635986382
1505993131990.0,Sound_L,59.92633496989396
1505993134114.0,Sound_P,117.76167572141729
1505993134118.0,PodiumIR,134
1505993136638.0,Sound_R,66.43484552452621
1505993137392.0,Humidity_1,56.07794910604482
1505993137393.0,Temperature_2,23.55
1505993137397.0,Temperature_1,25.78
1505993137401.0,Humidity_2,58.91430635986382
1505993137403.0,Sound_C,64.99664296369002
1505993141990.0,Sound_L,60.00240699030455
1505993144052.0,Temperature_2,23.55
1505993144055.0,Humidity_1,56.07794910604482
1505993144059.0,Temperature_1,25.78
1505993144067.0,Humidity_2,58.91430635986382
1505993144123.0,Sound_P,118.24635356244428
1505993144126.0,PodiumIR,94
1505993146638.0,Sound_R,64.86918352662332
1505993147403.0,Sound_C,64.84806357058721
1505993150714.0,Temperature_2,23.55
1505993150718.0,Temperature_1,25.78
1505993150726.0,Humidity_1,56.07794910604482
1505993150733.0,Humidity_2,58.91430635986382
1505993151990.0,Sound_L,60.68543087159559
1505993154130.0,Sound_P,118.32579106267738
1505993154132.0,PodiumIR,101
1505993156638.0,Sound_R,65.60094735341987
1505993157382.0,Temperature_1,25.78
1505993157382.0,Temperature_2,23.55
1505993157393.0,Humidity_1,56.07794910604482
1505993157393.0,Humidity_2,58.91430635986382
1505993157403.0,Sound_C,62.57061995096945
1505993161990.0,Sound_L,60.54045087171137
1505993164037.0,Temperature_2,23.55
1505993164043.0,Temperature_1,25.78
1505993164055.0,Humidity_1,56.07794910604482
1505993164059.0,Humidity_2,58.91430635986382
1505993164137.0,Sound_P,117.67951907848958
1505993164139.0,PodiumIR,117
1505993166638.0,Sound_R,66.89928575918894
1505993167403.0,Sound_C,62.72865385023879
1505993170701.0,Temperature_2,23.55
1505993170714.0,Humidity_1,56.07794910604482
1505993170714.0,Temperature_1,25.78
1505993170722.0,Humidity_2,58.91430635986382
1505993171990.0,Sound_L,60.39992468973688
1505993174141.0,Sound_P,117.76167572141729
1505993174143.0,PodiumIR,82
1505993176638.0,Sound_R,64.18035599056306
1505993177364.0,Temperature_2,23.55
1505993177376.0,Humidity_1,56.07794910604482
1505993177378.0,Temperature_1,25.78
1505993177388.0,Humidity_2,58.91430635986382
1505993177403.0,Sound_C,61.76673787556505
1505993181990.0,Sound_L,60.45864892481987
1505993184040.0,Temperature_1,25.78
1505993184044.0,Humidity_1,56.07794910604482
1505993184050.0,Temperature_2,23.55
1505993184054.0,Humidity_2,58.91430635986382
1505993184145.0,Sound_P,117.87059668637389
1505993184149.0,PodiumIR,102
1505993186638.0,Sound_R,61.13079564190261
1505993187403.0,Sound_C,58.67433795744154
1505993190704.0,Temperature_1,25.78
1505993190708.0,Humidity_1,56.07794910604482
1505993190709.0,Temperature_2,23.55
1505993190715.0,Humidity_2,58.91430635986382
1505993191990.0,Sound_L,59.82324405383535
1505993194152.0,Sound_P,117.70694928866428
1505993194154.0,PodiumIR,82
1505993196638.0,Sound_R,57.850758509888635
1505993197372.0,Humidity_1,56.07794910604482
1505993197373.0,Temperature_1,25.78
1505993197377.0,Temperature_2,23.55
1505993197383.0,Humidity_2,58.91430635986382
1505993197403.0,Sound_C,56.36681791094608
1505993201990.0,Sound_L,57.66099806377504
1505993204030.0,Humidity_1,56.07794910604482
1505993204033.0,Temperature_1,25.78
1505993204040.0,Temperature_2,23.55
1505993204047.0,Humidity_2,58.91430635986382
1505993204156.0,Sound_P,117.62452393936876
1505993204158.0,PodiumIR,101
1505993206638.0,Sound_R,58.012916141602396
1505993207403.0,Sound_C,55.71639730138301
1505993210691.0,Temperature_1,25.78
1505993210698.0,Humidity_1,56.07794910604482
1505993210708.0,Humidity_2,58.91430635986382
1505993210709.0,Temperature_2,23.55
1505993211990.0,Sound_L,56.63455054470262
1505993214160.0,Sound_P,118.45735790572417
1505993214163.0,PodiumIR,117
1505993216638.0,Sound_R,58.86547861975433
1505993217355.0,Humidity_1,56.07794910604482
1505993217362.0,Temperature_1,25.78
1505993217365.0,Temperature_2,23.55
1505993217367.0,Humidity_2,58.91430635986382
1505993217403.0,Sound_C,57.43953146129019
1505993221990.0,Sound_L,57.41234160163033
1505993224021.0,Humidity_1,56.07794910604482
1505993224022.0,Temperature_1,25.78
1505993224030.0,Humidity_2,58.91430635986382
1505993224034.0,Temperature_2,23.55
1505993224164.0,Sound_P,117.45845009950281
1505993224167.0,PodiumIR,89
1505993226638.0,Sound_R,60.95766510215315
1505993227403.0,Sound_C,60.05714429441101
1505993230684.0,Temperature_1,25.78
1505993230688.0,Humidity_1,56.07794910604482
1505993230698.0,Temperature_2,23.55
1505993230699.0,Humidity_2,58.91430635986382
1505993231990.0,Sound_L,59.01605825156274
1505993234168.0,Sound_P,117.76167572141729
1505993234171.0,PodiumIR,93
1505993236638.0,Sound_R,62.062810140832255
1505993237352.0,Humidity_1,56.07794910604482
1505993237353.0,Temperature_1,25.78
1505993237354.0,Humidity_2,58.91430635986382
1505993237357.0,Temperature_2,23.55
1505993237403.0,Sound_C,61.03535990111295
1505993241990.0,Sound_L,59.40438647988019
1505993244007.0,Humidity_1,56.07794910604482
1505993244011.0,Temperature_1,25.78
1505993244017.0,Humidity_2,58.91430635986382
1505993244028.0,Temperature_2,23.55
1505993244172.0,Sound_P,117.76167572141729
1505993244175.0,PodiumIR,94
1505993246638.0,Sound_R,59.91483519635295
1505993247403.0,Sound_C,59.37245064906992
1505993250673.0,Humidity_1,56.07794910604482
1505993250680.0,Temperature_1,25.78
1505993250685.0,Humidity_2,58.91430635986382
1505993250692.0,Temperature_2,23.55
1505993251990.0,Sound_L,58.49340798318472
1505993254176.0,Sound_P,117.76167572141729
1505993254179.0,PodiumIR,89
1505993256638.0,Sound_R,60.44304531807517
1505993257333.0,Humidity_1,56.07794910604482
1505993257340.0,Temperature_1,25.78
1505993257342.0,Humidity_2,58.91430635986382
1505993257353.0,Temperature_2,23.55
1505993257403.0,Sound_C,59.21947400399188
1505993261990.0,Sound_L,58.35688788947547
1505993264003.0,Humidity_1,56.07794910604482
1505993264005.0,Humidity_2,58.91430635986382
1505993264010.0,Temperature_1,25.78
1505993264023.0,Temperature_2,23.55
1505993264181.0,Sound_P,117.78897223432665
1505993264183.0,PodiumIR,92
1505993266638.0,Sound_R,62.43476196498736
1505993267403.0,Sound_C,60.23041369557257
1505993270668.0,Humidity_1,56.07794910604482
1505993270674.0,Temperature_1,25.78
1505993270677.0,Humidity_2,58.91430635986382
1505993270684.0,Temperature_2,23.55
1505993271990.0,Sound_L,58.508994538243726
1505993274185.0,Sound_P,118.21979071106135
1505993274187.0,PodiumIR,95
1505993276638.0,Sound_R,62.42052014661391
1505993277324.0,Humidity_1,56.07794910604482
1505993277336.0,Humidity_2,58.91430635986382
1505993277341.0,Temperature_1,25.78
1505993277342.0,Temperature_2,23.55
1505993277403.0,Sound_C,61.763480550736666
1505993281990.0,Sound_L,59.30132323502646
1505993283991.0,Humidity_1,56.07794910604482
1505993284000.0,Temperature_1,25.78
1505993284000.0,Humidity_2,58.91430635986382
1505993284013.0,Temperature_2,23.55
1505993284189.0,Sound_P,118.1931857965549
1505993284192.0,PodiumIR,126
1505993286638.0,Sound_R,63.4326128824409
1505993287403.0,Sound_C,62.14089892044899
1505993290649.0,Humidity_1,56.07794910604482
1505993290662.0,Temperature_1,25.78
1505993290663.0,Humidity_2,58.91430635986382
1505993290679.0,Temperature_2,23.55
1505993291990.0,Sound_L,58.75135694662529
1505993294194.0,Sound_P,118.3785414984758
1505993294196.0,PodiumIR,84
1505993296638.0,Sound_R,63.91608337989553
1505993297317.0,Humidity_1,56.07794910604482
1505993297326.0,Humidity_2,58.91430635986382
1505993297331.0,Temperature_1,25.78
1505993297336.0,Temperature_2,23.55
1505993297403.0,Sound_C,62.28227760017271
1505993301990.0,Sound_L,59.871435546357844
1505993303973.0,Humidity_1,56.07794910604482
1505993303990.0,Humidity_2,58.91430635986382
1505993303992.0,Temperature_1,25.78
1505993304001.0,Temperature_2,23.55
1505993304198.0,Sound_P,118.40485473799694
1505993304200.0,PodiumIR,99
1505993306638.0,Sound_R,62.96507477052494
1505993307403.0,Sound_C,60.5145344162243
1505993310640.0,Humidity_1,56.07794910604482
1505993310653.0,Temperature_1,25.78
1505993310656.0,Humidity_2,58.91430635986382
1505993310666.0,Temperature_2,23.55
1505993311990.0,Sound_L,60.610526987732825
1505993314202.0,Sound_P,118.4311268309188
1505993314205.0,PodiumIR,107
1505993316638.0,Sound_R,62.61759583652617
1505993317320.0,Temperature_1,25.78
1505993317323.0,Humidity_1,56.07794910604482
1505993317330.0,Temperature_2,23.55
1505993317333.0,Humidity_2,58.91430635986382
1505993317403.0,Sound_C,58.627633540574685
1505993321990.0,Sound_L,62.54185073619068
1505993323984.0,Humidity_1,56.07794910604482
1505993323985.0,Temperature_1,25.78
1505993323997.0,Temperature_2,23.55
1505993324002.0,Humidity_2,58.91430635986382
1505993324206.0,Sound_P,117.76167572141729
1505993324209.0,PodiumIR,86
1505993326638.0,Sound_R,64.44149788673728
1505993327403.0,Sound_C,61.40298873553576
1505993330646.0,Humidity_1,56.07794910604482
1505993330648.0,Temperature_1,25.78
1505993330659.0,Humidity_2,58.91430635986382
1505993330660.0,Temperature_2,23.55
1505993331688.0,Door,activate
1505993331990.0,Sound_L,62.27470597905281
1505993333481.0,Door,activate
1505993334211.0,Sound_P,117.37479349512601
1505993334213.0,PodiumIR,113
1505993336638.0,Sound_R,63.64837228747469
1505993337309.0,Temperature_1,25.78
1505993337314.0,Humidity_1,56.07794910604482
1505993337321.0,Humidity_2,58.91430635986382
1505993337322.0,Temperature_2,23.55
1505993337403.0,Sound_C,63.117812496939855
1505993341990.0,Sound_L,60.88854412320664
1505993343971.0,Temperature_1,25.78
1505993343982.0,Humidity_1,56.07794910604482
1505993343984.0,Humidity_2,58.91430635986382
1505993343985.0,Temperature_2,23.55
1505993344215.0,Sound_P,118.3785414984758
1505993344217.0,PodiumIR,83
1505993346638.0,Sound_R,60.72861981780949
1505993347403.0,Sound_C,59.96533853484643
1505993350642.0,Temperature_1,25.78
1505993350644.0,Humidity_1,56.07794910604482
1505993350649.0,Humidity_2,58.91430635986382
1505993350655.0,Temperature_2,23.55
1505993351990.0,Sound_L,59.8608395560893
1505993354219.0,Sound_P,117.84343257374664
1505993354222.0,PodiumIR,83
1505993356638.0,Sound_R,64.32122296048838
1505993357303.0,Humidity_1,56.07794910604482
1505993357307.0,Temperature_1,25.78
1505993357315.0,Humidity_2,58.91430635986382
1505993357318.0,Temperature_2,23.55
1505993357403.0,Sound_C,63.59470294199272
1505993361990.0,Sound_L,61.168558055083714
1505993363968.0,Humidity_1,56.07794910604482
1505993363970.0,Temperature_1,25.78
1505993363983.0,Humidity_2,58.91430635986382
1505993363983.0,Temperature_2,23.55
1505993364223.0,Sound_P,117.73433478780012
1505993364226.0,PodiumIR,94
1505993366638.0,Sound_R,67.71556280736546
1505993367403.0,Sound_C,68.35321003520646
1505993370633.0,Temperature_1,25.78
1505993370633.0,Humidity_1,56.07794910604482
1505993370641.0,Temperature_2,23.55
1505993370644.0,Humidity_2,58.91430635986382
1505993371990.0,Sound_L,62.20001637267097
1505993374241.0,Sound_P,117.67951907848958
1505993374244.0,PodiumIR,96
1505993376638.0,Sound_R,65.6139445257706
1505993377294.0,Temperature_1,25.78
1505993377300.0,Humidity_1,56.07794910604482
1505993377301.0,Temperature_2,23.55
1505993377308.0,Humidity_2,58.91430635986382
1505993377403.0,Sound_C,64.33470445816344
1505993381990.0,Sound_L,62.63575307235698
1505993383959.0,Humidity_1,56.07794910604482
1505993383963.0,Temperature_1,25.78
1505993383971.0,Humidity_2,58.91430635986382
1505993383975.0,Temperature_2,23.55
1505993384246.0,Sound_P,117.84343257374664
1505993384248.0,PodiumIR,107
1505993386638.0,Sound_R,65.3826981931672
1505993387403.0,Sound_C,63.11816989336065
1505993390625.0,Humidity_1,56.07794910604482
1505993390625.0,Temperature_1,25.78
1505993390632.0,Humidity_2,58.91430635986382
1505993390636.0,Temperature_2,23.55
1505993391990.0,Sound_L,61.144452449385355
1505993394250.0,Sound_P,118.40485473799694
1505993394252.0,PodiumIR,140
1505993396638.0,Sound_R,65.05765614564538
1505993397287.0,Temperature_1,25.78
1505993397289.0,Humidity_1,56.07794910604482
1505993397296.0,Temperature_2,23.55
1505993397297.0,Humidity_2,58.91430635986382
1505993397403.0,Sound_C,62.19438922731758
1505993401990.0,Sound_L,63.08192771174207
1505993403948.0,Temperature_1,25.78
1505993403952.0,Humidity_1,56.07794910604482
1505993403967.0,Temperature_2,23.55
1505993403969.0,Humidity_2,58.91430635986382
1505993404254.0,Sound_P,117.51399064595054
1505993404257.0,PodiumIR,105
1505993406638.0,Sound_R,63.379642430649575
1505993407403.0,Sound_C,60.39252806621703
1505993410617.0,Humidity_1,56.07794910604482
1505993410621.0,Temperature_1,25.78
1505993410624.0,Humidity_2,58.91430635986382
1505993410626.0,Temperature_2,23.55
1505993411990.0,Sound_L,62.85932598358676
1505993414259.0,Sound_P,117.59695871579397
1505993414261.0,PodiumIR,101
1505993416638.0,Sound_R,61.26098948778926
1505993417284.0,Temperature_1,25.78
1505993417284.0,Humidity_1,56.07794910604482
1505993417290.0,Temperature_2,23.55
1505993417298.0,Humidity_2,58.91430635986382
1505993417403.0,Sound_C,61.16333082242422
1505993421990.0,Sound_L,61.745572012530744
1505993423943.0,Humidity_1,56.07794910604482
1505993423947.0,Temperature_1,25.78
1505993423952.0,Humidity_2,58.91430635986382
1505993423959.0,Temperature_2,23.55
1505993424263.0,Sound_P,117.54169221859063
1505993424265.0,PodiumIR,93
1505993426638.0,Sound_R,60.37832489542641
1505993427403.0,Sound_C,59.54837450223719
1505993430604.0,Temperature_1,25.78
1505993430613.0,Humidity_1,56.07794910604482
1505993430615.0,Temperature_2,23.55
1505993430625.0,Humidity_2,58.91430635986382
1505993431990.0,Sound_L,59.20676059091964
1505993434267.0,Sound_P,118.16653868549709
1505993434270.0,PodiumIR,107
1505993436638.0,Sound_R,61.210556389518075
1505993437270.0,Temperature_1,25.78
1505993437278.0,Humidity_1,56.07794910604482
1505993437281.0,Humidity_2,58.91430635986382
1505993437282.0,Temperature_2,23.55
1505993437403.0,Sound_C,57.347228242646395
1505993441990.0,Sound_L,59.08386339046611
1505993443935.0,Temperature_1,25.78
1505993443936.0,Humidity_1,56.07794910604482
1505993443942.0,Temperature_2,23.55
1505993443948.0,Humidity_2,58.91430635986382
1505993444271.0,Sound_P,117.29071825712455
1505993444274.0,PodiumIR,100
1505993446638.0,Sound_R,62.16587176043447
1505993447403.0,Sound_C,56.53758147909304
1505993450600.0,Temperature_1,25.78
1505993450604.0,Humidity_1,56.07794910604482
1505993450622.0,Temperature_2,23.55
1505993450625.0,Humidity_2,58.91430635986382
1505993451990.0,Sound_L,59.55539484964954
1505993454291.0,Sound_P,117.76167572141729
1505993454294.0,PodiumIR,95
1505993456638.0,Sound_R,64.76715887749687
1505993457273.0,Temperature_1,25.78
1505993457279.0,Humidity_1,56.07794910604482
1505993457290.0,Temperature_2,23.55
1505993457301.0,Humidity_2,58.91430635986382
1505993457403.0,Sound_C,61.01773461451048
1505993461990.0,Sound_L,61.15293777420885
1505993463947.0,Humidity_1,56.07794910604482
1505993463949.0,Temperature_1,25.78
1505993463966.0,Humidity_2,58.91430635986382
1505993463969.0,Temperature_2,23.55
1505993464296.0,Sound_P,117.45845009950281
1505993464298.0,PodiumIR,89
1505993466638.0,Sound_R,62.266830425926194
1505993467403.0,Sound_C,61.815988857850904
1505993470612.0,Temperature_1,25.78
1505993470619.0,Humidity_1,56.07794910604482
1505993470630.0,Temperature_2,23.55
1505993470640.0,Humidity_2,58.91430635986382
1505993471990.0,Sound_L,61.545996652629064
1505993474300.0,Sound_P,117.40272533863349
1505993474302.0,PodiumIR,131
1505993476638.0,Sound_R,61.121588421325846
1505993477291.0,Temperature_1,25.78
1505993477293.0,Humidity_1,56.07794910604482
1505993477304.0,Temperature_2,23.55
1505993477305.0,Humidity_2,58.91430635986382
1505993477403.0,Sound_C,61.6575297083362
1505993481990.0,Sound_L,61.85107409263405
1505993483964.0,Temperature_1,25.78
1505993483965.0,Humidity_1,56.07794910604482
1505993483977.0,Humidity_2,58.91430635986382
1505993483978.0,Temperature_2,23.55
1505993484304.0,Sound_P,117.76167572141729
1505993484307.0,PodiumIR,100
1505993486638.0,Sound_R,64.04659958668945
1505993487403.0,Sound_C,63.78651592336118
1505993490631.0,Humidity_1,56.07794910604482
1505993490632.0,Temperature_1,25.78
1505993490649.0,Humidity_2,58.91430635986382
1505993490653.0,Temperature_2,23.55
1505993491990.0,Sound_L,61.474276873663385
1505993494308.0,Sound_P,118.40485473799694
1505993494311.0,PodiumIR,86
1505993496638.0,Sound_R,58.75858353374705
1505993497303.0,Temperature_1,25.78
1505993497308.0,Humidity_1,56.07794910604482
1505993497315.0,Temperature_2,23.55
1505993497324.0,Humidity_2,58.91430635986382
1505993497403.0,Sound_C,57.504117991135764
1505993501990.0,Sound_L,58.60904545898559
1505993503976.0,Temperature_1,25.78
1505993503977.0,Humidity_1,56.07794910604482
1505993503986.0,Temperature_2,23.55
1505993503994.0,Humidity_2,58.91430635986382
1505993504312.0,Sound_P,117.78897223432665
1505993504315.0,PodiumIR,124
1505993506638.0,Sound_R,57.35604513584548
1505993507403.0,Sound_C,55.45081603149864
1505993510647.0,Temperature_1,25.78
1505993510650.0,Humidity_1,56.07794910604482
1505993510657.0,Temperature_2,23.55
1505993510667.0,Humidity_2,58.91430635986382
1505993511990.0,Sound_L,59.039190304461755
1505993513576.0,Door,activate
1505993514316.0,Sound_P,117.67951907848958
1505993514319.0,PodiumIR,97
1505993516638.0,Sound_R,62.54306489114226
1505993517315.0,Temperature_1,25.78
1505993517320.0,Humidity_1,56.07794910604482
1505993517331.0,Temperature_2,23.55
1505993517334.0,Humidity_2,58.91430635986382
1505993517403.0,Sound_C,62.07176375990303
1505993521990.0,Sound_L,58.7669952822743
1505993523993.0,Temperature_1,25.78
1505993524000.0,Humidity_1,56.07794910604482
1505993524006.0,Temperature_2,23.55
1505993524008.0,Humidity_2,58.91430635986382
1505993524320.0,Sound_P,117.62452393936876
1505993524323.0,PodiumIR,101
1505993526638.0,Sound_R,64.24286226638493
1505993527403.0,Sound_C,64.70701344229406
1505993530661.0,Temperature_1,25.78
1505993530670.0,Temperature_2,23.55
1505993530670.0,Humidity_1,56.07794910604482
1505993530677.0,Humidity_2,58.91430635986382
1505993531990.0,Sound_L,62.624634471324995
1505993534325.0,Sound_P,117.70694928866428
1505993534327.0,PodiumIR,73
1505993536638.0,Sound_R,66.47244585610254
1505993537331.0,Temperature_1,25.78
1505993537344.0,Humidity_2,58.91430635986382
1505993537345.0,Humidity_1,56.07794910604482
1505993537350.0,Temperature_2,23.55
1505993537403.0,Sound_C,64.25538135460563
1505993541990.0,Sound_L,63.50158786504335
1505993544007.0,Temperature_1,25.78
1505993544008.0,Humidity_1,56.07794910604482
1505993544015.0,Humidity_2,58.91430635986382
1505993544016.0,Temperature_2,23.55
1505993544329.0,Sound_P,117.73433478780012
1505993544332.0,PodiumIR,108
1505993546638.0,Sound_R,62.79587042481332
1505993547403.0,Sound_C,61.393170083803966
1505993550676.0,Temperature_1,25.78
1505993550688.0,Temperature_2,23.55
1505993550689.0,Humidity_1,56.07794910604482
1505993550693.0,Humidity_2,58.91430635986382
1505993551990.0,Sound_L,63.74951574821472
1505993552355.0,Door,activate
1505993554333.0,Sound_P,117.81622447063441
1505993554336.0,PodiumIR,100
1505993556638.0,Sound_R,62.71005186647191
1505993557356.0,Temperature_1,25.78
1505993557359.0,Humidity_1,56.07794910604482
1505993557361.0,Humidity_2,58.91430635986382
1505993557363.0,Temperature_2,23.55
1505993557403.0,Sound_C,61.58708798511091
1505993561990.0,Sound_L,61.236468188398135
1505993563542.0,Door,activate
1505993564028.0,Temperature_1,25.78
1505993564028.0,Temperature_2,23.55
1505993564033.0,Humidity_1,56.07794910604482
1505993564035.0,Humidity_2,58.91430635986382
1505993564338.0,Sound_P,118.3521869832679
1505993564340.0,PodiumIR,100
1505993566638.0,Sound_R,65.87022464804936
1505993567403.0,Sound_C,62.64246768108447
1505993570696.0,Temperature_1,25.78
1505993570700.0,Temperature_2,23.55
1505993570702.0,Humidity_1,56.07794910604482
1505993570704.0,Humidity_2,58.91430635986382
1505993571990.0,Sound_L,61.22618350182516
1505993574342.0,Sound_P,117.62452393936876
1505993574344.0,PodiumIR,100
1505993576638.0,Sound_R,64.92115653034095
1505993577367.0,Temperature_1,25.78
1505993577369.0,Temperature_2,23.55
1505993577374.0,Humidity_1,56.07794910604482
1505993577378.0,Humidity_2,58.91430635986382
1505993577403.0,Sound_C,64.48045793457952
1505993581990.0,Sound_L,61.35515580993636
1505993584040.0,Temperature_1,25.78
1505993584044.0,Humidity_1,56.07794910604482
1505993584050.0,Temperature_2,23.55
1505993584055.0,Humidity_2,58.91430635986382
1505993584346.0,Sound_P,117.76167572141729
1505993584349.0,PodiumIR,98
1505993586638.0,Sound_R,60.501932707263165
1505993587403.0,Sound_C,63.782245896235345
1505993590704.0,Temperature_1,25.78
1505993590704.0,Humidity_1,56.07794910604482
1505993590710.0,Temperature_2,23.55
1505993590715.0,Humidity_2,58.91430635986382
1505993591990.0,Sound_L,60.833033658021456
1505993594350.0,Sound_P,117.45845009950281
1505993594353.0,PodiumIR,102
1505993596638.0,Sound_R,54.662304963822415
1505993597370.0,Temperature_1,25.78
1505993597371.0,Humidity_1,56.07794910604482
1505993597377.0,Temperature_2,23.55
1505993597380.0,Humidity_2,58.91430635986382
1505993597403.0,Sound_C,56.90225402179777
1505993601990.0,Sound_L,57.906523377829416
1505993604032.0,Humidity_1,56.07794910604482
1505993604035.0,Temperature_1,25.78
1505993604041.0,Temperature_2,23.55
1505993604049.0,Humidity_2,58.91430635986382
1505993604354.0,Sound_P,117.67951907848958
1505993604357.0,PodiumIR,76
1505993606638.0,Sound_R,54.325652064545864
1505993607403.0,Sound_C,56.20772654865009
1505993610697.0,Temperature_1,25.78
1505993610699.0,Humidity_1,56.07794910604482
1505993610709.0,Temperature_2,23.55
1505993610714.0,Humidity_2,58.91430635986382
1505993611990.0,Sound_L,56.29884793440492
1505993614358.0,Sound_P,117.81622447063441
1505993614361.0,PodiumIR,119
1505993616638.0,Sound_R,55.48779131316911
1505993617357.0,Temperature_1,25.78
1505993617366.0,Temperature_2,23.55
1505993617369.0,Humidity_1,56.07794910604482
1505993617370.0,Humidity_2,58.91430635986382
1505993617403.0,Sound_C,55.554061163381526
1505993621990.0,Sound_L,56.23214733638318
1505993624023.0,Temperature_1,25.78
1505993624028.0,Humidity_1,56.07794910604482
1505993624031.0,Temperature_2,23.55
1505993624034.0,Humidity_2,58.91430635986382
1505993624362.0,Sound_P,117.62452393936876
1505993624365.0,PodiumIR,92
1505993626638.0,Sound_R,56.05804810549805
1505993627403.0,Sound_C,56.3311727855754
1505993630686.0,Temperature_1,25.78
1505993630687.0,Humidity_1,56.07794910604482
1505993630696.0,Temperature_2,23.55
1505993630706.0,Humidity_2,58.91430635986382
1505993631990.0,Sound_L,56.209082961048935
1505993634366.0,Sound_P,117.48624332337616
1505993634369.0,PodiumIR,96
1505993636638.0,Sound_R,56.674551361029536
1505993637356.0,Temperature_1,25.78
1505993637358.0,Humidity_1,56.07794910604482
1505993637361.0,Temperature_2,23.55
1505993637368.0,Humidity_2,58.91430635986382
1505993637403.0,Sound_C,57.168596279150364
1505993641990.0,Sound_L,56.195608085603936
1505993644014.0,Temperature_1,25.78
1505993644025.0,Humidity_1,56.07794910604482
1505993644027.0,Temperature_2,23.55
1505993644036.0,Humidity_2,58.91430635986382
1505993644371.0,Sound_P,117.78897223432665
1505993644373.0,PodiumIR,95
1505993646638.0,Sound_R,56.45795624105051
1505993647403.0,Sound_C,56.251070059819654
1505993650676.0,Temperature_1,25.78
1505993650687.0,Temperature_2,23.55
1505993650688.0,Humidity_1,56.07794910604482
1505993650694.0,Humidity_2,58.91430635986382
1505993651990.0,Sound_L,56.13858925262403
1505993654375.0,Sound_P,117.76167572141729
1505993654378.0,PodiumIR,106
1505993656638.0,Sound_R,55.84122030209087
1505993657343.0,Temperature_1,25.78
1505993657343.0,Humidity_1,56.07794910604482
1505993657359.0,Temperature_2,23.55
1505993657364.0,Humidity_2,58.91430635986382
1505993657403.0,Sound_C,54.587905021235514
1505993661990.0,Sound_L,57.89231131896979
1505993664003.0,Temperature_1,25.78
1505993664016.0,Humidity_1,56.07794910604482
1505993664018.0,Humidity_2,58.91430635986382
1505993664023.0,Temperature_2,23.55
1505993664379.0,Sound_P,117.81622447063441
1505993664382.0,PodiumIR,91
1505993666638.0,Sound_R,54.65425370494856
1505993667403.0,Sound_C,53.8150073964365
1505993670672.0,Humidity_1,56.07794910604482
1505993670673.0,Temperature_1,25.78
1505993670682.0,Temperature_2,23.55
1505993670688.0,Humidity_2,58.91430635986382
1505993671990.0,Sound_L,57.23758909005643
1505993674383.0,Sound_P,117.78897223432665
1505993674386.0,PodiumIR,92
1505993676638.0,Sound_R,55.641957473058426
1505993677335.0,Temperature_1,25.78
1505993677336.0,Humidity_1,56.07794910604482
1505993677348.0,Humidity_2,58.91430635986382
1505993677350.0,Temperature_2,23.55
1505993677403.0,Sound_C,54.94439549606077
1505993681990.0,Sound_L,58.9394515329343
1505993683998.0,Temperature_1,25.78
1505993684005.0,Humidity_1,56.07794910604482
1505993684014.0,Temperature_2,23.55
1505993684017.0,Humidity_2,58.91430635986382
1505993684387.0,Sound_P,117.59695871579397
1505993684390.0,PodiumIR,98
1505993686638.0,Sound_R,55.90263018055285
1505993687403.0,Sound_C,55.54269788897307
1505993690663.0,Humidity_1,56.07794910604482
1505993690666.0,Temperature_1,25.78
1505993690674.0,Humidity_2,58.91430635986382
1505993690677.0,Temperature_2,23.55
1505993691990.0,Sound_L,58.609720841158676
1505993694401.0,Sound_P,118.40485473799694
1505993694403.0,PodiumIR,78
1505993696638.0,Sound_R,57.45865558790405
1505993697326.0,Temperature_1,25.78
1505993697335.0,Humidity_1,56.07794910604482
1505993697343.0,Temperature_2,23.55
1505993697346.0,Humidity_2,58.91430635986382
1505993697403.0,Sound_C,57.42280789909859
1505993699550.0,Door,activate
1505993701990.0,Sound_L,58.985303133535595
1505993703994.0,Humidity_1,56.07794910604482
1505993703995.0,Temperature_1,25.78
1505993704006.0,Temperature_2,23.55
1505993704008.0,Humidity_2,58.91430635986382
1505993704405.0,Sound_P,117.65204401104197
1505993704407.0,PodiumIR,92
1505993706638.0,Sound_R,58.99081142515761
1505993707403.0,Sound_C,57.286442579035224
1505993710655.0,Humidity_1,56.07794910604482
1505993710655.0,Temperature_1,25.78
1505993710666.0,Humidity_2,58.91430635986382
1505993710669.0,Temperature_2,23.55
1505993711990.0,Sound_L,58.23195343369244
1505993714409.0,Sound_P,118.16653868549709
1505993714412.0,PodiumIR,109
1505993716638.0,Sound_R,59.08886212178414
1505993717320.0,Temperature_1,25.78
1505993717324.0,Humidity_1,56.07794910604482
1505993717331.0,Temperature_2,23.55
1505993717336.0,Humidity_2,58.91430635986382
1505993717403.0,Sound_C,56.988328380542306
1505993721990.0,Sound_L,57.31022296895121
1505993723982.0,Temperature_1,25.78
1505993723990.0,Humidity_1,56.07794910604482
1505993723995.0,Temperature_2,23.55
1505993723999.0,Humidity_2,58.91430635986382
1505993724413.0,Sound_P,117.62452393936876
1505993724416.0,PodiumIR,84
1505993726638.0,Sound_R,56.58699319404297
1505993727403.0,Sound_C,55.7132319291604
1505993730649.0,Humidity_1,56.07794910604482
1505993730649.0,Temperature_1,25.78
1505993730663.0,Temperature_2,23.55
1505993730664.0,Humidity_2,58.91430635986382
1505993731990.0,Sound_L,56.473932445593476
1505993734417.0,Sound_P,117.78897223432665
1505993734420.0,PodiumIR,107
1505993736638.0,Sound_R,55.48340256965341
1505993737307.0,Temperature_1,25.78
1505993737312.0,Humidity_1,56.07794910604482
1505993737318.0,Temperature_2,23.55
1505993737324.0,Humidity_2,58.91430635986382
1505993737403.0,Sound_C,53.5376459869178
1505993741990.0,Sound_L,56.28276608494795
1505993743977.0,Humidity_1,56.07794910604482
1505993743979.0,Temperature_1,25.78
1505993743990.0,Temperature_2,23.55
1505993743996.0,Humidity_2,58.91430635986382
1505993744422.0,Sound_P,117.73433478780012
1505993744424.0,PodiumIR,99
1505993746638.0,Sound_R,57.65417852133109
1505993747403.0,Sound_C,54.06969940025755
1505993750638.0,Temperature_1,25.78
1505993750645.0,Humidity_1,56.07794910604482
1505993750655.0,Humidity_2,58.91430635986382
1505993750656.0,Temperature_2,23.55
1505993751990.0,Sound_L,56.82005534711893
1505993754428.0,Sound_P,117.56934819191356
1505993754430.0,PodiumIR,102
1505993756638.0,Sound_R,57.99337036058191
1505993757306.0,Temperature_1,25.78
1505993757313.0,Humidity_1,56.07794910604482
1505993757315.0,Temperature_2,23.55
1505993757321.0,Humidity_2,58.91430635986382
1505993757403.0,Sound_C,55.386501225727564
1505993761990.0,Sound_L,57.483401096425666
1505993763966.0,Temperature_1,25.78
1505993763970.0,Humidity_1,56.07794910604482
1505993763983.0,Temperature_2,23.55
1505993763984.0,Humidity_2,58.91430635986382
1505993764435.0,Sound_P,117.54169221859063
1505993764438.0,PodiumIR,107
1505993766638.0,Sound_R,59.230672021745505
1505993767403.0,Sound_C,55.8749818404627
1505993770629.0,Temperature_1,25.78
1505993770638.0,Temperature_2,23.55
1505993770638.0,Humidity_1,56.07794910604482
1505993770643.0,Humidity_2,58.91430635986382
1505993771990.0,Sound_L,56.53707056849954
1505993774440.0,Sound_P,117.73433478780012
1505993774442.0,PodiumIR,96
1505993776638.0,Sound_R,60.40115641169493
1505993777295.0,Humidity_1,56.07794910604482
1505993777299.0,Temperature_1,25.78
1505993777307.0,Temperature_2,23.55
1505993777311.0,Humidity_2,58.91430635986382
1505993777403.0,Sound_C,55.62472522840725
1505993781990.0,Sound_L,54.32235113201905
1505993783959.0,Humidity_1,56.07794910604482
1505993783959.0,Temperature_1,25.78
1505993783968.0,Temperature_2,23.55
1505993783979.0,Humidity_2,58.91430635986382
1505993784443.0,Sound_P,118.4311268309188
1505993784446.0,PodiumIR,84
1505993786638.0,Sound_R,60.039373504267424
1505993787403.0,Sound_C,55.65319844207969
1505993790624.0,Temperature_1,25.78
1505993790625.0,Humidity_1,56.07794910604482
1505993790640.0,Temperature_2,23.55
1505993790641.0,Humidity_2,58.91430635986382
1505993791990.0,Sound_L,55.27704918206204
1505993794448.0,Sound_P,118.3521869832679
1505993794451.0,PodiumIR,92
1505993796638.0,Sound_R,57.848645221329456
1505993797290.0,Temperature_1,25.78
1505993797293.0,Humidity_1,56.07794910604482
1505993797298.0,Temperature_2,23.55
1505993797306.0,Humidity_2,58.91430635986382
1505993797403.0,Sound_C,55.824988195291894
1505993801990.0,Sound_L,55.96112416337441
1505993803952.0,Temperature_1,25.78
1505993803960.0,Humidity_1,56.07794910604482
1505993803961.0,Temperature_2,23.55
1505993803964.0,Humidity_2,58.91430635986382
1505993804455.0,Sound_P,117.37479349512601
1505993804458.0,PodiumIR,88
1505993806638.0,Sound_R,62.03570928986357
1505993807403.0,Sound_C,62.8125084610618
1505993810611.0,Temperature_1,25.78
1505993810617.0,Humidity_1,56.07794910604482
1505993810629.0,Humidity_2,58.91430635986382
1505993810632.0,Temperature_2,23.55
1505993811990.0,Sound_L,59.953641723595524
1505993814461.0,Sound_P,117.40272533863349
1505993814464.0,PodiumIR,110
1505993816638.0,Sound_R,64.12998369721026
1505993817281.0,Humidity_1,56.07794910604482
1505993817283.0,Temperature_1,25.78
1505993817291.0,Temperature_2,23.55
1505993817301.0,Humidity_2,58.91430635986382
1505993817403.0,Sound_C,63.29108079372119
1505993821990.0,Sound_L,59.29184572420078
1505993823947.0,Temperature_1,25.78
1505993823948.0,Humidity_1,56.07794910604482
1505993823955.0,Temperature_2,23.55
1505993823962.0,Humidity_2,58.91430635986382
1505993824465.0,Sound_P,117.65204401104197
1505993824467.0,PodiumIR,109
1505993826638.0,Sound_R,60.100297776978174
1505993827403.0,Sound_C,56.8105244257618
1505993830604.0,Temperature_1,25.78
1505993830614.0,Temperature_2,23.55
1505993830617.0,Humidity_1,56.07794910604482
1505993830625.0,Humidity_2,58.91430635986382
1505993831990.0,Sound_L,59.44564788285473
1505993834469.0,Sound_P,118.16653868549709
1505993834472.0,PodiumIR,97
1505993836638.0,Sound_R,56.6597551986074
1505993837271.0,Temperature_1,25.78
1505993837276.0,Humidity_1,56.07794910604482
1505993837280.0,Temperature_2,23.55
1505993837284.0,Humidity_2,58.91430635986382
1505993837403.0,Sound_C,55.17329726440187
1505993841990.0,Sound_L,57.1007236473278
1505993843939.0,Temperature_1,25.78
1505993843943.0,Humidity_1,56.07794910604482
1505993843944.0,Temperature_2,23.55
1505993843953.0,Humidity_2,58.91430635986382
1505993844476.0,Sound_P,118.3521869832679
1505993844479.0,PodiumIR,90
1505993846638.0,Sound_R,57.0898317127432
1505993847403.0,Sound_C,54.471635695225245
1505993850603.0,Temperature_1,25.78
1505993850606.0,Humidity_1,56.07794910604482
1505993850612.0,Temperature_2,23.55
1505993850621.0,Humidity_2,58.91430635986382
1505993851990.0,Sound_L,57.40291890967126
1505993854484.0,Sound_P,118.2993536063961
1505993854487.0,PodiumIR,61
1505993856638.0,Sound_R,64.48533169787855
1505993857272.0,Temperature_1,25.78
1505993857272.0,Humidity_1,56.07794910604482
1505993857279.0,Temperature_2,23.55
1505993857294.0,Humidity_2,58.91430635986382
1505993857403.0,Sound_C,61.380140519743186
1505993861990.0,Sound_L,59.08171401877216
1505993863945.0,Temperature_1,25.78
1505993863948.0,Humidity_1,56.07794910604482
1505993863956.0,Temperature_2,23.55
1505993863963.0,Humidity_2,58.91430635986382
1505993864489.0,Sound_P,118.05952558485274
1505993864492.0,PodiumIR,100
1505993866638.0,Sound_R,65.10709446048737
1505993867403.0,Sound_C,64.7647189328788
1505993870618.0,Humidity_1,56.07794910604482
1505993870620.0,Temperature_1,25.78
1505993870626.0,Temperature_2,23.55
1505993870636.0,Humidity_2,58.91430635986382
1505993871990.0,Sound_L,60.79471365697988
1505993874496.0,Sound_P,117.78897223432665
1505993874500.0,PodiumIR,106
1505993876638.0,Sound_R,62.1349881148484
1505993877283.0,Temperature_1,25.78
1505993877289.0,Humidity_1,56.07794910604482
1505993877300.0,Temperature_2,23.55
1505993877310.0,Humidity_2,58.91430635986382
1505993877403.0,Sound_C,61.35959936218219
1505993881990.0,Sound_L,60.45643164561401
1505993883957.0,Humidity_1,56.07794910604482
1505993883961.0,Temperature_1,25.78
1505993883964.0,Temperature_2,23.55
1505993883979.0,Humidity_2,58.91430635986382
1505993884503.0,Sound_P,117.51399064595054
1505993884506.0,PodiumIR,119
1505993886638.0,Sound_R,63.13402122609657
1505993887403.0,Sound_C,62.5038081091015
1505993890630.0,Temperature_1,25.78
1505993890632.0,Humidity_1,56.07794910604482
1505993890641.0,Temperature_2,23.55
1505993890649.0,Humidity_2,58.91430635986382
1505993891990.0,Sound_L,59.85307459124299
1505993894510.0,Sound_P,117.73433478780012
1505993894513.0,PodiumIR,89
1505993896638.0,Sound_R,61.6718583109002
1505993897296.0,Temperature_1,25.78
1505993897299.0,Humidity_1,56.07794910604482
1505993897311.0,Temperature_2,23.55
1505993897318.0,Humidity_2,58.91430635986382
1505993897403.0,Sound_C,62.18912447975526
1505993901990.0,Sound_L,59.025614817129075
1505993903966.0,Temperature_1,25.78
1505993903970.0,Humidity_1,56.07794910604482
1505993903979.0,Temperature_2,23.55
1505993903986.0,Humidity_2,58.91430635986382
1505993904516.0,Sound_P,118.4311268309188
1505993904520.0,PodiumIR,75
1505993906638.0,Sound_R,59.22954038496052
1505993907403.0,Sound_C,57.820210273387595
1505993910640.0,Humidity_1,56.07794910604482
1505993910646.0,Temperature_1,25.78
1505993910647.0,Temperature_2,23.55
1505993910655.0,Humidity_2,58.91430635986382
1505993911990.0,Sound_L,59.303839361275436
1505993914523.0,Sound_P,118.3785414984758
1505993914526.0,PodiumIR,101
1505993916640.0,Sound_R,57.005184736151726
1505993917315.0,Temperature_1,25.78
1505993917320.0,Temperature_2,23.55
1505993917321.0,Humidity_1,56.07794910604482
1505993917336.0,Humidity_2,58.91430635986382
1505993917403.0,Sound_C,55.426746271563815
1505993921990.0,Sound_L,58.41220125010824
1505993923985.0,Temperature_1,25.78
1505993923990.0,Humidity_1,56.07794910604482
1505993923993.0,Temperature_2,23.55
1505993923999.0,Humidity_2,58.91430635986382
1505993924531.0,Sound_P,117.70694928866428
1505993924534.0,PodiumIR,78
1505993926638.0,Sound_R,58.69582007874833
1505993927403.0,Sound_C,56.03002921614552
1505993930655.0,Temperature_1,25.78
1505993930657.0,Humidity_1,56.07794910604482
1505993930659.0,Temperature_2,23.55
1505993930678.0,Humidity_2,58.91430635986382
1505993931990.0,Sound_L,57.60663278642347
1505993934536.0,Sound_P,117.89771695053554
1505993934539.0,PodiumIR,89
1505993936638.0,Sound_R,61.3712226488609
1505993937328.0,Temperature_1,25.78
1505993937329.0,Humidity_1,56.07794910604482
1505993937334.0,Temperature_2,23.55
1505993937340.0,Humidity_2,58.91430635986382
1505993937403.0,Sound_C,55.35299329606678
1505993941990.0,Sound_L,58.01411488549077
1505993944001.0,Temperature_1,25.78
1505993944001.0,Humidity_1,56.07794910604482
1505993944006.0,Temperature_2,23.55
1505993944016.0,Humidity_2,58.91430635986382
1505993944543.0,Sound_P,117.76167572141729
1505993944545.0,PodiumIR,109
1505993946638.0,Sound_R,63.46285531369137
1505993947403.0,Sound_C,59.260376796612455
1505993950663.0,Temperature_1,25.78
1505993950676.0,Humidity_1,56.07794910604482
1505993950680.0,Temperature_2,23.55
1505993950685.0,Humidity_2,58.91430635986382
1505993951990.0,Sound_L,60.33775089931581
1505993954551.0,Sound_P,117.81622447063441
1505993954553.0,PodiumIR,96
1505993956638.0,Sound_R,63.144357279356605
1505993957336.0,Temperature_1,25.78
1505993957345.0,Temperature_2,23.55
1505993957347.0,Humidity_1,56.07794910604482
1505993957355.0,Humidity_2,58.91430635986382
1505993957403.0,Sound_C,63.47317877034093
1505993961990.0,Sound_L,61.37300380510737
1505993964008.0,Humidity_1,56.07794910604482
1505993964015.0,Temperature_1,25.78
1505993964017.0,Temperature_2,23.55
1505993964027.0,Humidity_2,58.91430635986382
1505993964558.0,Sound_P,117.76167572141729
1505993964561.0,PodiumIR,105
1505993966638.0,Sound_R,58.81658548327355
1505993967403.0,Sound_C,59.40527871796197
1505993970682.0,Temperature_1,25.78
1505993970683.0,Humidity_1,56.07794910604482
1505993970694.0,Temperature_2,23.55
1505993970702.0,Humidity_2,58.91430635986382
1505993971991.0,Sound_L,60.68608762837334
1505993974566.0,Sound_P,117.81622447063441
1505993974569.0,PodiumIR,115
1505993976638.0,Sound_R,57.788305212442935
1505993977356.0,Temperature_1,25.78
1505993977359.0,Humidity_1,56.07794910604482
1505993977362.0,Temperature_2,23.55
1505993977374.0,Humidity_2,58.91430635986382
1505993977403.0,Sound_C,58.53886106790054
1505993981990.0,Sound_L,59.834824045615605
1505993984040.0,Temperature_1,25.78
1505993984044.0,Humidity_1,56.07794910604482
1505993984050.0,Temperature_2,23.55
1505993984054.0,Humidity_2,58.91430635986382
1505993984574.0,Sound_P,117.37479349512601
1505993984577.0,PodiumIR,95
1505993986638.0,Sound_R,59.5768227881645
1505993987403.0,Sound_C,58.17251624472519
1505993990701.0,Temperature_1,25.78
1505993990706.0,Humidity_1,56.07794910604482
1505993990713.0,Temperature_2,23.55
1505993990714.0,Humidity_2,58.91430635986382
1505993991991.0,Sound_L,58.505155700213706
1505993994580.0,Sound_P,117.76167572141729
1505993994582.0,PodiumIR,96
1505993996638.0,Sound_R,59.50615112342561
1505993997367.0,Temperature_1,25.78
1505993997367.0,Humidity_1,56.07794910604482
1505993997381.0,Temperature_2,23.55
1505993997381.0,Humidity_2,58.91430635986382
1505993997403.0,Sound_C,55.56342734831504
1505994001990.0,Sound_L,58.46342976370788
1505994004031.0,Humidity_1,56.07794910604482
1505994004037.0,Temperature_1,25.78
1505994004043.0,Humidity_2,58.91430635986382
1505994004043.0,Temperature_2,23.55
1505994004585.0,Sound_P,117.67951907848958
1505994004587.0,PodiumIR,71
1505994006638.0,Sound_R,59.407101256041834
1505994007403.0,Sound_C,59.029808681866854
1505994010696.0,Temperature_1,25.78
1505994010697.0,Humidity_1,56.07794910604482
1505994010703.0,Humidity_2,58.91430635986382
1505994010711.0,Temperature_2,23.55
1505994011991.0,Sound_L,56.5558009862289
1505994014590.0,Sound_P,118.4311268309188
1505994014593.0,PodiumIR,131
1505994016638.0,Sound_R,59.344032789216136
1505994017357.0,Temperature_1,25.78
1505994017360.0,Humidity_1,56.07794910604482
1505994017371.0,Humidity_2,58.91430635986382
1505994017374.0,Temperature_2,23.55
1505994017403.0,Sound_C,59.89295537317806
1505994021991.0,Sound_L,58.76261527690852
1505994024023.0,Temperature_1,25.78
1505994024023.0,Humidity_1,56.07794910604482
1505994024033.0,Humidity_2,58.91430635986382
1505994024038.0,Temperature_2,23.55
1505994024595.0,Sound_P,117.76167572141729
1505994024598.0,PodiumIR,94
1505994026638.0,Sound_R,60.49876601271941
1505994027403.0,Sound_C,61.793611499856155
1505994030689.0,Temperature_1,25.78
1505994030695.0,Humidity_2,58.91430635986382
1505994030696.0,Humidity_1,56.07794910604482
1505994030703.0,Temperature_2,23.55
1505994031991.0,Sound_L,59.24929915659733
1505994034601.0,Sound_P,117.78897223432665
1505994034603.0,PodiumIR,92
1505994036638.0,Sound_R,61.54175129230771
1505994037355.0,Temperature_1,25.78
1505994037358.0,Humidity_1,56.07794910604482
1505994037360.0,Temperature_2,23.55
1505994037360.0,Humidity_2,58.91430635986382
1505994037403.0,Sound_C,62.41013882777424
1505994041991.0,Sound_L,59.25234172320694
1505994044015.0,Humidity_1,56.07794910604482
1505994044020.0,Temperature_1,25.78
1505994044020.0,Humidity_2,58.91430635986382
1505994044027.0,Temperature_2,23.55
1505994044606.0,Sound_P,117.89771695053554
1505994044608.0,PodiumIR,101
1505994046638.0,Sound_R,60.679127188369
1505994047403.0,Sound_C,58.78156705896452
1505994050675.0,Temperature_1,25.78
1505994050686.0,Humidity_2,58.91430635986382
1505994050687.0,Humidity_1,56.07794910604482
1505994050691.0,Temperature_2,23.55
1505994051991.0,Sound_L,57.54670162811763
1505994054612.0,Sound_P,117.73433478780012
1505994054615.0,PodiumIR,105
1505994056638.0,Sound_R,58.60267888922967
1505994057340.0,Temperature_1,25.78
1505994057346.0,Humidity_2,58.91430635986382
1505994057352.0,Humidity_1,56.07794910604482
1505994057353.0,Temperature_2,23.55
1505994057403.0,Sound_C,60.94296685971906
1505994061990.0,Sound_L,58.75009960279381
1505994064009.0,Humidity_2,58.91430635986382
1505994064012.0,Temperature_1,25.78
1505994064014.0,Temperature_2,23.55
1505994064015.0,Humidity_1,56.07794910604482
1505994064617.0,Sound_P,117.81622447063441
1505994064620.0,PodiumIR,77
1505994066638.0,Sound_R,58.460872347633426
1505994067403.0,Sound_C,60.68760466451534
1505994070674.0,Humidity_2,58.91430635986382
1505994070677.0,Temperature_1,25.78
1505994070678.0,Humidity_1,56.07794910604482
1505994070686.0,Temperature_2,23.55
1505994071990.0,Sound_L,60.79659698544012
1505994074623.0,Sound_P,117.76167572141729
1505994074626.0,PodiumIR,104
1505994076638.0,Sound_R,61.09855658024636
1505994077332.0,Temperature_1,25.78
1505994077337.0,Humidity_2,58.91430635986382
1505994077337.0,Humidity_1,56.07794910604482
1505994077349.0,Temperature_2,23.55
1505994077403.0,Sound_C,60.7621322453827
1505994081991.0,Sound_L,63.185158333422564
1505994083996.0,Humidity_2,58.91430635986382
1505994083997.0,Temperature_1,25.78
1505994084003.0,Humidity_1,56.07794910604482
1505994084007.0,Temperature_2,23.55
1505994084629.0,Sound_P,117.70694928866428
1505994084632.0,PodiumIR,103
1505994086638.0,Sound_R,62.982125954788295
1505994087403.0,Sound_C,65.93538024692991
1505994090660.0,Temperature_1,25.78
1505994090666.0,Humidity_1,56.07794910604482
1505994090667.0,Humidity_2,58.91430635986382
1505994090675.0,Temperature_2,23.55
1505994091991.0,Sound_L,64.28995387725529
1505994094639.0,Sound_P,117.76167572141729
1505994094641.0,PodiumIR,91
1505994096638.0,Sound_R,62.62445190613513
1505994097322.0,Humidity_2,58.91430635986382
1505994097333.0,Temperature_1,25.78
1505994097336.0,Humidity_1,56.07794910604482
1505994097342.0,Temperature_2,23.55
1505994097403.0,Sound_C,63.735795945857326
1505994101991.0,Sound_L,62.134398066095635
1505994103987.0,Humidity_2,58.91430635986382
1505994103997.0,Temperature_1,25.78
1505994103998.0,Humidity_1,56.07794910604482
1505994104004.0,Temperature_2,23.55
1505994104643.0,Sound_P,117.78897223432665
1505994104645.0,PodiumIR,105
1505994106638.0,Sound_R,60.16354679834629
1505994107403.0,Sound_C,56.954027994491504
1505994110652.0,Temperature_1,25.78
1505994110652.0,Humidity_2,58.91430635986382
1505994110659.0,Humidity_1,56.07794910604482
1505994110670.0,Temperature_2,23.55
1505994111990.0,Sound_L,59.85392096372111
1505994114647.0,Sound_P,117.78897223432665
1505994114650.0,PodiumIR,102
1505994116638.0,Sound_R,60.19311228777599
1505994117320.0,Temperature_1,25.78
1505994117324.0,Humidity_1,56.07794910604482
1505994117331.0,Temperature_2,23.55
1505994117333.0,Humidity_2,58.91430635986382
1505994117403.0,Sound_C,55.706365799594856
1505994121990.0,Sound_L,56.863567282455136
1505994123988.0,Temperature_1,25.78
1505994123992.0,Humidity_1,56.07794910604482
1505994123998.0,Temperature_2,23.55
1505994124000.0,Humidity_2,58.91430635986382
1505994124651.0,Sound_P,118.4311268309188
1505994124653.0,PodiumIR,73
1505994126638.0,Sound_R,59.70251077604016
1505994127403.0,Sound_C,57.374767531857934
1505994130649.0,Humidity_1,56.07794910604482
1505994130650.0,Temperature_1,25.78
1505994130656.0,Humidity_2,58.91430635986382
1505994130662.0,Temperature_2,23.55
1505994131990.0,Sound_L,57.292438392828004
1505994134660.0,Sound_P,118.24635356244428
1505994134663.0,PodiumIR,141
1505994136638.0,Sound_R,56.37328442865826
1505994137312.0,Temperature_1,25.78
1505994137314.0,Humidity_1,56.07794910604482
1505994137322.0,Temperature_2,23.55
1505994137324.0,Humidity_2,58.91430635986382
1505994137403.0,Sound_C,55.75298736045741
1505994141990.0,Sound_L,59.148041697609045
1505994143977.0,Temperature_1,25.78
1505994143980.0,Humidity_1,56.07794910604482
1505994143989.0,Temperature_2,23.55
1505994143992.0,Humidity_2,58.91430635986382
1505994144664.0,Sound_P,117.95182649811095
1505994144667.0,PodiumIR,97
1505994146638.0,Sound_R,61.72848679362958
1505994147403.0,Sound_C,60.06214554803702
1505994150643.0,Humidity_1,56.07794910604482
1505994150643.0,Temperature_1,25.78
1505994150648.0,Temperature_2,23.55
1505994150657.0,Humidity_2,58.91430635986382
1505994151990.0,Sound_L,62.54427917352647
1505994154668.0,Sound_P,117.73433478780012
1505994154671.0,PodiumIR,101
1505994156638.0,Sound_R,65.35875759326986
1505994157304.0,Temperature_1,25.78
1505994157308.0,Humidity_1,56.07794910604482
1505994157311.0,Temperature_2,23.55
1505994157318.0,Humidity_2,58.91430635986382
1505994157403.0,Sound_C,63.19427317323175
1505994161990.0,Sound_L,62.808330899026615
1505994163969.0,Temperature_1,25.78
1505994163976.0,Humidity_1,56.07794910604482
1505994163978.0,Humidity_2,58.91430635986382
1505994163978.0,Temperature_2,23.55
1505994164672.0,Sound_P,117.65204401104197
1505994164675.0,PodiumIR,92
1505994166638.0,Sound_R,61.77418574489968
1505994167403.0,Sound_C,59.709428241455434
1505994170633.0,Humidity_1,56.07794910604482
1505994170636.0,Temperature_1,25.78
1505994170642.0,Humidity_2,58.91430635986382
1505994170648.0,Temperature_2,23.55
1505994171990.0,Sound_L,62.59821285293235
1505994174676.0,Sound_P,117.37479349512601
1505994174679.0,PodiumIR,96
1505994176638.0,Sound_R,62.993804058773264
1505994177295.0,Humidity_1,56.07794910604482
1505994177296.0,Temperature_1,25.78
1505994177310.0,Temperature_2,23.55
1505994177312.0,Humidity_2,58.91430635986382
1505994177403.0,Sound_C,62.98920809793651
1505994181990.0,Sound_L,59.42239247729634
1505994183961.0,Humidity_1,56.07794910604482
1505994183965.0,Temperature_1,25.78
1505994183966.0,Temperature_2,23.55
1505994183976.0,Humidity_2,58.91430635986382
1505994184681.0,Sound_P,117.76167572141729
1505994184683.0,PodiumIR,86
1505994186638.0,Sound_R,65.64646535966796
1505994187403.0,Sound_C,64.86456609812377
1505994190621.0,Temperature_1,25.78
1505994190627.0,Humidity_1,56.07794910604482
1505994190630.0,Temperature_2,23.55
1505994190632.0,Humidity_2,58.91430635986382
1505994191990.0,Sound_L,58.9846479713093
1505994194685.0,Sound_P,117.78897223432665
1505994194687.0,PodiumIR,86
1505994196638.0,Sound_R,63.93728642844197
1505994197283.0,Temperature_1,25.78
1505994197294.0,Temperature_2,23.55
1505994197297.0,Humidity_1,56.07794910604482
1505994197300.0,Humidity_2,58.91430635986382
1505994197403.0,Sound_C,61.656031222516475
1505994198438.0,Door,activate
1505994201990.0,Sound_L,57.30716414918888
1505994203952.0,Temperature_1,25.78
1505994203958.0,Humidity_1,56.07794910604482
1505994203959.0,Temperature_2,23.55
1505994203961.0,Humidity_2,58.91430635986382
1505994204696.0,Sound_P,118.4311268309188
1505994204699.0,PodiumIR,97
1505994206638.0,Sound_R,59.966809116584564
1505994207403.0,Sound_C,59.7105210196396
1505994210613.0,Temperature_1,25.78
1505994210617.0,Humidity_1,56.07794910604482
1505994210628.0,Humidity_2,58.91430635986382
1505994210631.0,Temperature_2,23.55
1505994211990.0,Sound_L,57.366130094100136
1505994214701.0,Sound_P,117.67951907848958
1505994214704.0,PodiumIR,92
1505994216638.0,Sound_R,58.96487518642516
1505994217283.0,Temperature_1,25.78
1505994217286.0,Humidity_1,56.07794910604482
1505994217288.0,Humidity_2,58.91430635986382
1505994217289.0,Temperature_2,23.55
1505994217403.0,Sound_C,56.73482728792943
1505994221990.0,Sound_L,58.340613249082296
1505994223944.0,Humidity_1,56.07794910604482
1505994223946.0,Temperature_1,25.78
1505994223957.0,Temperature_2,23.55
1505994223958.0,Humidity_2,58.91430635986382
1505994224706.0,Sound_P,117.67951907848958
1505994224708.0,PodiumIR,97
1505994226638.0,Sound_R,60.65485867456869
1505994227403.0,Sound_C,54.62031456426073
1505994230612.0,Temperature_1,25.78
1505994230613.0,Humidity_1,56.07794910604482
1505994230617.0,Humidity_2,58.91430635986382
1505994230617.0,Temperature_2,23.55
1505994231990.0,Sound_L,57.98619710940964
1505994234710.0,Sound_P,117.45845009950281
1505994234713.0,PodiumIR,118
1505994236638.0,Sound_R,58.68161490032015
1505994237276.0,Temperature_1,25.78
1505994237276.0,Humidity_1,56.07794910604482
1505994237280.0,Temperature_2,23.55
1505994237288.0,Humidity_2,58.91430635986382
1505994237403.0,Sound_C,53.8855567507206
1505994241990.0,Sound_L,57.86261043105117
1505994243936.0,Temperature_1,25.78
1505994243938.0,Humidity_1,56.07794910604482
1505994243944.0,Humidity_2,58.91430635986382
1505994243944.0,Temperature_2,23.55
1505994244715.0,Sound_P,117.73433478780012
1505994244717.0,PodiumIR,114
1505994246638.0,Sound_R,58.56142001050443
1505994247403.0,Sound_C,54.7235162084033
1505994250600.0,Temperature_1,25.78
1505994250604.0,Humidity_1,56.07794910604482
1505994250612.0,Temperature_2,23.55
1505994250617.0,Humidity_2,58.91430635986382
1505994251991.0,Sound_L,56.118624388049696
1505994254719.0,Sound_P,117.76167572141729
1505994254721.0,PodiumIR,97
1505994256638.0,Sound_R,56.431342757623646
1505994257264.0,Humidity_1,56.07794910604482
1505994257266.0,Temperature_1,25.78
1505994257277.0,Temperature_2,23.55
1505994257277.0,Humidity_2,58.91430635986382
1505994257403.0,Sound_C,55.05982037911816
1505994261991.0,Sound_L,56.166033850693196
1505994263930.0,Temperature_1,25.78
1505994263935.0,Humidity_1,56.07794910604482
1505994263940.0,Temperature_2,23.55
1505994263944.0,Humidity_2,58.91430635986382
1505994264723.0,Sound_P,117.23443344736494
1505994264725.0,PodiumIR,110
1505994266638.0,Sound_R,55.28930948943647
1505994267403.0,Sound_C,54.11935657166966
1505994270588.0,Humidity_1,56.07794910604482
1505994270591.0,Temperature_1,25.78
1505994270604.0,Temperature_2,23.55
1505994270610.0,Humidity_2,58.91430635986382
1505994271991.0,Sound_L,55.999965513765844
1505994274727.0,Sound_P,117.65204401104197
1505994274730.0,PodiumIR,99
1505994276638.0,Sound_R,58.92295394439807
1505994277254.0,Humidity_1,56.07794910604482
1505994277259.0,Temperature_1,25.78
1505994277264.0,Humidity_2,58.91430635986382
1505994277269.0,Temperature_2,23.55
1505994277403.0,Sound_C,55.76666726088846
1505994281991.0,Sound_L,56.90966621283329
1505994283917.0,Humidity_1,56.07794910604482
1505994283923.0,Temperature_2,23.55
1505994283925.0,Temperature_1,25.78
1505994283935.0,Humidity_2,58.91430635986382
1505994284731.0,Sound_P,117.95182649811095
1505994284734.0,PodiumIR,91
1505994286638.0,Sound_R,60.703017381892785
1505994287403.0,Sound_C,57.06558634078112
1505994290579.0,Humidity_1,56.07794910604482
1505994290580.0,Temperature_1,25.78
1505994290595.0,Temperature_2,23.55
1505994290595.0,Humidity_2,58.91430635986382
1505994291991.0,Sound_L,57.157642923159145
1505994294736.0,Sound_P,117.37479349512601
1505994294738.0,PodiumIR,150
1505994296638.0,Sound_R,61.72854795677532
1505994297243.0,Temperature_1,25.78
1505994297247.0,Humidity_1,56.07794910604482
1505994297254.0,Humidity_2,58.91430635986382
1505994297256.0,Temperature_2,23.55
1505994297403.0,Sound_C,56.858727962094044
1505994301990.0,Sound_L,56.94342905128019
1505994303907.0,Temperature_1,25.78
1505994303910.0,Humidity_1,56.07794910604482
1505994303914.0,Temperature_2,23.55
1505994303917.0,Humidity_2,58.91430635986382
1505994304740.0,Sound_P,117.76167572141729
1505994304743.0,PodiumIR,96
1505994306638.0,Sound_R,61.64420089757014
1505994307403.0,Sound_C,56.71416877315041
1505994310572.0,Humidity_1,56.07794910604482
1505994310575.0,Temperature_1,25.78
1505994310579.0,Temperature_2,23.55
1505994310588.0,Humidity_2,58.91430635986382
1505994311990.0,Sound_L,56.53955098436625
1505994314744.0,Sound_P,117.62452393936876
1505994314747.0,PodiumIR,95
1505994316638.0,Sound_R,59.492253725354566
1505994317238.0,Temperature_2,23.55
1505994317239.0,Humidity_1,56.07794910604482
1505994317240.0,Temperature_1,25.78
1505994317246.0,Humidity_2,58.91430635986382
1505994317403.0,Sound_C,55.820290772389235
1505994321991.0,Sound_L,55.95942612011508
1505994323892.0,Humidity_1,56.07794910604482
1505994323900.0,Temperature_1,25.78
1505994323909.0,Temperature_2,23.55
1505994323911.0,Humidity_2,58.91430635986382
1505994324751.0,Sound_P,118.3521869832679
1505994324753.0,PodiumIR,105
1505994326638.0,Sound_R,58.06965608773849
1505994327403.0,Sound_C,54.852024836778895
1505994330559.0,Humidity_1,56.07794910604482
1505994330563.0,Temperature_2,23.55
1505994330572.0,Humidity_2,58.91430635986382
1505994330573.0,Temperature_1,25.78
1505994331990.0,Sound_L,56.96260515488251
1505994334755.0,Sound_P,117.62452393936876
1505994334757.0,PodiumIR,92
1505994336638.0,Sound_R,56.58333229031077
1505994337227.0,Humidity_1,56.07794910604482
1505994337228.0,Temperature_1,25.78
1505994337231.0,Humidity_2,58.91430635986382
1505994337234.0,Temperature_2,23.55
1505994337403.0,Sound_C,55.362492459314524
1505994341990.0,Sound_L,57.38523652859942
1505994343881.0,Humidity_1,56.07794910604482
1505994343895.0,Temperature_2,23.55
1505994343897.0,Temperature_1,25.78
1505994343904.0,Humidity_2,58.91430635986382
1505994344765.0,Sound_P,118.45735790572417
1505994344767.0,PodiumIR,70
1505994346638.0,Sound_R,57.673503292107
1505994347403.0,Sound_C,56.49997805395003
1505994350553.0,Humidity_1,56.07794910604482
1505994350557.0,Temperature_2,23.55
1505994350559.0,Temperature_1,25.78
1505994350560.0,Humidity_2,58.91430635986382
1505994351990.0,Sound_L,58.45591872343313
1505994354776.0,Sound_P,117.70694928866428
1505994354779.0,PodiumIR,99
1505994356638.0,Sound_R,58.21734607454499
1505994357217.0,Humidity_1,56.07794910604482
1505994357224.0,Temperature_2,23.55
1505994357224.0,Temperature_1,25.78
1505994357229.0,Humidity_2,58.91430635986382
1505994357403.0,Sound_C,55.9522876433201
1505994361990.0,Sound_L,57.37507310975842
1505994363872.0,Humidity_1,56.07794910604482
1505994363880.0,Temperature_2,23.55
1505994363892.0,Humidity_2,58.91430635986382
1505994363893.0,Temperature_1,25.78
1505994364781.0,Sound_P,117.65204401104197
1505994364783.0,PodiumIR,115
1505994366638.0,Sound_R,57.36807016259305
1505994367403.0,Sound_C,54.676023670596265
1505994370542.0,Humidity_1,56.07794910604482
1505994370544.0,Temperature_2,23.55
1505994370548.0,Temperature_1,25.78
1505994370555.0,Humidity_2,58.91430635986382
1505994371990.0,Sound_L,56.520087278726756
1505994374786.0,Sound_P,117.37479349512601
1505994374790.0,PodiumIR,101
1505994376638.0,Sound_R,57.95465490430357
1505994377206.0,Humidity_1,56.07794910604482
1505994377212.0,Temperature_1,25.78
1505994377213.0,Temperature_2,23.55
1505994377217.0,Humidity_2,58.91430635986382
1505994377403.0,Sound_C,54.39188297717698
1505994381990.0,Sound_L,55.74799340177603
1505994383880.0,Temperature_1,25.78
1505994383883.0,Humidity_1,56.07794910604482
1505994383890.0,Temperature_2,23.55
1505994383893.0,Humidity_2,58.91430635986382
1505994384792.0,Sound_P,117.76167572141729
1505994384794.0,PodiumIR,83
1505994386638.0,Sound_R,57.24162762276878
1505994387403.0,Sound_C,55.04303066436761
1505994390549.0,Temperature_1,25.78
1505994390552.0,Humidity_1,56.07794910604482
1505994390552.0,Temperature_2,23.55
1505994390554.0,Humidity_2,58.91430635986382
1505994391990.0,Sound_L,56.25791657570811
1505994394796.0,Sound_P,117.84343257374664
1505994394803.0,PodiumIR,91
1505994396638.0,Sound_R,58.09501023022097
1505994397203.0,Temperature_1,25.78
1505994397206.0,Humidity_1,56.07794910604482
1505994397215.0,Temperature_2,23.55
1505994397220.0,Humidity_2,58.91430635986382
1505994397403.0,Sound_C,55.76416495491509
1505994401990.0,Sound_L,57.35470958436832
1505994403870.0,Temperature_1,25.78
1505994403878.0,Humidity_1,56.07794910604482
1505994403880.0,Humidity_2,58.91430635986382
1505994403881.0,Temperature_2,23.55
1505994404813.0,Sound_P,117.78897223432665
1505994404815.0,PodiumIR,87
1505994406638.0,Sound_R,58.734939821987204
1505994407403.0,Sound_C,56.754478896620235
1505994410531.0,Temperature_1,25.78
1505994410537.0,Humidity_1,56.07794910604482
1505994410544.0,Humidity_2,58.91430635986382
1505994410549.0,Temperature_2,23.55
1505994411990.0,Sound_L,57.00507877010631
1505994414817.0,Sound_P,117.37479349512601
1505994414820.0,PodiumIR,113
1505994416638.0,Sound_R,59.84352307444095
1505994417198.0,Temperature_1,25.78
1505994417201.0,Humidity_1,56.07794910604482
1505994417208.0,Temperature_2,23.55
1505994417216.0,Humidity_2,58.91430635986382
1505994417403.0,Sound_C,58.33428414305782
1505994421990.0,Sound_L,56.55031607149688
1505994423865.0,Humidity_1,56.07794910604482
1505994423867.0,Temperature_1,25.78
1505994423878.0,Temperature_2,23.55
1505994423880.0,Humidity_2,58.91430635986382
1505994424821.0,Sound_P,117.78897223432665
1505994424824.0,PodiumIR,98
1505994426638.0,Sound_R,60.129624403358555
1505994427403.0,Sound_C,57.42454194620978
1505994430523.0,Temperature_1,25.78
1505994430531.0,Humidity_1,56.07794910604482
1505994430536.0,Temperature_2,23.55
1505994430546.0,Humidity_2,58.91430635986382
1505994431990.0,Sound_L,56.15536046378679
1505994434826.0,Sound_P,117.73433478780012
1505994434828.0,PodiumIR,90
1505994436638.0,Sound_R,61.747950891405345
1505994437194.0,Temperature_1,25.78
1505994437194.0,Humidity_1,56.07794910604482
1505994437202.0,Humidity_2,58.91430635986382
1505994437204.0,Temperature_2,23.55
1505994437403.0,Sound_C,57.948425524226685
1505994441990.0,Sound_L,57.780081064681625
1505994443855.0,Humidity_1,56.07794910604482
1505994443859.0,Temperature_1,25.78
1505994443866.0,Temperature_2,23.55
1505994443867.0,Humidity_2,58.91430635986382
1505994444830.0,Sound_P,117.78897223432665
1505994444844.0,PodiumIR,97
1505994446638.0,Sound_R,61.586326612975974
1505994447403.0,Sound_C,59.522304709603965
1505994450520.0,Temperature_1,25.78
1505994450523.0,Humidity_1,56.07794910604482
1505994450535.0,Humidity_2,58.91430635986382
1505994450535.0,Temperature_2,23.55
1505994451990.0,Sound_L,59.21945789510742
1505994454846.0,Sound_P,117.78897223432665
1505994454850.0,PodiumIR,97
1505994456638.0,Sound_R,58.25864883204927
1505994457180.0,Temperature_1,25.78
1505994457192.0,Humidity_1,56.07794910604482
1505994457193.0,Humidity_2,58.91430635986382
1505994457195.0,Temperature_2,23.55
1505994457403.0,Sound_C,59.24996399703792
1505994461990.0,Sound_L,59.620879738064545
1505994463843.0,Temperature_1,25.78
1505994463852.0,Humidity_1,56.07794910604482
1505994463854.0,Temperature_2,23.55
1505994463858.0,Humidity_2,58.91430635986382
1505994464852.0,Sound_P,117.70694928866428
1505994464854.0,PodiumIR,122
1505994466638.0,Sound_R,58.895365673333764
1505994467403.0,Sound_C,58.33799981994756
1505994470508.0,Temperature_1,25.78
1505994470518.0,Temperature_2,23.55
1505994470518.0,Humidity_1,56.07794910604482
1505994470527.0,Humidity_2,58.91430635986382
1505994471990.0,Sound_L,58.94298060479156
1505994474856.0,Sound_P,117.78897223432665
1505994474860.0,PodiumIR,92
1505994476638.0,Sound_R,58.720467313432515
1505994477171.0,Temperature_1,25.78
1505994477174.0,Humidity_1,56.07794910604482
1505994477181.0,Temperature_2,23.55
1505994477186.0,Humidity_2,58.91430635986382
1505994477403.0,Sound_C,57.81262405228251
1505994481990.0,Sound_L,56.76946496004519
1505994483836.0,Temperature_1,25.78
1505994483840.0,Humidity_1,56.07794910604482
1505994483852.0,Humidity_2,58.91430635986382
1505994483852.0,Temperature_2,23.55
1505994484867.0,Sound_P,117.43061082221344
1505994484870.0,PodiumIR,85
1505994486638.0,Sound_R,59.75967866676672
1505994487403.0,Sound_C,59.7524860956029
1505994490503.0,Temperature_1,25.78
1505994490506.0,Humidity_1,56.07794910604482
1505994490517.0,Humidity_2,58.91430635986382
1505994490517.0,Temperature_2,23.55
1505994491990.0,Sound_L,57.54212568864107
1505994494872.0,Sound_P,117.54169221859063
1505994494874.0,PodiumIR,89
1505994496638.0,Sound_R,61.49555180966098
1505994497169.0,Humidity_1,56.07794910604482
1505994497170.0,Temperature_1,25.78
1505994497177.0,Temperature_2,23.55
1505994497177.0,Humidity_2,58.91430635986382
1505994497403.0,Sound_C,58.16389913685399
1505994501990.0,Sound_L,57.036073177252604
1505994503831.0,Humidity_1,56.07794910604482
1505994503833.0,Temperature_1,25.78
1505994503843.0,Temperature_2,23.55
1505994503844.0,Humidity_2,58.91430635986382
1505994504875.0,Sound_P,117.76167572141729
1505994504878.0,PodiumIR,135
1505994506638.0,Sound_R,62.5857190494425
1505994507403.0,Sound_C,55.4914286448461
1505994510495.0,Humidity_1,56.07794910604482
1505994510497.0,Temperature_1,25.78
1505994510506.0,Temperature_2,23.55
1505994510513.0,Humidity_2,58.91430635986382
1505994511990.0,Sound_L,58.28412618220401
1505994514880.0,Sound_P,117.78897223432665
1505994514882.0,PodiumIR,98
1505994516638.0,Sound_R,60.522617259401976
1505994517160.0,Temperature_1,25.78
1505994517164.0,Humidity_1,56.07794910604482
1505994517171.0,Temperature_2,23.55
1505994517176.0,Humidity_2,58.91430635986382
1505994517403.0,Sound_C,56.18446078246043
1505994521990.0,Sound_L,57.89362468361086
1505994523822.0,Temperature_1,25.78
1505994523833.0,Humidity_1,56.07794910604482
1505994523838.0,Temperature_2,23.55
1505994523842.0,Humidity_2,58.91430635986382
1505994524884.0,Sound_P,118.2993536063961
1505994524886.0,PodiumIR,89
1505994526638.0,Sound_R,60.307337471280356
1505994527403.0,Sound_C,57.77626482647364
1505994530489.0,Humidity_1,56.07794910604482
1505994530491.0,Temperature_1,25.78
1505994530500.0,Temperature_2,23.55
1505994530505.0,Humidity_2,58.91430635986382
1505994531990.0,Sound_L,58.41023358278771
1505994534889.0,Sound_P,117.73433478780012
1505994534891.0,PodiumIR,96
1505994536638.0,Sound_R,62.14668696365201
1505994537151.0,Temperature_1,25.78
1505994537154.0,Humidity_1,56.07794910604482
1505994537166.0,Temperature_2,23.55
1505994537168.0,Humidity_2,58.91430635986382
1505994537403.0,Sound_C,59.26843019572235
1505994541990.0,Sound_L,58.562274897330845
1505994543817.0,Temperature_1,25.78
1505994543817.0,Humidity_1,56.07794910604482
1505994543830.0,Temperature_2,23.55
1505994543836.0,Humidity_2,58.91430635986382
1505994544893.0,Sound_P,117.43061082221344
1505994544895.0,PodiumIR,85
1505994546638.0,Sound_R,63.54361471698115
1505994547403.0,Sound_C,60.07241914420854
1505994550483.0,Humidity_1,56.07794910604482
1505994550484.0,Temperature_1,25.78
1505994550491.0,Humidity_2,58.91430635986382
1505994550495.0,Temperature_2,23.55
1505994551990.0,Sound_L,58.52649849327935
1505994554897.0,Sound_P,117.17795944461179
1505994554900.0,PodiumIR,136
1505994556638.0,Sound_R,63.11384218897789
1505994557147.0,Humidity_1,56.07794910604482
1505994557149.0,Temperature_1,25.78
1505994557157.0,Temperature_2,23.55
1505994557159.0,Humidity_2,58.91430635986382
1505994557403.0,Sound_C,60.45049508167805
1505994561990.0,Sound_L,59.08440211177195
1505994563807.0,Humidity_1,56.07794910604482
1505994563811.0,Temperature_1,25.78
1505994563823.0,Humidity_2,58.91430635986382
1505994563823.0,Temperature_2,23.55
1505994564901.0,Sound_P,118.3785414984758
1505994564904.0,PodiumIR,86
1505994566638.0,Sound_R,61.53758283863046
1505994567403.0,Sound_C,59.6177403821064
1505994570472.0,Temperature_1,25.78
1505994570476.0,Humidity_1,56.07794910604482
1505994570487.0,Temperature_2,23.55
1505994570490.0,Humidity_2,58.91430635986382
1505994571990.0,Sound_L,59.18974680836576
1505994574905.0,Sound_P,117.65204401104197
1505994574908.0,PodiumIR,101
1505994576638.0,Sound_R,62.86751448787356
1505994577132.0,Temperature_1,25.78
1505994577138.0,Humidity_1,56.07794910604482
1505994577148.0,Temperature_2,23.55
1505994577152.0,Humidity_2,58.91430635986382
1505994577403.0,Sound_C,58.649654480909504
1505994581990.0,Sound_L,59.306439720313804
1505994583799.0,Temperature_1,25.78
1505994583808.0,Humidity_1,56.07794910604482
1505994583813.0,Temperature_2,23.55
1505994583820.0,Humidity_2,58.91430635986382
1505994584910.0,Sound_P,117.78897223432665
1505994584912.0,PodiumIR,100
1505994586638.0,Sound_R,63.55401996718789
1505994587403.0,Sound_C,59.26742322262012
1505994590461.0,Temperature_1,25.78
1505994590468.0,Humidity_1,56.07794910604482
1505994590473.0,Temperature_2,23.55
1505994590481.0,Humidity_2,58.91430635986382
1505994591990.0,Sound_L,58.80914702310797
1505994594914.0,Sound_P,117.92479350756437
1505994594916.0,PodiumIR,90
1505994596638.0,Sound_R,61.89821533041141
1505994597124.0,Temperature_1,25.78
1505994597128.0,Humidity_1,56.07794910604482
1505994597137.0,Temperature_2,23.55
1505994597146.0,Humidity_2,58.91430635986382
1505994597403.0,Sound_C,59.37606530989411
1505994601990.0,Sound_L,58.655607210613
1505994603788.0,Temperature_1,25.78
1505994603792.0,Humidity_1,56.07794910604482
1505994603803.0,Temperature_2,23.55
1505994603808.0,Humidity_2,58.91430635986382
1505994604918.0,Sound_P,117.67951907848958
1505994604921.0,PodiumIR,96
1505994606638.0,Sound_R,60.62301182394949
1505994607403.0,Sound_C,59.39198102374408
1505994610452.0,Temperature_1,25.78
1505994610459.0,Humidity_1,56.07794910604482
1505994610469.0,Humidity_2,58.91430635986382
1505994610472.0,Temperature_2,23.55
1505994611990.0,Sound_L,60.48532093321715
1505994614922.0,Sound_P,117.40272533863349
1505994614925.0,PodiumIR,98
1505994616638.0,Sound_R,60.59408812281294
1505994617121.0,Temperature_1,25.78
1505994617128.0,Humidity_1,56.07794910604482
1505994617129.0,Temperature_2,23.55
1505994617139.0,Humidity_2,58.91430635986382
1505994617403.0,Sound_C,59.34440759446363
1505994621990.0,Sound_L,61.644631570250986
1505994623779.0,Temperature_1,25.78
1505994623792.0,Humidity_1,56.07794910604482
1505994623795.0,Humidity_2,58.91430635986382
1505994623798.0,Temperature_2,23.55
1505994624926.0,Sound_P,117.40272533863349
1505994624929.0,PodiumIR,91
1505994626638.0,Sound_R,61.126739356808145
1505994627403.0,Sound_C,59.297687512686196
1505994630449.0,Temperature_1,25.78
1505994630453.0,Humidity_1,56.07794910604482
1505994630460.0,Temperature_2,23.55
1505994630468.0,Humidity_2,58.91430635986382
1505994631990.0,Sound_L,61.22852940227831
1505994634930.0,Sound_P,117.76167572141729
1505994634933.0,PodiumIR,97
1505994636638.0,Sound_R,62.52416432274696
1505994637111.0,Temperature_1,25.78
1505994637120.0,Humidity_1,56.07794910604482
1505994637126.0,Temperature_2,23.55
1505994637133.0,Humidity_2,58.91430635986382
1505994637403.0,Sound_C,59.948696221322315
1505994641990.0,Sound_L,59.026990436231806
1505994643774.0,Temperature_1,25.78
1505994643775.0,Humidity_1,56.07794910604482
1505994643786.0,Temperature_2,23.55
1505994643790.0,Humidity_2,58.91430635986382
1505994644934.0,Sound_P,117.76167572141729
1505994644937.0,PodiumIR,87
1505994646638.0,Sound_R,61.26670243325163
1505994647403.0,Sound_C,59.899225527184804
1505994650441.0,Temperature_1,25.78
1505994650444.0,Humidity_1,56.07794910604482
1505994650451.0,Temperature_2,23.55
1505994650456.0,Humidity_2,58.91430635986382
1505994651990.0,Sound_L,57.31557307292702
1505994654938.0,Sound_P,117.20622017457212
1505994654941.0,PodiumIR,121
1505994656638.0,Sound_R,61.59548090254382
1505994657100.0,Temperature_1,25.78
1505994657112.0,Humidity_1,56.07794910604482
1505994657117.0,Temperature_2,23.55
1505994657122.0,Humidity_2,58.91430635986382
1505994657403.0,Sound_C,58.85779417905465
1505994661990.0,Sound_L,57.847996290021285
1505994663769.0,Humidity_1,56.07794910604482
1505994663769.0,Temperature_1,25.78
1505994663783.0,Temperature_2,23.55
1505994663789.0,Humidity_2,58.91430635986382
1505994664942.0,Sound_P,117.67951907848958
1505994664945.0,PodiumIR,92
1505994666638.0,Sound_R,63.44329634484319
1505994667403.0,Sound_C,57.69861776163947
1505994670427.0,Temperature_1,25.78
1505994670440.0,Temperature_2,23.55
1505994670441.0,Humidity_1,56.07794910604482
1505994670451.0,Humidity_2,58.91430635986382
1505994671990.0,Sound_L,57.601287061893736
1505994674947.0,Sound_P,117.34681513728647
1505994674949.0,PodiumIR,92
1505994676638.0,Sound_R,61.042103796849354
1505994677090.0,Temperature_1,25.78
1505994677098.0,Humidity_1,56.07794910604482
1505994677109.0,Humidity_2,58.91430635986382
1505994677110.0,Temperature_2,23.55
1505994677403.0,Sound_C,56.89060953031234
1505994681990.0,Sound_L,57.042515308859564
1505994683761.0,Temperature_1,25.78
1505994683767.0,Humidity_1,56.07794910604482
1505994683769.0,Temperature_2,23.55
1505994683773.0,Humidity_2,58.91430635986382
1505994684951.0,Sound_P,118.27287448349982
1505994684953.0,PodiumIR,108
1505994686638.0,Sound_R,58.655755718260714
1505994687403.0,Sound_C,55.2968921449108
1505994690416.0,Temperature_1,25.78
1505994690430.0,Temperature_2,23.55
1505994690432.0,Humidity_1,56.07794910604482
1505994690438.0,Humidity_2,58.91430635986382
1505994691990.0,Sound_L,56.552785423500865
1505994694955.0,Sound_P,117.76167572141729
1505994694957.0,PodiumIR,102
1505994696638.0,Sound_R,56.40019405318983
1505994697078.0,Temperature_1,25.78
1505994697088.0,Humidity_1,56.07794910604482
1505994697094.0,Temperature_2,23.55
1505994697106.0,Humidity_2,58.91430635986382
1505994697403.0,Sound_C,54.04769424718565
1505994701990.0,Sound_L,56.09927657712255
1505994703740.0,Temperature_1,25.78
1505994703757.0,Humidity_1,56.07794910604482
1505994703760.0,Temperature_2,23.55
1505994703765.0,Humidity_2,58.91430635986382
1505994704960.0,Sound_P,117.76167572141729
1505994704963.0,PodiumIR,87
1505994706638.0,Sound_R,57.73878639868179
1505994707403.0,Sound_C,55.21535254419515
1505994710403.0,Temperature_1,25.78
1505994710422.0,Temperature_2,23.55
1505994710423.0,Humidity_1,56.07794910604482
1505994710437.0,Humidity_2,58.91430635986382
1505994711990.0,Sound_L,56.463104546694126
1505994714965.0,Sound_P,117.31879010993765
1505994714967.0,PodiumIR,100
1505994716638.0,Sound_R,62.65880624523084
1505994717073.0,Temperature_1,25.78
1505994717083.0,Humidity_1,56.07794910604482
1505994717091.0,Humidity_2,58.91430635986382
1505994717096.0,Temperature_2,23.55
1505994717403.0,Sound_C,60.75398124846768
1505994721990.0,Sound_L,58.40258653315547
1505994723738.0,Temperature_1,25.78
1505994723751.0,Humidity_1,56.07794910604482
1505994723754.0,Temperature_2,23.55
1505994723755.0,Humidity_2,58.91430635986382
1505994724969.0,Sound_P,117.48624332337616
1505994724972.0,PodiumIR,99
1505994726638.0,Sound_R,64.70326860865976
1505994727403.0,Sound_C,62.33362804212468
1505994730392.0,Temperature_1,25.78
1505994730407.0,Humidity_1,56.07794910604482
1505994730421.0,Humidity_2,58.91430635986382
1505994730421.0,Temperature_2,23.55
1505994732128.0,Sound_L,59.688222482323866
1505994734973.0,Sound_P,118.3785414984758
1505994734975.0,PodiumIR,85
1505994736638.0,Sound_R,63.50718012837524
1505994737057.0,Temperature_1,25.78
1505994737074.0,Humidity_1,56.07794910604482
1505994737084.0,Temperature_2,23.55
1505994737087.0,Humidity_2,58.91430635986382
1505994737403.0,Sound_C,59.70862651435968
1505994741990.0,Sound_L,61.82286178165151
1505994743721.0,Temperature_1,25.78
1505994743739.0,Humidity_1,56.07794910604482
1505994743746.0,Temperature_2,23.55
1505994743756.0,Humidity_2,58.91430635986382
1505994744977.0,Sound_P,117.62452393936876
1505994744980.0,PodiumIR,89
1505994746638.0,Sound_R,63.022347683491596
1505994747403.0,Sound_C,60.02000221419916
1505994750389.0,Temperature_1,25.78
1505994750407.0,Humidity_1,56.07794910604482
1505994750413.0,Temperature_2,23.55
1505994750416.0,Humidity_2,58.91430635986382
1505994751990.0,Sound_L,61.04818203166653
1505994754982.0,Sound_P,118.40485473799694
1505994754984.0,PodiumIR,132
1505994756638.0,Sound_R,63.33671545269726
1505994757045.0,Temperature_1,25.78
1505994757065.0,Humidity_1,56.07794910604482
1505994757078.0,Humidity_2,58.91430635986382
1505994757080.0,Temperature_2,23.55
1505994757403.0,Sound_C,61.13097342761296
1505994761990.0,Sound_L,60.59702309607998
1505994763710.0,Temperature_1,25.78
1505994763731.0,Humidity_1,56.07794910604482
1505994763737.0,Temperature_2,23.55
1505994763740.0,Humidity_2,58.91430635986382
1505994764986.0,Sound_P,117.78897223432665
1505994764988.0,PodiumIR,90
1505994766638.0,Sound_R,63.76007601200299
1505994767403.0,Sound_C,62.207271075185055
1505994770378.0,Temperature_1,25.78
1505994770399.0,Humidity_1,56.07794910604482
1505994770404.0,Humidity_2,58.91430635986382
1505994770406.0,Temperature_2,23.55
1505994771990.0,Sound_L,61.955705998776935
1505994774990.0,Sound_P,117.59695871579397
1505994774993.0,PodiumIR,101
1505994776638.0,Sound_R,65.6271380216077
1505994777034.0,Temperature_1,25.78
1505994777055.0,Humidity_1,56.07794910604482
1505994777064.0,Temperature_2,23.55
1505994777068.0,Humidity_2,58.91430635986382
1505994777403.0,Sound_C,63.66685250973766
1505994781990.0,Sound_L,61.969960041147374
1505994783720.0,Temperature_1,25.78
1505994783724.0,Humidity_1,56.07794910604482
1505994783732.0,Temperature_2,23.55
1505994783739.0,Humidity_2,58.91430635986382
1505994785005.0,Sound_P,117.45845009950281
1505994785008.0,PodiumIR,100
1505994786638.0,Sound_R,65.56016941936804
1505994787403.0,Sound_C,63.637173342222475
1505994790389.0,Temperature_1,25.78
1505994790393.0,Humidity_1,56.07794910604482
1505994790404.0,Temperature_2,23.55
1505994790415.0,Humidity_2,58.91430635986382
1505994791990.0,Sound_L,61.65965972883217
1505994795010.0,Sound_P,117.81622447063441
1505994795012.0,PodiumIR,92
1505994796638.0,Sound_R,64.73830831584118
1505994797064.0,Temperature_1,25.78
1505994797071.0,Humidity_1,56.07794910604482
1505994797075.0,Temperature_2,23.55
1505994797084.0,Humidity_2,58.91430635986382
1505994797403.0,Sound_C,62.796173686966505
1505994801990.0,Sound_L,60.861111317282194
1505994803739.0,Temperature_1,25.78
1505994803741.0,Temperature_2,23.55
1505994803743.0,Humidity_1,56.07794910604482
1505994803755.0,Humidity_2,58.91430635986382
1505994805013.0,Sound_P,118.40485473799694
1505994805016.0,PodiumIR,75
1505994806638.0,Sound_R,64.88650457047883
1505994807403.0,Sound_C,62.17102279793366
1505994810410.0,Temperature_1,25.78
1505994810412.0,Temperature_2,23.55
1505994810417.0,Humidity_1,56.07794910604482
1505994810421.0,Humidity_2,58.91430635986382
1505994811990.0,Sound_L,60.90452201395513
1505994815017.0,Sound_P,117.76167572141729
1505994815020.0,PodiumIR,123
1505994816638.0,Sound_R,65.69601219774584
1505994817084.0,Temperature_1,25.78
1505994817086.0,Humidity_1,56.07794910604482
1505994817088.0,Temperature_2,23.55
1505994817094.0,Humidity_2,58.91430635986382
1505994817403.0,Sound_C,62.068033864717826
1505994821990.0,Sound_L,61.54135526514871
1505994823747.0,Temperature_1,25.78
1505994823758.0,Humidity_1,56.07794910604482
1505994823760.0,Temperature_2,23.55
1505994823767.0,Humidity_2,58.91430635986382
1505994825022.0,Sound_P,117.78897223432665
1505994825024.0,PodiumIR,125
1505994826638.0,Sound_R,66.27957925630263
1505994827403.0,Sound_C,61.69789042176462
1505994830425.0,Humidity_1,56.07794910604482
1505994830425.0,Temperature_1,25.78
1505994830433.0,Temperature_2,23.55
1505994830439.0,Humidity_2,58.91430635986382
1505994831990.0,Sound_L,61.69190392509066
1505994835026.0,Sound_P,117.87059668637389
1505994835028.0,PodiumIR,131
1505994836638.0,Sound_R,65.40124555999554
1505994837100.0,Temperature_1,25.78
1505994837102.0,Humidity_1,56.07794910604482
1505994837103.0,Temperature_2,23.55
1505994837106.0,Humidity_2,58.91430635986382
1505994837403.0,Sound_C,61.140081842435414
1505994841990.0,Sound_L,61.48339579136854
1505994843764.0,Temperature_1,25.78
1505994843768.0,Humidity_1,56.07794910604482
1505994843772.0,Temperature_2,23.55
1505994843780.0,Humidity_2,58.91430635986382
1505994845030.0,Sound_P,118.3785414984758
1505994845032.0,PodiumIR,114
1505994846638.0,Sound_R,65.73397503530536
1505994847403.0,Sound_C,63.31066209474557
1505994850438.0,Temperature_1,25.78
1505994850441.0,Humidity_1,56.07794910604482
1505994850444.0,Temperature_2,23.55
1505994850452.0,Humidity_2,58.91430635986382
1505994851990.0,Sound_L,62.71670352182348
1505994855034.0,Sound_P,118.3521869832679
1505994855037.0,PodiumIR,72
1505994856639.0,Sound_R,65.25465498537879
1505994857113.0,Temperature_2,23.55
1505994857115.0,Temperature_1,25.78
1505994857120.0,Humidity_1,56.07794910604482
1505994857120.0,Humidity_2,58.91430635986382
1505994857403.0,Sound_C,62.56544150618053
1505994861990.0,Sound_L,62.96857138182564
1505994863785.0,Temperature_2,23.55
1505994863788.0,Temperature_1,25.78
1505994863792.0,Humidity_1,56.07794910604482
1505994863794.0,Humidity_2,58.91430635986382
1505994865040.0,Sound_P,117.45845009950281
1505994865043.0,PodiumIR,98
1505994866638.0,Sound_R,64.70859854870838
1505994867403.0,Sound_C,61.23783243800377
1505994870453.0,Temperature_2,23.55
1505994870455.0,Temperature_1,25.78
1505994870458.0,Humidity_1,56.07794910604482
1505994870465.0,Humidity_2,58.91430635986382
1505994871990.0,Sound_L,63.697539699024176
1505994875044.0,Sound_P,117.43061082221344
1505994875046.0,PodiumIR,104
1505994876638.0,Sound_R,65.96240191613542
1505994877129.0,Temperature_2,23.55
1505994877130.0,Temperature_1,25.78
1505994877134.0,Humidity_1,56.07794910604482
1505994877135.0,Humidity_2,58.91430635986382
1505994877403.0,Sound_C,62.8278717220792
1505994881990.0,Sound_L,62.71717391817696
1505994883794.0,Temperature_2,23.55
1505994883799.0,Temperature_1,25.78
1505994883807.0,Humidity_2,58.91430635986382
1505994883809.0,Humidity_1,56.07794910604482
1505994885048.0,Sound_P,118.40485473799694
1505994885050.0,PodiumIR,100
1505994886638.0,Sound_R,65.34264297557048
1505994887403.0,Sound_C,62.819485707843995
1505994890467.0,Temperature_2,23.55
1505994890471.0,Temperature_1,25.78
1505994890473.0,Humidity_1,56.07794910604482
1505994890475.0,Humidity_2,58.91430635986382
1505994891990.0,Sound_L,63.51298844452482
1505994895052.0,Sound_P,118.1931857965549
1505994895054.0,PodiumIR,113
1505994896638.0,Sound_R,65.49865957903589
1505994897139.0,Temperature_2,23.55
1505994897145.0,Humidity_2,58.91430635986382
1505994897145.0,Humidity_1,56.07794910604482
1505994897149.0,Temperature_1,25.78
1505994897403.0,Sound_C,62.55290664915017
1505994901990.0,Sound_L,64.68601957349895
1505994903807.0,Temperature_2,23.55
1505994903814.0,Temperature_1,25.78
1505994903817.0,Humidity_2,58.91430635986382
1505994903821.0,Humidity_1,56.07794910604482
1505994905056.0,Sound_P,117.65204401104197
1505994905059.0,PodiumIR,108
1505994906638.0,Sound_R,65.28435755248229
1505994907403.0,Sound_C,63.50930853512094
1505994910483.0,Temperature_2,23.55
1505994910490.0,Temperature_1,25.78
1505994910491.0,Humidity_2,58.91430635986382
1505994910497.0,Humidity_1,56.07794910604482
1505994911990.0,Sound_L,64.5344970404271
1505994915063.0,Sound_P,117.84343257374664
1505994915065.0,PodiumIR,102
1505994916638.0,Sound_R,66.60937220713608
1505994917160.0,Temperature_1,25.78
1505994917164.0,Humidity_1,56.07794910604482
1505994917171.0,Temperature_2,23.55
1505994917176.0,Humidity_2,58.91430635986382
1505994917403.0,Sound_C,64.59511460109734
1505994921990.0,Sound_L,63.04471534656169
1505994923829.0,Temperature_1,25.78
1505994923830.0,Humidity_1,56.07794910604482
1505994923834.0,Temperature_2,23.55
1505994923840.0,Humidity_2,58.91430635986382
1505994925067.0,Sound_P,117.84343257374664
1505994925070.0,PodiumIR,148
1505994926638.0,Sound_R,66.51920534161235
1505994927403.0,Sound_C,62.87840168083769
1505994930484.0,Temperature_1,25.78
1505994930494.0,Humidity_1,56.07794910604482
1505994930498.0,Temperature_2,23.55
1505994930509.0,Humidity_2,58.91430635986382
1505994931990.0,Sound_L,62.23085332117619
1505994935071.0,Sound_P,117.81622447063441
1505994935074.0,PodiumIR,95
1505994936638.0,Sound_R,64.94614318401031
1505994937154.0,Temperature_1,25.78
1505994937159.0,Humidity_1,56.07794910604482
1505994937166.0,Temperature_2,23.55
1505994937172.0,Humidity_2,58.91430635986382
1505994937403.0,Sound_C,61.93631073832065
1505994941990.0,Sound_L,60.94551181539293
1505994943819.0,Temperature_1,25.78
1505994943823.0,Humidity_1,56.07794910604482
1505994943827.0,Temperature_2,23.55
1505994943830.0,Humidity_2,58.91430635986382
1505994945075.0,Sound_P,117.81622447063441
1505994945078.0,PodiumIR,97
1505994946638.0,Sound_R,65.4719870839259
1505994947403.0,Sound_C,61.62436361828663
1505994950476.0,Temperature_1,25.78
1505994950488.0,Humidity_1,56.07794910604482
1505994950492.0,Humidity_2,58.91430635986382
1505994950493.0,Temperature_2,23.55
1505994951990.0,Sound_L,60.69558982069451
1505994955084.0,Sound_P,117.78897223432665
1505994955086.0,PodiumIR,77
1505994956638.0,Sound_R,63.396685268996286
1505994957145.0,Temperature_1,25.78
1505994957153.0,Humidity_1,56.07794910604482
1505994957157.0,Humidity_2,58.91430635986382
1505994957160.0,Temperature_2,23.55
1505994957403.0,Sound_C,61.1558374722062
1505994961990.0,Sound_L,60.2419751150516
1505994963811.0,Temperature_1,25.78
1505994963812.0,Humidity_1,56.07794910604482
1505994963820.0,Temperature_2,23.55
1505994963828.0,Humidity_2,58.91430635986382
1505994965088.0,Sound_P,117.62452393936876
1505994965091.0,PodiumIR,102
1505994966638.0,Sound_R,62.12912757516179
1505994967403.0,Sound_C,61.87735033076884
1505994970474.0,Temperature_1,25.78
1505994970480.0,Humidity_1,56.07794910604482
1505994970488.0,Temperature_2,23.55
1505994970489.0,Humidity_2,58.91430635986382
1505994971990.0,Sound_L,61.15130779249825
1505994975093.0,Sound_P,117.76167572141729
1505994975095.0,PodiumIR,109
1505994976638.0,Sound_R,63.070267119485095
1505994977135.0,Humidity_1,56.07794910604482
1505994977139.0,Temperature_1,25.78
1505994977148.0,Temperature_2,23.55
1505994977148.0,Humidity_2,58.91430635986382
1505994977403.0,Sound_C,63.382404068332214
1505994981990.0,Sound_L,62.10958453598653
1505994983797.0,Temperature_1,25.78
1505994983806.0,Humidity_1,56.07794910604482
1505994983809.0,Temperature_2,23.55
1505994983815.0,Humidity_2,58.91430635986382
1505994985097.0,Sound_P,117.59695871579397
1505994985100.0,PodiumIR,75
1505994986638.0,Sound_R,64.98304169057803
1505994987403.0,Sound_C,65.36686698941871
1505994990463.0,Humidity_1,56.07794910604482
1505994990468.0,Temperature_1,25.78
1505994990474.0,Temperature_2,23.55
1505994990477.0,Humidity_2,58.91430635986382
1505994991990.0,Sound_L,63.15564558313369
1505994995101.0,Sound_P,117.84343257374664
1505994995104.0,PodiumIR,90
1505994996638.0,Sound_R,65.68298060003717
1505994997124.0,Temperature_1,25.78
1505994997131.0,Humidity_1,56.07794910604482
1505994997137.0,Temperature_2,23.55
1505994997141.0,Humidity_2,58.91430635986382
1505994997403.0,Sound_C,64.27783867715135
1505995001990.0,Sound_L,62.95491330104929
1505995003791.0,Humidity_1,56.07794910604482
1505995003797.0,Temperature_1,25.78
1505995003799.0,Temperature_2,23.55
1505995003807.0,Humidity_2,58.91430635986382
1505995005106.0,Sound_P,117.81622447063441
1505995005109.0,PodiumIR,108
1505995006638.0,Sound_R,65.6815334328718
1505995007403.0,Sound_C,61.05622130257148
1505995010456.0,Temperature_1,25.78
1505995010457.0,Humidity_1,56.07794910604482
1505995010465.0,Temperature_2,23.55
1505995010469.0,Humidity_2,58.91430635986382
1505995011990.0,Sound_L,61.878015389248475
1505995015112.0,Sound_P,117.84343257374664
1505995015115.0,PodiumIR,98
1505995016638.0,Sound_R,63.656986452582686
1505995017121.0,Humidity_1,56.07794910604482
1505995017122.0,Temperature_1,25.78
1505995017131.0,Temperature_2,23.55
1505995017141.0,Humidity_2,58.91430635986382
1505995017403.0,Sound_C,58.17003744058465
1505995021990.0,Sound_L,61.31058677717864
1505995023788.0,Temperature_1,25.78
1505995023792.0,Humidity_1,56.07794910604482
1505995023797.0,Temperature_2,23.55
1505995023804.0,Humidity_2,58.91430635986382
1505995025117.0,Sound_P,117.34681513728647
1505995025119.0,PodiumIR,93
1505995026638.0,Sound_R,61.81424332040903
1505995027403.0,Sound_C,57.235917086543985
1505995030448.0,Temperature_1,25.78
1505995030452.0,Humidity_1,56.07794910604482
1505995030463.0,Temperature_2,23.55
1505995030464.0,Humidity_2,58.91430635986382
1505995031990.0,Sound_L,60.763848385492665
1505995035121.0,Sound_P,117.65204401104197
1505995035124.0,PodiumIR,99
1505995036638.0,Sound_R,62.15610013547677
1505995037115.0,Temperature_1,25.78
1505995037117.0,Humidity_1,56.07794910604482
1505995037122.0,Temperature_2,23.55
1505995037126.0,Humidity_2,58.91430635986382
1505995037403.0,Sound_C,58.350598825347085
1505995041990.0,Sound_L,62.10053636990342
1505995043775.0,Temperature_1,25.78
1505995043781.0,Humidity_1,56.07794910604482
1505995043782.0,Temperature_2,23.55
1505995043794.0,Humidity_2,58.91430635986382
1505995045125.0,Sound_P,117.62452393936876
1505995045127.0,PodiumIR,94
1505995046638.0,Sound_R,65.10344089394418
1505995047403.0,Sound_C,60.795168238555675
1505995050440.0,Temperature_1,25.78
1505995050444.0,Humidity_1,56.07794910604482
1505995050454.0,Temperature_2,23.55
1505995050458.0,Humidity_2,58.91430635986382
1505995051990.0,Sound_L,61.99804305697658
1505995055129.0,Sound_P,117.73433478780012
1505995055132.0,PodiumIR,109
1505995056638.0,Sound_R,63.73920556793225
1505995057102.0,Temperature_1,25.78
1505995057111.0,Humidity_1,56.07794910604482
1505995057116.0,Temperature_2,23.55
1505995057116.0,Humidity_2,58.91430635986382
1505995057403.0,Sound_C,61.13306056367015
1505995061990.0,Sound_L,61.98441437921038
1505995063770.0,Humidity_1,56.07794910604482
1505995063770.0,Temperature_1,25.78
1505995063779.0,Temperature_2,23.55
1505995063783.0,Humidity_2,58.91430635986382
1505995065134.0,Sound_P,118.03266546722126
1505995065136.0,PodiumIR,75
1505995066638.0,Sound_R,61.87471432028854
1505995067403.0,Sound_C,59.6733781896138
1505995070431.0,Humidity_1,56.07794910604482
1505995070432.0,Temperature_1,25.78
1505995070441.0,Temperature_2,23.55
1505995070451.0,Humidity_2,58.91430635986382
1505995071990.0,Sound_L,61.0822346604154
1505995075137.0,Sound_P,117.67951907848958
1505995075140.0,PodiumIR,98
1505995076638.0,Sound_R,63.22253066852041
1505995077097.0,Humidity_1,56.07794910604482
1505995077098.0,Temperature_1,25.78
1505995077107.0,Humidity_2,58.91430635986382
1505995077109.0,Temperature_2,23.55
1505995077403.0,Sound_C,61.23037407411931
1505995081990.0,Sound_L,62.209706314484464
1505995083761.0,Temperature_1,25.78
1505995083767.0,Temperature_2,23.55
1505995083768.0,Humidity_1,56.07794910604482
1505995083774.0,Humidity_2,58.91430635986382
1505995085142.0,Sound_P,117.65204401104197
1505995085144.0,PodiumIR,77
1505995086638.0,Sound_R,65.29957993082405
1505995087403.0,Sound_C,65.1466100943323
1505995090422.0,Temperature_1,25.78
1505995090424.0,Humidity_1,56.07794910604482
1505995090430.0,Temperature_2,23.55
1505995090441.0,Humidity_2,58.91430635986382
1505995091990.0,Sound_L,63.35129249777139
1505995095146.0,Sound_P,117.89771695053554
1505995095149.0,PodiumIR,91
1505995096638.0,Sound_R,66.70859033949348
1505995097088.0,Temperature_1,25.78
1505995097092.0,Humidity_1,56.07794910604482
1505995097097.0,Humidity_2,58.91430635986382
1505995097098.0,Temperature_2,23.55
1505995097403.0,Sound_C,63.6314306954859
1505995101990.0,Sound_L,62.821625075798295
1505995103753.0,Temperature_2,23.55
1505995103756.0,Temperature_1,25.78
1505995103757.0,Humidity_1,56.07794910604482
1505995103758.0,Humidity_2,58.91430635986382
1505995105150.0,Sound_P,117.84343257374664
1505995105153.0,PodiumIR,94
1505995106638.0,Sound_R,64.89346828582306
1505995107403.0,Sound_C,60.50380836009108
1505995110418.0,Temperature_2,23.55
1505995110418.0,Temperature_1,25.78
1505995110419.0,Humidity_1,56.07794910604482
1505995110428.0,Humidity_2,58.91430635986382
1505995111990.0,Sound_L,62.048956384731376
1505995115154.0,Sound_P,117.78897223432665
1505995115157.0,PodiumIR,99
1505995116638.0,Sound_R,64.68106485146106
1505995117085.0,Temperature_1,25.78
1505995117086.0,Humidity_1,56.07794910604482
1505995117087.0,Humidity_2,58.91430635986382
1505995117088.0,Temperature_2,23.55
1505995117403.0,Sound_C,61.687264906942836
1505995121990.0,Sound_L,60.942224106398065
1505995123740.0,Temperature_1,25.78
1505995123743.0,Temperature_2,23.55
1505995123747.0,Humidity_1,56.07794910604482
1505995123753.0,Humidity_2,58.91430635986382
1505995125159.0,Sound_P,117.78897223432665
1505995125161.0,PodiumIR,84
1505995126638.0,Sound_R,65.62907552647918
1505995127403.0,Sound_C,62.744093401024806
1505995130405.0,Temperature_1,25.78
1505995130408.0,Humidity_1,56.07794910604482
1505995130413.0,Humidity_2,58.91430635986382
1505995130414.0,Temperature_2,23.55
1505995131990.0,Sound_L,61.71915447281725
1505995135163.0,Sound_P,117.81622447063441
1505995135165.0,PodiumIR,104
1505995136638.0,Sound_R,64.37595453083576
1505995137075.0,Temperature_1,25.78
1505995137075.0,Humidity_2,58.91430635986382
1505995137078.0,Humidity_1,56.07794910604482
1505995137078.0,Temperature_2,23.55
1505995137403.0,Sound_C,62.97755261094837
1505995141990.0,Sound_L,62.66220703846405
1505995143733.0,Temperature_2,23.55
1505995143739.0,Temperature_1,25.78
1505995143739.0,Humidity_1,56.07794910604482
1505995143740.0,Humidity_2,58.91430635986382
1505995145167.0,Sound_P,117.87059668637389
1505995145170.0,PodiumIR,100
1505995146638.0,Sound_R,66.86350211731799
1505995147403.0,Sound_C,65.37528492236582
1505995150402.0,Temperature_2,23.55
1505995150403.0,Temperature_1,25.78
1505995150403.0,Humidity_1,56.07794910604482
1505995150404.0,Humidity_2,58.91430635986382
1505995151990.0,Sound_L,63.74594342956832
1505995155172.0,Sound_P,118.2993536063961
1505995155174.0,PodiumIR,96
1505995156638.0,Sound_R,70.48394783564288
1505995157059.0,Temperature_2,23.55
1505995157059.0,Temperature_1,25.78
1505995157068.0,Humidity_2,58.91430635986382
1505995157070.0,Humidity_1,56.07794910604482
1505995157403.0,Sound_C,65.9798893063648
1505995161990.0,Sound_L,64.27012221857564
1505995163726.0,Temperature_1,25.78
1505995163728.0,Temperature_2,23.55
1505995163732.0,Humidity_2,58.91430635986382
1505995163733.0,Humidity_1,56.07794910604482
1505995165176.0,Sound_P,117.73433478780012
1505995165179.0,PodiumIR,85
1505995166638.0,Sound_R,67.9862674820879
1505995167403.0,Sound_C,63.10048263287043
1505995170386.0,Temperature_2,23.55
1505995170391.0,Temperature_1,25.78
1505995170396.0,Humidity_1,56.07794910604482
1505995170397.0,Humidity_2,58.91430635986382
1505995171990.0,Sound_L,62.17606789688544
1505995175182.0,Sound_P,117.84343257374664
1505995175184.0,PodiumIR,103
1505995176638.0,Sound_R,64.46316131914803
1505995177050.0,Temperature_2,23.55
1505995177055.0,Humidity_2,58.91430635986382
1505995177059.0,Temperature_1,25.78
1505995177061.0,Humidity_1,56.07794910604482
1505995177403.0,Sound_C,61.07703263522516
1505995181990.0,Sound_L,61.066417686512054
1505995183720.0,Temperature_1,25.78
1505995183725.0,Humidity_1,56.07794910604482
1505995183733.0,Temperature_2,23.55
1505995183736.0,Humidity_2,58.91430635986382
1505995185188.0,Sound_P,118.3521869832679
1505995185190.0,PodiumIR,95
1505995186638.0,Sound_R,62.898173539141844
1505995187403.0,Sound_C,59.53142057830441
1505995190386.0,Humidity_1,56.07794910604482
1505995190389.0,Temperature_1,25.78
1505995190395.0,Temperature_2,23.55
1505995190396.0,Humidity_2,58.91430635986382
1505995191990.0,Sound_L,60.140714963535736
1505995195194.0,Sound_P,118.32579106267738
1505995195196.0,PodiumIR,82
1505995196638.0,Sound_R,62.05050722877721
1505995197047.0,Temperature_1,25.78
1505995197053.0,Humidity_1,56.07794910604482
1505995197060.0,Temperature_2,23.55
1505995197061.0,Humidity_2,58.91430635986382
1505995197403.0,Sound_C,59.33674410402532
1505995201990.0,Sound_L,61.290890564147695
1505995203714.0,Temperature_1,25.78
1505995203718.0,Humidity_1,56.07794910604482
1505995203723.0,Humidity_2,58.91430635986382
1505995203724.0,Temperature_2,23.55
1505995205203.0,Sound_P,117.81622447063441
1505995205205.0,PodiumIR,92
1505995206638.0,Sound_R,61.59334485094266
1505995207403.0,Sound_C,59.93274495083563
1505995210372.0,Temperature_1,25.78
1505995210372.0,Humidity_1,56.07794910604482
1505995210386.0,Humidity_2,58.91430635986382
1505995210387.0,Temperature_2,23.55
1505995211990.0,Sound_L,60.22423794151612
1505995215207.0,Sound_P,117.48624332337616
1505995215213.0,PodiumIR,100
1505995216638.0,Sound_R,61.213508046728805
1505995217039.0,Humidity_1,56.07794910604482
1505995217041.0,Temperature_1,25.78
1505995217044.0,Temperature_2,23.55
1505995217055.0,Humidity_2,58.91430635986382
1505995217403.0,Sound_C,60.00638765463936
1505995221990.0,Sound_L,59.20895172902641
1505995223702.0,Humidity_1,56.07794910604482
1505995223703.0,Temperature_1,25.78
1505995223709.0,Humidity_2,58.91430635986382
1505995223710.0,Temperature_2,23.55
1505995225216.0,Sound_P,117.84343257374664
1505995225220.0,PodiumIR,104
1505995226638.0,Sound_R,61.21007656384925
1505995227403.0,Sound_C,59.28120255906149
1505995230361.0,Humidity_1,56.07794910604482
1505995230373.0,Temperature_1,25.78
1505995230373.0,Temperature_2,23.55
1505995230377.0,Humidity_2,58.91430635986382
1505995231990.0,Sound_L,58.133901878720835
1505995235224.0,Sound_P,117.78897223432665
1505995235227.0,PodiumIR,100
1505995236638.0,Sound_R,62.12379314799566
1505995237028.0,Humidity_1,56.07794910604482
1505995237033.0,Temperature_1,25.78
1505995237033.0,Temperature_2,23.55
1505995237037.0,Humidity_2,58.91430635986382
1505995237403.0,Sound_C,58.935027693714424
1505995241990.0,Sound_L,59.20099590882259
1505995243690.0,Humidity_1,56.07794910604482
1505995243698.0,Temperature_1,25.78
1505995243702.0,Temperature_2,23.55
1505995243706.0,Humidity_2,58.91430635986382
1505995245233.0,Sound_P,117.70694928866428
1505995245235.0,PodiumIR,86
1505995246638.0,Sound_R,62.02075073034141
1505995247403.0,Sound_C,60.218676190356256
1505995250358.0,Humidity_1,56.07794910604482
1505995250363.0,Temperature_2,23.55
1505995250365.0,Humidity_2,58.91430635986382
1505995250365.0,Temperature_1,25.78
1505995251990.0,Sound_L,60.477074859070186
1505995255238.0,Sound_P,117.78897223432665
1505995255241.0,PodiumIR,107
1505995256638.0,Sound_R,59.64328141263328
1505995257020.0,Humidity_1,56.07794910604482
1505995257026.0,Temperature_2,23.55
1505995257028.0,Temperature_1,25.78
1505995257033.0,Humidity_2,58.91430635986382
1505995257403.0,Sound_C,58.996018341036425
1505995261990.0,Sound_L,60.53986795556399
1505995263681.0,Humidity_1,56.07794910604482
1505995263684.0,Temperature_1,25.78
1505995263692.0,Humidity_2,58.91430635986382
1505995263694.0,Temperature_2,23.55
1505995265242.0,Sound_P,117.45845009950281
1505995265245.0,PodiumIR,96
1505995266638.0,Sound_R,60.426094870305235
1505995267403.0,Sound_C,58.2694293242425
1505995270346.0,Humidity_1,56.07794910604482
1505995270347.0,Temperature_2,23.55
1505995270355.0,Temperature_1,25.78
1505995270358.0,Humidity_2,58.91430635986382
1505995271990.0,Sound_L,60.41229459052872
1505995275247.0,Sound_P,117.70694928866428
1505995275250.0,PodiumIR,79
1505995276638.0,Sound_R,63.02546587464466
1505995277012.0,Humidity_1,56.07794910604482
1505995277014.0,Temperature_2,23.55
1505995277014.0,Humidity_2,58.91430635986382
1505995277020.0,Temperature_1,25.78
1505995277403.0,Sound_C,59.2673284316675
1505995281990.0,Sound_L,59.480281283010555
1505995283675.0,Humidity_1,56.07794910604482
1505995283675.0,Temperature_2,23.55
1505995283676.0,Humidity_2,58.91430635986382
1505995283677.0,Temperature_1,25.78
1505995285251.0,Sound_P,117.43061082221344
1505995285254.0,PodiumIR,104
1505995286638.0,Sound_R,61.36657380440309
1505995287403.0,Sound_C,58.50803828000449
1505995290337.0,Humidity_1,56.07794910604482
1505995290341.0,Humidity_2,58.91430635986382
1505995290344.0,Temperature_2,23.55
1505995290346.0,Temperature_1,25.78
1505995291990.0,Sound_L,59.57818872239375
1505995295256.0,Sound_P,117.89771695053554
1505995295258.0,PodiumIR,97
1505995296638.0,Sound_R,62.36433151695889
1505995296992.0,Humidity_1,56.07794910604482
1505995296999.0,Temperature_2,23.55
1505995297006.0,Humidity_2,58.91430635986382
1505995297013.0,Temperature_1,25.78
1505995297403.0,Sound_C,60.203869046594214
1505995301990.0,Sound_L,60.279075010846775
1505995303663.0,Humidity_1,56.07794910604482
1505995303667.0,Humidity_2,58.91430635986382
1505995303672.0,Temperature_2,23.55
1505995303675.0,Temperature_1,25.78
1505995305262.0,Sound_P,117.51399064595054
1505995305264.0,PodiumIR,87
1505995306638.0,Sound_R,66.05194684899534
1505995307403.0,Sound_C,63.48463247190617
1505995310319.0,Humidity_1,56.07794910604482
1505995310326.0,Temperature_2,23.55
1505995310338.0,Humidity_2,58.91430635986382
1505995310339.0,Temperature_1,25.78
1505995311990.0,Sound_L,60.96428281318751
1505995315266.0,Sound_P,117.81622447063441
1505995315269.0,PodiumIR,125
1505995316638.0,Sound_R,65.1521836780531
1505995317000.0,Temperature_1,25.78
1505995317004.0,Humidity_1,56.07794910604482
1505995317012.0,Temperature_2,23.55
1505995317015.0,Humidity_2,58.91430635986382
1505995317403.0,Sound_C,62.84032427335216
1505995321990.0,Sound_L,61.66009965370118
1505995323660.0,Temperature_1,25.78
1505995323665.0,Humidity_1,56.07794910604482
1505995323673.0,Temperature_2,23.55
1505995323677.0,Humidity_2,58.91430635986382
1505995325270.0,Sound_P,117.73433478780012
1505995325273.0,PodiumIR,104
1505995326638.0,Sound_R,63.86328784841817
1505995327403.0,Sound_C,62.800468473139034
1505995330333.0,Humidity_1,56.07794910604482
1505995330333.0,Temperature_1,25.78
1505995330333.0,Temperature_2,23.55
1505995330343.0,Humidity_2,58.91430635986382
1505995331990.0,Sound_L,62.26111854610458
1505995335275.0,Sound_P,117.81622447063441
1505995335277.0,PodiumIR,99
1505995336638.0,Sound_R,64.69892906724915
1505995336995.0,Temperature_1,25.78
1505995337000.0,Humidity_1,56.07794910604482
1505995337005.0,Temperature_2,23.55
1505995337008.0,Humidity_2,58.91430635986382
1505995337403.0,Sound_C,65.65008754003804
1505995341990.0,Sound_L,63.1565225284531
1505995343660.0,Temperature_1,25.78
1505995343661.0,Humidity_1,56.07794910604482
1505995343663.0,Temperature_2,23.55
1505995343676.0,Humidity_2,58.91430635986382
1505995345279.0,Sound_P,117.70694928866428
1505995345281.0,PodiumIR,103
1505995346638.0,Sound_R,66.22584748239372
1505995347403.0,Sound_C,65.28122503137143
1505995350319.0,Temperature_1,25.78
1505995350319.0,Humidity_1,56.07794910604482
1505995350329.0,Temperature_2,23.55
1505995350333.0,Humidity_2,58.91430635986382
1505995351990.0,Sound_L,63.55788707663181
1505995355283.0,Sound_P,117.87059668637389
1505995355286.0,PodiumIR,99
1505995356638.0,Sound_R,66.26520690555897
1505995356989.0,Temperature_1,25.78
1505995356990.0,Humidity_1,56.07794910604482
1505995356992.0,Temperature_2,23.55
1505995357004.0,Humidity_2,58.91430635986382
1505995357403.0,Sound_C,63.1189770674573
1505995361990.0,Sound_L,61.66886528557918
1505995363650.0,Humidity_1,56.07794910604482
1505995363652.0,Temperature_1,25.78
1505995363656.0,Temperature_2,23.55
1505995363663.0,Humidity_2,58.91430635986382
1505995365287.0,Sound_P,117.84343257374664
1505995365290.0,PodiumIR,95
1505995366638.0,Sound_R,64.84847173090354
1505995367403.0,Sound_C,63.36499596351723
1505995370317.0,Temperature_2,23.55
1505995370317.0,Temperature_1,25.78
1505995370319.0,Humidity_1,56.07794910604482
1505995370332.0,Humidity_2,58.91430635986382
1505995371990.0,Sound_L,61.59488075014381
1505995375292.0,Sound_P,117.78897223432665
1505995375294.0,PodiumIR,109
1505995376638.0,Sound_R,65.7583711319316
1505995376978.0,Humidity_1,56.07794910604482
1505995376981.0,Temperature_1,25.78
1505995376984.0,Temperature_2,23.55
1505995376995.0,Humidity_2,58.91430635986382
1505995377403.0,Sound_C,63.955223238523466
1505995381990.0,Sound_L,61.595945294172196
1505995383637.0,Temperature_1,25.78
1505995383638.0,Temperature_2,23.55
1505995383642.0,Humidity_1,56.07794910604482
1505995383651.0,Humidity_2,58.91430635986382
1505995385296.0,Sound_P,117.87059668637389
1505995385298.0,PodiumIR,103
1505995386638.0,Sound_R,66.79353731753422
1505995387403.0,Sound_C,63.20063666134131
1505995390302.0,Temperature_1,25.78
1505995390303.0,Temperature_2,23.55
1505995390309.0,Humidity_1,56.07794910604482
1505995390317.0,Humidity_2,58.91430635986382
1505995391990.0,Sound_L,62.80758248597429
1505995395300.0,Sound_P,117.81622447063441
1505995395303.0,PodiumIR,81
1505995396638.0,Sound_R,66.74221968253444
1505995396964.0,Temperature_2,23.55
1505995396968.0,Humidity_1,56.07794910604482
1505995396969.0,Temperature_1,25.78
1505995396987.0,Humidity_2,58.91430635986382
1505995397403.0,Sound_C,62.87021275836336
1505995401990.0,Sound_L,63.076467012224256
1505995403633.0,Temperature_2,23.55
1505995403634.0,Humidity_1,56.07794910604482
1505995403637.0,Temperature_1,25.78
1505995403652.0,Humidity_2,58.91430635986382
1505995405305.0,Sound_P,117.78897223432665
1505995405307.0,PodiumIR,89
1505995406638.0,Sound_R,66.86632148075462
1505995407403.0,Sound_C,64.55169771007436
1505995410293.0,Temperature_1,25.78
1505995410293.0,Temperature_2,23.55
1505995410304.0,Humidity_1,56.07794910604482
1505995410309.0,Humidity_2,58.91430635986382
1505995411990.0,Sound_L,63.50595938349258
1505995415309.0,Sound_P,117.95182649811095
1505995415312.0,PodiumIR,97
1505995416638.0,Sound_R,68.73416766228998
1505995416956.0,Temperature_2,23.55
1505995416963.0,Temperature_1,25.78
1505995416966.0,Humidity_1,56.07794910604482
1505995416978.0,Humidity_2,58.91430635986382
1505995417403.0,Sound_C,66.62453233169182
1505995421990.0,Sound_L,63.7638952283352
1505995423621.0,Temperature_2,23.55
1505995423627.0,Temperature_1,25.78
1505995423630.0,Humidity_1,56.07794910604482
1505995423644.0,Humidity_2,58.91430635986382
1505995425313.0,Sound_P,117.78897223432665
1505995425316.0,PodiumIR,98
1505995426638.0,Sound_R,69.5775377882991
1505995427403.0,Sound_C,66.71114531575857
1505995430278.0,Temperature_2,23.55
1505995430290.0,Humidity_1,56.07794910604482
1505995430290.0,Temperature_1,25.78
1505995430298.0,Humidity_2,58.91430635986382
1505995431990.0,Sound_L,63.799970978422905
1505995435318.0,Sound_P,117.70694928866428
1505995435320.0,PodiumIR,124
1505995436638.0,Sound_R,67.5040992243298
1505995436951.0,Humidity_1,56.07794910604482
1505995436951.0,Temperature_2,23.55
1505995436956.0,Temperature_1,25.78
1505995436966.0,Humidity_2,58.91430635986382
1505995437403.0,Sound_C,64.07918735047743
1505995441990.0,Sound_L,64.8073276899979
1505995443612.0,Temperature_1,25.78
1505995443612.0,Temperature_2,23.55
1505995443615.0,Humidity_1,56.07794910604482
1505995443634.0,Humidity_2,58.91430635986382
1505995445322.0,Sound_P,117.81622447063441
1505995445324.0,PodiumIR,98
1505995446638.0,Sound_R,66.74009241725655
1505995447403.0,Sound_C,62.38661302997112
1505995450281.0,Temperature_1,25.78
1505995450284.0,Humidity_1,56.07794910604482
1505995450291.0,Temperature_2,23.55
1505995450297.0,Humidity_2,58.91430635986382
1505995451990.0,Sound_L,65.30632378667232
1505995455326.0,Sound_P,117.67951907848958
1505995455335.0,PodiumIR,98
1505995456638.0,Sound_R,65.96697922746631
1505995456943.0,Humidity_1,56.07794910604482
1505995456949.0,Temperature_1,25.78
1505995456956.0,Temperature_2,23.55
1505995456957.0,Humidity_2,58.91430635986382
1505995457403.0,Sound_C,63.457703040582025
1505995461990.0,Sound_L,65.73622904235363
1505995463609.0,Temperature_1,25.78
1505995463612.0,Humidity_1,56.07794910604482
1505995463619.0,Temperature_2,23.55
1505995463621.0,Humidity_2,58.91430635986382
1505995465337.0,Sound_P,117.78897223432665
1505995465340.0,PodiumIR,100
1505995466638.0,Sound_R,65.52638437821172
1505995467403.0,Sound_C,65.05909314301387
1505995470270.0,Temperature_1,25.78
1505995470277.0,Humidity_1,56.07794910604482
1505995470279.0,Temperature_2,23.55
1505995470281.0,Humidity_2,58.91430635986382
1505995471990.0,Sound_L,64.81492079579759
1505995475342.0,Sound_P,117.62452393936876
1505995475344.0,PodiumIR,115
1505995476638.0,Sound_R,65.87047070004435
1505995476935.0,Humidity_1,56.07794910604482
1505995476941.0,Temperature_1,25.78
1505995476948.0,Temperature_2,23.55
1505995476950.0,Humidity_2,58.91430635986382
1505995477403.0,Sound_C,63.6951046733457
1505995481990.0,Sound_L,63.7327865944248
1505995483600.0,Humidity_1,56.07794910604482
1505995483604.0,Temperature_1,25.78
1505995483610.0,Humidity_2,58.91430635986382
1505995483616.0,Temperature_2,23.55
1505995485346.0,Sound_P,117.87059668637389
1505995485349.0,PodiumIR,108
1505995486638.0,Sound_R,64.3536437073413
1505995487403.0,Sound_C,60.66139933213231
1505995490263.0,Temperature_1,25.78
1505995490266.0,Humidity_1,56.07794910604482
1505995490274.0,Humidity_2,58.91430635986382
1505995490275.0,Temperature_2,23.55
1505995491990.0,Sound_L,61.40565322575587
1505995495350.0,Sound_P,118.16653868549709
1505995495353.0,PodiumIR,91
1505995496638.0,Sound_R,64.9166276460676
1505995496924.0,Temperature_1,25.78
1505995496927.0,Humidity_1,56.07794910604482
1505995496934.0,Humidity_2,58.91430635986382
1505995496935.0,Temperature_2,23.55
1505995497403.0,Sound_C,62.07598113832884
1505995501990.0,Sound_L,61.89396868132434
1505995503591.0,Temperature_1,25.78
1505995503592.0,Humidity_1,56.07794910604482
1505995503598.0,Humidity_2,58.91430635986382
1505995503606.0,Temperature_2,23.55
1505995505354.0,Sound_P,117.78897223432665
1505995505356.0,PodiumIR,104
1505995506638.0,Sound_R,66.83316769009474
1505995507403.0,Sound_C,64.48022203664885
1505995510256.0,Temperature_1,25.78
1505995510259.0,Humidity_1,56.07794910604482
1505995510262.0,Temperature_2,23.55
1505995510269.0,Humidity_2,58.91430635986382
1505995511990.0,Sound_L,62.606534450049125
1505995515358.0,Sound_P,117.67951907848958
1505995515361.0,PodiumIR,95
1505995516638.0,Sound_R,67.03035188757502
1505995516919.0,Temperature_1,25.78
1505995516925.0,Humidity_2,58.91430635986382
1505995516925.0,Humidity_1,56.07794910604482
1505995516935.0,Temperature_2,23.55
1505995517403.0,Sound_C,63.66022140122578
1505995521990.0,Sound_L,64.5865400233178
1505995523583.0,Humidity_1,56.07794910604482
1505995523589.0,Temperature_1,25.78
1505995523593.0,Humidity_2,58.91430635986382
1505995523600.0,Temperature_2,23.55
1505995525362.0,Sound_P,117.73433478780012
1505995525365.0,PodiumIR,110
1505995526638.0,Sound_R,67.39331762995027
1505995527403.0,Sound_C,63.3175840618259
1505995530247.0,Temperature_1,25.78
1505995530252.0,Humidity_2,58.91430635986382
1505995530256.0,Temperature_2,23.55
1505995530257.0,Humidity_1,56.07794910604482
1505995531990.0,Sound_L,64.44774467029387
1505995535366.0,Sound_P,117.84343257374664
1505995535369.0,PodiumIR,91
1505995536638.0,Sound_R,67.11952142476166
1505995536912.0,Temperature_1,25.78
1505995536914.0,Humidity_2,58.91430635986382
1505995536917.0,Humidity_1,56.07794910604482
1505995536928.0,Temperature_2,23.55
1505995537403.0,Sound_C,66.1257748208897
1505995541990.0,Sound_L,65.26942160905202
1505995543574.0,Temperature_1,25.78
1505995543575.0,Humidity_2,58.91430635986382
1505995543578.0,Humidity_1,56.07794910604482
1505995543586.0,Temperature_2,23.55
1505995545371.0,Sound_P,117.78897223432665
1505995545374.0,PodiumIR,101
1505995546638.0,Sound_R,67.65984165734493
1505995547403.0,Sound_C,65.6271238096807
1505995550238.0,Temperature_1,25.78
1505995550238.0,Humidity_2,58.91430635986382
1505995550244.0,Humidity_1,56.07794910604482
1505995550254.0,Temperature_2,23.55
1505995551990.0,Sound_L,65.60702906423226
1505995555377.0,Sound_P,117.54169221859063
1505995555379.0,PodiumIR,88
1505995556638.0,Sound_R,65.61033960190063
1505995556900.0,Humidity_2,58.91430635986382
1505995556905.0,Temperature_1,25.78
1505995556910.0,Humidity_1,56.07794910604482
1505995556917.0,Temperature_2,23.55
1505995557403.0,Sound_C,60.70350522472649
1505995561990.0,Sound_L,63.579368965999194
1505995563563.0,Humidity_2,58.91430635986382
1505995563564.0,Temperature_1,25.78
1505995563571.0,Humidity_1,56.07794910604482
1505995563582.0,Temperature_2,23.55
1505995565384.0,Sound_P,117.65204401104197
1505995565387.0,PodiumIR,109
1505995566638.0,Sound_R,61.840665458975344
1505995567403.0,Sound_C,57.16392495822196
1505995570231.0,Temperature_1,25.78
1505995570232.0,Humidity_1,56.07794910604482
1505995570233.0,Humidity_2,58.91430635986382
1505995570244.0,Temperature_2,23.55
1505995571990.0,Sound_L,61.59862978679803
1505995575390.0,Sound_P,117.78897223432665
1505995575393.0,PodiumIR,100
1505995576638.0,Sound_R,61.69769195720186
1505995576895.0,Temperature_1,25.78
1505995576897.0,Humidity_2,58.91430635986382
1505995576898.0,Humidity_1,56.07794910604482
1505995576904.0,Temperature_2,23.55
1505995577403.0,Sound_C,56.8454243156793
1505995581990.0,Sound_L,59.807649301561156
1505995583561.0,Temperature_1,25.78
1505995583564.0,Humidity_1,56.07794910604482
1505995583571.0,Temperature_2,23.55
1505995583574.0,Humidity_2,58.91430635986382
1505995585399.0,Sound_P,117.40272533863349
1505995585401.0,PodiumIR,106
1505995586638.0,Sound_R,64.10922767410432
1505995587403.0,Sound_C,60.41491038154684
1505995590223.0,Temperature_1,25.78
1505995590231.0,Humidity_1,56.07794910604482
1505995590237.0,Humidity_2,58.91430635986382
1505995590239.0,Temperature_2,23.55
1505995591990.0,Sound_L,60.45374908602895
1505995595405.0,Sound_P,118.3785414984758
1505995595408.0,PodiumIR,95
1505995596638.0,Sound_R,66.12244628669502
1505995596882.0,Temperature_1,25.78
1505995596891.0,Humidity_1,56.07794910604482
1505995596894.0,Temperature_2,23.55
1505995596902.0,Humidity_2,58.91430635986382
1505995597403.0,Sound_C,62.80575685238332
1505995601990.0,Sound_L,62.23612210291455
1505995603554.0,Temperature_1,25.78
1505995603556.0,Humidity_1,56.07794910604482
1505995603568.0,Temperature_2,23.55
1505995603568.0,Humidity_2,58.91430635986382
1505995605410.0,Sound_P,117.81622447063441
1505995605413.0,PodiumIR,111
1505995606638.0,Sound_R,66.75035588753583
1505995607403.0,Sound_C,64.1827291560147
1505995610211.0,Temperature_1,25.78
1505995610219.0,Humidity_1,56.07794910604482
1505995610226.0,Temperature_2,23.55
1505995610233.0,Humidity_2,58.91430635986382
1505995611990.0,Sound_L,64.30657986110819
1505995615418.0,Sound_P,117.84343257374664
1505995615421.0,PodiumIR,99
1505995616638.0,Sound_R,65.79215473258678
1505995616879.0,Temperature_1,25.78
1505995616883.0,Humidity_1,56.07794910604482
1505995616895.0,Temperature_2,23.55
1505995616897.0,Humidity_2,58.91430635986382
1505995617403.0,Sound_C,65.04930246566006
1505995621990.0,Sound_L,65.69229128585346
1505995623541.0,Temperature_1,25.78
1505995623553.0,Humidity_1,56.07794910604482
1505995623554.0,Temperature_2,23.55
1505995623559.0,Humidity_2,58.91430635986382
1505995625426.0,Sound_P,117.59695871579397
1505995625429.0,PodiumIR,104
1505995626638.0,Sound_R,65.48577366819909
1505995627403.0,Sound_C,64.50609328324681
1505995630199.0,Temperature_1,25.78
1505995630209.0,Humidity_1,56.07794910604482
1505995630222.0,Temperature_2,23.55
1505995630225.0,Humidity_2,58.91430635986382
1505995631990.0,Sound_L,65.25399399883925
1505995635433.0,Sound_P,117.70694928866428
1505995635436.0,PodiumIR,107
1505995636638.0,Sound_R,67.61485561231595
1505995636861.0,Temperature_1,25.78
1505995636881.0,Humidity_1,56.07794910604482
1505995636883.0,Temperature_2,23.55
1505995636885.0,Humidity_2,58.91430635986382
1505995637403.0,Sound_C,65.64189975896976
1505995641990.0,Sound_L,64.19582092161906
1505995643532.0,Temperature_1,25.78
1505995643537.0,Humidity_1,56.07794910604482
1505995643546.0,Temperature_2,23.55
1505995643549.0,Humidity_2,58.91430635986382
1505995645440.0,Sound_P,117.70694928866428
1505995645442.0,PodiumIR,107
1505995646638.0,Sound_R,67.51035121626573
1505995647403.0,Sound_C,64.95133930867793
1505995650195.0,Temperature_1,25.78
1505995650207.0,Humidity_1,56.07794910604482
1505995650208.0,Temperature_2,23.55
1505995650215.0,Humidity_2,58.91430635986382
1505995651990.0,Sound_L,62.766928959703364
1505995655444.0,Sound_P,118.32579106267738
1505995655446.0,PodiumIR,100
1505995656638.0,Sound_R,66.84700204257204
1505995656854.0,Temperature_1,25.78
1505995656870.0,Humidity_1,56.07794910604482
1505995656873.0,Humidity_2,58.91430635986382
1505995656879.0,Temperature_2,23.55
1505995657403.0,Sound_C,64.82005413972489
1505995661990.0,Sound_L,62.82602758008203
1505995663514.0,Temperature_1,25.78
1505995663529.0,Humidity_1,56.07794910604482
1505995663536.0,Temperature_2,23.55
1505995663545.0,Humidity_2,58.91430635986382
1505995665448.0,Sound_P,118.3521869832679
1505995665450.0,PodiumIR,75
1505995666638.0,Sound_R,66.77879176423927
1505995667403.0,Sound_C,64.7935847526327
1505995670177.0,Temperature_1,25.78
1505995670201.0,Humidity_1,56.07794910604482
1505995670202.0,Temperature_2,23.55
1505995670206.0,Humidity_2,58.91430635986382
1505995671990.0,Sound_L,62.903685311552465
1505995675452.0,Sound_P,117.54169221859063
1505995675455.0,PodiumIR,94
1505995676638.0,Sound_R,66.68591795763545
1505995676848.0,Temperature_1,25.78
1505995676859.0,Humidity_1,56.07794910604482
1505995676866.0,Temperature_2,23.55
1505995676872.0,Humidity_2,58.91430635986382
1505995677403.0,Sound_C,62.461428052306566
1505995681990.0,Sound_L,64.12845200718859
1505995683503.0,Temperature_1,25.78
1505995683523.0,Humidity_1,56.07794910604482
1505995683530.0,Temperature_2,23.55
1505995683539.0,Humidity_2,58.91430635986382
1505995685456.0,Sound_P,117.56934819191356
1505995685460.0,PodiumIR,108
1505995686638.0,Sound_R,67.08922759274998
1505995687403.0,Sound_C,62.88881393607553
1505995690169.0,Temperature_1,25.78
1505995690193.0,Humidity_1,56.07794910604482
1505995690197.0,Humidity_2,58.91430635986382
1505995690198.0,Temperature_2,23.55
1505995691990.0,Sound_L,63.86440587802103
1505995695462.0,Sound_P,117.84343257374664
1505995695464.0,PodiumIR,121
1505995696638.0,Sound_R,67.61560745537412
1505995696837.0,Temperature_1,25.78
1505995696850.0,Humidity_1,56.07794910604482
1505995696857.0,Temperature_2,23.55
1505995696863.0,Humidity_2,58.91430635986382
1505995697403.0,Sound_C,64.72561933587069
1505995701990.0,Sound_L,64.32440419242361
1505995703491.0,Temperature_1,25.78
1505995703516.0,Humidity_1,56.07794910604482
1505995703528.0,Humidity_2,58.91430635986382
1505995703528.0,Temperature_2,23.55
1505995705466.0,Sound_P,117.78897223432665
1505995705469.0,PodiumIR,123
1505995706640.0,Sound_R,67.00785168464442
1505995707403.0,Sound_C,64.2019163080767
1505995710159.0,Temperature_1,25.78
1505995710179.0,Humidity_1,56.07794910604482
1505995710187.0,Temperature_2,23.55
1505995710192.0,Humidity_2,58.91430635986382
1505995711990.0,Sound_L,62.25761751413306
1505995715470.0,Sound_P,117.78897223432665
1505995715473.0,PodiumIR,109
1505995716638.0,Sound_R,65.79566076070591
1505995716840.0,Temperature_1,25.78
1505995716844.0,Humidity_1,56.07794910604482
1505995716851.0,Temperature_2,23.55
1505995716857.0,Humidity_2,58.91430635986382
1505995717403.0,Sound_C,64.36321221148815
1505995721990.0,Sound_L,61.636557815181774
1505995723509.0,Temperature_1,25.78
1505995723513.0,Humidity_1,56.07794910604482
1505995723514.0,Temperature_2,23.55
1505995723516.0,Humidity_2,58.91430635986382
1505995725474.0,Sound_P,117.78897223432665
1505995725477.0,PodiumIR,95
1505995726638.0,Sound_R,66.3073673784878
1505995727403.0,Sound_C,64.99376804935001
1505995730173.0,Temperature_1,25.78
1505995730175.0,Humidity_1,56.07794910604482
1505995730184.0,Temperature_2,23.55
1505995730187.0,Humidity_2,58.91430635986382
1505995731990.0,Sound_L,60.45093072474832
1505995735479.0,Sound_P,117.70694928866428
1505995735481.0,PodiumIR,94
1505995736638.0,Sound_R,67.07319151820116
1505995736831.0,Temperature_1,25.78
1505995736833.0,Humidity_1,56.07794910604482
1505995736840.0,Temperature_2,23.55
1505995736844.0,Humidity_2,58.91430635986382
1505995737403.0,Sound_C,64.76584773154941
1505995741990.0,Sound_L,61.957424403587495
1505995743500.0,Temperature_1,25.78
1505995743501.0,Humidity_1,56.07794910604482
1505995743505.0,Temperature_2,23.55
1505995743509.0,Humidity_2,58.91430635986382
1505995745483.0,Sound_P,117.92479350756437
1505995745485.0,PodiumIR,102
1505995746638.0,Sound_R,66.8370085578588
1505995747403.0,Sound_C,64.35566354921366
1505995750160.0,Temperature_1,25.78
1505995750169.0,Humidity_1,56.07794910604482
1505995750173.0,Temperature_2,23.55
1505995750173.0,Humidity_2,58.91430635986382
1505995751990.0,Sound_L,62.67728035203128
1505995755487.0,Sound_P,117.84343257374664
1505995755490.0,PodiumIR,100
1505995756638.0,Sound_R,66.5094034908713
1505995756826.0,Temperature_1,25.78
1505995756829.0,Humidity_1,56.07794910604482
1505995756833.0,Temperature_2,23.55
1505995756841.0,Humidity_2,58.91430635986382
1505995757403.0,Sound_C,63.17662917911887
1505995761990.0,Sound_L,63.24423121780386
1505995763486.0,Temperature_1,25.78
1505995763488.0,Humidity_1,56.07794910604482
1505995763504.0,Temperature_2,23.55
1505995763506.0,Humidity_2,58.91430635986382
1505995765491.0,Sound_P,117.65204401104197
1505995765494.0,PodiumIR,104
1505995766638.0,Sound_R,65.10675893034345
1505995767403.0,Sound_C,61.533617404120186
1505995770151.0,Temperature_1,25.78
1505995770155.0,Humidity_1,56.07794910604482
1505995770161.0,Temperature_2,23.55
1505995770170.0,Humidity_2,58.91430635986382
1505995771990.0,Sound_L,61.7641711308298
1505995775496.0,Sound_P,117.59695871579397
1505995775498.0,PodiumIR,101
1505995776638.0,Sound_R,61.672718254638845
1505995776815.0,Temperature_1,25.78
1505995776817.0,Humidity_1,56.07794910604482
1505995776827.0,Temperature_2,23.55
1505995776829.0,Humidity_2,58.91430635986382
1505995777403.0,Sound_C,58.79423570397807
1505995781990.0,Sound_L,59.82260858674295
1505995783477.0,Temperature_1,25.78
1505995783482.0,Humidity_1,56.07794910604482
1505995783489.0,Temperature_2,23.55
1505995783497.0,Humidity_2,58.91430635986382
1505995785500.0,Sound_P,117.78897223432665
1505995785502.0,PodiumIR,95
1505995786638.0,Sound_R,60.87220474259396
1505995787403.0,Sound_C,56.930238508755004
1505995790142.0,Temperature_1,25.78
1505995790151.0,Humidity_1,56.07794910604482
1505995790157.0,Humidity_2,58.91430635986382
1505995790159.0,Temperature_2,23.55
1505995791990.0,Sound_L,59.33651925892534
1505995795504.0,Sound_P,117.67951907848958
1505995795506.0,PodiumIR,84
1505995796638.0,Sound_R,61.223717834239004
1505995796812.0,Temperature_1,25.78
1505995796814.0,Temperature_2,23.55
1505995796817.0,Humidity_1,56.07794910604482
1505995796824.0,Humidity_2,58.91430635986382
1505995797403.0,Sound_C,58.46544088509213
1505995801990.0,Sound_L,59.79205281689012
1505995803472.0,Humidity_1,56.07794910604482
1505995803474.0,Temperature_1,25.78
1505995803480.0,Temperature_2,23.55
1505995803490.0,Humidity_2,58.91430635986382
1505995805507.0,Sound_P,117.81622447063441
1505995805510.0,PodiumIR,93
1505995806638.0,Sound_R,61.50711965331387
1505995807403.0,Sound_C,61.2055577310143
1505995810138.0,Temperature_1,25.78
1505995810141.0,Humidity_1,56.07794910604482
1505995810144.0,Temperature_2,23.55
1505995810148.0,Humidity_2,58.91430635986382
1505995811990.0,Sound_L,61.365780097023986
1505995815517.0,Sound_P,117.78897223432665
1505995815520.0,PodiumIR,97
1505995816638.0,Sound_R,62.98776454708678
1505995816800.0,Temperature_1,25.78
1505995816800.0,Humidity_1,56.07794910604482
1505995816809.0,Temperature_2,23.55
1505995816822.0,Humidity_2,58.91430635986382
1505995817403.0,Sound_C,62.13636451024028
1505995821990.0,Sound_L,61.30401782971776
1505995823464.0,Humidity_1,56.07794910604482
1505995823469.0,Temperature_1,25.78
1505995823476.0,Temperature_2,23.55
1505995823478.0,Humidity_2,58.91430635986382
1505995825522.0,Sound_P,117.76167572141729
1505995825524.0,PodiumIR,143
1505995826638.0,Sound_R,62.277961135122446
1505995827403.0,Sound_C,61.689757605980255
1505995830131.0,Humidity_1,56.07794910604482
1505995830133.0,Temperature_1,25.78
1505995830139.0,Temperature_2,23.55
1505995830150.0,Humidity_2,58.91430635986382
1505995831990.0,Sound_L,61.434657057894476
1505995835526.0,Sound_P,117.40272533863349
1505995835529.0,PodiumIR,111
1505995836638.0,Sound_R,64.00381422125099
1505995836794.0,Humidity_1,56.07794910604482
1505995836796.0,Temperature_1,25.78
1505995836801.0,Temperature_2,23.55
1505995836805.0,Humidity_2,58.91430635986382
1505995837403.0,Sound_C,62.03045120496978
1505995841990.0,Sound_L,60.64978216289552
1505995843453.0,Temperature_1,25.78
1505995843462.0,Temperature_2,23.55
1505995843465.0,Humidity_1,56.07794910604482
1505995843477.0,Humidity_2,58.91430635986382
1505995845531.0,Sound_P,117.76167572141729
1505995845533.0,PodiumIR,130
1505995846638.0,Sound_R,65.65135156191356
1505995847403.0,Sound_C,62.281983250474504
1505995850120.0,Temperature_1,25.78
1505995850124.0,Humidity_1,56.07794910604482
1505995850131.0,Temperature_2,23.55
1505995850137.0,Humidity_2,58.91430635986382
1505995851990.0,Sound_L,60.621844849859315
1505995855535.0,Sound_P,117.81622447063441
1505995855537.0,PodiumIR,97
1505995856638.0,Sound_R,64.60825913599325
1505995856785.0,Temperature_1,25.78
1505995856790.0,Humidity_1,56.07794910604482
1505995856798.0,Humidity_2,58.91430635986382
1505995856798.0,Temperature_2,23.55
1505995857403.0,Sound_C,63.072260462106264
1505995861990.0,Sound_L,59.90950255216362
1505995863443.0,Temperature_1,25.78
1505995863455.0,Humidity_1,56.07794910604482
1505995863460.0,Temperature_2,23.55
1505995863462.0,Humidity_2,58.91430635986382
1505995865539.0,Sound_P,117.84343257374664
1505995865542.0,PodiumIR,101
1505995866638.0,Sound_R,63.873876052910184
1505995867403.0,Sound_C,62.830808213621445
1505995870116.0,Temperature_1,25.78
1505995870118.0,Humidity_1,56.07794910604482
1505995870124.0,Humidity_2,58.91430635986382
1505995870127.0,Temperature_2,23.55
1505995871990.0,Sound_L,60.065259961446756
1505995875543.0,Sound_P,117.59695871579397
1505995875546.0,PodiumIR,87
1505995876638.0,Sound_R,63.88725206572837
1505995876776.0,Temperature_1,25.78
1505995876778.0,Humidity_1,56.07794910604482
1505995876789.0,Temperature_2,23.55
1505995876792.0,Humidity_2,58.91430635986382
1505995877403.0,Sound_C,61.128821260363026
1505995881990.0,Sound_L,61.181068224079226
1505995883435.0,Temperature_1,25.78
1505995883446.0,Temperature_2,23.55
1505995883447.0,Humidity_1,56.07794910604482
1505995883452.0,Humidity_2,58.91430635986382
1505995885548.0,Sound_P,117.78897223432665
1505995885550.0,PodiumIR,98
1505995886638.0,Sound_R,64.50325707458217
1505995887403.0,Sound_C,61.41735643307151
1505995890106.0,Humidity_1,56.07794910604482
1505995890109.0,Temperature_1,25.78
1505995890116.0,Humidity_2,58.91430635986382
1505995890117.0,Temperature_2,23.55
1505995891990.0,Sound_L,62.57067772027911
1505995895552.0,Sound_P,117.70694928866428
1505995895555.0,PodiumIR,89
1505995896638.0,Sound_R,66.04471243858679
1505995896766.0,Temperature_1,25.78
1505995896768.0,Humidity_1,56.07794910604482
1505995896783.0,Temperature_2,23.55
1505995896788.0,Humidity_2,58.91430635986382
1505995897403.0,Sound_C,62.043458890078874
1505995901990.0,Sound_L,63.05972404559824
1505995903430.0,Temperature_1,25.78
1505995903438.0,Humidity_1,56.07794910604482
1505995903442.0,Temperature_2,23.55
1505995903447.0,Humidity_2,58.91430635986382
1505995905556.0,Sound_P,117.59695871579397
1505995905560.0,PodiumIR,89
1505995906638.0,Sound_R,64.15519542355558
1505995907403.0,Sound_C,60.021487873052955
1505995910097.0,Temperature_1,25.78
1505995910099.0,Humidity_1,56.07794910604482
1505995910107.0,Temperature_2,23.55
1505995910108.0,Humidity_2,58.91430635986382
1505995911990.0,Sound_L,61.951544738165566
1505995915562.0,Sound_P,117.65204401104197
1505995915564.0,PodiumIR,93
1505995916638.0,Sound_R,62.13767557303495
1505995916765.0,Temperature_1,25.78
1505995916769.0,Humidity_1,56.07794910604482
1505995916775.0,Temperature_2,23.55
1505995916782.0,Humidity_2,58.91430635986382
1505995917403.0,Sound_C,58.909557112612255
1505995921990.0,Sound_L,62.709930107596435
1505995923424.0,Humidity_1,56.07794910604482
1505995923426.0,Temperature_1,25.78
1505995923433.0,Temperature_2,23.55
1505995923437.0,Humidity_2,58.91430635986382
1505995925566.0,Sound_P,117.84343257374664
1505995925569.0,PodiumIR,99
1505995926638.0,Sound_R,65.81660452693698
1505995927403.0,Sound_C,61.37099470973877
1505995930086.0,Temperature_1,25.78
1505995930091.0,Humidity_1,56.07794910604482
1505995930101.0,Humidity_2,58.91430635986382
1505995930103.0,Temperature_2,23.55
1505995931990.0,Sound_L,64.19357459379364
1505995935570.0,Sound_P,117.89771695053554
1505995935573.0,PodiumIR,87
1505995936638.0,Sound_R,67.60946242661667
1505995936752.0,Temperature_1,25.78
1505995936757.0,Humidity_1,56.07794910604482
1505995936765.0,Temperature_2,23.55
1505995936766.0,Humidity_2,58.91430635986382
1505995937403.0,Sound_C,62.20973729409992
1505995941990.0,Sound_L,65.48012214096187
1505995943412.0,Temperature_1,25.78
1505995943418.0,Humidity_1,56.07794910604482
1505995943431.0,Temperature_2,23.55
1505995943438.0,Humidity_2,58.91430635986382
1505995945574.0,Sound_P,117.65204401104197
1505995945577.0,PodiumIR,93
1505995946638.0,Sound_R,65.41906251260413
1505995947403.0,Sound_C,61.413582615705145
1505995950081.0,Temperature_1,25.78
1505995950084.0,Humidity_1,56.07794910604482
1505995950086.0,Temperature_2,23.55
1505995950094.0,Humidity_2,58.91430635986382
1505995951990.0,Sound_L,64.31125389603554
1505995955578.0,Sound_P,117.81622447063441
1505995955581.0,PodiumIR,99
1505995956638.0,Sound_R,66.56952391529973
1505995956747.0,Temperature_1,25.78
1505995956750.0,Humidity_1,56.07794910604482
1505995956755.0,Temperature_2,23.55
1505995956758.0,Humidity_2,58.91430635986382
1505995957403.0,Sound_C,63.24378265135284
1505995961990.0,Sound_L,64.07772050466976
1505995963411.0,Temperature_1,25.78
1505995963413.0,Humidity_1,56.07794910604482
1505995963421.0,Temperature_2,23.55
1505995963430.0,Humidity_2,58.91430635986382
1505995965582.0,Sound_P,117.84343257374664
1505995965585.0,PodiumIR,85
1505995966638.0,Sound_R,68.0615207822097
1505995967403.0,Sound_C,65.01889533134393
1505995970075.0,Temperature_1,25.78
1505995970078.0,Temperature_2,23.55
1505995970081.0,Humidity_1,56.07794910604482
1505995970093.0,Humidity_2,58.91430635986382
1505995971990.0,Sound_L,63.85680550393207
1505995975586.0,Sound_P,117.78897223432665
1505995975589.0,PodiumIR,90
1505995976638.0,Sound_R,67.66373307729843
1505995976732.0,Temperature_1,25.78
1505995976740.0,Humidity_1,56.07794910604482
1505995976747.0,Temperature_2,23.55
1505995976756.0,Humidity_2,58.91430635986382
1505995977403.0,Sound_C,62.75943170525063
1505995981990.0,Sound_L,63.662371211537945
1505995983401.0,Temperature_1,25.78
1505995983405.0,Humidity_1,56.07794910604482
1505995983413.0,Temperature_2,23.55
1505995983417.0,Humidity_2,58.91430635986382
1505995985591.0,Sound_P,118.2993536063961
1505995985593.0,PodiumIR,99
1505995986638.0,Sound_R,64.12449694697244
1505995987403.0,Sound_C,58.99200482126798
1505995990067.0,Temperature_1,25.78
1505995990080.0,Humidity_1,56.07794910604482
1505995990086.0,Humidity_2,58.91430635986382
1505995990086.0,Temperature_2,23.55
1505995991990.0,Sound_L,62.17994179970584
1505995995595.0,Sound_P,117.62452393936876
1505995995597.0,PodiumIR,123
1505995996638.0,Sound_R,63.093290355881244
1505995996738.0,Temperature_1,25.78
1505995996751.0,Humidity_1,56.07794910604482
1505995996754.0,Temperature_2,23.55
1505995996757.0,Humidity_2,58.91430635986382
1505995997403.0,Sound_C,59.418202568485675
1505996001990.0,Sound_L,61.76378813395941
1505996003414.0,Humidity_1,56.07794910604482
1505996003417.0,Temperature_1,25.78
1505996003431.0,Temperature_2,23.55
1505996003437.0,Humidity_2,58.91430635986382
1505996005599.0,Sound_P,118.16653868549709
1505996005602.0,PodiumIR,110
1505996006638.0,Sound_R,65.00924205854773
1505996007403.0,Sound_C,62.81217790146965
1505996010084.0,Temperature_1,25.78
1505996010091.0,Humidity_1,56.07794910604482
1505996010096.0,Temperature_2,23.55
1505996010106.0,Humidity_2,58.91430635986382
1505996011990.0,Sound_L,61.870069654173555
1505996015603.0,Sound_P,117.70694928866428
1505996015616.0,PodiumIR,103
1505996016638.0,Sound_R,64.54503874032757
1505996016761.0,Temperature_1,25.78
1505996016765.0,Humidity_1,56.07794910604482
1505996016768.0,Temperature_2,23.55
1505996016774.0,Humidity_2,58.91430635986382
1505996017403.0,Sound_C,64.6431949567367
1505996021990.0,Sound_L,62.99813573190213
1505996023423.0,Temperature_1,25.78
1505996023433.0,Humidity_1,56.07794910604482
1505996023443.0,Temperature_2,23.55
1505996023450.0,Humidity_2,58.91430635986382
1505996025618.0,Sound_P,117.62452393936876
1505996025621.0,PodiumIR,101
1505996026638.0,Sound_R,66.01216502420755
1505996027403.0,Sound_C,65.35748619638014
1505996030098.0,Humidity_1,56.07794910604482
1505996030099.0,Temperature_1,25.78
1505996030114.0,Temperature_2,23.55
1505996030120.0,Humidity_2,58.91430635986382
1505996031990.0,Sound_L,63.03609444664832
1505996035623.0,Sound_P,117.84343257374664
1505996035625.0,PodiumIR,97
1505996036638.0,Sound_R,66.50141478492637
1505996036772.0,Humidity_1,56.07794910604482
1505996036773.0,Temperature_1,25.78
1505996036788.0,Temperature_2,23.55
1505996036798.0,Humidity_2,58.91430635986382
1505996037403.0,Sound_C,63.212476685405676
1505996041990.0,Sound_L,62.98344008403977
1505996043439.0,Temperature_1,25.78
1505996043443.0,Humidity_1,56.07794910604482
1505996043457.0,Temperature_2,23.55
1505996043464.0,Humidity_2,58.91430635986382
1505996045627.0,Sound_P,117.81622447063441
1505996045629.0,PodiumIR,94
1505996046638.0,Sound_R,64.90578151610625
1505996047403.0,Sound_C,63.714283191105636
1505996050113.0,Temperature_1,25.78
1505996050116.0,Humidity_1,56.07794910604482
1505996050132.0,Temperature_2,23.55
1505996050141.0,Humidity_2,58.91430635986382
1505996051990.0,Sound_L,61.858112561020086
1505996055631.0,Sound_P,117.84343257374664
1505996055633.0,PodiumIR,107
1505996056638.0,Sound_R,64.74621377995926
1505996056783.0,Temperature_1,25.78
1505996056785.0,Humidity_1,56.07794910604482
1505996056806.0,Temperature_2,23.55
1505996056812.0,Humidity_2,58.91430635986382
1505996057403.0,Sound_C,63.8270028379495
1505996061990.0,Sound_L,62.10264290346092
1505996063457.0,Temperature_1,25.78
1505996063462.0,Humidity_1,56.07794910604482
1505996063480.0,Temperature_2,23.55
1505996063484.0,Humidity_2,58.91430635986382
1505996065635.0,Sound_P,117.67951907848958
1505996065637.0,PodiumIR,95
1505996066638.0,Sound_R,64.92319938154564
1505996067403.0,Sound_C,62.05486363238415
1505996070124.0,Humidity_1,56.07794910604482
1505996070129.0,Temperature_1,25.78
1505996070149.0,Temperature_2,23.55
1505996070157.0,Humidity_2,58.91430635986382
1505996071990.0,Sound_L,62.38263060527184
1505996075646.0,Sound_P,117.78897223432665
1505996075648.0,PodiumIR,121
1505996076638.0,Sound_R,64.46676519251369
1505996076794.0,Temperature_1,25.78
1505996076796.0,Humidity_1,56.07794910604482
1505996076821.0,Temperature_2,23.55
1505996076825.0,Humidity_2,58.91430635986382
1505996077403.0,Sound_C,63.20141447230719
1505996081990.0,Sound_L,62.80769547221698
1505996083461.0,Temperature_1,25.78
1505996083475.0,Humidity_1,56.07794910604482
1505996083488.0,Temperature_2,23.55
1505996083500.0,Humidity_2,58.91430635986382
1505996085650.0,Sound_P,117.51399064595054
1505996085653.0,PodiumIR,103
1505996086638.0,Sound_R,64.15368365474474
1505996087403.0,Sound_C,62.84240895310881
1505996090140.0,Humidity_1,56.07794910604482
1505996090141.0,Temperature_1,25.78
1505996090164.0,Humidity_2,58.91430635986382
1505996090165.0,Temperature_2,23.55
1505996091990.0,Sound_L,62.78720241037818
1505996095654.0,Sound_P,117.81622447063441
1505996095667.0,PodiumIR,97
1505996096638.0,Sound_R,64.70140630813948
1505996096806.0,Temperature_1,25.78
1505996096810.0,Humidity_1,56.07794910604482
1505996096840.0,Humidity_2,58.91430635986382
1505996096842.0,Temperature_2,23.55
1505996097403.0,Sound_C,61.95374458399042
1505996101990.0,Sound_L,61.96099660884005
1505996103481.0,Humidity_1,56.07794910604482
1505996103482.0,Temperature_1,25.78
1505996103509.0,Temperature_2,23.55
1505996103510.0,Humidity_2,58.91430635986382
1505996105669.0,Sound_P,117.81622447063441
1505996105672.0,PodiumIR,130
1505996106638.0,Sound_R,63.97735951009728
1505996107403.0,Sound_C,60.44461545142775
1505996110155.0,Temperature_1,25.78
1505996110156.0,Humidity_1,56.07794910604482
1505996110180.0,Temperature_2,23.55
1505996110180.0,Humidity_2,58.91430635986382
1505996111990.0,Sound_L,61.07760516004208
1505996115673.0,Sound_P,117.81622447063441
1505996115676.0,PodiumIR,74
1505996116638.0,Sound_R,62.37150118306892
1505996116840.0,Temperature_1,25.78
1505996116844.0,Humidity_1,56.07794910604482
1505996116853.0,Temperature_2,23.55
1505996116859.0,Humidity_2,58.91430635986382
1505996117403.0,Sound_C,58.574059913935145
1505996121990.0,Sound_L,60.80684654235475
1505996123512.0,Temperature_1,25.78
1505996123521.0,Humidity_1,56.07794910604482
1505996123523.0,Temperature_2,23.55
1505996123535.0,Humidity_2,58.91430635986382
1505996125677.0,Sound_P,117.73433478780012
1505996125680.0,PodiumIR,90
1505996126638.0,Sound_R,64.95915471585874
1505996127403.0,Sound_C,60.7473348735707
1505996130186.0,Temperature_1,25.78
1505996130190.0,Humidity_1,56.07794910604482
1505996130193.0,Temperature_2,23.55
1505996130200.0,Humidity_2,58.91430635986382
1505996131990.0,Sound_L,61.809013329665675
1505996135689.0,Sound_P,117.81622447063441
1505996135691.0,PodiumIR,107
1505996136638.0,Sound_R,67.88266046963862
1505996136854.0,Temperature_1,25.78
1505996136855.0,Humidity_1,56.07794910604482
1505996136867.0,Humidity_2,58.91430635986382
1505996136871.0,Temperature_2,23.55
1505996137403.0,Sound_C,64.1029041148211
1505996141990.0,Sound_L,62.693234862391925
1505996143527.0,Temperature_1,25.78
1505996143536.0,Humidity_1,56.07794910604482
1505996143545.0,Humidity_2,58.91430635986382
1505996143545.0,Temperature_2,23.55
1505996145693.0,Sound_P,117.76167572141729
1505996145695.0,PodiumIR,100
1505996146638.0,Sound_R,65.90608958275946
1505996147403.0,Sound_C,62.98733566815732
1505996150204.0,Temperature_1,25.78
1505996150207.0,Humidity_1,56.07794910604482
1505996150209.0,Temperature_2,23.55
1505996150214.0,Humidity_2,58.91430635986382
1505996151990.0,Sound_L,61.76675131358442
1505996155708.0,Sound_P,117.81622447063441
1505996155710.0,PodiumIR,97
1505996156638.0,Sound_R,64.08002549731397
1505996156876.0,Temperature_1,25.78
1505996156876.0,Humidity_1,56.07794910604482
1505996156884.0,Humidity_2,58.91430635986382
1505996156886.0,Temperature_2,23.55
1505996157403.0,Sound_C,60.12762139330305
1505996161990.0,Sound_L,61.84195246315805
1505996163543.0,Temperature_1,25.78
1505996163551.0,Humidity_1,56.07794910604482
1505996163553.0,Temperature_2,23.55
1505996163554.0,Humidity_2,58.91430635986382
1505996165712.0,Sound_P,117.81622447063441
1505996165714.0,PodiumIR,90
1505996166638.0,Sound_R,65.88158499853652
1505996167403.0,Sound_C,60.899140302475324
1505996170217.0,Humidity_1,56.07794910604482
1505996170221.0,Temperature_1,25.78
1505996170225.0,Humidity_2,58.91430635986382
1505996170225.0,Temperature_2,23.55
1505996171990.0,Sound_L,64.09900521552487
1505996175716.0,Sound_P,117.81622447063441
1505996175729.0,PodiumIR,147
1505996176638.0,Sound_R,66.96850400525845
1505996176892.0,Temperature_1,25.78
1505996176896.0,Temperature_2,23.55
1505996176897.0,Humidity_1,56.07794910604482
1505996176902.0,Humidity_2,58.91430635986382
1505996177403.0,Sound_C,61.73503835060055
1505996181990.0,Sound_L,66.06157885812229
1505996183560.0,Temperature_1,25.78
1505996183563.0,Humidity_1,56.07794910604482
1505996183565.0,Humidity_2,58.91430635986382
1505996183574.0,Temperature_2,23.55
1505996185742.0,Sound_P,118.40485473799694
1505996185745.0,PodiumIR,141
1505996186638.0,Sound_R,66.62836124429833
1505996187403.0,Sound_C,61.64250460607652
1505996190233.0,Temperature_1,25.78
1505996190238.0,Humidity_2,58.91430635986382
1505996190240.0,Humidity_1,56.07794910604482
1505996190242.0,Temperature_2,23.55
1505996191990.0,Sound_L,64.9393794541158
1505996195747.0,Sound_P,117.76167572141729
1505996195749.0,PodiumIR,123
1505996196638.0,Sound_R,64.92115498221649
1505996196903.0,Temperature_1,25.78
1505996196906.0,Humidity_1,56.07794910604482
1505996196909.0,Humidity_2,58.91430635986382
1505996196920.0,Temperature_2,23.55
1505996197403.0,Sound_C,62.065959038094604
1505996201990.0,Sound_L,62.46258211895268
1505996203576.0,Humidity_1,56.07794910604482
1505996203576.0,Temperature_1,25.78
1505996203581.0,Humidity_2,58.91430635986382
1505996203589.0,Temperature_2,23.55
1505996205751.0,Sound_P,117.65204401104197
1505996205753.0,PodiumIR,136
1505996206638.0,Sound_R,63.268162670703894
1505996207403.0,Sound_C,60.08872840013833
1505996210246.0,Temperature_1,25.78
1505996210252.0,Humidity_2,58.91430635986382
1505996210257.0,Humidity_1,56.07794910604482
1505996210257.0,Temperature_2,23.55
1505996211990.0,Sound_L,60.526941637667264
1505996215755.0,Sound_P,117.81622447063441
1505996215758.0,PodiumIR,102
1505996216638.0,Sound_R,62.20437802958736
1505996216917.0,Temperature_1,25.78
1505996216923.0,Humidity_1,56.07794910604482
1505996216924.0,Humidity_2,58.91430635986382
1505996216928.0,Temperature_2,23.55
1505996217403.0,Sound_C,59.00095797410094
1505996221990.0,Sound_L,61.375957871066284
1505996223592.0,Temperature_1,25.78
1505996223594.0,Humidity_2,58.91430635986382
1505996223596.0,Humidity_1,56.07794910604482
1505996223604.0,Temperature_2,23.55
1505996225767.0,Sound_P,117.62452393936876
1505996225769.0,PodiumIR,107
1505996226638.0,Sound_R,63.0790740793153
1505996227403.0,Sound_C,59.66810090347017
1505996230266.0,Temperature_1,25.78
1505996230269.0,Humidity_1,56.07794910604482
1505996230270.0,Humidity_2,58.91430635986382
1505996230278.0,Temperature_2,23.55
1505996231990.0,Sound_L,62.06513453102553
1505996235771.0,Sound_P,117.78897223432665
1505996235774.0,PodiumIR,114
1505996236638.0,Sound_R,63.99777590570765
1505996236933.0,Humidity_2,58.91430635986382
1505996236934.0,Temperature_1,25.78
1505996236944.0,Humidity_1,56.07794910604482
1505996236946.0,Temperature_2,23.55
1505996237403.0,Sound_C,59.63310959439094
1505996241990.0,Sound_L,64.57005062816187
1505996243608.0,Humidity_2,58.91430635986382
1505996243613.0,Temperature_1,25.78
1505996243617.0,Humidity_1,56.07794910604482
1505996243626.0,Temperature_2,23.55
1505996245775.0,Sound_P,117.56934819191356
1505996245778.0,PodiumIR,120
1505996246638.0,Sound_R,66.99386407475338
1505996247403.0,Sound_C,61.418889505633935
1505996250281.0,Temperature_1,25.78
1505996250285.0,Humidity_1,56.07794910604482
1505996250295.0,Temperature_2,23.55
1505996250298.0,Humidity_2,58.91430635986382
1505996251990.0,Sound_L,65.42663694262109
1505996255779.0,Sound_P,117.81622447063441
1505996255789.0,PodiumIR,102
1505996256638.0,Sound_R,68.77248649976545
1505996256949.0,Temperature_1,25.78
1505996256956.0,Humidity_1,56.07794910604482
1505996256967.0,Temperature_2,23.55
1505996256973.0,Humidity_2,58.91430635986382
1505996257403.0,Sound_C,64.32450629743484
1505996261990.0,Sound_L,66.10696229911377
1505996263626.0,Humidity_1,56.07794910604482
1505996263630.0,Temperature_1,25.78
1505996263640.0,Temperature_2,23.55
1505996263645.0,Humidity_2,58.91430635986382
1505996265791.0,Sound_P,118.32579106267738
1505996265794.0,PodiumIR,105
1505996266638.0,Sound_R,65.50918508230268
1505996267403.0,Sound_C,64.25746777719145
1505996270293.0,Temperature_1,25.78
1505996270302.0,Humidity_1,56.07794910604482
1505996270311.0,Humidity_2,58.91430635986382
1505996270315.0,Temperature_2,23.55
1505996271990.0,Sound_L,65.1603713322147
1505996275795.0,Sound_P,117.81622447063441
1505996275797.0,PodiumIR,99
1505996276638.0,Sound_R,64.4942652581009
1505996276968.0,Temperature_1,25.78
1505996276976.0,Humidity_1,56.07794910604482
1505996276980.0,Temperature_2,23.55
1505996276982.0,Humidity_2,58.91430635986382
1505996277403.0,Sound_C,62.70717854868331
1505996281990.0,Sound_L,63.85003408784631
1505996283645.0,Temperature_1,25.78
1505996283650.0,Humidity_1,56.07794910604482
1505996283652.0,Temperature_2,23.55
1505996283662.0,Humidity_2,58.91430635986382
1505996285799.0,Sound_P,117.87059668637389
1505996285801.0,PodiumIR,99
1505996286638.0,Sound_R,64.9669287264935
1505996287403.0,Sound_C,62.15644891414852
1505996290313.0,Temperature_1,25.78
1505996290318.0,Humidity_1,56.07794910604482
1505996290328.0,Temperature_2,23.55
1505996290334.0,Humidity_2,58.91430635986382
1505996291990.0,Sound_L,63.52110053534574
1505996295803.0,Sound_P,117.81622447063441
1505996295806.0,PodiumIR,106
1505996296638.0,Sound_R,66.96957319073533
1505996296986.0,Temperature_1,25.78
1505996296993.0,Humidity_1,56.07794910604482
1505996296996.0,Temperature_2,23.55
1505996297005.0,Humidity_2,58.91430635986382
1505996297403.0,Sound_C,63.73574818877861
1505996301990.0,Sound_L,64.30593412715646
1505996303653.0,Temperature_1,25.78
1505996303658.0,Humidity_1,56.07794910604482
1505996303669.0,Temperature_2,23.55
1505996303677.0,Humidity_2,58.91430635986382
1505996305807.0,Sound_P,117.40272533863349
1505996305810.0,PodiumIR,76
1505996306638.0,Sound_R,69.13976373317793
1505996307403.0,Sound_C,65.92920423114678
1505996310327.0,Temperature_1,25.78
1505996310329.0,Humidity_1,56.07794910604482
1505996310346.0,Temperature_2,23.55
1505996310350.0,Humidity_2,58.91430635986382
1505996311990.0,Sound_L,66.41172399068192
1505996315811.0,Sound_P,117.62452393936876
1505996315819.0,PodiumIR,95
1505996316638.0,Sound_R,69.18328549065092
1505996317002.0,Humidity_1,56.07794910604482
1505996317002.0,Temperature_1,25.78
1505996317012.0,Temperature_2,23.55
1505996317016.0,Humidity_2,58.91430635986382
1505996317403.0,Sound_C,64.88002392821556
1505996321990.0,Sound_L,66.67103431568714
1505996323670.0,Temperature_1,25.78
1505996323672.0,Humidity_1,56.07794910604482
1505996323683.0,Temperature_2,23.55
1505996323695.0,Humidity_2,58.91430635986382
1505996325820.0,Sound_P,117.45845009950281
1505996325823.0,PodiumIR,87
1505996326638.0,Sound_R,67.6046746912297
1505996327403.0,Sound_C,64.25179272015357
1505996330341.0,Temperature_1,25.78
1505996330348.0,Humidity_1,56.07794910604482
1505996330363.0,Temperature_2,23.55
1505996330366.0,Humidity_2,58.91430635986382
1505996331990.0,Sound_L,65.10041237247282
1505996335825.0,Sound_P,117.78897223432665
1505996335827.0,PodiumIR,86
1505996336638.0,Sound_R,64.8100053249302
1505996337013.0,Temperature_1,25.78
1505996337018.0,Humidity_1,56.07794910604482
1505996337032.0,Temperature_2,23.55
1505996337032.0,Humidity_2,58.91430635986382
1505996337403.0,Sound_C,61.45653487009207
1505996341990.0,Sound_L,61.93343799176265
1505996343685.0,Temperature_1,25.78
1505996343690.0,Humidity_1,56.07794910604482
1505996343702.0,Humidity_2,58.91430635986382
1505996343707.0,Temperature_2,23.55
1505996345829.0,Sound_P,118.05952558485274
1505996345831.0,PodiumIR,84
1505996346638.0,Sound_R,63.69273045199992
1505996347403.0,Sound_C,59.38585691566946
1505996350365.0,Temperature_1,25.78
1505996350367.0,Humidity_1,56.07794910604482
1505996350376.0,Humidity_2,58.91430635986382
1505996350377.0,Temperature_2,23.55
1505996351990.0,Sound_L,61.19985140868342
1505996355833.0,Sound_P,117.81622447063441
1505996355836.0,PodiumIR,106
1505996356638.0,Sound_R,64.90266961407632
1505996357028.0,Temperature_1,25.78
1505996357032.0,Humidity_1,56.07794910604482
1505996357050.0,Temperature_2,23.55
1505996357053.0,Humidity_2,58.91430635986382
1505996357403.0,Sound_C,60.8036350427919
1505996361990.0,Sound_L,61.13814547787324
1505996363710.0,Temperature_1,25.78
1505996363711.0,Humidity_1,56.07794910604482
1505996363716.0,Temperature_2,23.55
1505996363721.0,Humidity_2,58.91430635986382
1505996365837.0,Sound_P,118.3521869832679
1505996365840.0,PodiumIR,96
1505996366638.0,Sound_R,64.63446710842953
1505996367403.0,Sound_C,60.668086522470595
1505996370376.0,Temperature_1,25.78
1505996370380.0,Humidity_1,56.07794910604482
1505996370389.0,Humidity_2,58.91430635986382
1505996370393.0,Temperature_2,23.55
1505996371990.0,Sound_L,60.856068459755946
1505996375842.0,Sound_P,117.48624332337616
1505996375847.0,PodiumIR,96
1505996376638.0,Sound_R,63.79847528550349
1505996377046.0,Temperature_1,25.78
1505996377050.0,Humidity_1,56.07794910604482
1505996377062.0,Humidity_2,58.91430635986382
1505996377065.0,Temperature_2,23.55
1505996377403.0,Sound_C,61.02205181046165
1505996381990.0,Sound_L,60.772171892558106
1505996383721.0,Temperature_1,25.78
1505996383725.0,Humidity_1,56.07794910604482
1505996383737.0,Temperature_2,23.55
1505996383743.0,Humidity_2,58.91430635986382
1505996385856.0,Sound_P,117.81622447063441
1505996385860.0,PodiumIR,121
1505996386638.0,Sound_R,63.89003663896593
1505996387403.0,Sound_C,60.65124438794029
1505996390388.0,Temperature_1,25.78
1505996390392.0,Humidity_1,56.07794910604482
1505996390405.0,Temperature_2,23.55
1505996390412.0,Humidity_2,58.91430635986382
1505996391990.0,Sound_L,61.335125419031115
1505996395862.0,Sound_P,117.81622447063441
1505996395864.0,PodiumIR,96
1505996396638.0,Sound_R,63.76526205036126
1505996397067.0,Temperature_1,25.78
1505996397072.0,Humidity_1,56.07794910604482
1505996397082.0,Temperature_2,23.55
1505996397088.0,Humidity_2,58.91430635986382
1505996397403.0,Sound_C,61.376248074109135
1505996401990.0,Sound_L,62.80712311926574
1505996403732.0,Temperature_1,25.78
1505996403740.0,Humidity_1,56.07794910604482
1505996403747.0,Temperature_2,23.55
1505996403751.0,Humidity_2,58.91430635986382
1505996405866.0,Sound_P,118.3521869832679
1505996405869.0,PodiumIR,94
1505996406638.0,Sound_R,65.29437452917178
1505996407403.0,Sound_C,62.624645582079715
1505996410407.0,Temperature_1,25.78
1505996410415.0,Humidity_1,56.07794910604482
1505996410420.0,Temperature_2,23.55
1505996410427.0,Humidity_2,58.91430635986382
1505996411990.0,Sound_L,63.12176349116782
1505996415871.0,Sound_P,117.97881606214798
1505996415873.0,PodiumIR,107
1505996416638.0,Sound_R,66.03964931839936
1505996417080.0,Humidity_1,56.07794910604482
1505996417081.0,Temperature_1,25.78
1505996417089.0,Temperature_2,23.55
1505996417097.0,Humidity_2,58.91430635986382
1505996417403.0,Sound_C,61.54920030354602
1505996421990.0,Sound_L,62.783033921996555
1505996423748.0,Temperature_1,25.78
1505996423760.0,Temperature_2,23.55
1505996423762.0,Humidity_1,56.07794910604482
1505996423773.0,Humidity_2,58.91430635986382
1505996425875.0,Sound_P,117.67951907848958
1505996425877.0,PodiumIR,105
1505996426638.0,Sound_R,64.26020849051277
1505996427403.0,Sound_C,60.101535242960246
1505996430423.0,Temperature_1,25.78
1505996430433.0,Humidity_1,56.07794910604482
1505996430438.0,Temperature_2,23.55
1505996430442.0,Humidity_2,58.91430635986382
1505996431990.0,Sound_L,62.825322641526874
1505996435889.0,Sound_P,117.81622447063441
1505996435891.0,PodiumIR,111
1505996436638.0,Sound_R,63.222069954640666
1505996437100.0,Humidity_1,56.07794910604482
1505996437102.0,Temperature_1,25.78
1505996437110.0,Temperature_2,23.55
1505996437111.0,Humidity_2,58.91430635986382
1505996437403.0,Sound_C,60.87542637115164
1505996441990.0,Sound_L,61.7422362540037
1505996443768.0,Temperature_1,25.78
1505996443769.0,Humidity_1,56.07794910604482
1505996443777.0,Temperature_2,23.55
1505996443778.0,Humidity_2,58.91430635986382
1505996445893.0,Sound_P,117.76167572141729
1505996445896.0,PodiumIR,97
1505996446638.0,Sound_R,65.34147589135195
1505996447403.0,Sound_C,63.31402991449613
1505996450441.0,Temperature_1,25.78
1505996450446.0,Temperature_2,23.55
1505996450447.0,Humidity_1,56.07794910604482
1505996450458.0,Humidity_2,58.91430635986382
1505996451990.0,Sound_L,61.85005707480532
1505996455898.0,Sound_P,117.81622447063441
1505996455900.0,PodiumIR,95
1505996456638.0,Sound_R,65.21909342645381
1505996457117.0,Temperature_2,23.55
1505996457117.0,Temperature_1,25.78
1505996457119.0,Humidity_1,56.07794910604482
1505996457123.0,Humidity_2,58.91430635986382
1505996457403.0,Sound_C,63.27461306084544
1505996461990.0,Sound_L,62.049340876133954
1505996463784.0,Temperature_1,25.78
1505996463786.0,Temperature_2,23.55
1505996463792.0,Humidity_1,56.07794910604482
1505996463794.0,Humidity_2,58.91430635986382
1505996465902.0,Sound_P,117.73433478780012
1505996465904.0,PodiumIR,97
1505996466638.0,Sound_R,64.77832761265806
1505996467403.0,Sound_C,62.33316148790962
1505996470455.0,Temperature_2,23.55
1505996470456.0,Temperature_1,25.78
1505996470462.0,Humidity_2,58.91430635986382
1505996470463.0,Humidity_1,56.07794910604482
1505996471990.0,Sound_L,62.562224062810834
1505996475906.0,Sound_P,117.73433478780012
1505996475909.0,PodiumIR,101
1505996476638.0,Sound_R,64.004993094773
1505996477124.0,Temperature_1,25.78
1505996477128.0,Humidity_1,56.07794910604482
1505996477134.0,Temperature_2,23.55
1505996477138.0,Humidity_2,58.91430635986382
1505996477403.0,Sound_C,60.050685536360966
1505996481990.0,Sound_L,62.501050140926715
1505996483801.0,Humidity_1,56.07794910604482
1505996483802.0,Temperature_1,25.78
1505996483806.0,Temperature_2,23.55
1505996483807.0,Humidity_2,58.91430635986382
1505996485911.0,Sound_P,117.81622447063441
1505996485913.0,PodiumIR,90
1505996486638.0,Sound_R,62.186790161798854
1505996487403.0,Sound_C,60.55241002325872
1505996490469.0,Temperature_2,23.55
1505996490471.0,Temperature_1,25.78
1505996490477.0,Humidity_2,58.91430635986382
1505996490480.0,Humidity_1,56.07794910604482
1505996491990.0,Sound_L,62.23970390028541
1505996495915.0,Sound_P,117.78897223432665
1505996495917.0,PodiumIR,115
1505996496638.0,Sound_R,64.67373641688461
1505996497143.0,Temperature_1,25.78
1505996497146.0,Humidity_1,56.07794910604482
1505996497147.0,Humidity_2,58.91430635986382
1505996497148.0,Temperature_2,23.55
1505996497403.0,Sound_C,62.816724992829535
1505996501990.0,Sound_L,62.959052791442886
1505996503817.0,Temperature_2,23.55
1505996503818.0,Humidity_2,58.91430635986382
1505996503819.0,Humidity_1,56.07794910604482
1505996503820.0,Temperature_1,25.78
1505996505919.0,Sound_P,117.59695871579397
1505996505922.0,PodiumIR,90
1505996506638.0,Sound_R,66.00452156427745
1505996507403.0,Sound_C,61.16363077456515
1505996510484.0,Temperature_1,25.78
1505996510488.0,Temperature_2,23.55
1505996510489.0,Humidity_2,58.91430635986382
1505996510498.0,Humidity_1,56.07794910604482
1505996511990.0,Sound_L,63.24855766359623
1505996515923.0,Sound_P,117.59695871579397
1505996515925.0,PodiumIR,91
1505996516638.0,Sound_R,64.59125643484667
1505996517163.0,Temperature_1,25.78
1505996517168.0,Humidity_1,56.07794910604482
1505996517175.0,Temperature_2,23.55
1505996517181.0,Humidity_2,58.91430635986382
1505996517403.0,Sound_C,59.973846221649104
1505996521990.0,Sound_L,64.04490044313872
1505996523830.0,Temperature_1,25.78
1505996523835.0,Humidity_1,56.07794910604482
1505996523847.0,Temperature_2,23.55
1505996523850.0,Humidity_2,58.91430635986382
1505996525927.0,Sound_P,117.81622447063441
1505996525930.0,PodiumIR,99
1505996526638.0,Sound_R,64.56759710933761
1505996527403.0,Sound_C,61.24561910820764
1505996530503.0,Temperature_1,25.78
1505996530510.0,Humidity_1,56.07794910604482
1505996530519.0,Humidity_2,58.91430635986382
1505996530520.0,Temperature_2,23.55
1505996531990.0,Sound_L,64.07124908457897
1505996535932.0,Sound_P,117.95182649811095
1505996535934.0,PodiumIR,97
1505996536638.0,Sound_R,64.26415984372913
1505996537173.0,Temperature_1,25.78
1505996537180.0,Humidity_1,56.07794910604482
1505996537183.0,Temperature_2,23.55
1505996537192.0,Humidity_2,58.91430635986382
1505996537403.0,Sound_C,61.020972256254176
1505996541990.0,Sound_L,64.46024936071203
1505996543846.0,Temperature_1,25.78
1505996543848.0,Humidity_1,56.07794910604482
1505996543855.0,Temperature_2,23.55
1505996543869.0,Humidity_2,58.91430635986382
1505996545936.0,Sound_P,117.67951907848958
1505996545938.0,PodiumIR,111
1505996546638.0,Sound_R,65.67580234718687
1505996547403.0,Sound_C,61.62903411827346
1505996550522.0,Temperature_1,25.78
1505996550526.0,Temperature_2,23.55
1505996550527.0,Humidity_1,56.07794910604482
1505996550534.0,Humidity_2,58.91430635986382
1505996551990.0,Sound_L,63.87899820209108
1505996555940.0,Sound_P,117.70694928866428
1505996555943.0,PodiumIR,95
1505996556638.0,Sound_R,66.39601823409762
1505996557193.0,Temperature_1,25.78
1505996557194.0,Humidity_1,56.07794910604482
1505996557198.0,Temperature_2,23.55
1505996557208.0,Humidity_2,58.91430635986382
1505996557403.0,Sound_C,62.716274835947424
1505996561990.0,Sound_L,63.23104123030943
1505996563860.0,Temperature_1,25.78
1505996563864.0,Humidity_1,56.07794910604482
1505996563877.0,Temperature_2,23.55
1505996563878.0,Humidity_2,58.91430635986382
1505996565944.0,Sound_P,117.78897223432665
1505996565946.0,PodiumIR,96
1505996566638.0,Sound_R,65.76363701281598
1505996567403.0,Sound_C,62.993490927086405
1505996570528.0,Temperature_1,25.78
1505996570540.0,Humidity_1,56.07794910604482
1505996570542.0,Temperature_2,23.55
1505996570544.0,Humidity_2,58.91430635986382
1505996571990.0,Sound_L,62.459887162437354
1505996575948.0,Sound_P,118.1931857965549
1505996575951.0,PodiumIR,102
1505996576638.0,Sound_R,65.73835719912915
1505996577198.0,Temperature_1,25.78
1505996577211.0,Humidity_1,56.07794910604482
1505996577212.0,Temperature_2,23.55
1505996577217.0,Humidity_2,58.91430635986382
1505996577403.0,Sound_C,62.254320391850136
1505996581990.0,Sound_L,62.17324156728835
1505996583872.0,Temperature_1,25.78
1505996583881.0,Humidity_1,56.07794910604482
1505996583887.0,Temperature_2,23.55
1505996583890.0,Humidity_2,58.91430635986382
1505996585952.0,Sound_P,117.70694928866428
1505996585955.0,PodiumIR,93
1505996586638.0,Sound_R,65.43337045114986
1505996587403.0,Sound_C,62.58756439786857
1505996590546.0,Temperature_1,25.78
1505996590547.0,Humidity_1,56.07794910604482
1505996590557.0,Temperature_2,23.55
1505996590561.0,Humidity_2,58.91430635986382
1505996591990.0,Sound_L,62.670229506101855
1505996595956.0,Sound_P,117.73433478780012
1505996595960.0,PodiumIR,78
1505996596638.0,Sound_R,65.31767281508267
1505996597210.0,Temperature_1,25.78
1505996597220.0,Humidity_1,56.07794910604482
1505996597226.0,Temperature_2,23.55
1505996597230.0,Humidity_2,58.91430635986382
1505996597403.0,Sound_C,64.46497159446052
1505996601990.0,Sound_L,62.997794552041825
1505996603884.0,Temperature_1,25.78
1505996603893.0,Temperature_2,23.55
1505996603895.0,Humidity_1,56.07794910604482
1505996603905.0,Humidity_2,58.91430635986382
1505996605962.0,Sound_P,117.76167572141729
1505996605964.0,PodiumIR,80
1505996606638.0,Sound_R,66.12886313886192
1505996607403.0,Sound_C,63.64150285176083
1505996610562.0,Temperature_1,25.78
1505996610562.0,Humidity_1,56.07794910604482
1505996610573.0,Temperature_2,23.55
1505996610579.0,Humidity_2,58.91430635986382
1505996611990.0,Sound_L,63.41134768730391
1505996615966.0,Sound_P,118.3785414984758
1505996615969.0,PodiumIR,138
1505996616638.0,Sound_R,66.96629077230017
1505996617227.0,Temperature_1,25.78
1505996617237.0,Humidity_1,56.07794910604482
1505996617242.0,Humidity_2,58.91430635986382
1505996617242.0,Temperature_2,23.55
1505996617403.0,Sound_C,62.11152653916927
1505996621990.0,Sound_L,62.90983462876942
1505996623901.0,Humidity_1,56.07794910604482
1505996623903.0,Temperature_1,25.78
1505996623911.0,Temperature_2,23.55
1505996623918.0,Humidity_2,58.91430635986382
1505996625970.0,Sound_P,117.84343257374664
1505996625972.0,PodiumIR,88
1505996626638.0,Sound_R,65.822743944787
1505996627403.0,Sound_C,61.35194970336909
1505996630570.0,Temperature_1,25.78
1505996630576.0,Humidity_1,56.07794910604482
1505996630578.0,Temperature_2,23.55
1505996630593.0,Humidity_2,58.91430635986382
1505996631990.0,Sound_L,63.07725035470844
1505996635974.0,Sound_P,117.76167572141729
1505996635977.0,PodiumIR,92
1505996636638.0,Sound_R,65.1075564698266
1505996637242.0,Temperature_1,25.78
1505996637248.0,Humidity_1,56.07794910604482
1505996637250.0,Temperature_2,23.55
1505996637256.0,Humidity_2,58.91430635986382
1505996637403.0,Sound_C,62.09416159771485
1505996641990.0,Sound_L,63.14730068369008
1505996643915.0,Temperature_1,25.78
1505996643918.0,Humidity_1,56.07794910604482
1505996643927.0,Temperature_2,23.55
1505996643929.0,Humidity_2,58.91430635986382
1505996645979.0,Sound_P,117.78897223432665
1505996645981.0,PodiumIR,87
1505996646638.0,Sound_R,65.06173482465063
1505996647403.0,Sound_C,62.71033443854238
1505996650601.0,Temperature_1,25.78
1505996650604.0,Humidity_1,56.07794910604482
1505996650612.0,Temperature_2,23.55
1505996650618.0,Humidity_2,58.91430635986382
1505996651990.0,Sound_L,63.59455792293974
1505996655983.0,Sound_P,117.78897223432665
1505996655985.0,PodiumIR,102
1505996656638.0,Sound_R,64.20036176904485
1505996657268.0,Temperature_1,25.78
1505996657272.0,Humidity_1,56.07794910604482
1505996657285.0,Temperature_2,23.55
1505996657294.0,Humidity_2,58.91430635986382
1505996657403.0,Sound_C,62.48899445779637
1505996661990.0,Sound_L,63.673688042490184
1505996663940.0,Temperature_1,25.78
1505996663946.0,Humidity_1,56.07794910604482
1505996663951.0,Temperature_2,23.55
1505996663965.0,Humidity_2,58.91430635986382
1505996665987.0,Sound_P,118.32579106267738
1505996665990.0,PodiumIR,93
1505996666638.0,Sound_R,62.91216898117491
1505996667403.0,Sound_C,62.024901901475516
1505996670617.0,Temperature_1,25.78
1505996670621.0,Humidity_1,56.07794910604482
1505996670624.0,Temperature_2,23.55
1505996670627.0,Humidity_2,58.91430635986382
1505996671990.0,Sound_L,63.57363062255946
1505996675991.0,Sound_P,117.65204401104197
1505996675994.0,PodiumIR,93
1505996676638.0,Sound_R,63.21103790790065
1505996677282.0,Temperature_1,25.78
1505996677289.0,Humidity_1,56.07794910604482
1505996677293.0,Temperature_2,23.55
1505996677303.0,Humidity_2,58.91430635986382
1505996677403.0,Sound_C,62.69048490193003
1505996681990.0,Sound_L,63.54852816511251
1505996683961.0,Temperature_1,25.78
1505996683969.0,Humidity_1,56.07794910604482
1505996683970.0,Temperature_2,23.55
1505996683973.0,Humidity_2,58.91430635986382
1505996685995.0,Sound_P,117.97881606214798
1505996685997.0,PodiumIR,98
1505996686638.0,Sound_R,64.36553190359241
1505996687403.0,Sound_C,63.53431964261367
1505996690631.0,Temperature_1,25.78
1505996690636.0,Humidity_1,56.07794910604482
1505996690639.0,Temperature_2,23.55
1505996690640.0,Humidity_2,58.91430635986382
1505996691990.0,Sound_L,62.98745413200422
1505996696011.0,Sound_P,117.67951907848958
1505996696013.0,PodiumIR,86
1505996696638.0,Sound_R,64.58116226375013
1505996697293.0,Temperature_1,25.78
1505996697310.0,Temperature_2,23.55
1505996697311.0,Humidity_1,56.07794910604482
1505996697315.0,Humidity_2,58.91430635986382
1505996697403.0,Sound_C,62.16652746964302
1505996701990.0,Sound_L,62.757579232337704
1505996703964.0,Temperature_1,25.78
1505996703975.0,Humidity_1,56.07794910604482
1505996703979.0,Temperature_2,23.55
1505996703987.0,Humidity_2,58.91430635986382
1505996706015.0,Sound_P,117.78897223432665
1505996706017.0,PodiumIR,129
1505996706638.0,Sound_R,64.73040750571555
1505996707403.0,Sound_C,59.850619873535656
1505996710641.0,Temperature_1,25.78
1505996710649.0,Temperature_2,23.55
1505996710654.0,Humidity_2,58.91430635986382
1505996710654.0,Humidity_1,56.07794910604482
1505996711990.0,Sound_L,62.716876711286204
1505996716027.0,Sound_P,117.56934819191356
1505996716030.0,PodiumIR,82
1505996716638.0,Sound_R,65.63780966755654
1505996717308.0,Temperature_1,25.78
1505996717322.0,Humidity_1,56.07794910604482
1505996717324.0,Humidity_2,58.91430635986382
1505996717324.0,Temperature_2,23.55
1505996717403.0,Sound_C,60.38418010283081
1505996721990.0,Sound_L,63.05627474372234
1505996723983.0,Temperature_1,25.78
1505996723997.0,Humidity_1,56.07794910604482
1505996723997.0,Temperature_2,23.55
1505996724002.0,Humidity_2,58.91430635986382
1505996726031.0,Sound_P,117.56934819191356
1505996726034.0,PodiumIR,94
1505996726638.0,Sound_R,65.23173173289193
1505996727403.0,Sound_C,61.96196261666348
1505996730653.0,Temperature_1,25.78
1505996730666.0,Humidity_2,58.91430635986382
1505996730667.0,Humidity_1,56.07794910604482
1505996730667.0,Temperature_2,23.55
1505996731990.0,Sound_L,63.142466031930084
1505996736035.0,Sound_P,117.51399064595054
1505996736038.0,PodiumIR,103
1505996736638.0,Sound_R,65.24391551710713
1505996737329.0,Temperature_1,25.78
1505996737332.0,Temperature_2,23.55
1505996737336.0,Humidity_1,56.07794910604482
1505996737340.0,Humidity_2,58.91430635986382
1505996737403.0,Sound_C,60.87806729012524
1505996741990.0,Sound_L,62.39502754427335
1505996743996.0,Temperature_1,25.78
1505996744004.0,Temperature_2,23.55
1505996744016.0,Humidity_1,56.07794910604482
1505996744017.0,Humidity_2,58.91430635986382
1505996746040.0,Sound_P,117.78897223432665
1505996746042.0,PodiumIR,79
1505996746638.0,Sound_R,63.16001870864074
1505996747403.0,Sound_C,57.82127058040751
1505996750662.0,Temperature_1,25.78
1505996750676.0,Temperature_2,23.55
1505996750679.0,Humidity_2,58.91430635986382
1505996750684.0,Humidity_1,56.07794910604482
1505996751990.0,Sound_L,61.492725871776805
1505996756044.0,Sound_P,117.81622447063441
1505996756046.0,PodiumIR,76
1505996756638.0,Sound_R,61.25061965149032
1505996757332.0,Temperature_1,25.78
1505996757348.0,Temperature_2,23.55
1505996757350.0,Humidity_2,58.91430635986382
1505996757359.0,Humidity_1,56.07794910604482
1505996757403.0,Sound_C,58.4309741487513
1505996761990.0,Sound_L,60.851102092534084
1505996764009.0,Temperature_1,25.78
1505996764023.0,Temperature_2,23.55
1505996764024.0,Humidity_1,56.07794910604482
1505996764025.0,Humidity_2,58.91430635986382
1505996766048.0,Sound_P,118.1398492438241
1505996766051.0,PodiumIR,90
1505996766638.0,Sound_R,63.1458273957197
1505996767403.0,Sound_C,61.5464224295807
1505996770678.0,Temperature_1,25.78
1505996770693.0,Temperature_2,23.55
1505996770693.0,Humidity_2,58.91430635986382
1505996770702.0,Humidity_1,56.07794910604482
1505996771990.0,Sound_L,60.622531566020285
1505996776052.0,Sound_P,118.3785414984758
1505996776055.0,PodiumIR,99
1505996776638.0,Sound_R,63.68793014301141
1505996777346.0,Temperature_1,25.78
1505996777364.0,Temperature_2,23.55
1505996777367.0,Humidity_2,58.91430635986382
1505996777377.0,Humidity_1,56.07794910604482
1505996777403.0,Sound_C,60.86907904595855
1505996781990.0,Sound_L,60.87698534091089
1505996784040.0,Temperature_1,25.78
1505996784044.0,Humidity_1,56.07794910604482
1505996784051.0,Temperature_2,23.55
1505996784057.0,Humidity_2,58.91430635986382
1505996786056.0,Sound_P,117.81622447063441
1505996786060.0,PodiumIR,106
1505996786638.0,Sound_R,63.329317131931056
1505996787403.0,Sound_C,59.15169865182012
1505996790707.0,Temperature_1,25.78
1505996790721.0,Humidity_1,56.07794910604482
1505996790721.0,Temperature_2,23.55
1505996790725.0,Humidity_2,58.91430635986382
1505996791990.0,Sound_L,60.060734726062805
1505996796062.0,Sound_P,117.65204401104197
1505996796064.0,PodiumIR,103
1505996796638.0,Sound_R,62.974968525409736
1505996797380.0,Temperature_1,25.78
1505996797384.0,Humidity_1,56.07794910604482
1505996797396.0,Temperature_2,23.55
1505996797399.0,Humidity_2,58.91430635986382
1505996797403.0,Sound_C,58.39177862519708
1505996801990.0,Sound_L,60.297447263459766
1505996804052.0,Temperature_1,25.78
1505996804061.0,Humidity_1,56.07794910604482
1505996804068.0,Temperature_2,23.55
1505996804073.0,Humidity_2,58.91430635986382
1505996806066.0,Sound_P,118.1931857965549
1505996806068.0,PodiumIR,110
1505996806638.0,Sound_R,61.62828736837588
1505996807403.0,Sound_C,59.077036080198184
1505996810730.0,Humidity_1,56.07794910604482
1505996810732.0,Temperature_1,25.78
1505996810737.0,Temperature_2,23.55
1505996810744.0,Humidity_2,58.91430635986382
1505996811990.0,Sound_L,59.77145254180948
1505996816070.0,Sound_P,117.73433478780012
1505996816073.0,PodiumIR,79
1505996816638.0,Sound_R,60.78381101105131
1505996817397.0,Temperature_1,25.78
1505996817403.0,Sound_C,59.2688218257933
1505996817406.0,Humidity_1,56.07794910604482
1505996817414.0,Humidity_2,58.91430635986382
1505996817416.0,Temperature_2,23.55
1505996821990.0,Sound_L,60.99794779948093
1505996824070.0,Temperature_1,25.78
1505996824071.0,Humidity_1,56.07794910604482
1505996824079.0,Temperature_2,23.55
1505996824085.0,Humidity_2,58.91430635986382
1505996826074.0,Sound_P,117.73433478780012
1505996826076.0,PodiumIR,99
1505996826638.0,Sound_R,61.354132131981125
1505996827403.0,Sound_C,58.986919898694985
1505996830746.0,Temperature_1,25.78
1505996830749.0,Humidity_1,56.07794910604482
1505996830752.0,Temperature_2,23.55
1505996830765.0,Humidity_2,58.91430635986382
1505996831990.0,Sound_L,60.60790549268812
1505996836078.0,Sound_P,117.81622447063441
1505996836080.0,PodiumIR,87
1505996836638.0,Sound_R,61.94696895621666
1505996837403.0,Sound_C,60.35998993300924
1505996837416.0,Humidity_1,56.07794910604482
1505996837420.0,Temperature_1,25.78
1505996837422.0,Temperature_2,23.55
1505996837436.0,Humidity_2,58.91430635986382
1505996841990.0,Sound_L,61.20975244992424
1505996844092.0,Temperature_1,25.78
1505996844096.0,Temperature_2,23.55
1505996844096.0,Humidity_1,56.07794910604482
1505996844104.0,Humidity_2,58.91430635986382
1505996846082.0,Sound_P,117.76167572141729
1505996846085.0,PodiumIR,76
1505996846638.0,Sound_R,61.23134147878992
1505996847403.0,Sound_C,59.839522511622135
1505996850758.0,Temperature_1,25.78
1505996850759.0,Humidity_1,56.07794910604482
1505996850770.0,Temperature_2,23.55
1505996850776.0,Humidity_2,58.91430635986382
1505996851990.0,Sound_L,60.440600857682824
1505996856086.0,Sound_P,117.40272533863349
1505996856089.0,PodiumIR,86
1505996856638.0,Sound_R,62.41849429708518
1505996857403.0,Sound_C,58.38853956627489
1505996857429.0,Temperature_1,25.78
1505996857440.0,Humidity_1,56.07794910604482
1505996857442.0,Temperature_2,23.55
1505996857451.0,Humidity_2,58.91430635986382
1505996861990.0,Sound_L,60.896876722771054
1505996864099.0,Temperature_1,25.78
1505996864112.0,Humidity_1,56.07794910604482
1505996864113.0,Temperature_2,23.55
1505996864126.0,Humidity_2,58.91430635986382
1505996866096.0,Sound_P,118.1931857965549
1505996866099.0,PodiumIR,84
1505996866638.0,Sound_R,65.15033380700777
1505996867403.0,Sound_C,59.82865531789489
1505996870773.0,Temperature_1,25.78
1505996870781.0,Humidity_1,56.07794910604482
1505996870789.0,Temperature_2,23.55
1505996870790.0,Humidity_2,58.91430635986382
1505996871990.0,Sound_L,60.73304281887147
1505996876101.0,Sound_P,117.78897223432665
1505996876103.0,PodiumIR,95
1505996876638.0,Sound_R,64.93307140673959
1505996877403.0,Sound_C,60.47929772500862
1505996877447.0,Humidity_1,56.07794910604482
1505996877447.0,Temperature_1,25.78
1505996877457.0,Temperature_2,23.55
1505996877468.0,Humidity_2,58.91430635986382
1505996881990.0,Sound_L,61.329249807562235
1505996884123.0,Humidity_1,56.07794910604482
1505996884124.0,Temperature_1,25.78
1505996884127.0,Temperature_2,23.55
1505996884138.0,Humidity_2,58.91430635986382
1505996886105.0,Sound_P,117.76167572141729
1505996886107.0,PodiumIR,98
1505996886638.0,Sound_R,62.65042185689769
1505996887403.0,Sound_C,60.622121802301244
1505996890795.0,Humidity_1,56.07794910604482
1505996890795.0,Temperature_1,25.78
1505996890802.0,Temperature_2,23.55
1505996890808.0,Humidity_2,58.91430635986382
1505996891990.0,Sound_L,61.4643400619734
1505996896109.0,Sound_P,117.84343257374664
1505996896112.0,PodiumIR,100
1505996896638.0,Sound_R,62.219546696325686
1505996897403.0,Sound_C,60.6214076893977
1505996897463.0,Humidity_1,56.07794910604482
1505996897464.0,Temperature_1,25.78
1505996897477.0,Humidity_2,58.91430635986382
1505996897479.0,Temperature_2,23.55
1505996901990.0,Sound_L,60.7559718516968
1505996904137.0,Humidity_1,56.07794910604482
1505996904138.0,Temperature_1,25.78
1505996904143.0,Temperature_2,23.55
1505996904152.0,Humidity_2,58.91430635986382
1505996906113.0,Sound_P,117.51399064595054
1505996906116.0,PodiumIR,99
1505996906638.0,Sound_R,61.96740206084397
1505996907403.0,Sound_C,60.001682135416836
1505996910807.0,Temperature_1,25.78
1505996910813.0,Humidity_1,56.07794910604482
1505996910816.0,Temperature_2,23.55
1505996910827.0,Humidity_2,58.91430635986382
1505996911990.0,Sound_L,61.07244428211865
1505996916117.0,Sound_P,117.73433478780012
1505996916120.0,PodiumIR,96
1505996916638.0,Sound_R,62.11014998989048
1505996917403.0,Sound_C,60.35302936311215
1505996917480.0,Temperature_1,25.78
1505996917484.0,Humidity_1,56.07794910604482
1505996917493.0,Temperature_2,23.55
1505996917499.0,Humidity_2,58.91430635986382
1505996921990.0,Sound_L,60.12762694659008
1505996924149.0,Temperature_1,25.78
1505996924152.0,Humidity_1,56.07794910604482
1505996924164.0,Temperature_2,23.55
1505996924169.0,Humidity_2,58.91430635986382
1505996926121.0,Sound_P,118.2993536063961
1505996926124.0,PodiumIR,78
1505996926638.0,Sound_R,61.535930552771504
1505996927403.0,Sound_C,59.11090106224636
1505996930822.0,Humidity_1,56.07794910604482
1505996930825.0,Temperature_1,25.78
1505996930839.0,Humidity_2,58.91430635986382
1505996930840.0,Temperature_2,23.55
1505996931990.0,Sound_L,60.48830758568002
1505996936125.0,Sound_P,117.70694928866428
1505996936128.0,PodiumIR,116
1505996936638.0,Sound_R,61.079563983321314
1505996937403.0,Sound_C,58.63782424392196
1505996937496.0,Humidity_1,56.07794910604482
1505996937500.0,Temperature_1,25.78
1505996937505.0,Temperature_2,23.55
1505996937512.0,Humidity_2,58.91430635986382
1505996941990.0,Sound_L,60.920787914555916
1505996944165.0,Humidity_1,56.07794910604482
1505996944170.0,Temperature_1,25.78
1505996944177.0,Temperature_2,23.55
1505996944182.0,Humidity_2,58.91430635986382
1505996946130.0,Sound_P,117.65204401104197
1505996946132.0,PodiumIR,94
1505996946638.0,Sound_R,63.57608910440751
1505996947403.0,Sound_C,60.844149596682065
1505996950839.0,Humidity_1,56.07794910604482
1505996950839.0,Temperature_1,25.78
1505996950848.0,Temperature_2,23.55
1505996950856.0,Humidity_2,58.91430635986382
1505996951990.0,Sound_L,61.693337962131906
1505996956134.0,Sound_P,117.84343257374664
1505996956137.0,PodiumIR,93
1505996956638.0,Sound_R,63.903231148459525
1505996957403.0,Sound_C,60.45658747679408
1505996957508.0,Humidity_1,56.07794910604482
1505996957517.0,Temperature_1,25.78
1505996957521.0,Temperature_2,23.55
1505996957521.0,Humidity_2,58.91430635986382
1505996961990.0,Sound_L,61.55010360388853
1505996964179.0,Humidity_1,56.07794910604482
1505996964185.0,Temperature_1,25.78
1505996964191.0,Temperature_2,23.55
1505996964194.0,Humidity_2,58.91430635986382
1505996966138.0,Sound_P,117.78897223432665
1505996966141.0,PodiumIR,102
1505996966638.0,Sound_R,62.054984682526964
1505996967403.0,Sound_C,58.614611951373284
1505996970851.0,Humidity_1,56.07794910604482
1505996970857.0,Temperature_1,25.78
1505996970862.0,Temperature_2,23.55
1505996970865.0,Humidity_2,58.91430635986382
1505996971990.0,Sound_L,60.210995858031694
1505996976143.0,Sound_P,118.3521869832679
1505996976145.0,PodiumIR,108
1505996976638.0,Sound_R,60.72438375321071
1505996977403.0,Sound_C,58.34108014384618
1505996977526.0,Humidity_1,56.07794910604482
1505996977527.0,Temperature_1,25.78
1505996977535.0,Temperature_2,23.55
1505996977542.0,Humidity_2,58.91430635986382
1505996981990.0,Sound_L,59.187135778980505
1505996984199.0,Humidity_1,56.07794910604482
1505996984203.0,Temperature_2,23.55
1505996984204.0,Temperature_1,25.78
1505996984208.0,Humidity_2,58.91430635986382
1505996986147.0,Sound_P,117.56934819191356
1505996986150.0,PodiumIR,88
1505996986638.0,Sound_R,61.31738232888777
1505996987403.0,Sound_C,58.64644678898184
1505996990868.0,Humidity_1,56.07794910604482
1505996990874.0,Temperature_2,23.55
1505996990875.0,Temperature_1,25.78
1505996990882.0,Humidity_2,58.91430635986382
1505996991990.0,Sound_L,58.9794836884024
1505996996151.0,Sound_P,117.76167572141729
1505996996153.0,PodiumIR,87
1505996996638.0,Sound_R,61.699548913549116
1505996997403.0,Sound_C,59.62672995302472
1505996997537.0,Humidity_1,56.07794910604482
1505996997544.0,Temperature_2,23.55
1505996997547.0,Temperature_1,25.78
1505996997547.0,Humidity_2,58.91430635986382
1505997001990.0,Sound_L,59.89124714237474
1505997004205.0,Humidity_1,56.07794910604482
1505997004213.0,Temperature_1,25.78
1505997004214.0,Temperature_2,23.55
1505997004223.0,Humidity_2,58.91430635986382
1505997006155.0,Sound_P,117.78897223432665
1505997006157.0,PodiumIR,88
1505997006638.0,Sound_R,61.89592823137346
1505997007403.0,Sound_C,60.19443933278445
1505997010883.0,Humidity_1,56.07794910604482
1505997010889.0,Temperature_2,23.55
1505997010889.0,Humidity_2,58.91430635986382
1505997010892.0,Temperature_1,25.78
1505997011990.0,Sound_L,59.73659061505933
1505997016165.0,Sound_P,117.59695871579397
1505997016167.0,PodiumIR,103
1505997016638.0,Sound_R,61.59040751363609
1505997017403.0,Sound_C,59.306112983923754
1505997017544.0,Humidity_1,56.07794910604482
1505997017560.0,Temperature_2,23.55
1505997017565.0,Temperature_1,25.78
1505997017569.0,Humidity_2,58.91430635986382
1505997021990.0,Sound_L,60.53328868433458
1505997024222.0,Humidity_1,56.07794910604482
1505997024229.0,Temperature_2,23.55
1505997024229.0,Temperature_1,25.78
1505997024235.0,Humidity_2,58.91430635986382
1505997026169.0,Sound_P,117.76167572141729
1505997026171.0,PodiumIR,72
1505997026638.0,Sound_R,61.20753096325688
1505997027403.0,Sound_C,58.248583830572805
1505997030892.0,Humidity_1,56.07794910604482
1505997030898.0,Temperature_2,23.55
1505997030902.0,Temperature_1,25.78
1505997030905.0,Humidity_2,58.91430635986382
1505997031990.0,Sound_L,60.3444990172878
1505997036173.0,Sound_P,117.76167572141729
1505997036175.0,PodiumIR,110
1505997036638.0,Sound_R,61.3799443900243
1505997037403.0,Sound_C,57.71185072675559
1505997037558.0,Humidity_1,56.07794910604482
1505997037566.0,Temperature_2,23.55
1505997037571.0,Temperature_1,25.78
1505997037575.0,Humidity_2,58.91430635986382
1505997041990.0,Sound_L,60.47495097594544
1505997044230.0,Humidity_1,56.07794910604482
1505997044237.0,Temperature_2,23.55
1505997044252.0,Temperature_1,25.78
1505997044253.0,Humidity_2,58.91430635986382
1505997046177.0,Sound_P,117.81622447063441
1505997046180.0,PodiumIR,105
1505997046638.0,Sound_R,61.86220045093311
1505997047403.0,Sound_C,58.84676017934175
1505997050920.0,Temperature_1,25.78
1505997050923.0,Humidity_1,56.07794910604482
1505997050930.0,Temperature_2,23.55
1505997050932.0,Humidity_2,58.91430635986382
1505997051990.0,Sound_L,59.68817046760054
1505997056181.0,Sound_P,117.78897223432665
1505997056184.0,PodiumIR,99
1505997056638.0,Sound_R,61.875461578689766
1505997057403.0,Sound_C,59.72867958794756
1505997057581.0,Temperature_1,25.78
1505997057587.0,Humidity_1,56.07794910604482
1505997057594.0,Temperature_2,23.55
1505997057600.0,Humidity_2,58.91430635986382
1505997061990.0,Sound_L,58.882171419346335
1505997064244.0,Temperature_1,25.78
1505997064249.0,Humidity_1,56.07794910604482
1505997064255.0,Humidity_2,58.91430635986382
1505997064261.0,Temperature_2,23.55
1505997066185.0,Sound_P,117.70694928866428
1505997066188.0,PodiumIR,109
1505997066638.0,Sound_R,61.205836291523674
1505997067403.0,Sound_C,59.70379083053518
1505997070913.0,Temperature_1,25.78
1505997070914.0,Humidity_1,56.07794910604482
1505997070921.0,Humidity_2,58.91430635986382
1505997070923.0,Temperature_2,23.55
1505997071990.0,Sound_L,59.62450167253814
1505997076190.0,Sound_P,118.3785414984758
1505997076192.0,PodiumIR,92
1505997076638.0,Sound_R,64.72859952632145
1505997077403.0,Sound_C,60.376510535421
1505997077571.0,Temperature_1,25.78
1505997077581.0,Humidity_1,56.07794910604482
1505997077581.0,Humidity_2,58.91430635986382
1505997077582.0,Temperature_2,23.55
1505997081990.0,Sound_L,60.211994077594845
1505997084237.0,Temperature_1,25.78
1505997084240.0,Humidity_1,56.07794910604482
1505997084240.0,Temperature_2,23.55
1505997084249.0,Humidity_2,58.91430635986382
1505997086194.0,Sound_P,117.37479349512601
1505997086196.0,PodiumIR,97
1505997086638.0,Sound_R,64.92573650613149
1505997087403.0,Sound_C,60.46063095843281
1505997090903.0,Temperature_1,25.78
1505997090907.0,Temperature_2,23.55
1505997090910.0,Humidity_1,56.07794910604482
1505997090915.0,Humidity_2,58.91430635986382
1505997091990.0,Sound_L,61.03714727195251
1505997096201.0,Sound_P,117.73433478780012
1505997096203.0,PodiumIR,100
1505997096638.0,Sound_R,61.26795139038658
1505997097403.0,Sound_C,59.54880876641355
1505997097565.0,Temperature_1,25.78
1505997097571.0,Temperature_2,23.55
1505997097576.0,Humidity_1,56.07794910604482
1505997097576.0,Humidity_2,58.91430635986382
1505997101990.0,Sound_L,61.335019931836996
1505997104233.0,Humidity_2,58.91430635986382
1505997104234.0,Temperature_2,23.55
1505997104235.0,Temperature_1,25.78
1505997104240.0,Humidity_1,56.07794910604482
1505997106205.0,Sound_P,118.32579106267738
1505997106208.0,PodiumIR,84
1505997106638.0,Sound_R,60.67739804234617
1505997107403.0,Sound_C,58.75912865177471
1505997110897.0,Temperature_1,25.78
1505997110897.0,Temperature_2,23.55
1505997110899.0,Humidity_2,58.91430635986382
1505997110902.0,Humidity_1,56.07794910604482
1505997111990.0,Sound_L,61.043000200386075
1505997116210.0,Sound_P,117.62452393936876
1505997116212.0,PodiumIR,95
1505997116638.0,Sound_R,60.18235687683441
1505997117403.0,Sound_C,58.92691882197204
1505997117558.0,Temperature_1,25.78
1505997117564.0,Humidity_2,58.91430635986382
1505997117565.0,Temperature_2,23.55
1505997117565.0,Humidity_1,56.07794910604482
1505997121990.0,Sound_L,60.865124507867606
1505997124222.0,Temperature_2,23.55
1505997124224.0,Humidity_2,58.91430635986382
1505997124227.0,Humidity_1,56.07794910604482
1505997124227.0,Temperature_1,25.78
1505997126214.0,Sound_P,117.43061082221344
1505997126216.0,PodiumIR,95
1505997126638.0,Sound_R,61.033730376813686
1505997127403.0,Sound_C,59.00759000364699
1505997130885.0,Humidity_2,58.91430635986382
1505997130887.0,Humidity_1,56.07794910604482
1505997130891.0,Temperature_2,23.55
1505997130893.0,Temperature_1,25.78
1505997131990.0,Sound_L,60.50489323381275
1505997136218.0,Sound_P,117.84343257374664
1505997136220.0,PodiumIR,106
1505997136638.0,Sound_R,61.19794194345095
1505997137403.0,Sound_C,58.75314184926933
1505997137544.0,Temperature_2,23.55
1505997137548.0,Humidity_2,58.91430635986382
1505997137548.0,Temperature_1,25.78
1505997137557.0,Humidity_1,56.07794910604482
1505997141990.0,Sound_L,59.74553551058187
1505997144209.0,Temperature_2,23.55
1505997144217.0,Humidity_2,58.91430635986382
1505997144220.0,Temperature_1,25.78
1505997144221.0,Humidity_1,56.07794910604482
1505997146222.0,Sound_P,117.81622447063441
1505997146224.0,PodiumIR,99
1505997146638.0,Sound_R,59.84524714615935
1505997147403.0,Sound_C,58.57284473784451
1505997150874.0,Humidity_2,58.91430635986382
1505997150879.0,Temperature_2,23.55
1505997150880.0,Temperature_1,25.78
1505997150887.0,Humidity_1,56.07794910604482
1505997151990.0,Sound_L,58.205356075218575
1505997156226.0,Sound_P,117.89771695053554
1505997156229.0,PodiumIR,100
1505997156638.0,Sound_R,60.07646610969089
1505997157403.0,Sound_C,58.641553670234096
1505997157535.0,Humidity_2,58.91430635986382
1505997157542.0,Temperature_2,23.55
1505997157546.0,Temperature_1,25.78
1505997157549.0,Humidity_1,56.07794910604482
1505997161990.0,Sound_L,57.974923142851125
1505997164199.0,Humidity_2,58.91430635986382
1505997164206.0,Temperature_2,23.55
1505997164212.0,Temperature_1,25.78
1505997164216.0,Humidity_1,56.07794910604482
1505997166230.0,Sound_P,117.73433478780012
1505997166233.0,PodiumIR,95
1505997166638.0,Sound_R,61.84368299055084
1505997167403.0,Sound_C,59.26288141163343
1505997170861.0,Humidity_2,58.91430635986382
1505997170863.0,Temperature_2,23.55
1505997170869.0,Temperature_1,25.78
1505997170871.0,Humidity_1,56.07794910604482
1505997171990.0,Sound_L,59.68884151271504
1505997176235.0,Sound_P,117.81622447063441
1505997176237.0,PodiumIR,97
1505997176638.0,Sound_R,62.71574994549842
1505997177403.0,Sound_C,61.03106181584074
1505997177528.0,Temperature_2,23.55
1505997177532.0,Humidity_2,58.91430635986382
1505997177537.0,Temperature_1,25.78
1505997177542.0,Humidity_1,56.07794910604482
1505997181990.0,Sound_L,61.26620862722443
1505997184200.0,Temperature_1,25.78
1505997184203.0,Humidity_1,56.07794910604482
1505997184209.0,Temperature_2,23.55
1505997184211.0,Humidity_2,58.91430635986382
1505997186240.0,Sound_P,117.45845009950281
1505997186243.0,PodiumIR,98
1505997186638.0,Sound_R,62.8647658468527
1505997187403.0,Sound_C,61.65629442512293
1505997190869.0,Temperature_1,25.78
1505997190871.0,Temperature_2,23.55
1505997190872.0,Humidity_1,56.07794910604482
1505997190875.0,Humidity_2,58.91430635986382
1505997191990.0,Sound_L,61.16995667108348
1505997196244.0,Sound_P,118.32579106267738
1505997196247.0,PodiumIR,105
1505997196638.0,Sound_R,63.43179165868196
1505997197403.0,Sound_C,60.967373727273234
1505997197529.0,Temperature_1,25.78
1505997197530.0,Temperature_2,23.55
1505997197536.0,Humidity_1,56.07794910604482
1505997197542.0,Humidity_2,58.91430635986382
1505997201990.0,Sound_L,61.078637695127085
1505997204187.0,Temperature_1,25.78
1505997204197.0,Humidity_1,56.07794910604482
1505997204200.0,Temperature_2,23.55
1505997204202.0,Humidity_2,58.91430635986382
1505997206249.0,Sound_P,117.78897223432665
1505997206251.0,PodiumIR,92
1505997206638.0,Sound_R,62.67767064354005
1505997207403.0,Sound_C,59.19218173545922
1505997210856.0,Temperature_1,25.78
1505997210863.0,Humidity_1,56.07794910604482
1505997210865.0,Temperature_2,23.55
1505997210869.0,Humidity_2,58.91430635986382
1505997211990.0,Sound_L,60.40557238160157
1505997216257.0,Sound_P,117.81622447063441
1505997216260.0,PodiumIR,124
1505997216638.0,Sound_R,61.39086588043782
1505997217403.0,Sound_C,56.96166185626196
1505997217524.0,Temperature_1,25.78
1505997217525.0,Humidity_1,56.07794910604482
1505997217529.0,Temperature_2,23.55
1505997217535.0,Humidity_2,58.91430635986382
1505997221990.0,Sound_L,60.13991616004973
1505997224184.0,Temperature_2,23.55
1505997224185.0,Temperature_1,25.78
1505997224185.0,Humidity_1,56.07794910604482
1505997224200.0,Humidity_2,58.91430635986382
1505997226264.0,Sound_P,118.16653868549709
1505997226266.0,PodiumIR,104
1505997226638.0,Sound_R,61.46982883560599
1505997227403.0,Sound_C,57.9149321015959
1505997230848.0,Temperature_2,23.55
1505997230849.0,Temperature_1,25.78
1505997230853.0,Humidity_1,56.07794910604482
1505997230864.0,Humidity_2,58.91430635986382
1505997231990.0,Sound_L,60.71695128313729
1505997236268.0,Sound_P,117.48624332337616
1505997236272.0,PodiumIR,82
1505997236638.0,Sound_R,64.35446525744022
1505997237403.0,Sound_C,60.85297473229719
1505997237508.0,Temperature_1,25.78
1505997237513.0,Humidity_1,56.07794910604482
1505997237518.0,Temperature_2,23.55
1505997237526.0,Humidity_2,58.91430635986382
1505997241990.0,Sound_L,62.05382307716295
1505997244175.0,Temperature_2,23.55
1505997244178.0,Humidity_1,56.07794910604482
1505997244179.0,Temperature_1,25.78
1505997244190.0,Humidity_2,58.91430635986382
1505997246274.0,Sound_P,117.78897223432665
1505997246277.0,PodiumIR,92
1505997246638.0,Sound_R,66.29166726977289
1505997247403.0,Sound_C,63.160467413556155
1505997250836.0,Temperature_1,25.78
1505997250837.0,Temperature_2,23.55
1505997250842.0,Humidity_1,56.07794910604482
1505997250849.0,Humidity_2,58.91430635986382
1505997251990.0,Sound_L,63.06328248141298
1505997256282.0,Sound_P,117.65204401104197
1505997256284.0,PodiumIR,103
1505997256638.0,Sound_R,65.6656412288429
1505997257403.0,Sound_C,63.65463420957912
1505997257500.0,Temperature_1,25.78
1505997257500.0,Temperature_2,23.55
1505997257504.0,Humidity_1,56.07794910604482
1505997257519.0,Humidity_2,58.91430635986382
1505997261990.0,Sound_L,63.30472875929111
1505997264164.0,Temperature_2,23.55
1505997264165.0,Temperature_1,25.78
1505997264171.0,Humidity_1,56.07794910604482
1505997264183.0,Humidity_2,58.91430635986382
1505997266289.0,Sound_P,117.78897223432665
1505997266291.0,PodiumIR,101
1505997266638.0,Sound_R,66.95046748166362
1505997267403.0,Sound_C,63.38961308452741
1505997270830.0,Temperature_2,23.55
1505997270830.0,Temperature_1,25.78
1505997270832.0,Humidity_1,56.07794910604482
1505997270848.0,Humidity_2,58.91430635986382
1505997271990.0,Sound_L,62.10564115879484
1505997276296.0,Sound_P,118.3785414984758
1505997276298.0,PodiumIR,103
1505997276638.0,Sound_R,67.2282581627859
1505997277403.0,Sound_C,64.52075632899273
1505997277493.0,Temperature_2,23.55
1505997277499.0,Temperature_1,25.78
1505997277502.0,Humidity_2,58.91430635986382
1505997277503.0,Humidity_1,56.07794910604482
1505997281990.0,Sound_L,63.03301019101636
1505997284149.0,Temperature_2,23.55
1505997284158.0,Humidity_1,56.07794910604482
1505997284163.0,Temperature_1,25.78
1505997284174.0,Humidity_2,58.91430635986382
1505997286313.0,Sound_P,117.76167572141729
1505997286316.0,PodiumIR,101
1505997286638.0,Sound_R,69.05060797353433
1505997287403.0,Sound_C,66.22986923239002
1505997290819.0,Temperature_1,25.78
1505997290819.0,Temperature_2,23.55
1505997290831.0,Humidity_1,56.07794910604482
1505997290836.0,Humidity_2,58.91430635986382
1505997291990.0,Sound_L,64.20166895781887
1505997296320.0,Sound_P,117.45845009950281
1505997296322.0,PodiumIR,99
1505997296638.0,Sound_R,71.07421728120764
1505997297403.0,Sound_C,68.7191692559125
1505997297478.0,Temperature_2,23.55
1505997297490.0,Temperature_1,25.78
1505997297492.0,Humidity_1,56.07794910604482
1505997297496.0,Humidity_2,58.91430635986382
1505997301990.0,Sound_L,66.22663570918853
1505997304147.0,Temperature_2,23.55
1505997304156.0,Temperature_1,25.78
1505997304158.0,Humidity_1,56.07794910604482
1505997304166.0,Humidity_2,58.91430635986382
1505997306324.0,Sound_P,117.59695871579397
1505997306326.0,PodiumIR,119
1505997306638.0,Sound_R,67.52695801489172
1505997307403.0,Sound_C,66.78837171523263
1505997310804.0,Temperature_2,23.55
1505997310820.0,Temperature_1,25.78
1505997310823.0,Humidity_1,56.07794910604482
1505997310825.0,Humidity_2,58.91430635986382
1505997311990.0,Sound_L,65.36334433615261
1505997316328.0,Sound_P,118.3521869832679
1505997316330.0,PodiumIR,94
1505997316638.0,Sound_R,65.368463873859
1505997317403.0,Sound_C,63.40219292946991
1505997317480.0,Temperature_1,25.78
1505997317483.0,Humidity_1,56.07794910604482
1505997317488.0,Temperature_2,23.55
1505997317491.0,Humidity_2,58.91430635986382
1505997321990.0,Sound_L,64.02842107433784
1505997324143.0,Temperature_1,25.78
1505997324147.0,Temperature_2,23.55
1505997324149.0,Humidity_1,56.07794910604482
1505997324153.0,Humidity_2,58.91430635986382
1505997326332.0,Sound_P,117.78897223432665
1505997326334.0,PodiumIR,96
1505997326638.0,Sound_R,66.31220453124429
1505997327403.0,Sound_C,63.366300318268394
1505997330810.0,Temperature_1,25.78
1505997330815.0,Humidity_1,56.07794910604482
1505997330816.0,Temperature_2,23.55
1505997330822.0,Humidity_2,58.91430635986382
1505997331990.0,Sound_L,63.60566094798393
1505997336337.0,Sound_P,117.54169221859063
1505997336340.0,PodiumIR,92
1505997336638.0,Sound_R,66.22090973157704
1505997337403.0,Sound_C,63.826815589859955
1505997337468.0,Temperature_1,25.78
1505997337480.0,Humidity_1,56.07794910604482
1505997337480.0,Temperature_2,23.55
1505997337482.0,Humidity_2,58.91430635986382
1505997341990.0,Sound_L,63.156979679764504
1505997344135.0,Temperature_1,25.78
1505997344140.0,Humidity_1,56.07794910604482
1505997344146.0,Temperature_2,23.55
1505997344149.0,Humidity_2,58.91430635986382
1505997346344.0,Sound_P,118.00576233897475
1505997346346.0,PodiumIR,101
1505997346638.0,Sound_R,65.20971421870166
1505997347403.0,Sound_C,63.690004931964005
1505997350804.0,Temperature_1,25.78
1505997350805.0,Humidity_1,56.07794910604482
1505997350812.0,Temperature_2,23.55
1505997350812.0,Humidity_2,58.91430635986382
1505997351990.0,Sound_L,63.250170986316675
1505997356348.0,Sound_P,117.78897223432665
1505997356350.0,PodiumIR,100
1505997356638.0,Sound_R,64.7054700950202
1505997357403.0,Sound_C,62.623305985107606
1505997357462.0,Temperature_1,25.78
1505997357470.0,Humidity_1,56.07794910604482
1505997357471.0,Humidity_2,58.91430635986382
1505997357476.0,Temperature_2,23.55
1505997361990.0,Sound_L,62.09619870950313
1505997364130.0,Temperature_1,25.78
1505997364131.0,Temperature_2,23.55
1505997364132.0,Humidity_1,56.07794910604482
1505997364141.0,Humidity_2,58.91430635986382
1505997366352.0,Sound_P,118.08634282917369
1505997366354.0,PodiumIR,122
1505997366638.0,Sound_R,64.73832056995305
1505997367403.0,Sound_C,63.58983960866396
1505997370789.0,Temperature_1,25.78
1505997370798.0,Humidity_1,56.07794910604482
1505997370801.0,Humidity_2,58.91430635986382
1505997370804.0,Temperature_2,23.55
1505997371990.0,Sound_L,62.609120825964695
1505997376356.0,Sound_P,117.67951907848958
1505997376358.0,PodiumIR,95
1505997376638.0,Sound_R,64.20966309393391
1505997377403.0,Sound_C,62.412531200169774
1505997377461.0,Temperature_2,23.55
1505997377461.0,Temperature_1,25.78
1505997377463.0,Humidity_1,56.07794910604482
1505997377467.0,Humidity_2,58.91430635986382
1505997381990.0,Sound_L,61.60666513236136
1505997384118.0,Humidity_1,56.07794910604482
1505997384119.0,Temperature_1,25.78
1505997384131.0,Temperature_2,23.55
1505997384135.0,Humidity_2,58.91430635986382
1505997386360.0,Sound_P,117.56934819191356
1505997386363.0,PodiumIR,105
1505997386638.0,Sound_R,63.432958142164715
1505997387403.0,Sound_C,61.405065816454375
1505997390782.0,Temperature_1,25.78
1505997390783.0,Humidity_1,56.07794910604482
1505997390794.0,Humidity_2,58.91430635986382
1505997390795.0,Temperature_2,23.55
1505997391990.0,Sound_L,62.159183562453094
1505997396366.0,Sound_P,117.67951907848958
1505997396368.0,PodiumIR,98
1505997396638.0,Sound_R,65.44970048402013
1505997397403.0,Sound_C,62.76228467258505
1505997397446.0,Temperature_1,25.78
1505997397451.0,Humidity_1,56.07794910604482
1505997397455.0,Humidity_2,58.91430635986382
1505997397458.0,Temperature_2,23.55
1505997401990.0,Sound_L,62.49376418197507
1505997404107.0,Temperature_1,25.78
1505997404110.0,Humidity_1,56.07794910604482
1505997404118.0,Humidity_2,58.91430635986382
1505997404125.0,Temperature_2,23.55
1505997406372.0,Sound_P,117.31879010993765
1505997406374.0,PodiumIR,100
1505997406638.0,Sound_R,66.43584637607991
1505997407403.0,Sound_C,63.23132883045334
1505997410774.0,Temperature_1,25.78
1505997410775.0,Humidity_1,56.07794910604482
1505997410782.0,Humidity_2,58.91430635986382
1505997410788.0,Temperature_2,23.55
1505997411990.0,Sound_L,63.367417701832565
1505997416377.0,Sound_P,117.81622447063441
1505997416380.0,PodiumIR,91
1505997416638.0,Sound_R,65.68191401007925
1505997417403.0,Sound_C,63.84152960084695
1505997417437.0,Temperature_1,25.78
1505997417443.0,Humidity_1,56.07794910604482
1505997417444.0,Temperature_2,23.55
1505997417453.0,Humidity_2,58.91430635986382
1505997421990.0,Sound_L,63.28709338935947
1505997424103.0,Humidity_1,56.07794910604482
1505997424104.0,Temperature_1,25.78
1505997424110.0,Temperature_2,23.55
1505997424119.0,Humidity_2,58.91430635986382
1505997426382.0,Sound_P,117.81622447063441
1505997426385.0,PodiumIR,60
1505997426638.0,Sound_R,64.6537048079642
1505997427403.0,Sound_C,64.54939285773888
1505997430766.0,Temperature_1,25.78
1505997430768.0,Humidity_1,56.07794910604482
1505997430771.0,Temperature_2,23.55
1505997430778.0,Humidity_2,58.91430635986382
1505997431990.0,Sound_L,63.29531503250445
1505997436387.0,Sound_P,117.84343257374664
1505997436389.0,PodiumIR,93
1505997436638.0,Sound_R,66.14248908579319
1505997437403.0,Sound_C,64.91007740527469
1505997437431.0,Humidity_1,56.07794910604482
1505997437432.0,Temperature_1,25.78
1505997437440.0,Temperature_2,23.55
1505997437445.0,Humidity_2,58.91430635986382
1505997441990.0,Sound_L,63.27903903975758
1505997444093.0,Temperature_1,25.78
1505997444095.0,Humidity_1,56.07794910604482
1505997444107.0,Humidity_2,58.91430635986382
1505997444108.0,Temperature_2,23.55
1505997446393.0,Sound_P,117.81622447063441
1505997446395.0,PodiumIR,107
1505997446638.0,Sound_R,69.49314949424102
1505997447403.0,Sound_C,66.44943294995012
1505997450760.0,Temperature_1,25.78
1505997450763.0,Humidity_1,56.07794910604482
1505997450768.0,Temperature_2,23.55
1505997450771.0,Humidity_2,58.91430635986382
1505997451990.0,Sound_L,63.50429820017844
1505997456400.0,Sound_P,117.70694928866428
1505997456402.0,PodiumIR,113
1505997456638.0,Sound_R,67.39887372893224
1505997457403.0,Sound_C,64.47247731303035
1505997457425.0,Temperature_1,25.78
1505997457430.0,Humidity_1,56.07794910604482
1505997457434.0,Humidity_2,58.91430635986382
1505997457434.0,Temperature_2,23.55
1505997461990.0,Sound_L,62.561293315086154
1505997464085.0,Temperature_1,25.78
1505997464086.0,Humidity_1,56.07794910604482
1505997464091.0,Temperature_2,23.55
1505997464102.0,Humidity_2,58.91430635986382
1505997466404.0,Sound_P,117.78897223432665
1505997466406.0,PodiumIR,85
1505997466638.0,Sound_R,65.59832217307222
1505997467403.0,Sound_C,62.8684571812773
1505997470751.0,Humidity_1,56.07794910604482
1505997470752.0,Temperature_1,25.78
1505997470765.0,Humidity_2,58.91430635986382
1505997470765.0,Temperature_2,23.55
1505997471990.0,Sound_L,63.01452571791386
1505997476408.0,Sound_P,117.78897223432665
1505997476411.0,PodiumIR,88
1505997476638.0,Sound_R,66.54908502384068
1505997477403.0,Sound_C,65.61393763056839
1505997477419.0,Humidity_1,56.07794910604482
1505997477419.0,Temperature_1,25.78
1505997477427.0,Humidity_2,58.91430635986382
1505997477427.0,Temperature_2,23.55
1505997481990.0,Sound_L,63.63282992485954
1505997484076.0,Temperature_1,25.78
1505997484086.0,Humidity_1,56.07794910604482
1505997484089.0,Humidity_2,58.91430635986382
1505997484092.0,Temperature_2,23.55
1505997486417.0,Sound_P,118.24635356244428
1505997486419.0,PodiumIR,92
1505997486638.0,Sound_R,66.12358022561787
1505997487403.0,Sound_C,65.71541087157617
1505997490745.0,Humidity_1,56.07794910604482
1505997490747.0,Temperature_2,23.55
1505997490748.0,Temperature_1,25.78
1505997490759.0,Humidity_2,58.91430635986382
1505997491990.0,Sound_L,63.71539823641194
1505997496423.0,Sound_P,117.76167572141729
1505997496425.0,PodiumIR,78
1505997496638.0,Sound_R,66.32484389762811
1505997497403.0,Sound_C,64.471581156178
1505997497403.0,Temperature_1,25.78
1505997497406.0,Humidity_1,56.07794910604482
1505997497413.0,Temperature_2,23.55
1505997497424.0,Humidity_2,58.91430635986382
1505997501990.0,Sound_L,63.42167598992758
1505997504067.0,Temperature_1,25.78
1505997504070.0,Humidity_1,56.07794910604482
1505997504085.0,Temperature_2,23.55
1505997504088.0,Humidity_2,58.91430635986382
1505997506431.0,Sound_P,117.81622447063441
1505997506434.0,PodiumIR,100
1505997506638.0,Sound_R,67.76628320294684
1505997507403.0,Sound_C,66.4501663139011
1505997510732.0,Temperature_1,25.78
1505997510743.0,Humidity_1,56.07794910604482
1505997510747.0,Temperature_2,23.55
1505997510747.0,Humidity_2,58.91430635986382
1505997511990.0,Sound_L,63.608324933841956
1505997516440.0,Sound_P,117.76167572141729
1505997516452.0,PodiumIR,103
1505997516638.0,Sound_R,68.3250204015605
1505997517397.0,Temperature_1,25.78
1505997517403.0,Temperature_2,23.55
1505997517403.0,Sound_C,67.1866652223399
1505997517406.0,Humidity_1,56.07794910604482
1505997517411.0,Humidity_2,58.91430635986382
1505997521990.0,Sound_L,65.84231520652791
1505997524059.0,Temperature_1,25.78
1505997524071.0,Humidity_1,56.07794910604482
1505997524072.0,Temperature_2,23.55
1505997524076.0,Humidity_2,58.91430635986382
1505997526454.0,Sound_P,117.65204401104197
1505997526457.0,PodiumIR,104
1505997526638.0,Sound_R,67.42987666585304
1505997527403.0,Sound_C,64.55889018520115
1505997530731.0,Temperature_2,23.55
1505997530731.0,Humidity_1,56.07794910604482
1505997530732.0,Temperature_1,25.78
1505997530740.0,Humidity_2,58.91430635986382
1505997531990.0,Sound_L,65.31500405728283
1505997536463.0,Sound_P,117.70694928866428
1505997536465.0,PodiumIR,109
1505997536638.0,Sound_R,64.91881355822805
1505997537391.0,Temperature_1,25.78
1505997537398.0,Humidity_1,56.07794910604482
1505997537400.0,Temperature_2,23.55
1505997537402.0,Humidity_2,58.91430635986382
1505997537403.0,Sound_C,61.64483708634442
1505997541990.0,Sound_L,63.75250278013425
1505997544059.0,Temperature_1,25.78
1505997544063.0,Humidity_1,56.07794910604482
1505997544063.0,Temperature_2,23.55
1505997544068.0,Humidity_2,58.91430635986382
1505997546467.0,Sound_P,117.73433478780012
1505997546470.0,PodiumIR,88
1505997546638.0,Sound_R,63.56908271408823
1505997547403.0,Sound_C,61.43193137260081
1505997550721.0,Humidity_1,56.07794910604482
1505997550722.0,Temperature_1,25.78
1505997550730.0,Temperature_2,23.55
1505997550733.0,Humidity_2,58.91430635986382
1505997551990.0,Sound_L,62.82043056871116
1505997556472.0,Sound_P,118.32579106267738
1505997556474.0,PodiumIR,100
1505997556638.0,Sound_R,64.53190244750834
1505997557385.0,Humidity_1,56.07794910604482
1505997557388.0,Temperature_1,25.78
1505997557394.0,Temperature_2,23.55
1505997557394.0,Humidity_2,58.91430635986382
1505997557403.0,Sound_C,63.05801690164193
1505997561990.0,Sound_L,62.926678804545105
1505997564044.0,Temperature_1,25.78
1505997564052.0,Humidity_1,56.07794910604482
1505997564055.0,Humidity_2,58.91430635986382
1505997564057.0,Temperature_2,23.55
1505997566476.0,Sound_P,117.81622447063441
1505997566478.0,PodiumIR,103
1505997566638.0,Sound_R,63.48926310418165
1505997567403.0,Sound_C,62.52171186412401
1505997570708.0,Temperature_1,25.78
1505997570716.0,Temperature_2,23.55
1505997570716.0,Humidity_1,56.07794910604482
1505997570719.0,Humidity_2,58.91430635986382
1505997571990.0,Sound_L,63.21719132898971
1505997576480.0,Sound_P,118.1931857965549
1505997576483.0,PodiumIR,82
1505997576638.0,Sound_R,64.78595278557428
1505997577373.0,Temperature_1,25.78
1505997577374.0,Humidity_1,56.07794910604482
1505997577385.0,Humidity_2,58.91430635986382
1505997577389.0,Temperature_2,23.55
1505997577403.0,Sound_C,63.8644054880884
1505997584040.0,Temperature_1,25.78
1505997584045.0,Humidity_1,56.07794910604482
1505997584053.0,Temperature_2,23.55
1505997584057.0,Humidity_2,58.91430635986382
1505997586486.0,Sound_P,117.65204401104197
1505997586489.0,PodiumIR,74
1505997587051.0,Light_2,Off
