timestamp,sensor_name,value
1512451740518,Temperature_1,24.49
1512451740521,Humidity_1,11.5594722091468
1512451740525,Brightness_1,6
1512451740528,Temperature_2,24.25
1512451740531,Humidity_2,11.1895125673443
1512451740535,Brightness_2,42
1512451743345,Sound_P,68.6168235401983
1512451743349,PodiumIR,130
1512451746974,Temperature_1,24.49
1512451746977,Humidity_1,11.5594722091468
1512451746981,Brightness_1,6
1512451746984,Temperature_2,24.25
1512451746987,Humidity_2,11.1895125673443
1512451746990,Brightness_2,42
1512451747000,Light_1,On
1512451747000,Light_2,On
1512451747000,Light_3,On
1512451753351,Sound_P,58.4331359044134
1512451753355,PodiumIR,116
1512451753383,Temperature_1,24.49
1512451753387,Humidity_1,11.5594722091468
1512451753391,Brightness_1,6
1512451753394,Temperature_2,24.25
1512451753397,Humidity_2,11.1895125673443
1512451753401,Brightness_2,42
1512451760081,Temperature_1,24.49
1512451760084,Humidity_1,11.5594722091468
1512451760088,Brightness_1,6
1512451760091,Temperature_2,24.25
1512451760094,Humidity_2,11.1895125673443
1512451760099,Brightness_2,42
1512451763357,Sound_P,67.0155172093058
1512451763361,PodiumIR,152
1512451766558,Temperature_1,24.49
1512451766561,Humidity_1,11.5594722091468
1512451766566,Brightness_1,6
1512451766569,Temperature_2,24.25
1512451766573,Humidity_2,11.1895125673443
1512451766576,Brightness_2,42
1512451767260,Door,activate
1512451767467,Door,activate
1512451772984,Temperature_1,24.49
1512451772987,Humidity_1,11.5594722091468
1512451772991,Brightness_1,6
1512451772994,Temperature_2,24.25
1512451772997,Humidity_2,11.1895125673443
1512451773001,Brightness_2,42
1512451773363,Sound_P,59.3415192889753
1512451773367,PodiumIR,194
1512451779441,Temperature_1,24.49
1512451779445,Humidity_1,11.5594722091468
1512451779449,Brightness_1,6
1512451779452,Temperature_2,24.25
1512451779455,Humidity_2,11.1895125673443
1512451779459,Brightness_2,42
1512451783374,Sound_P,84.9037223015156
1512451783378,PodiumIR,157
1512451786092,Temperature_1,24.49
1512451786095,Humidity_1,11.5594722091468
1512451786099,Brightness_1,6
1512451786102,Temperature_2,24.25
1512451786105,Humidity_2,11.1895125673443
1512451786109,Brightness_2,42
1512451792519,Temperature_1,24.49
1512451792522,Humidity_1,11.5594722091468
1512451792524,Brightness_1,6
1512451792527,Temperature_2,24.25
1512451792531,Humidity_2,11.1895125673443
1512451792534,Brightness_2,42
1512451793384,Sound_P,65.8563679754536
1512451793387,PodiumIR,186
1512451798933,Temperature_1,24.49
1512451798937,Humidity_1,11.5594722091468
1512451798941,Brightness_1,6
1512451798944,Temperature_2,24.25
1512451798947,Humidity_2,11.1895125673443
1512451798950,Brightness_2,33
1512451803394,Sound_P,61.0230214761912
1512451803398,PodiumIR,150
1512451805084,Door,activate
1512451805655,Temperature_1,24.49
1512451805658,Humidity_1,11.5594722091468
1512451805663,Brightness_1,6
1512451805665,Temperature_2,24.25
1512451805668,Humidity_2,11.1895125673443
1512451805672,Brightness_2,33
1512451812076,Door,activate
1512451812101,Temperature_1,24.49
1512451812104,Humidity_1,11.5594722091468
1512451812108,Brightness_1,6
1512451812111,Temperature_2,24.25
1512451812114,Humidity_2,11.1895125673443
1512451812117,Brightness_2,33
1512451813401,Sound_P,65.2453551857387
1512451813404,PodiumIR,156
1512451813860,Door,activate
1512451818498,Temperature_1,24.49
1512451818501,Humidity_1,11.5594722091468
1512451818505,Brightness_1,6
1512451818508,Temperature_2,24.25
1512451818511,Humidity_2,11.1895125673443
1512451818515,Brightness_2,33
1512451823411,Sound_P,70.987085069563
1512451823414,PodiumIR,137
1512451824919,Temperature_1,24.49
1512451824922,Humidity_1,11.5594722091468
1512451824926,Brightness_1,6
1512451824929,Temperature_2,24.25
1512451824932,Humidity_2,11.1895125673443
1512451824934,Brightness_2,33
1512451831455,Temperature_1,24.49
1512451831458,Humidity_1,11.5594722091468
1512451831462,Brightness_1,6
1512451831465,Temperature_2,24.25
1512451831469,Humidity_2,11.1895125673443
1512451831472,Brightness_2,33
1512451833421,Sound_P,63.9523327336106
1512451833424,PodiumIR,143
1512451838112,Temperature_1,24.49
1512451838116,Humidity_1,11.6827920897476
1512451838120,Brightness_1,4
1512451838123,Temperature_2,24.25
1512451838127,Humidity_2,11.1895125673443
1512451838131,Brightness_2,33
1512451843431,Sound_P,78.9387917919758
1512451843434,PodiumIR,168
1512451844524,Temperature_1,24.49
1512451844527,Humidity_1,11.6827920897476
1512451844529,Brightness_1,4
1512451844531,Temperature_2,24.25
1512451844533,Humidity_2,11.1895125673443
1512451844535,Brightness_2,33
1512451851219,Temperature_1,24.49
1512451851221,Humidity_1,11.6827920897476
1512451851223,Brightness_1,4
1512451851226,Temperature_2,24.25
1512451851229,Humidity_2,11.1895125673443
1512451851231,Brightness_2,33
1512451853441,Sound_P,69.6054027810836
1512451853444,PodiumIR,187
1512451857977,Temperature_1,24.49
1512451857983,Humidity_1,11.6827920897476
1512451857985,Brightness_1,4
1512451857993,Temperature_2,24.25
1512451857996,Humidity_2,11.1895125673443
1512451858004,Brightness_2,33
1512451863451,Sound_P,58.4331359044134
1512451863454,PodiumIR,182
1512451864485,Temperature_1,24.49
1512451864496,Humidity_1,11.6827920897476
1512451864500,Brightness_1,4
1512451864508,Temperature_2,24.25
1512451864510,Humidity_2,11.3128324479452
1512451864518,Brightness_2,34
1512451871187,Temperature_1,24.49
1512451871193,Humidity_1,11.6827920897476
1512451871196,Brightness_1,4
1512451871203,Temperature_2,24.25
1512451871206,Humidity_2,11.3128324479452
1512451871213,Brightness_2,34
1512451873462,Sound_P,63.2664824036758
1512451873465,PodiumIR,161
1512451877843,Temperature_1,24.49
1512451877849,Humidity_1,11.6827920897476
1512451877852,Brightness_1,4
1512451877858,Temperature_2,24.25
1512451877861,Humidity_2,11.3128324479452
1512451877868,Brightness_2,34
1512451883472,Sound_P,56.4542631223505
1512451883475,PodiumIR,158
1512451884295,Temperature_1,24.49
1512451884301,Humidity_1,11.6827920897476
1512451884304,Brightness_1,4
1512451884308,Temperature_2,24.25
1512451884310,Humidity_2,11.3128324479452
1512451884317,Brightness_2,34
1512451890741,Temperature_1,24.49
1512451890744,Humidity_1,11.6827920897476
1512451890746,Brightness_1,4
1512451890748,Temperature_2,24.25
1512451890750,Humidity_2,11.3128324479452
1512451890752,Brightness_2,34
1512451893478,Sound_P,57.4728173934884
1512451893481,PodiumIR,169
1512451897402,Temperature_1,24.49
1512451897407,Humidity_1,11.6827920897476
1512451897410,Brightness_1,6
1512451897418,Temperature_2,24.25
1512451897422,Humidity_2,11.3128324479452
1512451897427,Brightness_2,34
1512451903484,Sound_P,57.4728173934884
1512451903487,PodiumIR,167
1512451903960,Temperature_1,24.49
1512451903966,Humidity_1,11.6827920897476
1512451903969,Brightness_1,6
1512451903978,Temperature_2,24.25
1512451903981,Humidity_2,11.3128324479452
1512451903989,Brightness_2,34
1512451910484,Temperature_1,24.49
1512451910495,Humidity_1,11.6827920897476
1512451910499,Brightness_1,6
1512451910502,Temperature_2,24.25
1512451910509,Humidity_2,11.3128324479452
1512451910512,Brightness_2,34
1512451913490,Sound_P,70.5390318503356
1512451913493,PodiumIR,187
1512451917277,Temperature_1,24.49
1512451917283,Humidity_1,11.6827920897476
1512451917286,Brightness_1,6
1512451917294,Temperature_2,24.25
1512451917298,Humidity_2,11.3128324479452
1512451917305,Brightness_2,34
1512451923496,Sound_P,62.5514383218256
1512451923500,PodiumIR,153
1512451923826,Temperature_1,24.49
1512451923832,Humidity_1,11.6827920897476
1512451923835,Brightness_1,6
1512451923842,Temperature_2,24.25
1512451923845,Humidity_2,11.3128324479452
1512451923848,Brightness_2,34
1512451930479,Temperature_1,24.49
1512451930485,Humidity_1,11.6827920897476
1512451930499,Brightness_1,6
1512451930502,Temperature_2,24.25
1512451930505,Humidity_2,11.1895125673443
1512451930508,Brightness_2,47
1512451931972,Door,activate
1512451932596,Door,activate
1512451933505,Sound_P,58.4331359044134
1512451933509,PodiumIR,173
1512451936929,Temperature_1,24.49
1512451936935,Humidity_1,11.6827920897476
1512451936938,Brightness_1,6
1512451936940,Temperature_2,24.25
1512451936949,Humidity_2,11.1895125673443
1512451936952,Brightness_2,47
1512451943492,Temperature_1,24.49
1512451943499,Humidity_1,11.6827920897476
1512451943502,Brightness_1,6
1512451943504,Temperature_2,24.25
1512451943512,Humidity_2,11.1895125673443
1512451943515,Sound_P,59.3415192889753
1512451943520,PodiumIR,176
1512451943531,Brightness_2,47
1512451950241,Temperature_1,24.49
1512451950246,Humidity_1,11.6827920897476
1512451950249,Brightness_1,6
1512451950251,Temperature_2,24.25
1512451950257,Humidity_2,11.1895125673443
1512451950260,Brightness_2,47
1512451953524,Sound_P,61.0230214761912
1512451953527,PodiumIR,170
1512451957015,Temperature_1,24.49
1512451957021,Humidity_1,11.6827920897476
1512451957024,Brightness_1,6
1512451957027,Temperature_2,24.25
1512451957031,Humidity_2,11.1895125673443
1512451957034,Brightness_2,47
1512451963451,Temperature_1,24.49
1512451963457,Humidity_1,11.6827920897476
1512451963460,Brightness_1,6
1512451963462,Temperature_2,24.25
1512451963467,Humidity_2,11.1895125673443
1512451963470,Brightness_2,47
1512451963532,Sound_P,60.2032979279805
1512451963535,PodiumIR,171
1512451970107,Temperature_1,24.49
1512451970112,Humidity_1,11.6827920897476
1512451970115,Brightness_1,6
1512451970117,Temperature_2,24.25
1512451970121,Humidity_2,11.1895125673443
1512451970124,Brightness_2,47
1512451973540,Sound_P,55.3699514287182
1512451973544,PodiumIR,165
1512451976569,Temperature_1,24.49
1512451976572,Humidity_1,11.6827920897476
1512451976575,Brightness_1,6
1512451976578,Temperature_2,24.25
1512451976580,Humidity_2,11.1895125673443
1512451976583,Brightness_2,47
1512451983112,Temperature_1,24.49
1512451983115,Humidity_1,11.6827920897476
1512451983118,Brightness_1,6
1512451983120,Temperature_2,24.25
1512451983122,Humidity_2,11.1895125673443
1512451983125,Brightness_2,47
1512451983552,Sound_P,58.4331359044134
1512451983555,PodiumIR,161
1512451989563,Temperature_1,24.49
1512451989566,Humidity_1,11.6827920897476
1512451989570,Brightness_1,6
1512451989572,Temperature_2,24.25
1512451989574,Humidity_2,11.3128324479452
1512451989578,Brightness_2,45
1512451993565,Sound_P,74.5583298563306
1512451993568,PodiumIR,160
1512451996000,Projector,On
1512451996219,Temperature_1,24.49
1512451996222,Humidity_1,11.6827920897476
1512451996225,Brightness_1,6
1512451996228,Temperature_2,24.25
1512451996230,Humidity_2,11.3128324479452
1512451996233,Brightness_2,45
1512452002657,Temperature_1,24.49
1512452002660,Humidity_1,11.6827920897476
1512452002663,Brightness_1,6
1512452002666,Temperature_2,24.25
1512452002668,Humidity_2,11.3128324479452
1512452002671,Brightness_2,45
1512452003579,Sound_P,70.0787016850011
1512452003582,PodiumIR,164
1512452009327,Temperature_1,24.49
1512452009330,Humidity_1,11.6827920897476
1512452009333,Brightness_1,6
1512452009335,Temperature_2,24.25
1512452009338,Humidity_2,11.3128324479452
1512452009341,Brightness_2,45
1512452013593,Sound_P,63.9523327336106
1512452013597,PodiumIR,164
1512452015983,Temperature_1,24.49
1512452015986,Humidity_1,11.6827920897476
1512452015989,Brightness_1,6
1512452015991,Temperature_2,24.25
1512452015994,Humidity_2,11.3128324479452
1512452015997,Brightness_2,45
1512452022438,Temperature_1,24.49
1512452022444,Humidity_1,11.6827920897476
1512452022447,Brightness_1,5
1512452022455,Temperature_2,24.25
1512452022457,Humidity_2,11.3128324479452
1512452022460,Brightness_2,45
1512452023605,Sound_P,62.5514383218256
1512452023608,PodiumIR,166
1512452028850,Temperature_1,24.49
1512452028856,Humidity_1,11.6827920897476
1512452028859,Brightness_1,5
1512452028861,Temperature_2,24.25
1512452028870,Humidity_2,11.3128324479452
1512452028872,Brightness_2,45
1512452033614,Sound_P,62.5514383218256
1512452033619,PodiumIR,167
1512452035542,Temperature_1,24.49
1512452035548,Humidity_1,11.6827920897476
1512452035550,Brightness_1,5
1512452035553,Temperature_2,24.25
1512452035560,Humidity_2,11.3128324479452
1512452035568,Brightness_2,45
1512452041994,Temperature_1,24.49
1512452042000,Humidity_1,11.6827920897476
1512452042003,Brightness_1,5
1512452042005,Temperature_2,24.25
1512452042012,Humidity_2,11.3128324479452
1512452042015,Brightness_2,45
1512452043625,Sound_P,66.4459372396027
1512452043628,PodiumIR,166
1512452048479,Temperature_1,24.49
1512452048486,Humidity_1,11.6827920897476
1512452048491,Brightness_1,5
1512452048501,Temperature_2,24.25
1512452048503,Humidity_2,11.3128324479452
1512452048511,Brightness_2,45
1512452053631,Sound_P,62.5514383218256
1512452053646,PodiumIR,160
1512452054897,Temperature_1,24.49
1512452054903,Humidity_1,11.6827920897476
1512452054906,Brightness_1,5
1512452054914,Temperature_2,24.25
1512452054917,Humidity_2,11.1895125673443
1512452054925,Brightness_2,39
1512452061552,Temperature_1,24.49
1512452061555,Humidity_1,11.6827920897476
1512452061558,Brightness_1,5
1512452061560,Temperature_2,24.25
1512452061562,Humidity_2,11.1895125673443
1512452061568,Brightness_2,39
1512452063649,Sound_P,64.6112799352989
1512452063652,PodiumIR,175
1512452068003,Temperature_1,24.49
1512452068009,Humidity_1,11.6827920897476
1512452068011,Brightness_1,5
1512452068014,Temperature_2,24.25
1512452068021,Humidity_2,11.1895125673443
1512452068023,Brightness_2,39
1512452073654,Sound_P,60.2032979279805
1512452073658,PodiumIR,164
1512452077424,Temperature_1,24.49
1512452077430,Humidity_1,11.6827920897476
1512452077433,Brightness_1,5
1512452077435,Temperature_2,24.25
1512452077443,Humidity_2,11.1895125673443
1512452077446,Brightness_2,39
1512452083661,Sound_P,60.2032979279805
1512452083664,PodiumIR,148
1512452084183,Temperature_1,24.49
1512452084189,Humidity_1,11.6827920897476
1512452084191,Brightness_1,5
1512452084193,Temperature_2,24.25
1512452084201,Humidity_2,11.1895125673443
1512452084203,Brightness_2,39
1512452090608,Temperature_1,24.49
1512452090614,Humidity_1,11.6827920897476
1512452090617,Brightness_1,4
1512452090620,Temperature_2,24.25
1512452090627,Humidity_2,11.1895125673443
1512452090634,Brightness_2,39
1512452093666,Sound_P,61.804604258873
1512452093669,PodiumIR,152
1512452097291,Temperature_1,24.49
1512452097297,Humidity_1,11.6827920897476
1512452097300,Brightness_1,4
1512452097302,Temperature_2,24.25
1512452097310,Humidity_2,11.1895125673443
1512452097312,Brightness_2,39
1512452103671,Sound_P,73.4501700394606
1512452103674,PodiumIR,165
1512452103699,Temperature_1,24.49
1512452103704,Humidity_1,11.6827920897476
1512452103717,Brightness_1,4
1512452103723,Temperature_2,24.25
1512452103726,Humidity_2,11.1895125673443
1512452103729,Brightness_2,39
1512452110399,Temperature_1,24.49
1512452110405,Humidity_1,11.6827920897476
1512452110408,Brightness_1,4
1512452110410,Temperature_2,24.25
1512452110419,Humidity_2,11.1895125673443
1512452110421,Brightness_2,39
1512452113676,Sound_P,79.4808065381041
1512452113679,PodiumIR,158
1512452116886,Temperature_1,24.49
1512452116892,Humidity_1,11.6827920897476
1512452116894,Brightness_1,4
1512452116897,Temperature_2,24.37
1512452116899,Humidity_2,11.1895125673443
1512452116907,Brightness_2,46
1512452123403,Temperature_1,24.49
1512452123410,Humidity_1,11.6827920897476
1512452123412,Brightness_1,4
1512452123415,Temperature_2,24.37
1512452123421,Humidity_2,11.1895125673443
1512452123423,Brightness_2,46
1512452123682,Sound_P,68.6168235401983
1512452123685,PodiumIR,151
1512452129854,Temperature_1,24.49
1512452129860,Humidity_1,11.6827920897476
1512452129864,Brightness_1,4
1512452129866,Temperature_2,24.37
1512452129874,Humidity_2,11.1895125673443
1512452129877,Brightness_2,46
1512452133691,Sound_P,65.2453551857387
1512452133693,PodiumIR,138
1512452136279,Temperature_1,24.49
1512452136284,Humidity_1,11.6827920897476
1512452136287,Brightness_1,4
1512452136289,Temperature_2,24.37
1512452136297,Humidity_2,11.1895125673443
1512452136304,Brightness_2,46
1512452142695,Temperature_1,24.49
1512452142702,Humidity_1,11.6827920897476
1512452142705,Brightness_1,4
1512452142707,Temperature_2,24.37
1512452142710,Humidity_2,11.1895125673443
1512452142718,Brightness_2,46
1512452143695,Sound_P,63.9523327336106
1512452143699,PodiumIR,145
1512452149311,Temperature_1,24.49
1512452149316,Humidity_1,11.6827920897476
1512452149320,Brightness_1,6
1512452149322,Temperature_2,24.37
1512452149326,Humidity_2,11.1895125673443
1512452149329,Brightness_2,46
1512452153702,Sound_P,75.5978985141982
1512452153704,PodiumIR,140
1512452155761,Temperature_1,24.49
1512452155764,Humidity_1,11.6827920897476
1512452155765,Brightness_1,6
1512452155768,Temperature_2,24.37
1512452155771,Humidity_2,11.1895125673443
1512452155773,Brightness_2,46
1512452162418,Temperature_1,24.49
1512452162422,Humidity_1,11.6827920897476
1512452162425,Brightness_1,6
1512452162428,Temperature_2,24.37
1512452162431,Humidity_2,11.1895125673443
1512452162434,Brightness_2,46
1512452163707,Sound_P,68.6168235401983
1512452163710,PodiumIR,155
1512452168828,Temperature_1,24.49
1512452168831,Humidity_1,11.6827920897476
1512452168835,Brightness_1,6
1512452168838,Temperature_2,24.37
1512452168840,Humidity_2,11.1895125673443
1512452168843,Brightness_2,46
1512452173712,Sound_P,68.6168235401983
1512452173716,PodiumIR,164
1512452175525,Temperature_1,24.49
1512452175528,Humidity_1,11.6827920897476
1512452175532,Brightness_1,6
1512452175534,Temperature_2,24.37
1512452175537,Humidity_2,11.1895125673443
1512452175541,Brightness_2,46
1512452182484,Temperature_1,24.49
1512452182488,Humidity_1,11.6827920897476
1512452182494,Brightness_1,6
1512452182497,Temperature_2,24.37
1512452182501,Humidity_2,11.1895125673443
1512452182504,Brightness_2,42
1512452183719,Sound_P,68.6168235401983
1512452183724,PodiumIR,154
1512452189150,Temperature_1,24.49
1512452189153,Humidity_1,11.6827920897476
1512452189157,Brightness_1,6
1512452189160,Temperature_2,24.37
1512452189163,Humidity_2,11.1895125673443
1512452189167,Brightness_2,42
1512452193730,Sound_P,63.2664824036758
1512452193733,PodiumIR,153
1512452195570,Temperature_1,24.49
1512452195574,Humidity_1,11.6827920897476
1512452195578,Brightness_1,6
1512452195581,Temperature_2,24.37
1512452195583,Humidity_2,11.1895125673443
1512452195587,Brightness_2,42
1512452202252,Temperature_1,24.49
1512452202255,Humidity_1,11.6827920897476
1512452202259,Brightness_1,6
1512452202262,Temperature_2,24.37
1512452202264,Humidity_2,11.1895125673443
1512452202268,Brightness_2,42
1512452203736,Sound_P,65.8563679754536
1512452203739,PodiumIR,149
1512452208656,Temperature_1,24.49
1512452208659,Humidity_1,11.6827920897476
1512452208663,Brightness_1,6
1512452208665,Temperature_2,24.37
1512452208669,Humidity_2,11.1895125673443
1512452208672,Brightness_2,42
1512452213741,Sound_P,79.2119848031425
1512452213747,PodiumIR,142
1512452215359,Temperature_1,24.49
1512452215362,Humidity_1,11.6827920897476
1512452215365,Brightness_1,5
1512452215368,Temperature_2,24.37
1512452215371,Humidity_2,11.1895125673443
1512452215374,Brightness_2,42
1512452221817,Temperature_1,24.49
1512452221820,Humidity_1,11.6827920897476
1512452221824,Brightness_1,5
1512452221827,Temperature_2,24.37
1512452221830,Humidity_2,11.1895125673443
1512452221833,Brightness_2,42
1512452223752,Sound_P,64.6112799352989
1512452223755,PodiumIR,136
1512452228262,Temperature_1,24.49
1512452228265,Humidity_1,11.6827920897476
1512452228269,Brightness_1,5
1512452228272,Temperature_2,24.37
1512452228275,Humidity_2,11.1895125673443
1512452228279,Brightness_2,42
1512452233759,Sound_P,68.0998289029382
1512452233762,PodiumIR,161
1512452234687,Temperature_1,24.49
1512452234691,Humidity_1,11.6827920897476
1512452234694,Brightness_1,5
1512452234697,Temperature_2,24.37
1512452234700,Humidity_2,11.1895125673443
1512452234704,Brightness_2,42
1512452241369,Temperature_1,24.49
1512452241372,Humidity_1,11.6827920897476
1512452241376,Brightness_1,5
1512452241379,Temperature_2,24.37
1512452241382,Humidity_2,11.1895125673443
1512452241386,Brightness_2,42
1512452243767,Sound_P,61.0230214761912
1512452243771,PodiumIR,162
1512452247820,Temperature_1,24.49
1512452247823,Humidity_1,11.6827920897476
1512452247824,Brightness_1,5
1512452247827,Temperature_2,24.37
1512452247830,Humidity_2,11.1895125673443
1512452247833,Brightness_2,41
1512452253776,Sound_P,81.4892846141711
1512452253781,PodiumIR,163
1512452254478,Temperature_1,24.49
1512452254480,Humidity_1,11.6827920897476
1512452254482,Brightness_1,5
1512452254485,Temperature_2,24.37
1512452254487,Humidity_2,11.1895125673443
1512452254489,Brightness_2,41
1512452260928,Temperature_1,24.49
1512452260931,Humidity_1,11.6827920897476
1512452260934,Brightness_1,5
1512452260937,Temperature_2,24.37
1512452260940,Humidity_2,11.1895125673443
1512452260944,Brightness_2,41
1512452263785,Sound_P,63.9523327336106
1512452263788,PodiumIR,149
1512452267379,Temperature_1,24.49
1512452267381,Humidity_1,11.6827920897476
1512452267383,Brightness_1,5
1512452267384,Temperature_2,24.37
1512452267386,Humidity_2,11.1895125673443
1512452267390,Brightness_2,41
1512452273793,Sound_P,61.0230214761912
1512452273796,PodiumIR,155
1512452273812,Temperature_1,24.49
1512452273815,Humidity_1,11.6827920897476
1512452273819,Brightness_1,5
1512452273822,Temperature_2,24.37
1512452273825,Humidity_2,11.1895125673443
1512452273829,Brightness_2,41
1512452280508,Temperature_1,24.49
1512452280511,Humidity_1,11.5594722091468
1512452280515,Brightness_1,4
1512452280517,Temperature_2,24.37
1512452280520,Humidity_2,11.1895125673443
1512452280522,Brightness_2,41
1512452283802,Sound_P,70.0787016850011
1512452283805,PodiumIR,156
1512452287040,Temperature_1,24.49
1512452287043,Humidity_1,11.5594722091468
1512452287047,Brightness_1,4
1512452287049,Temperature_2,24.37
1512452287052,Humidity_2,11.1895125673443
1512452287055,Brightness_2,41
1512452293455,Temperature_1,24.49
1512452293458,Humidity_1,11.5594722091468
1512452293462,Brightness_1,4
1512452293465,Temperature_2,24.37
1512452293467,Humidity_2,11.1895125673443
1512452293471,Brightness_2,41
1512452293808,Sound_P,65.2453551857387
1512452293812,PodiumIR,149
1512452300148,Temperature_1,24.49
1512452300150,Humidity_1,11.5594722091468
1512452300154,Brightness_1,4
1512452300157,Temperature_2,24.37
1512452300159,Humidity_2,11.1895125673443
1512452300161,Brightness_2,41
1512452303816,Sound_P,63.2664824036758
1512452303820,PodiumIR,144
1512452306663,Temperature_1,24.49
1512452306666,Humidity_1,11.5594722091468
1512452306669,Brightness_1,4
1512452306671,Temperature_2,24.37
1512452306674,Humidity_2,11.1895125673443
1512452306677,Brightness_2,30
1512452313153,Temperature_1,24.49
1512452313156,Humidity_1,11.5594722091468
1512452313160,Brightness_1,4
1512452313162,Temperature_2,24.37
1512452313164,Humidity_2,11.1895125673443
1512452313169,Brightness_2,30
1512452313825,Sound_P,74.1970041024132
1512452313828,PodiumIR,151
1512452319604,Temperature_1,24.49
1512452319607,Humidity_1,11.5594722091468
1512452319611,Brightness_1,4
1512452319613,Temperature_2,24.37
1512452319615,Humidity_2,11.1895125673443
1512452319619,Brightness_2,30
1512452323833,Sound_P,79.2119848031425
1512452323836,PodiumIR,151
1512452326260,Temperature_1,24.49
1512452326263,Humidity_1,11.5594722091468
1512452326267,Brightness_1,4
1512452326269,Temperature_2,24.37
1512452326271,Humidity_2,11.1895125673443
1512452326274,Brightness_2,30
1512452332672,Temperature_1,24.49
1512452332675,Humidity_1,11.5594722091468
1512452332678,Brightness_1,4
1512452332681,Temperature_2,24.37
1512452332683,Humidity_2,11.1895125673443
1512452332685,Brightness_2,30
1512452333841,Sound_P,74.1970041024132
1512452333844,PodiumIR,152
1512452339367,Temperature_1,24.49
1512452339370,Humidity_1,11.5594722091468
1512452339373,Brightness_1,4
1512452339376,Temperature_2,24.37
1512452339378,Humidity_2,11.1895125673443
1512452339381,Brightness_2,30
1512452343849,Sound_P,76.5768744395891
1512452343852,PodiumIR,152
1512452345792,Temperature_1,24.49
1512452345795,Humidity_1,11.5594722091468
1512452345799,Brightness_1,4
1512452345801,Temperature_2,24.37
1512452345804,Humidity_2,11.1895125673443
1512452345807,Brightness_2,30
1512452352475,Temperature_1,24.49
1512452352478,Humidity_1,11.5594722091468
1512452352482,Brightness_1,4
1512452352485,Temperature_2,24.37
1512452352488,Humidity_2,11.1895125673443
1512452352491,Brightness_2,30
1512452353858,Sound_P,71.4234992166241
1512452353861,PodiumIR,150
1512452359234,Temperature_1,24.49
1512452359237,Humidity_1,11.5594722091468
1512452359241,Brightness_1,4
1512452359244,Temperature_2,24.37
1512452359246,Humidity_2,11.1895125673443
1512452359250,Brightness_2,30
1512452363867,Sound_P,63.2664824036758
1512452363871,PodiumIR,147
1512452365889,Temperature_1,24.49
1512452365893,Humidity_1,11.5594722091468
1512452365896,Brightness_1,4
1512452365899,Temperature_2,24.37
1512452365902,Humidity_2,11.1895125673443
1512452365905,Brightness_2,30
1512452372351,Temperature_1,24.49
1512452372355,Humidity_1,11.5594722091468
1512452372358,Brightness_1,4
1512452372361,Temperature_2,24.37
1512452372364,Humidity_2,11.1895125673443
1512452372368,Brightness_2,40
1512452373874,Sound_P,69.1183831740761
1512452373877,PodiumIR,148
1512452378757,Temperature_1,24.49
1512452378761,Humidity_1,11.5594722091468
1512452378764,Brightness_1,4
1512452378767,Temperature_2,24.37
1512452378770,Humidity_2,11.1895125673443
1512452378773,Brightness_2,40
1512452383880,Sound_P,74.9120481842634
1512452383886,PodiumIR,153
1512452385158,Temperature_1,24.49
1512452385161,Humidity_1,11.5594722091468
1512452385164,Brightness_1,4
1512452385167,Temperature_2,24.37
1512452385170,Humidity_2,11.1895125673443
1512452385173,Brightness_2,40
1512452391899,Temperature_1,24.49
1512452391903,Humidity_1,11.5594722091468
1512452391907,Brightness_1,4
1512452391909,Temperature_2,24.37
1512452391912,Humidity_2,11.1895125673443
1512452391916,Brightness_2,40
1512452393893,Sound_P,77.1992048450907
1512452393896,PodiumIR,155
1512452398355,Temperature_1,24.49
1512452398358,Humidity_1,11.5594722091468
1512452398362,Brightness_1,4
1512452398364,Temperature_2,24.37
1512452398368,Humidity_2,11.1895125673443
1512452398372,Brightness_2,40
1512452403899,Sound_P,77.5019337560412
1512452403902,PodiumIR,168
1512452404778,Temperature_1,24.49
1512452404782,Humidity_1,11.5594722091468
1512452404785,Brightness_1,6
1512452404788,Temperature_2,24.37
1512452404791,Humidity_2,11.1895125673443
1512452404794,Brightness_2,40
1512452411178,Temperature_1,24.49
1512452411181,Humidity_1,11.5594722091468
1512452411185,Brightness_1,6
1512452411187,Temperature_2,24.37
1512452411190,Humidity_2,11.1895125673443
1512452411194,Brightness_2,40
1512452413905,Sound_P,68.0998289029382
1512452413908,PodiumIR,157
1512452417807,Temperature_1,24.49
1512452417810,Humidity_1,11.5594722091468
1512452417814,Brightness_1,6
1512452417817,Temperature_2,24.37
1512452417820,Humidity_2,11.1895125673443
1512452417823,Brightness_2,40
1512452423911,Sound_P,63.9523327336106
1512452423914,PodiumIR,160
1512452424361,Temperature_1,24.49
1512452424364,Humidity_1,11.5594722091468
1512452424368,Brightness_1,6
1512452424370,Temperature_2,24.37
1512452424373,Humidity_2,11.1895125673443
1512452424377,Brightness_2,40
1512452430771,Temperature_1,24.49
1512452430775,Humidity_1,11.5594722091468
1512452430779,Brightness_1,6
1512452430781,Temperature_2,24.37
1512452430783,Humidity_2,11.1895125673443
1512452430786,Brightness_2,40
1512452433922,Sound_P,82.1845976309232
1512452433925,PodiumIR,167
1512452437469,Temperature_1,24.49
1512452437472,Humidity_1,11.5594722091468
1512452437476,Brightness_1,6
1512452437479,Temperature_2,24.37
1512452437482,Humidity_2,11.1895125673443
1512452437485,Brightness_2,45
1512452443920,Temperature_1,24.49
1512452443923,Humidity_1,11.5594722091468
1512452443927,Brightness_1,6
1512452443929,Temperature_2,24.37
1512452443932,Sound_P,81.0092233837385
1512452443932,Humidity_2,11.1895125673443
1512452443936,PodiumIR,153
1512452443945,Brightness_2,45
1512452450384,Temperature_1,24.49
1512452450387,Humidity_1,11.5594722091468
1512452450391,Brightness_1,6
1512452450393,Temperature_2,24.37
1512452450396,Humidity_2,11.1895125673443
1512452450399,Brightness_2,45
1512452453938,Sound_P,61.0230214761912
1512452453942,PodiumIR,148
1512452456807,Temperature_1,24.49
1512452456810,Humidity_1,11.5594722091468
1512452456814,Brightness_1,6
1512452456816,Temperature_2,24.37
1512452456819,Humidity_2,11.1895125673443
1512452456823,Brightness_2,45
1512452463483,Temperature_1,24.49
1512452463487,Humidity_1,11.5594722091468
1512452463490,Brightness_1,6
1512452463493,Temperature_2,24.37
1512452463496,Humidity_2,11.1895125673443
1512452463499,Brightness_2,45
1512452463944,Sound_P,65.2453551857387
1512452463948,PodiumIR,147
1512452469930,Temperature_1,24.49
1512452469933,Humidity_1,11.6827920897476
1512452469937,Brightness_1,6
1512452469940,Temperature_2,24.37
1512452469943,Humidity_2,11.1895125673443
1512452469946,Brightness_2,45
1512452473950,Sound_P,62.5514383218256
1512452473963,PodiumIR,132
1512452476347,Temperature_1,24.49
1512452476350,Humidity_1,11.6827920897476
1512452476354,Brightness_1,6
1512452476357,Temperature_2,24.37
1512452476359,Humidity_2,11.1895125673443
1512452476363,Brightness_2,45
1512452482787,Temperature_1,24.49
1512452482790,Humidity_1,11.6827920897476
1512452482794,Brightness_1,6
1512452482797,Temperature_2,24.37
1512452482799,Humidity_2,11.1895125673443
1512452482802,Brightness_2,45
1512452483968,Sound_P,65.8563679754536
1512452483971,PodiumIR,156
1512452489489,Temperature_1,24.49
1512452489492,Humidity_1,11.6827920897476
1512452489495,Brightness_1,6
1512452489498,Temperature_2,24.37
1512452489501,Humidity_2,11.1895125673443
1512452489504,Brightness_2,45
1512452493973,Sound_P,75.2584728285566
1512452493976,PodiumIR,155
1512452495940,Temperature_1,24.49
1512452495943,Humidity_1,11.6827920897476
1512452495946,Brightness_1,6
1512452495949,Temperature_2,24.37
1512452495952,Humidity_2,11.1895125673443
1512452495955,Brightness_2,45
1512452502399,Temperature_1,24.49
1512452502402,Humidity_1,11.6827920897476
1512452502404,Brightness_1,6
1512452502407,Temperature_2,24.37
1512452502409,Humidity_2,11.1895125673443
1512452502412,Brightness_2,46
1512452503979,Sound_P,61.804604258873
1512452503982,PodiumIR,156
1512452508797,Temperature_1,24.49
1512452508800,Humidity_1,11.6827920897476
1512452508803,Brightness_1,6
1512452508805,Temperature_2,24.37
1512452508808,Humidity_2,11.1895125673443
1512452508811,Brightness_2,46
1512452513984,Sound_P,72.6685872567788
1512452513987,PodiumIR,157
1512452516115,Temperature_1,24.49
1512452516118,Humidity_1,11.6827920897476
1512452516121,Brightness_1,6
1512452516123,Temperature_2,24.37
1512452516125,Humidity_2,11.1895125673443
1512452516128,Brightness_2,46
1512452522537,Temperature_1,24.49
1512452522543,Humidity_1,11.6827920897476
1512452522545,Brightness_1,6
1512452522548,Temperature_2,24.37
1512452522550,Humidity_2,11.1895125673443
1512452522552,Brightness_2,46
1512452523990,Sound_P,70.987085069563
1512452523998,PodiumIR,144
1512452529220,Temperature_1,24.49
1512452529228,Humidity_1,11.6827920897476
1512452529230,Brightness_1,6
1512452529233,Temperature_2,24.37
1512452529238,Humidity_2,11.1895125673443
1512452529241,Brightness_2,46
1512452534007,Sound_P,62.5514383218256
1512452534010,PodiumIR,152
1512452535672,Temperature_1,24.49
1512452535678,Humidity_1,11.6827920897476
1512452535681,Brightness_1,6
1512452535683,Temperature_2,24.37
1512452535689,Humidity_2,11.1895125673443
1512452535691,Brightness_2,46
1512452542123,Temperature_1,24.49
1512452542129,Humidity_1,11.6827920897476
1512452542132,Brightness_1,6
1512452542134,Temperature_2,24.37
1512452542140,Humidity_2,11.1895125673443
1512452542143,Brightness_2,46
1512452544012,Sound_P,87.2434642947859
1512452544016,PodiumIR,148
1512452548537,Temperature_1,24.49
1512452548542,Humidity_1,11.6827920897476
1512452548545,Brightness_1,6
1512452548547,Temperature_2,24.37
1512452548552,Humidity_2,11.1895125673443
1512452548555,Brightness_2,46
1512452554029,Sound_P,84.5129837602938
1512452554032,PodiumIR,150
1512452555333,Temperature_1,24.49
1512452555338,Humidity_1,11.6827920897476
1512452555341,Brightness_1,6
1512452555343,Temperature_2,24.37
1512452555345,Humidity_2,11.1895125673443
1512452555352,Brightness_2,46
1512452562194,Temperature_1,24.49
1512452562200,Humidity_1,11.6827920897476
1512452562203,Brightness_1,6
1512452562205,Temperature_2,24.37
1512452562208,Humidity_2,11.1895125673443
1512452562212,Brightness_2,43
1512452564035,Sound_P,66.4459372396027
1512452564038,PodiumIR,155
1512452568617,Temperature_1,24.49
1512452568620,Humidity_1,11.6827920897476
1512452568623,Brightness_1,6
1512452568625,Temperature_2,24.37
1512452568628,Humidity_2,11.1895125673443
1512452568630,Brightness_2,43
1512452574041,Sound_P,82.4101177955235
1512452574050,PodiumIR,151
1512452575037,Temperature_1,24.49
1512452575039,Humidity_1,11.6827920897476
1512452575043,Brightness_1,6
1512452575045,Temperature_2,24.37
1512452575047,Humidity_2,11.1895125673443
1512452575051,Brightness_2,43
1512452581758,Temperature_1,24.49
1512452581761,Humidity_1,11.6827920897476
1512452581765,Brightness_1,6
1512452581768,Temperature_2,24.37
1512452581771,Humidity_2,11.1895125673443
1512452581775,Brightness_2,43
1512452584055,Sound_P,84.5129837602938
1512452584059,PodiumIR,148
1512452588204,Temperature_1,24.49
1512452588207,Humidity_1,11.6827920897476
1512452588211,Brightness_1,6
1512452588213,Temperature_2,24.37
1512452588216,Humidity_2,11.1895125673443
1512452588220,Brightness_2,43
1512452594064,Sound_P,82.6326508501506
1512452594068,PodiumIR,151
1512452594628,Temperature_1,24.49
1512452594631,Humidity_1,11.6827920897476
1512452594635,Brightness_1,6
1512452594638,Temperature_2,24.37
1512452594641,Humidity_2,11.1895125673443
1512452594644,Brightness_2,43
1512452601413,Temperature_1,24.49
1512452601417,Humidity_1,11.6827920897476
1512452601421,Brightness_1,6
1512452601423,Temperature_2,24.37
1512452601427,Humidity_2,11.1895125673443
1512452601430,Brightness_2,43
1512452604070,Sound_P,80.2623893207859
1512452604073,PodiumIR,149
1512452607818,Temperature_1,24.49
1512452607821,Humidity_1,11.6827920897476
1512452607825,Brightness_1,6
1512452607828,Temperature_2,24.37
1512452607830,Humidity_2,11.1895125673443
1512452607834,Brightness_2,43
1512452614076,Sound_P,80.0058805215165
1512452614079,PodiumIR,162
1512452614478,Temperature_1,24.49
1512452614481,Humidity_1,11.6827920897476
1512452614485,Brightness_1,6
1512452614488,Temperature_2,24.37
1512452614490,Humidity_2,11.1895125673443
1512452614493,Brightness_2,43
1512452621179,Temperature_1,24.49
1512452621182,Humidity_1,11.6827920897476
1512452621186,Brightness_1,6
1512452621189,Temperature_2,24.37
1512452621191,Humidity_2,11.1895125673443
1512452621195,Brightness_2,43
1512452624082,Sound_P,63.2664824036758
1512452624085,PodiumIR,157
1512452627936,Temperature_1,24.49
1512452627939,Humidity_1,11.6827920897476
1512452627943,Brightness_1,6
1512452627945,Temperature_2,24.37
1512452627948,Humidity_2,11.1895125673443
1512452627951,Brightness_2,43
1512452634089,Sound_P,76.2568457158865
1512452634092,PodiumIR,167
1512452634485,Temperature_1,24.49
1512452634489,Humidity_1,11.6827920897476
1512452634494,Brightness_1,6
1512452634498,Temperature_2,24.37
1512452634500,Humidity_2,11.1895125673443
1512452634504,Brightness_2,43
1512452641248,Temperature_1,24.49
1512452641252,Humidity_1,11.6827920897476
1512452641255,Brightness_1,6
1512452641258,Temperature_2,24.37
1512452641261,Humidity_2,11.1895125673443
1512452641265,Brightness_2,43
1512452644095,Sound_P,66.4459372396027
1512452644103,PodiumIR,161
1512452647709,Temperature_1,24.49
1512452647712,Humidity_1,11.6827920897476
1512452647716,Brightness_1,6
1512452647719,Temperature_2,24.37
1512452647721,Humidity_2,11.1895125673443
1512452647725,Brightness_2,43
1512452654109,Sound_P,76.5768744395891
1512452654113,PodiumIR,171
1512452654140,Temperature_1,24.49
1512452654143,Humidity_1,11.6827920897476
1512452654147,Brightness_1,6
1512452654151,Temperature_2,24.37
1512452654153,Humidity_2,11.1895125673443
1512452654156,Brightness_2,43
1512452660545,Temperature_1,24.49
1512452660549,Humidity_1,11.6827920897476
1512452660552,Brightness_1,6
1512452660555,Temperature_2,24.37
1512452660558,Humidity_2,11.1895125673443
1512452660560,Brightness_2,43
1512452664115,Sound_P,88.536486746914
1512452664119,PodiumIR,194
1512452667258,Temperature_1,24.49
1512452667261,Humidity_1,11.6827920897476
1512452667265,Brightness_1,6
1512452667268,Temperature_2,24.37
1512452667271,Humidity_2,11.1895125673443
1512452667275,Brightness_2,43
1512452673710,Temperature_1,24.49
1512452673713,Humidity_1,11.6827920897476
1512452673717,Brightness_1,6
1512452673719,Temperature_2,24.37
1512452673722,Humidity_2,11.1895125673443
1512452673726,Brightness_2,43
1512452674121,Sound_P,84.5129837602938
1512452674124,PodiumIR,150
1512452680160,Temperature_1,24.49
1512452680164,Humidity_1,11.6827920897476
1512452680167,Brightness_1,6
1512452680170,Temperature_2,24.37
1512452680173,Humidity_2,11.1895125673443
1512452680176,Brightness_2,43
1512452684127,Sound_P,63.9523327336106
1512452684131,PodiumIR,176
1512452686598,Temperature_1,24.49
1512452686601,Humidity_1,11.6827920897476
1512452686602,Brightness_1,6
1512452686605,Temperature_2,24.37
1512452686608,Humidity_2,11.1895125673443
1512452686610,Brightness_2,43
1512452693268,Temperature_1,24.49
1512452693271,Humidity_1,11.6827920897476
1512452693274,Brightness_1,6
1512452693277,Temperature_2,24.37
1512452693279,Humidity_2,11.1895125673443
1512452693282,Brightness_2,43
1512452694133,Sound_P,67.0155172093058
1512452694137,PodiumIR,149
1512452699720,Temperature_1,24.49
1512452699723,Humidity_1,11.6827920897476
1512452699726,Brightness_1,6
1512452699729,Temperature_2,24.37
1512452699731,Humidity_2,11.1895125673443
1512452699733,Brightness_2,43
1512452704139,Sound_P,65.8563679754536
1512452704143,PodiumIR,161
1512452706170,Temperature_1,24.49
1512452706173,Humidity_1,11.6827920897476
1512452706176,Brightness_1,6
1512452706179,Temperature_2,24.37
1512452706181,Humidity_2,11.1895125673443
1512452706184,Brightness_2,43
1512452712575,Temperature_1,24.49
1512452712578,Humidity_1,11.6827920897476
1512452712582,Brightness_1,6
1512452712585,Temperature_2,24.37
1512452712588,Humidity_2,11.1895125673443
1512452712592,Brightness_2,43
1512452714145,Sound_P,79.2119848031425
1512452714148,PodiumIR,160
1512452719381,Temperature_1,24.49
1512452719384,Humidity_1,11.6827920897476
1512452719388,Brightness_1,6
1512452719391,Temperature_2,24.37
1512452719393,Humidity_2,11.1895125673443
1512452719397,Brightness_2,43
1512452724151,Sound_P,63.9523327336106
1512452724154,PodiumIR,165
1512452725840,Temperature_1,24.49
1512452725843,Humidity_1,11.5594722091468
1512452725847,Brightness_1,6
1512452725849,Temperature_2,24.37
1512452725852,Humidity_2,11.1895125673443
1512452725855,Brightness_2,43
1512452732283,Temperature_1,24.49
1512452732287,Humidity_1,11.5594722091468
1512452732291,Brightness_1,6
1512452732293,Temperature_2,24.37
1512452732296,Humidity_2,11.1895125673443
1512452732299,Brightness_2,43
1512452734157,Sound_P,82.6326508501506
1512452734160,PodiumIR,167
1512452738715,Temperature_1,24.49
1512452738718,Humidity_1,11.5594722091468
1512452738722,Brightness_1,6
1512452738725,Temperature_2,24.37
1512452738728,Humidity_2,11.1895125673443
1512452738730,Brightness_2,43
1512452744163,Sound_P,81.4892846141711
1512452744173,PodiumIR,156
1512452745390,Temperature_1,24.49
1512452745394,Humidity_1,11.5594722091468
1512452745397,Brightness_1,6
1512452745400,Temperature_2,24.37
1512452745403,Humidity_2,11.1895125673443
1512452745406,Brightness_2,43
1512452752251,Temperature_1,24.49
1512452752254,Humidity_1,11.5594722091468
1512452752258,Brightness_1,6
1512452752261,Temperature_2,24.37
1512452752264,Humidity_2,11.1895125673443
1512452752267,Brightness_2,45
1512452754175,Sound_P,74.9120481842634
1512452754179,PodiumIR,159
1512452758657,Temperature_1,24.49
1512452758661,Humidity_1,11.5594722091468
1512452758664,Brightness_1,6
1512452758667,Temperature_2,24.37
1512452758670,Humidity_2,11.1895125673443
1512452758672,Brightness_2,45
1512452764181,Sound_P,86.9040386091442
1512452764184,PodiumIR,166
1512452765076,Temperature_1,24.49
1512452765079,Humidity_1,11.5594722091468
1512452765083,Brightness_1,6
1512452765086,Temperature_2,24.37
1512452765088,Humidity_2,11.1895125673443
1512452765091,Brightness_2,45
1512452771913,Temperature_1,24.49
1512452771916,Humidity_1,11.5594722091468
1512452771920,Brightness_1,6
1512452771922,Temperature_2,24.37
1512452771925,Humidity_2,11.1895125673443
1512452771929,Brightness_2,45
1512452774186,Sound_P,75.9306024554013
1512452774189,PodiumIR,179
1512452778479,Temperature_1,24.49
1512452778482,Humidity_1,11.5594722091468
1512452778486,Brightness_1,6
1512452778489,Temperature_2,24.37
1512452778492,Humidity_2,11.1895125673443
1512452778495,Brightness_2,45
1512452784192,Sound_P,88.536486746914
1512452784201,PodiumIR,179
1512452784897,Temperature_1,24.49
1512452784900,Humidity_1,11.5594722091468
1512452784904,Brightness_1,6
1512452784906,Temperature_2,24.37
1512452784909,Humidity_2,11.1895125673443
1512452784913,Brightness_2,45
1512452791577,Temperature_1,24.49
1512452791580,Humidity_1,11.5594722091468
1512452791584,Brightness_1,6
1512452791587,Temperature_2,24.37
1512452791590,Humidity_2,11.1895125673443
1512452791593,Brightness_2,45
1512452794208,Sound_P,73.4501700394606
1512452794211,PodiumIR,151
1512452798235,Temperature_1,24.49
1512452798239,Humidity_1,11.5594722091468
1512452798242,Brightness_1,6
1512452798245,Temperature_2,24.37
1512452798248,Humidity_2,11.1895125673443
1512452798251,Brightness_2,45
1512452804214,Sound_P,78.6610829898935
1512452804218,PodiumIR,192
1512452804657,Temperature_1,24.49
1512452804660,Humidity_1,11.5594722091468
1512452804664,Brightness_1,6
1512452804667,Temperature_2,24.37
1512452804669,Humidity_2,11.1895125673443
1512452804672,Brightness_2,45
1512452811337,Temperature_1,24.49
1512452811340,Humidity_1,11.5594722091468
1512452811344,Brightness_1,6
1512452811347,Temperature_2,24.37
1512452811350,Humidity_2,11.1895125673443
1512452811354,Brightness_2,45
1512452814224,Sound_P,76.5768744395891
1512452814227,PodiumIR,167
1512452817993,Temperature_1,24.49
1512452817997,Humidity_1,11.5594722091468
1512452818000,Brightness_1,6
1512452818003,Temperature_2,24.37
1512452818005,Humidity_2,11.1895125673443
1512452818009,Brightness_2,45
1512452824230,Sound_P,76.2568457158865
1512452824233,PodiumIR,142
1512452824485,Temperature_1,24.49
1512452824488,Humidity_1,11.5594722091468
1512452824494,Brightness_1,6
1512452824497,Temperature_2,24.37
1512452824500,Humidity_2,11.1895125673443
1512452824503,Brightness_2,45
1512452830896,Temperature_1,24.49
1512452830900,Humidity_1,11.5594722091468
1512452830903,Brightness_1,6
1512452830906,Temperature_2,24.37
1512452830909,Humidity_2,11.1895125673443
1512452830912,Brightness_2,45
1512452834236,Sound_P,83.7031402476516
1512452834239,PodiumIR,150
1512452837299,Temperature_1,24.49
1512452837302,Humidity_1,11.5594722091468
1512452837306,Brightness_1,6
1512452837309,Temperature_2,24.37
1512452837312,Humidity_2,11.1895125673443
1512452837314,Brightness_2,45
1512452844003,Temperature_1,24.49
1512452844007,Humidity_1,11.5594722091468
1512452844010,Brightness_1,6
1512452844013,Temperature_2,24.37
1512452844016,Humidity_2,11.1895125673443
1512452844019,Brightness_2,45
1512452844242,Sound_P,85.0957358200483
1512452844245,PodiumIR,136
1512452850460,Temperature_1,24.6
1512452850463,Humidity_1,11.5594722091468
1512452850467,Brightness_1,6
1512452850470,Temperature_2,24.37
1512452850472,Humidity_2,11.1895125673443
1512452850475,Brightness_2,45
1512452854248,Sound_P,63.9523327336106
1512452854251,PodiumIR,151
1512452857118,Temperature_1,24.6
1512452857121,Humidity_1,11.5594722091468
1512452857125,Brightness_1,6
1512452857128,Temperature_2,24.37
1512452857130,Humidity_2,11.1895125673443
1512452857134,Brightness_2,45
1512452863563,Temperature_1,24.6
1512452863566,Humidity_1,11.5594722091468
1512452863570,Brightness_1,6
1512452863572,Temperature_2,24.37
1512452863575,Humidity_2,11.1895125673443
1512452863579,Brightness_2,45
1512452864253,Sound_P,76.2568457158865
1512452864257,PodiumIR,154
1512452870013,Temperature_1,24.6
1512452870017,Humidity_1,11.5594722091468
1512452870020,Brightness_1,6
1512452870023,Temperature_2,24.37
1512452870026,Humidity_2,11.1895125673443
1512452870029,Brightness_2,45
1512452874260,Sound_P,73.0639231437675
1512452874262,PodiumIR,148
1512452876479,Temperature_1,24.6
1512452876483,Humidity_1,11.5594722091468
1512452876487,Brightness_1,6
1512452876489,Temperature_2,24.37
1512452876493,Humidity_2,11.1895125673443
1512452876496,Brightness_2,45
1512452882916,Temperature_1,24.6
1512452882919,Humidity_1,11.5594722091468
1512452882923,Brightness_1,6
1512452882926,Temperature_2,24.37
1512452882929,Humidity_2,11.1895125673443
1512452882932,Brightness_2,43
1512452884268,Sound_P,79.4808065381041
1512452884271,PodiumIR,159
1512452889368,Temperature_1,24.6
1512452889371,Humidity_1,11.5594722091468
1512452889375,Brightness_1,6
1512452889377,Temperature_2,24.37
1512452889380,Humidity_2,11.1895125673443
1512452889384,Brightness_2,43
1512452894274,Sound_P,79.2119848031425
1512452894278,PodiumIR,156
1512452896023,Temperature_1,24.6
1512452896027,Humidity_1,11.5594722091468
1512452896031,Brightness_1,6
1512452896033,Temperature_2,24.37
1512452896036,Humidity_2,11.1895125673443
1512452896040,Brightness_2,43
1512452902479,Temperature_1,24.6
1512452902483,Humidity_1,11.5594722091468
1512452902487,Brightness_1,6
1512452902490,Temperature_2,24.37
1512452902493,Humidity_2,11.1895125673443
1512452902497,Brightness_2,43
1512452904280,Sound_P,69.6054027810836
1512452904284,PodiumIR,119
1512452908887,Temperature_1,24.6
1512452908890,Humidity_1,11.5594722091468
1512452908893,Brightness_1,6
1512452908896,Temperature_2,24.37
1512452908899,Humidity_2,11.1895125673443
1512452908902,Brightness_2,43
1512452914286,Sound_P,76.5768744395891
1512452914301,PodiumIR,180
1512452915304,Temperature_1,24.49
1512452915307,Humidity_1,11.5594722091468
1512452915311,Brightness_1,6
1512452915314,Temperature_2,24.37
1512452915317,Humidity_2,11.1895125673443
1512452915321,Brightness_2,43
1512452922041,Temperature_1,24.49
1512452922043,Humidity_1,11.5594722091468
1512452922045,Brightness_1,6
1512452922046,Temperature_2,24.37
1512452922050,Humidity_2,11.1895125673443
1512452922052,Brightness_2,43
1512452924303,Sound_P,72.6685872567788
1512452924307,PodiumIR,160
1512452928478,Temperature_1,24.49
1512452928481,Humidity_1,11.5594722091468
1512452928485,Brightness_1,6
1512452928487,Temperature_2,24.37
1512452928489,Humidity_2,11.1895125673443
1512452928492,Brightness_2,43
1512452934310,Sound_P,64.6112799352989
1512452934314,PodiumIR,148
1512452934936,Temperature_1,24.49
1512452934939,Humidity_1,11.5594722091468
1512452934942,Brightness_1,6
1512452934944,Temperature_2,24.37
1512452934947,Humidity_2,11.1895125673443
1512452934950,Brightness_2,43
1512452941695,Temperature_1,24.49
1512452941699,Humidity_1,11.5594722091468
1512452941702,Brightness_1,6
1512452941705,Temperature_2,24.37
1512452941708,Humidity_2,11.1895125673443
1512452941711,Brightness_2,43
1512452944320,Sound_P,74.5583298563306
1512452944323,PodiumIR,167
1512452948351,Temperature_1,24.49
1512452948355,Humidity_1,11.5594722091468
1512452948358,Brightness_1,6
1512452948361,Temperature_2,24.37
1512452948364,Humidity_2,11.1895125673443
1512452948367,Brightness_2,43
1512452954326,Sound_P,73.4501700394606
1512452954329,PodiumIR,165
1512452954763,Temperature_1,24.49
1512452954767,Humidity_1,11.5594722091468
1512452954770,Brightness_1,6
1512452954773,Temperature_2,24.37
1512452954776,Humidity_2,11.1895125673443
1512452954779,Brightness_2,43
1512452961458,Temperature_1,24.49
1512452961461,Humidity_1,11.5594722091468
1512452961465,Brightness_1,6
1512452961468,Temperature_2,24.37
1512452961471,Humidity_2,11.1895125673443
1512452961474,Brightness_2,43
1512452964332,Sound_P,80.7639489546637
1512452964335,PodiumIR,157
1512452967909,Temperature_1,24.49
1512452967913,Humidity_1,11.5594722091468
1512452967916,Brightness_1,6
1512452967919,Temperature_2,24.37
1512452967922,Humidity_2,11.1895125673443
1512452967924,Brightness_2,43
1512452974338,Sound_P,83.9092900732867
1512452974341,PodiumIR,154
1512452974362,Temperature_1,24.49
1512452974365,Humidity_1,11.5594722091468
1512452974369,Brightness_1,6
1512452974371,Temperature_2,24.37
1512452974383,Humidity_2,11.1895125673443
1512452974387,Brightness_2,43
1512452980796,Temperature_1,24.6
1512452980800,Humidity_1,11.5594722091468
1512452980803,Brightness_1,6
1512452980806,Temperature_2,24.37
1512452980809,Humidity_2,11.1895125673443
1512452980812,Brightness_2,43
1512452984344,Sound_P,63.9523327336106
1512452984347,PodiumIR,163
1512452987263,Temperature_1,24.6
1512452987267,Humidity_1,11.5594722091468
1512452987270,Brightness_1,6
1512452987273,Temperature_2,24.37
1512452987276,Humidity_2,11.1895125673443
1512452987279,Brightness_2,43
1512452993716,Temperature_1,24.6
1512452993719,Humidity_1,11.5594722091468
1512452993721,Brightness_1,6
1512452993723,Temperature_2,24.37
1512452993725,Humidity_2,11.1895125673443
1512452993728,Brightness_2,43
1512452994350,Sound_P,65.2453551857387
1512452994353,PodiumIR,156
1512453000369,Temperature_1,24.6
1512453000372,Humidity_1,11.5594722091468
1512453000375,Brightness_1,6
1512453000378,Temperature_2,24.37
1512453000380,Humidity_2,11.1895125673443
1512453000382,Brightness_2,43
1512453004356,Sound_P,73.4501700394606
1512453004359,PodiumIR,159
1512453006918,Temperature_1,24.6
1512453006921,Humidity_1,11.5594722091468
1512453006924,Brightness_1,6
1512453006927,Temperature_2,24.37
1512453006930,Humidity_2,11.1895125673443
1512453006932,Brightness_2,43
1512453013581,Temperature_1,24.6
1512453013585,Humidity_1,11.5594722091468
1512453013588,Brightness_1,6
1512453013591,Temperature_2,24.37
1512453013593,Humidity_2,11.1895125673443
1512453013596,Brightness_2,43
1512453014362,Sound_P,76.2568457158865
1512453014365,PodiumIR,163
1512453020032,Temperature_1,24.6
1512453020036,Humidity_1,11.5594722091468
1512453020039,Brightness_1,6
1512453020043,Temperature_2,24.37
1512453020046,Humidity_2,11.1895125673443
1512453020050,Brightness_2,43
1512453024368,Sound_P,69.6054027810836
1512453024371,PodiumIR,173
1512453026532,Temperature_1,24.6
1512453026536,Humidity_1,11.5594722091468
1512453026544,Brightness_1,6
1512453026547,Temperature_2,24.37
1512453026551,Humidity_2,11.1895125673443
1512453026553,Brightness_2,43
1512453033242,Temperature_1,24.6
1512453033248,Humidity_1,11.5594722091468
1512453033251,Brightness_1,6
1512453033253,Temperature_2,24.37
1512453033255,Humidity_2,11.1895125673443
1512453033261,Brightness_2,43
1512453034374,Sound_P,80.2623893207859
1512453034377,PodiumIR,158
1512453040014,Temperature_1,24.49
1512453040020,Humidity_1,11.5594722091468
1512453040022,Brightness_1,6
1512453040025,Temperature_2,24.37
1512453040032,Humidity_2,11.1895125673443
1512453040035,Brightness_2,43
1512453044385,Sound_P,82.1845976309232
1512453044389,PodiumIR,143
1512453046492,Temperature_1,24.49
1512453046498,Humidity_1,11.5594722091468
1512453046501,Brightness_1,6
1512453046503,Temperature_2,24.37
1512453046506,Humidity_2,11.1895125673443
1512453046510,Brightness_2,43
1512453053210,Temperature_1,24.49
1512453053213,Humidity_1,11.5594722091468
1512453053217,Brightness_1,6
1512453053219,Temperature_2,24.37
1512453053221,Humidity_2,11.1895125673443
1512453053223,Brightness_2,43
1512453054391,Sound_P,81.4892846141711
1512453054395,PodiumIR,144
1512453059968,Temperature_1,24.49
1512453059972,Humidity_1,11.5594722091468
1512453059975,Brightness_1,6
1512453059978,Temperature_2,24.37
1512453059980,Humidity_2,11.1895125673443
1512453059982,Brightness_2,43
1512453064397,Sound_P,76.2568457158865
1512453064401,PodiumIR,171
1512453066485,Temperature_1,24.49
1512453066488,Humidity_1,11.5594722091468
1512453066495,Brightness_1,6
1512453066498,Temperature_2,24.37
1512453066500,Humidity_2,11.1895125673443
1512453066503,Brightness_2,43
1512453073179,Temperature_1,24.49
1512453073182,Humidity_1,11.5594722091468
1512453073186,Brightness_1,6
1512453073188,Temperature_2,24.37
1512453073191,Humidity_2,11.1895125673443
1512453073194,Brightness_2,45
1512453074403,Sound_P,80.7639489546637
1512453074407,PodiumIR,170
1512453079639,Temperature_1,24.49
1512453079642,Humidity_1,11.5594722091468
1512453079646,Brightness_1,6
1512453079648,Temperature_2,24.37
1512453079651,Humidity_2,11.1895125673443
1512453079655,Brightness_2,45
1512453084410,Sound_P,73.8277364906311
1512453084413,PodiumIR,153
1512453086081,Temperature_1,24.49
1512453086084,Humidity_1,11.5594722091468
1512453086088,Brightness_1,6
1512453086090,Temperature_2,24.37
1512453086092,Humidity_2,11.1895125673443
1512453086096,Brightness_2,45
1512453092486,Temperature_1,24.49
1512453092490,Humidity_1,11.5594722091468
1512453092495,Brightness_1,6
1512453092498,Temperature_2,24.37
1512453092500,Humidity_2,11.1895125673443
1512453092502,Brightness_2,45
1512453094416,Sound_P,87.2434642947859
1512453094419,PodiumIR,159
1512453099189,Temperature_1,24.49
1512453099192,Humidity_1,11.5594722091468
1512453099196,Brightness_1,6
1512453099199,Temperature_2,24.37
1512453099201,Humidity_2,11.1895125673443
1512453099205,Brightness_2,45
1512453104422,Sound_P,69.6054027810836
1512453104425,PodiumIR,152
1512453105640,Temperature_1,24.49
1512453105643,Humidity_1,11.6827920897476
1512453105646,Brightness_1,6
1512453105649,Temperature_2,24.37
1512453105651,Humidity_2,11.1895125673443
1512453105655,Brightness_2,45
1512453112193,Temperature_1,24.49
1512453112197,Humidity_1,11.6827920897476
1512453112201,Brightness_1,6
1512453112203,Temperature_2,24.37
1512453112205,Humidity_2,11.1895125673443
1512453112208,Brightness_2,45
1512453114428,Sound_P,64.6112799352989
1512453114444,PodiumIR,154
1512453118626,Temperature_1,24.49
1512453118629,Humidity_1,11.6827920897476
1512453118633,Brightness_1,6
1512453118635,Temperature_2,24.37
1512453118638,Humidity_2,11.1895125673443
1512453118640,Brightness_2,45
1512453124447,Sound_P,67.0155172093058
1512453124450,PodiumIR,154
1512453125036,Temperature_1,24.49
1512453125039,Humidity_1,11.6827920897476
1512453125043,Brightness_1,6
1512453125045,Temperature_2,24.37
1512453125048,Humidity_2,11.1895125673443
1512453125052,Brightness_2,45
1512453131855,Temperature_1,24.49
1512453131858,Humidity_1,11.6827920897476
1512453131860,Brightness_1,6
1512453131862,Temperature_2,24.37
1512453131864,Humidity_2,11.3128324479452
1512453131866,Brightness_2,42
1512453134462,Sound_P,69.6054027810836
1512453134465,PodiumIR,177
1512453138307,Temperature_1,24.49
1512453138310,Humidity_1,11.6827920897476
1512453138313,Brightness_1,6
1512453138316,Temperature_2,24.37
1512453138319,Humidity_2,11.3128324479452
1512453138322,Brightness_2,42
1512453144478,Sound_P,81.4892846141711
1512453144481,PodiumIR,178
1512453144720,Temperature_1,24.49
1512453144722,Humidity_1,11.6827920897476
1512453144725,Brightness_1,6
1512453144728,Temperature_2,24.37
1512453144730,Humidity_2,11.3128324479452
1512453144732,Brightness_2,42
1512453151128,Temperature_1,24.49
1512453151131,Humidity_1,11.6827920897476
1512453151135,Brightness_1,6
1512453151137,Temperature_2,24.37
1512453151140,Humidity_2,11.3128324479452
1512453151144,Brightness_2,42
1512453154484,Sound_P,75.5978985141982
1512453154487,PodiumIR,143
1512453157865,Temperature_1,24.49
1512453157868,Humidity_1,11.6827920897476
1512453157872,Brightness_1,6
1512453157874,Temperature_2,24.37
1512453157876,Humidity_2,11.3128324479452
1512453157880,Brightness_2,42
1512453164490,Sound_P,65.8563679754536
1512453164494,Temperature_1,24.49
1512453164497,Humidity_1,11.6827920897476
1512453164501,Brightness_1,6
1512453164504,Temperature_2,24.37
1512453164505,PodiumIR,157
1512453164508,Humidity_2,11.3128324479452
1512453164511,Brightness_2,42
1512453171177,Temperature_1,24.49
1512453171180,Humidity_1,11.5594722091468
1512453171184,Brightness_1,5
1512453171186,Temperature_2,24.37
1512453171189,Humidity_2,11.3128324479452
1512453171192,Brightness_2,42
1512453174514,Sound_P,67.5664190225549
1512453174518,PodiumIR,163
1512453177600,Temperature_1,24.49
1512453177603,Humidity_1,11.5594722091468
1512453177607,Brightness_1,5
1512453177610,Temperature_2,24.37
1512453177612,Humidity_2,11.3128324479452
1512453177615,Brightness_2,42
1512453184387,Temperature_1,24.49
1512453184390,Humidity_1,11.5594722091468
1512453184394,Brightness_1,5
1512453184396,Temperature_2,24.37
1512453184399,Humidity_2,11.3128324479452
1512453184403,Brightness_2,42
1512453184521,Sound_P,72.263724292699
1512453184524,PodiumIR,139
1512453190789,Temperature_1,24.49
1512453190791,Humidity_1,11.5594722091468
1512453190795,Brightness_1,5
1512453190798,Temperature_2,24.37
1512453190801,Humidity_2,11.3128324479452
1512453190805,Brightness_2,42
1512453194527,Sound_P,62.5514383218256
1512453194530,PodiumIR,124
1512453197494,Temperature_1,24.49
1512453197497,Humidity_1,11.5594722091468
1512453197501,Brightness_1,5
1512453197503,Temperature_2,24.37
1512453197505,Humidity_2,11.1895125673443
1512453197508,Brightness_2,43
1512453204150,Temperature_1,24.49
1512453204153,Humidity_1,11.5594722091468
1512453204158,Brightness_1,5
1512453204160,Temperature_2,24.37
1512453204162,Humidity_2,11.1895125673443
1512453204165,Brightness_2,43
1512453204533,Sound_P,82.1845976309232
1512453204536,PodiumIR,157
1512453210558,Temperature_1,24.49
1512453210561,Humidity_1,11.5594722091468
1512453210565,Brightness_1,5
1512453210568,Temperature_2,24.37
1512453210570,Humidity_2,11.1895125673443
1512453210572,Brightness_2,43
1512453214539,Sound_P,70.987085069563
1512453214543,PodiumIR,154
1512453216967,Temperature_1,24.49
1512453216970,Humidity_1,11.5594722091468
1512453216974,Brightness_1,5
1512453216977,Temperature_2,24.37
1512453216979,Humidity_2,11.1895125673443
1512453216983,Brightness_2,43
1512453223387,Temperature_1,24.49
1512453223394,Humidity_1,11.5594722091468
1512453223396,Brightness_1,5
1512453223403,Temperature_2,24.37
1512453223405,Humidity_2,11.1895125673443
1512453223407,Brightness_2,43
1512453224545,Sound_P,83.7031402476516
1512453224548,PodiumIR,173
1512453230161,Temperature_1,24.6
1512453230167,Humidity_1,11.5594722091468
1512453230170,Brightness_1,6
1512453230172,Temperature_2,24.37
1512453230178,Humidity_2,11.1895125673443
1512453230181,Brightness_2,43
1512453234551,Sound_P,80.5150406983876
1512453234554,PodiumIR,135
1512453236597,Temperature_1,24.6
1512453236603,Humidity_1,11.5594722091468
1512453236606,Brightness_1,6
1512453236608,Temperature_2,24.37
1512453236611,Humidity_2,11.1895125673443
1512453236613,Brightness_2,43
1512453243063,Temperature_1,24.6
1512453243070,Humidity_1,11.5594722091468
1512453243073,Brightness_1,6
1512453243075,Temperature_2,24.37
1512453243079,Humidity_2,11.1895125673443
1512453243082,Brightness_2,43
1512453244557,Sound_P,67.5664190225549
1512453244560,PodiumIR,148
1512453249719,Temperature_1,24.6
1512453249722,Humidity_1,11.5594722091468
1512453249726,Brightness_1,6
1512453249729,Temperature_2,24.37
1512453249731,Humidity_2,11.1895125673443
1512453249734,Brightness_2,43
1512453254563,Sound_P,63.2664824036758
1512453254566,PodiumIR,166
1512453256171,Temperature_1,24.6
1512453256174,Humidity_1,11.5594722091468
1512453256178,Brightness_1,6
1512453256180,Temperature_2,24.37
1512453256182,Humidity_2,11.1895125673443
1512453256185,Brightness_2,43
1512453262583,Temperature_1,24.6
1512453262586,Humidity_1,11.5594722091468
1512453262590,Brightness_1,6
1512453262592,Temperature_2,24.37
1512453262595,Humidity_2,11.1895125673443
1512453262597,Brightness_2,43
1512453264569,Sound_P,84.1129410515906
1512453264572,PodiumIR,136
1512453269278,Temperature_1,24.6
1512453269281,Humidity_1,11.5594722091468
1512453269285,Brightness_1,6
1512453269288,Temperature_2,24.37
1512453269290,Humidity_2,11.1895125673443
1512453269294,Brightness_2,43
1512453274575,Sound_P,68.0998289029382
1512453274578,PodiumIR,167
1512453276036,Temperature_1,24.6
1512453276039,Humidity_1,11.5594722091468
1512453276043,Brightness_1,6
1512453276045,Temperature_2,24.37
1512453276048,Humidity_2,11.1895125673443
1512453276051,Brightness_2,43
1512453282431,Temperature_1,24.6
1512453282434,Humidity_1,11.5594722091468
1512453282437,Brightness_1,6
1512453282440,Temperature_2,24.37
1512453282442,Humidity_2,11.1895125673443
1512453282444,Brightness_2,43
1512453284581,Sound_P,62.5514383218256
1512453284584,PodiumIR,195
1512453288850,Temperature_1,24.6
1512453288853,Humidity_1,11.5594722091468
1512453288857,Brightness_1,6
1512453288859,Temperature_2,24.37
1512453288861,Humidity_2,11.1895125673443
1512453288865,Brightness_2,43
1512453294587,Sound_P,90.3066487704811
1512453294590,PodiumIR,170
1512453295492,Temperature_1,24.49
1512453295496,Humidity_1,11.5594722091468
1512453295500,Brightness_1,6
1512453295502,Temperature_2,24.37
1512453295505,Humidity_2,11.1895125673443
1512453295509,Brightness_2,43
1512453302149,Temperature_1,24.49
1512453302152,Humidity_1,11.5594722091468
1512453302155,Brightness_1,6
1512453302158,Temperature_2,24.37
1512453302160,Humidity_2,11.1895125673443
1512453302163,Brightness_2,43
1512453304592,Sound_P,64.6112799352989
1512453304596,PodiumIR,147
1512453308550,Temperature_1,24.49
1512453308553,Humidity_1,11.5594722091468
1512453308556,Brightness_1,6
1512453308559,Temperature_2,24.37
1512453308561,Humidity_2,11.1895125673443
1512453308565,Brightness_2,43
1512453314598,Sound_P,76.8909209663263
1512453314602,PodiumIR,187
1512453315263,Temperature_1,24.49
1512453315266,Humidity_1,11.5594722091468
1512453315269,Brightness_1,6
1512453315271,Temperature_2,24.37
1512453315273,Humidity_2,11.1895125673443
1512453315277,Brightness_2,43
1512453321912,Temperature_1,24.49
1512453321915,Humidity_1,11.5594722091468
1512453321919,Brightness_1,6
1512453321921,Temperature_2,24.37
1512453321923,Humidity_2,11.1895125673443
1512453321926,Brightness_2,43
1512453324604,Sound_P,81.4892846141711
1512453324608,PodiumIR,168
1512453328479,Temperature_1,24.49
1512453328482,Humidity_1,11.5594722091468
1512453328485,Brightness_1,6
1512453328489,Temperature_2,24.49
1512453328492,Humidity_2,11.1895125673443
1512453328494,Brightness_2,42
1512453334610,Sound_P,85.4733022712187
1512453334614,PodiumIR,170
1512453335132,Temperature_1,24.49
1512453335135,Humidity_1,11.5594722091468
1512453335139,Brightness_1,6
1512453335141,Temperature_2,24.49
1512453335144,Humidity_2,11.1895125673443
1512453335146,Brightness_2,42
1512453341574,Temperature_1,24.49
1512453341577,Humidity_1,11.5594722091468
1512453341580,Brightness_1,6
1512453341583,Temperature_2,24.49
1512453341585,Humidity_2,11.1895125673443
1512453341588,Brightness_2,42
1512453344618,Sound_P,64.6112799352989
1512453344621,PodiumIR,157
1512453347994,Temperature_1,24.49
1512453347997,Humidity_1,11.5594722091468
1512453348000,Brightness_1,6
1512453348003,Temperature_2,24.49
1512453348005,Humidity_2,11.1895125673443
1512453348007,Brightness_2,42
1512453354479,Temperature_1,24.49
1512453354482,Humidity_1,11.5594722091468
1512453354485,Brightness_1,6
1512453354488,Temperature_2,24.49
1512453354491,Humidity_2,11.1895125673443
1512453354494,Brightness_2,42
1512453354624,Sound_P,65.2453551857387
1512453354627,PodiumIR,161
1512453360927,Temperature_1,24.49
1512453360930,Humidity_1,11.5594722091468
1512453360934,Brightness_1,6
1512453360936,Temperature_2,24.49
1512453360939,Humidity_2,11.1895125673443
1512453360942,Brightness_2,42
1512453364630,Sound_P,82.8522748925637
1512453364633,PodiumIR,166
1512453367687,Temperature_1,24.49
1512453367689,Humidity_1,11.5594722091468
1512453367693,Brightness_1,6
1512453367695,Temperature_2,24.49
1512453367698,Humidity_2,11.1895125673443
1512453367701,Brightness_2,42
1512453374445,Temperature_1,24.49
1512453374448,Humidity_1,11.5594722091468
1512453374451,Brightness_1,6
1512453374454,Temperature_2,24.49
1512453374456,Humidity_2,11.1895125673443
1512453374459,Brightness_2,42
1512453374636,Sound_P,80.2623893207859
1512453374639,PodiumIR,157
1512453381100,Temperature_1,24.49
1512453381103,Humidity_1,11.5594722091468
1512453381106,Brightness_1,6
1512453381109,Temperature_2,24.49
1512453381111,Humidity_2,11.1895125673443
1512453381115,Brightness_2,42
1512453384642,Sound_P,86.7317191498353
1512453384645,PodiumIR,170
1512453387566,Temperature_1,24.49
1512453387569,Humidity_1,11.5594722091468
1512453387572,Brightness_1,6
1512453387574,Temperature_2,24.49
1512453387577,Humidity_2,11.1895125673443
1512453387580,Brightness_2,43
1512453394313,Temperature_1,24.49
1512453394316,Humidity_1,11.5594722091468
1512453394320,Brightness_1,6
1512453394322,Temperature_2,24.49
1512453394324,Humidity_2,11.1895125673443
1512453394327,Brightness_2,43
1512453394648,Sound_P,67.0155172093058
1512453394651,PodiumIR,159
1512453400726,Temperature_1,24.49
1512453400729,Humidity_1,11.5594722091468
1512453400733,Brightness_1,6
1512453400735,Temperature_2,24.49
1512453400737,Humidity_2,11.1895125673443
1512453400740,Brightness_2,43
1512453404654,Sound_P,69.1183831740761
1512453404657,PodiumIR,168
1512453407422,Temperature_1,24.49
1512453407425,Humidity_1,11.5594722091468
1512453407428,Brightness_1,6
1512453407430,Temperature_2,24.49
1512453407433,Humidity_2,11.1895125673443
1512453407435,Brightness_2,43
1512453413869,Temperature_1,24.49
1512453413872,Humidity_1,11.5594722091468
1512453413875,Brightness_1,6
1512453413878,Temperature_2,24.49
1512453413880,Humidity_2,11.1895125673443
1512453413883,Brightness_2,43
1512453414660,Sound_P,64.6112799352989
1512453414663,PodiumIR,148
1512453420526,Temperature_1,24.6
1512453420530,Humidity_1,11.5594722091468
1512453420533,Brightness_1,5
1512453420535,Temperature_2,24.49
1512453420538,Humidity_2,11.1895125673443
1512453420541,Brightness_2,43
1512453424666,Sound_P,83.2830933692984
1512453424669,PodiumIR,131
1512453426961,Temperature_1,24.6
1512453426964,Humidity_1,11.5594722091468
1512453426967,Brightness_1,5
1512453426969,Temperature_2,24.49
1512453426972,Humidity_2,11.1895125673443
1512453426975,Brightness_2,43
1512453433735,Temperature_1,24.6
1512453433738,Humidity_1,11.5594722091468
1512453433741,Brightness_1,5
1512453433744,Temperature_2,24.49
1512453433746,Humidity_2,11.1895125673443
1512453433749,Brightness_2,43
1512453434671,Sound_P,86.0242040844678
1512453434674,PodiumIR,157
1512453440142,Temperature_1,24.6
1512453440145,Humidity_1,11.5594722091468
1512453440149,Brightness_1,5
1512453440152,Temperature_2,24.49
1512453440155,Humidity_2,11.1895125673443
1512453440158,Brightness_2,43
1512453444677,Sound_P,65.8563679754536
1512453444680,PodiumIR,174
1512453446603,Temperature_1,24.6
1512453446606,Humidity_1,11.5594722091468
1512453446609,Brightness_1,5
1512453446612,Temperature_2,24.49
1512453446614,Humidity_2,11.1895125673443
1512453446617,Brightness_2,43
1512453453294,Temperature_1,24.6
1512453453297,Humidity_1,11.5594722091468
1512453453301,Brightness_1,5
1512453453303,Temperature_2,24.49
1512453453305,Humidity_2,11.1895125673443
1512453453308,Brightness_2,42
1512453454683,Sound_P,79.7453946835258
1512453454686,PodiumIR,170
1512453459745,Temperature_1,24.6
1512453459748,Humidity_1,11.5594722091468
1512453459751,Brightness_1,5
1512453459754,Temperature_2,24.49
1512453459756,Humidity_2,11.1895125673443
1512453459759,Brightness_2,42
1512453464689,Sound_P,72.263724292699
1512453464692,PodiumIR,153
1512453466196,Temperature_1,24.6
1512453466200,Humidity_1,11.5594722091468
1512453466203,Brightness_1,5
1512453466205,Temperature_2,24.49
1512453466208,Humidity_2,11.1895125673443
1512453466211,Brightness_2,42
1512453472610,Temperature_1,24.6
1512453472613,Humidity_1,11.5594722091468
1512453472617,Brightness_1,5
1512453472620,Temperature_2,24.49
1512453472622,Humidity_2,11.1895125673443
1512453472625,Brightness_2,42
1512453474695,Sound_P,81.9560090707341
1512453474698,PodiumIR,150
1512453479304,Temperature_1,24.6
1512453479307,Humidity_1,11.5594722091468
1512453479310,Brightness_1,5
1512453479313,Temperature_2,24.49
1512453479315,Humidity_2,11.1895125673443
1512453479318,Brightness_2,42
1512453484701,Sound_P,77.1992048450907
1512453484704,PodiumIR,133
1512453486063,Temperature_1,24.6
1512453486066,Humidity_1,11.5594722091468
1512453486069,Brightness_1,5
1512453486072,Temperature_2,24.49
1512453486074,Humidity_2,11.1895125673443
1512453486077,Brightness_2,42
1512453492483,Temperature_1,24.6
1512453492486,Humidity_1,11.5594722091468
1512453492492,Brightness_1,5
1512453492495,Temperature_2,24.49
1512453492497,Humidity_2,11.1895125673443
1512453492499,Brightness_2,42
1512453494708,Sound_P,61.804604258873
1512453494711,PodiumIR,173
1512453499176,Temperature_1,24.6
1512453499179,Humidity_1,11.5594722091468
1512453499183,Brightness_1,5
1512453499185,Temperature_2,24.49
1512453499187,Humidity_2,11.1895125673443
1512453499191,Brightness_2,42
1512453504714,Sound_P,81.7242674655887
1512453504718,PodiumIR,163
1512453505621,Temperature_1,24.6
1512453505624,Humidity_1,11.5594722091468
1512453505628,Brightness_1,5
1512453505630,Temperature_2,24.49
1512453505632,Humidity_2,11.1895125673443
1512453505635,Brightness_2,42
1512453512489,Temperature_1,24.6
1512453512492,Humidity_1,11.5594722091468
1512453512496,Brightness_1,5
1512453512499,Temperature_2,24.49
1512453512501,Humidity_2,11.1895125673443
1512453512504,Brightness_2,42
1512453514723,Sound_P,86.2038956369183
1512453514727,PodiumIR,151
1512453518933,Temperature_1,24.6
1512453518936,Humidity_1,11.5594722091468
1512453518939,Brightness_1,5
1512453518942,Temperature_2,24.49
1512453518944,Humidity_2,11.1895125673443
1512453518947,Brightness_2,43
1512453524735,Sound_P,77.1992048450907
1512453524738,PodiumIR,152
1512453525589,Temperature_1,24.6
1512453525592,Humidity_1,11.5594722091468
1512453525595,Brightness_1,5
1512453525598,Temperature_2,24.49
1512453525600,Humidity_2,11.1895125673443
1512453525603,Brightness_2,43
1512453532041,Temperature_1,24.6
1512453532043,Humidity_1,11.5594722091468
1512453532047,Brightness_1,5
1512453532049,Temperature_2,24.49
1512453532051,Humidity_2,11.1895125673443
1512453532054,Brightness_2,43
1512453534748,Sound_P,76.2568457158865
1512453534751,PodiumIR,167
1512453538488,Temperature_1,24.6
1512453538492,Humidity_1,11.5594722091468
1512453538497,Brightness_1,5
1512453538500,Temperature_2,24.49
1512453538502,Humidity_2,11.1895125673443
1512453538505,Brightness_2,43
1512453544755,Sound_P,66.4459372396027
1512453544761,PodiumIR,168
1512453545251,Temperature_1,24.6
1512453545254,Humidity_1,11.5594722091468
1512453545257,Brightness_1,5
1512453545260,Temperature_2,24.49
1512453545262,Humidity_2,11.1895125673443
1512453545266,Brightness_2,43
1512453551702,Temperature_1,24.6
1512453551705,Humidity_1,11.5594722091468
1512453551708,Brightness_1,6
1512453551710,Temperature_2,24.49
1512453551713,Humidity_2,11.1895125673443
1512453551716,Brightness_2,43
1512453554765,Sound_P,82.1845976309232
1512453554769,PodiumIR,146
1512453558358,Temperature_1,24.6
1512453558361,Humidity_1,11.5594722091468
1512453558364,Brightness_1,6
1512453558367,Temperature_2,24.49
1512453558369,Humidity_2,11.1895125673443
1512453558371,Brightness_2,43
1512453564765,Temperature_1,24.6
1512453564768,Humidity_1,11.5594722091468
1512453564771,Brightness_1,6
1512453564773,Sound_P,80.0058805215165
1512453564776,PodiumIR,142
1512453564780,Temperature_2,24.49
1512453564785,Humidity_2,11.1895125673443
1512453564789,Brightness_2,43
1512453571466,Temperature_1,24.6
1512453571469,Humidity_1,11.5594722091468
1512453571472,Brightness_1,6
1512453571475,Temperature_2,24.49
1512453571478,Humidity_2,11.1895125673443
1512453571481,Brightness_2,43
1512453574782,Sound_P,69.1183831740761
1512453574785,PodiumIR,134
1512453578326,Temperature_1,24.6
1512453578329,Humidity_1,11.5594722091468
1512453578332,Brightness_1,6
1512453578335,Temperature_2,24.49
1512453578337,Humidity_2,11.1895125673443
1512453578341,Brightness_2,43
1512453584730,Temperature_1,24.6
1512453584733,Humidity_1,11.5594722091468
1512453584736,Brightness_1,6
1512453584739,Temperature_2,24.49
1512453584741,Humidity_2,11.1895125673443
1512453584744,Brightness_2,43
1512453584798,Sound_P,72.6685872567788
1512453584801,PodiumIR,162
1512453591433,Temperature_1,24.6
1512453591437,Humidity_1,11.5594722091468
1512453591440,Brightness_1,6
1512453591442,Temperature_2,24.49
1512453591444,Humidity_2,11.1895125673443
1512453591448,Brightness_2,43
1512453594804,Sound_P,76.2568457158865
1512453594807,PodiumIR,130
1512453598090,Temperature_1,24.6
1512453598093,Humidity_1,11.5594722091468
1512453598097,Brightness_1,6
1512453598099,Temperature_2,24.49
1512453598101,Humidity_2,11.1895125673443
1512453598104,Brightness_2,43
1512453604529,Temperature_1,24.6
1512453604532,Humidity_1,11.5594722091468
1512453604535,Brightness_1,6
1512453604538,Temperature_2,24.49
1512453604541,Humidity_2,11.1895125673443
1512453604543,Brightness_2,43
1512453604810,Sound_P,74.5583298563306
1512453604813,PodiumIR,177
1512453611197,Temperature_1,24.49
1512453611200,Humidity_1,11.6827920897476
1512453611204,Brightness_1,6
1512453611206,Temperature_2,24.49
1512453611208,Humidity_2,11.1895125673443
1512453611212,Brightness_2,43
1512453614816,Sound_P,64.6112799352989
1512453614819,PodiumIR,176
1512453617853,Temperature_1,24.49
1512453617856,Humidity_1,11.6827920897476
1512453617860,Brightness_1,6
1512453617862,Temperature_2,24.49
1512453617864,Humidity_2,11.1895125673443
1512453617868,Brightness_2,43
1512453624483,Temperature_1,24.49
1512453624486,Humidity_1,11.6827920897476
1512453624490,Brightness_1,6
1512453624493,Temperature_2,24.49
1512453624495,Humidity_2,11.1895125673443
1512453624498,Brightness_2,43
1512453624822,Sound_P,72.263724292699
1512453624825,PodiumIR,135
1512453630965,Temperature_1,24.49
1512453630968,Humidity_1,11.6827920897476
1512453630972,Brightness_1,6
1512453630974,Temperature_2,24.49
1512453630976,Humidity_2,11.1895125673443
1512453630979,Brightness_2,43
1512453634828,Sound_P,83.9092900732867
1512453634831,PodiumIR,160
1512453637412,Temperature_1,24.49
1512453637416,Humidity_1,11.6827920897476
1512453637419,Brightness_1,6
1512453637422,Temperature_2,24.49
1512453637424,Humidity_2,11.1895125673443
1512453637426,Brightness_2,43
1512453643873,Temperature_1,24.49
1512453643876,Humidity_1,11.6827920897476
1512453643880,Brightness_1,6
1512453643882,Temperature_2,24.49
1512453643884,Humidity_2,11.1895125673443
1512453643887,Brightness_2,43
1512453644834,Sound_P,68.6168235401983
1512453644837,PodiumIR,155
1512453650315,Temperature_1,24.49
1512453650318,Humidity_1,11.6827920897476
1512453650322,Brightness_1,6
1512453650324,Temperature_2,24.49
1512453650326,Humidity_2,11.1895125673443
1512453650330,Brightness_2,43
1512453654840,Sound_P,70.5390318503356
1512453654843,PodiumIR,174
1512453656750,Temperature_1,24.49
1512453656753,Humidity_1,11.6827920897476
1512453656756,Brightness_1,6
1512453656759,Temperature_2,24.49
1512453656761,Humidity_2,11.1895125673443
1512453656764,Brightness_2,43
1512453663422,Temperature_1,24.49
1512453663425,Humidity_1,11.6827920897476
1512453663429,Brightness_1,6
1512453663431,Temperature_2,24.49
1512453663433,Humidity_2,11.1895125673443
1512453663435,Brightness_2,43
1512453664846,Sound_P,74.1970041024132
1512453664849,PodiumIR,142
1512453669873,Temperature_1,24.49
1512453669876,Humidity_1,11.6827920897476
1512453669880,Brightness_1,6
1512453669882,Temperature_2,24.49
1512453669884,Humidity_2,11.1895125673443
1512453669888,Brightness_2,43
1512453674852,Sound_P,70.987085069563
1512453674855,PodiumIR,144
1512453677359,Temperature_1,24.6
1512453677362,Humidity_1,11.6827920897476
1512453677365,Brightness_1,5
1512453677368,Temperature_2,24.49
1512453677370,Humidity_2,11.1895125673443
1512453677373,Brightness_2,43
1512453683813,Temperature_1,24.6
1512453683816,Humidity_1,11.6827920897476
1512453683819,Brightness_1,5
1512453683822,Temperature_2,24.49
1512453683824,Humidity_2,11.1895125673443
1512453683826,Brightness_2,43
1512453684858,Sound_P,64.6112799352989
1512453684862,PodiumIR,155
1512453690479,Temperature_1,24.6
1512453690482,Humidity_1,11.6827920897476
1512453690485,Brightness_1,5
1512453690488,Temperature_2,24.49
1512453690491,Humidity_2,11.1895125673443
1512453690493,Brightness_2,43
1512453694864,Sound_P,65.8563679754536
1512453694868,PodiumIR,145
1512453697010,Temperature_1,24.6
1512453697013,Humidity_1,11.6827920897476
1512453697016,Brightness_1,5
1512453697019,Temperature_2,24.49
1512453697021,Humidity_2,11.1895125673443
1512453697024,Brightness_2,43
1512453703666,Temperature_1,24.6
1512453703669,Humidity_1,11.6827920897476
1512453703673,Brightness_1,5
1512453703675,Temperature_2,24.49
1512453703677,Humidity_2,11.1895125673443
1512453703680,Brightness_2,43
1512453704870,Sound_P,73.0639231437675
1512453704874,PodiumIR,152
1512453710425,Temperature_1,24.6
1512453710428,Humidity_1,11.6827920897476
1512453710431,Brightness_1,5
1512453710434,Temperature_2,24.49
1512453710436,Humidity_2,11.1895125673443
1512453710439,Brightness_2,43
1512453714876,Sound_P,61.804604258873
1512453714880,PodiumIR,154
1512453724882,Sound_P,62.5514383218256
1512453724886,PodiumIR,153
1512453732134,Temperature_1,24.6
1512453732137,Humidity_1,11.6827920897476
1512453732140,Brightness_1,5
1512453732143,Temperature_2,24.49
1512453732145,Humidity_2,11.1895125673443
1512453732148,Brightness_2,43
1512453734889,Sound_P,68.6168235401983
1512453734892,PodiumIR,121
1512453738531,Temperature_1,24.6
1512453738534,Humidity_1,11.5594722091468
1512453738537,Brightness_1,5
1512453738540,Temperature_2,24.49
1512453738542,Humidity_2,11.1895125673443
1512453738545,Brightness_2,43
1512453744895,Sound_P,60.2032979279805
1512453744898,PodiumIR,165
1512453744930,Temperature_1,24.6
1512453744933,Humidity_1,11.5594722091468
1512453744937,Brightness_1,5
1512453744940,Temperature_2,24.49
1512453744942,Humidity_2,11.1895125673443
1512453744944,Brightness_2,43
1512453751599,Temperature_1,24.6
1512453751602,Humidity_1,11.5594722091468
1512453751606,Brightness_1,5
1512453751608,Temperature_2,24.49
1512453751610,Humidity_2,11.1895125673443
1512453751613,Brightness_2,43
1512453754901,Sound_P,63.2664824036758
1512453754904,PodiumIR,164
1512453758038,Temperature_1,24.6
1512453758041,Humidity_1,11.5594722091468
1512453758044,Brightness_1,5
1512453758047,Temperature_2,24.49
1512453758049,Humidity_2,11.1895125673443
1512453758052,Brightness_2,43
1512453764479,Temperature_1,24.6
1512453764482,Humidity_1,11.5594722091468
1512453764485,Brightness_1,5
1512453764488,Temperature_2,24.49
1512453764491,Humidity_2,11.1895125673443
1512453764495,Brightness_2,43
1512453764907,Sound_P,57.4728173934884
1512453764911,PodiumIR,163
1512453770944,Temperature_1,24.6
1512453770947,Humidity_1,11.5594722091468
1512453770950,Brightness_1,5
1512453770953,Temperature_2,24.49
1512453770955,Humidity_2,11.1895125673443
1512453770958,Brightness_2,43
1512453774913,Sound_P,69.6054027810836
1512453774923,PodiumIR,154
1512453777600,Temperature_1,24.6
1512453777603,Humidity_1,11.5594722091468
1512453777606,Brightness_1,5
1512453777609,Temperature_2,24.49
1512453777611,Humidity_2,11.1895125673443
1512453777614,Brightness_2,43
1512453784051,Temperature_1,24.6
1512453784055,Humidity_1,11.5594722091468
1512453784058,Brightness_1,5
1512453784060,Temperature_2,24.49
1512453784063,Humidity_2,11.1895125673443
1512453784066,Brightness_2,43
1512453784928,Sound_P,73.4501700394606
1512453784931,PodiumIR,151
1512453790479,Temperature_1,24.6
1512453790482,Humidity_1,11.5594722091468
1512453790485,Brightness_1,5
1512453790488,Temperature_2,24.49
1512453790491,Humidity_2,11.1895125673443
1512453790494,Brightness_2,43
1512453794934,Sound_P,73.0639231437675
1512453794937,PodiumIR,153
1512453797159,Temperature_1,24.6
1512453797162,Humidity_1,11.5594722091468
1512453797165,Brightness_1,5
1512453797167,Temperature_2,24.49
1512453797170,Humidity_2,11.1895125673443
1512453797173,Brightness_2,43
1512453803610,Temperature_1,24.6
1512453803613,Humidity_1,11.5594722091468
1512453803617,Brightness_1,6
1512453803619,Temperature_2,24.49
1512453803621,Humidity_2,11.1895125673443
1512453803625,Brightness_2,43
1512453804941,Sound_P,62.5514383218256
1512453804945,PodiumIR,157
1512453810266,Temperature_1,24.6
1512453810269,Humidity_1,11.5594722091468
1512453810272,Brightness_1,6
1512453810275,Temperature_2,24.49
1512453810277,Humidity_2,11.1895125673443
1512453810280,Brightness_2,43
1512453814947,Sound_P,59.3415192889753
1512453814951,PodiumIR,141
1512453816711,Temperature_1,24.6
1512453816714,Humidity_1,11.5594722091468
1512453816718,Brightness_1,6
1512453816720,Temperature_2,24.49
1512453816722,Humidity_2,11.1895125673443
1512453816725,Brightness_2,43
1512453823476,Temperature_1,24.6
1512453823479,Humidity_1,11.5594722091468
1512453823483,Brightness_1,6
1512453823485,Temperature_2,24.49
1512453823488,Humidity_2,11.1895125673443
1512453823492,Brightness_2,43
1512453824953,Sound_P,65.2453551857387
1512453824967,PodiumIR,139
1512453829934,Temperature_1,24.6
1512453829937,Humidity_1,11.5594722091468
1512453829941,Brightness_1,6
1512453829943,Temperature_2,24.49
1512453829945,Humidity_2,11.1895125673443
1512453829948,Brightness_2,43
1512453834974,Sound_P,79.2119848031425
1512453834980,PodiumIR,143
1512453836378,Temperature_1,24.6
1512453836381,Humidity_1,11.5594722091468
1512453836385,Brightness_1,6
1512453836388,Temperature_2,24.49
1512453836390,Humidity_2,11.1895125673443
1512453836392,Brightness_2,43
1512453842801,Temperature_1,24.6
1512453842803,Humidity_1,11.5594722091468
1512453842807,Brightness_1,6
1512453842809,Temperature_2,24.49
1512453842811,Humidity_2,11.1895125673443
1512453842814,Brightness_2,43
1512453844987,Sound_P,67.0155172093058
1512453844991,PodiumIR,137
1512453849486,Temperature_1,24.6
1512453849492,Humidity_1,11.5594722091468
1512453849494,Brightness_1,6
1512453849497,Temperature_2,24.49
1512453849502,Humidity_2,11.1895125673443
1512453849505,Brightness_2,43
1512453854998,Sound_P,71.8488637085682
1512453855001,PodiumIR,153
1512453856142,Temperature_1,24.6
1512453856149,Humidity_1,11.5594722091468
1512453856151,Brightness_1,6
1512453856153,Temperature_2,24.49
1512453856156,Humidity_2,11.1895125673443
1512453856162,Brightness_2,43
1512453862551,Temperature_1,24.6
1512453862557,Humidity_1,11.5594722091468
1512453862559,Brightness_1,6
1512453862561,Temperature_2,24.49
1512453862565,Humidity_2,11.1895125673443
1512453862577,Brightness_2,43
1512453865009,Sound_P,61.0230214761912
1512453865013,PodiumIR,193
1512453869250,Temperature_1,24.6
1512453869256,Humidity_1,11.5594722091468
1512453869258,Brightness_1,5
1512453869261,Temperature_2,24.49
1512453869263,Humidity_2,11.1895125673443
1512453869269,Brightness_2,43
1512453875021,Sound_P,59.3415192889753
1512453875025,PodiumIR,203
1512453875701,Temperature_1,24.6
1512453875706,Humidity_1,11.5594722091468
1512453875709,Brightness_1,5
1512453875711,Temperature_2,24.49
1512453875714,Humidity_2,11.1895125673443
1512453875720,Brightness_2,43
1512453882152,Temperature_1,24.6
1512453882157,Humidity_1,11.5594722091468
1512453882160,Brightness_1,5
1512453882162,Temperature_2,24.49
1512453882164,Humidity_2,11.1895125673443
1512453882168,Brightness_2,43
1512453885032,Sound_P,57.4728173934884
1512453885035,PodiumIR,168
1512453888549,Temperature_1,24.6
1512453888553,Humidity_1,11.5594722091468
1512453888556,Brightness_1,5
1512453888559,Temperature_2,24.49
1512453888561,Humidity_2,11.1895125673443
1512453888564,Brightness_2,43
1512453895038,Sound_P,60.2032979279805
1512453895041,PodiumIR,103
1512453895094,Temperature_1,24.6
1512453895098,Humidity_1,11.5594722091468
1512453895101,Brightness_1,5
1512453895103,Temperature_2,24.49
1512453895106,Humidity_2,11.1895125673443
1512453895108,Brightness_2,42
1512453901533,Temperature_1,24.6
1512453901536,Humidity_1,11.5594722091468
1512453901539,Brightness_1,5
1512453901542,Temperature_2,24.49
1512453901544,Humidity_2,11.1895125673443
1512453901546,Brightness_2,42
1512453905044,Sound_P,63.9523327336106
1512453905047,PodiumIR,160
1512453908080,Temperature_1,24.6
1512453908083,Humidity_1,11.5594722091468
1512453908086,Brightness_1,5
1512453908088,Temperature_2,24.49
1512453908090,Humidity_2,11.1895125673443
1512453908093,Brightness_2,42
1512453914493,Temperature_1,24.6
1512453914496,Humidity_1,11.5594722091468
1512453914499,Brightness_1,5
1512453914501,Temperature_2,24.49
1512453914502,Humidity_2,11.1895125673443
1512453914504,Brightness_2,42
1512453915050,Sound_P,73.4501700394606
1512453915053,PodiumIR,174
1512453921167,Temperature_1,24.6
1512453921170,Humidity_1,11.5594722091468
1512453921174,Brightness_1,5
1512453921176,Temperature_2,24.49
1512453921178,Humidity_2,11.1895125673443
1512453921182,Brightness_2,42
1512453925055,Sound_P,69.1183831740761
1512453925059,PodiumIR,177
1512453927926,Temperature_1,24.72
1512453927929,Humidity_1,11.5594722091468
1512453927932,Brightness_1,5
1512453927934,Temperature_2,24.49
1512453927937,Humidity_2,11.1895125673443
1512453927940,Brightness_2,42
1512453934482,Temperature_1,24.72
1512453934485,Humidity_1,11.5594722091468
1512453934489,Brightness_1,5
1512453934493,Temperature_2,24.49
1512453934497,Humidity_2,11.1895125673443
1512453934500,Brightness_2,42
1512453935061,Sound_P,60.2032979279805
1512453935064,PodiumIR,169
1512453941238,Temperature_1,24.72
1512453941241,Humidity_1,11.5594722091468
1512453941245,Brightness_1,5
1512453941248,Temperature_2,24.49
1512453941251,Humidity_2,11.1895125673443
1512453941255,Brightness_2,42
1512453945067,Sound_P,64.6112799352989
1512453945082,PodiumIR,141
1512453947689,Temperature_1,24.72
1512453947693,Humidity_1,11.5594722091468
1512453947696,Brightness_1,5
1512453947699,Temperature_2,24.49
1512453947701,Humidity_2,11.1895125673443
1512453947704,Brightness_2,42
1512453954143,Temperature_1,24.72
1512453954147,Humidity_1,11.5594722091468
1512453954151,Brightness_1,5
1512453954153,Temperature_2,24.49
1512453954156,Humidity_2,11.1895125673443
1512453954159,Brightness_2,42
1512453955087,Sound_P,55.3699514287182
1512453955090,PodiumIR,152
1512453960551,Temperature_1,24.72
1512453960555,Humidity_1,11.5594722091468
1512453960558,Brightness_1,5
1512453960561,Temperature_2,24.49
1512453960564,Humidity_2,11.1895125673443
1512453960567,Brightness_2,43
1512453965093,Sound_P,66.4459372396027
1512453965096,PodiumIR,177
1512453966959,Temperature_1,24.72
1512453966962,Humidity_1,11.5594722091468
1512453966966,Brightness_1,5
1512453966969,Temperature_2,24.49
1512453966972,Humidity_2,11.1895125673443
1512453966975,Brightness_2,43
1512453973494,Temperature_1,24.72
1512453973498,Humidity_1,11.5594722091468
1512453973501,Brightness_1,5
1512453973504,Temperature_2,24.49
1512453973507,Humidity_2,11.1895125673443
1512453973510,Brightness_2,43
1512453975099,Sound_P,55.3699514287182
1512453975102,PodiumIR,181
1512453979895,Temperature_1,24.72
1512453979899,Humidity_1,11.5594722091468
1512453979902,Brightness_1,5
1512453979905,Temperature_2,24.49
1512453979908,Humidity_2,11.1895125673443
1512453979910,Brightness_2,43
1512453985105,Sound_P,61.0230214761912
1512453985117,PodiumIR,201
1512453986479,Temperature_1,24.72
1512453986483,Humidity_1,11.5594722091468
1512453986486,Brightness_1,5
1512453986492,Temperature_2,24.49
1512453986495,Humidity_2,11.1895125673443
1512453986498,Brightness_2,43
1512453993170,Temperature_1,24.6
1512453993172,Humidity_1,11.5594722091468
1512453993175,Brightness_1,6
1512453993178,Temperature_2,24.49
1512453993180,Humidity_2,11.1895125673443
1512453993182,Brightness_2,43
1512453995125,Sound_P,62.5514383218256
1512453995128,PodiumIR,186
1512453999812,Temperature_1,24.6
1512453999815,Humidity_1,11.5594722091468
1512453999819,Brightness_1,6
1512453999821,Temperature_2,24.49
1512453999824,Humidity_2,11.1895125673443
1512453999828,Brightness_2,43
1512454005131,Sound_P,65.2453551857387
1512454005141,PodiumIR,119
1512454006263,Temperature_1,24.6
1512454006266,Humidity_1,11.5594722091468
1512454006269,Brightness_1,6
1512454006272,Temperature_2,24.49
1512454006274,Humidity_2,11.1895125673443
1512454006276,Brightness_2,43
1512454012685,Temperature_1,24.6
1512454012688,Humidity_1,11.5594722091468
1512454012692,Brightness_1,6
1512454012694,Temperature_2,24.49
1512454012696,Humidity_2,11.1895125673443
1512454012699,Brightness_2,43
1512454015148,Sound_P,67.0155172093058
1512454015151,PodiumIR,166
1512454019105,Temperature_1,24.6
1512454019108,Humidity_1,11.5594722091468
1512454019111,Brightness_1,6
1512454019114,Temperature_2,24.49
1512454019116,Humidity_2,11.1895125673443
1512454019119,Brightness_2,43
1512454025154,Sound_P,61.0230214761912
1512454025157,PodiumIR,169
1512454025618,Temperature_1,24.6
1512454025621,Humidity_1,11.5594722091468
1512454025624,Brightness_1,6
1512454025626,Temperature_2,24.49
1512454025629,Humidity_2,11.1895125673443
1512454025632,Brightness_2,43
1512454032068,Temperature_1,24.6
1512454032071,Humidity_1,11.5594722091468
1512454032074,Brightness_1,6
1512454032077,Temperature_2,24.49
1512454032079,Humidity_2,11.1895125673443
1512454032082,Brightness_2,43
1512454035160,Sound_P,65.8563679754536
1512454035163,PodiumIR,171
1512454038487,Temperature_1,24.6
1512454038492,Humidity_1,11.5594722091468
1512454038496,Brightness_1,6
1512454038499,Temperature_2,24.49
1512454038501,Humidity_2,11.1895125673443
1512454038503,Brightness_2,43
1512454045165,Sound_P,66.4459372396027
1512454045169,PodiumIR,164
1512454045181,Temperature_1,24.6
1512454045184,Humidity_1,11.5594722091468
1512454045188,Brightness_1,6
1512454045191,Temperature_2,24.49
1512454045194,Humidity_2,11.1895125673443
1512454045197,Brightness_2,43
1512454052037,Temperature_1,24.6
1512454052040,Humidity_1,11.5594722091468
1512454052043,Brightness_1,6
1512454052046,Temperature_2,24.49
1512454052048,Humidity_2,11.1895125673443
1512454052051,Brightness_2,43
1512454055172,Sound_P,63.2664824036758
1512454055175,PodiumIR,162
1512454058455,Temperature_1,24.72
1512454058458,Humidity_1,11.5594722091468
1512454058461,Brightness_1,5
1512454058463,Temperature_2,24.49
1512454058466,Humidity_2,11.1895125673443
1512454058471,Brightness_2,43
1512454065144,Temperature_1,24.72
1512454065147,Humidity_1,11.5594722091468
1512454065150,Brightness_1,5
1512454065153,Temperature_2,24.49
1512454065155,Humidity_2,11.1895125673443
1512454065157,Brightness_2,43
1512454065178,Sound_P,69.1183831740761
1512454065181,PodiumIR,160
1512454071596,Temperature_1,24.72
1512454071599,Humidity_1,11.5594722091468
1512454071602,Brightness_1,5
1512454071604,Temperature_2,24.49
1512454071607,Humidity_2,11.1895125673443
1512454071610,Brightness_2,43
1512454075185,Sound_P,64.6112799352989
1512454075188,PodiumIR,151
1512454078354,Temperature_1,24.72
1512454078357,Humidity_1,11.5594722091468
1512454078361,Brightness_1,5
1512454078363,Temperature_2,24.49
1512454078365,Humidity_2,11.1895125673443
1512454078368,Brightness_2,43
1512454084781,Temperature_1,24.72
1512454084784,Humidity_1,11.5594722091468
1512454084787,Brightness_1,5
1512454084790,Temperature_2,24.49
1512454084792,Humidity_2,11.1895125673443
1512454084794,Brightness_2,41
1512454085191,Sound_P,64.6112799352989
1512454085194,PodiumIR,156
1512454091461,Temperature_1,24.72
1512454091464,Humidity_1,11.5594722091468
1512454091467,Brightness_1,5
1512454091470,Temperature_2,24.49
1512454091472,Humidity_2,11.1895125673443
1512454091474,Brightness_2,41
1512454095197,Sound_P,63.2664824036758
1512454095207,PodiumIR,193
1512454097871,Temperature_1,24.72
1512454097874,Humidity_1,11.5594722091468
1512454097878,Brightness_1,5
1512454097880,Temperature_2,24.49
1512454097882,Humidity_2,11.1895125673443
1512454097884,Brightness_2,41
1512454104489,Temperature_1,24.72
1512454104493,Humidity_1,11.5594722091468
1512454104497,Brightness_1,5
1512454104499,Temperature_2,24.49
1512454104501,Humidity_2,11.1895125673443
1512454104504,Brightness_2,41
1512454105210,Sound_P,58.4331359044134
1512454105213,PodiumIR,164
1512454110884,Temperature_1,24.72
1512454110888,Humidity_1,11.5594722091468
1512454110891,Brightness_1,5
1512454110893,Temperature_2,24.49
1512454110895,Humidity_2,11.1895125673443
1512454110897,Brightness_2,41
1512454115216,Sound_P,61.804604258873
1512454115219,PodiumIR,175
1512454117471,Temperature_1,24.72
1512454117474,Humidity_1,11.5594722091468
1512454117478,Brightness_1,5
1512454117480,Temperature_2,24.49
1512454117482,Humidity_2,11.1895125673443
1512454117485,Brightness_2,41
1512454123923,Temperature_1,24.6
1512454123926,Humidity_1,11.5594722091468
1512454123929,Brightness_1,5
1512454123932,Temperature_2,24.49
1512454123934,Humidity_2,11.1895125673443
1512454123937,Brightness_2,41
1512454125222,Sound_P,68.6168235401983
1512454125225,PodiumIR,179
1512454130482,Temperature_1,24.6
1512454130485,Humidity_1,11.5594722091468
1512454130489,Brightness_1,5
1512454130492,Temperature_2,24.49
1512454130494,Humidity_2,11.1895125673443
1512454130497,Brightness_2,41
1512454135228,Sound_P,63.9523327336106
1512454135231,PodiumIR,139
1512454136886,Temperature_1,24.6
1512454136889,Humidity_1,11.5594722091468
1512454136892,Brightness_1,5
1512454136894,Temperature_2,24.49
1512454136896,Humidity_2,11.1895125673443
1512454136899,Brightness_2,41
1512454143584,Temperature_1,24.6
1512454143587,Humidity_1,11.5594722091468
1512454143590,Brightness_1,5
1512454143592,Temperature_2,24.49
1512454143594,Humidity_2,11.1895125673443
1512454143597,Brightness_2,41
1512454145234,Sound_P,57.4728173934884
1512454145237,PodiumIR,168
1512454150240,Temperature_1,24.6
1512454150243,Humidity_1,11.5594722091468
1512454150246,Brightness_1,5
1512454150248,Temperature_2,24.49
1512454150251,Humidity_2,11.1895125673443
1512454150255,Brightness_2,42
1512454155246,Sound_P,55.3699514287182
1512454155256,PodiumIR,146
1512454156677,Temperature_1,24.6
1512454156680,Humidity_1,11.5594722091468
1512454156683,Brightness_1,5
1512454156686,Temperature_2,24.49
1512454156690,Humidity_2,11.1895125673443
1512454156692,Brightness_2,42
1512454163143,Temperature_1,24.6
1512454163146,Humidity_1,11.5594722091468
1512454163150,Brightness_1,5
1512454163152,Temperature_2,24.49
1512454163154,Humidity_2,11.1895125673443
1512454163158,Brightness_2,42
1512454165262,Sound_P,55.3699514287182
1512454165266,PodiumIR,145
1512454169803,Temperature_1,24.6
1512454169806,Humidity_1,11.5594722091468
1512454169810,Brightness_1,5
1512454169812,Temperature_2,24.49
1512454169814,Humidity_2,11.1895125673443
1512454169819,Brightness_2,42
1512454175272,Sound_P,61.0230214761912
1512454175275,PodiumIR,145
1512454176250,Temperature_1,24.6
1512454176253,Humidity_1,11.5594722091468
1512454176256,Brightness_1,5
1512454176258,Temperature_2,24.49
1512454176261,Humidity_2,11.1895125673443
1512454176264,Brightness_2,42
1512454182660,Temperature_1,24.6
1512454182663,Humidity_1,11.5594722091468
1512454182667,Brightness_1,5
1512454182670,Temperature_2,24.49
1512454182672,Humidity_2,11.1895125673443
1512454182674,Brightness_2,42
1512454185281,Sound_P,59.3415192889753
1512454185285,PodiumIR,142
1512454189074,Temperature_1,24.6
1512454189076,Humidity_1,11.5594722091468
1512454189080,Brightness_1,5
1512454189082,Temperature_2,24.49
1512454189084,Humidity_2,11.1895125673443
1512454189089,Brightness_2,42
1512454195291,Sound_P,65.2453551857387
1512454195294,PodiumIR,177
1512454195813,Temperature_1,24.6
1512454195816,Humidity_1,11.5594722091468
1512454195820,Brightness_1,5
1512454195822,Temperature_2,24.49
1512454195824,Humidity_2,11.1895125673443
1512454195826,Brightness_2,42
1512454202260,Temperature_1,24.6
1512454202263,Humidity_1,11.5594722091468
1512454202266,Brightness_1,5
1512454202268,Temperature_2,24.49
1512454202271,Humidity_2,11.1895125673443
1512454202275,Brightness_2,42
1512454205297,Sound_P,59.3415192889753
1512454205301,PodiumIR,180
1512454208665,Temperature_1,24.6
1512454208668,Humidity_1,11.5594722091468
1512454208670,Brightness_1,5
1512454208673,Temperature_2,24.49
1512454208675,Humidity_2,11.1895125673443
1512454208680,Brightness_2,42
1512454215306,Sound_P,66.4459372396027
1512454215310,PodiumIR,182
1512454215335,Temperature_1,24.6
1512454215340,Humidity_1,11.5594722091468
1512454215343,Brightness_1,5
1512454215345,Temperature_2,24.49
1512454215348,Humidity_2,11.1895125673443
1512454215354,Brightness_2,41
1512454222038,Temperature_1,24.6
1512454222044,Humidity_1,11.5594722091468
1512454222047,Brightness_1,5
1512454222049,Temperature_2,24.49
1512454222052,Humidity_2,11.1895125673443
1512454222056,Brightness_2,41
1512454225316,Sound_P,61.0230214761912
1512454225319,PodiumIR,186
1512454228491,Temperature_1,24.6
1512454228495,Humidity_1,11.5594722091468
1512454228498,Brightness_1,5
1512454228501,Temperature_2,24.49
1512454228503,Humidity_2,11.1895125673443
1512454228505,Brightness_2,41
1512454235326,Sound_P,56.4542631223505
1512454235329,PodiumIR,187
1512454237892,Temperature_1,24.6
1512454237895,Humidity_1,11.5594722091468
1512454237899,Brightness_1,5
1512454237901,Temperature_2,24.49
1512454237903,Humidity_2,11.1895125673443
1512454237906,Brightness_2,41
1512454244479,Temperature_1,24.6
1512454244482,Humidity_1,11.5594722091468
1512454244486,Brightness_1,5
1512454244489,Temperature_2,24.49
1512454244491,Humidity_2,11.1895125673443
1512454244493,Brightness_2,41
1512454245336,Sound_P,59.3415192889753
1512454245339,PodiumIR,193
1512454250901,Temperature_1,24.6
1512454250904,Humidity_1,11.5594722091468
1512454250908,Brightness_1,5
1512454250910,Temperature_2,24.49
1512454250912,Humidity_2,11.1895125673443
1512454250914,Brightness_2,41
1512454255345,Sound_P,65.8563679754536
1512454255349,PodiumIR,196
1512454257352,Temperature_1,24.6
1512454257355,Humidity_1,11.5594722091468
1512454257359,Brightness_1,5
1512454257361,Temperature_2,24.49
1512454257364,Humidity_2,11.1895125673443
1512454257368,Brightness_2,41
1512454263804,Temperature_1,24.6
1512454263807,Humidity_1,11.5594722091468
1512454263811,Brightness_1,5
1512454263814,Temperature_2,24.49
1512454263817,Humidity_2,11.1895125673443
1512454263821,Brightness_2,41
1512454265356,Sound_P,61.0230214761912
1512454265359,PodiumIR,161
1512454270459,Temperature_1,24.6
1512454270463,Humidity_1,11.5594722091468
1512454270467,Brightness_1,5
1512454270470,Temperature_2,24.49
1512454270473,Humidity_2,11.1895125673443
1512454270478,Brightness_2,41
1512454275365,Sound_P,60.2032979279805
1512454275369,PodiumIR,155
1512454277320,Temperature_1,24.6
1512454277324,Humidity_1,11.5594722091468
1512454277329,Brightness_1,5
1512454277331,Temperature_2,24.49
1512454277334,Humidity_2,11.1895125673443
1512454277338,Brightness_2,41
1512454283772,Temperature_1,24.6
1512454283775,Humidity_1,11.5594722091468
1512454283779,Brightness_1,5
1512454283782,Temperature_2,24.49
1512454283784,Humidity_2,11.1895125673443
1512454283788,Brightness_2,41
1512454285375,Sound_P,63.9523327336106
1512454285378,PodiumIR,159
1512454290224,Temperature_1,24.6
1512454290227,Humidity_1,11.5594722091468
1512454290231,Brightness_1,5
1512454290234,Temperature_2,24.49
1512454290237,Humidity_2,11.1895125673443
1512454290241,Brightness_2,41
1512454295385,Sound_P,61.0230214761912
1512454295389,PodiumIR,160
1512454296653,Temperature_1,24.6
1512454296656,Humidity_1,11.5594722091468
1512454296660,Brightness_1,5
1512454296662,Temperature_2,24.49
1512454296671,Humidity_2,11.1895125673443
1512454296679,Brightness_2,41
1512454303126,Temperature_1,24.6
1512454303132,Humidity_1,11.5594722091468
1512454303135,Brightness_1,5
1512454303138,Temperature_2,24.49
1512454303145,Humidity_2,11.1895125673443
1512454303148,Brightness_2,41
1512454305397,Sound_P,68.0998289029382
1512454305401,PodiumIR,160
1512454309782,Temperature_1,24.6
1512454309787,Humidity_1,11.5594722091468
1512454309790,Brightness_1,5
1512454309792,Temperature_2,24.49
1512454309794,Humidity_2,11.1895125673443
1512454309801,Brightness_2,41
1512454315408,Sound_P,61.0230214761912
1512454315412,PodiumIR,213
1512454316234,Temperature_1,24.6
1512454316240,Humidity_1,11.5594722091468
1512454316243,Brightness_1,5
1512454316245,Temperature_2,24.49
1512454316251,Humidity_2,11.1895125673443
1512454316254,Brightness_2,41
1512454322673,Temperature_1,24.6
1512454322679,Humidity_1,11.5594722091468
1512454322682,Brightness_1,5
1512454322685,Temperature_2,24.49
1512454322692,Humidity_2,11.1895125673443
1512454322695,Brightness_2,41
1512454325418,Sound_P,55.3699514287182
1512454325421,PodiumIR,193
1512454329080,Temperature_1,24.6
1512454329086,Humidity_1,11.5594722091468
1512454329089,Brightness_1,5
1512454329091,Temperature_2,24.49
1512454329098,Humidity_2,11.1895125673443
1512454329100,Brightness_2,41
1512454335428,Sound_P,62.5514383218256
1512454335431,PodiumIR,136
1512454335504,Temperature_1,24.6
1512454335510,Humidity_1,11.5594722091468
1512454335512,Brightness_1,5
1512454335515,Temperature_2,24.49
1512454335521,Humidity_2,11.1895125673443
1512454335525,Brightness_2,41
1512454342251,Temperature_1,24.6
1512454342256,Humidity_1,11.5594722091468
1512454342259,Brightness_1,5
1512454342261,Temperature_2,24.49
1512454342263,Humidity_2,11.3128324479452
1512454342265,Brightness_2,41
1512454345434,Sound_P,63.2664824036758
1512454345437,PodiumIR,165
1512454348659,Temperature_1,24.6
1512454348665,Humidity_1,11.5594722091468
1512454348668,Brightness_1,5
1512454348670,Temperature_2,24.49
1512454348678,Humidity_2,11.3128324479452
1512454348681,Brightness_2,41
1512454355351,Temperature_1,24.6
1512454355357,Humidity_1,11.5594722091468
1512454355359,Brightness_1,5
1512454355362,Temperature_2,24.49
1512454355364,Humidity_2,11.3128324479452
1512454355366,Brightness_2,41
1512454355440,Sound_P,62.5514383218256
1512454355444,PodiumIR,170
1512454361802,Temperature_1,24.6
1512454361808,Humidity_1,11.5594722091468
1512454361811,Brightness_1,5
1512454361813,Temperature_2,24.49
1512454361821,Humidity_2,11.3128324479452
1512454361824,Brightness_2,41
1512454365447,Sound_P,61.804604258873
1512454365451,PodiumIR,170
1512454368260,Temperature_1,24.6
1512454368265,Humidity_1,11.5594722091468
1512454368268,Brightness_1,5
1512454368271,Temperature_2,24.49
1512454368277,Humidity_2,11.3128324479452
1512454368280,Brightness_2,41
1512454374679,Temperature_1,24.72
1512454374684,Humidity_1,11.5594722091468
1512454374687,Brightness_1,5
1512454374689,Temperature_2,24.49
1512454374697,Humidity_2,11.3128324479452
1512454374701,Brightness_2,41
1512454375454,Sound_P,63.9523327336106
1512454375457,PodiumIR,158
1512454381361,Temperature_1,24.72
1512454381364,Humidity_1,11.5594722091468
1512454381367,Brightness_1,5
1512454381370,Temperature_2,24.49
1512454381372,Humidity_2,11.3128324479452
1512454381375,Brightness_2,41
1512454385465,Sound_P,67.0155172093058
1512454385472,PodiumIR,173
1512454387814,Temperature_1,24.72
1512454387817,Humidity_1,11.5594722091468
1512454387821,Brightness_1,5
1512454387823,Temperature_2,24.49
1512454387825,Humidity_2,11.3128324479452
1512454387828,Brightness_2,41
1512454394268,Temperature_1,24.72
1512454394271,Humidity_1,11.5594722091468
1512454394275,Brightness_1,5
1512454394277,Temperature_2,24.49
1512454394280,Humidity_2,11.3128324479452
1512454394283,Brightness_2,41
1512454395476,Sound_P,56.4542631223505
1512454395479,PodiumIR,166
1512454400800,Temperature_1,24.72
1512454400804,Humidity_1,11.5594722091468
1512454400807,Brightness_1,5
1512454400810,Temperature_2,24.49
1512454400813,Humidity_2,11.3128324479452
1512454400816,Brightness_2,41
1512454405482,Sound_P,58.4331359044134
1512454405489,PodiumIR,161
1512454407473,Temperature_1,24.72
1512454407476,Humidity_1,11.5594722091468
1512454407480,Brightness_1,5
1512454407482,Temperature_2,24.49
1512454407484,Humidity_2,11.1895125673443
1512454407488,Brightness_2,41
1512454414129,Temperature_1,24.72
1512454414132,Humidity_1,11.5594722091468
1512454414136,Brightness_1,5
1512454414138,Temperature_2,24.49
1512454414141,Humidity_2,11.1895125673443
1512454414144,Brightness_2,41
1512454415492,Sound_P,65.8563679754536
1512454415500,PodiumIR,159
1512454420533,Temperature_1,24.72
1512454420536,Humidity_1,11.5594722091468
1512454420540,Brightness_1,5
1512454420542,Temperature_2,24.49
1512454420544,Humidity_2,11.1895125673443
1512454420547,Brightness_2,41
1512454425505,Sound_P,71.4234992166241
1512454425508,PodiumIR,148
1512454427249,Temperature_1,24.72
1512454427252,Humidity_1,11.5594722091468
1512454427255,Brightness_1,5
1512454427258,Temperature_2,24.49
1512454427260,Humidity_2,11.1895125673443
1512454427263,Brightness_2,41
1512454433893,Temperature_1,24.72
1512454433896,Humidity_1,11.5594722091468
1512454433899,Brightness_1,5
1512454433902,Temperature_2,24.49
1512454433904,Humidity_2,11.1895125673443
1512454433907,Brightness_2,41
1512454435511,Sound_P,63.2664824036758
1512454435515,PodiumIR,166
1512454440479,Temperature_1,24.49
1512454440482,Humidity_1,11.5594722091468
1512454440485,Brightness_1,5
1512454440488,Temperature_2,24.49
1512454440491,Humidity_2,11.1895125673443
1512454440496,Brightness_2,41
1512454445522,Sound_P,64.6112799352989
1512454445537,PodiumIR,151
1512454446894,Temperature_1,24.49
1512454446897,Humidity_1,11.5594722091468
1512454446901,Brightness_1,5
1512454446903,Temperature_2,24.49
1512454446906,Humidity_2,11.1895125673443
1512454446909,Brightness_2,41
1512454453349,Temperature_1,24.49
1512454453352,Humidity_1,11.5594722091468
1512454453355,Brightness_1,5
1512454453358,Temperature_2,24.49
1512454453360,Humidity_2,11.1895125673443
1512454453363,Brightness_2,41
1512454455544,Sound_P,67.0155172093058
1512454455547,PodiumIR,157
1512454459806,Temperature_1,24.49
1512454459809,Humidity_1,11.5594722091468
1512454459812,Brightness_1,5
1512454459815,Temperature_2,24.49
1512454459817,Humidity_2,11.1895125673443
1512454459820,Brightness_2,41
1512454465550,Sound_P,67.5664190225549
1512454465554,PodiumIR,148
1512454466201,Temperature_1,24.49
1512454466204,Humidity_1,11.5594722091468
1512454466208,Brightness_1,5
1512454466210,Temperature_2,24.49
1512454466212,Humidity_2,11.1895125673443
1512454466215,Brightness_2,40
1512454475560,Sound_P,68.6168235401983
1512454475565,PodiumIR,182
1512454475649,Temperature_1,24.49
1512454475652,Humidity_1,11.5594722091468
1512454475656,Brightness_1,5
1512454475658,Temperature_2,24.49
1512454475661,Humidity_2,11.1895125673443
1512454475663,Brightness_2,40
1512454482329,Temperature_1,24.49
1512454482332,Humidity_1,11.5594722091468
1512454482335,Brightness_1,5
1512454482338,Temperature_2,24.49
1512454482340,Humidity_2,11.1895125673443
1512454482342,Brightness_2,40
1512454485571,Sound_P,61.0230214761912
1512454485574,PodiumIR,159
1512454488741,Temperature_1,24.49
1512454488744,Humidity_1,11.5594722091468
1512454488748,Brightness_1,5
1512454488751,Temperature_2,24.49
1512454488753,Humidity_2,11.1895125673443
1512454488755,Brightness_2,40
1512454495141,Temperature_1,24.49
1512454495144,Humidity_1,11.5594722091468
1512454495147,Brightness_1,5
1512454495150,Temperature_2,24.49
1512454495152,Humidity_2,11.1895125673443
1512454495155,Brightness_2,40
1512454495576,Sound_P,64.6112799352989
1512454495579,PodiumIR,166
1512454501786,Temperature_1,24.6
1512454501789,Humidity_1,11.5594722091468
1512454501792,Brightness_1,5
1512454501794,Temperature_2,24.49
1512454501797,Humidity_2,11.1895125673443
1512454501800,Brightness_2,40
1512454505584,Sound_P,75.5978985141982
1512454505588,PodiumIR,149
1512454508441,Temperature_1,24.6
1512454508444,Humidity_1,11.5594722091468
1512454508448,Brightness_1,5
1512454508450,Temperature_2,24.49
1512454508452,Humidity_2,11.1895125673443
1512454508455,Brightness_2,40
1512454514925,Temperature_1,24.6
1512454514928,Humidity_1,11.5594722091468
1512454514931,Brightness_1,5
1512454514934,Temperature_2,24.49
1512454514936,Humidity_2,11.1895125673443
1512454514939,Brightness_2,40
1512454515590,Sound_P,58.4331359044134
1512454515595,PodiumIR,164
1512454521344,Temperature_1,24.6
1512454521347,Humidity_1,11.5594722091468
1512454521350,Brightness_1,5
1512454521353,Temperature_2,24.49
1512454521355,Humidity_2,11.1895125673443
1512454521358,Brightness_2,40
1512454525605,Sound_P,69.1183831740761
1512454525609,PodiumIR,153
1512454527792,Temperature_1,24.6
1512454527795,Humidity_1,11.5594722091468
1512454527799,Brightness_1,5
1512454527801,Temperature_2,24.49
1512454527804,Humidity_2,11.3128324479452
1512454527807,Brightness_2,41
1512454534482,Temperature_1,24.6
1512454534485,Humidity_1,11.5594722091468
1512454534488,Brightness_1,5
1512454534491,Temperature_2,24.49
1512454534494,Humidity_2,11.3128324479452
1512454534497,Brightness_2,41
1512454535619,Sound_P,60.2032979279805
1512454535622,PodiumIR,151
1512454541005,Temperature_1,24.6
1512454541008,Humidity_1,11.5594722091468
1512454541011,Brightness_1,5
1512454541014,Temperature_2,24.49
1512454541016,Humidity_2,11.3128324479452
1512454541020,Brightness_2,41
1512454545632,Sound_P,57.4728173934884
1512454545636,PodiumIR,150
1512454547661,Temperature_1,24.6
1512454547664,Humidity_1,11.5594722091468
1512454547667,Brightness_1,5
1512454547670,Temperature_2,24.49
1512454547672,Humidity_2,11.3128324479452
1512454547675,Brightness_2,41
1512454554117,Temperature_1,24.6
1512454554120,Humidity_1,11.5594722091468
1512454554123,Brightness_1,5
1512454554126,Temperature_2,24.49
1512454554128,Humidity_2,11.3128324479452
1512454554131,Brightness_2,41
1512454555642,Sound_P,59.3415192889753
1512454555645,PodiumIR,143
1512454560565,Temperature_1,24.6
1512454560568,Humidity_1,11.5594722091468
1512454560572,Brightness_1,5
1512454560574,Temperature_2,24.49
1512454560577,Humidity_2,11.3128324479452
1512454560580,Brightness_2,41
1512454565651,Sound_P,80.2623893207859
1512454565659,PodiumIR,167
1512454567220,Temperature_1,24.6
1512454567223,Humidity_1,11.5594722091468
1512454567226,Brightness_1,5
1512454567229,Temperature_2,24.49
1512454567231,Humidity_2,11.3128324479452
1512454567235,Brightness_2,41
1512454573671,Temperature_1,24.6
1512454573674,Humidity_1,11.5594722091468
1512454573677,Brightness_1,5
1512454573680,Temperature_2,24.49
1512454573682,Humidity_2,11.3128324479452
1512454573686,Brightness_2,41
1512454575665,Sound_P,64.6112799352989
1512454575669,PodiumIR,136
1512454580119,Temperature_1,24.6
1512454580122,Humidity_1,11.5594722091468
1512454580125,Brightness_1,5
1512454580128,Temperature_2,24.49
1512454580130,Humidity_2,11.3128324479452
1512454580132,Brightness_2,41
1512454585675,Sound_P,81.0092233837385
1512454585678,PodiumIR,144
1512454586561,Temperature_1,24.6
1512454586564,Humidity_1,11.5594722091468
1512454586567,Brightness_1,5
1512454586571,Temperature_2,24.49
1512454586574,Humidity_2,11.3128324479452
1512454586576,Brightness_2,41
1512454593230,Temperature_1,24.6
1512454593233,Humidity_1,11.5594722091468
1512454593236,Brightness_1,5
1512454593239,Temperature_2,24.49
1512454593242,Humidity_2,11.3128324479452
1512454593245,Brightness_2,40
1512454595685,Sound_P,65.2453551857387
1512454595688,PodiumIR,139
1512454599681,Temperature_1,24.6
1512454599684,Humidity_1,11.5594722091468
1512454599688,Brightness_1,5
1512454599690,Temperature_2,24.49
1512454599692,Humidity_2,11.3128324479452
1512454599695,Brightness_2,40
1512454605693,Sound_P,70.5390318503356
1512454605696,PodiumIR,138
1512454606153,Temperature_1,24.6
1512454606157,Humidity_1,11.5594722091468
1512454606160,Brightness_1,5
1512454606162,Temperature_2,24.49
1512454606165,Humidity_2,11.3128324479452
1512454606167,Brightness_2,40
1512454612584,Temperature_1,24.6
1512454612587,Humidity_1,11.5594722091468
1512454612591,Brightness_1,5
1512454612593,Temperature_2,24.49
1512454612595,Humidity_2,11.3128324479452
1512454612598,Brightness_2,40
1512454615699,Sound_P,64.6112799352989
1512454615703,PodiumIR,143
1512454618995,Temperature_1,24.6
1512454618998,Humidity_1,11.5594722091468
1512454619001,Brightness_1,5
1512454619004,Temperature_2,24.49
1512454619006,Humidity_2,11.3128324479452
1512454619009,Brightness_2,40
1512454625691,Temperature_1,24.6
1512454625694,Humidity_1,11.5594722091468
1512454625698,Brightness_1,5
1512454625700,Temperature_2,24.49
1512454625703,Humidity_2,11.3128324479452
1512454625706,Brightness_2,40
1512454625708,Sound_P,75.9306024554013
1512454625711,PodiumIR,133
1512454632142,Temperature_1,24.6
1512454632145,Humidity_1,11.5594722091468
1512454632149,Brightness_1,5
1512454632152,Temperature_2,24.49
1512454632154,Humidity_2,11.3128324479452
1512454632156,Brightness_2,40
1512454635714,Sound_P,71.8488637085682
1512454635720,PodiumIR,147
1512454638578,Temperature_1,24.6
1512454638581,Humidity_1,11.5594722091468
1512454638585,Brightness_1,5
1512454638587,Temperature_2,24.49
1512454638591,Humidity_2,11.3128324479452
1512454638594,Brightness_2,40
1512454645250,Temperature_1,24.6
1512454645253,Humidity_1,11.5594722091468
1512454645257,Brightness_1,5
1512454645259,Temperature_2,24.49
1512454645262,Humidity_2,11.3128324479452
1512454645264,Brightness_2,40
1512454645725,Sound_P,61.0230214761912
1512454645728,PodiumIR,173
1512454651701,Temperature_1,24.6
1512454651704,Humidity_1,11.5594722091468
1512454651708,Brightness_1,5
1512454651710,Temperature_2,24.49
1512454651712,Humidity_2,11.3128324479452
1512454651715,Brightness_2,40
1512454655731,Sound_P,67.5664190225549
1512454655734,PodiumIR,171
1512454658152,Temperature_1,24.6
1512454658156,Humidity_1,11.5594722091468
1512454658162,Brightness_1,5
1512454658164,Temperature_2,24.49
1512454658166,Humidity_2,11.3128324479452
1512454658173,Brightness_2,41
1512454664586,Temperature_1,24.6
1512454664593,Humidity_1,11.5594722091468
1512454664596,Brightness_1,5
1512454664598,Temperature_2,24.49
1512454664601,Humidity_2,11.3128324479452
1512454664603,Brightness_2,41
1512454665737,Sound_P,62.5514383218256
1512454665740,PodiumIR,227
1512454671260,Temperature_1,24.6
1512454671266,Humidity_1,11.5594722091468
1512454671269,Brightness_1,5
1512454671271,Temperature_2,24.49
1512454671278,Humidity_2,11.3128324479452
1512454671280,Brightness_2,41
1512454675743,Sound_P,63.2664824036758
1512454675746,PodiumIR,188
1512454677667,Temperature_1,24.6
1512454677673,Humidity_1,11.5594722091468
1512454677676,Brightness_1,5
1512454677678,Temperature_2,24.49
1512454677680,Humidity_2,11.3128324479452
1512454677686,Brightness_2,41
1512454684372,Temperature_1,24.6
1512454684378,Humidity_1,11.5594722091468
1512454684381,Brightness_1,5
1512454684383,Temperature_2,24.49
1512454684388,Humidity_2,11.3128324479452
1512454684391,Brightness_2,41
1512454685749,Sound_P,70.5390318503356
1512454685752,PodiumIR,191
1512454690797,Temperature_1,24.72
1512454690802,Humidity_1,11.6827920897476
1512454690806,Brightness_1,5
1512454690808,Temperature_2,24.49
1512454690812,Humidity_2,11.3128324479452
1512454690814,Brightness_2,41
1512454695755,Sound_P,76.5768744395891
1512454695758,PodiumIR,185
1512454697282,Temperature_1,24.72
1512454697285,Humidity_1,11.6827920897476
1512454697289,Brightness_1,5
1512454697291,Temperature_2,24.49
1512454697293,Humidity_2,11.3128324479452
1512454697297,Brightness_2,41
1512454703824,Temperature_1,24.72
1512454703827,Humidity_1,11.6827920897476
1512454703830,Brightness_1,5
1512454703832,Temperature_2,24.49
1512454703834,Humidity_2,11.3128324479452
1512454703837,Brightness_2,41
1512454705761,Sound_P,58.4331359044134
1512454705764,PodiumIR,186
1512454710480,Temperature_1,24.72
1512454710483,Humidity_1,11.6827920897476
1512454710487,Brightness_1,5
1512454710489,Temperature_2,24.49
1512454710492,Humidity_2,11.3128324479452
1512454710495,Brightness_2,41
1512454715766,Sound_P,64.6112799352989
1512454715770,PodiumIR,202
1512454720925,Temperature_1,24.72
1512454720929,Humidity_1,11.6827920897476
1512454720932,Brightness_1,5
1512454720935,Temperature_2,24.49
1512454720938,Humidity_2,11.3128324479452
1512454720941,Brightness_2,40
1512454725772,Sound_P,57.4728173934884
1512454725775,PodiumIR,226
1512454727581,Temperature_1,24.72
1512454727584,Humidity_1,11.6827920897476
1512454727587,Brightness_1,5
1512454727590,Temperature_2,24.49
1512454727592,Humidity_2,11.3128324479452
1512454727594,Brightness_2,40
1512454734037,Temperature_1,24.72
1512454734040,Humidity_1,11.6827920897476
1512454734043,Brightness_1,5
1512454734046,Temperature_2,24.49
1512454734048,Humidity_2,11.3128324479452
1512454734051,Brightness_2,40
1512454735778,Sound_P,58.4331359044134
1512454735781,PodiumIR,146
1512454740498,Temperature_1,24.72
1512454740501,Humidity_1,11.6827920897476
1512454740504,Brightness_1,5
1512454740507,Temperature_2,24.49
1512454740509,Humidity_2,11.3128324479452
1512454740512,Brightness_2,40
1512454745784,Sound_P,77.7993043508882
1512454745787,PodiumIR,153
1512454746896,Temperature_1,24.72
1512454746900,Humidity_1,11.6827920897476
1512454746903,Brightness_1,5
1512454746905,Temperature_2,24.49
1512454746908,Humidity_2,11.3128324479452
1512454746911,Brightness_2,40
1512454753591,Temperature_1,24.72
1512454753594,Humidity_1,11.6827920897476
1512454753598,Brightness_1,5
1512454753600,Temperature_2,24.49
1512454753602,Humidity_2,11.3128324479452
1512454753605,Brightness_2,40
1512454755791,Sound_P,61.0230214761912
1512454755794,PodiumIR,150
1512454760261,Temperature_1,24.72
1512454760264,Humidity_1,11.6827920897476
1512454760267,Brightness_1,5
1512454760270,Temperature_2,24.49
1512454760272,Humidity_2,11.3128324479452
1512454760276,Brightness_2,40
1512454765796,Sound_P,60.2032979279805
1512454765800,PodiumIR,143
1512454766690,Temperature_1,24.72
1512454766693,Humidity_1,11.6827920897476
1512454766696,Brightness_1,5
1512454766700,Temperature_2,24.49
1512454766703,Humidity_2,11.3128324479452
1512454766705,Brightness_2,40
1512454773150,Temperature_1,24.72
1512454773153,Humidity_1,11.6827920897476
1512454773157,Brightness_1,5
1512454773159,Temperature_2,24.49
1512454773161,Humidity_2,11.3128324479452
1512454773164,Brightness_2,40
1512454775802,Sound_P,83.2830933692984
1512454775805,PodiumIR,100
1512454779601,Temperature_1,24.72
1512454779604,Humidity_1,11.6827920897476
1512454779608,Brightness_1,5
1512454779610,Temperature_2,24.49
1512454779612,Humidity_2,11.3128324479452
1512454779615,Brightness_2,40
1512454785808,Sound_P,70.0787016850011
1512454785812,PodiumIR,165
1512454786266,Temperature_1,24.72
1512454786269,Humidity_1,11.6827920897476
1512454786272,Brightness_1,5
1512454786275,Temperature_2,24.49
1512454786277,Humidity_2,11.3128324479452
1512454786280,Brightness_2,40
1512454792679,Temperature_1,24.72
1512454792683,Humidity_1,11.6827920897476
1512454792686,Brightness_1,5
1512454792689,Temperature_2,24.49
1512454792691,Humidity_2,11.3128324479452
1512454792694,Brightness_2,40
1512454795814,Sound_P,61.804604258873
1512454795820,PodiumIR,139
1512454799375,Temperature_1,24.72
1512454799378,Humidity_1,11.6827920897476
1512454799382,Brightness_1,5
1512454799384,Temperature_2,24.49
1512454799387,Humidity_2,11.3128324479452
1512454799389,Brightness_2,40
1512454805816,Temperature_1,24.72
1512454805819,Humidity_1,11.6827920897476
1512454805822,Brightness_1,5
1512454805825,Temperature_2,24.49
1512454805826,Sound_P,77.1992048450907
1512454805830,PodiumIR,175
1512454805836,Humidity_2,11.3128324479452
1512454805840,Brightness_2,40
1512454812479,Temperature_1,24.72
1512454812482,Humidity_1,11.6827920897476
1512454812486,Brightness_1,5
1512454812489,Temperature_2,24.49
1512454812492,Humidity_2,11.3128324479452
1512454812495,Brightness_2,40
1512454815832,Sound_P,63.2664824036758
1512454815836,PodiumIR,145
1512454818928,Temperature_1,24.72
1512454818932,Humidity_1,11.5594722091468
1512454818935,Brightness_1,5
1512454818938,Temperature_2,24.49
1512454818941,Humidity_2,11.3128324479452
1512454818944,Brightness_2,40
1512454825492,Temperature_1,24.72
1512454825496,Humidity_1,11.5594722091468
1512454825500,Brightness_1,5
1512454825502,Temperature_2,24.49
1512454825505,Humidity_2,11.3128324479452
1512454825508,Brightness_2,40
1512454825838,Sound_P,80.0058805215165
1512454825842,PodiumIR,131
1512454831889,Temperature_1,24.72
1512454831892,Humidity_1,11.5594722091468
1512454831896,Brightness_1,5
1512454831898,Temperature_2,24.49
1512454831901,Humidity_2,11.3128324479452
1512454831904,Brightness_2,40
1512454835844,Sound_P,70.987085069563
1512454835848,PodiumIR,146
1512454838479,Temperature_1,24.72
1512454838482,Humidity_1,11.5594722091468
1512454838485,Brightness_1,5
1512454838488,Temperature_2,24.49
1512454838491,Humidity_2,11.3128324479452
1512454838494,Brightness_2,40
1512454845343,Temperature_1,24.72
1512454845347,Humidity_1,11.5594722091468
1512454845350,Brightness_1,5
1512454845353,Temperature_2,24.49
1512454845355,Humidity_2,11.3128324479452
1512454845358,Brightness_2,40
1512454845850,Sound_P,56.4542631223505
1512454845853,PodiumIR,150
1512454851999,Temperature_1,24.72
1512454852003,Humidity_1,11.5594722091468
1512454852006,Brightness_1,5
1512454852009,Temperature_2,24.49
1512454852012,Humidity_2,11.3128324479452
1512454852014,Brightness_2,40
1512454855856,Sound_P,57.4728173934884
1512454855859,PodiumIR,160
1512454858451,Temperature_1,24.72
1512454858453,Humidity_1,11.5594722091468
1512454858454,Brightness_1,5
1512454858456,Temperature_2,24.49
1512454858465,Humidity_2,11.3128324479452
1512454858467,Brightness_2,40
1512454864901,Temperature_1,24.72
1512454864904,Humidity_1,11.5594722091468
1512454864908,Brightness_1,5
1512454864911,Temperature_2,24.49
1512454864913,Humidity_2,11.3128324479452
1512454864917,Brightness_2,40
1512454865862,Sound_P,64.6112799352989
1512454865865,PodiumIR,130
1512454871353,Temperature_1,24.72
1512454871356,Humidity_1,11.5594722091468
1512454871358,Brightness_1,5
1512454871361,Temperature_2,24.49
1512454871364,Humidity_2,11.3128324479452
1512454871366,Brightness_2,40
1512454875868,Sound_P,63.2664824036758
1512454875871,PodiumIR,133
1512454878009,Temperature_1,24.72
1512454878012,Humidity_1,11.5594722091468
1512454878016,Brightness_1,5
1512454878019,Temperature_2,24.49
1512454878022,Humidity_2,11.3128324479452
1512454878025,Brightness_2,40
1512454884461,Temperature_1,24.72
1512454884464,Humidity_1,11.6827920897476
1512454884467,Brightness_1,5
1512454884470,Temperature_2,24.49
1512454884473,Humidity_2,11.3128324479452
1512454884476,Brightness_2,40
1512454885874,Sound_P,61.804604258873
1512454885877,PodiumIR,144
1512454890869,Temperature_1,24.72
1512454890872,Humidity_1,11.6827920897476
1512454890875,Brightness_1,5
1512454890878,Temperature_2,24.49
1512454890881,Humidity_2,11.3128324479452
1512454890884,Brightness_2,40
1512454895880,Sound_P,61.804604258873
1512454895889,PodiumIR,161
1512454897568,Temperature_1,24.72
1512454897571,Humidity_1,11.6827920897476
1512454897574,Brightness_1,5
1512454897577,Temperature_2,24.49
1512454897580,Humidity_2,11.3128324479452
1512454897583,Brightness_2,40
1512454904024,Temperature_1,24.72
1512454904027,Humidity_1,11.6827920897476
1512454904030,Brightness_1,5
1512454904033,Temperature_2,24.49
1512454904036,Humidity_2,11.3128324479452
1512454904039,Brightness_2,40
1512454905898,Sound_P,82.1845976309232
1512454905901,PodiumIR,153
1512454910470,Temperature_1,24.72
1512454910473,Humidity_1,11.6827920897476
1512454910477,Brightness_1,5
1512454910479,Temperature_2,24.49
1512454910482,Humidity_2,11.3128324479452
1512454910484,Brightness_2,40
1512454915904,Sound_P,64.6112799352989
1512454915909,PodiumIR,154
1512454916882,Temperature_1,24.72
1512454916886,Humidity_1,11.6827920897476
1512454916899,Brightness_1,5
1512454916902,Temperature_2,24.49
1512454916904,Humidity_2,11.3128324479452
1512454916907,Brightness_2,40
1512454923299,Temperature_1,24.72
1512454923303,Humidity_1,11.6827920897476
1512454923307,Brightness_1,5
1512454923310,Temperature_2,24.49
1512454923312,Humidity_2,11.3128324479452
1512454923316,Brightness_2,40
1512454925918,Sound_P,69.6054027810836
1512454925921,PodiumIR,148
1512454929727,Temperature_1,24.72
1512454929731,Humidity_1,11.6827920897476
1512454929734,Brightness_1,5
1512454929737,Temperature_2,24.49
1512454929740,Humidity_2,11.3128324479452
1512454929742,Brightness_2,40
1512454935924,Sound_P,71.8488637085682
1512454935927,PodiumIR,162
1512454936378,Temperature_1,24.72
1512454936380,Humidity_1,11.6827920897476
1512454936382,Brightness_1,5
1512454936385,Temperature_2,24.49
1512454936387,Humidity_2,11.3128324479452
1512454936390,Brightness_2,40
1512454942808,Temperature_1,24.72
1512454942811,Humidity_1,11.6827920897476
1512454942815,Brightness_1,5
1512454942818,Temperature_2,24.49
1512454942820,Humidity_2,11.3128324479452
1512454942823,Brightness_2,40
1512454945934,Sound_P,69.1183831740761
1512454945937,PodiumIR,199
1512454949281,Temperature_1,24.84
1512454949287,Humidity_1,11.6827920897476
1512454949290,Brightness_1,5
1512454949292,Temperature_2,24.49
1512454949298,Humidity_2,11.3128324479452
1512454949301,Brightness_2,40
1512454955750,Temperature_1,24.84
1512454955756,Humidity_1,11.6827920897476
1512454955759,Brightness_1,5
1512454955762,Temperature_2,24.49
1512454955764,Humidity_2,11.3128324479452
1512454955766,Brightness_2,40
1512454955952,Sound_P,78.37870659506
1512454955955,PodiumIR,176
1512454962487,Temperature_1,24.84
1512454962493,Humidity_1,11.6827920897476
1512454962496,Brightness_1,5
1512454962499,Temperature_2,24.49
1512454962506,Humidity_2,11.3128324479452
1512454962509,Brightness_2,40
1512454965963,Sound_P,71.8488637085682
1512454965966,PodiumIR,188
1512454968949,Temperature_1,24.84
1512454968955,Humidity_1,11.6827920897476
1512454968958,Brightness_1,5
1512454968961,Temperature_2,24.49
1512454968966,Humidity_2,11.3128324479452
1512454968969,Brightness_2,40
1512454975974,Sound_P,68.6168235401983
1512454975977,PodiumIR,200
1512454976181,Temperature_1,24.84
1512454976188,Humidity_1,11.6827920897476
1512454976191,Brightness_1,5
1512454976195,Temperature_2,24.49
1512454976198,Humidity_2,11.3128324479452
1512454976201,Brightness_2,40
1512454982598,Temperature_1,24.84
1512454982601,Humidity_1,11.6827920897476
1512454982604,Brightness_1,5
1512454982607,Temperature_2,24.49
1512454982609,Humidity_2,11.3128324479452
1512454982612,Brightness_2,40
1512454985982,Sound_P,68.6168235401983
1512454985985,PodiumIR,156
1512454989319,Temperature_1,24.84
1512454989323,Humidity_1,11.6827920897476
1512454989327,Brightness_1,5
1512454989329,Temperature_2,24.49
1512454989332,Humidity_2,11.3128324479452
1512454989336,Brightness_2,40
1512454995771,Temperature_1,24.84
1512454995774,Humidity_1,11.6827920897476
1512454995778,Brightness_1,5
1512454995781,Temperature_2,24.49
1512454995783,Humidity_2,11.3128324479452
1512454995786,Brightness_2,40
1512454995990,Sound_P,61.804604258873
1512454995993,PodiumIR,96
1512455002222,Temperature_1,24.84
1512455002225,Humidity_1,11.6827920897476
1512455002228,Brightness_1,5
1512455002231,Temperature_2,24.49
1512455002233,Humidity_2,11.3128324479452
1512455002236,Brightness_2,40
1512455006000,Sound_P,73.4501700394606
1512455006003,PodiumIR,152
1512455008648,Temperature_1,24.84
1512455008650,Humidity_1,11.6827920897476
1512455008651,Brightness_1,5
1512455008653,Temperature_2,24.49
1512455008654,Humidity_2,11.3128324479452
1512455008655,Brightness_2,40
1512455015329,Temperature_1,24.84
1512455015332,Humidity_1,11.6827920897476
1512455015336,Brightness_1,5
1512455015338,Temperature_2,24.49
1512455015341,Humidity_2,11.3128324479452
1512455015344,Brightness_2,40
1512455016010,Sound_P,60.2032979279805
1512455016014,PodiumIR,149
1512455021781,Temperature_1,24.84
1512455021783,Humidity_1,11.6827920897476
1512455021787,Brightness_1,5
1512455021789,Temperature_2,24.49
1512455021791,Humidity_2,11.3128324479452
1512455021794,Brightness_2,40
1512455026020,Sound_P,63.2664824036758
1512455026031,PodiumIR,145
1512455028233,Temperature_1,24.84
1512455028236,Humidity_1,11.6827920897476
1512455028239,Brightness_1,5
1512455028242,Temperature_2,24.49
1512455028244,Humidity_2,11.3128324479452
1512455028247,Brightness_2,40
1512455034659,Temperature_1,24.84
1512455034662,Humidity_1,11.6827920897476
1512455034665,Brightness_1,5
1512455034668,Temperature_2,24.49
1512455034670,Humidity_2,11.3128324479452
1512455034672,Brightness_2,40
1512455036037,Sound_P,67.5664190225549
1512455036040,PodiumIR,150
1512455041353,Temperature_1,24.84
1512455041356,Humidity_1,11.6827920897476
1512455041360,Brightness_1,5
1512455041362,Temperature_2,24.49
1512455041364,Humidity_2,11.3128324479452
1512455041367,Brightness_2,41
1512455046042,Sound_P,61.804604258873
1512455046045,PodiumIR,163
1512455047791,Temperature_1,24.84
1512455047794,Humidity_1,11.6827920897476
1512455047797,Brightness_1,5
1512455047800,Temperature_2,24.49
1512455047802,Humidity_2,11.3128324479452
1512455047805,Brightness_2,41
1512455054458,Temperature_1,24.84
1512455054461,Humidity_1,11.6827920897476
1512455054464,Brightness_1,5
1512455054466,Temperature_2,24.49
1512455054469,Humidity_2,11.3128324479452
1512455054472,Brightness_2,41
1512455056050,Sound_P,70.0787016850011
1512455056053,PodiumIR,167
1512455060898,Temperature_1,24.84
1512455060901,Humidity_1,11.6827920897476
1512455060905,Brightness_1,5
1512455060907,Temperature_2,24.49
1512455060909,Humidity_2,11.3128324479452
1512455060912,Brightness_2,41
1512455066058,Sound_P,63.2664824036758
1512455066072,PodiumIR,169
1512455067559,Temperature_1,24.84
1512455067561,Humidity_1,11.6827920897476
1512455067564,Brightness_1,5
1512455067566,Temperature_2,24.49
1512455067568,Humidity_2,11.3128324479452
1512455067571,Brightness_2,41
1512455074006,Temperature_1,24.84
1512455074012,Humidity_1,11.6827920897476
1512455074015,Brightness_1,5
1512455074022,Temperature_2,24.49
1512455074026,Humidity_2,11.3128324479452
1512455074029,Brightness_2,41
1512455076075,Sound_P,63.9523327336106
1512455076079,PodiumIR,184
1512455080458,Temperature_1,24.84
1512455080464,Humidity_1,11.6827920897476
1512455080468,Brightness_1,5
1512455080477,Temperature_2,24.49
1512455080480,Humidity_2,11.3128324479452
1512455080493,Brightness_2,41
1512455086081,Sound_P,76.2568457158865
1512455086085,PodiumIR,165
1512455087011,Temperature_1,24.84
1512455087017,Humidity_1,11.6827920897476
1512455087020,Brightness_1,5
1512455087029,Temperature_2,24.49
1512455087031,Humidity_2,11.3128324479452
1512455087038,Brightness_2,41
1512455093462,Temperature_1,24.84
1512455093468,Humidity_1,11.6827920897476
1512455093471,Brightness_1,5
1512455093474,Temperature_2,24.49
1512455093476,Humidity_2,11.3128324479452
1512455093478,Brightness_2,41
1512455096089,Sound_P,59.3415192889753
1512455096092,PodiumIR,150
1512455100123,Temperature_1,24.84
1512455100126,Humidity_1,11.6827920897476
1512455100129,Brightness_1,5
1512455100132,Temperature_2,24.49
1512455100134,Humidity_2,11.3128324479452
1512455100136,Brightness_2,40
1512455106098,Sound_P,78.37870659506
1512455106103,PodiumIR,151
1512455106578,Temperature_1,24.84
1512455106581,Humidity_1,11.6827920897476
1512455106584,Brightness_1,5
1512455106585,Temperature_2,24.49
1512455106587,Humidity_2,11.3128324479452
1512455106590,Brightness_2,40
1512455112977,Temperature_1,24.84
1512455112980,Humidity_1,11.6827920897476
1512455112983,Brightness_1,5
1512455112986,Temperature_2,24.49
1512455112988,Humidity_2,11.3128324479452
1512455112991,Brightness_2,40
1512455116114,Sound_P,79.4808065381041
1512455116118,PodiumIR,173
1512455119677,Temperature_1,24.84
1512455119680,Humidity_1,11.6827920897476
1512455119684,Brightness_1,5
1512455119686,Temperature_2,24.49
1512455119688,Humidity_2,11.3128324479452
1512455119691,Brightness_2,40
1512455126122,Sound_P,76.2568457158865
1512455126125,PodiumIR,165
1512455126150,Temperature_1,24.84
1512455126153,Humidity_1,11.6827920897476
1512455126157,Brightness_1,5
1512455126159,Temperature_2,24.49
1512455126161,Humidity_2,11.3128324479452
1512455126163,Brightness_2,40
1512455132568,Temperature_1,24.84
1512455132571,Humidity_1,11.6827920897476
1512455132574,Brightness_1,5
1512455132577,Temperature_2,24.49
1512455132580,Humidity_2,11.3128324479452
1512455132583,Brightness_2,40
1512455136132,Sound_P,75.5978985141982
1512455136136,PodiumIR,159
1512455139236,Temperature_1,24.84
1512455139239,Humidity_1,11.6827920897476
1512455139242,Brightness_1,5
1512455139245,Temperature_2,24.49
1512455139247,Humidity_2,11.3128324479452
1512455139250,Brightness_2,40
1512455145687,Temperature_1,24.84
1512455145690,Humidity_1,11.6827920897476
1512455145693,Brightness_1,5
1512455145695,Temperature_2,24.49
1512455145698,Humidity_2,11.3128324479452
1512455145701,Brightness_2,40
1512455146141,Sound_P,61.804604258873
1512455146145,PodiumIR,156
1512455152343,Temperature_1,24.84
1512455152346,Humidity_1,11.6827920897476
1512455152350,Brightness_1,5
1512455152352,Temperature_2,24.49
1512455152354,Humidity_2,11.3128324479452
1512455152357,Brightness_2,40
1512455156149,Sound_P,63.9523327336106
1512455156153,PodiumIR,144
1512455158777,Temperature_1,24.84
1512455158781,Humidity_1,11.6827920897476
1512455158784,Brightness_1,5
1512455158786,Temperature_2,24.49
1512455158789,Humidity_2,11.3128324479452
1512455158792,Brightness_2,40
1512455166114,Temperature_1,24.84
1512455166117,Humidity_1,11.6827920897476
1512455166120,Brightness_1,5
1512455166123,Temperature_2,24.49
1512455166125,Humidity_2,11.3128324479452
1512455166127,Brightness_2,39
1512455166158,Sound_P,67.5664190225549
1512455166161,PodiumIR,151
1512455172627,Temperature_1,24.84
1512455172630,Humidity_1,11.6827920897476
1512455172633,Brightness_1,5
1512455172636,Temperature_2,24.49
1512455172638,Humidity_2,11.3128324479452
1512455172640,Brightness_2,39
1512455176171,Sound_P,61.804604258873
1512455176174,PodiumIR,157
1512455179028,Temperature_1,24.84
1512455179031,Humidity_1,11.6827920897476
1512455179034,Brightness_1,5
1512455179037,Temperature_2,24.49
1512455179039,Humidity_2,11.3128324479452
1512455179041,Brightness_2,39
1512455185726,Temperature_1,24.84
1512455185729,Humidity_1,11.6827920897476
1512455185732,Brightness_1,5
1512455185735,Temperature_2,24.49
1512455185737,Humidity_2,11.3128324479452
1512455185740,Brightness_2,39
1512455186177,Sound_P,75.5978985141982
1512455186180,PodiumIR,142
1512455192383,Temperature_1,24.84
1512455192386,Humidity_1,11.6827920897476
1512455192390,Brightness_1,5
1512455192392,Temperature_2,24.49
1512455192394,Humidity_2,11.3128324479452
1512455192397,Brightness_2,39
1512455196182,Sound_P,58.4331359044134
1512455196186,PodiumIR,156
1512455198776,Temperature_1,24.84
1512455198779,Humidity_1,11.5594722091468
1512455198782,Brightness_1,5
1512455198785,Temperature_2,24.49
1512455198787,Humidity_2,11.3128324479452
1512455198790,Brightness_2,39
1512455205489,Temperature_1,24.84
1512455205492,Humidity_1,11.5594722091468
1512455205496,Brightness_1,5
1512455205498,Temperature_2,24.49
1512455205501,Humidity_2,11.3128324479452
1512455205504,Brightness_2,39
1512455206189,Sound_P,60.2032979279805
1512455206192,PodiumIR,154
1512455211886,Temperature_1,24.84
1512455211889,Humidity_1,11.5594722091468
1512455211892,Brightness_1,5
1512455211894,Temperature_2,24.49
1512455211896,Humidity_2,11.3128324479452
1512455211899,Brightness_2,39
1512455216195,Sound_P,75.2584728285566
1512455216198,PodiumIR,144
1512455218480,Temperature_1,24.84
1512455218482,Humidity_1,11.5594722091468
1512455218486,Brightness_1,5
1512455218489,Temperature_2,24.49
1512455218491,Humidity_2,11.3128324479452
1512455218494,Brightness_2,39
1512455225152,Temperature_1,24.84
1512455225155,Humidity_1,11.5594722091468
1512455225158,Brightness_1,5
1512455225160,Temperature_2,24.49
1512455225162,Humidity_2,11.3128324479452
1512455225165,Brightness_2,39
1512455226201,Sound_P,64.6112799352989
1512455226204,PodiumIR,146
1512455231629,Temperature_1,24.84
1512455231632,Humidity_1,11.5594722091468
1512455231635,Brightness_1,5
1512455231638,Temperature_2,24.49
1512455231640,Humidity_2,11.3128324479452
1512455231642,Brightness_2,39
1512455236207,Sound_P,83.2830933692984
1512455236210,PodiumIR,139
1512455238360,Temperature_1,24.84
1512455238363,Humidity_1,11.5594722091468
1512455238366,Brightness_1,5
1512455238369,Temperature_2,24.49
1512455238371,Humidity_2,11.3128324479452
1512455238374,Brightness_2,39
1512455244766,Temperature_1,24.84
1512455244769,Humidity_1,11.5594722091468
1512455244772,Brightness_1,5
1512455244774,Temperature_2,24.49
1512455244777,Humidity_2,11.3128324479452
1512455244779,Brightness_2,39
1512455246213,Sound_P,60.2032979279805
1512455246216,PodiumIR,148
1512455251468,Temperature_1,24.84
1512455251471,Humidity_1,11.5594722091468
1512455251474,Brightness_1,5
1512455251477,Temperature_2,24.49
1512455251479,Humidity_2,11.3128324479452
1512455251481,Brightness_2,39
1512455256219,Sound_P,68.0998289029382
1512455256222,PodiumIR,151
1512455257920,Temperature_1,24.84
1512455257923,Humidity_1,11.5594722091468
1512455257926,Brightness_1,5
1512455257928,Temperature_2,24.49
1512455257931,Humidity_2,11.3128324479452
1512455257933,Brightness_2,39
1512455264370,Temperature_1,24.72
1512455264373,Humidity_1,11.6827920897476
1512455264377,Brightness_1,5
1512455264379,Temperature_2,24.49
1512455264381,Humidity_2,11.3128324479452
1512455264384,Brightness_2,39
1512455266225,Sound_P,69.1183831740761
1512455266228,PodiumIR,202
1512455270776,Temperature_1,24.72
1512455270779,Humidity_1,11.6827920897476
1512455270782,Brightness_1,5
1512455270784,Temperature_2,24.49
1512455270787,Humidity_2,11.3128324479452
1512455270789,Brightness_2,39
1512455276231,Sound_P,72.6685872567788
1512455276246,PodiumIR,209
1512455277478,Temperature_1,24.72
1512455277481,Humidity_1,11.6827920897476
1512455277484,Brightness_1,5
1512455277486,Temperature_2,24.49
1512455277489,Humidity_2,11.3128324479452
1512455277491,Brightness_2,39
1512455284236,Temperature_1,24.72
1512455284239,Humidity_1,11.6827920897476
1512455284242,Brightness_1,5
1512455284245,Temperature_2,24.49
1512455284247,Humidity_2,11.3128324479452
1512455284250,Brightness_2,39
1512455286251,Sound_P,68.6168235401983
1512455286255,PodiumIR,163
1512455290645,Temperature_1,24.72
1512455290649,Humidity_1,11.6827920897476
1512455290652,Brightness_1,5
1512455290654,Temperature_2,24.49
1512455290656,Humidity_2,11.3128324479452
1512455290660,Brightness_2,39
1512455296257,Sound_P,81.2509685616712
1512455296261,PodiumIR,102
1512455297062,Temperature_1,24.72
1512455297064,Humidity_1,11.6827920897476
1512455297068,Brightness_1,5
1512455297071,Temperature_2,24.49
1512455297073,Humidity_2,11.3128324479452
1512455297075,Brightness_2,39
1512455303488,Temperature_1,24.72
1512455303491,Humidity_1,11.6827920897476
1512455303494,Brightness_1,5
1512455303497,Temperature_2,24.49
1512455303499,Humidity_2,11.3128324479452
1512455303502,Brightness_2,39
1512455306263,Sound_P,68.6168235401983
1512455306267,PodiumIR,178
1512455310144,Temperature_1,24.72
1512455310147,Humidity_1,11.6827920897476
1512455310150,Brightness_1,5
1512455310152,Temperature_2,24.49
1512455310155,Humidity_2,11.3128324479452
1512455310158,Brightness_2,39
1512455316270,Sound_P,66.4459372396027
1512455316273,PodiumIR,148
1512455316575,Temperature_1,24.72
1512455316578,Humidity_1,11.6827920897476
1512455316581,Brightness_1,5
1512455316584,Temperature_2,24.49
1512455316586,Humidity_2,11.3128324479452
1512455316589,Brightness_2,39
1512455323252,Temperature_1,24.72
1512455323255,Humidity_1,11.6827920897476
1512455323258,Brightness_1,5
1512455323260,Temperature_2,24.49
1512455323263,Humidity_2,11.3128324479452
1512455323265,Brightness_2,39
1512455326276,Sound_P,68.6168235401983
1512455326279,PodiumIR,178
1512455329703,Temperature_1,24.72
1512455329706,Humidity_1,11.6827920897476
1512455329709,Brightness_1,5
1512455329711,Temperature_2,24.49
1512455329714,Humidity_2,11.3128324479452
1512455329716,Brightness_2,39
1512455336159,Temperature_1,24.72
1512455336162,Humidity_1,11.6827920897476
1512455336165,Brightness_1,5
1512455336168,Temperature_2,24.49
1512455336170,Humidity_2,11.3128324479452
1512455336173,Brightness_2,39
1512455336282,Sound_P,70.0787016850011
1512455336285,PodiumIR,150
1512455342565,Temperature_1,24.72
1512455342568,Humidity_1,11.6827920897476
1512455342571,Brightness_1,5
1512455342573,Temperature_2,24.49
1512455342576,Humidity_2,11.3128324479452
1512455342579,Brightness_2,39
1512455346288,Sound_P,67.0155172093058
1512455346291,PodiumIR,155
1512455349263,Temperature_1,24.72
1512455349265,Humidity_1,11.6827920897476
1512455349269,Brightness_1,5
1512455349271,Temperature_2,24.49
1512455349273,Humidity_2,11.3128324479452
1512455349277,Brightness_2,39
1512455355713,Temperature_1,24.72
1512455355716,Humidity_1,11.6827920897476
1512455355719,Brightness_1,5
1512455355721,Temperature_2,24.49
1512455355723,Humidity_2,11.3128324479452
1512455355726,Brightness_2,39
1512455356294,Sound_P,70.5390318503356
1512455356297,PodiumIR,138
1512455362114,Temperature_1,24.72
1512455362117,Humidity_1,11.6827920897476
1512455362121,Brightness_1,5
1512455362123,Temperature_2,24.49
1512455362125,Humidity_2,11.3128324479452
1512455362129,Brightness_2,39
1512455366300,Sound_P,69.6054027810836
1512455366303,PodiumIR,119
1512455368544,Temperature_1,24.72
1512455368547,Humidity_1,11.6827920897476
1512455368551,Brightness_1,5
1512455368553,Temperature_2,24.49
1512455368555,Humidity_2,11.3128324479452
1512455368558,Brightness_2,39
1512455375101,Temperature_1,24.72
1512455375104,Humidity_1,11.6827920897476
1512455375107,Brightness_1,5
1512455375109,Temperature_2,24.49
1512455375111,Humidity_2,11.3128324479452
1512455375114,Brightness_2,39
1512455376306,Sound_P,68.0998289029382
1512455376309,PodiumIR,137
1512455377030,Door,activate
1512455378607,Door,activate
1512455381544,Temperature_1,24.72
1512455381547,Humidity_1,11.6827920897476
1512455381550,Brightness_1,5
1512455381553,Temperature_2,24.49
1512455381555,Humidity_2,11.3128324479452
1512455381557,Brightness_2,39
1512455386312,Sound_P,70.987085069563
1512455386315,PodiumIR,136
1512455388064,Temperature_1,24.72
1512455388068,Humidity_1,11.6827920897476
1512455388071,Brightness_1,5
1512455388074,Temperature_2,24.49
1512455388076,Humidity_2,11.3128324479452
1512455388079,Brightness_2,39
1512455394494,Temperature_1,24.84
1512455394498,Humidity_1,11.6827920897476
1512455394501,Brightness_1,5
1512455394504,Temperature_2,24.49
1512455394506,Humidity_2,11.3128324479452
1512455394509,Brightness_2,39
1512455396323,Sound_P,66.4459372396027
1512455396327,PodiumIR,127
1512455401180,Temperature_1,24.84
1512455401182,Humidity_1,11.6827920897476
1512455401186,Brightness_1,5
1512455401189,Temperature_2,24.49
1512455401191,Humidity_2,11.3128324479452
1512455401194,Brightness_2,39
1512455406329,Sound_P,70.0787016850011
1512455406333,PodiumIR,126
1512455407630,Temperature_1,24.84
1512455407634,Humidity_1,11.6827920897476
1512455407637,Brightness_1,5
1512455407640,Temperature_2,24.49
1512455407642,Humidity_2,11.3128324479452
1512455407646,Brightness_2,39
1512455414034,Temperature_1,24.84
1512455414037,Humidity_1,11.6827920897476
1512455414041,Brightness_1,5
1512455414043,Temperature_2,24.49
1512455414045,Humidity_2,11.3128324479452
1512455414048,Brightness_2,39
1512455416341,Sound_P,67.0155172093058
1512455416344,PodiumIR,99
1512455420480,Temperature_1,24.84
1512455420483,Humidity_1,11.6827920897476
1512455420487,Brightness_1,5
1512455420490,Temperature_2,24.49
1512455420492,Humidity_2,11.3128324479452
1512455420495,Brightness_2,39
1512455426347,Sound_P,77.7993043508882
1512455426350,PodiumIR,148
1512455426935,Temperature_1,24.84
1512455426938,Humidity_1,11.6827920897476
1512455426941,Brightness_1,5
1512455426944,Temperature_2,24.49
1512455426946,Humidity_2,11.3128324479452
1512455426950,Brightness_2,39
1512455433640,Temperature_1,24.84
1512455433643,Humidity_1,11.6827920897476
1512455433647,Brightness_1,5
1512455433649,Temperature_2,24.49
1512455433652,Humidity_2,11.3128324479452
1512455433655,Brightness_2,39
1512455436353,Sound_P,73.0639231437675
1512455436357,PodiumIR,101
1512455440296,Temperature_1,24.84
1512455440300,Humidity_1,11.6827920897476
1512455440303,Brightness_1,5
1512455440305,Temperature_2,24.49
1512455440308,Humidity_2,11.3128324479452
1512455440311,Brightness_2,39
1512455446360,Sound_P,66.4459372396027
1512455446363,PodiumIR,85
1512455446846,Temperature_1,24.84
1512455446849,Humidity_1,11.6827920897476
1512455446852,Brightness_1,5
1512455446855,Temperature_2,24.49
1512455446857,Humidity_2,11.3128324479452
1512455446861,Brightness_2,39
1512455453507,Temperature_1,24.72
1512455453510,Humidity_1,11.6827920897476
1512455453514,Brightness_1,5
1512455453516,Temperature_2,24.49
1512455453518,Humidity_2,11.3128324479452
1512455453521,Brightness_2,39
1512455456366,Sound_P,68.6168235401983
1512455456370,PodiumIR,99
1512455459926,Temperature_1,24.72
1512455459930,Humidity_1,11.6827920897476
1512455459933,Brightness_1,5
1512455459936,Temperature_2,24.49
1512455459938,Humidity_2,11.3128324479452
1512455459942,Brightness_2,39
1512455466373,Sound_P,66.4459372396027
1512455466376,PodiumIR,148
1512455466409,Temperature_1,24.72
1512455466412,Humidity_1,11.6827920897476
1512455466416,Brightness_1,5
1512455466418,Temperature_2,24.49
1512455466421,Humidity_2,11.3128324479452
1512455466423,Brightness_2,39
1512455472823,Temperature_1,24.72
1512455472827,Humidity_1,11.6827920897476
1512455472830,Brightness_1,5
1512455472833,Temperature_2,24.49
1512455472835,Humidity_2,11.3128324479452
1512455472839,Brightness_2,39
1512455476379,Sound_P,65.8563679754536
1512455476382,PodiumIR,147
1512455479517,Temperature_1,24.72
1512455479520,Humidity_1,11.6827920897476
1512455479524,Brightness_1,5
1512455479526,Temperature_2,24.49
1512455479528,Humidity_2,11.3128324479452
1512455479531,Brightness_2,39
1512455485968,Temperature_1,24.72
1512455485971,Humidity_1,11.6827920897476
1512455485974,Brightness_1,5
1512455485977,Temperature_2,24.49
1512455485979,Humidity_2,11.3128324479452
1512455485981,Brightness_2,38
1512455486385,Sound_P,72.6685872567788
1512455486388,PodiumIR,167
1512455492419,Temperature_1,24.72
1512455492422,Humidity_1,11.6827920897476
1512455492426,Brightness_1,5
1512455492428,Temperature_2,24.49
1512455492430,Humidity_2,11.3128324479452
1512455492433,Brightness_2,38
1512455496391,Sound_P,81.9560090707341
1512455496394,PodiumIR,157
1512455498833,Temperature_1,24.72
1512455498836,Humidity_1,11.6827920897476
1512455498840,Brightness_1,5
1512455498843,Temperature_2,24.49
1512455498845,Humidity_2,11.3128324479452
1512455498848,Brightness_2,38
1512455505234,Temperature_1,24.72
1512455505237,Humidity_1,11.6827920897476
1512455505240,Brightness_1,5
1512455505243,Temperature_2,24.49
1512455505245,Humidity_2,11.3128324479452
1512455505248,Brightness_2,38
1512455506397,Sound_P,67.0155172093058
1512455506400,PodiumIR,152
1512455512485,Temperature_1,24.72
1512455512489,Humidity_1,11.6827920897476
1512455512494,Brightness_1,5
1512455512497,Temperature_2,24.49
1512455512500,Humidity_2,11.3128324479452
1512455512502,Brightness_2,38
1512455516403,Sound_P,65.8563679754536
1512455516406,PodiumIR,151
1512455519146,Temperature_1,24.72
1512455519149,Humidity_1,11.6827920897476
1512455519153,Brightness_1,5
1512455519156,Temperature_2,24.49
1512455519158,Humidity_2,11.3128324479452
1512455519161,Brightness_2,38
1512455525914,Temperature_1,24.72
1512455525918,Humidity_1,11.6827920897476
1512455525921,Brightness_1,5
1512455525923,Temperature_2,24.49
1512455525926,Humidity_2,11.3128324479452
1512455525929,Brightness_2,38
1512455526409,Sound_P,80.5150406983876
1512455526413,PodiumIR,148
1512455532363,Temperature_1,24.72
1512455532366,Humidity_1,11.6827920897476
1512455532370,Brightness_1,5
1512455532372,Temperature_2,24.49
1512455532375,Humidity_2,11.3128324479452
1512455532378,Brightness_2,38
1512455536415,Sound_P,66.4459372396027
1512455536419,PodiumIR,146
1512455538794,Temperature_1,24.72
1512455538798,Humidity_1,11.6827920897476
1512455538801,Brightness_1,5
1512455538803,Temperature_2,24.49
1512455538806,Humidity_2,11.3128324479452
1512455538809,Brightness_2,38
1512455545565,Temperature_1,24.72
1512455545568,Humidity_1,11.6827920897476
1512455545572,Brightness_1,5
1512455545574,Temperature_2,24.49
1512455545577,Humidity_2,11.3128324479452
1512455545580,Brightness_2,38
1512455546422,Sound_P,65.2453551857387
1512455546425,PodiumIR,144
1512455551974,Temperature_1,24.72
1512455551977,Humidity_1,11.6827920897476
1512455551980,Brightness_1,5
1512455551983,Temperature_2,24.49
1512455551985,Humidity_2,11.3128324479452
1512455551988,Brightness_2,38
1512455556428,Sound_P,68.6168235401983
1512455556431,PodiumIR,117
1512455558489,Temperature_1,24.72
1512455558493,Humidity_1,11.6827920897476
1512455558498,Brightness_1,5
1512455558500,Temperature_2,24.49
1512455558502,Humidity_2,11.3128324479452
1512455558505,Brightness_2,38
1512455564920,Temperature_1,24.72
1512455564923,Humidity_1,11.6827920897476
1512455564926,Brightness_1,5
1512455564929,Temperature_2,24.49
1512455564932,Humidity_2,11.3128324479452
1512455564935,Brightness_2,38
1512455566434,Sound_P,75.9306024554013
1512455566437,PodiumIR,158
1512455571379,Temperature_1,24.72
1512455571382,Humidity_1,11.6827920897476
1512455571386,Brightness_1,5
1512455571388,Temperature_2,24.49
1512455571391,Humidity_2,11.3128324479452
1512455571394,Brightness_2,38
1512455576440,Sound_P,65.2453551857387
1512455576452,PodiumIR,164
1512455577822,Temperature_1,24.72
1512455577825,Humidity_1,11.6827920897476
1512455577829,Brightness_1,5
1512455577831,Temperature_2,24.49
1512455577834,Humidity_2,11.3128324479452
1512455577837,Brightness_2,38
1512455584273,Temperature_1,24.84
1512455584276,Humidity_1,11.6827920897476
1512455584280,Brightness_1,5
1512455584282,Temperature_2,24.49
1512455584285,Humidity_2,11.3128324479452
1512455584288,Brightness_2,38
1512455586457,Sound_P,72.6685872567788
1512455586460,PodiumIR,162
1512455590683,Temperature_1,24.84
1512455590686,Humidity_1,11.6827920897476
1512455590690,Brightness_1,5
1512455590692,Temperature_2,24.49
1512455590694,Humidity_2,11.3128324479452
1512455590697,Brightness_2,38
1512455596463,Sound_P,68.0998289029382
1512455596469,PodiumIR,150
1512455597095,Temperature_1,24.84
1512455597098,Humidity_1,11.6827920897476
1512455597102,Brightness_1,5
1512455597104,Temperature_2,24.49
1512455597106,Humidity_2,11.3128324479452
1512455597109,Brightness_2,38
1512455603832,Temperature_1,24.84
1512455603835,Humidity_1,11.6827920897476
1512455603839,Brightness_1,5
1512455603841,Temperature_2,24.49
1512455603843,Humidity_2,11.3128324479452
1512455603846,Brightness_2,38
1512455606478,Sound_P,68.0998289029382
1512455606481,PodiumIR,150
1512455610481,Temperature_1,24.84
1512455610484,Humidity_1,11.6827920897476
1512455610488,Brightness_1,5
1512455610491,Temperature_2,24.49
1512455610494,Humidity_2,11.3128324479452
1512455610497,Brightness_2,38
1512455616483,Sound_P,65.8563679754536
1512455616487,PodiumIR,154
1512455616940,Temperature_1,24.84
1512455616943,Humidity_1,11.6827920897476
1512455616946,Brightness_1,5
1512455616949,Temperature_2,24.49
1512455616951,Humidity_2,11.3128324479452
1512455616955,Brightness_2,38
1512455623407,Temperature_1,24.84
1512455623410,Humidity_1,11.6827920897476
1512455623413,Brightness_1,5
1512455623416,Temperature_2,24.49
1512455623418,Humidity_2,11.3128324479452
1512455623421,Brightness_2,38
1512455626490,Sound_P,69.1183831740761
1512455626493,PodiumIR,137
1512455629945,Temperature_1,24.84
1512455629949,Humidity_1,11.6827920897476
1512455629952,Brightness_1,5
1512455629955,Temperature_2,24.49
1512455629957,Humidity_2,11.3128324479452
1512455629960,Brightness_2,38
1512455636489,Temperature_1,24.84
1512455636493,Humidity_1,11.6827920897476
1512455636496,Sound_P,79.4808065381041
1512455636497,Brightness_1,5
1512455636500,PodiumIR,92
1512455636500,Temperature_2,24.49
1512455636509,Humidity_2,11.3128324479452
1512455636513,Brightness_2,38
1512455643257,Temperature_1,24.84
1512455643260,Humidity_1,11.6827920897476
1512455643264,Brightness_1,5
1512455643266,Temperature_2,24.49
1512455643268,Humidity_2,11.3128324479452
1512455643272,Brightness_2,38
1512455646503,Sound_P,68.6168235401983
1512455646507,PodiumIR,100
1512455649694,Temperature_1,24.84
1512455649697,Humidity_1,11.6827920897476
1512455649701,Brightness_1,5
1512455649703,Temperature_2,24.49
1512455649706,Humidity_2,11.3128324479452
1512455649709,Brightness_2,38
1512455656161,Temperature_1,24.84
1512455656164,Humidity_1,11.6827920897476
1512455656167,Brightness_1,5
1512455656170,Temperature_2,24.49
1512455656172,Humidity_2,11.3128324479452
1512455656175,Brightness_2,38
1512455656510,Sound_P,69.1183831740761
1512455656513,PodiumIR,135
1512455663196,Temperature_1,24.84
1512455663199,Humidity_1,11.6827920897476
1512455663202,Brightness_1,5
1512455663205,Temperature_2,24.49
1512455663207,Humidity_2,11.3128324479452
1512455663210,Brightness_2,38
1512455666515,Sound_P,68.0998289029382
1512455666519,PodiumIR,133
1512455669623,Temperature_1,24.84
1512455669627,Humidity_1,11.6827920897476
1512455669630,Brightness_1,5
1512455669633,Temperature_2,24.49
1512455669635,Humidity_2,11.3128324479452
1512455669639,Brightness_2,38
1512455676343,Temperature_1,24.84
1512455676346,Humidity_1,11.6827920897476
1512455676349,Brightness_1,5
1512455676352,Temperature_2,24.49
1512455676354,Humidity_2,11.3128324479452
1512455676357,Brightness_2,38
1512455676522,Sound_P,71.4234992166241
1512455676525,PodiumIR,134
1512455682784,Temperature_1,24.84
1512455682787,Humidity_1,11.6827920897476
1512455682791,Brightness_1,5
1512455682793,Temperature_2,24.49
1512455682796,Humidity_2,11.3128324479452
1512455682799,Brightness_2,38
1512455686528,Sound_P,67.0155172093058
1512455686531,PodiumIR,136
1512455689194,Temperature_1,24.84
1512455689197,Humidity_1,11.6827920897476
1512455689201,Brightness_1,5
1512455689204,Temperature_2,24.49
1512455689206,Humidity_2,11.3128324479452
1512455689209,Brightness_2,38
1512455695891,Temperature_1,24.84
1512455695894,Humidity_1,11.6827920897476
1512455695898,Brightness_1,5
1512455695901,Temperature_2,24.49
1512455695903,Humidity_2,11.3128324479452
1512455695905,Brightness_2,38
1512455696534,Sound_P,79.7453946835258
1512455696538,PodiumIR,121
1512455702305,Temperature_1,24.84
1512455702308,Humidity_1,11.6827920897476
1512455702311,Brightness_1,5
1512455702314,Temperature_2,24.49
1512455702317,Humidity_2,11.3128324479452
1512455702319,Brightness_2,38
1512455706540,Sound_P,67.0155172093058
1512455706544,PodiumIR,125
1512455708704,Temperature_1,24.84
1512455708707,Humidity_1,11.6827920897476
1512455708710,Brightness_1,5
1512455708713,Temperature_2,24.49
1512455708716,Humidity_2,11.3128324479452
1512455708720,Brightness_2,38
1512455715450,Temperature_1,24.84
1512455715453,Humidity_1,11.6827920897476
1512455715457,Brightness_1,5
1512455715459,Temperature_2,24.49
1512455715461,Humidity_2,11.3128324479452
1512455715465,Brightness_2,38
1512455716546,Sound_P,67.0155172093058
1512455716550,PodiumIR,126
1512455721902,Temperature_1,24.84
1512455721905,Humidity_1,11.6827920897476
1512455721908,Brightness_1,5
1512455721911,Temperature_2,24.49
1512455721913,Humidity_2,11.3128324479452
1512455721917,Brightness_2,38
1512455726552,Sound_P,70.0787016850011
1512455726556,PodiumIR,164
1512455728353,Temperature_1,24.84
1512455728356,Humidity_1,11.6827920897476
1512455728359,Brightness_1,5
1512455728362,Temperature_2,24.49
1512455728364,Humidity_2,11.3128324479452
1512455728367,Brightness_2,38
1512455734804,Temperature_1,24.84
1512455734807,Humidity_1,11.6827920897476
1512455734811,Brightness_1,5
1512455734813,Temperature_2,24.49
1512455734815,Humidity_2,11.3128324479452
1512455734818,Brightness_2,38
1512455736559,Sound_P,66.4459372396027
1512455736562,PodiumIR,159
1512455741479,Temperature_1,24.84
1512455741482,Humidity_1,11.6827920897476
1512455741485,Brightness_1,5
1512455741488,Temperature_2,24.49
1512455741490,Humidity_2,11.3128324479452
1512455741493,Brightness_2,38
1512455746564,Sound_P,72.6685872567788
1512455746573,PodiumIR,152
1512455747923,Temperature_1,24.84
1512455747926,Humidity_1,11.6827920897476
1512455747930,Brightness_1,5
1512455747932,Temperature_2,24.49
1512455747934,Humidity_2,11.3128324479452
1512455747937,Brightness_2,38
1512455754340,Temperature_1,24.84
1512455754343,Humidity_1,11.6827920897476
1512455754347,Brightness_1,5
1512455754349,Temperature_2,24.49
1512455754351,Humidity_2,11.3128324479452
1512455754354,Brightness_2,38
1512455756579,Sound_P,77.1992048450907
1512455756582,PodiumIR,126
1512455760755,Temperature_1,24.84
1512455760759,Humidity_1,11.6827920897476
1512455760762,Brightness_1,5
1512455760765,Temperature_2,24.49
1512455760767,Humidity_2,11.3128324479452
1512455760769,Brightness_2,38
1512455766585,Sound_P,73.8277364906311
1512455766588,PodiumIR,180
1512455767470,Temperature_1,24.84
1512455767473,Humidity_1,11.6827920897476
1512455767476,Brightness_1,5
1512455767479,Temperature_2,24.49
1512455767481,Humidity_2,11.3128324479452
1512455767485,Brightness_2,38
1512455773922,Temperature_1,24.84
1512455773925,Humidity_1,11.6827920897476
1512455773928,Brightness_1,4
1512455773931,Temperature_2,24.49
1512455773933,Humidity_2,11.3128324479452
1512455773937,Brightness_2,38
1512455776591,Sound_P,74.5583298563306
1512455776594,PodiumIR,98
1512455780372,Temperature_1,24.84
1512455780375,Humidity_1,11.6827920897476
1512455780379,Brightness_1,4
1512455780381,Temperature_2,24.49
1512455780383,Humidity_2,11.3128324479452
1512455780386,Brightness_2,38
1512455786597,Sound_P,69.1183831740761
1512455786601,PodiumIR,104
1512455786773,Temperature_1,24.84
1512455786776,Humidity_1,11.6827920897476
1512455786780,Brightness_1,4
1512455786782,Temperature_2,24.49
1512455786785,Humidity_2,11.3128324479452
1512455786788,Brightness_2,38
1512455793486,Temperature_1,24.84
1512455793489,Humidity_1,11.6827920897476
1512455793493,Brightness_1,4
1512455793495,Temperature_2,24.49
1512455793498,Humidity_2,11.3128324479452
1512455793500,Brightness_2,38
1512455796604,Sound_P,73.8277364906311
1512455796607,PodiumIR,144
1512455799943,Temperature_1,24.84
1512455799947,Humidity_1,11.6827920897476
1512455799950,Brightness_1,4
1512455799953,Temperature_2,24.49
1512455799955,Humidity_2,11.3128324479452
1512455806480,Temperature_1,24.84
1512455806484,Humidity_1,11.6827920897476
1512455806487,Brightness_1,4
1512455806490,Temperature_2,24.49
1512455806493,Humidity_2,11.3128324479452
1512455806610,Sound_P,66.4459372396027
1512455806613,PodiumIR,184
1512455813141,Temperature_1,24.84
1512455813144,Humidity_1,11.6827920897476
1512455813148,Brightness_1,4
1512455813150,Temperature_2,24.49
1512455813152,Humidity_2,11.3128324479452
1512455816616,Sound_P,75.5978985141982
1512455816619,PodiumIR,189
1512455819592,Temperature_1,24.84
1512455819595,Humidity_1,11.6827920897476
1512455819599,Brightness_1,4
1512455819601,Temperature_2,24.49
1512455819604,Humidity_2,11.3128324479452
1512455826051,Temperature_1,24.84
1512455826054,Humidity_1,11.6827920897476
1512455826057,Brightness_1,4
1512455826060,Temperature_2,24.49
1512455826062,Humidity_2,11.3128324479452
1512455826622,Sound_P,82.4101177955235
1512455826625,PodiumIR,137
1512455832583,Temperature_1,24.84
1512455832586,Humidity_1,11.6827920897476
1512455832590,Brightness_1,4
1512455832592,Temperature_2,24.49
1512455832595,Humidity_2,11.3128324479452
1512455836628,Sound_P,76.5768744395891
1512455836632,PodiumIR,148
1512455839253,Temperature_1,24.72
1512455839256,Humidity_1,11.6827920897476
1512455839262,Temperature_2,24.49
1512455839265,Humidity_2,11.3128324479452
1512455845707,Temperature_1,24.72
1512455845711,Humidity_1,11.6827920897476
1512455845717,Temperature_2,24.49
1512455845719,Humidity_2,11.3128324479452
1512455846634,Sound_P,77.7993043508882
1512455846638,PodiumIR,169
1512455852135,Temperature_1,24.72
1512455852138,Humidity_1,11.6827920897476
1512455852144,Temperature_2,24.49
1512455852146,Humidity_2,11.3128324479452
1512455856640,Sound_P,75.9306024554013
1512455856644,PodiumIR,155
1512455858552,Temperature_1,24.72
1512455858555,Humidity_1,11.6827920897476
1512455858561,Temperature_2,24.49
1512455858563,Humidity_2,11.3128324479452
1512455865284,Temperature_1,24.72
1512455865288,Humidity_1,11.6827920897476
1512455865294,Temperature_2,24.49
1512455865297,Humidity_2,11.436152328546
1512455866647,Sound_P,73.8277364906311
1512455866650,PodiumIR,150
1512455871744,Temperature_1,24.72
1512455871747,Humidity_1,11.6827920897476
1512455871753,Temperature_2,24.49
1512455871755,Humidity_2,11.436152328546
1512455876653,Sound_P,74.1970041024132
1512455876656,PodiumIR,184
1512455878376,Temperature_1,24.72
1512455878379,Humidity_1,11.6827920897476
1512455878386,Temperature_2,24.49
1512455878388,Humidity_2,11.436152328546
1512455884783,Temperature_1,24.72
1512455884786,Humidity_1,11.6827920897476
1512455884792,Temperature_2,24.49
1512455884794,Humidity_2,11.436152328546
1512455886659,Sound_P,72.6685872567788
1512455886663,PodiumIR,135
1512455891480,Temperature_1,24.72
1512455891483,Humidity_1,11.6827920897476
1512455891489,Temperature_2,24.49
1512455891492,Humidity_2,11.436152328546
1512455896665,Sound_P,73.8277364906311
1512455896670,PodiumIR,162
1512455897892,Temperature_1,24.84
1512455897895,Humidity_1,11.6827920897476
1512455897911,Temperature_2,24.49
1512455897914,Humidity_2,11.436152328546
1512455904382,Temperature_1,24.84
1512455904385,Humidity_1,11.6827920897476
1512455904391,Temperature_2,24.49
1512455904393,Humidity_2,11.436152328546
1512455906675,Sound_P,75.5978985141982
1512455906679,PodiumIR,166
1512455910783,Temperature_1,24.84
1512455910786,Humidity_1,11.6827920897476
1512455910792,Temperature_2,24.49
1512455910794,Humidity_2,11.436152328546
1512455916682,Sound_P,84.7094889243551
1512455916685,PodiumIR,161
1512455917488,Temperature_1,24.84
1512455917491,Humidity_1,11.6827920897476
1512455917497,Temperature_2,24.49
1512455917499,Humidity_2,11.436152328546
1512455924249,Temperature_1,24.84
1512455924252,Humidity_1,11.6827920897476
1512455924258,Temperature_2,24.49
1512455924261,Humidity_2,11.436152328546
1512455926688,Sound_P,76.2568457158865
1512455926695,PodiumIR,165
1512455930662,Temperature_1,24.84
1512455930665,Humidity_1,11.6827920897476
1512455930671,Temperature_2,24.49
1512455930674,Humidity_2,11.436152328546
1512455936698,Sound_P,73.0639231437675
1512455936709,PodiumIR,90
1512455937468,Temperature_1,24.84
1512455937471,Humidity_1,11.6827920897476
1512455937477,Temperature_2,24.49
1512455937480,Humidity_2,11.436152328546
1512455944217,Temperature_1,24.84
1512455944220,Humidity_1,11.6827920897476
1512455944226,Temperature_2,24.49
1512455944228,Humidity_2,11.436152328546
1512455946712,Sound_P,85.2855796478696
1512455946715,PodiumIR,96
1512455950628,Temperature_1,24.84
1512455950631,Humidity_1,11.6827920897476
1512455950637,Temperature_2,24.49
1512455950639,Humidity_2,11.436152328546
1512455956718,Sound_P,75.9306024554013
1512455956722,PodiumIR,158
1512455957323,Temperature_1,24.84
1512455957326,Humidity_1,11.6827920897476
1512455957332,Temperature_2,24.49
1512455957334,Humidity_2,11.436152328546
1512455963774,Temperature_1,24.84
1512455963777,Humidity_1,11.8061119703485
1512455963783,Temperature_2,24.49
1512455963785,Humidity_2,11.436152328546
1512455966729,Sound_P,74.5583298563306
1512455966732,PodiumIR,103
1512455970430,Temperature_1,24.84
1512455970433,Humidity_1,11.8061119703485
1512455970439,Temperature_2,24.49
1512455970442,Humidity_2,11.436152328546
1512455976735,Sound_P,75.2584728285566
1512455976738,PodiumIR,136
1512455976842,Temperature_1,24.84
1512455976845,Humidity_1,11.8061119703485
1512455976850,Temperature_2,24.49
1512455976853,Humidity_2,11.436152328546
1512455983537,Temperature_1,24.84
1512455983541,Humidity_1,11.8061119703485
1512455983547,Temperature_2,24.49
1512455983549,Humidity_2,11.436152328546
1512455986741,Sound_P,72.6685872567788
1512455986744,PodiumIR,140
1512455990134,Temperature_1,24.84
1512455990137,Humidity_1,11.8061119703485
1512455990143,Temperature_2,24.49
1512455990145,Humidity_2,11.436152328546
1512455996575,Temperature_1,24.84
1512455996579,Humidity_1,11.8061119703485
1512455996585,Temperature_2,24.49
1512455996588,Humidity_2,11.436152328546
1512455996747,Sound_P,76.2568457158865
1512455996750,PodiumIR,133
1512456003103,Temperature_1,24.84
1512456003106,Humidity_1,11.8061119703485
1512456003112,Temperature_2,24.49
1512456003115,Humidity_2,11.436152328546
1512456006753,Sound_P,75.9306024554013
1512456006756,PodiumIR,139
1512456009507,Temperature_1,24.84
1512456009510,Humidity_1,11.8061119703485
1512456009516,Temperature_2,24.49
1512456009519,Humidity_2,11.436152328546
1512456016761,Sound_P,73.8277364906311
1512456016765,PodiumIR,137
1512456017228,Temperature_1,24.84
1512456017231,Humidity_1,11.8061119703485
1512456017237,Temperature_2,24.49
1512456017239,Humidity_2,11.436152328546
1512456023685,Temperature_1,24.6
1512456023689,Humidity_1,11.8061119703485
1512456023694,Temperature_2,24.49
1512456023697,Humidity_2,11.436152328546
1512456026770,Sound_P,76.8909209663263
1512456026773,PodiumIR,141
1512456030130,Temperature_1,24.6
1512456030133,Humidity_1,11.8061119703485
1512456030139,Temperature_2,24.49
1512456030142,Humidity_2,11.436152328546
1512456036573,Temperature_1,24.6
1512456036576,Humidity_1,11.8061119703485
1512456036582,Temperature_2,24.49
1512456036584,Humidity_2,11.436152328546
1512456036781,Sound_P,81.0092233837385
1512456036785,PodiumIR,142
1512456043033,Temperature_1,24.6
1512456043036,Humidity_1,11.8061119703485
1512456043042,Temperature_2,24.49
1512456043044,Humidity_2,11.436152328546
1512456046796,Sound_P,77.7993043508882
1512456046800,PodiumIR,155
1512456049000,Door,activate
1512456049485,Temperature_1,24.6
1512456049488,Humidity_1,11.8061119703485
1512456049494,Temperature_2,24.49
1512456049496,Humidity_2,11.436152328546
1512456055935,Temperature_1,24.6
1512456055938,Humidity_1,11.8061119703485
1512456055944,Temperature_2,24.49
1512456055947,Humidity_2,11.436152328546
1512456056809,Sound_P,77.7993043508882
1512456056813,PodiumIR,153
1512456062479,Temperature_1,24.6
1512456062483,Humidity_1,11.8061119703485
1512456062489,Temperature_2,24.49
1512456062493,Humidity_2,11.436152328546
1512456066819,Sound_P,74.9120481842634
1512456066823,PodiumIR,140
1512456068905,Temperature_1,24.6
1512456068909,Humidity_1,11.8061119703485
1512456068915,Temperature_2,24.49
1512456068917,Humidity_2,11.436152328546
1512456075605,Temperature_1,24.6
1512456075608,Humidity_1,11.8061119703485
1512456075614,Temperature_2,24.49
1512456075616,Humidity_2,11.436152328546
1512456076828,Sound_P,81.0092233837385
1512456076831,PodiumIR,141
1512456082048,Temperature_1,24.6
1512456082051,Humidity_1,11.8061119703485
1512456082057,Temperature_2,24.49
1512456082059,Humidity_2,11.436152328546
1512456086834,Sound_P,74.5583298563306
1512456086837,PodiumIR,138
1512456088479,Temperature_1,24.72
1512456088482,Humidity_1,11.8061119703485
1512456088488,Temperature_2,24.49
1512456088491,Humidity_2,11.436152328546
1512456094952,Temperature_1,24.72
1512456094955,Humidity_1,11.8061119703485
1512456094961,Temperature_2,24.49
1512456094963,Humidity_2,11.436152328546
1512456096843,Sound_P,77.1992048450907
1512456096847,PodiumIR,165
1512456101358,Temperature_1,24.72
1512456101361,Humidity_1,11.8061119703485
1512456101368,Temperature_2,24.49
1512456101370,Humidity_2,11.436152328546
1512456106851,Sound_P,87.7400817312461
1512456106861,PodiumIR,143
1512456108062,Temperature_1,24.72
1512456108065,Humidity_1,11.8061119703485
1512456108071,Temperature_2,24.49
1512456108073,Humidity_2,11.436152328546
1512456114574,Temperature_1,24.72
1512456114578,Humidity_1,11.8061119703485
1512456114584,Temperature_2,24.37
1512456114586,Humidity_2,11.5594722091468
1512456116865,Sound_P,89.737068800778
1512456116869,PodiumIR,144
1512456121276,Temperature_1,24.72
1512456121279,Humidity_1,11.8061119703485
1512456121284,Temperature_2,24.37
1512456121287,Humidity_2,11.5594722091468
1512456126874,Sound_P,76.5768744395891
1512456126883,PodiumIR,171
1512456127724,Temperature_1,24.72
1512456127727,Humidity_1,11.8061119703485
1512456127732,Temperature_2,24.37
1512456127734,Humidity_2,11.5594722091468
1512456134124,Temperature_1,24.72
1512456134127,Humidity_1,11.8061119703485
1512456134132,Temperature_2,24.37
1512456134134,Humidity_2,11.5594722091468
1512456136892,Sound_P,74.5583298563306
1512456136896,PodiumIR,173
1512456140544,Temperature_1,24.72
1512456140548,Humidity_1,11.8061119703485
1512456140554,Temperature_2,24.37
1512456140557,Humidity_2,11.5594722091468
1512456146898,Sound_P,77.1992048450907
1512456146902,PodiumIR,156
1512456147790,Temperature_1,24.72
1512456147793,Humidity_1,11.8061119703485
1512456147800,Temperature_2,24.37
1512456147802,Humidity_2,11.5594722091468
1512456154241,Temperature_1,24.72
1512456154244,Humidity_1,11.8061119703485
1512456154251,Temperature_2,24.37
1512456154254,Humidity_2,11.5594722091468
1512456156904,Sound_P,76.8909209663263
1512456156908,PodiumIR,138
1512456160654,Temperature_1,24.72
1512456160657,Humidity_1,11.8061119703485
1512456160663,Temperature_2,24.37
1512456160666,Humidity_2,11.5594722091468
1512456166911,Sound_P,75.5978985141982
1512456166914,PodiumIR,171
1512456167348,Temperature_1,24.72
1512456167352,Humidity_1,11.8061119703485
1512456167359,Temperature_2,24.37
1512456167361,Humidity_2,11.5594722091468
1512456173903,Temperature_1,24.72
1512456173906,Humidity_1,11.8061119703485
1512456173912,Temperature_2,24.37
1512456173915,Humidity_2,11.5594722091468
1512456176916,Sound_P,76.2568457158865
1512456176920,PodiumIR,173
1512456180375,Temperature_1,24.72
1512456180378,Humidity_1,11.8061119703485
1512456180384,Temperature_2,24.37
1512456180387,Humidity_2,11.5594722091468
1512456186785,Temperature_1,24.72
1512456186788,Humidity_1,11.8061119703485
1512456186792,Temperature_2,24.37
1512456186794,Humidity_2,11.5594722091468
1512456186922,Sound_P,77.1992048450907
1512456186926,PodiumIR,166
1512456193183,Temperature_1,24.72
1512456193187,Humidity_1,11.8061119703485
1512456193193,Temperature_2,24.37
1512456193196,Humidity_2,11.5594722091468
1512456196929,Sound_P,78.37870659506
1512456196937,PodiumIR,164
1512456199605,Temperature_1,24.72
1512456199609,Humidity_1,11.8061119703485
1512456199615,Temperature_2,24.37
1512456199618,Humidity_2,11.5594722091468
1512456206266,Temperature_1,24.72
1512456206270,Humidity_1,11.8061119703485
1512456206276,Temperature_2,24.37
1512456206279,Humidity_2,11.5594722091468
1512456206942,Sound_P,76.8909209663263
1512456206945,PodiumIR,155
1512456212672,Temperature_1,24.72
1512456212675,Humidity_1,11.8061119703485
1512456212681,Temperature_2,24.37
1512456212684,Humidity_2,11.5594722091468
1512456216948,Sound_P,83.4944294891558
1512456216952,PodiumIR,184
1512456219397,Temperature_1,24.6
1512456219400,Humidity_1,11.8061119703485
1512456219406,Temperature_2,24.37
1512456219409,Humidity_2,11.5594722091468
1512456226137,Temperature_1,24.6
1512456226140,Humidity_1,11.8061119703485
1512456226146,Temperature_2,24.37
1512456226149,Humidity_2,11.5594722091468
1512456226954,Sound_P,78.6610829898935
1512456226963,PodiumIR,183
1512456231088,Door,activate
1512456232560,Temperature_1,24.6
1512456232563,Humidity_1,11.8061119703485
1512456232570,Temperature_2,24.37
1512456232573,Humidity_2,11.5594722091468
1512456236967,Sound_P,78.37870659506
1512456236971,PodiumIR,125
1512456238953,Temperature_1,24.6
1512456238957,Humidity_1,11.8061119703485
1512456238963,Temperature_2,24.37
1512456238966,Humidity_2,11.5594722091468
1512456245379,Temperature_1,24.6
1512456245382,Humidity_1,11.8061119703485
1512456245389,Temperature_2,24.37
1512456245391,Humidity_2,11.5594722091468
1512456246973,Sound_P,79.2119848031425
1512456246977,PodiumIR,201
1512456251840,Temperature_1,24.6
1512456251843,Humidity_1,11.8061119703485
1512456251849,Temperature_2,24.37
1512456251851,Humidity_2,11.5594722091468
1512456256980,Sound_P,79.4808065381041
1512456257108,PodiumIR,203
1512456258281,Temperature_1,24.6
1512456258284,Humidity_1,11.8061119703485
1512456258290,Temperature_2,24.37
1512456258293,Humidity_2,11.5594722091468
1512456264837,Temperature_1,24.6
1512456264841,Humidity_1,11.8061119703485
1512456264847,Temperature_2,24.37
1512456264850,Humidity_2,11.5594722091468
1512456267111,Sound_P,80.0058805215165
1512456267114,PodiumIR,138
1512456271287,Temperature_1,24.6
1512456271290,Humidity_1,11.8061119703485
1512456271296,Temperature_2,24.37
1512456271299,Humidity_2,11.5594722091468
1512456277125,Sound_P,77.7993043508882
1512456277142,PodiumIR,170
1512456277749,Temperature_1,24.72
1512456277752,Humidity_1,11.9294318509493
1512456277759,Temperature_2,24.37
1512456277762,Humidity_2,11.5594722091468
1512456284189,Temperature_1,24.72
1512456284192,Humidity_1,11.9294318509493
1512456284199,Temperature_2,24.37
1512456284201,Humidity_2,11.5594722091468
1512456287147,Sound_P,61.804604258873
1512456287150,PodiumIR,192
1512456290609,Temperature_1,24.72
1512456290613,Humidity_1,11.9294318509493
1512456290619,Temperature_2,24.37
1512456290621,Humidity_2,11.5594722091468
1512456297153,Sound_P,65.2453551857387
1512456297156,PodiumIR,159
1512456297186,Temperature_1,24.72
1512456297190,Humidity_1,11.9294318509493
1512456297196,Temperature_2,24.37
1512456297199,Humidity_2,11.5594722091468
1512456303592,Temperature_1,24.72
1512456303596,Humidity_1,11.9294318509493
1512456303602,Temperature_2,24.37
1512456303605,Humidity_2,11.5594722091468
1512456307159,Sound_P,66.4459372396027
1512456307163,PodiumIR,152
1512456309990,Temperature_1,24.72
1512456309993,Humidity_1,11.9294318509493
1512456310000,Temperature_2,24.37
1512456310003,Humidity_2,11.6827920897476
1512456316445,Temperature_1,24.72
1512456316449,Humidity_1,11.9294318509493
1512456316455,Temperature_2,24.37
1512456316458,Humidity_2,11.6827920897476
1512456317165,Sound_P,62.5514383218256
1512456317169,PodiumIR,146
1512456323102,Temperature_1,24.72
1512456323105,Humidity_1,11.9294318509493
1512456323112,Temperature_2,24.37
1512456323114,Humidity_2,11.6827920897476
1512456327171,Sound_P,76.2568457158865
1512456327174,PodiumIR,102
1512456329553,Temperature_1,24.72
1512456329556,Humidity_1,11.9294318509493
1512456329561,Temperature_2,24.37
1512456329563,Humidity_2,11.6827920897476
1512456336004,Temperature_1,24.72
1512456336007,Humidity_1,11.9294318509493
1512456336014,Temperature_2,24.37
1512456336016,Humidity_2,11.6827920897476
1512456337177,Sound_P,65.2453551857387
1512456337181,PodiumIR,103
1512456342496,Temperature_1,24.72
1512456342499,Humidity_1,11.9294318509493
1512456342506,Temperature_2,24.37
1512456342508,Humidity_2,11.6827920897476
1512456347183,Sound_P,63.9523327336106
1512456347196,PodiumIR,113
1512456348943,Temperature_1,24.72
1512456348946,Humidity_1,11.9294318509493
1512456348952,Temperature_2,24.37
1512456348954,Humidity_2,11.6827920897476
1512456355469,Temperature_1,24.72
1512456355472,Humidity_1,11.9294318509493
1512456355479,Temperature_2,24.37
1512456355482,Humidity_2,11.6827920897476
1512456357201,Sound_P,59.3415192889753
1512456357204,PodiumIR,85
1512456361912,Temperature_1,24.72
1512456361915,Humidity_1,11.9294318509493
1512456361922,Temperature_2,24.37
1512456361924,Humidity_2,11.6827920897476
1512456367214,Sound_P,61.0230214761912
1512456367231,PodiumIR,163
1512456368479,Temperature_1,24.72
1512456368482,Humidity_1,11.9294318509493
1512456368490,Temperature_2,24.37
1512456368495,Humidity_2,11.6827920897476
1512456375224,Temperature_1,24.72
1512456375227,Humidity_1,11.9294318509493
1512456375234,Temperature_2,24.37
1512456375236,Humidity_2,11.6827920897476
1512456377236,Sound_P,63.2664824036758
1512456377239,PodiumIR,159
1512456381652,Temperature_1,24.72
1512456381655,Humidity_1,11.9294318509493
1512456381662,Temperature_2,24.37
1512456381664,Humidity_2,11.6827920897476
1512456387242,Sound_P,63.9523327336106
1512456387245,PodiumIR,152
1512456388337,Temperature_1,24.72
1512456388340,Humidity_1,11.9294318509493
1512456388346,Temperature_2,24.37
1512456388349,Humidity_2,11.6827920897476
1512456394783,Temperature_1,24.72
1512456394786,Humidity_1,11.9294318509493
1512456394793,Temperature_2,24.37
1512456394795,Humidity_2,11.6827920897476
1512456397255,Sound_P,80.5150406983876
1512456397258,PodiumIR,155
1512456401439,Temperature_1,24.72
1512456401442,Humidity_1,11.9294318509493
1512456401449,Temperature_2,24.37
1512456401452,Humidity_2,11.6827920897476
1512456407264,Sound_P,61.804604258873
1512456407273,PodiumIR,187
1512456407890,Temperature_1,24.72
1512456407893,Humidity_1,11.9294318509493
1512456407900,Temperature_2,24.37
1512456407902,Humidity_2,11.6827920897476
1512456414341,Temperature_1,24.72
1512456414345,Humidity_1,11.9294318509493
1512456414351,Temperature_2,24.37
1512456414354,Humidity_2,11.6827920897476
1512456417278,Sound_P,80.5150406983876
1512456417281,PodiumIR,159
1512456420752,Temperature_1,24.72
1512456420755,Humidity_1,11.9294318509493
1512456420762,Temperature_2,24.37
1512456420765,Humidity_2,11.6827920897476
1512456427284,Sound_P,84.3141530373665
1512456427287,PodiumIR,191
1512456427310,Temperature_1,24.72
1512456427313,Humidity_1,11.9294318509493
1512456427320,Temperature_2,24.37
1512456427323,Humidity_2,11.6827920897476
1512456434002,Temperature_1,24.72
1512456434006,Humidity_1,11.9294318509493
1512456434013,Temperature_2,24.37
1512456434015,Humidity_2,11.6827920897476
1512456437290,Sound_P,70.987085069563
1512456437293,PodiumIR,152
1512456440501,Temperature_1,24.72
1512456440505,Humidity_1,11.9294318509493
1512456440512,Temperature_2,24.37
1512456440514,Humidity_2,11.6827920897476
1512456447213,Temperature_1,24.72
1512456447216,Humidity_1,11.9294318509493
1512456447223,Temperature_2,24.37
1512456447226,Humidity_2,11.6827920897476
1512456447296,Sound_P,67.5664190225549
1512456447299,PodiumIR,156
1512456453664,Temperature_1,24.72
1512456453667,Humidity_1,11.9294318509493
1512456453674,Temperature_2,24.37
1512456453677,Humidity_2,11.6827920897476
1512456457302,Sound_P,64.6112799352989
1512456457305,PodiumIR,158
1512456460075,Temperature_1,24.72
1512456460078,Humidity_1,11.9294318509493
1512456460085,Temperature_2,24.37
1512456460088,Humidity_2,11.6827920897476
1512456466596,Temperature_1,24.72
1512456466600,Humidity_1,11.9294318509493
1512456466607,Temperature_2,24.37
1512456466610,Humidity_2,11.6827920897476
1512456467308,Sound_P,67.5664190225549
1512456467311,PodiumIR,146
1512456473335,Temperature_1,24.72
1512456473339,Humidity_1,11.9294318509493
1512456473346,Temperature_2,24.37
1512456473349,Humidity_2,11.6827920897476
1512456477314,Sound_P,63.2664824036758
1512456477323,PodiumIR,153
1512456479879,Temperature_1,24.72
1512456479892,Humidity_1,11.9294318509493
1512456479899,Temperature_2,24.37
1512456479901,Humidity_2,11.6827920897476
1512456486330,Temperature_1,24.72
1512456486334,Humidity_1,11.9294318509493
1512456486340,Temperature_2,24.37
1512456486343,Humidity_2,11.6827920897476
1512456487328,Sound_P,63.9523327336106
1512456487331,PodiumIR,151
1512456492753,Temperature_1,24.72
1512456492757,Humidity_1,11.9294318509493
1512456492763,Temperature_2,24.37
1512456492766,Humidity_2,11.6827920897476
1512456497334,Sound_P,61.804604258873
1512456497337,PodiumIR,127
1512456499192,Temperature_1,24.72
1512456499195,Humidity_1,11.9294318509493
1512456499203,Temperature_2,24.37
1512456499207,Humidity_2,11.6827920897476
1512456505889,Temperature_1,24.72
1512456505892,Humidity_1,11.9294318509493
1512456505899,Temperature_2,24.37
1512456505902,Humidity_2,11.6827920897476
1512456507340,Sound_P,81.0092233837385
1512456507344,PodiumIR,193
1512456512340,Temperature_1,24.72
1512456512343,Humidity_1,11.9294318509493
1512456512350,Temperature_2,24.37
1512456512353,Humidity_2,11.6827920897476
1512456517346,Sound_P,75.2584728285566
1512456517413,PodiumIR,106
1512456518752,Temperature_1,24.72
1512456518755,Humidity_1,11.9294318509493
1512456518762,Temperature_2,24.37
1512456518765,Humidity_2,11.6827920897476
1512456525447,Temperature_1,24.72
1512456525451,Humidity_1,11.9294318509493
1512456525458,Temperature_2,24.37
1512456525461,Humidity_2,11.6827920897476
1512456527417,Sound_P,61.0230214761912
1512456527420,PodiumIR,179
1512456532308,Temperature_1,24.6
1512456532312,Humidity_1,11.9294318509493
1512456532319,Temperature_2,24.37
1512456532322,Humidity_2,11.6827920897476
1512456537422,Sound_P,62.5514383218256
1512456537436,PodiumIR,153
1512456538722,Temperature_1,24.6
1512456538725,Humidity_1,11.9294318509493
1512456538732,Temperature_2,24.37
1512456538735,Humidity_2,11.6827920897476
1512456545415,Temperature_1,24.6
1512456545419,Humidity_1,11.9294318509493
1512456545426,Temperature_2,24.37
1512456545428,Humidity_2,11.6827920897476
1512456547441,Sound_P,69.6054027810836
1512456547445,PodiumIR,189
1512456551867,Temperature_1,24.6
1512456551871,Humidity_1,11.9294318509493
1512456551877,Temperature_2,24.37
1512456551880,Humidity_2,11.6827920897476
1512456557447,Sound_P,63.9523327336106
1512456557451,PodiumIR,183
1512456558504,Temperature_1,24.6
1512456558508,Humidity_1,11.9294318509493
1512456558514,Temperature_2,24.37
1512456558517,Humidity_2,11.6827920897476
1512456565179,Temperature_1,24.6
1512456565183,Humidity_1,11.9294318509493
1512456565190,Temperature_2,24.37
1512456565193,Humidity_2,11.6827920897476
1512456567465,Sound_P,70.5390318503356
1512456567468,PodiumIR,192
1512456571641,Temperature_1,24.6
1512456571644,Humidity_1,11.9294318509493
1512456571651,Temperature_2,24.37
1512456571654,Humidity_2,11.6827920897476
1512456577471,Sound_P,84.7094889243551
1512456577474,PodiumIR,206
1512456578403,Temperature_1,24.6
1512456578406,Humidity_1,11.9294318509493
1512456578413,Temperature_2,24.37
1512456578415,Humidity_2,11.6827920897476
1512456584814,Temperature_1,24.6
1512456584817,Humidity_1,11.9294318509493
1512456584824,Temperature_2,24.37
1512456584827,Humidity_2,11.6827920897476
1512456587477,Sound_P,81.4892846141711
1512456587480,PodiumIR,204
1512456591496,Temperature_1,24.6
1512456591500,Humidity_1,11.9294318509493
1512456591506,Temperature_2,24.37
1512456591509,Humidity_2,11.6827920897476
1512456597483,Sound_P,69.1183831740761
1512456597486,PodiumIR,205
1512456597948,Temperature_1,24.72
1512456597951,Humidity_1,11.9294318509493
1512456597958,Temperature_2,24.37
1512456597962,Humidity_2,11.6827920897476
1512456604399,Temperature_1,24.72
1512456604402,Humidity_1,11.9294318509493
1512456604409,Temperature_2,24.37
1512456604412,Humidity_2,11.6827920897476
1512456607489,Sound_P,61.804604258873
1512456607493,PodiumIR,209
1512456610851,Temperature_1,24.72
1512456610854,Humidity_1,11.9294318509493
1512456610861,Temperature_2,24.37
1512456610864,Humidity_2,11.6827920897476
1512456617302,Temperature_1,24.72
1512456617305,Humidity_1,11.9294318509493
1512456617312,Temperature_2,24.37
1512456617314,Humidity_2,11.6827920897476
1512456617495,Sound_P,59.3415192889753
1512456617499,PodiumIR,192
1512456623753,Temperature_1,24.72
1512456623755,Humidity_1,11.9294318509493
1512456623760,Temperature_2,24.37
1512456623762,Humidity_2,11.6827920897476
1512456627501,Sound_P,65.2453551857387
1512456627504,PodiumIR,101
1512456630162,Temperature_1,24.72
1512456630165,Humidity_1,11.9294318509493
1512456630171,Temperature_2,24.37
1512456630173,Humidity_2,11.6827920897476
1512456636602,Temperature_1,24.72
1512456636605,Humidity_1,11.9294318509493
1512456636612,Temperature_2,24.37
1512456636614,Humidity_2,11.6827920897476
1512456637507,Sound_P,62.5514383218256
1512456637511,PodiumIR,147
1512456643312,Temperature_1,24.72
1512456643315,Humidity_1,11.9294318509493
1512456643321,Temperature_2,24.37
1512456643324,Humidity_2,11.6827920897476
1512456647513,Sound_P,69.6054027810836
1512456647522,PodiumIR,198
1512456649771,Temperature_1,24.72
1512456649774,Humidity_1,11.9294318509493
1512456649780,Temperature_2,24.37
1512456649782,Humidity_2,11.6827920897476
1512456656214,Temperature_1,24.72
1512456656217,Humidity_1,11.9294318509493
1512456656224,Temperature_2,24.37
1512456656226,Humidity_2,11.6827920897476
1512456657527,Sound_P,82.8522748925637
1512456657530,PodiumIR,184
1512456662630,Temperature_1,24.6
1512456662634,Humidity_1,11.9294318509493
1512456662640,Temperature_2,24.37
1512456662642,Humidity_2,11.6827920897476
1512456667533,Sound_P,61.804604258873
1512456667536,PodiumIR,206
1512456669033,Temperature_1,24.6
1512456669036,Humidity_1,11.9294318509493
1512456669042,Temperature_2,24.37
1512456669044,Humidity_2,11.6827920897476
1512456675670,Temperature_1,24.6
1512456675673,Humidity_1,11.9294318509493
1512456675679,Temperature_2,24.37
1512456675682,Humidity_2,11.6827920897476
1512456677539,Sound_P,67.5664190225549
1512456677542,PodiumIR,173
1512456682122,Temperature_1,24.6
1512456682125,Humidity_1,11.9294318509493
1512456682131,Temperature_2,24.37
1512456682133,Humidity_2,11.6827920897476
1512456687545,Sound_P,73.4501700394606
1512456687549,PodiumIR,178
1512456688530,Temperature_1,24.6
1512456688534,Humidity_1,11.9294318509493
1512456688540,Temperature_2,24.37
1512456688542,Humidity_2,11.6827920897476
1512456695230,Temperature_1,24.6
1512456695233,Humidity_1,11.9294318509493
1512456695239,Temperature_2,24.37
1512456695241,Humidity_2,11.6827920897476
1512456697551,Sound_P,60.2032979279805
1512456697554,PodiumIR,156
1512456701682,Temperature_1,24.6
1512456701685,Humidity_1,11.9294318509493
1512456701691,Temperature_2,24.37
1512456701694,Humidity_2,11.6827920897476
1512456707565,Sound_P,79.7453946835258
1512456707569,PodiumIR,158
1512456708137,Temperature_1,24.6
1512456708140,Humidity_1,11.9294318509493
1512456708146,Temperature_2,24.37
1512456708149,Humidity_2,11.6827920897476
1512456714570,Temperature_1,24.6
1512456714573,Humidity_1,11.9294318509493
1512456714580,Temperature_2,24.37
1512456714582,Humidity_2,11.6827920897476
1512456717571,Sound_P,62.5514383218256
1512456717574,PodiumIR,160
1512456720981,Temperature_1,24.6
1512456720984,Humidity_1,11.9294318509493
1512456720990,Temperature_2,24.37
1512456720993,Humidity_2,11.6827920897476
1512456727577,Sound_P,66.4459372396027
1512456727581,PodiumIR,132
1512456727601,Temperature_1,24.72
1512456727604,Humidity_1,12.0527517315501
1512456727611,Temperature_2,24.37
1512456727615,Humidity_2,11.6827920897476
1512456734347,Temperature_1,24.72
1512456734350,Humidity_1,12.0527517315501
1512456734356,Temperature_2,24.37
1512456734359,Humidity_2,11.6827920897476
1512456737583,Sound_P,65.2453551857387
1512456737587,PodiumIR,243
1512456740750,Temperature_1,24.72
1512456740753,Humidity_1,12.0527517315501
1512456740759,Temperature_2,24.37
1512456740762,Humidity_2,11.6827920897476
1512456747454,Temperature_1,24.72
1512456747457,Humidity_1,12.0527517315501
1512456747463,Temperature_2,24.37
1512456747466,Humidity_2,11.6827920897476
1512456747589,Sound_P,66.4459372396027
1512456747593,PodiumIR,226
1512456753906,Temperature_1,24.72
1512456753909,Humidity_1,12.0527517315501
1512456753915,Temperature_2,24.37
1512456753918,Humidity_2,11.8061119703485
1512456757595,Sound_P,65.8563679754536
1512456757599,PodiumIR,209
1512456760357,Temperature_1,24.72
1512456760360,Humidity_1,12.0527517315501
1512456760366,Temperature_2,24.37
1512456760368,Humidity_2,11.8061119703485
1512456766750,Temperature_1,24.72
1512456766753,Humidity_1,12.0527517315501
1512456766759,Temperature_2,24.37
1512456766762,Humidity_2,11.8061119703485
1512456767602,Sound_P,67.0155172093058
1512456767605,PodiumIR,171
1512456773470,Temperature_1,24.72
1512456773473,Humidity_1,12.0527517315501
1512456773480,Temperature_2,24.37
1512456773482,Humidity_2,11.8061119703485
1512456777608,Sound_P,61.804604258873
1512456777611,PodiumIR,175
1512456780120,Temperature_1,24.72
1512456780123,Humidity_1,12.0527517315501
1512456780130,Temperature_2,24.37
1512456780132,Humidity_2,11.8061119703485
1512456787191,Temperature_1,24.72
1512456787194,Humidity_1,12.0527517315501
1512456787200,Temperature_2,24.37
1512456787203,Humidity_2,11.8061119703485
1512456787614,Sound_P,70.5390318503356
1512456787623,PodiumIR,170
1512456793638,Temperature_1,24.72
1512456793641,Humidity_1,12.0527517315501
1512456793648,Temperature_2,24.37
1512456793650,Humidity_2,11.8061119703485
1512456797628,Sound_P,69.6054027810836
1512456797631,PodiumIR,181
1512456800088,Temperature_1,24.72
1512456800091,Humidity_1,12.0527517315501
1512456800098,Temperature_2,24.37
1512456800101,Humidity_2,11.8061119703485
1512456806530,Temperature_1,24.72
1512456806533,Humidity_1,12.0527517315501
1512456806541,Temperature_2,24.37
1512456806543,Humidity_2,11.8061119703485
1512456807634,Sound_P,68.0998289029382
1512456807638,PodiumIR,185
1512456813298,Temperature_1,24.72
1512456813301,Humidity_1,12.0527517315501
1512456813307,Temperature_2,24.37
1512456813310,Humidity_2,11.8061119703485
1512456817640,Sound_P,70.0787016850011
1512456817643,PodiumIR,151
1512456819749,Temperature_1,24.72
1512456819753,Humidity_1,12.0527517315501
1512456819759,Temperature_2,24.37
1512456819761,Humidity_2,11.8061119703485
1512456826201,Temperature_1,24.72
1512456826204,Humidity_1,12.0527517315501
1512456826210,Temperature_2,24.37
1512456826212,Humidity_2,11.8061119703485
1512456827662,Sound_P,63.9523327336106
1512456827665,PodiumIR,152
1512456832601,Temperature_1,24.72
1512456832604,Humidity_1,12.0527517315501
1512456832610,Temperature_2,24.37
1512456832613,Humidity_2,11.8061119703485
1512456837668,Sound_P,77.1992048450907
1512456837685,PodiumIR,186
1512456839029,Temperature_1,24.72
1512456839032,Humidity_1,12.0527517315501
1512456839039,Temperature_2,24.37
1512456839041,Humidity_2,11.8061119703485
1512456845760,Temperature_1,24.72
1512456845763,Humidity_1,12.0527517315501
1512456845770,Temperature_2,24.37
1512456845772,Humidity_2,11.8061119703485
1512456847690,Sound_P,81.7242674655887
1512456847693,PodiumIR,161
1512456852212,Temperature_1,24.72
1512456852215,Humidity_1,11.9294318509493
1512456852221,Temperature_2,24.37
1512456852224,Humidity_2,11.8061119703485
1512456857696,Sound_P,86.3816856557806
1512456857699,PodiumIR,163
1512456858619,Temperature_1,24.72
1512456858622,Humidity_1,11.9294318509493
1512456858628,Temperature_2,24.37
1512456858631,Humidity_2,11.8061119703485
1512456865318,Temperature_1,24.72
1512456865321,Humidity_1,11.9294318509493
1512456865328,Temperature_2,24.37
1512456865330,Humidity_2,11.8061119703485
1512456867702,Sound_P,82.4101177955235
1512456867705,PodiumIR,173
1512456871769,Temperature_1,24.72
1512456871773,Humidity_1,11.9294318509493
1512456871779,Temperature_2,24.37
1512456871781,Humidity_2,11.8061119703485
1512456877708,Sound_P,69.6054027810836
1512456877711,PodiumIR,151
1512456878222,Temperature_1,24.72
1512456878225,Humidity_1,11.9294318509493
1512456878231,Temperature_2,24.37
1512456878234,Humidity_2,11.8061119703485
1512456884639,Temperature_1,24.72
1512456884642,Humidity_1,11.9294318509493
1512456884648,Temperature_2,24.37
1512456884650,Humidity_2,11.8061119703485
1512456887714,Sound_P,66.4459372396027
1512456887718,PodiumIR,148
1512456891328,Temperature_1,24.72
1512456891331,Humidity_1,11.9294318509493
1512456891337,Temperature_2,24.37
1512456891339,Humidity_2,11.8061119703485
1512456897728,Sound_P,65.8563679754536
1512456897731,PodiumIR,168
1512456897756,Temperature_1,24.72
1512456897759,Humidity_1,11.9294318509493
1512456897765,Temperature_2,24.37
1512456897767,Humidity_2,11.8061119703485
1512456904445,Temperature_1,24.72
1512456904448,Humidity_1,11.9294318509493
1512456904454,Temperature_2,24.37
1512456904456,Humidity_2,11.8061119703485
1512456907741,Sound_P,74.9120481842634
1512456907744,PodiumIR,169
1512456910849,Temperature_1,24.72
1512456910851,Humidity_1,11.9294318509493
1512456910857,Temperature_2,24.37
1512456910859,Humidity_2,11.8061119703485
1512456917545,Temperature_1,24.72
1512456917548,Humidity_1,12.0527517315501
1512456917554,Temperature_2,24.37
1512456917556,Humidity_2,11.8061119703485
1512456917751,Sound_P,61.0230214761912
1512456917754,PodiumIR,148
1512456924199,Temperature_1,24.72
1512456924202,Humidity_1,12.0527517315501
1512456924207,Temperature_2,24.37
1512456924210,Humidity_2,11.8061119703485
1512456927759,Sound_P,67.5664190225549
1512456927762,PodiumIR,122
1512456930608,Temperature_1,24.72
1512456930611,Humidity_1,12.0527517315501
1512456930617,Temperature_2,24.37
1512456930619,Humidity_2,11.8061119703485
1512456937307,Temperature_1,24.72
1512456937310,Humidity_1,12.0527517315501
1512456937316,Temperature_2,24.37
1512456937319,Humidity_2,11.8061119703485
1512456937765,Sound_P,75.9306024554013
1512456937782,PodiumIR,106
1512456943963,Temperature_1,24.72
1512456943966,Humidity_1,12.0527517315501
1512456943972,Temperature_2,24.37
1512456943975,Humidity_2,11.8061119703485
1512456947784,Sound_P,67.0155172093058
1512456947788,PodiumIR,111
1512456950499,Temperature_1,24.72
1512456950505,Humidity_1,12.0527517315501
1512456950511,Temperature_2,24.37
1512456950515,Humidity_2,11.8061119703485
1512456956968,Temperature_1,24.72
1512456956971,Humidity_1,12.0527517315501
1512456956977,Temperature_2,24.37
1512456956979,Humidity_2,11.8061119703485
1512456957790,Sound_P,68.0998289029382
1512456957793,PodiumIR,141
1512456963388,Temperature_1,24.72
1512456963391,Humidity_1,12.0527517315501
1512456963397,Temperature_2,24.37
1512456963400,Humidity_2,11.8061119703485
1512456967796,Sound_P,63.2664824036758
1512456967799,PodiumIR,105
1512456970076,Temperature_1,24.72
1512456970079,Humidity_1,12.0527517315501
1512456970085,Temperature_2,24.37
1512456970088,Humidity_2,11.8061119703485
1512456976564,Temperature_1,24.72
1512456976567,Humidity_1,12.0527517315501
1512456976573,Temperature_2,24.37
1512456976576,Humidity_2,11.8061119703485
1512456977802,Sound_P,77.7993043508882
1512456977805,PodiumIR,156
1512456982978,Temperature_1,24.72
1512456982981,Humidity_1,12.0527517315501
1512456982987,Temperature_2,24.37
1512456982989,Humidity_2,11.8061119703485
1512456987808,Sound_P,77.5019337560412
1512456987811,PodiumIR,156
1512456989736,Temperature_1,24.72
1512456989739,Humidity_1,12.0527517315501
1512456989745,Temperature_2,24.37
1512456989748,Humidity_2,11.8061119703485
1512456996192,Temperature_1,24.72
1512456996195,Humidity_1,12.0527517315501
1512456996201,Temperature_2,24.37
1512456996203,Humidity_2,11.8061119703485
1512456997814,Sound_P,67.5664190225549
1512456997818,PodiumIR,184
1512457002592,Temperature_1,24.72
1512457002595,Humidity_1,12.0527517315501
1512457002601,Temperature_2,24.37
1512457002603,Humidity_2,11.8061119703485
1512457007823,Sound_P,65.2453551857387
1512457007889,PodiumIR,198
1512457009295,Temperature_1,24.72
1512457009298,Humidity_1,12.0527517315501
1512457009304,Temperature_2,24.37
1512457009306,Humidity_2,11.8061119703485
1512457015746,Temperature_1,24.72
1512457015749,Humidity_1,12.0527517315501
1512457015755,Temperature_2,24.37
1512457015757,Humidity_2,11.8061119703485
1512457017897,Sound_P,74.1970041024132
1512457017900,PodiumIR,160
1512457022489,Temperature_1,24.72
1512457022491,Humidity_1,12.0527517315501
1512457022499,Temperature_2,24.37
1512457022505,Humidity_2,11.8061119703485
1512457027910,Sound_P,68.0998289029382
1512457027913,PodiumIR,169
1512457028908,Temperature_1,24.72
1512457028911,Humidity_1,12.0527517315501
1512457028917,Temperature_2,24.37
1512457028919,Humidity_2,11.8061119703485
1512457035407,Temperature_1,24.72
1512457035410,Humidity_1,12.0527517315501
1512457035417,Temperature_2,24.37
1512457035419,Humidity_2,11.8061119703485
1512457037925,Sound_P,77.1992048450907
1512457037929,PodiumIR,103
1512457042166,Temperature_1,24.6
1512457042169,Humidity_1,12.176071612151
1512457042175,Temperature_2,24.37
1512457042177,Humidity_2,11.8061119703485
1512457047937,Sound_P,66.4459372396027
1512457047941,PodiumIR,107
1512457048577,Temperature_1,24.6
1512457048580,Humidity_1,12.176071612151
1512457048587,Temperature_2,24.37
1512457048589,Humidity_2,11.8061119703485
1512457055274,Temperature_1,24.6
1512457055277,Humidity_1,12.176071612151
1512457055283,Temperature_2,24.37
1512457055285,Humidity_2,11.8061119703485
1512457057951,Sound_P,69.1183831740761
1512457057954,PodiumIR,132
1512457061930,Temperature_1,24.6
1512457061933,Humidity_1,12.176071612151
1512457061939,Temperature_2,24.37
1512457061941,Humidity_2,11.8061119703485
1512457067961,Sound_P,67.0155172093058
1512457067964,PodiumIR,132
1512457068501,Temperature_1,24.6
1512457068505,Humidity_1,12.176071612151
1512457068511,Temperature_2,24.25
1512457068513,Humidity_2,11.8061119703485
1512457075037,Temperature_1,24.6
1512457075040,Humidity_1,12.176071612151
1512457075046,Temperature_2,24.25
1512457075049,Humidity_2,11.8061119703485
1512457077967,Sound_P,79.2119848031425
1512457077970,PodiumIR,100
1512457081796,Temperature_1,24.6
1512457081799,Humidity_1,12.176071612151
1512457081805,Temperature_2,24.25
1512457081807,Humidity_2,11.8061119703485
1512457087973,Sound_P,64.6112799352989
1512457087976,PodiumIR,107
1512457088451,Temperature_1,24.6
1512457088454,Humidity_1,12.176071612151
1512457088461,Temperature_2,24.25
1512457088463,Humidity_2,11.8061119703485
1512457094903,Temperature_1,24.6
1512457094909,Humidity_1,12.176071612151
1512457094914,Temperature_2,24.25
1512457094917,Humidity_2,11.8061119703485
1512457097979,Sound_P,63.9523327336106
1512457097982,PodiumIR,173
1512457101559,Temperature_1,24.6
1512457101565,Humidity_1,12.176071612151
1512457101570,Temperature_2,24.25
1512457101576,Humidity_2,11.8061119703485
1512457107985,Sound_P,64.6112799352989
1512457107988,PodiumIR,164
1512457108013,Temperature_1,24.72
1512457108018,Humidity_1,12.176071612151
1512457108023,Temperature_2,24.25
1512457108026,Humidity_2,11.8061119703485
1512457114437,Temperature_1,24.72
1512457114440,Humidity_1,12.176071612151
1512457114446,Temperature_2,24.25
1512457114448,Humidity_2,11.8061119703485
1512457117991,Sound_P,73.8277364906311
1512457117994,PodiumIR,196
1512457120857,Temperature_1,24.72
1512457120860,Humidity_1,12.176071612151
1512457120866,Temperature_2,24.25
1512457120868,Humidity_2,11.8061119703485
1512457127578,Temperature_1,24.72
1512457127581,Humidity_1,12.176071612151
1512457127587,Temperature_2,24.25
1512457127589,Humidity_2,11.8061119703485
1512457128002,Sound_P,73.0639231437675
1512457128005,PodiumIR,205
1512457134020,Temperature_1,24.72
1512457134023,Humidity_1,12.176071612151
1512457134029,Temperature_2,24.25
1512457134031,Humidity_2,11.8061119703485
1512457138010,Sound_P,62.5514383218256
1512457138013,PodiumIR,151
1512457140482,Temperature_1,24.72
1512457140485,Humidity_1,12.176071612151
1512457140491,Temperature_2,24.25
1512457140493,Humidity_2,11.8061119703485
1512457146923,Temperature_1,24.72
1512457146927,Humidity_1,12.176071612151
1512457146932,Temperature_2,24.25
1512457146934,Humidity_2,11.8061119703485
1512457148016,Sound_P,76.5768744395891
1512457148019,PodiumIR,134
1512457153591,Temperature_1,24.72
1512457153594,Humidity_1,12.176071612151
1512457153600,Temperature_2,24.25
1512457153602,Humidity_2,11.8061119703485
1512457158026,Sound_P,78.6610829898935
1512457158030,PodiumIR,99
1512457160043,Temperature_1,24.72
1512457160046,Humidity_1,12.176071612151
1512457160052,Temperature_2,24.25
1512457160054,Humidity_2,11.8061119703485
1512457166526,Temperature_1,24.72
1512457166529,Humidity_1,12.0527517315501
1512457166535,Temperature_2,24.25
1512457166537,Humidity_2,11.8061119703485
1512457168037,Sound_P,67.0155172093058
1512457168040,PodiumIR,198
1512457173246,Temperature_1,24.72
1512457173249,Humidity_1,12.0527517315501
1512457173255,Temperature_2,24.25
1512457173257,Humidity_2,11.8061119703485
1512457178046,Sound_P,66.4459372396027
1512457178049,PodiumIR,183
1512457179691,Temperature_1,24.72
1512457179694,Humidity_1,12.0527517315501
1512457179700,Temperature_2,24.25
1512457179702,Humidity_2,11.8061119703485
1512457186143,Temperature_1,24.72
1512457186146,Humidity_1,12.0527517315501
1512457186152,Temperature_2,24.25
1512457186154,Humidity_2,11.8061119703485
1512457188054,Sound_P,76.2568457158865
1512457188057,PodiumIR,106
1512457192551,Temperature_1,24.72
1512457192554,Humidity_1,12.0527517315501
1512457192559,Temperature_2,24.25
1512457192562,Humidity_2,11.8061119703485
1512457198060,Sound_P,63.2664824036758
1512457198063,PodiumIR,109
1512457199250,Temperature_1,24.72
1512457199253,Humidity_1,12.0527517315501
1512457199259,Temperature_2,24.25
1512457199261,Humidity_2,11.9294318509493
1512457205701,Temperature_1,24.72
1512457205704,Humidity_1,12.0527517315501
1512457205710,Temperature_2,24.25
1512457205712,Humidity_2,11.9294318509493
1512457208069,Sound_P,64.6112799352989
1512457208072,PodiumIR,204
1512457212193,Temperature_1,24.72
1512457212196,Humidity_1,12.0527517315501
1512457212201,Temperature_2,24.25
1512457212203,Humidity_2,11.9294318509493
1512457218080,Sound_P,70.5390318503356
1512457218083,PodiumIR,217
1512457218614,Temperature_1,24.72
1512457218617,Humidity_1,12.0527517315501
1512457218622,Temperature_2,24.25
1512457218625,Humidity_2,11.9294318509493
1512457225084,Temperature_1,24.72
1512457225087,Humidity_1,12.0527517315501
1512457225093,Temperature_2,24.25
1512457225095,Humidity_2,11.9294318509493
1512457228090,Sound_P,68.6168235401983
1512457228093,PodiumIR,102
1512457231814,Temperature_1,24.72
1512457231817,Humidity_1,12.176071612151
1512457231822,Temperature_2,24.25
1512457231825,Humidity_2,11.9294318509493
1512457238100,Sound_P,68.6168235401983
1512457238103,PodiumIR,138
1512457238489,Temperature_1,24.72
1512457238492,Humidity_1,12.176071612151
1512457238499,Temperature_2,24.25
1512457238503,Humidity_2,11.9294318509493
1512457244901,Temperature_1,24.72
1512457244904,Humidity_1,12.176071612151
1512457244910,Temperature_2,24.25
1512457244912,Humidity_2,11.9294318509493
1512457248109,Sound_P,65.8563679754536
1512457248113,PodiumIR,183
1512457251577,Temperature_1,24.72
1512457251580,Humidity_1,12.176071612151
1512457251586,Temperature_2,24.25
1512457251588,Humidity_2,11.9294318509493
1512457258037,Temperature_1,24.72
1512457258040,Humidity_1,12.176071612151
1512457258045,Temperature_2,24.25
1512457258048,Humidity_2,11.9294318509493
1512457258117,Sound_P,74.9120481842634
1512457258120,PodiumIR,192
1512457264480,Temperature_1,24.72
1512457264483,Humidity_1,12.176071612151
1512457264489,Temperature_2,24.25
1512457264491,Humidity_2,11.9294318509493
1512457268124,Sound_P,72.263724292699
1512457268127,PodiumIR,131
1512457270898,Temperature_1,24.72
1512457270901,Humidity_1,12.176071612151
1512457270907,Temperature_2,24.25
1512457270909,Humidity_2,11.9294318509493
1512457277587,Temperature_1,24.72
1512457277590,Humidity_1,12.176071612151
1512457277596,Temperature_2,24.25
1512457277598,Humidity_2,11.9294318509493
1512457278135,Sound_P,82.4101177955235
1512457278138,PodiumIR,148
1512457284249,Temperature_1,24.72
1512457284252,Humidity_1,12.176071612151
1512457284258,Temperature_2,24.25
1512457284260,Humidity_2,11.9294318509493
1512457288140,Sound_P,69.1183831740761
1512457288144,PodiumIR,151
1512457290660,Temperature_1,24.72
1512457290663,Humidity_1,12.176071612151
1512457290669,Temperature_2,24.25
1512457290671,Humidity_2,11.9294318509493
1512457297066,Temperature_1,24.6
1512457297069,Humidity_1,12.176071612151
1512457297075,Temperature_2,24.25
1512457297077,Humidity_2,11.9294318509493
1512457298146,Sound_P,78.6610829898935
1512457298149,PodiumIR,177
1512457303802,Temperature_1,24.6
1512457303805,Humidity_1,12.176071612151
1512457303810,Temperature_2,24.25
1512457303813,Humidity_2,11.9294318509493
1512457308152,Sound_P,65.8563679754536
1512457308155,PodiumIR,168
1512457310264,Temperature_1,24.6
1512457310267,Humidity_1,12.176071612151
1512457310273,Temperature_2,24.25
1512457310275,Humidity_2,11.9294318509493
1512457316700,Temperature_1,24.6
1512457316704,Humidity_1,12.176071612151
1512457316709,Temperature_2,24.25
1512457316712,Humidity_2,11.9294318509493
1512457318167,Sound_P,68.6168235401983
1512457318170,PodiumIR,127
1512457323112,Temperature_1,24.6
1512457323114,Humidity_1,12.176071612151
1512457323120,Temperature_2,24.25
1512457323122,Humidity_2,11.9294318509493
1512457328174,Sound_P,83.4944294891558
1512457328177,PodiumIR,125
1512457329920,Temperature_1,24.6
1512457329923,Humidity_1,12.176071612151
1512457329930,Temperature_2,24.25
1512457329932,Humidity_2,11.9294318509493
1512457336380,Temperature_1,24.6
1512457336383,Humidity_1,12.176071612151
1512457336389,Temperature_2,24.25
1512457336391,Humidity_2,11.9294318509493
1512457338182,Sound_P,71.4234992166241
1512457338185,PodiumIR,132
1512457348190,Sound_P,68.6168235401983
1512457348193,PodiumIR,99
1512457349790,Temperature_1,24.6
1512457349793,Humidity_1,12.176071612151
1512457349798,Temperature_2,24.25
1512457349800,Humidity_2,11.9294318509493
1512457356495,Temperature_1,24.6
1512457356498,Humidity_1,12.176071612151
1512457356505,Temperature_2,24.25
1512457356507,Humidity_2,11.9294318509493
1512457358200,Sound_P,80.2623893207859
1512457358203,PodiumIR,162
1512457363213,Temperature_1,24.6
1512457363216,Humidity_1,12.176071612151
1512457363229,Temperature_2,24.25
1512457363231,Humidity_2,11.9294318509493
1512457368212,Sound_P,71.8488637085682
1512457368215,PodiumIR,147
1512457369954,Temperature_1,24.6
1512457369958,Humidity_1,12.176071612151
1512457369964,Temperature_2,24.25
1512457369967,Humidity_2,11.9294318509493
1512457376489,Temperature_1,24.6
1512457376492,Humidity_1,12.176071612151
1512457376499,Temperature_2,24.25
1512457376502,Humidity_2,11.9294318509493
1512457378223,Sound_P,81.9560090707341
1512457378226,PodiumIR,169
1512457383164,Temperature_1,24.6
1512457383167,Humidity_1,12.176071612151
1512457383173,Temperature_2,24.25
1512457383176,Humidity_2,11.9294318509493
1512457388229,Sound_P,70.0787016850011
1512457388233,PodiumIR,180
1512457389922,Temperature_1,24.6
1512457389925,Humidity_1,12.176071612151
1512457389931,Temperature_2,24.25
1512457389933,Humidity_2,11.8061119703485
1512457396382,Temperature_1,24.6
1512457396385,Humidity_1,12.176071612151
1512457396391,Temperature_2,24.25
1512457396393,Humidity_2,11.8061119703485
1512457398235,Sound_P,64.6112799352989
1512457398238,PodiumIR,159
1512457402789,Temperature_1,24.6
1512457402792,Humidity_1,12.176071612151
1512457402798,Temperature_2,24.25
1512457402801,Humidity_2,11.8061119703485
1512457408241,Sound_P,69.6054027810836
1512457408249,PodiumIR,131
1512457409211,Temperature_1,24.6
1512457409214,Humidity_1,12.176071612151
1512457409220,Temperature_2,24.25
1512457409222,Humidity_2,11.8061119703485
1512457415932,Temperature_1,24.6
1512457415935,Humidity_1,12.176071612151
1512457415941,Temperature_2,24.25
1512457415944,Humidity_2,11.8061119703485
1512457418255,Sound_P,69.1183831740761
1512457418259,PodiumIR,220
1512457422496,Temperature_1,24.6
1512457422500,Humidity_1,12.176071612151
1512457422507,Temperature_2,24.25
1512457422509,Humidity_2,11.8061119703485
1512457428262,Sound_P,70.0787016850011
1512457428275,PodiumIR,218
1512457429144,Temperature_1,24.6
1512457429147,Humidity_1,12.176071612151
1512457429153,Temperature_2,24.25
1512457429156,Humidity_2,11.8061119703485
1512457435539,Temperature_1,24.6
1512457435542,Humidity_1,12.176071612151
1512457435548,Temperature_2,24.25
1512457435551,Humidity_2,11.8061119703485
1512457438279,Sound_P,69.1183831740761
1512457438282,PodiumIR,150
1512457445027,Temperature_1,24.6
1512457445030,Humidity_1,12.176071612151
1512457445036,Temperature_2,24.25
1512457445039,Humidity_2,11.8061119703485
1512457448284,Sound_P,67.0155172093058
1512457448288,PodiumIR,140
1512457451773,Temperature_1,24.6
1512457451776,Humidity_1,12.176071612151
1512457451782,Temperature_2,24.25
1512457451785,Humidity_2,11.8061119703485
1512457458179,Temperature_1,24.6
1512457458182,Humidity_1,12.176071612151
1512457458188,Temperature_2,24.25
1512457458190,Humidity_2,11.8061119703485
1512457458291,Sound_P,70.987085069563
1512457458294,PodiumIR,103
1512457465699,Temperature_1,24.6
1512457465703,Humidity_1,12.176071612151
1512457465710,Temperature_2,24.25
1512457465712,Humidity_2,11.8061119703485
1512457468298,Sound_P,70.5390318503356
1512457468301,PodiumIR,165
1512457472356,Temperature_1,24.6
1512457472359,Humidity_1,12.176071612151
1512457472366,Temperature_2,24.25
1512457472368,Humidity_2,11.8061119703485
1512457478304,Sound_P,67.0155172093058
1512457478307,PodiumIR,159
1512457478759,Temperature_1,24.6
1512457478761,Humidity_1,12.176071612151
1512457478767,Temperature_2,24.25
1512457478769,Humidity_2,11.8061119703485
1512457485178,Temperature_1,24.6
1512457485181,Humidity_1,12.176071612151
1512457485188,Temperature_2,24.25
1512457485190,Humidity_2,11.8061119703485
1512457488310,Sound_P,81.0092233837385
1512457488313,PodiumIR,156
1512457491931,Temperature_1,24.6
1512457491935,Humidity_1,12.176071612151
1512457491941,Temperature_2,24.25
1512457491943,Humidity_2,11.8061119703485
1512457498316,Sound_P,72.263724292699
1512457498319,PodiumIR,160
1512457498343,Temperature_1,24.6
1512457498346,Humidity_1,12.176071612151
1512457498352,Temperature_2,24.25
1512457498354,Humidity_2,11.8061119703485
1512457504759,Temperature_1,24.6
1512457504762,Humidity_1,12.176071612151
1512457504768,Temperature_2,24.25
1512457504770,Humidity_2,11.8061119703485
1512457508322,Sound_P,84.1129410515906
1512457508325,PodiumIR,124
1512457511277,Temperature_1,24.6
1512457511280,Humidity_1,12.176071612151
1512457511286,Temperature_2,24.25
1512457511289,Humidity_2,11.9294318509493
1512457518027,Temperature_1,24.6
1512457518030,Humidity_1,12.176071612151
1512457518036,Temperature_2,24.25
1512457518038,Humidity_2,11.9294318509493
1512457518328,Sound_P,74.5583298563306
1512457518331,PodiumIR,136
1512457524478,Temperature_1,24.6
1512457524481,Humidity_1,12.176071612151
1512457524487,Temperature_2,24.25
1512457524490,Humidity_2,11.9294318509493
1512457528334,Sound_P,86.0242040844678
1512457528337,PodiumIR,153
1512457530930,Temperature_1,24.6
1512457530933,Humidity_1,12.176071612151
1512457530939,Temperature_2,24.25
1512457530941,Humidity_2,11.9294318509493
1512457537395,Temperature_1,24.6
1512457537398,Humidity_1,12.176071612151
1512457537404,Temperature_2,24.25
1512457537407,Humidity_2,11.9294318509493
1512457538340,Sound_P,83.7031402476516
1512457538343,PodiumIR,153
1512457544139,Temperature_1,24.6
1512457544142,Humidity_1,12.176071612151
1512457544149,Temperature_2,24.25
1512457544151,Humidity_2,11.9294318509493
1512457548346,Sound_P,68.0998289029382
1512457548350,PodiumIR,154
1512457550551,Temperature_1,24.72
1512457550554,Humidity_1,12.2993914927518
1512457550559,Temperature_2,24.25
1512457550561,Humidity_2,11.9294318509493
1512457556974,Temperature_1,24.72
1512457556978,Humidity_1,12.2993914927518
1512457556983,Temperature_2,24.25
1512457556986,Humidity_2,11.9294318509493
1512457558352,Sound_P,68.0998289029382
1512457558355,PodiumIR,150
1512457563391,Temperature_1,24.72
1512457563394,Humidity_1,12.2993914927518
1512457563400,Temperature_2,24.25
1512457563402,Humidity_2,11.9294318509493
1512457568358,Sound_P,79.2119848031425
1512457568362,PodiumIR,143
1512457569842,Temperature_1,24.72
1512457569845,Humidity_1,12.2993914927518
1512457569851,Temperature_2,24.25
1512457569853,Humidity_2,11.9294318509493
1512457576293,Temperature_1,24.72
1512457576296,Humidity_1,12.2993914927518
1512457576303,Temperature_2,24.25
1512457576305,Humidity_2,11.8061119703485
1512457578364,Sound_P,67.0155172093058
1512457578368,PodiumIR,180
1512457582709,Temperature_1,24.72
1512457582712,Humidity_1,12.2993914927518
1512457582718,Temperature_2,24.25
1512457582721,Humidity_2,11.8061119703485
1512457588370,Sound_P,69.1183831740761
1512457588373,PodiumIR,161
1512457589108,Temperature_1,24.72
1512457589111,Humidity_1,12.2993914927518
1512457589118,Temperature_2,24.25
1512457589121,Humidity_2,11.8061119703485
1512457595854,Temperature_1,24.72
1512457595857,Humidity_1,12.2993914927518
1512457595864,Temperature_2,24.25
1512457595867,Humidity_2,11.8061119703485
1512457598376,Sound_P,70.5390318503356
1512457598380,PodiumIR,154
1512457602303,Temperature_1,24.72
1512457602306,Humidity_1,12.2993914927518
1512457602312,Temperature_2,24.25
1512457602314,Humidity_2,11.8061119703485
1512457608382,Sound_P,87.0746086021112
1512457608386,PodiumIR,156
1512457608718,Temperature_1,24.72
1512457608721,Humidity_1,12.2993914927518
1512457608727,Temperature_2,24.25
1512457608729,Humidity_2,11.8061119703485
1512457615238,Temperature_1,24.72
1512457615241,Humidity_1,12.176071612151
1512457615247,Temperature_2,24.25
1512457615249,Humidity_2,11.8061119703485
1512457618395,Sound_P,84.1129410515906
1512457618399,PodiumIR,139
1512457622068,Temperature_1,24.72
1512457622071,Humidity_1,12.176071612151
1512457622077,Temperature_2,24.25
1512457622079,Humidity_2,11.8061119703485
1512457628410,Sound_P,75.5978985141982
1512457628413,PodiumIR,231
1512457628473,Temperature_1,24.72
1512457628476,Humidity_1,12.176071612151
1512457628482,Temperature_2,24.25
1512457628484,Humidity_2,11.8061119703485
1512457635175,Temperature_1,24.72
1512457635178,Humidity_1,12.176071612151
1512457635184,Temperature_2,24.25
1512457635186,Humidity_2,11.8061119703485
1512457638425,Sound_P,70.0787016850011
1512457638428,PodiumIR,182
1512457642240,Temperature_1,24.72
1512457642243,Humidity_1,12.176071612151
1512457642249,Temperature_2,24.25
1512457642252,Humidity_2,11.8061119703485
1512457648436,Sound_P,80.7639489546637
1512457648440,PodiumIR,182
1512457648712,Temperature_1,24.72
1512457648715,Humidity_1,12.176071612151
1512457648721,Temperature_2,24.25
1512457648723,Humidity_2,11.8061119703485
1512457655360,Temperature_1,24.72
1512457655363,Humidity_1,12.176071612151
1512457655369,Temperature_2,24.25
1512457655371,Humidity_2,11.8061119703485
1512457658442,Sound_P,75.5978985141982
1512457658446,PodiumIR,157
1512457662112,Temperature_1,24.72
1512457662115,Humidity_1,12.176071612151
1512457662121,Temperature_2,24.25
1512457662124,Humidity_2,11.8061119703485
1512457668448,Sound_P,70.5390318503356
1512457668452,PodiumIR,157
1512457668566,Temperature_1,24.72
1512457668570,Humidity_1,12.176071612151
1512457668576,Temperature_2,24.25
1512457668578,Humidity_2,11.8061119703485
1512457675013,Temperature_1,24.6
1512457675016,Humidity_1,12.176071612151
1512457675023,Temperature_2,24.25
1512457675025,Humidity_2,11.8061119703485
1512457678454,Sound_P,74.9120481842634
1512457678458,PodiumIR,156
1512457681566,Temperature_1,24.6
1512457681569,Humidity_1,12.176071612151
1512457681576,Temperature_2,24.25
1512457681578,Humidity_2,11.8061119703485
1512457688320,Temperature_1,24.6
1512457688323,Humidity_1,12.176071612151
1512457688329,Temperature_2,24.25
1512457688332,Humidity_2,11.8061119703485
1512457688461,Sound_P,73.8277364906311
1512457688464,PodiumIR,153
1512457694748,Temperature_1,24.6
1512457694751,Humidity_1,12.176071612151
1512457694758,Temperature_2,24.25
1512457694760,Humidity_2,11.8061119703485
1512457698466,Sound_P,71.4234992166241
1512457698469,PodiumIR,172
1512457701257,Temperature_1,24.6
1512457701260,Humidity_1,12.176071612151
1512457701266,Temperature_2,24.25
1512457701268,Humidity_2,11.8061119703485
1512457707885,Temperature_1,24.6
1512457707888,Humidity_1,12.176071612151
1512457707894,Temperature_2,24.25
1512457707897,Humidity_2,11.8061119703485
1512457708472,Sound_P,70.0787016850011
1512457708476,PodiumIR,168
1512457714330,Temperature_1,24.6
1512457714333,Humidity_1,12.176071612151
1512457714340,Temperature_2,24.25
1512457714342,Humidity_2,11.8061119703485
1512457718484,Sound_P,70.5390318503356
1512457718488,PodiumIR,155
1512457720778,Temperature_1,24.6
1512457720781,Humidity_1,12.176071612151
1512457720787,Temperature_2,24.25
1512457720789,Humidity_2,11.8061119703485
1512457727177,Temperature_1,24.6
1512457727180,Humidity_1,12.176071612151
1512457727186,Temperature_2,24.25
1512457727188,Humidity_2,11.8061119703485
1512457728496,Sound_P,71.4234992166241
1512457728499,PodiumIR,158
1512457733895,Temperature_1,24.6
1512457733898,Humidity_1,12.176071612151
1512457733904,Temperature_2,24.25
1512457733906,Humidity_2,11.8061119703485
1512457738508,Sound_P,71.4234992166241
1512457738511,PodiumIR,157
1512457740342,Temperature_1,24.72
1512457740345,Humidity_1,12.176071612151
1512457740352,Temperature_2,24.25
1512457740354,Humidity_2,11.8061119703485
1512457746782,Temperature_1,24.72
1512457746785,Humidity_1,12.176071612151
1512457746791,Temperature_2,24.25
1512457746794,Humidity_2,11.8061119703485
1512457748521,Sound_P,70.5390318503356
1512457748524,PodiumIR,175
1512457753448,Temperature_1,24.72
1512457753451,Humidity_1,12.176071612151
1512457753457,Temperature_2,24.25
1512457753459,Humidity_2,11.8061119703485
1512457758533,Sound_P,80.5150406983876
1512457758536,PodiumIR,170
1512457760110,Temperature_1,24.72
1512457760113,Humidity_1,12.176071612151
1512457760120,Temperature_2,24.25
1512457760123,Humidity_2,11.8061119703485
1512457766642,Temperature_1,24.72
1512457766645,Humidity_1,12.176071612151
1512457766651,Temperature_2,24.25
1512457766653,Humidity_2,11.8061119703485
1512457768545,Sound_P,69.6054027810836
1512457768549,PodiumIR,173
1512457773319,Temperature_1,24.72
1512457773322,Humidity_1,12.176071612151
1512457773328,Temperature_2,24.25
1512457773331,Humidity_2,11.8061119703485
1512457778558,Sound_P,71.4234992166241
1512457778561,PodiumIR,145
1512457779771,Temperature_1,24.72
1512457779774,Humidity_1,12.176071612151
1512457779780,Temperature_2,24.25
1512457779783,Humidity_2,11.8061119703485
1512457786195,Temperature_1,24.72
1512457786198,Humidity_1,12.176071612151
1512457786204,Temperature_2,24.25
1512457786206,Humidity_2,11.8061119703485
1512457788564,Sound_P,74.9120481842634
1512457788567,PodiumIR,152
1512457792611,Temperature_1,24.72
1512457792614,Humidity_1,12.176071612151
1512457792620,Temperature_2,24.25
1512457792623,Humidity_2,11.8061119703485
1512457798570,Sound_P,70.0787016850011
1512457798573,PodiumIR,178
1512457799339,Temperature_1,24.72
1512457799342,Humidity_1,12.176071612151
1512457799348,Temperature_2,24.25
1512457799350,Humidity_2,11.8061119703485
1512457805780,Temperature_1,24.72
1512457805783,Humidity_1,12.176071612151
1512457805790,Temperature_2,24.25
1512457805792,Humidity_2,11.8061119703485
1512457808576,Sound_P,70.987085069563
1512457808579,PodiumIR,170
1512457812181,Temperature_1,24.72
1512457812184,Humidity_1,12.176071612151
1512457812191,Temperature_2,24.25
1512457812193,Humidity_2,11.8061119703485
1512457818582,Sound_P,69.6054027810836
1512457818585,PodiumIR,150
1512457818593,Temperature_1,24.72
1512457818596,Humidity_1,12.176071612151
1512457818602,Temperature_2,24.25
1512457818606,Humidity_2,11.8061119703485
1512457825160,Temperature_1,24.72
1512457825163,Humidity_1,12.176071612151
1512457825169,Temperature_2,24.25
1512457825171,Humidity_2,11.8061119703485
1512457828588,Sound_P,69.1183831740761
1512457828591,PodiumIR,151
1512457831790,Temperature_1,24.72
1512457831793,Humidity_1,12.176071612151
1512457831799,Temperature_2,24.25
1512457831802,Humidity_2,11.8061119703485
1512457838237,Temperature_1,24.72
1512457838240,Humidity_1,12.176071612151
1512457838247,Temperature_2,24.25
1512457838249,Humidity_2,11.8061119703485
1512457838594,Sound_P,70.987085069563
1512457838602,PodiumIR,142
1512457844651,Temperature_1,24.72
1512457844654,Humidity_1,12.176071612151
1512457844660,Temperature_2,24.25
1512457844663,Humidity_2,11.8061119703485
1512457848607,Sound_P,71.8488637085682
1512457848610,PodiumIR,134
1512457851344,Temperature_1,24.72
1512457851347,Humidity_1,12.176071612151
1512457851353,Temperature_2,24.25
1512457851356,Humidity_2,11.8061119703485
1512457857795,Temperature_1,24.72
1512457857798,Humidity_1,12.176071612151
1512457857804,Temperature_2,24.25
1512457857807,Humidity_2,11.8061119703485
1512457858613,Sound_P,70.0787016850011
1512457858616,PodiumIR,131
1512457864490,Temperature_1,24.72
1512457864493,Humidity_1,12.176071612151
1512457864499,Temperature_2,24.25
1512457864502,Humidity_2,11.8061119703485
1512457868627,Sound_P,76.2568457158865
1512457868630,PodiumIR,222
1512457870910,Temperature_1,24.6
1512457870913,Humidity_1,12.176071612151
1512457870920,Temperature_2,24.25
1512457870922,Humidity_2,11.8061119703485
1512457877359,Temperature_1,24.6
1512457877362,Humidity_1,12.176071612151
1512457877368,Temperature_2,24.25
1512457877371,Humidity_2,11.8061119703485
1512457878633,Sound_P,71.4234992166241
1512457878636,PodiumIR,139
1512457883813,Temperature_1,24.6
1512457883816,Humidity_1,12.176071612151
1512457883822,Temperature_2,24.25
1512457883825,Humidity_2,11.8061119703485
1512457888639,Sound_P,74.9120481842634
1512457888642,PodiumIR,149
1512457890257,Temperature_1,24.6
1512457890260,Humidity_1,12.176071612151
1512457890266,Temperature_2,24.25
1512457890269,Humidity_2,11.8061119703485
1512457896704,Temperature_1,24.6
1512457896707,Humidity_1,12.176071612151
1512457896713,Temperature_2,24.25
1512457896715,Humidity_2,11.8061119703485
1512457898645,Sound_P,80.7639489546637
1512457898648,PodiumIR,152
1512457903159,Temperature_1,24.6
1512457903162,Humidity_1,12.176071612151
1512457903169,Temperature_2,24.25
1512457903171,Humidity_2,11.8061119703485
1512457908662,Sound_P,69.1183831740761
1512457908665,PodiumIR,151
1512457909611,Temperature_1,24.6
1512457909614,Humidity_1,12.176071612151
1512457909620,Temperature_2,24.25
1512457909622,Humidity_2,11.8061119703485
1512457916062,Temperature_1,24.6
1512457916065,Humidity_1,12.176071612151
1512457916071,Temperature_2,24.25
1512457916073,Humidity_2,11.8061119703485
1512457918668,Sound_P,71.4234992166241
1512457918672,PodiumIR,161
1512457922531,Temperature_1,24.6
1512457922534,Humidity_1,12.176071612151
1512457922540,Temperature_2,24.25
1512457922543,Humidity_2,11.8061119703485
1512457928674,Sound_P,77.5019337560412
1512457928678,PodiumIR,155
1512457929170,Temperature_1,24.72
1512457929173,Humidity_1,12.2993914927518
1512457929179,Temperature_2,24.25
1512457929181,Humidity_2,11.8061119703485
1512457935634,Temperature_1,24.72
1512457935637,Humidity_1,12.2993914927518
1512457935643,Temperature_2,24.25
1512457935645,Humidity_2,11.8061119703485
1512457938680,Sound_P,74.9120481842634
1512457938683,PodiumIR,154
1512457942076,Temperature_1,24.72
1512457942079,Humidity_1,12.2993914927518
1512457942085,Temperature_2,24.25
1512457942088,Humidity_2,11.8061119703485
1512457948488,Temperature_1,24.72
1512457948491,Humidity_1,12.2993914927518
1512457948498,Temperature_2,24.25
1512457948501,Humidity_2,11.8061119703485
1512457948686,Sound_P,73.4501700394606
1512457948690,PodiumIR,176
1512457955200,Temperature_1,24.72
1512457955203,Humidity_1,12.2993914927518
1512457955209,Temperature_2,24.25
1512457955212,Humidity_2,11.8061119703485
1512457958699,Sound_P,71.4234992166241
1512457958702,PodiumIR,154
1512457961626,Temperature_1,24.72
1512457961629,Humidity_1,12.2993914927518
1512457961635,Temperature_2,24.25
1512457961638,Humidity_2,11.6827920897476
1512457968296,Temperature_1,24.72
1512457968299,Humidity_1,12.2993914927518
1512457968306,Temperature_2,24.25
1512457968308,Humidity_2,11.6827920897476
1512457968705,Sound_P,69.6054027810836
1512457968708,PodiumIR,253
1512457974710,Temperature_1,24.72
1512457974713,Humidity_1,12.2993914927518
1512457974720,Temperature_2,24.25
1512457974722,Humidity_2,11.6827920897476
1512457978711,Sound_P,81.0092233837385
1512457978714,PodiumIR,181
1512457981120,Temperature_1,24.72
1512457981123,Humidity_1,12.2993914927518
1512457981130,Temperature_2,24.25
1512457981132,Humidity_2,11.6827920897476
1512457987529,Temperature_1,24.72
1512457987532,Humidity_1,12.2993914927518
1512457987539,Temperature_2,24.25
1512457987542,Humidity_2,11.6827920897476
1512457988725,Sound_P,69.6054027810836
1512457988744,PodiumIR,185
1512457993989,Temperature_1,24.72
1512457993993,Humidity_1,12.2993914927518
1512457993999,Temperature_2,24.25
1512457994001,Humidity_2,11.6827920897476
1512457997906,Door,activate
1512457998749,Sound_P,77.5019337560412
1512457998760,PodiumIR,169
1512458000396,Temperature_1,24.72
1512458000399,Humidity_1,12.2993914927518
1512458000405,Temperature_2,24.25
1512458000407,Humidity_2,11.6827920897476
1512458003000,Projector,Off
1512458005939,Door,activate
1512458006810,Temperature_1,24.72
1512458006813,Humidity_1,12.2993914927518
1512458006819,Temperature_2,24.25
1512458006822,Humidity_2,11.6827920897476
1512458008763,Sound_P,75.5978985141982
1512458008766,PodiumIR,167
1512458013343,Temperature_1,24.72
1512458013346,Humidity_1,12.2993914927518
1512458013353,Temperature_2,24.25
1512458013356,Humidity_2,11.6827920897476
1512458018769,Sound_P,72.6685872567788
1512458018774,PodiumIR,149
1512458019999,Temperature_1,24.72
1512458020002,Humidity_1,12.2993914927518
1512458020009,Temperature_2,24.25
1512458020011,Humidity_2,11.8061119703485
1512458024227,Door,activate
1512458025411,Door,activate
1512458026451,Temperature_1,24.72
1512458026453,Humidity_1,12.2993914927518
1512458026459,Temperature_2,24.25
1512458026461,Humidity_2,11.8061119703485
1512458028777,Sound_P,72.263724292699
1512458028781,PodiumIR,122
1512458032849,Temperature_1,24.72
1512458032852,Humidity_1,12.2993914927518
1512458032858,Temperature_2,24.25
1512458032861,Humidity_2,11.8061119703485
1512458038783,Sound_P,88.8447706256783
1512458038787,PodiumIR,134
1512458039559,Temperature_1,24.72
1512458039561,Humidity_1,12.2993914927518
1512458039567,Temperature_2,24.25
1512458039569,Humidity_2,11.8061119703485
1512458046009,Temperature_1,24.72
1512458046012,Humidity_1,12.2993914927518
1512458046019,Temperature_2,24.25
1512458046022,Humidity_2,11.8061119703485
1512458048789,Sound_P,74.1970041024132
1512458048793,PodiumIR,108
