timestamp,sensor_name,value
1513659733164,Motion_3,False
1513659733164,Motion_6,False
1513659733164,Motion_8,False
1513659733164,Motion_5,False
1513659733164,Motion_2,False
1513659733164,Motion_7,False
1513659733164,Motion_4,False
1513659734254,Motion_4,True
1513659734613,Temperature_1,25.31
1513659734616,Humidity_1,9.216394477731184
1513659734619,Brightness_1,57.0
1513659734621,Temperature_2,26.01
1513659734623,Humidity_2,4.7768787761014755
1513659734626,Brightness_2,219.0
1513659736721,Motion_3,True
1513659738250,Sound_P,77.79930435088828
1513659738254,PodiumIR,103
1513659741024,Temperature_1,25.31
1513659741026,Humidity_1,9.216394477731184
1513659741029,Brightness_1,57.0
1513659741032,Temperature_2,26.01
1513659741034,Humidity_2,4.7768787761014755
1513659741036,Brightness_2,219.0
1513659742919,Motion_5,True
1513659742919,Motion_7,True
1513659742919,Motion_6,True
1513659746066,Motion_1,True
1513659746066,Motion_8,True
1513659746066,Motion_2,True
1513659747166,Motion_4,True
1513659747166,Seat_1,True
1513659747724,Temperature_1,25.31
1513659747727,Humidity_1,9.216394477731184
1513659747731,Brightness_1,57.0
1513659747733,Temperature_2,26.01
1513659747735,Humidity_2,4.7768787761014755
1513659747738,Brightness_2,219.0
1513659748265,Sound_P,73.06392314376754
1513659748268,PodiumIR,102
1513659754174,Temperature_1,25.31
1513659754176,Humidity_1,9.216394477731184
1513659754179,Brightness_1,57.0
1513659754182,Temperature_2,26.01
1513659754184,Humidity_2,4.7768787761014755
1513659754187,Brightness_2,219.0
1513659755896,Aircon_2,Off
1513659758271,Sound_P,74.91204818426347
1513659758274,PodiumIR,111
1513659760586,Temperature_1,25.31
1513659760589,Humidity_1,8.969754716529529
1513659760592,Brightness_1,57.0
1513659760594,Temperature_2,26.01
1513659760597,Humidity_2,4.7768787761014755
1513659760599,Brightness_2,219.0
1513659766959,Light_1,On
1513659767005,Temperature_1,25.31
1513659767008,Humidity_1,8.969754716529529
1513659767012,Brightness_1,57.0
1513659767014,Temperature_2,26.01
1513659767017,Humidity_2,4.7768787761014755
1513659767020,Brightness_2,219.0
1513659767030,Light_3,On
1513659768285,Sound_P,77.79930435088828
1513659768288,PodiumIR,78
1513659768670,Light_2,On
1513659771599,Motion_3,False
1513659771599,Motion_5,False
1513659771599,Motion_7,False
1513659771599,Motion_6,False
1513659771599,Motion_1,False
1513659771599,Motion_8,False
1513659771604,Motion_2,False
1513659771604,Motion_4,False
1513659771604,Motion_8,True
1513659771604,Motion_1,True
1513659773632,Temperature_1,25.31
1513659773635,Humidity_1,8.969754716529529
1513659773638,Brightness_1,57.0
1513659773640,Temperature_2,26.01
1513659773642,Humidity_2,4.7768787761014755
1513659773645,Brightness_2,219.0
1513659774131,Motion_7,True
1513659774131,Motion_6,True
1513659775737,Motion_2,True
1513659775737,Motion_3,True
1513659777222,Motion_4,True
1513659778291,Sound_P,71.84886370856825
1513659778295,PodiumIR,116
1513659780034,Temperature_1,25.31
1513659780038,Humidity_1,8.969754716529529
1513659780041,Brightness_1,57.0
1513659780043,Temperature_2,26.01
1513659780045,Humidity_2,4.7768787761014755
1513659780048,Brightness_2,219.0
1513659786699,Temperature_1,25.31
1513659786702,Humidity_1,8.969754716529529
1513659786705,Brightness_1,57.0
1513659786708,Temperature_2,26.01
1513659786713,Humidity_2,4.7768787761014755
1513659786717,Brightness_2,219.0
1513659788297,Sound_P,79.48080653810413
1513659788301,PodiumIR,89
1513659789339,Motion_8,False
1513659789339,Motion_1,False
1513659789339,Motion_7,False
1513659789339,Motion_6,False
1513659789344,Motion_2,False
1513659789344,Motion_3,True
1513659789344,Motion_4,False
1513659791700,Motion_2,True
1513659793016,Motion_8,True
1513659793016,Motion_4,True
1513659793021,Motion_6,True
1513659793391,Temperature_1,25.31
1513659793394,Humidity_1,8.969754716529529
1513659793397,Brightness_1,57.0
1513659793399,Temperature_2,26.01
1513659793401,Humidity_2,4.7768787761014755
1513659793404,Brightness_2,219.0
1513659795357,Motion_5,True
1513659795357,Motion_1,True
1513659795357,Motion_7,True
1513659798303,Sound_P,76.25684571588656
1513659798321,PodiumIR,81
1513659802808,Temperature_1,25.31
1513659802811,Humidity_1,8.969754716529529
1513659802814,Brightness_1,57.0
1513659802817,Temperature_2,26.01
1513659802819,Humidity_2,4.900198656702297
1513659802822,Brightness_2,216.0
1513659808325,Sound_P,73.06392314376754
1513659808329,PodiumIR,88
1513659809230,Temperature_1,25.31
1513659809233,Humidity_1,8.969754716529529
1513659809236,Brightness_1,57.0
1513659809238,Temperature_2,26.01
1513659809240,Humidity_2,4.900198656702297
1513659809243,Brightness_2,216.0
1513659811791,Motion_3,False
1513659811791,Motion_2,False
1513659811791,Motion_8,False
1513659811791,Motion_4,False
1513659811791,Motion_6,False
1513659811791,Motion_5,False
1513659811791,Motion_1,False
1513659811791,Motion_7,False
1513659811796,Motion_3,True
1513659815714,Temperature_1,25.31
1513659815717,Humidity_1,8.969754716529529
1513659815720,Brightness_1,57.0
1513659815722,Temperature_2,26.01
1513659815723,Humidity_2,4.900198656702297
1513659815725,Brightness_2,216.0
1513659816397,Projector,On
1513659818331,Sound_P,78.09150302019039
1513659818334,PodiumIR,98
1513659822381,Temperature_1,25.31
1513659822384,Humidity_1,9.216394477731184
1513659822386,Brightness_1,57.0
1513659822389,Temperature_2,26.01
1513659822392,Humidity_2,4.900198656702297
1513659822394,Brightness_2,216.0
1513659824701,Motion_3,True
1513659828337,Sound_P,73.06392314376754
1513659828341,PodiumIR,99
1513659828779,Temperature_1,25.31
1513659828782,Humidity_1,9.216394477731184
1513659828785,Brightness_1,57.0
1513659828788,Temperature_2,26.01
1513659828790,Humidity_2,4.900198656702297
1513659828792,Brightness_2,216.0
1513659835209,Temperature_1,25.31
1513659835212,Humidity_1,9.216394477731184
1513659835215,Brightness_1,57.0
1513659835218,Temperature_2,26.01
1513659835220,Humidity_2,4.900198656702297
1513659835223,Brightness_2,216.0
1513659836333,Door,activate
1513659838343,Sound_P,77.19920484509075
1513659838346,PodiumIR,102
1513659841636,Temperature_1,25.31
1513659841639,Humidity_1,9.216394477731184
1513659841642,Brightness_1,57.0
1513659841645,Temperature_2,26.01
1513659841647,Humidity_2,4.900198656702297
1513659841650,Brightness_2,216.0
1513659845212,Motion_3,False
1513659848182,Temperature_1,25.31
1513659848186,Humidity_1,9.216394477731184
1513659848189,Brightness_1,57.0
1513659848191,Temperature_2,26.01
1513659848193,Humidity_2,4.900198656702297
1513659848196,Brightness_2,216.0
1513659848349,Sound_P,74.55832985633069
1513659848352,PodiumIR,162
1513659854632,Temperature_1,25.31
1513659854635,Humidity_1,9.216394477731184
1513659854639,Brightness_1,57.0
1513659854641,Temperature_2,26.01
1513659854643,Humidity_2,4.900198656702297
1513659854646,Brightness_2,216.0
1513659858355,Sound_P,78.37870659506
1513659858359,PodiumIR,199
1513659861042,Temperature_1,25.31
1513659861045,Humidity_1,9.216394477731184
1513659861048,Brightness_1,57.0
1513659861050,Temperature_2,26.01
1513659861052,Humidity_2,4.7768787761014755
1513659861055,Brightness_2,217.0
1513659867439,Temperature_1,25.31
1513659867441,Humidity_1,9.216394477731184
1513659867444,Brightness_1,57.0
1513659867447,Temperature_2,26.01
1513659867449,Humidity_2,4.7768787761014755
1513659867451,Brightness_2,217.0
1513659868361,Sound_P,73.82773649063114
1513659868364,PodiumIR,177
1513659869877,Door,activate
1513659873897,Temperature_1,25.31
1513659873900,Humidity_1,9.216394477731184
1513659873903,Brightness_1,57.0
1513659873906,Temperature_2,26.01
1513659873908,Humidity_2,4.7768787761014755
1513659873910,Brightness_2,217.0
1513659878367,Sound_P,61.023021476191225
1513659878371,PodiumIR,179
1513659880329,Temperature_1,25.31
1513659880332,Humidity_1,9.216394477731184
1513659880335,Brightness_1,57.0
1513659880338,Temperature_2,26.01
1513659880340,Humidity_2,4.7768787761014755
1513659880342,Brightness_2,217.0
1513659886740,Temperature_1,25.31
1513659886743,Humidity_1,9.216394477731184
1513659886746,Brightness_1,57.0
1513659886748,Temperature_2,26.01
1513659886751,Humidity_2,4.7768787761014755
1513659886754,Brightness_2,217.0
1513659888373,Sound_P,68.0998289029382
1513659888377,PodiumIR,112
1513659893439,Temperature_1,25.31
1513659893441,Humidity_1,9.216394477731184
1513659893444,Brightness_1,57.0
1513659893447,Temperature_2,26.01
1513659893449,Humidity_2,4.7768787761014755
1513659893452,Brightness_2,217.0
1513659894173,Motion_3,False
1513659894173,Motion_4,True
1513659897070,Motion_6,True
1513659897070,Motion_2,True
1513659898380,Sound_P,81.25096856167129
1513659898383,PodiumIR,191
1513659898661,Motion_8,True
1513659898661,Motion_7,True
1513659899836,Motion_1,True
1513659899891,Temperature_1,25.31
1513659899894,Humidity_1,9.216394477731184
1513659899897,Brightness_1,57.0
1513659899900,Temperature_2,26.01
1513659899902,Humidity_2,4.7768787761014755
1513659899905,Brightness_2,217.0
1513659906350,Temperature_1,25.31
1513659906353,Humidity_1,9.216394477731184
1513659906356,Brightness_1,57.0
1513659906359,Temperature_2,26.01
1513659906361,Humidity_2,4.7768787761014755
1513659906363,Brightness_2,217.0
1513659908385,Sound_P,80.26238932078596
1513659908389,PodiumIR,129
1513659909466,Motion_3,False
1513659909466,Motion_4,False
1513659909466,Motion_5,True
1513659909466,Motion_6,True
1513659909471,Motion_2,False
1513659911578,Motion_8,True
1513659911578,Motion_7,False
1513659912728,Motion_1,True
1513659912728,Motion_2,True
1513659912728,Motion_3,True
1513659912790,Temperature_1,25.31
1513659912793,Humidity_1,9.216394477731184
1513659912796,Brightness_1,57.0
1513659912799,Temperature_2,26.01
1513659912801,Humidity_2,4.7768787761014755
1513659912804,Brightness_2,217.0
1513659913904,Motion_4,True
1513659918392,Sound_P,72.66858725677886
1513659918395,PodiumIR,175
1513659919211,Temperature_1,25.31
1513659919214,Humidity_1,9.216394477731184
1513659919217,Brightness_1,57.0
1513659919220,Temperature_2,26.01
1513659919222,Humidity_2,4.900198656702297
1513659919225,Brightness_2,217.0
1513659926699,Temperature_1,25.31
1513659926702,Humidity_1,9.216394477731184
1513659926705,Brightness_1,57.0
1513659926709,Temperature_2,26.01
1513659926713,Humidity_2,4.900198656702297
1513659926717,Brightness_2,217.0
1513659928398,Sound_P,65.8563679754536
1513659928401,PodiumIR,137
1513659929547,Motion_5,False
1513659929547,Motion_6,False
1513659929547,Motion_8,False
1513659929547,Motion_1,False
1513659929552,Motion_2,False
1513659929552,Motion_3,False
1513659929552,Motion_4,False
1513659933374,Temperature_1,25.31
1513659933377,Humidity_1,9.216394477731184
1513659933380,Brightness_1,57.0
1513659933382,Temperature_2,26.01
1513659933385,Humidity_2,4.900198656702297
1513659933387,Brightness_2,217.0
1513659933644,Motion_5,True
1513659936626,Motion_4,True
1513659937927,Motion_8,True
1513659937927,Motion_1,True
1513659938404,Sound_P,72.66858725677886
1513659938413,PodiumIR,148
1513659939796,Temperature_1,25.31
1513659939798,Humidity_1,9.216394477731184
1513659939802,Brightness_1,57.0
1513659939804,Temperature_2,26.01
1513659939806,Humidity_2,4.900198656702297
1513659939808,Brightness_2,217.0
1513659945501,Motion_3,False
1513659945501,Motion_2,True
1513659946484,Temperature_1,25.31
1513659946487,Humidity_1,9.216394477731184
1513659946490,Brightness_1,57.0
1513659946492,Temperature_2,26.01
1513659946494,Humidity_2,4.900198656702297
1513659946497,Brightness_2,217.0
1513659946556,Motion_5,True
1513659946556,Motion_6,True
1513659946556,Motion_7,True
1513659948418,Sound_P,68.0998289029382
1513659948421,PodiumIR,136
1513659952589,Motion_4,False
1513659952589,Motion_8,False
1513659952589,Motion_1,False
1513659952912,Temperature_1,25.54
1513659952915,Humidity_1,9.216394477731184
1513659952919,Brightness_1,57.0
1513659952921,Temperature_2,26.01
1513659952923,Humidity_2,4.900198656702297
1513659952925,Brightness_2,217.0
1513659958424,Sound_P,67.56641902255494
1513659958428,PodiumIR,130
1513659959591,Temperature_1,25.54
1513659959594,Humidity_1,9.216394477731184
1513659959597,Brightness_1,57.0
1513659959600,Temperature_2,26.01
1513659959602,Humidity_2,4.900198656702297
1513659959604,Brightness_2,217.0
1513659962505,Motion_3,False
1513659962505,Motion_2,False
1513659962505,Motion_5,False
1513659962505,Motion_6,False
1513659962505,Motion_7,False
1513659964677,Door,activate
1513659964961,Motion_3,True
1513659964961,Motion_4,True
1513659965093,Door,activate
1513659966043,Temperature_1,25.54
1513659966046,Humidity_1,9.216394477731184
1513659966049,Brightness_1,57.0
1513659966051,Temperature_2,26.01
1513659966054,Humidity_2,4.900198656702297
1513659966057,Brightness_2,217.0
1513659968430,Sound_P,70.0787016850011
1513659968433,PodiumIR,88
1513659969442,Light_1,Off
1513659969484,Light_3,Off
1513659972445,Temperature_1,25.54
1513659972448,Humidity_1,9.216394477731184
1513659972451,Brightness_1,57.0
1513659972453,Temperature_2,26.01
1513659972455,Humidity_2,4.900198656702297
1513659972458,Brightness_2,217.0
1513659975432,Motion_5,True
1513659976783,Light_2,Off
1513659978436,Sound_P,66.44593723960276
1513659978440,PodiumIR,134
1513659978855,Temperature_1,25.54
1513659978858,Humidity_1,9.216394477731184
1513659978861,Brightness_1,57.0
1513659978864,Temperature_2,26.01
1513659978866,Humidity_2,4.900198656702297
1513659978868,Brightness_2,217.0
1513659980910,Motion_3,False
1513659980910,Motion_4,False
1513659984712,Motion_8,True
1513659984712,Motion_1,True
1513659985306,Temperature_1,25.54
1513659985309,Humidity_1,9.216394477731184
1513659985313,Brightness_1,57.0
1513659985315,Temperature_2,26.01
1513659985317,Humidity_2,4.900198656702297
1513659985319,Brightness_2,219.0
1513659987343,Motion_8,True
1513659987343,Motion_7,True
1513659987343,Motion_5,False
1513659988442,Sound_P,66.44593723960276
1513659988446,PodiumIR,174
1513659992053,Temperature_1,25.54
1513659992056,Humidity_1,9.216394477731184
1513659992059,Brightness_1,57.0
1513659992062,Temperature_2,26.01
1513659992064,Humidity_2,4.900198656702297
1513659992066,Brightness_2,219.0
1513659995931,Motion_3,False
1513659995931,Motion_4,False
1513659995931,Motion_5,True
1513659995931,Motion_6,True
1513659998449,Sound_P,68.61682354019833
1513659998452,PodiumIR,147
1513659998479,Temperature_1,25.54
1513659998482,Humidity_1,9.216394477731184
1513659998485,Brightness_1,57.0
1513659998487,Temperature_2,26.01
1513659998490,Humidity_2,4.900198656702297
1513659998493,Brightness_2,219.0
1513660004888,Temperature_1,25.54
1513660004891,Humidity_1,9.216394477731184
1513660004894,Brightness_1,57.0
1513660004896,Temperature_2,26.01
1513660004899,Humidity_2,4.900198656702297
1513660004901,Brightness_2,219.0
1513660005731,Motion_1,False
1513660005731,Motion_8,False
1513660005731,Motion_7,False
1513660005731,Motion_3,True
1513660006817,Motion_8,True
1513660008454,Sound_P,78.6610829898935
1513660008458,PodiumIR,157
1513660010579,Motion_6,False
1513660010579,Motion_5,True
1513660010579,Motion_4,True
1513660011611,Temperature_1,25.54
1513660011614,Humidity_1,9.216394477731184
1513660011618,Brightness_1,57.0
1513660011620,Temperature_2,26.01
1513660011622,Humidity_2,4.900198656702297
1513660011624,Brightness_2,219.0
1513660011829,Seat_9,True
1513660011829,Motion_6,False
1513660018461,Sound_P,70.5390318503356
1513660018464,PodiumIR,160
1513660018484,Temperature_1,25.43
1513660018487,Humidity_1,9.33971435833201
1513660018490,Brightness_1,55.0
1513660018493,Temperature_2,26.01
1513660018495,Humidity_2,4.900198656702297
1513660018498,Brightness_2,219.0
1513660021680,Motion_3,False
1513660021680,Motion_8,False
1513660024921,Temperature_1,25.43
1513660024924,Humidity_1,9.33971435833201
1513660024927,Brightness_1,55.0
1513660024930,Temperature_2,26.01
1513660024932,Humidity_2,4.900198656702297
1513660024935,Brightness_2,219.0
1513660026537,Motion_5,False
1513660026537,Motion_4,False
1513660028467,Sound_P,71.42349921662418
1513660028470,PodiumIR,147
1513660031584,Temperature_1,25.43
1513660031587,Humidity_1,9.33971435833201
1513660031590,Brightness_1,55.0
1513660031593,Temperature_2,26.01
1513660031595,Humidity_2,4.900198656702297
1513660031597,Brightness_2,219.0
1513660035267,Motion_3,False
1513660035267,Motion_4,True
1513660038007,Temperature_1,25.43
1513660038010,Humidity_1,9.33971435833201
1513660038013,Brightness_1,55.0
1513660038016,Temperature_2,26.01
1513660038018,Humidity_2,4.900198656702297
1513660038022,Brightness_2,219.0
1513660038473,Sound_P,71.42349921662418
1513660038476,PodiumIR,185
1513660042221,Motion_5,False
1513660042221,Motion_3,True
1513660044480,Temperature_1,25.43
1513660044483,Humidity_1,9.33971435833201
1513660044486,Brightness_1,55.0
1513660044489,Temperature_2,26.01
1513660044491,Humidity_2,4.900198656702297
1513660044494,Brightness_2,219.0
1513660047038,Motion_5,True
1513660048488,Sound_P,67.01551720930587
1513660048491,PodiumIR,130
1513660050927,Temperature_1,25.43
1513660050930,Humidity_1,9.33971435833201
1513660050933,Brightness_1,55.0
1513660050935,Temperature_2,26.01
1513660050937,Humidity_2,4.7768787761014755
1513660050940,Brightness_2,219.0
1513660051210,Motion_4,False
1513660057587,Temperature_1,25.43
1513660057590,Humidity_1,9.33971435833201
1513660057593,Brightness_1,55.0
1513660057596,Temperature_2,26.01
1513660057606,Humidity_2,4.7768787761014755
1513660057610,Brightness_2,219.0
1513660058493,Sound_P,77.19920484509075
1513660058497,PodiumIR,106
1513660059950,Motion_3,False
1513660059950,Motion_5,True
1513660064039,Temperature_1,25.43
1513660064042,Humidity_1,9.33971435833201
1513660064045,Brightness_1,55.0
1513660064047,Temperature_2,26.01
1513660064049,Humidity_2,4.7768787761014755
1513660064052,Brightness_2,219.0
1513660068508,Sound_P,80.76394895466376
1513660068511,PodiumIR,194
1513660070621,Motion_4,False
1513660070695,Temperature_1,25.43
1513660070698,Humidity_1,9.33971435833201
1513660070701,Brightness_1,55.0
1513660070703,Temperature_2,26.01
1513660070705,Humidity_2,4.7768787761014755
1513660070709,Brightness_2,219.0
1513660077358,Temperature_1,25.43
1513660077361,Humidity_1,9.33971435833201
1513660077364,Brightness_1,55.0
1513660077366,Temperature_2,26.01
1513660077369,Humidity_2,4.7768787761014755
1513660077371,Brightness_2,219.0
1513660078514,Sound_P,79.48080653810413
1513660078523,PodiumIR,113
1513660080466,Motion_5,False
1513660080466,Motion_3,False
1513660083463,Motion_7,True
1513660083802,Temperature_1,25.43
1513660083805,Humidity_1,8.969754716529529
1513660083808,Brightness_1,59.0
1513660083810,Temperature_2,26.01
1513660083812,Humidity_2,4.7768787761014755
1513660083815,Brightness_2,219.0
1513660084698,Motion_7,True
1513660088527,Sound_P,80.00588052151659
1513660088530,PodiumIR,145
1513660090209,Temperature_1,25.43
1513660090212,Humidity_1,8.969754716529529
1513660090215,Brightness_1,59.0
1513660090218,Temperature_2,26.01
1513660090220,Humidity_2,4.7768787761014755
1513660090223,Brightness_2,219.0
1513660094113,Motion_4,False
1513660094113,Motion_5,False
1513660094113,Motion_3,True
1513660096699,Temperature_1,25.43
1513660096702,Humidity_1,8.969754716529529
1513660096706,Brightness_1,59.0
1513660096710,Temperature_2,26.01
1513660096713,Humidity_2,4.7768787761014755
1513660096716,Brightness_2,219.0
1513660098533,Sound_P,74.91204818426347
1513660098543,PodiumIR,181
1513660101412,Motion_7,False
1513660101412,Motion_4,True
1513660103157,Temperature_1,25.43
1513660103160,Humidity_1,8.969754716529529
1513660103163,Brightness_1,59.0
1513660103165,Temperature_2,26.01
1513660103167,Humidity_2,4.7768787761014755
1513660103170,Brightness_2,219.0
1513660107025,Motion_3,True
1513660108548,Sound_P,77.19920484509075
1513660108551,PodiumIR,135
1513660109812,Temperature_1,25.43
1513660109815,Humidity_1,8.969754716529529
1513660109818,Brightness_1,59.0
1513660109820,Temperature_2,26.01
1513660109823,Humidity_2,4.900198656702297
1513660109825,Brightness_2,224.0
1513660113344,Motion_5,True
1513660113344,Motion_4,False
1513660116571,Temperature_1,25.43
1513660116574,Humidity_1,8.969754716529529
1513660116578,Brightness_1,59.0
1513660116580,Temperature_2,26.01
1513660116582,Humidity_2,4.900198656702297
1513660116584,Brightness_2,224.0
1513660118554,Sound_P,82.63265085015064
1513660118557,PodiumIR,180
1513660122994,Motion_3,False
1513660123006,Temperature_1,25.43
1513660123010,Humidity_1,8.969754716529529
1513660123013,Brightness_1,59.0
1513660123015,Temperature_2,26.01
1513660123018,Humidity_2,4.900198656702297
1513660123020,Brightness_2,224.0
1513660128560,Sound_P,69.60540278108363
1513660128563,PodiumIR,198
1513660129420,Temperature_1,25.43
1513660129423,Humidity_1,8.969754716529529
1513660129426,Brightness_1,59.0
1513660129429,Temperature_2,26.01
1513660129431,Humidity_2,4.900198656702297
1513660129434,Brightness_2,224.0
1513660130938,Motion_5,False
1513660135906,Motion_3,True
1513660136136,Temperature_1,25.43
1513660136139,Humidity_1,8.969754716529529
1513660136142,Brightness_1,59.0
1513660136144,Temperature_2,26.01
1513660136146,Humidity_2,4.900198656702297
1513660136149,Brightness_2,224.0
1513660138565,Sound_P,68.0998289029382
1513660138568,PodiumIR,145
1513660142699,Temperature_1,25.43
1513660142702,Humidity_1,8.969754716529529
1513660142705,Brightness_1,57.0
1513660142709,Temperature_2,26.01
1513660142713,Humidity_2,4.900198656702297
1513660142718,Brightness_2,224.0
1513660148575,Sound_P,86.20389563691833
1513660148578,PodiumIR,133
1513660149441,Temperature_1,25.43
1513660149444,Humidity_1,9.33971435833201
1513660149448,Brightness_1,57.0
1513660149450,Temperature_2,26.01
1513660149452,Humidity_2,4.900198656702297
1513660149455,Brightness_2,224.0
1513660150093,Motion_5,False
1513660150093,Motion_3,False
1513660150093,Motion_4,True
1513660151859,Motion_3,True
1513660156702,Temperature_1,25.43
1513660156705,Humidity_1,9.33971435833201
1513660156709,Brightness_1,57.0
1513660156714,Temperature_2,26.01
1513660156716,Humidity_2,4.900198656702297
1513660156719,Brightness_2,224.0
1513660158584,Sound_P,83.70314024765165
1513660158587,PodiumIR,164
1513660163005,Motion_4,True
1513660163370,Temperature_1,25.43
1513660163373,Humidity_1,9.33971435833201
1513660163376,Brightness_1,57.0
1513660163378,Temperature_2,26.01
1513660163380,Humidity_2,4.900198656702297
1513660163383,Brightness_2,224.0
1513660168594,Sound_P,76.25684571588656
1513660168607,PodiumIR,130
1513660169467,Motion_3,False
1513660169467,Motion_5,True
1513660169467,Motion_7,True
1513660169819,Temperature_1,25.43
1513660169822,Humidity_1,9.33971435833201
1513660169826,Brightness_1,57.0
1513660169828,Temperature_2,26.01
1513660169831,Humidity_2,4.900198656702297
1513660169834,Brightness_2,224.0
1513660173709,Motion_3,True
1513660174950,Motion_1,True
1513660174950,Motion_4,False
1513660176580,Temperature_1,25.43
1513660176583,Humidity_1,9.33971435833201
1513660176586,Brightness_1,57.0
1513660176588,Temperature_2,26.13
1513660176591,Humidity_2,4.900198656702297
1513660176594,Brightness_2,223.0
1513660178612,Sound_P,72.66858725677886
1513660178616,PodiumIR,110
1513660182369,Motion_5,True
1513660182369,Motion_7,False
1513660183017,Temperature_1,25.43
1513660183021,Humidity_1,9.33971435833201
1513660183024,Brightness_1,57.0
1513660183027,Temperature_2,26.13
1513660183030,Humidity_2,4.900198656702297
1513660183032,Brightness_2,223.0
1513660185630,Motion_7,True
1513660185630,Motion_3,False
1513660188623,Sound_P,82.63265085015064
1513660188627,PodiumIR,130
1513660189307,Motion_1,False
1513660189307,Motion_4,True
1513660189427,Temperature_1,25.43
1513660189430,Humidity_1,9.33971435833201
1513660189433,Brightness_1,57.0
1513660189435,Temperature_2,26.13
1513660189437,Humidity_2,4.900198656702297
1513660189440,Brightness_2,223.0
1513660193680,Motion_8,True
1513660196138,Temperature_1,25.43
1513660196141,Humidity_1,9.33971435833201
1513660196144,Brightness_1,57.0
1513660196146,Temperature_2,26.13
1513660196149,Humidity_2,4.900198656702297
1513660196152,Brightness_2,223.0
1513660198112,Motion_5,False
1513660198112,Motion_3,True
1513660198112,Motion_7,True
1513660198632,Sound_P,77.50193375604124
1513660198635,PodiumIR,117
1513660199808,Motion_1,True
1513660202699,Temperature_1,25.43
1513660202702,Humidity_1,9.33971435833201
1513660202705,Brightness_1,57.0
1513660202708,Temperature_2,26.13
1513660202712,Humidity_2,4.900198656702297
1513660202716,Brightness_2,223.0
1513660208640,Sound_P,83.06906499721183
1513660208643,PodiumIR,182
1513660209127,Temperature_1,25.31
1513660209130,Humidity_1,9.093074597130359
1513660209133,Brightness_1,55.0
1513660209135,Temperature_2,26.13
1513660209138,Humidity_2,4.900198656702297
1513660209141,Brightness_2,223.0
1513660209843,Motion_4,False
1513660209843,Motion_8,False
1513660211449,Motion_3,False
1513660211449,Motion_5,False
1513660211449,Motion_7,True
1513660214071,Motion_1,False
1513660214081,Motion_3,True
1513660214081,Motion_5,True
1513660215600,Temperature_1,25.31
1513660215602,Humidity_1,9.093074597130359
1513660215605,Brightness_1,55.0
1513660215607,Temperature_2,26.13
1513660215610,Humidity_2,4.900198656702297
1513660215612,Brightness_2,223.0
1513660218648,Sound_P,69.11838317407611
1513660218651,PodiumIR,169
1513660222044,Temperature_1,25.31
1513660222047,Humidity_1,9.093074597130359
1513660222050,Brightness_1,55.0
1513660222052,Temperature_2,26.13
1513660222054,Humidity_2,4.900198656702297
1513660222057,Brightness_2,223.0
1513660224351,Motion_4,False
1513660224351,Motion_7,True
1513660227188,Motion_3,False
1513660227188,Motion_5,True
1513660228656,Sound_P,78.37870659506
1513660228660,PodiumIR,169
1513660228679,Temperature_1,25.31
1513660228682,Humidity_1,9.093074597130359
1513660228686,Brightness_1,55.0
1513660228689,Temperature_2,26.13
1513660228691,Humidity_2,4.900198656702297
1513660228694,Brightness_2,223.0
1513660232425,Motion_3,True
1513660234406,Motion_4,True
1513660235359,Temperature_1,25.31
1513660235362,Humidity_1,9.093074597130359
1513660235365,Brightness_1,55.0
1513660235367,Temperature_2,26.13
1513660235369,Humidity_2,4.900198656702297
1513660235372,Brightness_2,224.0
1513660237263,Motion_7,True
1513660238664,Sound_P,68.61682354019833
1513660238667,PodiumIR,166
1513660240104,Motion_5,True
1513660242017,Temperature_1,25.31
1513660242020,Humidity_1,9.093074597130359
1513660242023,Brightness_1,55.0
1513660242025,Temperature_2,26.13
1513660242028,Humidity_2,4.900198656702297
1513660242030,Brightness_2,224.0
1513660248672,Sound_P,70.0787016850011
1513660248675,PodiumIR,84
1513660248684,Temperature_1,25.31
1513660248687,Humidity_1,9.093074597130359
1513660248692,Brightness_1,55.0
1513660248696,Temperature_2,26.13
1513660248698,Humidity_2,4.900198656702297
1513660248702,Brightness_2,224.0
1513660250150,Motion_3,False
1513660250150,Motion_4,True
1513660251826,Motion_7,True
1513660252931,Motion_3,True
1513660255428,Temperature_1,25.31
1513660255431,Humidity_1,9.093074597130359
1513660255434,Brightness_1,55.0
1513660255436,Temperature_2,26.13
1513660255438,Humidity_2,4.900198656702297
1513660255440,Brightness_2,224.0
1513660256143,Motion_5,True
1513660258680,Sound_P,68.0998289029382
1513660258683,PodiumIR,134
1513660261581,Motion_1,True
1513660262196,Temperature_1,25.31
1513660262199,Humidity_1,9.093074597130359
1513660262202,Brightness_1,55.0
1513660262205,Temperature_2,26.13
1513660262207,Humidity_2,4.900198656702297
1513660262209,Brightness_2,224.0
1513660264738,Motion_4,False
1513660264743,Motion_7,True
1513660265848,Motion_3,True
1513660265848,Motion_8,True
1513660268637,Temperature_1,25.31
1513660268640,Humidity_1,9.093074597130359
1513660268643,Brightness_1,55.0
1513660268645,Temperature_2,26.13
1513660268648,Humidity_2,4.900198656702297
1513660268651,Brightness_2,224.0
1513660268694,Sound_P,69.11838317407611
1513660268697,PodiumIR,146
1513660268865,Motion_4,True
1513660268865,Motion_5,True
1513660275068,Temperature_1,25.43
1513660275070,Humidity_1,8.969754716529529
1513660275073,Brightness_1,57.0
1513660275076,Temperature_2,26.13
1513660275078,Humidity_2,4.900198656702297
1513660275081,Brightness_2,224.0
1513660277644,Motion_1,False
1513660277644,Motion_7,True
1513660278700,Sound_P,70.0787016850011
1513660278703,PodiumIR,126
1513660281467,Temperature_1,25.43
1513660281470,Humidity_1,8.969754716529529
1513660281473,Brightness_1,57.0
1513660281475,Temperature_2,26.13
1513660281477,Humidity_2,4.900198656702297
1513660281480,Brightness_2,224.0
1513660281962,Motion_3,False
1513660281962,Motion_8,False
1513660281962,Motion_4,False
1513660281962,Motion_5,True
1513660285143,Motion_3,True
1513660288198,Temperature_1,25.43
1513660288201,Humidity_1,8.969754716529529
1513660288204,Brightness_1,57.0
1513660288207,Temperature_2,26.13
1513660288209,Humidity_2,4.900198656702297
1513660288211,Brightness_2,224.0
1513660288706,Sound_P,86.5576139648511
1513660288717,PodiumIR,187
1513660290556,Motion_7,True
1513660290556,Motion_1,False
1513660293748,Motion_4,True
1513660294649,Temperature_1,25.43
1513660294652,Humidity_1,8.969754716529529
1513660294655,Brightness_1,57.0
1513660294658,Temperature_2,26.13
1513660294660,Humidity_2,4.900198656702297
1513660294662,Brightness_2,224.0
1513660294869,Motion_5,True
1513660298722,Sound_P,85.47330227121877
1513660298725,PodiumIR,115
1513660301066,Temperature_1,25.43
1513660301069,Humidity_1,8.969754716529529
1513660301072,Brightness_1,57.0
1513660301075,Temperature_2,26.13
1513660301077,Humidity_2,4.900198656702297
1513660301079,Brightness_2,219.0
1513660306525,Motion_3,False
1513660306525,Motion_7,False
1513660306525,Motion_4,False
1513660307755,Temperature_1,25.43
1513660307758,Humidity_1,8.969754716529529
1513660307761,Brightness_1,57.0
1513660307763,Temperature_2,26.13
1513660307765,Humidity_2,4.900198656702297
1513660307768,Brightness_2,219.0
1513660307781,Motion_5,True
1513660307781,Motion_1,True
1513660308728,Sound_P,73.82773649063114
1513660308731,PodiumIR,190
1513660309872,Motion_3,True
1513660311042,Motion_4,True
1513660314412,Temperature_1,25.43
1513660314415,Humidity_1,8.969754716529529
1513660314418,Brightness_1,57.0
1513660314420,Temperature_2,26.13
1513660314422,Humidity_2,4.900198656702297
1513660314425,Brightness_2,219.0
1513660315164,Motion_8,True
1513660318733,Sound_P,75.25847282855663
1513660318737,PodiumIR,125
1513660319432,Motion_7,True
1513660320697,Motion_5,True
1513660320697,Motion_1,False
1513660320816,Temperature_1,25.43
1513660320820,Humidity_1,8.969754716529529
1513660320823,Brightness_1,57.0
1513660320825,Temperature_2,26.13
1513660320828,Humidity_2,4.900198656702297
1513660320831,Brightness_2,219.0
1513660322789,Motion_3,True
1513660323944,Motion_4,True
1513660327519,Temperature_1,25.43
1513660327522,Humidity_1,8.969754716529529
1513660327526,Brightness_1,57.0
1513660327528,Temperature_2,26.13
1513660327530,Humidity_2,4.900198656702297
1513660327533,Brightness_2,219.0
1513660328740,Sound_P,76.57687443958919
1513660328743,PodiumIR,191
1513660332349,Motion_8,False
1513660332349,Motion_7,True
1513660333604,Motion_5,True
1513660333604,Motion_8,True
1513660334073,Temperature_1,25.43
1513660334075,Humidity_1,8.969754716529529
1513660334078,Brightness_1,57.0
1513660334080,Temperature_2,26.13
1513660334083,Humidity_2,4.900198656702297
1513660334085,Brightness_2,219.0
1513660335260,Motion_1,True
1513660335260,Motion_3,True
1513660338746,Sound_P,68.0998289029382
1513660338749,PodiumIR,147
1513660340724,Temperature_1,25.43
1513660340727,Humidity_1,9.33971435833201
1513660340730,Brightness_1,55.0
1513660340732,Temperature_2,26.13
1513660340735,Humidity_2,4.900198656702297
1513660340737,Brightness_2,219.0
1513660344440,Motion_4,False
1513660344440,Motion_7,False
1513660346521,Motion_5,True
1513660346521,Motion_8,False
1513660347188,Temperature_1,25.43
1513660347191,Humidity_1,9.33971435833201
1513660347194,Brightness_1,55.0
1513660347196,Temperature_2,26.13
1513660347199,Humidity_2,4.900198656702297
1513660347201,Brightness_2,219.0
1513660348311,Motion_1,False
1513660348316,Motion_7,True
1513660348316,Motion_3,False
1513660348316,Motion_6,True
1513660348752,Sound_P,90.30664877048115
1513660348755,PodiumIR,134
1513660351988,Motion_3,True
1513660353630,Temperature_1,25.43
1513660353633,Humidity_1,9.33971435833201
1513660353636,Brightness_1,55.0
1513660353639,Temperature_2,26.13
1513660353641,Humidity_2,4.900198656702297
1513660353644,Brightness_2,219.0
1513660358758,Sound_P,82.18459763092324
1513660358769,PodiumIR,107
1513660360389,Temperature_1,25.43
1513660360392,Humidity_1,9.33971435833201
1513660360395,Brightness_1,55.0
1513660360398,Temperature_2,26.13
1513660360400,Humidity_2,4.7768787761014755
1513660360402,Brightness_2,217.0
1513660362493,Motion_4,False
1513660362498,Motion_5,False
1513660362498,Motion_7,False
1513660362498,Motion_6,False
1513660366796,Temperature_1,25.43
1513660366799,Humidity_1,9.33971435833201
1513660366802,Brightness_1,55.0
1513660366804,Temperature_2,26.13
1513660366806,Humidity_2,4.7768787761014755
1513660366809,Brightness_2,217.0
1513660368772,Sound_P,76.57687443958919
1513660368775,PodiumIR,180
1513660373524,Temperature_1,25.43
1513660373527,Humidity_1,9.33971435833201
1513660373530,Brightness_1,55.0
1513660373532,Temperature_2,26.13
1513660373534,Humidity_2,4.7768787761014755
1513660373537,Brightness_2,217.0
1513660378778,Sound_P,80.26238932078596
1513660378789,PodiumIR,153
1513660379935,Temperature_1,25.43
1513660379938,Humidity_1,9.33971435833201
1513660379941,Brightness_1,55.0
1513660379943,Temperature_2,26.13
1513660379946,Humidity_2,4.7768787761014755
1513660379948,Brightness_2,217.0
1513660380508,Motion_3,False
1513660380508,Motion_5,False
1513660380508,Motion_4,True
1513660381718,Motion_3,True
1513660386701,Temperature_1,25.43
1513660386704,Humidity_1,9.33971435833201
1513660386709,Brightness_1,55.0
1513660386713,Temperature_2,26.13
1513660386718,Humidity_2,4.7768787761014755
1513660386720,Brightness_2,217.0
1513660388792,Sound_P,81.48928461417114
1513660388795,PodiumIR,105
1513660393467,Temperature_1,25.43
1513660393470,Humidity_1,9.33971435833201
1513660393473,Brightness_1,55.0
1513660393476,Temperature_2,26.13
1513660393478,Humidity_2,4.7768787761014755
1513660393481,Brightness_2,217.0
1513660398798,Sound_P,72.26372429269907
1513660398809,PodiumIR,121
1513660399918,Temperature_1,25.31
1513660399921,Humidity_1,8.969754716529529
1513660399924,Brightness_1,57.0
1513660399926,Temperature_2,26.13
1513660399928,Humidity_2,4.7768787761014755
1513660399931,Brightness_2,217.0
1513660404641,Motion_5,False
1513660404641,Motion_4,False
1513660404641,Motion_3,False
1513660404646,Motion_3,True
1513660406367,Temperature_1,25.31
1513660406370,Humidity_1,8.969754716529529
1513660406373,Brightness_1,57.0
1513660406376,Temperature_2,26.13
1513660406378,Humidity_2,4.7768787761014755
1513660406381,Brightness_2,217.0
1513660408663,Motion_4,True
1513660408819,Sound_P,67.56641902255494
1513660408823,PodiumIR,215
1513660412370,Motion_5,True
1513660412768,Temperature_1,25.31
1513660412771,Humidity_1,8.969754716529529
1513660412774,Brightness_1,57.0
1513660412776,Temperature_2,26.13
1513660412778,Humidity_2,4.7768787761014755
1513660412780,Brightness_2,217.0
1513660418825,Sound_P,78.9387917919758
1513660418829,PodiumIR,98
1513660419475,Temperature_1,25.31
1513660419478,Humidity_1,8.969754716529529
1513660419481,Brightness_1,57.0
1513660419484,Temperature_2,26.13
1513660419486,Humidity_2,4.7768787761014755
1513660419489,Brightness_2,217.0
1513660425932,Temperature_1,25.31
1513660425934,Humidity_1,8.969754716529529
1513660425938,Brightness_1,57.0
1513660425940,Temperature_2,26.13
1513660425942,Humidity_2,4.900198656702297
1513660425945,Brightness_2,216.0
1513660428832,Sound_P,68.61682354019833
1513660428835,PodiumIR,152
1513660432379,Temperature_1,25.31
1513660432381,Humidity_1,8.969754716529529
1513660432384,Brightness_1,57.0
1513660432387,Temperature_2,26.13
1513660432389,Humidity_2,4.900198656702297
1513660432391,Brightness_2,216.0
1513660438832,Temperature_1,25.31
1513660438835,Humidity_1,8.969754716529529
1513660438838,Sound_P,79.21198480314258
1513660438838,Brightness_1,57.0
1513660438841,PodiumIR,171
1513660438841,Temperature_2,26.13
1513660438844,Humidity_2,4.900198656702297
1513660438848,Brightness_2,216.0
1513660445177,Motion_3,False
1513660445177,Motion_4,False
1513660445177,Motion_5,False
1513660445235,Temperature_1,25.31
1513660445238,Humidity_1,8.969754716529529
1513660445241,Brightness_1,57.0
1513660445244,Temperature_2,26.13
1513660445245,Humidity_2,4.900198656702297
1513660445248,Brightness_2,216.0
1513660448852,Sound_P,81.48928461417114
1513660448856,PodiumIR,121
1513660451911,Motion_4,True
1513660451936,Temperature_1,25.31
1513660451939,Humidity_1,8.969754716529529
1513660451942,Brightness_1,57.0
1513660451944,Temperature_2,26.13
1513660451946,Humidity_2,4.900198656702297
1513660451949,Brightness_2,216.0
1513660458387,Temperature_1,25.31
1513660458390,Humidity_1,8.969754716529529
1513660458393,Brightness_1,57.0
1513660458396,Temperature_2,26.13
1513660458398,Humidity_2,4.900198656702297
1513660458401,Brightness_2,216.0
1513660458859,Sound_P,68.0998289029382
1513660458862,PodiumIR,165
1513660464804,Temperature_1,25.54
1513660464808,Humidity_1,9.216394477731184
1513660464811,Brightness_1,57.0
1513660464813,Temperature_2,26.13
1513660464815,Humidity_2,4.900198656702297
1513660464818,Brightness_2,216.0
1513660465673,Motion_3,False
1513660465673,Motion_4,False
1513660468864,Sound_P,79.74539468352583
1513660468874,PodiumIR,110
1513660469835,Motion_4,True
1513660471225,Temperature_1,25.54
1513660471228,Humidity_1,9.216394477731184
1513660471231,Brightness_1,57.0
1513660471233,Temperature_2,26.13
1513660471235,Humidity_2,4.900198656702297
1513660471238,Brightness_2,216.0
1513660477946,Temperature_1,25.54
1513660477949,Humidity_1,9.216394477731184
1513660477952,Brightness_1,57.0
1513660477954,Temperature_2,26.13
1513660477957,Humidity_2,4.900198656702297
1513660477959,Brightness_2,216.0
1513660478877,Sound_P,83.06906499721183
1513660478881,PodiumIR,145
1513660481632,Motion_3,False
1513660484607,Temperature_1,25.54
1513660484610,Humidity_1,9.216394477731184
1513660484613,Brightness_1,57.0
1513660484615,Temperature_2,26.13
1513660484618,Humidity_2,4.900198656702297
1513660484621,Brightness_2,216.0
1513660488894,Sound_P,71.42349921662418
1513660488897,PodiumIR,196
1513660491015,Temperature_1,25.54
1513660491018,Humidity_1,9.216394477731184
1513660491021,Brightness_1,57.0
1513660491023,Temperature_2,26.13
1513660491025,Humidity_2,4.900198656702297
1513660491028,Brightness_2,223.0
1513660493083,Motion_4,False
1513660497714,Temperature_1,25.54
1513660497717,Humidity_1,9.216394477731184
1513660497720,Brightness_1,57.0
1513660497722,Temperature_2,26.13
1513660497724,Humidity_2,4.900198656702297
1513660497727,Brightness_2,223.0
1513660498901,Sound_P,72.66858725677886
1513660498905,PodiumIR,136
1513660504164,Temperature_1,25.54
1513660504167,Humidity_1,9.216394477731184
1513660504170,Brightness_1,57.0
1513660504173,Temperature_2,26.13
1513660504175,Humidity_2,4.900198656702297
1513660504178,Brightness_2,223.0
1513660508907,Sound_P,85.47330227121877
1513660508910,PodiumIR,145
1513660509026,Motion_3,False
1513660509026,Motion_4,False
1513660510588,Temperature_1,25.54
1513660510591,Humidity_1,9.216394477731184
1513660510594,Brightness_1,57.0
1513660510596,Temperature_2,26.13
1513660510598,Humidity_2,4.900198656702297
1513660510600,Brightness_2,223.0
1513660512483,Motion_3,True
1513660516998,Temperature_1,25.54
1513660517001,Humidity_1,9.216394477731184
1513660517004,Brightness_1,57.0
1513660517007,Temperature_2,26.13
1513660517009,Humidity_2,4.900198656702297
1513660517011,Brightness_2,223.0
1513660518913,Sound_P,76.57687443958919
1513660518919,PodiumIR,141
1513660519772,Motion_5,True
1513660523618,Temperature_1,25.54
1513660523621,Humidity_1,9.216394477731184
1513660523624,Brightness_1,57.0
1513660523626,Temperature_2,26.13
1513660523629,Humidity_2,4.900198656702297
1513660523632,Brightness_2,223.0
1513660524978,Motion_4,False
1513660524978,Motion_3,True
1513660528925,Sound_P,78.37870659506
1513660528928,PodiumIR,143
1513660530397,Temperature_1,25.54
1513660530400,Humidity_1,9.33971435833201
1513660530403,Brightness_1,57.0
1513660530405,Temperature_2,26.13
1513660530408,Humidity_2,4.900198656702297
1513660530411,Brightness_2,223.0
1513660536817,Temperature_1,25.54
1513660536820,Humidity_1,9.33971435833201
1513660536823,Brightness_1,57.0
1513660536826,Temperature_2,26.13
1513660536829,Humidity_2,4.900198656702297
1513660536831,Brightness_2,223.0
1513660538930,Sound_P,78.37870659506
1513660538934,PodiumIR,189
1513660543333,Temperature_1,25.54
1513660543336,Humidity_1,9.33971435833201
1513660543339,Brightness_1,57.0
1513660543341,Temperature_2,26.13
1513660543343,Humidity_2,4.900198656702297
1513660543346,Brightness_2,223.0
1513660546905,Motion_5,False
1513660546905,Motion_4,False
1513660546905,Motion_3,False
1513660548938,Sound_P,93.36983324617638
1513660548946,PodiumIR,157
1513660549251,Motion_3,True
1513660550037,Temperature_1,25.54
1513660550040,Humidity_1,9.33971435833201
1513660550043,Brightness_1,57.0
1513660550045,Temperature_2,26.13
1513660550047,Humidity_2,5.023518537303121
1513660550050,Brightness_2,215.0
1513660556704,Temperature_1,25.54
1513660556707,Humidity_1,9.33971435833201
1513660556714,Brightness_1,57.0
1513660556717,Temperature_2,26.13
1513660556719,Humidity_2,5.023518537303121
1513660556722,Brightness_2,215.0
1513660558952,Sound_P,68.0998289029382
1513660558956,PodiumIR,186
1513660562854,Motion_4,False
1513660562854,Motion_3,False
1513660563145,Temperature_1,25.54
1513660563148,Humidity_1,9.33971435833201
1513660563151,Brightness_1,57.0
1513660563154,Temperature_2,26.13
1513660563156,Humidity_2,5.023518537303121
1513660563159,Brightness_2,215.0
1513660568959,Sound_P,79.21198480314258
1513660568962,PodiumIR,160
1513660569807,Temperature_1,25.54
1513660569810,Humidity_1,9.33971435833201
1513660569813,Brightness_1,57.0
1513660569815,Temperature_2,26.13
1513660569818,Humidity_2,5.023518537303121
1513660569820,Brightness_2,215.0
1513660572874,Motion_5,True
1513660576203,Temperature_1,25.54
1513660576206,Humidity_1,9.33971435833201
1513660576210,Brightness_1,57.0
1513660576212,Temperature_2,26.13
1513660576214,Humidity_2,5.023518537303121
1513660576217,Brightness_2,215.0
1513660578965,Sound_P,69.60540278108363
1513660578968,PodiumIR,136
1513660582705,Temperature_1,25.54
1513660582710,Humidity_1,9.33971435833201
1513660582715,Brightness_1,57.0
1513660582718,Temperature_2,26.13
1513660582720,Humidity_2,5.023518537303121
1513660582723,Brightness_2,215.0
1513660585466,Motion_4,False
1513660585466,Motion_3,True
1513660585466,Motion_5,False
1513660588971,Sound_P,75.25847282855663
1513660588974,PodiumIR,145
1513660589463,Temperature_1,25.54
1513660589466,Humidity_1,9.33971435833201
1513660589469,Brightness_1,57.0
1513660589471,Temperature_2,26.13
1513660589473,Humidity_2,5.023518537303121
1513660589476,Brightness_2,215.0
1513660595914,Temperature_1,25.54
1513660595917,Humidity_1,9.216394477731184
1513660595920,Brightness_1,57.0
1513660595922,Temperature_2,26.13
1513660595924,Humidity_2,5.023518537303121
1513660595927,Brightness_2,215.0
1513660597702,Motion_4,True
1513660597707,Motion_3,False
1513660598977,Sound_P,75.59789851419828
1513660598980,PodiumIR,140
1513660602570,Temperature_1,25.54
1513660602572,Humidity_1,9.216394477731184
1513660602576,Brightness_1,57.0
1513660602578,Temperature_2,26.13
1513660602580,Humidity_2,5.023518537303121
1513660602583,Brightness_2,215.0
1513660603725,Motion_3,True
1513660606042,Seat_9,True
1513660608983,Sound_P,69.11838317407611
1513660608993,Temperature_1,25.54
1513660608993,PodiumIR,175
1513660608996,Humidity_1,9.216394477731184
1513660609000,Brightness_1,57.0
1513660609003,Temperature_2,26.13
1513660609006,Humidity_2,5.023518537303121
1513660609009,Brightness_2,215.0
1513660615701,Temperature_1,25.54
1513660615704,Humidity_1,9.216394477731184
1513660615707,Brightness_1,57.0
1513660615710,Temperature_2,26.13
1513660615712,Humidity_2,4.900198656702297
1513660615714,Brightness_2,219.0
1513660619006,Sound_P,81.72426746558874
1513660619014,PodiumIR,134
1513660619684,Motion_4,False
1513660619684,Motion_3,False
1513660622333,Temperature_1,25.54
1513660622336,Humidity_1,9.216394477731184
1513660622339,Brightness_1,57.0
1513660622341,Temperature_2,26.13
1513660622343,Humidity_2,4.900198656702297
1513660622345,Brightness_2,219.0
1513660628743,Temperature_1,25.54
1513660628746,Humidity_1,9.216394477731184
1513660628750,Brightness_1,57.0
1513660628752,Temperature_2,26.13
1513660628754,Humidity_2,4.900198656702297
1513660628757,Brightness_2,219.0
1513660629025,Sound_P,68.61682354019833
1513660629028,PodiumIR,111
1513660635441,Temperature_1,25.54
1513660635443,Humidity_1,9.216394477731184
1513660635447,Brightness_1,57.0
1513660635449,Temperature_2,26.13
1513660635451,Humidity_2,4.900198656702297
1513660635454,Brightness_2,219.0
1513660639031,Sound_P,74.55832985633069
1513660639034,PodiumIR,109
1513660641893,Temperature_1,25.54
1513660641895,Humidity_1,9.216394477731184
1513660641899,Brightness_1,57.0
1513660641901,Temperature_2,26.13
1513660641903,Humidity_2,4.900198656702297
1513660641906,Brightness_2,219.0
1513660648548,Temperature_1,25.54
1513660648551,Humidity_1,9.216394477731184
1513660648554,Brightness_1,57.0
1513660648557,Temperature_2,26.13
1513660648559,Humidity_2,4.900198656702297
1513660648562,Brightness_2,219.0
1513660649037,Sound_P,72.26372429269907
1513660649040,PodiumIR,180
1513660654954,Temperature_1,25.54
1513660654957,Humidity_1,9.216394477731184
1513660654961,Brightness_1,57.0
1513660654963,Temperature_2,26.13
1513660654965,Humidity_2,4.900198656702297
1513660654967,Brightness_2,219.0
1513660659043,Sound_P,76.25684571588656
1513660659058,PodiumIR,154
1513660661362,Temperature_1,25.54
1513660661365,Humidity_1,9.216394477731184
1513660661369,Brightness_1,55.0
1513660661371,Temperature_2,26.13
1513660661373,Humidity_2,4.900198656702297
1513660661376,Brightness_2,219.0
1513660665773,Motion_3,False
1513660667339,Motion_4,True
1513660668107,Temperature_1,25.54
1513660668110,Humidity_1,9.216394477731184
1513660668113,Brightness_1,55.0
1513660668115,Temperature_2,26.13
1513660668117,Humidity_2,4.900198656702297
1513660668121,Brightness_2,219.0
1513660669065,Sound_P,74.55832985633069
1513660669068,PodiumIR,219
1513660674558,Temperature_1,25.54
1513660674561,Humidity_1,9.216394477731184
1513660674564,Brightness_1,55.0
1513660674567,Temperature_2,26.13
1513660674569,Humidity_2,4.900198656702297
1513660674572,Brightness_2,219.0
1513660679075,Sound_P,76.89092096632638
1513660679096,PodiumIR,204
1513660681033,Temperature_1,25.54
1513660681036,Humidity_1,9.216394477731184
1513660681039,Brightness_1,55.0
1513660681041,Temperature_2,26.13
1513660681043,Humidity_2,4.900198656702297
1513660681046,Brightness_2,219.0
1513660683623,Motion_3,False
1513660683623,Motion_4,False
1513660683623,Motion_5,True
1513660687772,Temperature_1,25.54
1513660687775,Humidity_1,9.216394477731184
1513660687778,Brightness_1,55.0
1513660687780,Temperature_2,26.13
1513660687783,Humidity_2,4.900198656702297
1513660687785,Brightness_2,219.0
1513660687900,Motion_3,True
1513660689056,Motion_4,True
1513660689101,Sound_P,73.06392314376754
1513660689104,PodiumIR,198
1513660694224,Temperature_1,25.54
1513660694227,Humidity_1,9.216394477731184
1513660694230,Brightness_1,55.0
1513660694233,Temperature_2,26.13
1513660694235,Humidity_2,4.900198656702297
1513660694238,Brightness_2,219.0
1513660699112,Sound_P,80.00588052151659
1513660699116,PodiumIR,201
1513660700671,Temperature_1,25.54
1513660700674,Humidity_1,9.216394477731184
1513660700677,Brightness_1,55.0
1513660700680,Temperature_2,26.13
1513660700682,Humidity_2,4.900198656702297
1513660700684,Brightness_2,219.0
1513660705023,Motion_5,False
1513660705023,Motion_3,False
1513660705023,Motion_4,False
1513660707326,Temperature_1,25.54
1513660707329,Humidity_1,9.216394477731184
1513660707332,Brightness_1,55.0
1513660707335,Temperature_2,26.13
1513660707337,Humidity_2,4.900198656702297
1513660707340,Brightness_2,219.0
1513660709131,Sound_P,76.89092096632638
1513660709134,PodiumIR,201
1513660713736,Temperature_1,25.54
1513660713739,Humidity_1,9.216394477731184
1513660713742,Brightness_1,55.0
1513660713745,Temperature_2,26.13
1513660713747,Humidity_2,4.900198656702297
1513660713749,Brightness_2,219.0
1513660717920,Motion_4,True
1513660719138,Sound_P,71.42349921662418
1513660719146,PodiumIR,206
1513660719676,Motion_3,True
1513660720433,Temperature_1,25.43
1513660720436,Humidity_1,9.093074597130359
1513660720439,Brightness_1,55.0
1513660720441,Temperature_2,26.13
1513660720443,Humidity_2,4.900198656702297
1513660720446,Brightness_2,219.0
1513660726870,Temperature_1,25.43
1513660726873,Humidity_1,9.093074597130359
1513660726876,Brightness_1,55.0
1513660726878,Temperature_2,26.13
1513660726881,Humidity_2,4.900198656702297
1513660726884,Brightness_2,219.0
1513660729149,Sound_P,70.0787016850011
1513660729152,PodiumIR,202
1513660732577,Motion_4,False
1513660732577,Motion_3,True
1513660733540,Temperature_1,25.43
1513660733543,Humidity_1,9.093074597130359
1513660733546,Brightness_1,55.0
1513660733549,Temperature_2,26.13
1513660733551,Humidity_2,4.900198656702297
1513660733554,Brightness_2,219.0
1513660733878,Motion_4,True
1513660739155,Sound_P,74.55832985633069
1513660739165,PodiumIR,92
1513660739992,Temperature_1,25.43
1513660739995,Humidity_1,9.093074597130359
1513660739998,Brightness_1,55.0
1513660740001,Temperature_2,26.13
1513660740003,Humidity_2,4.900198656702297
1513660740006,Brightness_2,217.0
1513660746444,Temperature_1,25.43
1513660746446,Humidity_1,9.093074597130359
1513660746449,Brightness_1,55.0
1513660746451,Temperature_2,26.13
1513660746453,Humidity_2,4.900198656702297
1513660746456,Brightness_2,217.0
1513660749171,Sound_P,80.76394895466376
1513660749174,PodiumIR,89
1513660752864,Temperature_1,25.43
1513660752866,Humidity_1,9.093074597130359
1513660752869,Brightness_1,55.0
1513660752872,Temperature_2,26.13
1513660752874,Humidity_2,4.900198656702297
1513660752876,Brightness_2,217.0
1513660759177,Sound_P,70.987085069563
1513660759181,PodiumIR,143
1513660759286,Temperature_1,25.43
1513660759289,Humidity_1,9.093074597130359
1513660759292,Brightness_1,55.0
1513660759295,Temperature_2,26.13
1513660759297,Humidity_2,4.900198656702297
1513660759299,Brightness_2,217.0
1513660765694,Temperature_1,25.43
1513660765697,Humidity_1,9.093074597130359
1513660765700,Brightness_1,55.0
1513660765703,Temperature_2,26.13
1513660765705,Humidity_2,4.900198656702297
1513660765708,Brightness_2,217.0
1513660766756,Motion_3,False
1513660766756,Motion_4,False
1513660769183,Sound_P,73.82773649063114
1513660769187,PodiumIR,96
1513660772351,Temperature_1,25.43
1513660772353,Humidity_1,9.093074597130359
1513660772357,Brightness_1,55.0
1513660772359,Temperature_2,26.13
1513660772361,Humidity_2,4.900198656702297
1513660772363,Brightness_2,217.0
1513660775946,Motion_4,True
1513660778754,Temperature_1,25.43
1513660778757,Humidity_1,9.093074597130359
1513660778761,Brightness_1,55.0
1513660778763,Temperature_2,26.13
1513660778765,Humidity_2,4.900198656702297
1513660778767,Brightness_2,217.0
1513660779189,Sound_P,68.0998289029382
1513660779193,PodiumIR,126
1513660785458,Temperature_1,25.54
1513660785461,Humidity_1,8.969754716529529
1513660785464,Brightness_1,55.0
1513660785467,Temperature_2,26.13
1513660785469,Humidity_2,4.900198656702297
1513660785472,Brightness_2,217.0
1513660789195,Sound_P,81.25096856167129
1513660789199,PodiumIR,104
1513660792217,Temperature_1,25.54
1513660792220,Humidity_1,8.969754716529529
1513660792223,Brightness_1,55.0
1513660792225,Temperature_2,26.13
1513660792228,Humidity_2,4.900198656702297
1513660792231,Brightness_2,217.0
1513660798707,Temperature_1,25.54
1513660798711,Humidity_1,8.969754716529529
1513660798716,Brightness_1,55.0
1513660798719,Temperature_2,26.13
1513660798721,Humidity_2,4.900198656702297
1513660798724,Brightness_2,217.0
1513660799201,Sound_P,79.74539468352583
1513660799205,PodiumIR,166
1513660805427,Temperature_1,25.54
1513660805430,Humidity_1,8.969754716529529
1513660805433,Brightness_1,55.0
1513660805435,Temperature_2,26.13
1513660805438,Humidity_2,4.900198656702297
1513660805440,Brightness_2,217.0
1513660809207,Sound_P,74.91204818426347
1513660809211,PodiumIR,158
1513660811878,Temperature_1,25.54
1513660811881,Humidity_1,8.969754716529529
1513660811884,Brightness_1,55.0
1513660811887,Temperature_2,26.13
1513660811889,Humidity_2,4.900198656702297
1513660811892,Brightness_2,217.0
1513660813200,Motion_3,False
1513660813200,Motion_4,False
1513660816172,Motion_3,True
1513660818637,Temperature_1,25.54
1513660818640,Humidity_1,8.969754716529529
1513660818643,Brightness_1,55.0
1513660818645,Temperature_2,26.13
1513660818648,Humidity_2,4.900198656702297
1513660818650,Brightness_2,217.0
1513660819213,Sound_P,73.82773649063114
1513660819219,PodiumIR,206
1513660825051,Temperature_1,25.54
1513660825054,Humidity_1,8.969754716529529
1513660825058,Brightness_1,55.0
1513660825060,Temperature_2,26.13
1513660825062,Humidity_2,4.900198656702297
1513660825064,Brightness_2,217.0
1513660829084,Motion_4,False
1513660829084,Motion_3,True
1513660829225,Sound_P,81.72426746558874
1513660829228,PodiumIR,200
1513660831452,Temperature_1,25.54
1513660831455,Humidity_1,8.969754716529529
1513660831458,Brightness_1,55.0
1513660831460,Temperature_2,26.13
1513660831463,Humidity_2,4.900198656702297
1513660831465,Brightness_2,217.0
1513660834687,Motion_5,True
1513660838109,Temperature_1,25.54
1513660838112,Humidity_1,8.969754716529529
1513660838115,Brightness_1,55.0
1513660838118,Temperature_2,26.13
1513660838120,Humidity_2,4.900198656702297
1513660838122,Brightness_2,217.0
1513660839231,Sound_P,70.5390318503356
1513660839234,PodiumIR,112
1513660844699,Temperature_1,25.54
1513660844702,Humidity_1,8.969754716529529
1513660844705,Brightness_1,55.0
1513660844709,Temperature_2,26.13
1513660844713,Humidity_2,4.900198656702297
1513660844717,Brightness_2,217.0
1513660849237,Sound_P,73.82773649063114
1513660849240,PodiumIR,163
1513660851415,Temperature_1,25.54
1513660851418,Humidity_1,9.216394477731184
1513660851422,Brightness_1,57.0
1513660851424,Temperature_2,26.13
1513660851427,Humidity_2,4.900198656702297
1513660851429,Brightness_2,217.0
1513660856754,Motion_3,False
1513660856754,Motion_5,False
1513660856754,Motion_4,True
1513660857858,Temperature_1,25.54
1513660857861,Humidity_1,9.216394477731184
1513660857864,Brightness_1,57.0
1513660857866,Temperature_2,26.13
1513660857868,Humidity_2,4.900198656702297
1513660857871,Brightness_2,217.0
1513660859243,Sound_P,74.19700410241327
1513660859246,PodiumIR,185
1513660864512,Temperature_1,25.54
1513660864515,Humidity_1,9.216394477731184
1513660864519,Brightness_1,57.0
1513660864521,Temperature_2,26.13
1513660864523,Humidity_2,4.900198656702297
1513660864526,Brightness_2,217.0
1513660869249,Sound_P,81.25096856167129
1513660869252,PodiumIR,121
1513660870940,Temperature_1,25.54
1513660870943,Humidity_1,9.216394477731184
1513660870947,Brightness_1,57.0
1513660870949,Temperature_2,26.13
1513660870951,Humidity_2,4.900198656702297
1513660870954,Brightness_2,217.0
1513660873378,Motion_4,False
1513660873383,Motion_3,False
1513660877621,Temperature_1,25.54
1513660877624,Humidity_1,9.216394477731184
1513660877627,Brightness_1,57.0
1513660877629,Temperature_2,26.13
1513660877631,Humidity_2,4.900198656702297
1513660877634,Brightness_2,217.0
1513660879255,Sound_P,75.93060245540138
1513660879258,PodiumIR,183
1513660884076,Temperature_1,25.54
1513660884079,Humidity_1,9.216394477731184
1513660884082,Brightness_1,57.0
1513660884084,Temperature_2,26.13
1513660884086,Humidity_2,4.900198656702297
1513660884089,Brightness_2,217.0
1513660886303,Motion_3,True
1513660889261,Sound_P,69.11838317407611
1513660889264,PodiumIR,172
1513660890522,Temperature_1,25.54
1513660890525,Humidity_1,9.216394477731184
1513660890529,Brightness_1,57.0
1513660890531,Temperature_2,26.13
1513660890533,Humidity_2,4.900198656702297
1513660890535,Brightness_2,217.0
1513660896932,Temperature_1,25.54
1513660896935,Humidity_1,9.216394477731184
1513660896938,Brightness_1,57.0
1513660896941,Temperature_2,26.13
1513660896943,Humidity_2,4.900198656702297
1513660896946,Brightness_2,217.0
1513660899267,Sound_P,76.57687443958919
1513660899270,PodiumIR,99
1513660903630,Temperature_1,25.54
1513660903633,Humidity_1,9.216394477731184
1513660903636,Brightness_1,57.0
1513660903638,Temperature_2,26.13
1513660903641,Humidity_2,4.900198656702297
1513660903643,Brightness_2,217.0
1513660906819,Motion_3,False
1513660909273,Sound_P,68.61682354019833
1513660909276,PodiumIR,187
1513660910963,Temperature_1,25.54
1513660910965,Humidity_1,9.216394477731184
1513660910968,Brightness_1,57.0
1513660910970,Temperature_2,26.13
1513660910971,Humidity_2,4.900198656702297
1513660910979,Brightness_2,217.0
1513660911231,Motion_4,True
1513660917659,Temperature_1,25.54
1513660917661,Humidity_1,9.216394477731184
1513660917664,Brightness_1,55.0
1513660917666,Temperature_2,26.13
1513660917668,Humidity_2,4.900198656702297
1513660917670,Brightness_2,217.0
1513660919284,Sound_P,70.5390318503356
1513660919288,PodiumIR,161
1513660921201,Motion_3,False
1513660921201,Motion_2,True
1513660922772,Motion_3,True
1513660924315,Temperature_1,25.54
1513660924318,Humidity_1,9.216394477731184
1513660924321,Brightness_1,55.0
1513660924324,Temperature_2,26.13
1513660924326,Humidity_2,4.900198656702297
1513660924328,Brightness_2,217.0
1513660929290,Sound_P,86.38168565578067
1513660929294,PodiumIR,151
1513660930725,Temperature_1,25.54
1513660930728,Humidity_1,9.216394477731184
1513660930731,Brightness_1,55.0
1513660930734,Temperature_2,26.13
1513660930736,Humidity_2,4.900198656702297
1513660930739,Brightness_2,213.0
1513660937425,Temperature_1,25.54
1513660937428,Humidity_1,9.216394477731184
1513660937431,Brightness_1,55.0
1513660937434,Temperature_2,26.13
1513660937436,Humidity_2,4.900198656702297
1513660937438,Brightness_2,213.0
1513660938721,Motion_4,False
1513660938721,Motion_2,False
1513660938721,Motion_3,False
1513660939296,Sound_P,76.89092096632638
1513660939300,PodiumIR,92
1513660939761,Motion_4,True
1513660943873,Temperature_1,25.54
1513660943876,Humidity_1,9.216394477731184
1513660943879,Brightness_1,55.0
1513660943881,Temperature_2,26.13
1513660943882,Humidity_2,4.900198656702297
1513660943884,Brightness_2,213.0
1513660949302,Sound_P,87.41063980345
1513660949306,PodiumIR,140
1513660950530,Temperature_1,25.54
1513660950536,Humidity_1,9.216394477731184
1513660950539,Brightness_1,55.0
1513660950541,Temperature_2,26.13
1513660950550,Humidity_2,4.900198656702297
1513660950553,Brightness_2,213.0
1513660955710,Motion_3,False
1513660955710,Motion_4,False
1513660956954,Temperature_1,25.54
1513660956960,Humidity_1,9.216394477731184
1513660956963,Brightness_1,55.0
1513660956965,Temperature_2,26.13
1513660956972,Humidity_2,4.900198656702297
1513660956974,Brightness_2,213.0
1513660957601,Motion_3,True
1513660959309,Sound_P,71.84886370856825
1513660959312,PodiumIR,226
1513660963638,Temperature_1,25.54
1513660963644,Humidity_1,9.216394477731184
1513660963647,Brightness_1,55.0
1513660963649,Temperature_2,26.13
1513660963658,Humidity_2,4.900198656702297
1513660963660,Brightness_2,213.0
1513660969315,Sound_P,70.5390318503356
1513660969324,PodiumIR,233
1513660970203,Temperature_1,25.54
1513660970209,Humidity_1,9.216394477731184
1513660970212,Brightness_1,55.0
1513660970214,Temperature_2,26.13
1513660970217,Humidity_2,4.900198656702297
1513660970219,Brightness_2,213.0
1513660976643,Temperature_1,25.54
1513660976649,Humidity_1,9.33971435833201
1513660976652,Brightness_1,54.0
1513660976654,Temperature_2,26.13
1513660976662,Humidity_2,4.900198656702297
1513660976665,Brightness_2,213.0
1513660978117,Motion_4,False
1513660978117,Motion_3,False
1513660979328,Sound_P,79.48080653810413
1513660979331,PodiumIR,118
1513660983082,Temperature_1,25.54
1513660983089,Humidity_1,9.33971435833201
1513660983091,Brightness_1,54.0
1513660983093,Temperature_2,26.13
1513660983102,Humidity_2,4.900198656702297
1513660983104,Brightness_2,213.0
1513660987207,Motion_4,True
1513660989333,Sound_P,87.57616823598903
1513660989337,PodiumIR,173
1513660990569,Temperature_1,25.54
1513660990575,Humidity_1,9.33971435833201
1513660990578,Brightness_1,54.0
1513660990580,Temperature_2,26.13
1513660990588,Humidity_2,4.900198656702297
1513660990590,Brightness_2,215.0
1513660991029,Motion_3,True
1513660994556,Motion_7,True
1513660994556,Motion_5,True
1513660996989,Temperature_1,25.54
1513660996995,Humidity_1,9.33971435833201
1513660996997,Brightness_1,54.0
1513660997000,Temperature_2,26.13
1513660997007,Humidity_2,4.900198656702297
1513660997010,Brightness_2,215.0
1513660999340,Sound_P,78.6610829898935
1513660999343,PodiumIR,134
1513661003471,Temperature_1,25.54
1513661003477,Humidity_1,9.33971435833201
1513661003480,Brightness_1,54.0
1513661003482,Temperature_2,26.13
1513661003490,Humidity_2,4.900198656702297
1513661003493,Brightness_2,215.0
1513661006337,Motion_4,False
1513661006337,Motion_3,False
1513661006337,Motion_2,True
1513661008248,Motion_7,False
1513661008248,Motion_5,False
1513661008248,Motion_4,True
1513661009346,Sound_P,77.79930435088828
1513661009349,PodiumIR,93
1513661009929,Temperature_1,25.54
1513661009936,Humidity_1,9.33971435833201
1513661009939,Brightness_1,54.0
1513661009941,Temperature_2,26.13
1513661009949,Humidity_2,4.900198656702297
1513661009952,Brightness_2,215.0
1513661016374,Temperature_1,25.54
1513661016380,Humidity_1,9.33971435833201
1513661016383,Brightness_1,54.0
1513661016385,Temperature_2,26.13
1513661016393,Humidity_2,4.900198656702297
1513661016395,Brightness_2,215.0
1513661019352,Sound_P,79.74539468352583
1513661019355,PodiumIR,217
1513661022794,Temperature_1,25.54
1513661022800,Humidity_1,9.33971435833201
1513661022803,Brightness_1,54.0
1513661022805,Temperature_2,26.13
1513661022813,Humidity_2,4.900198656702297
1513661022816,Brightness_2,215.0
1513661028499,Motion_2,False
1513661028499,Motion_3,False
1513661028499,Motion_4,False
1513661029289,Temperature_1,25.54
1513661029295,Humidity_1,9.33971435833201
1513661029298,Brightness_1,54.0
1513661029300,Temperature_2,26.13
1513661029302,Humidity_2,4.900198656702297
1513661029304,Brightness_2,215.0
1513661029363,Sound_P,70.987085069563
1513661029366,PodiumIR,208
1513661035728,Temperature_1,25.54
1513661035734,Humidity_1,9.33971435833201
1513661035737,Brightness_1,54.0
1513661035740,Temperature_2,26.13
1513661035747,Humidity_2,4.900198656702297
1513661035750,Brightness_2,215.0
1513661039376,Sound_P,82.41011779552353
1513661039379,PodiumIR,217
1513661040650,Motion_4,True
1513661040650,Motion_3,True
1513661042486,Temperature_1,25.54
1513661042493,Humidity_1,9.216394477731184
1513661042495,Brightness_1,54.0
1513661042498,Temperature_2,26.13
1513661042506,Humidity_2,4.900198656702297
1513661042508,Brightness_2,215.0
1513661048922,Temperature_1,25.54
1513661048928,Humidity_1,9.216394477731184
1513661048931,Brightness_1,54.0
1513661048933,Temperature_2,26.13
1513661048935,Humidity_2,4.900198656702297
1513661048944,Brightness_2,215.0
1513661049381,Sound_P,82.41011779552353
1513661049385,PodiumIR,117
1513661053002,Motion_2,True
1513661053002,Motion_4,False
1513661055390,Temperature_1,25.54
1513661055397,Humidity_1,9.216394477731184
1513661055400,Brightness_1,54.0
1513661055402,Temperature_2,26.13
1513661055409,Humidity_2,5.023518537303121
1513661055411,Brightness_2,219.0
1513661059390,Sound_P,78.9387917919758
1513661059393,PodiumIR,92
1513661061845,Motion_3,False
1513661061845,Motion_5,True
1513661061943,Temperature_1,25.54
1513661061949,Humidity_1,9.216394477731184
1513661061952,Brightness_1,54.0
1513661061954,Temperature_2,26.13
1513661061963,Humidity_2,5.023518537303121
1513661061965,Brightness_2,219.0
1513661068402,Temperature_1,25.54
1513661068408,Humidity_1,9.216394477731184
1513661068411,Brightness_1,54.0
1513661068413,Temperature_2,26.13
1513661068416,Humidity_2,5.023518537303121
1513661068424,Brightness_2,219.0
1513661069396,Sound_P,82.41011779552353
1513661069399,PodiumIR,155
1513661074812,Temperature_1,25.54
1513661074818,Humidity_1,9.216394477731184
1513661074821,Brightness_1,54.0
1513661074823,Temperature_2,26.13
1513661074829,Humidity_2,5.023518537303121
1513661074832,Brightness_2,219.0
1513661074897,Motion_2,False
1513661074897,Motion_5,False
1513661074897,Motion_3,True
1513661079401,Sound_P,78.37870659506
1513661079404,PodiumIR,182
1513661081395,Motion_4,True
1513661081512,Temperature_1,25.54
1513661081516,Humidity_1,9.216394477731184
1513661081520,Brightness_1,54.0
1513661081522,Temperature_2,26.13
1513661081525,Humidity_2,5.023518537303121
1513661081529,Brightness_2,219.0
1513661088260,Temperature_1,25.54
1513661088263,Humidity_1,9.216394477731184
1513661088266,Brightness_1,54.0
1513661088268,Temperature_2,26.13
1513661088270,Humidity_2,5.023518537303121
1513661088272,Brightness_2,219.0
1513661089406,Sound_P,76.25684571588656
1513661089409,PodiumIR,91
1513661094722,Temperature_1,25.54
1513661094725,Humidity_1,9.216394477731184
1513661094729,Brightness_1,54.0
1513661094731,Temperature_2,26.13
1513661094733,Humidity_2,5.023518537303121
1513661094735,Brightness_2,219.0
1513661099411,Sound_P,77.19920484509075
1513661099414,PodiumIR,94
1513661101159,Temperature_1,25.54
1513661101161,Humidity_1,9.216394477731184
1513661101164,Brightness_1,54.0
1513661101166,Temperature_2,26.13
1513661101169,Humidity_2,5.023518537303121
1513661101171,Brightness_2,219.0
1513661107614,Temperature_1,25.54
1513661107617,Humidity_1,9.216394477731184
1513661107621,Brightness_1,55.0
1513661107624,Temperature_2,26.13
1513661107627,Humidity_2,5.023518537303121
1513661107630,Brightness_2,219.0
1513661109418,Sound_P,77.79930435088828
1513661109421,PodiumIR,152
1513661114272,Temperature_1,25.54
1513661114275,Humidity_1,9.216394477731184
1513661114279,Brightness_1,55.0
1513661114282,Temperature_2,26.13
1513661114285,Humidity_2,4.900198656702297
1513661114288,Brightness_2,213.0
1513661118040,Motion_3,False
1513661118040,Motion_4,False
1513661119423,Sound_P,70.987085069563
1513661119427,PodiumIR,162
1513661120698,Temperature_1,25.54
1513661120701,Humidity_1,9.216394477731184
1513661120702,Brightness_1,55.0
1513661120704,Temperature_2,26.13
1513661120705,Humidity_2,4.900198656702297
1513661120708,Brightness_2,213.0
1513661127380,Temperature_1,25.54
1513661127383,Humidity_1,9.216394477731184
1513661127386,Brightness_1,55.0
1513661127389,Temperature_2,26.13
1513661127392,Humidity_2,4.900198656702297
1513661127396,Brightness_2,213.0
1513661129430,Sound_P,80.26238932078596
1513661129433,PodiumIR,153
1513661133828,Temperature_1,25.54
1513661133831,Humidity_1,9.216394477731184
1513661133834,Brightness_1,55.0
1513661133837,Temperature_2,26.13
1513661133839,Humidity_2,4.900198656702297
1513661133842,Brightness_2,213.0
1513661133854,Motion_3,False
1513661133854,Motion_4,True
1513661139436,Sound_P,84.3141530373665
1513661139439,PodiumIR,122
1513661140596,Temperature_1,25.54
1513661140599,Humidity_1,9.216394477731184
1513661140602,Brightness_1,55.0
1513661140605,Temperature_2,26.13
1513661140607,Humidity_2,4.900198656702297
1513661140609,Brightness_2,213.0
1513661146896,Motion_4,False
1513661146901,Motion_3,True
1513661147011,Temperature_1,25.54
1513661147014,Humidity_1,9.216394477731184
1513661147017,Brightness_1,55.0
1513661147019,Temperature_2,26.13
1513661147021,Humidity_2,4.900198656702297
1513661147023,Brightness_2,213.0
1513661149442,Sound_P,86.90403860914428
1513661149445,PodiumIR,173
1513661153799,Temperature_1,25.54
1513661153803,Humidity_1,9.216394477731184
1513661153806,Brightness_1,55.0
1513661153809,Temperature_2,26.13
1513661153812,Humidity_2,4.900198656702297
1513661153816,Brightness_2,213.0
1513661159448,Sound_P,84.90372230151566
1513661159451,PodiumIR,186
1513661160249,Temperature_1,25.54
1513661160252,Humidity_1,9.216394477731184
1513661160256,Brightness_1,55.0
1513661160259,Temperature_2,26.13
1513661160261,Humidity_2,4.900198656702297
1513661160265,Brightness_2,213.0
1513661166650,Temperature_1,25.54
1513661166653,Humidity_1,9.216394477731184
1513661166657,Brightness_1,55.0
1513661166660,Temperature_2,26.13
1513661166662,Humidity_2,4.900198656702297
1513661166665,Brightness_2,213.0
1513661169454,Sound_P,79.21198480314258
1513661169457,PodiumIR,233
1513661173151,Temperature_1,25.43
1513661173154,Humidity_1,9.093074597130359
1513661173158,Brightness_1,55.0
1513661173161,Temperature_2,26.13
1513661173163,Humidity_2,4.900198656702297
1513661173166,Brightness_2,213.0
1513661179460,Sound_P,73.06392314376754
1513661179463,PodiumIR,229
1513661179570,Temperature_1,25.43
1513661179572,Humidity_1,9.093074597130359
1513661179574,Brightness_1,55.0
1513661179575,Temperature_2,26.13
1513661179577,Humidity_2,5.023518537303121
1513661179582,Brightness_2,211.0
1513661180139,Motion_3,False
1513661186268,Temperature_1,25.43
1513661186271,Humidity_1,9.093074597130359
1513661186276,Brightness_1,55.0
1513661186279,Temperature_2,26.13
1513661186281,Humidity_2,5.023518537303121
1513661186287,Brightness_2,211.0
1513661189466,Sound_P,67.01551720930587
1513661189469,PodiumIR,115
1513661192744,Temperature_1,25.43
1513661192749,Humidity_1,9.093074597130359
1513661192752,Brightness_1,55.0
1513661192754,Temperature_2,26.13
1513661192757,Humidity_2,5.023518537303121
1513661192759,Brightness_2,211.0
1513661198009,Motion_3,False
1513661198009,Motion_4,True
1513661199274,Motion_3,True
1513661199472,Sound_P,76.57687443958919
1513661199475,PodiumIR,97
1513661199484,Temperature_1,25.43
1513661199490,Humidity_1,9.093074597130359
1513661199496,Brightness_1,55.0
1513661199499,Temperature_2,26.13
1513661199502,Humidity_2,5.023518537303121
1513661199504,Brightness_2,211.0
1513661201846,Seat_9,True
1513661206235,Temperature_1,25.43
1513661206241,Humidity_1,9.093074597130359
1513661206244,Brightness_1,55.0
1513661206247,Temperature_2,26.13
1513661206249,Humidity_2,5.023518537303121
1513661206253,Brightness_2,211.0
1513661209480,Sound_P,83.06906499721183
1513661209483,PodiumIR,91
1513661212186,Motion_4,False
1513661212186,Motion_3,True
1513661212683,Temperature_1,25.43
1513661212686,Humidity_1,9.093074597130359
1513661212691,Brightness_1,55.0
1513661212693,Temperature_2,26.13
1513661212696,Humidity_2,5.023518537303121
1513661212699,Brightness_2,211.0
1513661218509,Motion_4,True
1513661219130,Temperature_1,25.43
1513661219133,Humidity_1,9.093074597130359
1513661219137,Brightness_1,55.0
1513661219140,Temperature_2,26.13
1513661219143,Humidity_2,5.023518537303121
1513661219147,Brightness_2,211.0
1513661219486,Sound_P,69.60540278108363
1513661219489,PodiumIR,127
1513661225582,Temperature_1,25.43
1513661225585,Humidity_1,9.093074597130359
1513661225586,Brightness_1,55.0
1513661225590,Temperature_2,26.13
1513661225592,Humidity_2,5.023518537303121
1513661225594,Brightness_2,211.0
1513661229492,Sound_P,68.61682354019833
1513661229495,PodiumIR,71
1513661232240,Temperature_1,25.43
1513661232243,Humidity_1,9.093074597130359
1513661232247,Brightness_1,55.0
1513661232249,Temperature_2,26.13
1513661232251,Humidity_2,5.023518537303121
1513661232254,Brightness_2,211.0
1513661238689,Temperature_1,25.54
1513661238691,Humidity_1,9.216394477731184
1513661238695,Brightness_1,54.0
1513661238698,Temperature_2,26.13
1513661238700,Humidity_2,5.023518537303121
1513661238704,Brightness_2,211.0
1513661239498,Sound_P,75.59789851419828
1513661239501,PodiumIR,99
1513661245448,Temperature_1,25.54
1513661245451,Humidity_1,9.216394477731184
1513661245455,Brightness_1,54.0
1513661245457,Temperature_2,26.13
1513661245459,Humidity_2,4.7768787761014755
1513661245461,Brightness_2,219.0
1513661249504,Sound_P,80.51504069838761
1513661249507,PodiumIR,108
1513661252010,Motion_3,False
1513661252010,Motion_4,False
1513661252102,Temperature_1,25.54
1513661252105,Humidity_1,9.216394477731184
1513661252109,Brightness_1,54.0
1513661252111,Temperature_2,26.13
1513661252113,Humidity_2,4.7768787761014755
1513661252117,Brightness_2,219.0
1513661258701,Temperature_1,25.54
1513661258704,Humidity_1,9.216394477731184
1513661258708,Brightness_1,54.0
1513661258711,Temperature_2,26.13
1513661258713,Humidity_2,4.7768787761014755
1513661258715,Brightness_2,219.0
1513661259514,Sound_P,85.65895056898958
1513661259518,PodiumIR,129
1513661265106,Temperature_1,25.54
1513661265109,Humidity_1,9.216394477731184
1513661265113,Brightness_1,54.0
1513661265115,Temperature_2,26.13
1513661265118,Humidity_2,4.7768787761014755
1513661265120,Brightness_2,219.0
1513661269520,Sound_P,80.51504069838761
1513661269524,PodiumIR,214
1513661271765,Temperature_1,25.54
1513661271768,Humidity_1,9.216394477731184
1513661271772,Brightness_1,54.0
1513661271774,Temperature_2,26.13
1513661271776,Humidity_2,4.7768787761014755
1513661271780,Brightness_2,219.0
1513661278626,Temperature_1,25.54
1513661278629,Humidity_1,9.216394477731184
1513661278633,Brightness_1,54.0
1513661278635,Temperature_2,26.13
1513661278637,Humidity_2,4.7768787761014755
1513661278640,Brightness_2,219.0
1513661279527,Sound_P,70.5390318503356
1513661279530,PodiumIR,166
1513661280310,Motion_4,False
1513661283096,Motion_3,True
1513661285041,Temperature_1,25.54
1513661285044,Humidity_1,9.216394477731184
1513661285048,Brightness_1,54.0
1513661285050,Temperature_2,26.13
1513661285052,Humidity_2,4.7768787761014755
1513661285054,Brightness_2,219.0
1513661289532,Sound_P,74.19700410241327
1513661289536,PodiumIR,174
1513661291444,Temperature_1,25.54
1513661291447,Humidity_1,9.216394477731184
1513661291451,Brightness_1,54.0
1513661291453,Temperature_2,26.13
1513661291455,Humidity_2,4.7768787761014755
1513661291458,Brightness_2,219.0
1513661298081,Temperature_1,25.54
1513661298083,Humidity_1,9.216394477731184
1513661298087,Brightness_1,54.0
1513661298089,Temperature_2,26.13
1513661298092,Humidity_2,4.7768787761014755
1513661298095,Brightness_2,219.0
1513661299045,Motion_4,False
1513661299045,Motion_3,False
1513661299539,Sound_P,70.987085069563
1513661299542,PodiumIR,119
1513661301741,Motion_4,True
1513661304705,Temperature_1,25.54
1513661304708,Humidity_1,9.216394477731184
1513661304715,Brightness_1,54.0
1513661304718,Temperature_2,26.13
1513661304720,Humidity_2,4.900198656702297
1513661304723,Brightness_2,219.0
1513661309544,Sound_P,71.42349921662418
1513661309548,PodiumIR,169
1513661311155,Temperature_1,25.54
1513661311158,Humidity_1,9.216394477731184
1513661311162,Brightness_1,54.0
1513661311164,Temperature_2,26.13
1513661311166,Humidity_2,4.900198656702297
1513661311168,Brightness_2,219.0
1513661317559,Temperature_1,25.54
1513661317562,Humidity_1,9.216394477731184
1513661317565,Brightness_1,54.0
1513661317567,Temperature_2,26.13
1513661317569,Humidity_2,4.900198656702297
1513661317572,Brightness_2,219.0
1513661317690,Motion_3,False
1513661317690,Motion_4,False
1513661318960,Motion_5,True
1513661318960,Motion_7,True
1513661318960,Motion_3,True
1513661319550,Sound_P,76.57687443958919
1513661319554,PodiumIR,76
1513661323989,Temperature_1,25.54
1513661323992,Humidity_1,9.216394477731184
1513661323995,Brightness_1,54.0
1513661323998,Temperature_2,26.13
1513661324000,Humidity_2,4.900198656702297
1513661324003,Brightness_2,219.0
1513661329557,Sound_P,83.28309336929843
1513661329560,PodiumIR,193
1513661330710,Temperature_1,25.54
1513661330713,Humidity_1,9.216394477731184
1513661330717,Brightness_1,54.0
1513661330719,Temperature_2,26.13
1513661330721,Humidity_2,4.900198656702297
1513661330723,Brightness_2,219.0
1513661337506,Temperature_1,25.54
1513661337509,Humidity_1,9.216394477731184
1513661337513,Brightness_1,54.0
1513661337515,Temperature_2,26.13
1513661337518,Humidity_2,4.900198656702297
1513661337521,Brightness_2,219.0
1513661339562,Sound_P,76.25684571588656
1513661339566,PodiumIR,165
1513661341638,Motion_4,False
1513661341638,Motion_5,False
1513661341638,Motion_7,False
1513661341638,Motion_3,False
1513661343920,Temperature_1,25.54
1513661343923,Humidity_1,9.216394477731184
1513661343927,Brightness_1,54.0
1513661343929,Temperature_2,26.13
1513661343931,Humidity_2,4.900198656702297
1513661343933,Brightness_2,219.0
1513661349568,Sound_P,82.63265085015064
1513661349572,PodiumIR,159
1513661350615,Temperature_1,25.54
1513661350618,Humidity_1,9.216394477731184
1513661350622,Brightness_1,54.0
1513661350624,Temperature_2,26.13
1513661350626,Humidity_2,4.900198656702297
1513661350629,Brightness_2,219.0
1513661357030,Temperature_1,25.54
1513661357033,Humidity_1,9.216394477731184
1513661357036,Brightness_1,54.0
1513661357038,Temperature_2,26.13
1513661357041,Humidity_2,4.900198656702297
1513661357045,Brightness_2,219.0
1513661357596,Motion_3,False
1513661359574,Sound_P,72.66858725677886
1513661359578,PodiumIR,159
1513661363720,Temperature_1,25.43
1513661363723,Humidity_1,9.093074597130359
1513661363727,Brightness_1,54.0
1513661363729,Temperature_2,26.13
1513661363732,Humidity_2,4.900198656702297
1513661363736,Brightness_2,219.0
1513661369580,Sound_P,72.26372429269907
1513661369583,PodiumIR,98
1513661370170,Temperature_1,25.43
1513661370173,Humidity_1,9.093074597130359
1513661370176,Brightness_1,54.0
1513661370179,Temperature_2,26.25
1513661370181,Humidity_2,5.023518537303121
1513661370183,Brightness_2,215.0
1513661376623,Temperature_1,25.43
1513661376626,Humidity_1,9.093074597130359
1513661376630,Brightness_1,54.0
1513661376632,Temperature_2,26.25
1513661376634,Humidity_2,5.023518537303121
1513661376638,Brightness_2,215.0
1513661379586,Sound_P,81.72426746558874
1513661379590,PodiumIR,102
1513661383060,Temperature_1,25.43
1513661383063,Humidity_1,9.093074597130359
1513661383067,Brightness_1,54.0
1513661383069,Temperature_2,26.25
1513661383071,Humidity_2,5.023518537303121
1513661383073,Brightness_2,215.0
1513661389592,Sound_P,72.26372429269907
1513661389595,PodiumIR,223
1513661389616,Temperature_1,25.43
1513661389619,Humidity_1,9.093074597130359
1513661389623,Brightness_1,54.0
1513661389626,Temperature_2,26.25
1513661389628,Humidity_2,5.023518537303121
1513661389632,Brightness_2,215.0
1513661393650,Motion_3,False
1513661393650,Motion_5,True
1513661393650,Motion_7,True
1513661396029,Temperature_1,25.43
1513661396032,Humidity_1,9.093074597130359
1513661396035,Brightness_1,54.0
1513661396038,Temperature_2,26.25
1513661396040,Humidity_2,5.023518537303121
1513661396042,Brightness_2,215.0
1513661397252,Motion_3,True
1513661399598,Sound_P,90.85755058373022
1513661399601,PodiumIR,232
1513661402702,Temperature_1,25.43
1513661402705,Humidity_1,9.093074597130359
1513661402709,Brightness_1,54.0
1513661402711,Temperature_2,26.25
1513661402714,Humidity_2,5.023518537303121
1513661402717,Brightness_2,215.0
1513661404906,Motion_8,True
1513661404906,Motion_1,True
1513661409393,Temperature_1,25.43
1513661409396,Humidity_1,9.093074597130359
1513661409400,Brightness_1,54.0
1513661409402,Temperature_2,26.25
1513661409404,Humidity_2,5.023518537303121
1513661409406,Brightness_2,215.0
1513661409604,Sound_P,83.28309336929843
1513661409607,PodiumIR,124
1513661414151,Motion_5,False
1513661414151,Motion_7,False
1513661414151,Motion_3,False
1513661415848,Temperature_1,25.43
1513661415850,Humidity_1,9.093074597130359
1513661415854,Brightness_1,54.0
1513661415856,Temperature_2,26.25
1513661415858,Humidity_2,5.023518537303121
1513661415861,Brightness_2,215.0
1513661418772,Motion_8,False
1513661418772,Motion_1,False
1513661418772,Motion_3,True
1513661419610,Sound_P,70.5390318503356
1513661419613,PodiumIR,85
1513661422259,Temperature_1,25.43
1513661422261,Humidity_1,9.093074597130359
1513661422265,Brightness_1,54.0
1513661422268,Temperature_2,26.25
1513661422270,Humidity_2,5.023518537303121
1513661422273,Brightness_2,215.0
1513661427056,Motion_5,True
1513661427056,Motion_7,False
1513661428711,Temperature_1,25.66
1513661428714,Humidity_1,9.093074597130359
1513661428718,Brightness_1,54.0
1513661428720,Temperature_2,26.25
1513661428723,Humidity_2,5.023518537303121
1513661428725,Brightness_2,216.0
1513661429616,Sound_P,69.11838317407611
1513661429619,PodiumIR,129
1513661435401,Temperature_1,25.66
1513661435404,Humidity_1,9.093074597130359
1513661435408,Brightness_1,54.0
1513661435410,Temperature_2,26.25
1513661435413,Humidity_2,5.023518537303121
1513661435417,Brightness_2,216.0
1513661439622,Sound_P,77.50193375604124
1513661439625,PodiumIR,147
1513661441852,Temperature_1,25.66
1513661441855,Humidity_1,9.093074597130359
1513661441859,Brightness_1,54.0
1513661441861,Temperature_2,26.25
1513661441863,Humidity_2,5.023518537303121
1513661441868,Brightness_2,216.0
1513661444676,Motion_3,False
1513661444676,Motion_5,False
1513661448322,Temperature_1,25.66
1513661448325,Humidity_1,9.093074597130359
1513661448329,Brightness_1,54.0
1513661448331,Temperature_2,26.25
1513661448333,Humidity_2,5.023518537303121
1513661448335,Brightness_2,216.0
1513661449628,Sound_P,84.11294105159064
1513661449631,PodiumIR,161
1513661454718,Temperature_1,25.66
1513661454721,Humidity_1,9.093074597130359
1513661454724,Brightness_1,54.0
1513661454727,Temperature_2,26.25
1513661454729,Humidity_2,5.023518537303121
1513661454731,Brightness_2,216.0
1513661459634,Sound_P,75.59789851419828
1513661459637,PodiumIR,101
1513661461415,Temperature_1,25.66
1513661461418,Humidity_1,9.093074597130359
1513661461421,Brightness_1,54.0
1513661461424,Temperature_2,26.25
1513661461426,Humidity_2,5.023518537303121
1513661461428,Brightness_2,216.0
1513661467864,Temperature_1,25.66
1513661467867,Humidity_1,9.093074597130359
1513661467871,Brightness_1,54.0
1513661467873,Temperature_2,26.25
1513661467875,Humidity_2,5.023518537303121
1513661467879,Brightness_2,216.0
1513661469640,Sound_P,67.56641902255494
1513661469643,PodiumIR,198
1513661474283,Temperature_1,25.66
1513661474286,Humidity_1,9.093074597130359
1513661474290,Brightness_1,54.0
1513661474292,Temperature_2,26.25
1513661474294,Humidity_2,5.023518537303121
1513661474297,Brightness_2,216.0
1513661479646,Sound_P,74.91204818426347
1513661479649,PodiumIR,198
1513661480727,Temperature_1,25.66
1513661480730,Humidity_1,9.093074597130359
1513661480734,Brightness_1,54.0
1513661480736,Temperature_2,26.25
1513661480738,Humidity_2,5.023518537303121
1513661480741,Brightness_2,216.0
1513661487240,Temperature_1,25.66
1513661487243,Humidity_1,9.093074597130359
1513661487247,Brightness_1,54.0
1513661487249,Temperature_2,26.25
1513661487251,Humidity_2,5.023518537303121
1513661487255,Brightness_2,216.0
1513661489652,Sound_P,74.19700410241327
1513661489655,PodiumIR,187
1513661490515,Motion_3,False
1513661490515,Motion_2,True
1513661493668,Temperature_1,25.66
1513661493671,Humidity_1,9.093074597130359
1513661493675,Brightness_1,54.0
1513661493677,Temperature_2,26.25
1513661493679,Humidity_2,5.023518537303121
1513661493681,Brightness_2,212.0
1513661496499,Motion_7,True
1513661496499,Motion_5,True
1513661499658,Sound_P,72.26372429269907
1513661499661,PodiumIR,205
1513661500098,Temperature_1,25.66
1513661500100,Humidity_1,9.093074597130359
1513661500104,Brightness_1,54.0
1513661500106,Temperature_2,26.25
1513661500109,Humidity_2,5.023518537303121
1513661500111,Brightness_2,212.0
1513661506701,Temperature_1,25.66
1513661506704,Humidity_1,9.093074597130359
1513661506707,Brightness_1,54.0
1513661506710,Temperature_2,26.25
1513661506712,Humidity_2,5.023518537303121
1513661506715,Brightness_2,212.0
1513661509664,Sound_P,73.45017003946069
1513661509668,PodiumIR,151
1513661511041,Motion_3,False
1513661511041,Motion_2,False
1513661511041,Motion_7,False
1513661511041,Motion_5,False
1513661513331,Temperature_1,25.66
1513661513334,Humidity_1,9.093074597130359
1513661513337,Brightness_1,54.0
1513661513339,Temperature_2,26.25
1513661513342,Humidity_2,5.023518537303121
1513661513344,Brightness_2,212.0
1513661519501,Motion_5,True
1513661519673,Sound_P,81.25096856167129
1513661519677,PodiumIR,152
1513661519743,Temperature_1,25.66
1513661519746,Humidity_1,9.093074597130359
1513661519750,Brightness_1,54.0
1513661519752,Temperature_2,26.25
1513661519754,Humidity_2,5.023518537303121
1513661519757,Brightness_2,212.0
1513661526177,Temperature_1,25.66
1513661526180,Humidity_1,9.093074597130359
1513661526184,Brightness_1,54.0
1513661526186,Temperature_2,26.25
1513661526188,Humidity_2,5.023518537303121
1513661526190,Brightness_2,212.0
1513661529679,Sound_P,78.6610829898935
1513661529682,PodiumIR,152
1513661532701,Temperature_1,25.66
1513661532704,Humidity_1,9.093074597130359
1513661532708,Brightness_1,54.0
1513661532710,Temperature_2,26.25
1513661532713,Humidity_2,5.023518537303121
1513661532716,Brightness_2,212.0
1513661538706,Motion_3,False
1513661538706,Motion_5,False
1513661539359,Temperature_1,25.66
1513661539362,Humidity_1,9.093074597130359
1513661539365,Brightness_1,54.0
1513661539368,Temperature_2,26.25
1513661539370,Humidity_2,5.023518537303121
1513661539372,Brightness_2,212.0
1513661539685,Sound_P,78.9387917919758
1513661539688,PodiumIR,148
1513661545790,Temperature_1,25.66
1513661545793,Humidity_1,9.093074597130359
1513661545797,Brightness_1,54.0
1513661545799,Temperature_2,26.25
1513661545801,Humidity_2,5.023518537303121
1513661545804,Brightness_2,212.0
1513661549691,Sound_P,73.82773649063114
1513661549694,PodiumIR,148
1513661552244,Temperature_1,25.66
1513661552247,Humidity_1,9.093074597130359
1513661552250,Brightness_1,54.0
1513661552252,Temperature_2,26.25
1513661552254,Humidity_2,5.023518537303121
1513661552258,Brightness_2,212.0
1513661555870,Motion_3,False
1513661555870,Motion_4,True
1513661558691,Temperature_1,25.66
1513661558694,Humidity_1,9.216394477731184
1513661558697,Brightness_1,54.0
1513661558699,Temperature_2,26.25
1513661558702,Humidity_2,5.023518537303121
1513661558704,Brightness_2,212.0
1513661559342,Motion_5,True
1513661559342,Motion_3,True
1513661559697,Sound_P,72.26372429269907
1513661559701,PodiumIR,150
1513661565356,Temperature_1,25.66
1513661565359,Humidity_1,9.216394477731184
1513661565363,Brightness_1,54.0
1513661565365,Temperature_2,26.25
1513661565367,Humidity_2,5.023518537303121
1513661565369,Brightness_2,212.0
1513661569062,Motion_4,False
1513661569067,Motion_7,True
1513661569703,Sound_P,71.84886370856825
1513661569706,PodiumIR,152
1513661571814,Temperature_1,25.66
1513661571817,Humidity_1,9.216394477731184
1513661571821,Brightness_1,54.0
1513661571823,Temperature_2,26.25
1513661571825,Humidity_2,5.023518537303121
1513661571830,Brightness_2,212.0
1513661576991,Motion_5,False
1513661576991,Motion_3,False
1513661576991,Motion_4,True
1513661578562,Temperature_1,25.66
1513661578565,Humidity_1,9.216394477731184
1513661578568,Brightness_1,54.0
1513661578571,Temperature_2,26.25
1513661578573,Humidity_2,5.023518537303121
1513661578576,Brightness_2,212.0
1513661579709,Sound_P,72.26372429269907
1513661579712,PodiumIR,109
1513661584982,Temperature_1,25.66
1513661584985,Humidity_1,9.216394477731184
1513661584989,Brightness_1,54.0
1513661584991,Temperature_2,26.25
1513661584993,Humidity_2,5.023518537303121
1513661584995,Brightness_2,212.0
1513661589715,Sound_P,76.57687443958919
1513661589720,PodiumIR,156
1513661591394,Temperature_1,25.66
1513661591397,Humidity_1,9.216394477731184
1513661591401,Brightness_1,54.0
1513661591403,Temperature_2,26.25
1513661591405,Humidity_2,5.023518537303121
1513661591408,Brightness_2,212.0
1513661593110,Motion_7,False
1513661593110,Motion_4,False
1513661593110,Motion_3,True
1513661598120,Temperature_1,25.66
1513661598123,Humidity_1,9.216394477731184
1513661598126,Brightness_1,54.0
1513661598129,Temperature_2,26.25
1513661598131,Humidity_2,5.023518537303121
1513661598136,Brightness_2,212.0
1513661599727,Sound_P,85.47330227121877
1513661599730,PodiumIR,174
1513661604571,Temperature_1,25.66
1513661604576,Humidity_1,9.216394477731184
1513661604579,Brightness_1,54.0
1513661604581,Temperature_2,26.25
1513661604587,Humidity_2,5.023518537303121
1513661604590,Brightness_2,212.0
1513661609077,Motion_3,False
1513661609734,Sound_P,72.66858725677886
1513661609746,PodiumIR,192
1513661610990,Temperature_1,25.66
1513661610996,Humidity_1,9.216394477731184
1513661610999,Brightness_1,54.0
1513661611002,Temperature_2,26.25
1513661611009,Humidity_2,5.023518537303121
1513661611011,Brightness_2,212.0
1513661617695,Temperature_1,25.66
1513661617702,Humidity_1,9.093074597130359
1513661617704,Brightness_1,54.0
1513661617706,Temperature_2,26.25
1513661617714,Humidity_2,5.023518537303121
1513661617717,Brightness_2,209.0
1513661619753,Sound_P,84.3141530373665
1513661619757,PodiumIR,189
1513661624140,Temperature_1,25.66
1513661624146,Humidity_1,9.093074597130359
1513661624149,Brightness_1,54.0
1513661624151,Temperature_2,26.25
1513661624153,Humidity_2,5.023518537303121
1513661624158,Brightness_2,209.0
1513661626811,Motion_3,False
1513661626811,Motion_5,True
1513661626811,Motion_7,True
1513661629759,Sound_P,69.11838317407611
1513661629762,PodiumIR,122
1513661630682,Temperature_1,25.66
1513661630685,Humidity_1,9.093074597130359
1513661630689,Brightness_1,54.0
1513661630692,Temperature_2,26.25
1513661630694,Humidity_2,5.023518537303121
1513661630697,Brightness_2,209.0
1513661631149,Motion_4,True
1513661637354,Temperature_1,25.66
1513661637358,Humidity_1,9.093074597130359
1513661637361,Brightness_1,54.0
1513661637364,Temperature_2,26.25
1513661637367,Humidity_2,5.023518537303121
1513661637371,Brightness_2,209.0
1513661639765,Sound_P,71.42349921662418
1513661639768,PodiumIR,156
1513661641950,Motion_5,False
1513661641950,Motion_7,False
1513661641950,Motion_3,True
1513661643996,Temperature_1,25.66
1513661643999,Humidity_1,9.093074597130359
1513661644003,Brightness_1,54.0
1513661644005,Temperature_2,26.25
1513661644008,Humidity_2,5.023518537303121
1513661644012,Brightness_2,209.0
1513661649771,Sound_P,81.48928461417114
1513661649774,PodiumIR,189
1513661650649,Temperature_1,25.66
1513661650653,Humidity_1,9.093074597130359
1513661650656,Brightness_1,54.0
1513661650659,Temperature_2,26.25
1513661650662,Humidity_2,5.023518537303121
1513661650664,Brightness_2,209.0
1513661657070,Temperature_1,25.66
1513661657073,Humidity_1,9.093074597130359
1513661657077,Brightness_1,54.0
1513661657080,Temperature_2,26.25
1513661657083,Humidity_2,5.023518537303121
1513661657086,Brightness_2,209.0
1513661657903,Motion_4,False
1513661657903,Motion_3,False
1513661659777,Sound_P,70.5390318503356
1513661659780,PodiumIR,167
1513661661235,Motion_5,True
1513661663758,Temperature_1,25.66
1513661663761,Humidity_1,9.093074597130359
1513661663765,Brightness_1,54.0
1513661663767,Temperature_2,26.25
1513661663770,Humidity_2,5.023518537303121
1513661663773,Brightness_2,209.0
1513661669783,Sound_P,81.95600907073411
1513661669788,PodiumIR,121
1513661670422,Temperature_1,25.66
1513661670425,Humidity_1,9.093074597130359
1513661670429,Brightness_1,54.0
1513661670432,Temperature_2,26.25
1513661670434,Humidity_2,5.023518537303121
1513661670437,Brightness_2,209.0
1513661676861,Temperature_1,25.66
1513661676864,Humidity_1,9.093074597130359
1513661676868,Brightness_1,54.0
1513661676870,Temperature_2,26.25
1513661676873,Humidity_2,5.023518537303121
1513661676877,Brightness_2,209.0
1513661679796,Sound_P,72.66858725677886
1513661679799,PodiumIR,181
1513661683774,Temperature_1,25.66
1513661683777,Humidity_1,9.093074597130359
1513661683781,Brightness_1,53.0
1513661683784,Temperature_2,26.25
1513661683786,Humidity_2,5.023518537303121
1513661683789,Brightness_2,213.0
1513661689100,Motion_3,False
1513661689105,Motion_5,False
1513661689802,Sound_P,70.5390318503356
1513661689807,PodiumIR,183
1513661690198,Temperature_1,25.66
1513661690201,Humidity_1,9.093074597130359
1513661690205,Brightness_1,53.0
1513661690207,Temperature_2,26.25
1513661690210,Humidity_2,5.023518537303121
1513661690214,Brightness_2,213.0
1513661690445,Motion_4,True
1513661696699,Temperature_1,25.66
1513661696702,Humidity_1,9.093074597130359
1513661696706,Brightness_1,53.0
1513661696709,Temperature_2,26.25
1513661696712,Humidity_2,5.023518537303121
1513661696715,Brightness_2,213.0
1513661699814,Sound_P,73.82773649063114
1513661699818,PodiumIR,161
1513661703386,Temperature_1,25.66
1513661703390,Humidity_1,9.093074597130359
1513661703393,Brightness_1,53.0
1513661703396,Temperature_2,26.25
1513661703399,Humidity_2,5.023518537303121
1513661703402,Brightness_2,213.0
1513661709275,Motion_5,False
1513661709275,Motion_4,False
1513661709275,Seat_10,False
1513661709275,Motion_3,True
1513661709826,Sound_P,75.59789851419828
1513661709829,PodiumIR,133
1513661709850,Temperature_1,25.66
1513661709854,Humidity_1,9.093074597130359
1513661709857,Brightness_1,53.0
1513661709860,Temperature_2,26.25
1513661709863,Humidity_2,5.023518537303121
1513661709866,Brightness_2,213.0
1513661716402,Temperature_1,25.66
1513661716405,Humidity_1,9.093074597130359
1513661716409,Brightness_1,53.0
1513661716412,Temperature_2,26.25
1513661716414,Humidity_2,5.023518537303121
1513661716417,Brightness_2,213.0
1513661719832,Sound_P,82.63265085015064
1513661719835,PodiumIR,242
1513661722806,Temperature_1,25.66
1513661722810,Humidity_1,9.093074597130359
1513661722813,Brightness_1,53.0
1513661722816,Temperature_2,26.25
1513661722819,Humidity_2,5.023518537303121
1513661722822,Brightness_2,213.0
1513661725234,Motion_3,False
1513661729499,Temperature_1,25.66
1513661729503,Humidity_1,9.093074597130359
1513661729506,Brightness_1,53.0
1513661729509,Temperature_2,26.25
1513661729512,Humidity_2,5.023518537303121
1513661729515,Brightness_2,213.0
1513661729840,Sound_P,84.3141530373665
1513661729843,PodiumIR,75
1513661730107,Motion_4,True
1513661735956,Temperature_1,25.66
1513661735959,Humidity_1,9.093074597130359
1513661735963,Brightness_1,53.0
1513661735965,Temperature_2,26.25
1513661735968,Humidity_2,5.023518537303121
1513661735972,Brightness_2,213.0
1513661739845,Sound_P,74.19700410241327
1513661739848,PodiumIR,93
1513661741187,Motion_3,False
1513661742408,Temperature_1,25.66
1513661742412,Humidity_1,9.093074597130359
1513661742415,Brightness_1,53.0
1513661742418,Temperature_2,26.25
1513661742421,Humidity_2,5.023518537303121
1513661742425,Brightness_2,212.0
1513661748827,Temperature_1,25.66
1513661748831,Humidity_1,8.969754716529529
1513661748834,Brightness_1,53.0
1513661748837,Temperature_2,26.25
1513661748840,Humidity_2,5.023518537303121
1513661748842,Brightness_2,212.0
1513661749851,Sound_P,83.90929007328671
1513661749854,PodiumIR,123
1513661755518,Temperature_1,25.66
1513661755521,Humidity_1,8.969754716529529
1513661755525,Brightness_1,53.0
1513661755527,Temperature_2,26.25
1513661755530,Humidity_2,5.023518537303121
1513661755532,Brightness_2,212.0
1513661759856,Sound_P,80.51504069838761
1513661759860,PodiumIR,180
1513661761964,Temperature_1,25.66
1513661761967,Humidity_1,8.969754716529529
1513661761971,Brightness_1,53.0
1513661761974,Temperature_2,26.25
1513661761977,Humidity_2,5.023518537303121
1513661761980,Brightness_2,212.0
1513661768418,Temperature_1,25.66
1513661768421,Humidity_1,8.969754716529529
1513661768425,Brightness_1,53.0
1513661768428,Temperature_2,26.25
1513661768430,Humidity_2,5.023518537303121
1513661768433,Brightness_2,212.0
1513661769863,Sound_P,75.59789851419828
1513661769866,PodiumIR,196
1513661774837,Temperature_1,25.66
1513661774840,Humidity_1,8.969754716529529
1513661774844,Brightness_1,53.0
1513661774846,Temperature_2,26.25
1513661774849,Humidity_2,5.023518537303121
1513661774853,Brightness_2,212.0
1513661779868,Sound_P,75.93060245540138
1513661779878,PodiumIR,174
1513661781357,Motion_4,False
1513661781357,Motion_3,False
1513661781519,Temperature_1,25.66
1513661781522,Humidity_1,8.969754716529529
1513661781526,Brightness_1,53.0
1513661781529,Temperature_2,26.25
1513661781532,Humidity_2,5.023518537303121
1513661781536,Brightness_2,212.0
1513661787946,Temperature_1,25.66
1513661787949,Humidity_1,8.969754716529529
1513661787953,Brightness_1,53.0
1513661787955,Temperature_2,26.25
1513661787958,Humidity_2,5.023518537303121
1513661787962,Brightness_2,212.0
1513661789887,Sound_P,82.41011779552353
1513661789890,PodiumIR,126
1513661794634,Temperature_1,25.66
1513661794637,Humidity_1,8.969754716529529
1513661794641,Brightness_1,53.0
1513661794644,Temperature_2,26.25
1513661794646,Humidity_2,5.023518537303121
1513661794650,Brightness_2,212.0
1513661797066,Motion_4,False
1513661797066,Seat_9,True
1513661799895,Sound_P,85.28557964786967
1513661799902,PodiumIR,151
1513661808349,Temperature_1,25.66
1513661808352,Humidity_1,8.969754716529529
1513661808355,Brightness_1,53.0
1513661808358,Temperature_2,26.25
1513661808361,Humidity_2,5.023518537303121
1513661808364,Brightness_2,216.0
1513661809908,Sound_P,70.987085069563
1513661809911,PodiumIR,80
1513661814765,Temperature_1,25.66
1513661814768,Humidity_1,9.093074597130359
1513661814772,Brightness_1,54.0
1513661814775,Temperature_2,26.25
1513661814777,Humidity_2,5.023518537303121
1513661814781,Brightness_2,216.0
1513661819916,Sound_P,73.82773649063114
1513661819927,PodiumIR,186
1513661821175,Temperature_1,25.66
1513661821178,Humidity_1,9.093074597130359
1513661821180,Brightness_1,54.0
1513661821182,Temperature_2,26.25
1513661821184,Humidity_2,5.023518537303121
1513661821185,Brightness_2,216.0
1513661827909,Temperature_1,25.66
1513661827912,Humidity_1,9.093074597130359
1513661827916,Brightness_1,54.0
1513661827919,Temperature_2,26.25
1513661827922,Humidity_2,5.023518537303121
1513661827926,Brightness_2,216.0
1513661829093,Motion_3,True
1513661829931,Sound_P,72.66858725677886
1513661829935,PodiumIR,183
1513661834360,Temperature_1,25.66
1513661834363,Humidity_1,9.093074597130359
1513661834367,Brightness_1,54.0
1513661834369,Temperature_2,26.25
1513661834372,Humidity_2,5.023518537303121
1513661834376,Brightness_2,216.0
1513661839939,Sound_P,81.95600907073411
1513661839942,PodiumIR,222
1513661840755,Temperature_1,25.66
1513661840758,Humidity_1,9.093074597130359
1513661840762,Brightness_1,54.0
1513661840765,Temperature_2,26.25
1513661840767,Humidity_2,5.023518537303121
1513661840770,Brightness_2,216.0
1513661847261,Temperature_1,25.66
1513661847264,Humidity_1,9.093074597130359
1513661847268,Brightness_1,54.0
1513661847270,Temperature_2,26.25
1513661847274,Humidity_2,5.023518537303121
1513661847278,Brightness_2,216.0
1513661847903,Motion_3,False
1513661849947,Sound_P,73.82773649063114
1513661849950,PodiumIR,227
1513661853717,Temperature_1,25.66
1513661853721,Humidity_1,9.093074597130359
1513661853724,Brightness_1,54.0
1513661853727,Temperature_2,26.25
1513661853730,Humidity_2,5.023518537303121
1513661853734,Brightness_2,216.0
1513661859959,Sound_P,73.82773649063114
1513661859963,PodiumIR,203
1513661860137,Temperature_1,25.66
1513661860141,Humidity_1,9.093074597130359
1513661860144,Brightness_1,54.0
1513661860147,Temperature_2,26.25
1513661860150,Humidity_2,5.023518537303121
1513661860152,Brightness_2,216.0
1513661866710,Temperature_1,25.66
1513661866713,Humidity_1,9.093074597130359
1513661866717,Brightness_1,54.0
1513661866720,Temperature_2,26.25
1513661866723,Humidity_2,5.023518537303121
1513661866726,Brightness_2,216.0
1513661869965,Sound_P,83.06906499721183
1513661869969,PodiumIR,202
1513661871100,Motion_3,False
1513661871100,Motion_8,True
1513661871100,Motion_5,True
1513661871100,Motion_7,True
1513661872181,Motion_1,True
1513661873380,Temperature_1,25.66
1513661873384,Humidity_1,9.093074597130359
1513661873388,Brightness_1,54.0
1513661873390,Temperature_2,26.25
1513661873393,Humidity_2,5.023518537303121
1513661873395,Brightness_2,215.0
1513661877483,Motion_6,True
1513661877483,Motion_3,True
1513661879830,Temperature_1,25.78
1513661879833,Humidity_1,9.216394477731184
1513661879836,Brightness_1,53.0
1513661879839,Temperature_2,26.25
1513661879842,Humidity_2,5.023518537303121
1513661879845,Brightness_2,215.0
1513661879972,Sound_P,85.65895056898958
1513661879975,PodiumIR,209
1513661880110,Motion_4,True
1513661886282,Temperature_1,25.78
1513661886285,Humidity_1,9.216394477731184
1513661886289,Brightness_1,53.0
1513661886291,Temperature_2,26.25
1513661886294,Humidity_2,5.023518537303121
1513661886297,Brightness_2,215.0
1513661887229,Motion_8,False
1513661887229,Motion_5,False
1513661887229,Motion_7,False
1513661887229,Motion_1,False
1513661889978,Sound_P,79.74539468352583
1513661889981,PodiumIR,209
1513661890936,Motion_6,False
1513661890936,Motion_3,True
1513661892699,Temperature_1,25.78
1513661892702,Humidity_1,9.216394477731184
1513661892706,Brightness_1,53.0
1513661892709,Temperature_2,26.25
1513661892712,Humidity_2,5.023518537303121
1513661892716,Brightness_2,215.0
1513661893952,Motion_4,False
1513661893952,Motion_1,True
1513661893952,Motion_8,True
1513661899148,Temperature_1,25.78
1513661899152,Humidity_1,9.216394477731184
1513661899155,Brightness_1,53.0
1513661899158,Temperature_2,26.25
1513661899161,Humidity_2,5.023518537303121
1513661899163,Brightness_2,215.0
1513661899983,Sound_P,72.26372429269907
1513661899987,PodiumIR,205
1513661900141,Motion_5,True
1513661905836,Temperature_1,25.78
1513661905839,Humidity_1,9.216394477731184
1513661905843,Brightness_1,53.0
1513661905846,Temperature_2,26.25
1513661905848,Humidity_2,5.023518537303121
1513661905851,Brightness_2,215.0
1513661906854,Seat_4,False
1513661906854,Motion_3,False
1513661906854,Motion_1,True
1513661906854,Motion_8,True
1513661909989,Sound_P,79.74539468352583
1513661909993,PodiumIR,205
1513661911447,Motion_3,True
1513661912277,Temperature_1,25.78
1513661912280,Humidity_1,9.216394477731184
1513661912284,Brightness_1,53.0
1513661912287,Temperature_2,26.25
1513661912290,Humidity_2,5.023518537303121
1513661912292,Brightness_2,215.0
1513661918701,Temperature_1,25.78
1513661918705,Humidity_1,9.216394477731184
1513661918709,Brightness_1,53.0
1513661918712,Temperature_2,26.25
1513661918715,Humidity_2,5.023518537303121
1513661918719,Brightness_2,215.0
1513661919995,Sound_P,79.21198480314258
1513661919999,PodiumIR,240
1513661921787,Motion_5,False
1513661921787,Motion_8,False
1513661921787,Motion_1,False
1513661921792,Motion_5,True
1513661923498,Motion_8,True
1513661923498,Motion_1,True
1513661923498,Motion_3,False
1513661925393,Temperature_1,25.78
1513661925396,Humidity_1,9.216394477731184
1513661925400,Brightness_1,53.0
1513661925403,Temperature_2,26.25
1513661925406,Humidity_2,5.023518537303121
1513661925410,Brightness_2,215.0
1513661926204,Motion_4,True
1513661929396,Motion_3,True
1513661930001,Sound_P,79.48080653810413
1513661930005,PodiumIR,240
1513661932054,Temperature_1,25.78
1513661932057,Humidity_1,9.216394477731184
1513661932061,Brightness_1,53.0
1513661932063,Temperature_2,26.25
1513661932066,Humidity_2,5.023518537303121
1513661932070,Brightness_2,213.0
1513661938511,Temperature_1,25.78
1513661938514,Humidity_1,9.093074597130359
1513661938518,Brightness_1,54.0
1513661938520,Temperature_2,26.25
1513661938523,Humidity_2,5.023518537303121
1513661938530,Brightness_2,213.0
1513661940007,Sound_P,75.93060245540138
1513661940010,PodiumIR,246
1513661942298,Motion_5,False
1513661942298,Motion_8,False
1513661942298,Motion_1,False
1513661942298,Motion_4,False
1513661942298,Motion_3,True
1513661944948,Temperature_1,25.78
1513661944951,Humidity_1,9.093074597130359
1513661944954,Brightness_1,54.0
1513661944957,Temperature_2,26.25
1513661944960,Humidity_2,5.023518537303121
1513661944962,Brightness_2,213.0
1513661950013,Sound_P,86.38168565578067
1513661950025,PodiumIR,201
1513661951718,Temperature_1,25.78
1513661951721,Humidity_1,9.093074597130359
1513661951724,Brightness_1,54.0
1513661951727,Temperature_2,26.25
1513661951730,Humidity_2,5.023518537303121
1513661951732,Brightness_2,213.0
1513661951806,Motion_5,True
1513661951806,Motion_4,True
1513661953182,Motion_1,True
1513661953187,Motion_1,True
1513661954773,Motion_8,True
1513661954773,Motion_3,False
1513661958162,Temperature_1,25.78
1513661958165,Humidity_1,9.093074597130359
1513661958169,Brightness_1,54.0
1513661958171,Temperature_2,26.25
1513661958174,Humidity_2,5.023518537303121
1513661958178,Brightness_2,213.0
1513661958260,Motion_3,True
1513661960028,Sound_P,82.41011779552353
1513661960032,PodiumIR,98
1513661964619,Temperature_1,25.78
1513661964622,Humidity_1,9.093074597130359
1513661964626,Brightness_1,54.0
1513661964628,Temperature_2,26.25
1513661964631,Humidity_2,5.023518537303121
1513661964635,Brightness_2,213.0
1513661967765,Motion_5,False
1513661967765,Motion_4,False
1513661967765,Motion_1,False
1513661967770,Motion_8,False
1513661967770,Motion_5,True
1513661969371,Motion_1,True
1513661970034,Sound_P,83.06906499721183
1513661970038,PodiumIR,134
1513661970721,Motion_8,True
1513661970721,Motion_3,True
1513661971030,Temperature_1,25.78
1513661971033,Humidity_1,9.093074597130359
1513661971037,Brightness_1,54.0
1513661971040,Temperature_2,26.25
1513661971042,Humidity_2,5.023518537303121
1513661971045,Brightness_2,213.0
1513661974739,Motion_4,True
1513661977440,Temperature_1,25.78
1513661977443,Humidity_1,9.093074597130359
1513661977447,Brightness_1,54.0
1513661977450,Temperature_2,26.25
1513661977453,Humidity_2,5.023518537303121
1513661977456,Brightness_2,213.0
1513661980040,Sound_P,73.82773649063114
1513661980043,PodiumIR,168
1513661984069,Temperature_1,25.78
1513661984073,Humidity_1,9.093074597130359
1513661984076,Brightness_1,54.0
1513661984079,Temperature_2,26.25
1513661984082,Humidity_2,5.023518537303121
1513661984085,Brightness_2,213.0
1513661988276,Motion_5,False
1513661988276,Motion_1,False
1513661988276,Motion_8,False
1513661988276,Motion_3,False
1513661988276,Motion_4,False
1513661990046,Sound_P,73.45017003946069
1513661990049,PodiumIR,164
1513661990699,Temperature_1,25.78
1513661990702,Humidity_1,9.093074597130359
1513661990705,Brightness_1,54.0
1513661990708,Temperature_2,26.25
1513661990711,Humidity_2,5.023518537303121
1513661990714,Brightness_2,213.0
1513661997383,Temperature_1,25.78
1513661997387,Humidity_1,9.093074597130359
1513661997390,Brightness_1,54.0
1513661997393,Temperature_2,26.36
1513661997396,Humidity_2,5.023518537303121
1513661997399,Brightness_2,208.0
1513661998876,Motion_4,True
1513662000052,Sound_P,82.41011779552353
1513662000055,PodiumIR,99
1513662003844,Temperature_1,25.78
1513662003847,Humidity_1,9.093074597130359
1513662003851,Brightness_1,54.0
1513662003854,Temperature_2,26.36
1513662003856,Humidity_2,5.023518537303121
1513662003859,Brightness_2,208.0
1513662010058,Sound_P,76.25684571588656
1513662010062,PodiumIR,129
1513662010489,Temperature_1,25.78
1513662010492,Humidity_1,9.093074597130359
1513662010495,Brightness_1,54.0
1513662010498,Temperature_2,26.36
1513662010500,Humidity_2,5.023518537303121
1513662010503,Brightness_2,208.0
1513662016902,Temperature_1,25.78
1513662016905,Humidity_1,9.093074597130359
1513662016908,Brightness_1,54.0
1513662016911,Temperature_2,26.36
1513662016913,Humidity_2,5.023518537303121
1513662016916,Brightness_2,208.0
1513662020064,Sound_P,74.91204818426347
1513662020068,PodiumIR,124
1513662023391,Temperature_1,25.78
1513662023394,Humidity_1,9.093074597130359
1513662023397,Brightness_1,54.0
1513662023400,Temperature_2,26.36
1513662023402,Humidity_2,5.023518537303121
1513662023405,Brightness_2,208.0
1513662029843,Temperature_1,25.78
1513662029846,Humidity_1,9.093074597130359
1513662029849,Brightness_1,54.0
1513662029851,Temperature_2,26.36
1513662029852,Humidity_2,5.023518537303121
1513662029854,Brightness_2,208.0
1513662030070,Sound_P,81.48928461417114
1513662030073,PodiumIR,111
1513662036299,Temperature_1,25.78
1513662036305,Humidity_1,9.093074597130359
1513662036308,Brightness_1,54.0
1513662036310,Temperature_2,26.36
1513662036316,Humidity_2,5.023518537303121
1513662036318,Brightness_2,208.0
1513662037612,Motion_5,False
1513662037612,Motion_4,False
1513662037612,Motion_3,True
1513662040076,Sound_P,78.09150302019039
1513662040079,PodiumIR,95
1513662042711,Temperature_1,25.78
1513662042718,Humidity_1,9.093074597130359
1513662042721,Brightness_1,54.0
1513662042724,Temperature_2,26.36
1513662042729,Humidity_2,5.023518537303121
1513662042732,Brightness_2,208.0
1513662049402,Temperature_1,25.78
1513662049408,Humidity_1,9.093074597130359
1513662049410,Brightness_1,54.0
1513662049412,Temperature_2,26.36
1513662049415,Humidity_2,5.023518537303121
1513662049421,Brightness_2,208.0
1513662049964,Motion_4,True
1513662049964,Motion_3,False
1513662050082,Sound_P,75.25847282855663
1513662050085,PodiumIR,211
1513662055936,Temperature_1,25.78
1513662055942,Humidity_1,9.093074597130359
1513662055944,Brightness_1,54.0
1513662055947,Temperature_2,26.36
1513662055949,Humidity_2,5.023518537303121
1513662055951,Brightness_2,208.0
1513662060088,Sound_P,78.09150302019039
1513662060091,PodiumIR,199
1513662062611,Temperature_1,25.78
1513662062617,Humidity_1,9.093074597130359
1513662062620,Brightness_1,54.0
1513662062622,Temperature_2,26.36
1513662062625,Humidity_2,5.023518537303121
1513662062630,Brightness_2,209.0
1513662069079,Temperature_1,25.78
1513662069085,Humidity_1,9.216394477731184
1513662069088,Brightness_1,54.0
1513662069090,Temperature_2,26.36
1513662069092,Humidity_2,5.023518537303121
1513662069097,Brightness_2,209.0
1513662070094,Sound_P,85.65895056898958
1513662070097,PodiumIR,139
1513662074332,Motion_4,False
1513662074332,Motion_3,True
1513662075627,Temperature_1,25.78
1513662075633,Humidity_1,9.216394477731184
1513662075635,Brightness_1,54.0
1513662075638,Temperature_2,26.36
1513662075640,Humidity_2,5.023518537303121
1513662075642,Brightness_2,209.0
1513662080100,Sound_P,86.73171914983533
1513662080103,PodiumIR,180
1513662085049,Temperature_1,25.78
1513662085052,Humidity_1,9.216394477731184
1513662085055,Brightness_1,54.0
1513662085058,Temperature_2,26.36
1513662085060,Humidity_2,5.023518537303121
1513662085062,Brightness_2,209.0
1513662090106,Sound_P,80.51504069838761
1513662090115,PodiumIR,183
1513662091450,Temperature_1,25.78
1513662091453,Humidity_1,9.216394477731184
1513662091456,Brightness_1,54.0
1513662091459,Temperature_2,26.36
1513662091461,Humidity_2,5.023518537303121
1513662091465,Brightness_2,209.0
1513662093342,Motion_3,False
1513662093352,Motion_5,True
1513662096609,Motion_3,True
1513662098159,Temperature_1,25.78
1513662098162,Humidity_1,9.216394477731184
1513662098165,Brightness_1,54.0
1513662098167,Temperature_2,26.36
1513662098169,Humidity_2,5.023518537303121
1513662098172,Brightness_2,209.0
1513662100118,Sound_P,75.25847282855663
1513662100122,PodiumIR,166
1513662100741,Motion_4,True
1513662104700,Temperature_1,25.78
1513662104703,Humidity_1,9.216394477731184
1513662104706,Brightness_1,54.0
1513662104709,Temperature_2,26.36
1513662104712,Humidity_2,5.023518537303121
1513662104714,Brightness_2,209.0
1513662109320,Motion_5,False
1513662109320,Motion_3,False
1513662110124,Sound_P,88.84477062567838
1513662110191,PodiumIR,173
1513662111150,Temperature_1,25.78
1513662111152,Humidity_1,9.216394477731184
1513662111164,Brightness_1,54.0
1513662111166,Temperature_2,26.36
1513662111168,Humidity_2,5.023518537303121
1513662111171,Brightness_2,209.0
1513662116704,Motion_4,False
1513662117611,Temperature_1,25.78
1513662117614,Humidity_1,9.216394477731184
1513662117617,Brightness_1,54.0
1513662117620,Temperature_2,26.36
1513662117622,Humidity_2,5.023518537303121
1513662117624,Brightness_2,209.0
1513662118525,Motion_3,True
1513662120193,Sound_P,73.82773649063114
1513662120196,PodiumIR,177
1513662124057,Temperature_1,25.78
1513662124060,Humidity_1,9.216394477731184
1513662124063,Brightness_1,54.0
1513662124064,Temperature_2,26.36
1513662124066,Humidity_2,5.146838417903951
1513662124068,Brightness_2,215.0
1513662129820,Motion_5,False
1513662129820,Motion_4,False
1513662130201,Sound_P,88.99681691224852
1513662130204,PodiumIR,241
1513662130704,Temperature_1,25.78
1513662130708,Humidity_1,9.093074597130359
1513662130713,Brightness_1,54.0
1513662130716,Temperature_2,26.36
1513662130719,Humidity_2,5.146838417903951
1513662130722,Brightness_2,215.0
1513662131426,Motion_3,True
1513662133116,Motion_4,True
1513662137163,Temperature_1,25.78
1513662137166,Humidity_1,9.093074597130359
1513662137170,Brightness_1,54.0
1513662137172,Temperature_2,26.36
1513662137175,Humidity_2,5.146838417903951
1513662137177,Brightness_2,215.0
1513662140210,Sound_P,76.25684571588656
1513662140213,PodiumIR,129
1513662142737,Motion_5,True
1513662143615,Temperature_1,25.78
1513662143619,Humidity_1,9.093074597130359
1513662143622,Brightness_1,54.0
1513662143625,Temperature_2,26.36
1513662143628,Humidity_2,5.146838417903951
1513662143631,Brightness_2,215.0
1513662144347,Motion_3,True
1513662150063,Temperature_1,25.78
1513662150066,Humidity_1,9.093074597130359
1513662150070,Brightness_1,54.0
1513662150073,Temperature_2,26.36
1513662150075,Humidity_2,5.146838417903951
1513662150079,Brightness_2,215.0
1513662150218,Sound_P,82.63265085015064
1513662150221,PodiumIR,99
1513662156513,Temperature_1,25.78
1513662156517,Humidity_1,9.093074597130359
1513662156520,Brightness_1,54.0
1513662156523,Temperature_2,26.36
1513662156526,Humidity_2,5.146838417903951
1513662156529,Brightness_2,215.0
1513662158685,Motion_4,False
1513662158685,Motion_5,False
1513662158685,Motion_3,False
1513662160226,Sound_P,79.74539468352583
1513662160229,PodiumIR,148
1513662162967,Temperature_1,25.78
1513662162972,Humidity_1,9.093074597130359
1513662162975,Brightness_1,54.0
1513662162978,Temperature_2,26.36
1513662162980,Humidity_2,5.146838417903951
1513662162985,Brightness_2,215.0
1513662169418,Temperature_1,25.78
1513662169423,Humidity_1,9.093074597130359
1513662169426,Brightness_1,54.0
1513662169429,Temperature_2,26.36
1513662169435,Humidity_2,5.146838417903951
1513662169438,Brightness_2,215.0
1513662170235,Sound_P,77.79930435088828
1513662170246,PodiumIR,158
1513662175870,Temperature_1,25.78
1513662175872,Humidity_1,9.093074597130359
1513662175876,Brightness_1,54.0
1513662175879,Temperature_2,26.36
1513662175881,Humidity_2,5.146838417903951
1513662175883,Brightness_2,215.0
1513662180252,Sound_P,82.18459763092324
1513662180255,PodiumIR,214
1513662181612,Motion_5,False
1513662182628,Temperature_1,25.78
1513662182631,Humidity_1,9.093074597130359
1513662182634,Brightness_1,54.0
1513662182637,Temperature_2,26.36
1513662182642,Humidity_2,5.146838417903951
1513662182645,Brightness_2,208.0
1513662188816,Motion_4,True
1513662189049,Temperature_1,25.78
1513662189051,Humidity_1,9.093074597130359
1513662189054,Brightness_1,54.0
1513662189055,Temperature_2,26.36
1513662189059,Humidity_2,5.146838417903951
1513662189062,Brightness_2,208.0
1513662190258,Sound_P,73.45017003946069
1513662190263,PodiumIR,179
1513662194519,Motion_5,True
1513662195735,Temperature_1,26.01
1513662195738,Humidity_1,9.216394477731184
1513662195742,Brightness_1,52.0
1513662195744,Temperature_2,26.36
1513662195748,Humidity_2,5.146838417903951
1513662195752,Brightness_2,208.0
1513662200269,Sound_P,77.79930435088828
1513662200273,PodiumIR,251
1513662202195,Temperature_1,26.01
1513662202198,Humidity_1,9.216394477731184
1513662202202,Brightness_1,52.0
1513662202204,Temperature_2,26.36
1513662202208,Humidity_2,5.146838417903951
1513662202212,Brightness_2,208.0
1513662208637,Temperature_1,26.01
1513662208641,Humidity_1,9.216394477731184
1513662208644,Brightness_1,52.0
1513662208647,Temperature_2,26.36
1513662208652,Humidity_2,5.146838417903951
1513662208656,Brightness_2,208.0
1513662210279,Sound_P,75.25847282855663
1513662210282,PodiumIR,215
1513662215068,Temperature_1,26.01
1513662215070,Humidity_1,9.216394477731184
1513662215073,Brightness_1,52.0
1513662215075,Temperature_2,26.36
1513662215077,Humidity_2,5.146838417903951
1513662215080,Brightness_2,208.0
1513662218727,Motion_4,False
1513662218727,Motion_5,False
1513662218727,Motion_3,True
1513662220289,Sound_P,77.79930435088828
1513662220292,PodiumIR,206
1513662221540,Temperature_1,26.01
1513662221542,Humidity_1,9.216394477731184
1513662221543,Brightness_1,52.0
1513662221545,Temperature_2,26.36
1513662221548,Humidity_2,5.146838417903951
1513662221551,Brightness_2,208.0
1513662228198,Temperature_1,26.01
1513662228201,Humidity_1,9.216394477731184
1513662228204,Brightness_1,52.0
1513662228206,Temperature_2,26.36
1513662228208,Humidity_2,5.146838417903951
1513662228213,Brightness_2,208.0
1513662230298,Sound_P,76.25684571588656
1513662230302,PodiumIR,209
1513662232414,Motion_3,False
1513662232414,Motion_5,True
1513662234611,Motion_1,True
1513662234706,Temperature_1,26.01
1513662234715,Humidity_1,9.216394477731184
1513662234719,Brightness_1,52.0
1513662234732,Temperature_2,26.36
1513662234735,Humidity_2,5.146838417903951
1513662234737,Brightness_2,208.0
1513662240305,Sound_P,75.59789851419828
1513662240319,PodiumIR,209
1513662241409,Temperature_1,26.01
1513662241415,Humidity_1,9.216394477731184
1513662241418,Brightness_1,52.0
1513662241420,Temperature_2,26.36
1513662241425,Humidity_2,5.146838417903951
1513662241428,Brightness_2,208.0
1513662245331,Motion_5,True
1513662247856,Temperature_1,26.01
1513662247862,Humidity_1,9.216394477731184
1513662247864,Brightness_1,52.0
1513662247867,Temperature_2,26.36
1513662247872,Humidity_2,5.023518537303121
1513662247875,Brightness_2,208.0
1513662249243,Motion_1,False
1513662249243,Motion_3,True
1513662250322,Sound_P,88.53648674691401
1513662250326,PodiumIR,204
1513662254308,Temperature_1,26.01
1513662254314,Humidity_1,9.216394477731184
1513662254317,Brightness_1,52.0
1513662254319,Temperature_2,26.36
1513662254321,Humidity_2,5.023518537303121
1513662254323,Brightness_2,208.0
1513662258243,Motion_5,True
1513662260331,Sound_P,82.18459763092324
1513662260334,PodiumIR,207
1513662260728,Temperature_1,25.78
1513662260731,Humidity_1,9.093074597130359
1513662260733,Brightness_1,54.0
1513662260735,Temperature_2,26.36
1513662260737,Humidity_2,5.023518537303121
1513662260741,Brightness_2,208.0
1513662267415,Temperature_1,25.78
1513662267418,Humidity_1,9.093074597130359
1513662267422,Brightness_1,54.0
1513662267425,Temperature_2,26.36
1513662267429,Humidity_2,5.023518537303121
1513662267433,Brightness_2,208.0
1513662270339,Sound_P,84.3141530373665
1513662270341,PodiumIR,218
1513662271160,Motion_3,False
1513662271160,Motion_5,True
1513662273386,Motion_3,True
1513662273867,Temperature_1,25.78
1513662273870,Humidity_1,9.093074597130359
1513662273874,Brightness_1,54.0
1513662273877,Temperature_2,26.36
1513662273882,Humidity_2,5.023518537303121
1513662273885,Brightness_2,208.0
1513662280318,Temperature_1,25.78
1513662280322,Humidity_1,9.093074597130359
1513662280326,Brightness_1,54.0
1513662280329,Temperature_2,26.36
1513662280334,Humidity_2,5.023518537303121
1513662280338,Brightness_2,208.0
1513662280344,Sound_P,78.37870659506
1513662280347,PodiumIR,149
1513662286748,Temperature_1,25.78
1513662286751,Humidity_1,9.093074597130359
1513662286754,Brightness_1,54.0
1513662286758,Temperature_2,26.36
1513662286761,Humidity_2,5.023518537303121
1513662286765,Brightness_2,208.0
1513662289335,Motion_5,False
1513662289335,Motion_3,False
1513662290353,Sound_P,87.24346429478592
1513662290356,PodiumIR,213
1513662293223,Temperature_1,25.78
1513662293227,Humidity_1,9.093074597130359
1513662293230,Brightness_1,54.0
1513662293233,Temperature_2,26.36
1513662293238,Humidity_2,5.023518537303121
1513662293241,Brightness_2,208.0
1513662299671,Temperature_1,25.78
1513662299675,Humidity_1,9.093074597130359
1513662299679,Brightness_1,54.0
1513662299681,Temperature_2,26.36
1513662299687,Humidity_2,5.023518537303121
1513662299691,Brightness_2,208.0
1513662300359,Sound_P,79.48080653810413
1513662300363,PodiumIR,142
1513662302097,Motion_5,True
1513662302102,Motion_3,False
1513662305969,Motion_1,True
1513662306122,Temperature_1,25.78
1513662306126,Humidity_1,9.093074597130359
1513662306131,Brightness_1,54.0
1513662306134,Temperature_2,26.36
1513662306140,Humidity_2,5.023518537303121
1513662306143,Brightness_2,208.0
1513662308869,Motion_3,True
1513662310366,Sound_P,75.59789851419828
1513662310369,PodiumIR,97
1513662312583,Temperature_1,25.78
1513662312587,Humidity_1,9.093074597130359
1513662312591,Brightness_1,54.0
1513662312594,Temperature_2,26.36
1513662312598,Humidity_2,5.023518537303121
1513662312602,Brightness_2,206.0
1513662319030,Temperature_1,25.78
1513662319033,Humidity_1,9.093074597130359
1513662319038,Brightness_1,54.0
1513662319040,Temperature_2,26.36
1513662319047,Humidity_2,5.023518537303121
1513662319049,Brightness_2,206.0
1513662320378,Sound_P,82.63265085015064
1513662320381,PodiumIR,155
1513662322736,Motion_5,False
1513662322736,Motion_1,False
1513662322736,Motion_3,False
1513662322736,Motion_4,True
1513662325476,Temperature_1,25.78
1513662325479,Humidity_1,9.216394477731184
1513662325481,Brightness_1,54.0
1513662325483,Temperature_2,26.36
1513662325485,Humidity_2,5.023518537303121
1513662325488,Brightness_2,206.0
1513662330387,Sound_P,86.02420408446785
1513662330391,PodiumIR,114
1513662331928,Temperature_1,25.78
1513662331931,Humidity_1,9.216394477731184
1513662331935,Brightness_1,54.0
1513662331938,Temperature_2,26.36
1513662331943,Humidity_2,5.023518537303121
1513662331946,Brightness_2,206.0
1513662338405,Temperature_1,25.78
1513662338409,Humidity_1,9.216394477731184
1513662338413,Brightness_1,54.0
1513662338416,Temperature_2,26.36
1513662338419,Humidity_2,5.023518537303121
1513662338423,Brightness_2,206.0
1513662338695,Motion_4,False
1513662338695,Motion_5,True
1513662340393,Sound_P,90.72150935461197
1513662340397,PodiumIR,119
1513662340531,Motion_4,True
1513662344838,Temperature_1,25.78
1513662344841,Humidity_1,9.216394477731184
1513662344845,Brightness_1,54.0
1513662344848,Temperature_2,26.36
1513662344853,Humidity_2,5.023518537303121
1513662344857,Brightness_2,206.0
1513662345723,Motion_3,True
1513662350399,Sound_P,82.18459763092324
1513662350403,PodiumIR,202
1513662351289,Temperature_1,25.78
1513662351292,Humidity_1,9.216394477731184
1513662351296,Brightness_1,54.0
1513662351304,Temperature_2,26.36
1513662351306,Humidity_2,5.023518537303121
1513662351308,Brightness_2,206.0
1513662353432,Motion_5,False
1513662353432,Motion_4,True
1513662357733,Temperature_1,25.78
1513662357739,Humidity_1,9.216394477731184
1513662357742,Brightness_1,54.0
1513662357744,Temperature_2,26.36
1513662357749,Humidity_2,5.023518537303121
1513662357752,Brightness_2,206.0
1513662360405,Sound_P,82.63265085015064
1513662360409,PodiumIR,238
1513662364184,Temperature_1,25.78
1513662364190,Humidity_1,9.216394477731184
1513662364192,Brightness_1,54.0
1513662364194,Temperature_2,26.36
1513662364199,Humidity_2,5.023518537303121
1513662364202,Brightness_2,206.0
1513662370411,Sound_P,87.07460860211124
1513662370415,PodiumIR,238
1513662370636,Temperature_1,25.78
1513662370642,Humidity_1,9.216394477731184
1513662370644,Brightness_1,54.0
1513662370646,Temperature_2,26.36
1513662370652,Humidity_2,5.146838417903951
1513662370655,Brightness_2,212.0
1513662372523,Motion_3,False
1513662372523,Motion_4,False
1513662372523,Motion_5,True
1513662377064,Temperature_1,25.78
1513662377070,Humidity_1,9.216394477731184
1513662377072,Brightness_1,54.0
1513662377075,Temperature_2,26.36
1513662377077,Humidity_2,5.146838417903951
1513662377079,Brightness_2,212.0
1513662378756,Motion_4,True
1513662380417,Sound_P,88.69133576933183
1513662380420,PodiumIR,223
1513662380582,Motion_3,True
1513662383743,Temperature_1,25.78
1513662383746,Humidity_1,9.216394477731184
1513662383749,Brightness_1,54.0
1513662383751,Temperature_2,26.36
1513662383754,Humidity_2,5.146838417903951
1513662383756,Brightness_2,212.0
1513662390399,Temperature_1,25.78
1513662390402,Humidity_1,9.216394477731184
1513662390405,Brightness_1,53.0
1513662390408,Temperature_2,26.36
1513662390410,Humidity_2,5.146838417903951
1513662390412,Brightness_2,212.0
1513662390427,Sound_P,82.63265085015064
1513662390431,PodiumIR,81
1513662393099,Motion_5,False
1513662393099,Motion_4,False
1513662393099,Seat_9,True
1513662393099,Motion_3,False
1513662396808,Temperature_1,25.78
1513662396811,Humidity_1,9.216394477731184
1513662396814,Brightness_1,53.0
1513662396817,Temperature_2,26.36
1513662396827,Humidity_2,5.146838417903951
1513662396830,Brightness_2,212.0
1513662398201,Motion_1,True
1513662398201,Motion_5,True
1513662400434,Sound_P,76.57687443958919
1513662400438,PodiumIR,97
1513662401988,Motion_8,True
1513662403507,Temperature_1,25.78
1513662403510,Humidity_1,9.216394477731184
1513662403513,Brightness_1,53.0
1513662403515,Temperature_2,26.36
1513662403517,Humidity_2,5.146838417903951
1513662403520,Brightness_2,212.0
1513662409958,Temperature_1,25.78
1513662409961,Humidity_1,9.216394477731184
1513662409964,Brightness_1,53.0
1513662409966,Temperature_2,26.36
1513662409968,Humidity_2,5.146838417903951
1513662409971,Brightness_2,212.0
1513662410445,Sound_P,83.06906499721183
1513662410448,PodiumIR,171
1513662411628,Motion_1,False
1513662411628,Motion_5,True
1513662414075,Motion_6,True
1513662414075,Motion_8,False
1513662416614,Temperature_1,25.78
1513662416617,Humidity_1,9.216394477731184
1513662416620,Brightness_1,53.0
1513662416622,Temperature_2,26.36
1513662416625,Humidity_2,5.146838417903951
1513662416628,Brightness_2,212.0
1513662420455,Sound_P,79.74539468352583
1513662420460,PodiumIR,104
1513662423046,Temperature_1,25.78
1513662423049,Humidity_1,9.216394477731184
1513662423052,Brightness_1,53.0
1513662423054,Temperature_2,26.36
1513662423057,Humidity_2,5.146838417903951
1513662423059,Brightness_2,212.0
1513662425436,Motion_5,False
1513662425436,Motion_3,True
1513662427572,Motion_6,False
1513662427572,Motion_5,True
1513662429722,Temperature_1,25.78
1513662429725,Humidity_1,9.216394477731184
1513662429729,Brightness_1,53.0
1513662429731,Temperature_2,26.36
1513662429733,Humidity_2,5.146838417903951
1513662429737,Brightness_2,212.0
1513662430466,Sound_P,81.95600907073411
1513662430469,PodiumIR,125
1513662436136,Temperature_1,25.78
1513662436139,Humidity_1,9.216394477731184
1513662436142,Brightness_1,53.0
1513662436144,Temperature_2,26.36
1513662436147,Humidity_2,5.023518537303121
1513662436149,Brightness_2,205.0
1513662438338,Motion_3,True
1513662440472,Sound_P,73.45017003946069
1513662440475,PodiumIR,201
1513662442699,Temperature_1,25.78
1513662442701,Humidity_1,9.216394477731184
1513662442704,Brightness_1,53.0
1513662442706,Temperature_2,26.36
1513662442708,Humidity_2,5.023518537303121
1513662442710,Brightness_2,205.0
1513662449382,Temperature_1,25.78
1513662449385,Humidity_1,9.216394477731184
1513662449388,Brightness_1,53.0
1513662449391,Temperature_2,26.36
1513662449393,Humidity_2,5.023518537303121
1513662449396,Brightness_2,205.0
1513662450478,Sound_P,88.84477062567838
1513662450481,PodiumIR,205
1513662456046,Temperature_1,25.78
1513662456049,Humidity_1,9.216394477731184
1513662456052,Brightness_1,53.0
1513662456054,Temperature_2,26.36
1513662456056,Humidity_2,5.023518537303121
1513662456059,Brightness_2,205.0
1513662460483,Sound_P,86.90403860914428
1513662460487,PodiumIR,211
1513662462490,Temperature_1,25.78
1513662462492,Humidity_1,9.216394477731184
1513662462496,Brightness_1,53.0
1513662462498,Temperature_2,26.36
1513662462500,Humidity_2,5.023518537303121
1513662462503,Brightness_2,205.0
1513662467718,Motion_5,False
1513662467718,Motion_3,False
1513662468895,Temperature_1,25.78
1513662468898,Humidity_1,9.216394477731184
1513662468901,Brightness_1,53.0
1513662468903,Temperature_2,26.36
1513662468906,Humidity_2,5.023518537303121
1513662468908,Brightness_2,205.0
1513662470490,Sound_P,89.8812842785371
1513662470493,PodiumIR,207
1513662475107,Motion_3,True
1513662475597,Temperature_1,25.78
1513662475600,Humidity_1,9.216394477731184
1513662475604,Brightness_1,53.0
1513662475606,Temperature_2,26.36
1513662475608,Humidity_2,5.023518537303121
1513662475610,Brightness_2,205.0
1513662480495,Sound_P,82.63265085015064
1513662480499,PodiumIR,196
1513662482254,Temperature_1,25.78
1513662482257,Humidity_1,9.216394477731184
1513662482260,Brightness_1,53.0
1513662482262,Temperature_2,26.36
1513662482265,Humidity_2,5.023518537303121
1513662482267,Brightness_2,205.0
1513662488676,Temperature_1,25.78
1513662488679,Humidity_1,9.216394477731184
1513662488682,Brightness_1,53.0
1513662488685,Temperature_2,26.36
1513662488687,Humidity_2,5.023518537303121
1513662488690,Brightness_2,205.0
1513662490502,Sound_P,81.00922338373856
1513662490505,PodiumIR,195
1513662495361,Temperature_1,25.78
1513662495363,Humidity_1,9.216394477731184
1513662495367,Brightness_1,53.0
1513662495369,Temperature_2,26.36
1513662495371,Humidity_2,5.023518537303121
1513662495374,Brightness_2,205.0
1513662496057,Motion_5,False
1513662496057,Motion_3,False
1513662500508,Sound_P,78.9387917919758
1513662500518,PodiumIR,147
1513662502017,Temperature_1,25.78
1513662502020,Humidity_1,9.216394477731184
1513662502023,Brightness_1,53.0
1513662502025,Temperature_2,26.36
1513662502028,Humidity_2,4.900198656702297
1513662502030,Brightness_2,209.0
1513662504842,Motion_4,True
1513662508484,Temperature_1,25.78
1513662508487,Humidity_1,9.216394477731184
1513662508490,Brightness_1,53.0
1513662508492,Temperature_2,26.36
1513662508495,Humidity_2,4.900198656702297
1513662508497,Brightness_2,209.0
1513662510521,Sound_P,82.41011779552353
1513662510524,PodiumIR,177
1513662514902,Temperature_1,26.01
1513662514905,Humidity_1,9.093074597130359
1513662514908,Brightness_1,52.0
1513662514910,Temperature_2,26.36
1513662514913,Humidity_2,4.900198656702297
1513662514915,Brightness_2,209.0
1513662515367,Motion_3,False
1513662520527,Sound_P,86.38168565578067
1513662520530,PodiumIR,185
1513662521575,Temperature_1,26.01
1513662521578,Humidity_1,9.093074597130359
1513662521581,Brightness_1,52.0
1513662521584,Temperature_2,26.36
1513662521586,Humidity_2,4.900198656702297
1513662521589,Brightness_2,209.0
1513662528027,Temperature_1,26.01
1513662528030,Humidity_1,9.093074597130359
1513662528033,Brightness_1,52.0
1513662528035,Temperature_2,26.36
1513662528037,Humidity_2,4.900198656702297
1513662528040,Brightness_2,209.0
1513662528284,Motion_4,False
1513662528284,Motion_3,True
1513662528284,Motion_5,True
1513662529460,Motion_8,True
1513662530532,Sound_P,86.90403860914428
1513662530536,PodiumIR,203
1513662530580,Motion_1,True
1513662534699,Temperature_1,26.01
1513662534702,Humidity_1,9.093074597130359
1513662534705,Brightness_1,52.0
1513662534708,Temperature_2,26.36
1513662534710,Humidity_2,4.900198656702297
1513662534713,Brightness_2,209.0
1513662540539,Sound_P,81.95600907073411
1513662540542,PodiumIR,177
1513662541442,Temperature_1,26.01
1513662541445,Humidity_1,9.093074597130359
1513662541448,Brightness_1,52.0
1513662541450,Temperature_2,26.36
1513662541452,Humidity_2,4.900198656702297
1513662541455,Brightness_2,209.0
1513662542892,Motion_3,False
1513662542892,Motion_5,False
1513662542892,Motion_8,False
1513662542892,Motion_4,True
1513662542892,Motion_1,False
1513662547893,Temperature_1,26.01
1513662547896,Humidity_1,9.093074597130359
1513662547899,Brightness_1,52.0
1513662547901,Temperature_2,26.36
1513662547903,Humidity_2,4.900198656702297
1513662547906,Brightness_2,209.0
1513662547915,Motion_5,True
1513662550544,Sound_P,86.5576139648511
1513662550548,PodiumIR,170
1513662554549,Temperature_1,26.01
1513662554552,Humidity_1,9.093074597130359
1513662554555,Brightness_1,52.0
1513662554557,Temperature_2,26.36
1513662554559,Humidity_2,4.900198656702297
1513662554562,Brightness_2,209.0
1513662560551,Sound_P,77.79930435088828
1513662560554,PodiumIR,180
1513662560967,Temperature_1,26.01
1513662560970,Humidity_1,9.093074597130359
1513662560973,Brightness_1,52.0
1513662560975,Temperature_2,26.6
1513662560977,Humidity_2,5.146838417903951
1513662560979,Brightness_2,205.0
1513662567656,Temperature_1,26.01
1513662567659,Humidity_1,9.093074597130359
1513662567662,Brightness_1,52.0
1513662567665,Temperature_2,26.6
1513662567667,Humidity_2,5.146838417903951
1513662567670,Brightness_2,205.0
1513662570557,Sound_P,83.06906499721183
1513662570560,PodiumIR,127
1513662571367,Motion_4,False
1513662571367,Motion_5,False
1513662571367,Motion_6,True
1513662574312,Temperature_1,26.01
1513662574315,Humidity_1,9.093074597130359
1513662574318,Brightness_1,52.0
1513662574321,Temperature_2,26.6
1513662574323,Humidity_2,5.146838417903951
1513662574325,Brightness_2,205.0
1513662580563,Sound_P,77.79930435088828
1513662580566,PodiumIR,149
1513662580727,Temperature_1,25.78
1513662580730,Humidity_1,9.216394477731184
1513662580733,Brightness_1,53.0
1513662580736,Temperature_2,26.6
1513662580738,Humidity_2,5.146838417903951
1513662580740,Brightness_2,205.0
1513662587318,Temperature_1,25.78
1513662587321,Humidity_1,9.216394477731184
1513662587324,Brightness_1,53.0
1513662587326,Temperature_2,26.6
1513662587329,Humidity_2,5.146838417903951
1513662587331,Brightness_2,205.0
1513662590569,Sound_P,83.70314024765165
1513662590572,PodiumIR,192
1513662593339,Motion_5,False
1513662593339,Motion_6,False
1513662593339,Motion_3,True
1513662593773,Temperature_1,25.78
1513662593776,Humidity_1,9.216394477731184
1513662593779,Brightness_1,53.0
1513662593781,Temperature_2,26.6
1513662593783,Humidity_2,5.146838417903951
1513662593786,Brightness_2,205.0
1513662600220,Temperature_1,25.78
1513662600223,Humidity_1,9.216394477731184
1513662600226,Brightness_1,53.0
1513662600229,Temperature_2,26.6
1513662600231,Humidity_2,5.146838417903951
1513662600234,Brightness_2,205.0
1513662600575,Sound_P,83.70314024765165
1513662600578,PodiumIR,202
1513662606611,Motion_3,False
1513662606616,Motion_4,True
1513662606634,Temperature_1,25.78
1513662606637,Humidity_1,9.216394477731184
1513662606640,Brightness_1,53.0
1513662606643,Temperature_2,26.6
1513662606645,Humidity_2,5.146838417903951
1513662606647,Brightness_2,205.0
1513662610581,Sound_P,78.6610829898935
1513662610590,PodiumIR,133
1513662613094,Temperature_1,25.78
1513662613097,Humidity_1,9.216394477731184
1513662613100,Brightness_1,53.0
1513662613102,Temperature_2,26.6
1513662613104,Humidity_2,5.146838417903951
1513662613107,Brightness_2,205.0
1513662615030,Motion_5,True
1513662615030,Motion_8,True
1513662616166,Motion_1,True
1513662619881,Temperature_1,25.78
1513662619884,Humidity_1,9.216394477731184
1513662619887,Brightness_1,53.0
1513662619890,Temperature_2,26.6
1513662619892,Humidity_2,5.146838417903951
1513662619894,Brightness_2,205.0
1513662620593,Sound_P,78.37870659506
1513662620596,PodiumIR,191
1513662626743,Temperature_1,25.78
1513662626746,Humidity_1,9.216394477731184
1513662626749,Brightness_1,53.0
1513662626751,Temperature_2,26.6
1513662626753,Humidity_2,5.146838417903951
1513662626756,Brightness_2,202.0
1513662630599,Sound_P,84.3141530373665
1513662630602,PodiumIR,170
1513662633399,Temperature_1,25.78
1513662633402,Humidity_1,9.216394477731184
1513662633405,Brightness_1,53.0
1513662633407,Temperature_2,26.6
1513662633409,Humidity_2,5.146838417903951
1513662633411,Brightness_2,202.0
1513662636092,Motion_4,False
1513662636092,Motion_5,False
1513662636092,Motion_8,False
1513662636092,Motion_1,False
1513662636092,Motion_3,True
1513662639158,Motion_4,True
1513662639849,Temperature_1,25.78
1513662639852,Humidity_1,9.216394477731184
1513662639855,Brightness_1,53.0
1513662639858,Temperature_2,26.6
1513662639860,Humidity_2,5.146838417903951
1513662639862,Brightness_2,202.0
1513662640605,Sound_P,78.6610829898935
1513662640609,PodiumIR,116
1513662646254,Temperature_1,25.78
1513662646257,Humidity_1,9.093074597130359
1513662646261,Brightness_1,50.0
1513662646263,Temperature_2,26.6
1513662646265,Humidity_2,5.146838417903951
1513662646268,Brightness_2,202.0
1513662650611,Sound_P,88.99681691224852
1513662650614,PodiumIR,141
1513662660617,Sound_P,92.65478916432619
1513662660620,PodiumIR,85
1513662667810,Temperature_1,25.78
1513662667813,Humidity_1,9.093074597130359
1513662667816,Brightness_1,50.0
1513662667819,Temperature_2,26.6
1513662667821,Humidity_2,5.146838417903951
1513662667823,Brightness_2,202.0
1513662670623,Sound_P,78.37870659506
1513662670626,PodiumIR,132
1513662674461,Temperature_1,25.78
1513662674464,Humidity_1,9.093074597130359
1513662674467,Brightness_1,50.0
1513662674470,Temperature_2,26.6
1513662674472,Humidity_2,5.146838417903951
1513662674474,Brightness_2,202.0
1513662680629,Sound_P,79.74539468352583
1513662680632,PodiumIR,94
1513662680908,Temperature_1,25.78
1513662680911,Humidity_1,9.093074597130359
1513662680914,Brightness_1,50.0
1513662680917,Temperature_2,26.6
1513662680919,Humidity_2,5.146838417903951
1513662680922,Brightness_2,202.0
1513662685031,Motion_3,False
1513662685031,Motion_4,False
1513662685031,Motion_5,True
1513662687374,Temperature_1,25.78
1513662687377,Humidity_1,9.093074597130359
1513662687380,Brightness_1,50.0
1513662687383,Temperature_2,26.6
1513662687385,Humidity_2,5.023518537303121
1513662687387,Brightness_2,205.0
1513662690635,Sound_P,84.5129837602938
1513662690639,PodiumIR,208
1513662693815,Temperature_1,25.78
1513662693818,Humidity_1,9.093074597130359
1513662693822,Brightness_1,50.0
1513662693824,Temperature_2,26.6
1513662693826,Humidity_2,5.023518537303121
1513662693828,Brightness_2,205.0
1513662700266,Temperature_1,25.78
1513662700269,Humidity_1,9.093074597130359
1513662700272,Brightness_1,50.0
1513662700275,Temperature_2,26.6
1513662700277,Humidity_2,5.023518537303121
1513662700279,Brightness_2,205.0
1513662700641,Sound_P,80.00588052151659
1513662700644,PodiumIR,188
1513662705562,Motion_5,False
1513662705562,Motion_4,True
1513662706748,Temperature_1,25.78
1513662706759,Humidity_1,9.093074597130359
1513662706763,Brightness_1,50.0
1513662706765,Temperature_2,26.6
1513662706767,Humidity_2,5.023518537303121
1513662706769,Brightness_2,205.0
1513662710647,Sound_P,78.37870659506
1513662710650,PodiumIR,182
1513662712076,Motion_3,True
1513662713582,Temperature_1,25.78
1513662713585,Humidity_1,9.093074597130359
1513662713588,Brightness_1,50.0
1513662713590,Temperature_2,26.6
1513662713593,Humidity_2,5.023518537303121
1513662713595,Brightness_2,205.0
1513662720030,Temperature_1,25.78
1513662720033,Humidity_1,9.093074597130359
1513662720036,Brightness_1,50.0
1513662720039,Temperature_2,26.6
1513662720041,Humidity_2,5.023518537303121
1513662720043,Brightness_2,205.0
1513662720653,Sound_P,78.37870659506
1513662720657,PodiumIR,198
1513662724142,Motion_4,False
1513662724142,Motion_5,True
1513662724142,Motion_3,False
1513662724142,Seat_11,False
1513662726482,Temperature_1,25.78
1513662726485,Humidity_1,9.093074597130359
1513662726488,Brightness_1,50.0
1513662726490,Temperature_2,26.6
1513662726492,Humidity_2,5.023518537303121
1513662726495,Brightness_2,205.0
1513662730662,Sound_P,84.70948892435517
1513662730670,PodiumIR,123
1513662732888,Temperature_1,25.78
1513662732890,Humidity_1,9.093074597130359
1513662732893,Brightness_1,50.0
1513662732896,Temperature_2,26.6
1513662732898,Humidity_2,5.023518537303121
1513662732900,Brightness_2,205.0
1513662737039,Motion_5,True
1513662739589,Temperature_1,25.78
1513662739591,Humidity_1,9.093074597130359
1513662739595,Brightness_1,50.0
1513662739597,Temperature_2,26.6
1513662739599,Humidity_2,5.023518537303121
1513662739602,Brightness_2,205.0
1513662740672,Sound_P,81.48928461417114
1513662740676,PodiumIR,109
1513662743973,Motion_2,True
1513662746048,Temperature_1,25.78
1513662746051,Humidity_1,9.093074597130359
1513662746054,Brightness_1,50.0
1513662746056,Temperature_2,26.6
1513662746058,Humidity_2,5.023518537303121
1513662746061,Brightness_2,205.0
1513662749235,Motion_3,True
1513662749235,Motion_5,False
1513662750679,Sound_P,81.00922338373856
1513662750682,PodiumIR,197
1513662752492,Temperature_1,25.78
1513662752495,Humidity_1,9.093074597130359
1513662752498,Brightness_1,50.0
1513662752500,Temperature_2,26.6
1513662752502,Humidity_2,5.023518537303121
1513662752505,Brightness_2,202.0
1513662752992,Motion_5,True
1513662758908,Temperature_1,25.78
1513662758911,Humidity_1,9.093074597130359
1513662758915,Brightness_1,50.0
1513662758917,Temperature_2,26.6
1513662758919,Humidity_2,5.023518537303121
1513662758921,Brightness_2,202.0
1513662760684,Sound_P,81.95600907073411
1513662760688,PodiumIR,195
1513662765598,Temperature_1,25.78
1513662765601,Humidity_1,9.093074597130359
1513662765604,Brightness_1,50.0
1513662765607,Temperature_2,26.6
1513662765609,Humidity_2,5.023518537303121
1513662765612,Brightness_2,202.0
1513662770691,Sound_P,85.28557964786967
1513662770694,PodiumIR,198
1513662772071,Temperature_1,25.78
1513662772074,Humidity_1,9.216394477731184
1513662772077,Brightness_1,52.0
1513662772079,Temperature_2,26.6
1513662772081,Humidity_2,5.023518537303121
1513662772084,Brightness_2,202.0
1513662778046,Motion_2,False
1513662778046,Motion_3,False
1513662778046,Motion_5,False
1513662778700,Temperature_1,25.78
1513662778703,Humidity_1,9.216394477731184
1513662778706,Brightness_1,52.0
1513662778709,Temperature_2,26.6
1513662778711,Humidity_2,5.023518537303121
1513662778714,Brightness_2,202.0
1513662780698,Sound_P,69.60540278108363
1513662780701,PodiumIR,201
1513662785375,Temperature_1,25.78
1513662785378,Humidity_1,9.216394477731184
1513662785381,Brightness_1,52.0
1513662785384,Temperature_2,26.6
1513662785386,Humidity_2,5.023518537303121
1513662785389,Brightness_2,202.0
1513662787931,Motion_3,True
1513662790703,Sound_P,69.11838317407611
1513662790707,PodiumIR,192
1513662791814,Temperature_1,25.78
1513662791818,Humidity_1,9.216394477731184
1513662791821,Brightness_1,52.0
1513662791823,Temperature_2,26.6
1513662791825,Humidity_2,5.023518537303121
1513662791828,Brightness_2,202.0
1513662798285,Temperature_1,25.78
1513662798288,Humidity_1,9.216394477731184
1513662798291,Brightness_1,52.0
1513662798294,Temperature_2,26.6
1513662798296,Humidity_2,5.023518537303121
1513662798299,Brightness_2,202.0
1513662800710,Sound_P,76.25684571588656
1513662800713,PodiumIR,193
1513662804702,Temperature_1,25.78
1513662804705,Humidity_1,9.216394477731184
1513662804708,Brightness_1,52.0
1513662804711,Temperature_2,26.6
1513662804714,Humidity_2,5.023518537303121
1513662804718,Brightness_2,202.0
1513662810716,Sound_P,70.0787016850011
1513662810719,PodiumIR,195
1513662811372,Temperature_1,25.78
1513662811375,Humidity_1,9.216394477731184
1513662811378,Brightness_1,52.0
1513662811381,Temperature_2,26.6
1513662811383,Humidity_2,5.023518537303121
1513662811386,Brightness_2,206.0
1513662816421,Motion_5,False
1513662816421,Motion_3,False
1513662816421,Motion_4,True
1513662818131,Temperature_1,25.78
1513662818133,Humidity_1,9.216394477731184
1513662818137,Brightness_1,52.0
1513662818139,Temperature_2,26.6
1513662818141,Humidity_2,5.023518537303121
1513662818144,Brightness_2,206.0
1513662820722,Sound_P,71.84886370856825
1513662820725,PodiumIR,181
1513662824699,Temperature_1,25.78
1513662824702,Humidity_1,9.216394477731184
1513662824705,Brightness_1,52.0
1513662824708,Temperature_2,26.6
1513662824710,Humidity_2,5.023518537303121
1513662824713,Brightness_2,206.0
1513662830728,Sound_P,78.37870659506
1513662830731,PodiumIR,176
1513662831253,Temperature_1,25.78
1513662831256,Humidity_1,9.216394477731184
1513662831259,Brightness_1,52.0
1513662831262,Temperature_2,26.6
1513662831264,Humidity_2,5.023518537303121
1513662831266,Brightness_2,206.0
1513662831644,Motion_4,False
1513662831644,Motion_3,True
1513662837798,Temperature_1,25.78
1513662837800,Humidity_1,8.969754716529529
1513662837804,Brightness_1,52.0
1513662837806,Temperature_2,26.6
1513662837808,Humidity_2,5.023518537303121
1513662837810,Brightness_2,206.0
1513662840735,Sound_P,70.0787016850011
1513662840739,PodiumIR,182
1513662844653,Temperature_1,25.78
1513662844655,Humidity_1,8.969754716529529
1513662844659,Brightness_1,52.0
1513662844661,Temperature_2,26.6
1513662844663,Humidity_2,5.023518537303121
1513662844665,Brightness_2,206.0
1513662850744,Sound_P,67.01551720930587
1513662850747,PodiumIR,184
1513662851071,Temperature_1,25.78
1513662851073,Humidity_1,8.969754716529529
1513662851076,Brightness_1,52.0
1513662851078,Temperature_2,26.6
1513662851080,Humidity_2,5.023518537303121
1513662851082,Brightness_2,206.0
1513662853940,Motion_3,False
1513662860624,Temperature_1,25.78
1513662860627,Humidity_1,8.969754716529529
1513662860631,Brightness_1,52.0
1513662860633,Temperature_2,26.6
1513662860635,Humidity_2,5.023518537303121
1513662860637,Brightness_2,206.0
1513662860752,Sound_P,73.45017003946069
1513662860755,PodiumIR,202
1513662867035,Temperature_1,25.78
1513662867038,Humidity_1,8.969754716529529
1513662867041,Brightness_1,52.0
1513662867044,Temperature_2,26.6
1513662867046,Humidity_2,5.023518537303121
1513662867048,Brightness_2,206.0
1513662870758,Sound_P,82.41011779552353
1513662870761,PodiumIR,144
1513662873735,Temperature_1,25.78
1513662873738,Humidity_1,8.969754716529529
1513662873741,Brightness_1,52.0
1513662873743,Temperature_2,26.6
1513662873745,Humidity_2,5.146838417903951
1513662873749,Brightness_2,208.0
1513662880186,Temperature_1,25.78
1513662880189,Humidity_1,8.969754716529529
1513662880192,Brightness_1,52.0
1513662880194,Temperature_2,26.6
1513662880197,Humidity_2,5.146838417903951
1513662880199,Brightness_2,208.0
1513662880763,Sound_P,70.0787016850011
1513662880767,PodiumIR,155
1513662886700,Temperature_1,25.78
1513662886702,Humidity_1,8.969754716529529
1513662886705,Brightness_1,52.0
1513662886708,Temperature_2,26.6
1513662886710,Humidity_2,5.146838417903951
1513662886713,Brightness_2,208.0
1513662890770,Sound_P,66.44593723960276
1513662890773,PodiumIR,151
1513662893396,Temperature_1,25.78
1513662893399,Humidity_1,8.969754716529529
1513662893402,Brightness_1,52.0
1513662893404,Temperature_2,26.6
1513662893407,Humidity_2,5.146838417903951
1513662893410,Brightness_2,208.0
1513662894766,Motion_3,False
1513662894766,Seat_2,False
1513662899847,Temperature_1,25.89
1513662899850,Humidity_1,9.093074597130359
1513662899853,Brightness_1,50.0
1513662899856,Temperature_2,26.6
1513662899858,Humidity_2,5.146838417903951
1513662899861,Brightness_2,208.0
1513662900774,Sound_P,78.37870659506
1513662900778,PodiumIR,150
1513662906264,Temperature_1,25.89
1513662906267,Humidity_1,9.093074597130359
1513662906270,Brightness_1,50.0
1513662906272,Temperature_2,26.6
1513662906275,Humidity_2,5.146838417903951
1513662906278,Brightness_2,208.0
1513662908839,Motion_3,False
1513662908839,Motion_4,True
1513662910784,Sound_P,85.28557964786967
1513662910787,PodiumIR,191
1513662912705,Temperature_1,25.89
1513662912707,Humidity_1,9.093074597130359
1513662912712,Brightness_1,50.0
1513662912714,Temperature_2,26.6
1513662912716,Humidity_2,5.146838417903951
1513662912718,Brightness_2,208.0
1513662919413,Temperature_1,25.89
1513662919416,Humidity_1,9.093074597130359
1513662919419,Brightness_1,50.0
1513662919421,Temperature_2,26.6
1513662919423,Humidity_2,5.146838417903951
1513662919425,Brightness_2,208.0
1513662920792,Sound_P,80.26238932078596
1513662920796,PodiumIR,207
1513662925858,Temperature_1,25.89
1513662925861,Humidity_1,9.093074597130359
1513662925864,Brightness_1,50.0
1513662925866,Temperature_2,26.6
1513662925868,Humidity_2,5.146838417903951
1513662925870,Brightness_2,208.0
1513662930802,Sound_P,69.11838317407611
1513662930805,PodiumIR,226
1513662932618,Temperature_1,25.89
1513662932620,Humidity_1,9.093074597130359
1513662932624,Brightness_1,50.0
1513662932626,Temperature_2,26.6
1513662932629,Humidity_2,5.146838417903951
1513662932631,Brightness_2,208.0
1513662936749,Motion_4,False
1513662936749,Motion_5,True
1513662939046,Temperature_1,25.89
1513662939049,Humidity_1,9.093074597130359
1513662939052,Brightness_1,50.0
1513662939055,Temperature_2,26.6
1513662939057,Humidity_2,5.146838417903951
1513662939059,Brightness_2,206.0
1513662939275,Motion_4,True
1513662940809,Sound_P,78.6610829898935
1513662940812,PodiumIR,229
1513662944693,Motion_3,True
1513662945519,Temperature_1,25.89
1513662945522,Humidity_1,9.093074597130359
1513662945525,Brightness_1,50.0
1513662945528,Temperature_2,26.6
1513662945530,Humidity_2,5.146838417903951
1513662945532,Brightness_2,206.0
1513662950817,Sound_P,67.56641902255494
1513662950825,PodiumIR,224
1513662952277,Temperature_1,25.89
1513662952280,Humidity_1,9.093074597130359
1513662952283,Brightness_1,50.0
1513662952285,Temperature_2,26.6
1513662952288,Humidity_2,5.146838417903951
1513662952290,Brightness_2,206.0
1513662958711,Temperature_1,25.89
1513662958714,Humidity_1,9.093074597130359
1513662958718,Brightness_1,50.0
1513662958720,Temperature_2,26.6
1513662958722,Humidity_2,5.146838417903951
1513662958725,Brightness_2,206.0
1513662960829,Sound_P,74.55832985633069
1513662960833,PodiumIR,227
1513662963623,Motion_5,False
1513662963623,Motion_4,False
1513662963623,Motion_3,False
1513662965384,Temperature_1,25.89
1513662965387,Humidity_1,8.969754716529529
1513662965390,Brightness_1,52.0
1513662965393,Temperature_2,26.6
1513662965395,Humidity_2,5.146838417903951
1513662965398,Brightness_2,206.0
1513662970846,Sound_P,68.0998289029382
1513662970849,PodiumIR,209
1513662971836,Temperature_1,25.89
1513662971839,Humidity_1,8.969754716529529
1513662971842,Brightness_1,52.0
1513662971845,Temperature_2,26.6
1513662971847,Humidity_2,5.146838417903951
1513662971850,Brightness_2,206.0
1513662978287,Temperature_1,25.89
1513662978290,Humidity_1,8.969754716529529
1513662978293,Brightness_1,52.0
1513662978295,Temperature_2,26.6
1513662978297,Humidity_2,5.146838417903951
1513662978300,Brightness_2,206.0
1513662980854,Sound_P,67.56641902255494
1513662980857,PodiumIR,99
1513662984714,Temperature_1,25.89
1513662984717,Humidity_1,8.969754716529529
1513662984720,Brightness_1,52.0
1513662984723,Temperature_2,26.6
1513662984725,Humidity_2,5.146838417903951
1513662984728,Brightness_2,206.0
1513662985120,Motion_3,False
1513662985120,Motion_4,False
1513662988977,Seat_9,True
1513662990862,Sound_P,81.48928461417114
1513662990865,PodiumIR,132
1513662991394,Temperature_1,25.89
1513662991397,Humidity_1,8.969754716529529
1513662991400,Brightness_1,52.0
1513662991403,Temperature_2,26.6
1513662991405,Humidity_2,5.146838417903951
1513662991407,Brightness_2,206.0
1513662997799,Temperature_1,25.89
1513662997802,Humidity_1,8.969754716529529
1513662997805,Brightness_1,52.0
1513662997808,Temperature_2,26.6
1513662997810,Humidity_2,5.146838417903951
1513662997812,Brightness_2,206.0
1513663000874,Sound_P,68.0998289029382
1513663000877,PodiumIR,111
1513663004502,Temperature_1,25.89
1513663004505,Humidity_1,8.969754716529529
1513663004508,Brightness_1,52.0
1513663004510,Temperature_2,26.6
1513663004513,Humidity_2,5.023518537303121
1513663004515,Brightness_2,204.0
1513663005866,Motion_4,False
1513663005866,Motion_3,True
1513663010880,Sound_P,70.0787016850011
1513663010883,PodiumIR,126
1513663010913,Temperature_1,25.89
1513663010916,Humidity_1,8.969754716529529
1513663010920,Brightness_1,52.0
1513663010922,Temperature_2,26.6
1513663010924,Humidity_2,5.023518537303121
1513663010927,Brightness_2,204.0
1513663015746,Motion_5,True
1513663017609,Temperature_1,25.89
1513663017612,Humidity_1,8.969754716529529
1513663017615,Brightness_1,52.0
1513663017618,Temperature_2,26.6
1513663017620,Humidity_2,5.023518537303121
1513663017622,Brightness_2,204.0
1513663020886,Sound_P,80.26238932078596
1513663020889,PodiumIR,141
1513663024266,Temperature_1,25.89
1513663024268,Humidity_1,8.969754716529529
1513663024272,Brightness_1,52.0
1513663024274,Temperature_2,26.6
1513663024276,Humidity_2,5.023518537303121
1513663024279,Brightness_2,204.0
1513663027431,Motion_3,False
1513663030699,Temperature_1,25.89
1513663030702,Humidity_1,9.093074597130359
1513663030705,Brightness_1,50.0
1513663030708,Temperature_2,26.6
1513663030710,Humidity_2,5.023518537303121
1513663030713,Brightness_2,204.0
1513663030892,Sound_P,69.60540278108363
1513663030895,PodiumIR,166
1513663037168,Temperature_1,25.89
1513663037171,Humidity_1,9.093074597130359
1513663037174,Brightness_1,50.0
1513663037177,Temperature_2,26.6
1513663037179,Humidity_2,5.023518537303121
1513663037182,Brightness_2,204.0
1513663040898,Sound_P,82.63265085015064
1513663040910,PodiumIR,172
1513663043584,Temperature_1,25.89
1513663043587,Humidity_1,9.093074597130359
1513663043590,Brightness_1,50.0
1513663043592,Temperature_2,26.6
1513663043594,Humidity_2,5.023518537303121
1513663043597,Brightness_2,204.0
1513663043725,Motion_5,False
1513663043725,Motion_3,False
1513663043725,Motion_4,True
1513663049763,Motion_3,True
1513663050276,Temperature_1,25.89
1513663050279,Humidity_1,9.093074597130359
1513663050282,Brightness_1,50.0
1513663050284,Temperature_2,26.6
1513663050286,Humidity_2,5.023518537303121
1513663050289,Brightness_2,204.0
1513663050920,Sound_P,76.57687443958919
1513663050924,PodiumIR,177
1513663054070,Motion_5,True
1513663056701,Temperature_1,25.89
1513663056704,Humidity_1,9.093074597130359
1513663056708,Brightness_1,50.0
1513663056710,Temperature_2,26.6
1513663056712,Humidity_2,5.023518537303121
1513663056715,Brightness_2,204.0
1513663060926,Sound_P,70.0787016850011
1513663061055,PodiumIR,194
1513663063390,Temperature_1,25.89
1513663063393,Humidity_1,9.093074597130359
1513663063397,Brightness_1,50.0
1513663063399,Temperature_2,26.6
1513663063401,Humidity_2,5.146838417903951
1513663063404,Brightness_2,201.0
1513663064516,Motion_4,False
1513663064516,Motion_3,False
1513663069834,Temperature_1,25.89
1513663069837,Humidity_1,9.093074597130359
1513663069841,Brightness_1,50.0
1513663069843,Temperature_2,26.6
1513663069845,Humidity_2,5.146838417903951
1513663069848,Brightness_2,201.0
1513663071049,Motion_5,False
1513663071065,Sound_P,68.61682354019833
1513663071069,PodiumIR,121
1513663076286,Temperature_1,25.89
1513663076289,Humidity_1,9.093074597130359
1513663076292,Brightness_1,50.0
1513663076294,Temperature_2,26.6
1513663076296,Humidity_2,5.146838417903951
1513663076299,Brightness_2,201.0
1513663081072,Sound_P,72.66858725677886
1513663081075,PodiumIR,167
1513663082693,Temperature_1,25.89
1513663082696,Humidity_1,9.093074597130359
1513663082700,Brightness_1,50.0
1513663082702,Temperature_2,26.6
1513663082704,Humidity_2,5.146838417903951
1513663082707,Brightness_2,201.0
1513663085852,Motion_4,False
1513663085852,Motion_5,False
1513663085852,Motion_3,True
1513663089393,Temperature_1,25.89
1513663089395,Humidity_1,9.093074597130359
1513663089399,Brightness_1,50.0
1513663089401,Temperature_2,26.6
1513663089403,Humidity_2,5.146838417903951
1513663089405,Brightness_2,201.0
1513663090395,Motion_4,True
1513663091078,Sound_P,83.28309336929843
1513663091081,PodiumIR,110
1513663096054,Temperature_1,25.89
1513663096057,Humidity_1,9.093074597130359
1513663096060,Brightness_1,52.0
1513663096062,Temperature_2,26.6
1513663096065,Humidity_2,5.146838417903951
1513663096068,Brightness_2,201.0
1513663098849,Motion_3,False
1513663098849,Motion_5,True
1513663101084,Sound_P,74.19700410241327
1513663101096,PodiumIR,122
1513663102500,Temperature_1,25.89
1513663102503,Humidity_1,9.093074597130359
1513663102506,Brightness_1,52.0
1513663102509,Temperature_2,26.6
1513663102511,Humidity_2,5.146838417903951
1513663102514,Brightness_2,201.0
1513663105113,Motion_4,False
1513663105113,Motion_3,True
1513663108932,Temperature_1,25.89
1513663108935,Humidity_1,9.093074597130359
1513663108938,Brightness_1,52.0
1513663108941,Temperature_2,26.6
1513663108943,Humidity_2,5.146838417903951
1513663108945,Brightness_2,201.0
1513663111099,Sound_P,79.48080653810413
1513663111102,PodiumIR,160
1513663115724,Temperature_1,25.89
1513663115727,Humidity_1,9.093074597130359
1513663115730,Brightness_1,52.0
1513663115733,Temperature_2,26.6
1513663115735,Humidity_2,5.146838417903951
1513663115737,Brightness_2,201.0
1513663118049,Motion_5,False
1513663118049,Motion_3,True
1513663121104,Sound_P,70.5390318503356
1513663121116,PodiumIR,101
1513663122366,Temperature_1,25.89
1513663122369,Humidity_1,9.093074597130359
1513663122372,Brightness_1,52.0
1513663122375,Temperature_2,26.6
1513663122377,Humidity_2,5.146838417903951
1513663122380,Brightness_2,201.0
1513663129022,Temperature_1,25.89
1513663129025,Humidity_1,9.093074597130359
1513663129029,Brightness_1,52.0
1513663129031,Temperature_2,26.6
1513663129033,Humidity_2,5.023518537303121
1513663129035,Brightness_2,209.0
1513663131127,Sound_P,82.18459763092324
1513663131130,PodiumIR,164
1513663134013,Motion_3,False
1513663135883,Temperature_1,25.89
1513663135887,Humidity_1,9.093074597130359
1513663135890,Brightness_1,52.0
1513663135892,Temperature_2,26.6
1513663135895,Humidity_2,5.023518537303121
1513663135898,Brightness_2,209.0
1513663141133,Sound_P,78.09150302019039
1513663141155,PodiumIR,114
1513663142335,Temperature_1,25.89
1513663142338,Humidity_1,9.093074597130359
1513663142341,Brightness_1,52.0
1513663142343,Temperature_2,26.6
1513663142346,Humidity_2,5.023518537303121
1513663142348,Brightness_2,209.0
1513663148753,Temperature_1,25.89
1513663148755,Humidity_1,9.093074597130359
1513663148759,Brightness_1,52.0
1513663148761,Temperature_2,26.6
1513663148763,Humidity_2,5.023518537303121
1513663148766,Brightness_2,209.0
1513663149241,Motion_3,False
1513663149241,Motion_4,True
1513663150617,Motion_5,True
1513663151159,Sound_P,75.25847282855663
1513663151163,PodiumIR,157
1513663155466,Temperature_1,25.89
1513663155469,Humidity_1,9.093074597130359
1513663155472,Brightness_1,52.0
1513663155474,Temperature_2,26.6
1513663155476,Humidity_2,5.023518537303121
1513663155478,Brightness_2,209.0
1513663161165,Sound_P,76.89092096632638
1513663161173,PodiumIR,164
1513663162098,Temperature_1,25.89
1513663162101,Humidity_1,9.093074597130359
1513663162104,Brightness_1,52.0
1513663162106,Temperature_2,26.6
1513663162109,Humidity_2,5.023518537303121
1513663162111,Brightness_2,209.0
1513663168631,Motion_4,False
1513663168631,Motion_5,False
1513663168636,Motion_3,True
1513663168707,Temperature_1,25.89
1513663168716,Humidity_1,9.093074597130359
1513663168720,Brightness_1,52.0
1513663168722,Temperature_2,26.6
1513663168724,Humidity_2,5.023518537303121
1513663168727,Brightness_2,209.0
1513663171183,Sound_P,76.57687443958919
1513663171186,PodiumIR,139
1513663175410,Temperature_1,25.89
1513663175413,Humidity_1,9.093074597130359
1513663175416,Brightness_1,52.0
1513663175418,Temperature_2,26.6
1513663175420,Humidity_2,5.023518537303121
1513663175423,Brightness_2,209.0
1513663181189,Sound_P,68.0998289029382
1513663181192,PodiumIR,162
1513663182168,Temperature_1,25.89
1513663182171,Humidity_1,9.093074597130359
1513663182174,Brightness_1,52.0
1513663182177,Temperature_2,26.6
1513663182179,Humidity_2,5.023518537303121
1513663182182,Brightness_2,209.0
1513663186371,Motion_3,False
1513663186371,Motion_5,True
1513663188552,Motion_6,True
1513663188620,Temperature_1,25.89
1513663188623,Humidity_1,9.093074597130359
1513663188626,Brightness_1,52.0
1513663188628,Temperature_2,26.72
1513663188631,Humidity_2,4.7768787761014755
1513663188634,Brightness_2,204.0
1513663191195,Sound_P,89.14749953662887
1513663191198,PodiumIR,230
1513663195013,Temperature_1,25.89
1513663195016,Humidity_1,9.093074597130359
1513663195020,Brightness_1,52.0
1513663195022,Temperature_2,26.72
1513663195024,Humidity_2,4.7768787761014755
1513663195028,Brightness_2,204.0
1513663195331,Motion_3,True
1513663201201,Sound_P,68.61682354019833
1513663201204,PodiumIR,221
1513663201728,Temperature_1,25.89
1513663201731,Humidity_1,9.093074597130359
1513663201734,Brightness_1,52.0
1513663201737,Temperature_2,26.72
1513663201739,Humidity_2,4.7768787761014755
1513663201742,Brightness_2,204.0
1513663207055,Motion_5,False
1513663207055,Motion_6,False
1513663207055,Motion_4,True
1513663208246,Motion_3,True
1513663208383,Temperature_1,25.89
1513663208386,Humidity_1,9.093074597130359
1513663208389,Brightness_1,52.0
1513663208392,Temperature_2,26.72
1513663208394,Humidity_2,4.7768787761014755
1513663208396,Brightness_2,204.0
1513663211215,Sound_P,70.0787016850011
1513663211226,PodiumIR,208
1513663214783,Temperature_1,25.89
1513663214785,Humidity_1,9.093074597130359
1513663214789,Brightness_1,52.0
1513663214791,Temperature_2,26.72
1513663214794,Humidity_2,4.7768787761014755
1513663214796,Brightness_2,204.0
1513663221229,Sound_P,70.987085069563
1513663221232,PodiumIR,211
1513663221252,Temperature_1,25.89
1513663221255,Humidity_1,8.969754716529529
1513663221259,Brightness_1,50.0
1513663221262,Temperature_2,26.72
1513663221264,Humidity_2,4.7768787761014755
1513663221267,Brightness_2,204.0
1513663224199,Motion_4,False
1513663224199,Motion_3,False
1513663227956,Motion_5,True
1513663227962,Temperature_1,25.89
1513663227965,Humidity_1,8.969754716529529
1513663227968,Brightness_1,50.0
1513663227970,Temperature_2,26.72
1513663227972,Humidity_2,4.7768787761014755
1513663227974,Brightness_2,204.0
1513663231235,Sound_P,78.6610829898935
1513663231238,PodiumIR,176
1513663234413,Temperature_1,25.89
1513663234416,Humidity_1,8.969754716529529
1513663234419,Brightness_1,50.0
1513663234421,Temperature_2,26.72
1513663234423,Humidity_2,4.7768787761014755
1513663234427,Brightness_2,204.0
1513663238127,Motion_3,False
1513663238127,Motion_4,True
1513663240840,Temperature_1,25.89
1513663240843,Humidity_1,8.969754716529529
1513663240846,Brightness_1,50.0
1513663240849,Temperature_2,26.72
1513663240851,Humidity_2,4.7768787761014755
1513663240854,Brightness_2,204.0
1513663241241,Sound_P,78.09150302019039
1513663241244,PodiumIR,205
1513663244875,Motion_5,False
1513663244875,Motion_3,True
1513663247604,Temperature_1,25.89
1513663247607,Humidity_1,8.969754716529529
1513663247610,Brightness_1,50.0
1513663247612,Temperature_2,26.72
1513663247614,Humidity_2,4.7768787761014755
1513663247617,Brightness_2,204.0
1513663251247,Sound_P,67.56641902255494
1513663251250,PodiumIR,120
1513663251844,Motion_4,False
1513663251844,Motion_5,True
1513663251844,Motion_7,True
1513663254055,Temperature_1,25.89
1513663254058,Humidity_1,8.969754716529529
1513663254061,Brightness_1,50.0
1513663254063,Temperature_2,26.6
1513663254065,Humidity_2,5.146838417903951
1513663254068,Brightness_2,209.0
1513663256442,Motion_4,True
1513663260703,Temperature_1,25.89
1513663260706,Humidity_1,8.969754716529529
1513663260711,Brightness_1,50.0
1513663260714,Temperature_2,26.6
1513663260717,Humidity_2,5.146838417903951
1513663260720,Brightness_2,209.0
1513663260844,Motion_3,False
1513663261253,Sound_P,76.25684571588656
1513663261256,PodiumIR,178
1513663264751,Motion_5,True
1513663264756,Motion_7,True
1513663264756,Motion_5,True
1513663267367,Temperature_1,25.89
1513663267370,Humidity_1,8.969754716529529
1513663267373,Brightness_1,50.0
1513663267376,Temperature_2,26.6
1513663267378,Humidity_2,5.146838417903951
1513663267381,Brightness_2,209.0
1513663271259,Sound_P,76.57687443958919
1513663271262,PodiumIR,120
1513663273809,Temperature_1,25.89
1513663273812,Humidity_1,8.969754716529529
1513663273815,Brightness_1,50.0
1513663273817,Temperature_2,26.6
1513663273820,Humidity_2,5.146838417903951
1513663273822,Brightness_2,209.0
1513663276797,Motion_4,False
1513663276797,Motion_3,False
1513663278278,Motion_7,True
1513663278278,Motion_5,True
1513663280474,Temperature_1,25.89
1513663280478,Humidity_1,8.969754716529529
1513663280481,Brightness_1,50.0
1513663280483,Temperature_2,26.6
1513663280485,Humidity_2,5.146838417903951
1513663280488,Brightness_2,209.0
1513663281265,Sound_P,79.74539468352583
1513663281268,PodiumIR,140
1513663286882,Temperature_1,25.89
1513663286885,Humidity_1,9.093074597130359
1513663286888,Brightness_1,52.0
1513663286891,Temperature_2,26.6
1513663286893,Humidity_2,5.146838417903951
1513663286895,Brightness_2,209.0
1513663291271,Sound_P,80.00588052151659
1513663291274,PodiumIR,160
1513663293581,Temperature_1,25.89
1513663293584,Humidity_1,9.093074597130359
1513663293587,Brightness_1,52.0
1513663293590,Temperature_2,26.6
1513663293592,Humidity_2,5.146838417903951
1513663293603,Brightness_2,209.0
1513663300038,Temperature_1,25.89
1513663300041,Humidity_1,9.093074597130359
1513663300044,Brightness_1,52.0
1513663300047,Temperature_2,26.6
1513663300049,Humidity_2,5.146838417903951
1513663300051,Brightness_2,209.0
1513663300905,Motion_3,False
1513663300905,Motion_7,False
1513663300905,Motion_5,False
1513663301277,Sound_P,69.60540278108363
1513663301280,PodiumIR,163
1513663303887,Motion_7,True
1513663303887,Motion_5,True
1513663306485,Temperature_1,25.89
1513663306488,Humidity_1,9.093074597130359
1513663306491,Brightness_1,52.0
1513663306493,Temperature_2,26.6
1513663306495,Humidity_2,5.146838417903951
1513663306499,Brightness_2,209.0
1513663311283,Sound_P,80.26238932078596
1513663311297,PodiumIR,113
1513663313072,Temperature_1,25.89
1513663313075,Humidity_1,9.093074597130359
1513663313078,Brightness_1,52.0
1513663313080,Temperature_2,26.6
1513663313082,Humidity_2,5.146838417903951
1513663313086,Brightness_2,209.0
1513663319040,Motion_3,False
1513663319040,Motion_7,False
1513663319040,Motion_5,False
1513663319699,Temperature_1,25.89
1513663319702,Humidity_1,9.093074597130359
1513663319705,Brightness_1,52.0
1513663319708,Temperature_2,26.6
1513663319710,Humidity_2,5.146838417903951
1513663319712,Brightness_2,209.0
1513663321300,Sound_P,82.41011779552353
1513663321303,PodiumIR,144
1513663326360,Temperature_1,25.89
1513663326363,Humidity_1,9.093074597130359
1513663326366,Brightness_1,52.0
1513663326369,Temperature_2,26.6
1513663326371,Humidity_2,5.146838417903951
1513663326373,Brightness_2,209.0
1513663330811,Motion_5,True
1513663331306,Sound_P,70.5390318503356
1513663331315,PodiumIR,147
1513663332762,Temperature_1,25.89
1513663332765,Humidity_1,9.093074597130359
1513663332768,Brightness_1,52.0
1513663332771,Temperature_2,26.6
1513663332773,Humidity_2,5.146838417903951
1513663332775,Brightness_2,209.0
1513663339457,Temperature_1,25.89
1513663339460,Humidity_1,9.093074597130359
1513663339463,Brightness_1,52.0
1513663339466,Temperature_2,26.6
1513663339468,Humidity_2,5.146838417903951
1513663339471,Brightness_2,209.0
1513663341320,Sound_P,69.11838317407611
1513663341323,PodiumIR,132
1513663342137,Motion_3,False
1513663346216,Temperature_1,25.89
1513663346219,Humidity_1,9.093074597130359
1513663346223,Brightness_1,52.0
1513663346225,Temperature_2,26.6
1513663346227,Humidity_2,5.146838417903951
1513663346230,Brightness_2,209.0
1513663351326,Sound_P,70.5390318503356
1513663351329,PodiumIR,190
1513663352483,Motion_5,False
1513663352483,Motion_7,True
1513663352699,Temperature_1,25.89
1513663352702,Humidity_1,9.093074597130359
1513663352705,Brightness_1,50.0
1513663352709,Temperature_2,26.6
1513663352713,Humidity_2,5.146838417903951
1513663352718,Brightness_2,209.0
1513663355039,Motion_3,True
1513663359426,Temperature_1,25.89
1513663359429,Humidity_1,9.093074597130359
1513663359432,Brightness_1,50.0
1513663359435,Temperature_2,26.6
1513663359437,Humidity_2,5.146838417903951
1513663359439,Brightness_2,209.0
1513663361332,Sound_P,71.84886370856825
1513663361335,PodiumIR,183
1513663366088,Temperature_1,25.89
1513663366091,Humidity_1,9.093074597130359
1513663366094,Brightness_1,50.0
1513663366097,Temperature_2,26.6
1513663366099,Humidity_2,5.146838417903951
1513663366102,Brightness_2,209.0
1513663371338,Sound_P,76.57687443958919
1513663371341,PodiumIR,153
1513663372533,Temperature_1,25.89
1513663372536,Humidity_1,9.093074597130359
1513663372539,Brightness_1,50.0
1513663372542,Temperature_2,26.6
1513663372544,Humidity_2,5.146838417903951
1513663372547,Brightness_2,209.0
1513663378685,Motion_5,False
1513663378685,Motion_7,False
1513663378685,Motion_3,False
1513663378934,Temperature_1,25.89
1513663378937,Humidity_1,9.093074597130359
1513663378940,Brightness_1,50.0
1513663378942,Temperature_2,26.6
1513663378945,Humidity_2,5.146838417903951
1513663378947,Brightness_2,199.0
1513663381344,Sound_P,73.45017003946069
1513663381348,PodiumIR,149
1513663382322,Motion_3,True
1513663385641,Temperature_1,25.89
1513663385644,Humidity_1,9.093074597130359
1513663385647,Brightness_1,50.0
1513663385649,Temperature_2,26.6
1513663385652,Humidity_2,5.146838417903951
1513663385655,Brightness_2,199.0
1513663387045,Motion_7,True
1513663391350,Sound_P,81.48928461417114
1513663391354,PodiumIR,141
1513663392092,Temperature_1,25.89
1513663392095,Humidity_1,9.093074597130359
1513663392098,Brightness_1,50.0
1513663392101,Temperature_2,26.6
1513663392103,Humidity_2,5.146838417903951
1513663392105,Brightness_2,199.0
1513663398586,Temperature_1,25.89
1513663398589,Humidity_1,9.093074597130359
1513663398592,Brightness_1,50.0
1513663398594,Temperature_2,26.6
1513663398597,Humidity_2,5.146838417903951
1513663398599,Brightness_2,199.0
1513663401357,Sound_P,83.28309336929843
1513663401365,PodiumIR,177
1513663404234,Motion_5,False
1513663404234,Motion_3,False
1513663404234,Motion_7,False
1513663405004,Temperature_1,25.89
1513663405007,Humidity_1,9.093074597130359
1513663405010,Brightness_1,50.0
1513663405012,Temperature_2,26.6
1513663405015,Humidity_2,5.146838417903951
1513663405017,Brightness_2,199.0
1513663411373,Sound_P,73.45017003946069
1513663411376,PodiumIR,212
1513663411441,Temperature_1,25.89
1513663411444,Humidity_1,9.093074597130359
1513663411448,Brightness_1,50.0
1513663411450,Temperature_2,26.6
1513663411452,Humidity_2,5.146838417903951
1513663411454,Brightness_2,199.0
1513663413279,Motion_3,True
1513663417897,Temperature_1,26.01
1513663417900,Humidity_1,8.969754716529529
1513663417903,Brightness_1,50.0
1513663417906,Temperature_2,26.6
1513663417908,Humidity_2,5.146838417903951
1513663417911,Brightness_2,199.0
1513663421379,Sound_P,68.61682354019833
1513663421391,PodiumIR,180
1513663424557,Temperature_1,26.01
1513663424560,Humidity_1,8.969754716529529
1513663424563,Brightness_1,50.0
1513663424565,Temperature_2,26.6
1513663424568,Humidity_2,5.146838417903951
1513663424570,Brightness_2,199.0
1513663430973,Temperature_1,26.01
1513663430976,Humidity_1,8.969754716529529
1513663430980,Brightness_1,50.0
1513663430982,Temperature_2,26.6
1513663430984,Humidity_2,5.146838417903951
1513663430987,Brightness_2,199.0
1513663431394,Sound_P,81.48928461417114
1513663431397,PodiumIR,134
1513663437660,Temperature_1,26.01
1513663437663,Humidity_1,8.969754716529529
1513663437666,Brightness_1,50.0
1513663437669,Temperature_2,26.6
1513663437671,Humidity_2,5.146838417903951
1513663437673,Brightness_2,199.0
1513663441400,Sound_P,83.90929007328671
1513663441403,PodiumIR,102
1513663444112,Temperature_1,26.01
1513663444115,Humidity_1,8.969754716529529
1513663444118,Brightness_1,50.0
1513663444120,Temperature_2,26.6
1513663444122,Humidity_2,5.393478179105597
1513663444125,Brightness_2,199.0
1513663450563,Temperature_1,26.01
1513663450566,Humidity_1,8.969754716529529
1513663450569,Brightness_1,50.0
1513663450572,Temperature_2,26.6
1513663450574,Humidity_2,5.393478179105597
1513663450576,Brightness_2,199.0
1513663451406,Sound_P,84.90372230151566
1513663451409,PodiumIR,118
1513663456991,Temperature_1,26.01
1513663456994,Humidity_1,8.969754716529529
1513663456997,Brightness_1,50.0
1513663457000,Temperature_2,26.6
1513663457002,Humidity_2,5.393478179105597
1513663457004,Brightness_2,199.0
1513663461412,Sound_P,72.26372429269907
1513663461415,PodiumIR,127
1513663463670,Temperature_1,26.01
1513663463673,Humidity_1,8.969754716529529
1513663463677,Brightness_1,50.0
1513663463679,Temperature_2,26.6
1513663463681,Humidity_2,5.393478179105597
1513663463683,Brightness_2,199.0
1513663470129,Temperature_1,26.01
1513663470132,Humidity_1,8.969754716529529
1513663470135,Brightness_1,50.0
1513663470138,Temperature_2,26.6
1513663470140,Humidity_2,5.393478179105597
1513663470142,Brightness_2,199.0
1513663471418,Sound_P,74.19700410241327
1513663471421,PodiumIR,141
1513663476573,Temperature_1,25.89
1513663476576,Humidity_1,8.969754716529529
1513663476579,Brightness_1,50.0
1513663476581,Temperature_2,26.6
1513663476584,Humidity_2,5.393478179105597
1513663476587,Brightness_2,199.0
1513663481424,Sound_P,78.37870659506
1513663481427,PodiumIR,168
1513663483022,Temperature_1,25.89
1513663483025,Humidity_1,8.969754716529529
1513663483028,Brightness_1,50.0
1513663483030,Temperature_2,26.6
1513663483032,Humidity_2,5.393478179105597
1513663483035,Brightness_2,199.0
1513663489681,Temperature_1,25.89
1513663489684,Humidity_1,8.969754716529529
1513663489687,Brightness_1,50.0
1513663489689,Temperature_2,26.6
1513663489691,Humidity_2,5.393478179105597
1513663489694,Brightness_2,199.0
1513663491430,Sound_P,71.42349921662418
1513663491433,PodiumIR,117
1513663496151,Temperature_1,25.89
1513663496154,Humidity_1,8.969754716529529
1513663496158,Brightness_1,50.0
1513663496160,Temperature_2,26.6
1513663496162,Humidity_2,5.393478179105597
1513663496164,Brightness_2,199.0
1513663501436,Sound_P,83.06906499721183
1513663501440,PodiumIR,130
1513663502701,Temperature_1,25.89
1513663502704,Humidity_1,8.969754716529529
1513663502707,Brightness_1,50.0
1513663502710,Temperature_2,26.6
1513663502713,Humidity_2,5.146838417903951
1513663502715,Brightness_2,201.0
1513663505068,Motion_5,False
1513663505068,Motion_3,False
1513663505073,Motion_3,True
1513663509138,Temperature_1,25.89
1513663509141,Humidity_1,8.969754716529529
1513663509144,Brightness_1,50.0
1513663509146,Temperature_2,26.6
1513663509148,Humidity_2,5.146838417903951
1513663509151,Brightness_2,201.0
1513663511442,Sound_P,74.91204818426347
1513663511446,PodiumIR,145
1513663514643,Motion_5,True
1513663515588,Temperature_1,25.89
1513663515591,Humidity_1,8.969754716529529
1513663515594,Brightness_1,50.0
1513663515597,Temperature_2,26.6
1513663515599,Humidity_2,5.146838417903951
1513663515602,Brightness_2,201.0
1513663519465,Motion_3,False
1513663519465,Seat_7,False
1513663519465,Motion_1,True
1513663520781,Motion_8,True
1513663521449,Sound_P,76.57687443958919
1513663521452,PodiumIR,149
1513663522351,Temperature_1,25.89
1513663522353,Humidity_1,8.969754716529529
1513663522357,Brightness_1,50.0
1513663522359,Temperature_2,26.6
1513663522361,Humidity_2,5.146838417903951
1513663522363,Brightness_2,201.0
1513663527550,Motion_5,True
1513663528808,Temperature_1,25.89
1513663528811,Humidity_1,8.969754716529529
1513663528814,Brightness_1,50.0
1513663528817,Temperature_2,26.6
1513663528819,Humidity_2,5.146838417903951
1513663528822,Brightness_2,201.0
1513663531454,Sound_P,81.72426746558874
1513663531458,PodiumIR,141
1513663532587,Motion_1,True
1513663535254,Temperature_1,25.89
1513663535257,Humidity_1,8.969754716529529
1513663535261,Brightness_1,50.0
1513663535263,Temperature_2,26.6
1513663535265,Humidity_2,5.146838417903951
1513663535268,Brightness_2,201.0
1513663541461,Sound_P,68.61682354019833
1513663541464,PodiumIR,122
1513663541671,Temperature_1,26.13
1513663541674,Humidity_1,8.969754716529529
1513663541677,Brightness_1,49.0
1513663541680,Temperature_2,26.6
1513663541682,Humidity_2,5.146838417903951
1513663541685,Brightness_2,201.0
1513663548357,Temperature_1,26.13
1513663548360,Humidity_1,8.969754716529529
1513663548363,Brightness_1,49.0
1513663548366,Temperature_2,26.6
1513663548368,Humidity_2,5.146838417903951
1513663548371,Brightness_2,201.0
1513663551471,Sound_P,72.66858725677886
1513663551474,PodiumIR,151
1513663553934,Motion_8,False
1513663553939,Motion_5,False
1513663553939,Motion_1,False
1513663553939,Motion_3,True
1513663554770,Temperature_1,26.13
1513663554773,Humidity_1,8.969754716529529
1513663554776,Brightness_1,49.0
1513663554779,Temperature_2,26.6
1513663554781,Humidity_2,5.146838417903951
1513663554784,Brightness_2,201.0
1513663556885,Motion_5,True
1513663561470,Temperature_1,26.13
1513663561473,Humidity_1,8.969754716529529
1513663561477,Sound_P,69.11838317407611
1513663561477,Brightness_1,49.0
1513663561479,Temperature_2,26.6
1513663561481,PodiumIR,171
1513663561482,Humidity_2,5.146838417903951
1513663561494,Brightness_2,201.0
1513663567911,Temperature_1,26.13
1513663567914,Humidity_1,8.969754716529529
1513663567918,Brightness_1,49.0
1513663567920,Temperature_2,26.6
1513663567922,Humidity_2,5.146838417903951
1513663567925,Brightness_2,202.0
1513663571492,Sound_P,85.09573582004835
1513663571495,PodiumIR,228
1513663574674,Temperature_1,26.13
1513663574677,Humidity_1,8.969754716529529
1513663574680,Brightness_1,49.0
1513663574683,Temperature_2,26.6
1513663574685,Humidity_2,5.146838417903951
1513663574687,Brightness_2,202.0
1513663581331,Temperature_1,26.13
1513663581333,Humidity_1,8.969754716529529
1513663581336,Brightness_1,49.0
1513663581339,Temperature_2,26.6
1513663581341,Humidity_2,5.146838417903951
1513663581344,Brightness_2,202.0
1513663581498,Sound_P,69.60540278108363
1513663581501,PodiumIR,212
1513663584955,Motion_3,False
1513663584955,Motion_5,False
1513663584955,Seat_9,True
1513663587781,Temperature_1,26.13
1513663587784,Humidity_1,8.969754716529529
1513663587787,Brightness_1,49.0
1513663587790,Temperature_2,26.6
1513663587792,Humidity_2,5.146838417903951
1513663587794,Brightness_2,202.0
1513663588507,Motion_3,True
1513663591313,Motion_4,True
1513663591504,Sound_P,71.84886370856825
1513663591507,PodiumIR,211
1513663594434,Temperature_1,26.13
1513663594437,Humidity_1,8.969754716529529
1513663594440,Brightness_1,49.0
1513663594442,Temperature_2,26.6
1513663594444,Humidity_2,5.146838417903951
1513663594448,Brightness_2,202.0
1513663600858,Temperature_1,26.13
1513663600861,Humidity_1,8.969754716529529
1513663600865,Brightness_1,49.0
1513663600867,Temperature_2,26.6
1513663600869,Humidity_2,5.146838417903951
1513663600872,Brightness_2,202.0
1513663601510,Sound_P,78.9387917919758
1513663601513,PodiumIR,217
1513663607545,Temperature_1,25.89
1513663607548,Humidity_1,8.969754716529529
1513663607551,Brightness_1,49.0
1513663607554,Temperature_2,26.6
1513663607556,Humidity_2,5.146838417903951
1513663607559,Brightness_2,202.0
1513663611516,Sound_P,77.19920484509075
1513663611519,PodiumIR,212
1513663613960,Temperature_1,25.89
1513663613963,Humidity_1,8.969754716529529
1513663613966,Brightness_1,49.0
1513663613969,Temperature_2,26.6
1513663613971,Humidity_2,5.146838417903951
1513663613973,Brightness_2,202.0
1513663620653,Temperature_1,25.89
1513663620656,Humidity_1,8.969754716529529
1513663620659,Brightness_1,49.0
1513663620661,Temperature_2,26.6
1513663620663,Humidity_2,5.146838417903951
1513663620667,Brightness_2,202.0
1513663621522,Sound_P,75.25847282855663
1513663621525,PodiumIR,237
1513663623140,Motion_3,False
1513663623140,Motion_4,False
1513663627159,Temperature_1,25.89
1513663627162,Humidity_1,8.969754716529529
1513663627165,Brightness_1,49.0
1513663627167,Temperature_2,26.6
1513663627170,Humidity_2,5.146838417903951
1513663627172,Brightness_2,202.0
1513663631528,Sound_P,74.55832985633069
1513663631531,PodiumIR,234
1513663633864,Temperature_1,25.89
1513663633867,Humidity_1,8.969754716529529
1513663633870,Brightness_1,49.0
1513663633874,Temperature_2,26.6
1513663633877,Humidity_2,5.146838417903951
1513663633879,Brightness_2,205.0
1513663640318,Temperature_1,25.89
1513663640321,Humidity_1,8.969754716529529
1513663640324,Brightness_1,49.0
1513663640326,Temperature_2,26.6
1513663640329,Humidity_2,5.146838417903951
1513663640331,Brightness_2,205.0
1513663641534,Sound_P,70.0787016850011
1513663641538,PodiumIR,226
1513663641920,Motion_3,False
1513663646739,Temperature_1,25.89
1513663646742,Humidity_1,8.969754716529529
1513663646745,Brightness_1,49.0
1513663646747,Temperature_2,26.6
1513663646750,Humidity_2,5.146838417903951
1513663646752,Brightness_2,205.0
1513663651540,Sound_P,70.5390318503356
1513663651544,PodiumIR,243
1513663653197,Temperature_1,25.89
1513663653200,Humidity_1,8.969754716529529
1513663653203,Brightness_1,49.0
1513663653205,Temperature_2,26.6
1513663653208,Humidity_2,5.146838417903951
1513663653210,Brightness_2,205.0
1513663659873,Temperature_1,25.89
1513663659875,Humidity_1,8.969754716529529
1513663659879,Brightness_1,49.0
1513663659881,Temperature_2,26.6
1513663659883,Humidity_2,5.146838417903951
1513663659885,Brightness_2,205.0
1513663661546,Sound_P,69.60540278108363
1513663661550,PodiumIR,180
1513663666528,Temperature_1,25.89
1513663666531,Humidity_1,8.969754716529529
1513663666534,Brightness_1,49.0
1513663666537,Temperature_2,26.6
1513663666539,Humidity_2,5.146838417903951
1513663666542,Brightness_2,205.0
1513663671552,Sound_P,76.57687443958919
1513663671561,PodiumIR,164
1513663673029,Temperature_1,26.01
1513663673032,Humidity_1,9.093074597130359
1513663673035,Brightness_1,49.0
1513663673038,Temperature_2,26.6
1513663673040,Humidity_2,5.146838417903951
1513663673042,Brightness_2,205.0
1513663679738,Temperature_1,26.01
1513663679741,Humidity_1,9.093074597130359
1513663679744,Brightness_1,49.0
1513663679747,Temperature_2,26.6
1513663679749,Humidity_2,5.146838417903951
1513663679752,Brightness_2,205.0
1513663681563,Sound_P,72.26372429269907
1513663681567,PodiumIR,160
1513663686497,Temperature_1,26.01
1513663686500,Humidity_1,9.093074597130359
1513663686503,Brightness_1,49.0
1513663686505,Temperature_2,26.6
1513663686508,Humidity_2,5.146838417903951
1513663686510,Brightness_2,205.0
1513663690161,Motion_3,False
1513663690161,Motion_5,True
1513663691570,Sound_P,73.82773649063114
1513663691575,PodiumIR,163
1513663692937,Temperature_1,26.01
1513663692940,Humidity_1,9.093074597130359
1513663692943,Brightness_1,49.0
1513663692946,Temperature_2,26.6
1513663692949,Humidity_2,5.146838417903951
1513663692952,Brightness_2,198.0
1513663699611,Temperature_1,26.01
1513663699614,Humidity_1,9.093074597130359
1513663699618,Brightness_1,49.0
1513663699620,Temperature_2,26.6
1513663699622,Humidity_2,5.146838417903951
1513663699625,Brightness_2,198.0
1513663701579,Sound_P,82.63265085015064
1513663701590,PodiumIR,166
1513663702612,Motion_3,True
1513663702612,Motion_5,False
1513663703768,Motion_2,True
1513663706029,Temperature_1,26.01
1513663706031,Humidity_1,9.093074597130359
1513663706034,Brightness_1,49.0
1513663706036,Temperature_2,26.6
1513663706042,Humidity_2,5.146838417903951
1513663706044,Brightness_2,198.0
1513663711593,Sound_P,76.57687443958919
1513663711596,PodiumIR,152
1513663712699,Temperature_1,26.01
1513663712704,Humidity_1,9.093074597130359
1513663712707,Brightness_1,49.0
1513663712709,Temperature_2,26.6
1513663712712,Humidity_2,5.146838417903951
1513663712718,Brightness_2,198.0
1513663719163,Temperature_1,26.01
1513663719168,Humidity_1,9.093074597130359
1513663719171,Brightness_1,49.0
1513663719173,Temperature_2,26.6
1513663719176,Humidity_2,5.146838417903951
1513663719181,Brightness_2,198.0
1513663721604,Sound_P,69.11838317407611
1513663721608,PodiumIR,185
1513663725819,Temperature_1,26.01
1513663725825,Humidity_1,9.093074597130359
1513663725828,Brightness_1,49.0
1513663725830,Temperature_2,26.6
1513663725832,Humidity_2,5.146838417903951
1513663725834,Brightness_2,198.0
1513663731616,Sound_P,81.48928461417114
1513663731619,PodiumIR,181
1513663732285,Temperature_1,26.01
1513663732288,Humidity_1,9.093074597130359
1513663732291,Brightness_1,49.0
1513663732294,Temperature_2,26.6
1513663732296,Humidity_2,5.146838417903951
1513663732298,Brightness_2,198.0
1513663738700,Temperature_1,26.13
1513663738703,Humidity_1,9.216394477731184
1513663738706,Brightness_1,50.0
1513663738709,Temperature_2,26.6
1513663738711,Humidity_2,5.146838417903951
1513663738714,Brightness_2,198.0
1513663741622,Sound_P,78.37870659506
1513663741625,PodiumIR,202
1513663744393,Motion_3,False
1513663744393,Motion_2,False
1513663745480,Temperature_1,26.13
1513663745483,Humidity_1,9.216394477731184
1513663745486,Brightness_1,50.0
1513663745488,Temperature_2,26.6
1513663745490,Humidity_2,5.146838417903951
1513663745494,Brightness_2,198.0
1513663751633,Sound_P,85.65895056898958
1513663751636,PodiumIR,159
1513663752147,Temperature_1,26.13
1513663752150,Humidity_1,9.216394477731184
1513663752153,Brightness_1,50.0
1513663752155,Temperature_2,26.6
1513663752157,Humidity_2,5.146838417903951
1513663752159,Brightness_2,198.0
1513663754193,Motion_5,True
1513663758587,Temperature_1,26.13
1513663758590,Humidity_1,9.216394477731184
1513663758593,Brightness_1,50.0
1513663758596,Temperature_2,26.6
1513663758598,Humidity_2,5.270158298504776
1513663758600,Brightness_2,201.0
1513663760351,Motion_3,False
1513663761639,Sound_P,78.9387917919758
1513663761642,PodiumIR,157
1513663764988,Temperature_1,26.13
1513663764991,Humidity_1,9.216394477731184
1513663764994,Brightness_1,50.0
1513663764997,Temperature_2,26.6
1513663764999,Humidity_2,5.270158298504776
1513663765001,Brightness_2,201.0
1513663771645,Sound_P,75.59789851419828
1513663771648,PodiumIR,172
1513663771676,Temperature_1,26.13
1513663771679,Humidity_1,9.216394477731184
1513663771682,Brightness_1,50.0
1513663771685,Temperature_2,26.6
1513663771687,Humidity_2,5.270158298504776
1513663771690,Brightness_2,201.0
1513663773268,Motion_5,False
1513663773268,Motion_3,True
1513663778704,Temperature_1,26.13
1513663778707,Humidity_1,9.216394477731184
1513663778713,Brightness_1,50.0
1513663778716,Temperature_2,26.6
1513663778718,Humidity_2,5.270158298504776
1513663778721,Brightness_2,201.0
1513663781651,Sound_P,77.19920484509075
1513663781654,PodiumIR,157
1513663785519,Temperature_1,26.13
1513663785522,Humidity_1,9.216394477731184
1513663785525,Brightness_1,50.0
1513663785528,Temperature_2,26.6
1513663785530,Humidity_2,5.270158298504776
1513663785533,Brightness_2,201.0
1513663789217,Motion_3,False
1513663789217,Motion_4,True
1513663791657,Sound_P,78.9387917919758
1513663791660,PodiumIR,167
1513663792175,Temperature_1,26.13
1513663792178,Humidity_1,9.216394477731184
1513663792181,Brightness_1,50.0
1513663792184,Temperature_2,26.6
1513663792186,Humidity_2,5.270158298504776
1513663792189,Brightness_2,201.0
1513663798702,Temperature_1,26.01
1513663798705,Humidity_1,9.093074597130359
1513663798708,Brightness_1,49.0
1513663798711,Temperature_2,26.6
1513663798714,Humidity_2,5.270158298504776
1513663798716,Brightness_2,201.0
1513663801663,Sound_P,77.50193375604124
1513663801667,PodiumIR,164
1513663805180,Temperature_1,26.01
1513663805183,Humidity_1,9.093074597130359
1513663805186,Brightness_1,49.0
1513663805189,Temperature_2,26.6
1513663805191,Humidity_2,5.270158298504776
1513663805194,Brightness_2,201.0
1513663811635,Temperature_1,26.01
1513663811639,Humidity_1,9.093074597130359
1513663811642,Brightness_1,49.0
1513663811645,Temperature_2,26.6
1513663811648,Humidity_2,5.270158298504776
1513663811651,Brightness_2,201.0
1513663811669,Sound_P,78.9387917919758
1513663811673,PodiumIR,179
1513663818498,Temperature_1,26.01
1513663818501,Humidity_1,9.093074597130359
1513663818505,Brightness_1,49.0
1513663818507,Temperature_2,26.6
1513663818510,Humidity_2,5.393478179105597
1513663818513,Brightness_2,197.0
1513663821675,Sound_P,80.76394895466376
1513663821679,PodiumIR,203
1513663824898,Temperature_1,26.01
1513663824901,Humidity_1,9.093074597130359
1513663824905,Brightness_1,49.0
1513663824908,Temperature_2,26.6
1513663824910,Humidity_2,5.393478179105597
1513663824913,Brightness_2,197.0
1513663831600,Temperature_1,26.01
1513663831603,Humidity_1,9.093074597130359
1513663831607,Brightness_1,49.0
1513663831610,Temperature_2,26.6
1513663831612,Humidity_2,5.393478179105597
1513663831616,Brightness_2,197.0
1513663831681,Sound_P,87.41063980345
1513663831685,PodiumIR,94
1513663838051,Temperature_1,26.01
1513663838054,Humidity_1,9.093074597130359
1513663838058,Brightness_1,49.0
1513663838061,Temperature_2,26.6
1513663838064,Humidity_2,5.393478179105597
1513663838067,Brightness_2,197.0
1513663841688,Sound_P,85.47330227121877
1513663841691,PodiumIR,176
1513663844504,Temperature_1,26.01
1513663844508,Humidity_1,9.093074597130359
1513663844511,Brightness_1,49.0
1513663844514,Temperature_2,26.6
1513663844517,Humidity_2,5.393478179105597
1513663844520,Brightness_2,197.0
1513663850908,Temperature_1,26.01
1513663850911,Humidity_1,9.093074597130359
1513663850915,Brightness_1,49.0
1513663850918,Temperature_2,26.6
1513663850921,Humidity_2,5.393478179105597
1513663850924,Brightness_2,197.0
1513663851694,Sound_P,76.25684571588656
1513663851697,PodiumIR,173
1513663857610,Temperature_1,26.01
1513663857613,Humidity_1,9.093074597130359
1513663857617,Brightness_1,49.0
1513663857619,Temperature_2,26.6
1513663857622,Humidity_2,5.393478179105597
1513663857624,Brightness_2,197.0
1513663861700,Sound_P,70.0787016850011
1513663861703,PodiumIR,165
1513663864037,Temperature_1,26.01
1513663864040,Humidity_1,9.093074597130359
1513663864044,Brightness_1,49.0
1513663864046,Temperature_2,26.6
1513663864049,Humidity_2,5.393478179105597
1513663864052,Brightness_2,197.0
1513663870512,Temperature_1,26.01
1513663870516,Humidity_1,9.093074597130359
1513663870520,Brightness_1,49.0
1513663870522,Temperature_2,26.6
1513663870525,Humidity_2,5.393478179105597
1513663870528,Brightness_2,197.0
1513663871706,Sound_P,71.84886370856825
1513663871709,PodiumIR,178
1513663874262,Motion_3,False
1513663874262,Motion_4,False
1513663874262,Motion_5,True
1513663876936,Temperature_1,26.01
1513663876939,Humidity_1,9.093074597130359
1513663876943,Brightness_1,49.0
1513663876946,Temperature_2,26.6
1513663876949,Humidity_2,5.393478179105597
1513663876951,Brightness_2,197.0
1513663881711,Sound_P,86.02420408446785
1513663881715,PodiumIR,173
1513663883897,Temperature_1,26.01
1513663883901,Humidity_1,9.093074597130359
1513663883904,Brightness_1,49.0
1513663883907,Temperature_2,26.6
1513663883910,Humidity_2,5.270158298504776
1513663883912,Brightness_2,194.0
1513663890584,Temperature_1,26.01
1513663890588,Humidity_1,9.093074597130359
1513663890591,Brightness_1,49.0
1513663890594,Temperature_2,26.6
1513663890597,Humidity_2,5.270158298504776
1513663890600,Brightness_2,194.0
1513663891718,Sound_P,79.21198480314258
1513663891721,PodiumIR,174
1513663897034,Temperature_1,26.01
1513663897037,Humidity_1,9.093074597130359
1513663897041,Brightness_1,49.0
1513663897043,Temperature_2,26.6
1513663897046,Humidity_2,5.270158298504776
1513663897050,Brightness_2,194.0
1513663899055,Motion_5,False
1513663899055,Motion_3,True
1513663901724,Sound_P,79.48080653810413
1513663901727,PodiumIR,173
1513663903795,Temperature_1,26.01
1513663903799,Humidity_1,9.093074597130359
1513663903802,Brightness_1,49.0
1513663903805,Temperature_2,26.6
1513663903808,Humidity_2,5.270158298504776
1513663903812,Brightness_2,194.0
1513663910245,Temperature_1,26.01
1513663910248,Humidity_1,9.093074597130359
1513663910252,Brightness_1,49.0
1513663910255,Temperature_2,26.6
1513663910257,Humidity_2,5.270158298504776
1513663910261,Brightness_2,194.0
1513663911730,Sound_P,73.82773649063114
1513663911733,PodiumIR,174
1513663916699,Temperature_1,26.01
1513663916703,Humidity_1,9.093074597130359
1513663916706,Brightness_1,49.0
1513663916709,Temperature_2,26.6
1513663916712,Humidity_2,5.270158298504776
1513663916715,Brightness_2,194.0
1513663921736,Sound_P,85.84256988300092
1513663921748,PodiumIR,173
1513663922877,Motion_3,False
1513663922882,Motion_4,True
1513663923147,Temperature_1,26.01
1513663923151,Humidity_1,9.093074597130359
1513663923155,Brightness_1,49.0
1513663923158,Temperature_2,26.6
1513663923160,Humidity_2,5.270158298504776
1513663923164,Brightness_2,194.0
1513663929599,Temperature_1,26.01
1513663929602,Humidity_1,9.093074597130359
1513663929606,Brightness_1,49.0
1513663929609,Temperature_2,26.6
1513663929611,Humidity_2,5.270158298504776
1513663929614,Brightness_2,194.0
1513663931751,Sound_P,81.95600907073411
1513663931754,PodiumIR,174
1513663932802,Motion_2,True
1513663936051,Temperature_1,26.01
1513663936055,Humidity_1,9.093074597130359
1513663936059,Brightness_1,49.0
1513663936061,Temperature_2,26.6
1513663936064,Humidity_2,5.270158298504776
1513663936067,Brightness_2,194.0
1513663941757,Sound_P,73.82773649063114
1513663941760,PodiumIR,185
1513663942469,Temperature_1,26.01
1513663942472,Humidity_1,9.093074597130359
1513663942476,Brightness_1,49.0
1513663942479,Temperature_2,26.6
1513663942482,Humidity_2,5.146838417903951
1513663942485,Brightness_2,194.0
1513663948889,Temperature_1,26.01
1513663948892,Humidity_1,9.093074597130359
1513663948896,Brightness_1,49.0
1513663948899,Temperature_2,26.6
1513663948901,Humidity_2,5.146838417903951
1513663948904,Brightness_2,194.0
1513663951763,Sound_P,81.48928461417114
1513663951766,PodiumIR,178
1513663955609,Temperature_1,26.01
1513663955612,Humidity_1,9.093074597130359
1513663955616,Brightness_1,49.0
1513663955619,Temperature_2,26.6
1513663955621,Humidity_2,5.146838417903951
1513663955624,Brightness_2,194.0
1513663961769,Sound_P,71.84886370856825
1513663961772,PodiumIR,182
1513663962266,Temperature_1,26.01
1513663962269,Humidity_1,9.093074597130359
1513663962273,Brightness_1,49.0
1513663962276,Temperature_2,26.6
1513663962279,Humidity_2,5.146838417903951
1513663962283,Brightness_2,194.0
1513663968705,Temperature_1,26.01
1513663968709,Humidity_1,9.093074597130359
1513663968715,Brightness_1,49.0
1513663968718,Temperature_2,26.6
1513663968720,Humidity_2,5.146838417903951
1513663968723,Brightness_2,194.0
1513663971775,Sound_P,80.51504069838761
1513663971788,PodiumIR,175
1513663974979,Motion_4,False
1513663974979,Motion_2,False
1513663974979,Motion_5,True
1513663975372,Temperature_1,26.01
1513663975375,Humidity_1,9.093074597130359
1513663975379,Brightness_1,49.0
1513663975381,Temperature_2,26.6
1513663975385,Humidity_2,5.146838417903951
1513663975388,Brightness_2,194.0
1513663976555,Motion_8,True
1513663976555,Motion_1,True
1513663976555,Motion_3,True
1513663977756,Motion_4,True
1513663979952,Motion_7,True
1513663981788,Temperature_1,26.01
1513663981791,Humidity_1,9.093074597130359
1513663981794,Sound_P,82.63265085015064
1513663981794,Brightness_1,49.0
1513663981799,Temperature_2,26.6
1513663981800,PodiumIR,179
1513663981810,Humidity_2,5.146838417903951
1513663981819,Brightness_2,194.0
1513663988480,Temperature_1,26.01
1513663988483,Humidity_1,9.093074597130359
1513663988487,Brightness_1,49.0
1513663988490,Temperature_2,26.6
1513663988492,Humidity_2,5.146838417903951
1513663988495,Brightness_2,194.0
1513663991812,Sound_P,84.5129837602938
1513663991815,PodiumIR,177
1513663994899,Temperature_1,26.13
1513663994903,Humidity_1,9.216394477731184
1513663994906,Brightness_1,48.0
1513663994909,Temperature_2,26.6
1513663994912,Humidity_2,5.146838417903951
1513663994914,Brightness_2,194.0
1513664001587,Temperature_1,26.13
1513664001590,Humidity_1,9.216394477731184
1513664001594,Brightness_1,48.0
1513664001596,Temperature_2,26.6
1513664001599,Humidity_2,5.146838417903951
1513664001603,Brightness_2,194.0
1513664001818,Sound_P,77.19920484509075
1513664001821,PodiumIR,176
1513664008448,Temperature_1,26.13
1513664008452,Humidity_1,9.216394477731184
1513664008455,Brightness_1,48.0
1513664008458,Temperature_2,26.6
1513664008461,Humidity_2,5.146838417903951
1513664008464,Brightness_2,196.0
1513664011824,Sound_P,75.93060245540138
1513664011828,PodiumIR,184
1513664014878,Temperature_1,26.13
1513664014881,Humidity_1,9.216394477731184
1513664014885,Brightness_1,48.0
1513664014887,Temperature_2,26.6
1513664014890,Humidity_2,5.146838417903951
1513664014894,Brightness_2,196.0
1513664021555,Temperature_1,26.13
1513664021558,Humidity_1,9.216394477731184
1513664021562,Brightness_1,48.0
1513664021564,Temperature_2,26.6
1513664021567,Humidity_2,5.146838417903951
1513664021570,Brightness_2,196.0
1513664021832,Sound_P,77.50193375604124
1513664021836,PodiumIR,175
1513664028007,Temperature_1,26.13
1513664028011,Humidity_1,9.216394477731184
1513664028014,Brightness_1,48.0
1513664028017,Temperature_2,26.6
1513664028020,Humidity_2,5.146838417903951
1513664028023,Brightness_2,196.0
1513664031843,Sound_P,69.11838317407611
1513664031846,PodiumIR,158
1513664034470,Temperature_1,26.13
1513664034473,Humidity_1,9.216394477731184
1513664034477,Brightness_1,48.0
1513664034480,Temperature_2,26.6
1513664034482,Humidity_2,5.146838417903951
1513664034486,Brightness_2,196.0
1513664040905,Temperature_1,26.13
1513664040908,Humidity_1,9.216394477731184
1513664040912,Brightness_1,48.0
1513664040915,Temperature_2,26.6
1513664040917,Humidity_2,5.146838417903951
1513664040920,Brightness_2,196.0
1513664041355,Motion_5,False
1513664041355,Motion_8,False
1513664041355,Motion_1,False
1513664041355,Motion_3,False
1513664041355,Motion_4,False
1513664041355,Motion_7,False
1513664041360,Motion_3,True
1513664041853,Sound_P,71.84886370856825
1513664041856,PodiumIR,159
1513664047677,Temperature_1,26.13
1513664047681,Humidity_1,9.216394477731184
1513664047684,Brightness_1,48.0
1513664047687,Temperature_2,26.6
1513664047690,Humidity_2,5.146838417903951
1513664047693,Brightness_2,196.0
1513664051863,Sound_P,70.5390318503356
1513664051867,PodiumIR,174
1513664054430,Temperature_1,26.01
1513664054433,Humidity_1,9.093074597130359
1513664054437,Brightness_1,49.0
1513664054439,Temperature_2,26.6
1513664054442,Humidity_2,5.146838417903951
1513664054446,Brightness_2,196.0
1513664060846,Temperature_1,26.01
1513664060850,Humidity_1,9.093074597130359
1513664060853,Brightness_1,49.0
1513664060856,Temperature_2,26.6
1513664060859,Humidity_2,5.146838417903951
1513664060863,Brightness_2,196.0
1513664061875,Sound_P,80.26238932078596
1513664061878,PodiumIR,224
1513664067553,Temperature_1,26.01
1513664067557,Humidity_1,9.093074597130359
1513664067560,Brightness_1,49.0
1513664067563,Temperature_2,26.72
1513664067565,Humidity_2,5.393478179105597
1513664067568,Brightness_2,191.0
1513664071881,Sound_P,84.5129837602938
1513664071884,PodiumIR,159
1513664074087,Temperature_1,26.01
1513664074090,Humidity_1,9.093074597130359
1513664074094,Brightness_1,49.0
1513664074097,Temperature_2,26.72
1513664074100,Humidity_2,5.393478179105597
1513664074103,Brightness_2,191.0
1513664080126,Motion_3,False
1513664080126,Motion_5,True
1513664080538,Temperature_1,26.01
1513664080541,Humidity_1,9.093074597130359
1513664080545,Brightness_1,49.0
1513664080548,Temperature_2,26.72
1513664080551,Humidity_2,5.393478179105597
1513664080553,Brightness_2,191.0
1513664081887,Sound_P,75.59789851419828
1513664081890,PodiumIR,160
1513664082507,Motion_3,True
1513664086947,Temperature_1,26.01
1513664086950,Humidity_1,9.093074597130359
1513664086954,Brightness_1,49.0
1513664086957,Temperature_2,26.72
1513664086959,Humidity_2,5.393478179105597
1513664086963,Brightness_2,191.0
1513664091893,Sound_P,76.89092096632638
1513664091896,PodiumIR,158
1513664093346,Temperature_1,26.01
1513664093349,Humidity_1,9.093074597130359
1513664093353,Brightness_1,49.0
1513664093356,Temperature_2,26.72
1513664093359,Humidity_2,5.393478179105597
1513664093361,Brightness_2,191.0
1513664099759,Temperature_1,26.01
1513664099762,Humidity_1,9.093074597130359
1513664099766,Brightness_1,49.0
1513664099769,Temperature_2,26.72
1513664099772,Humidity_2,5.393478179105597
1513664099776,Brightness_2,191.0
1513664101899,Sound_P,76.89092096632638
1513664101903,PodiumIR,158
1513664106453,Temperature_1,26.01
1513664106456,Humidity_1,9.093074597130359
1513664106460,Brightness_1,49.0
1513664106462,Temperature_2,26.72
1513664106465,Humidity_2,5.393478179105597
1513664106468,Brightness_2,191.0
1513664111905,Sound_P,77.19920484509075
1513664111909,PodiumIR,100
1513664112856,Temperature_1,26.01
1513664112859,Humidity_1,9.093074597130359
1513664112862,Brightness_1,49.0
1513664112864,Temperature_2,26.72
1513664112866,Humidity_2,5.393478179105597
1513664112869,Brightness_2,191.0
1513664119563,Temperature_1,26.13
1513664119566,Humidity_1,9.216394477731184
1513664119569,Brightness_1,48.0
1513664119571,Temperature_2,26.72
1513664119577,Humidity_2,5.393478179105597
1513664119580,Brightness_2,191.0
1513664121911,Sound_P,79.48080653810413
1513664121915,PodiumIR,98
1513664126024,Temperature_1,26.13
1513664126027,Humidity_1,9.216394477731184
1513664126030,Brightness_1,48.0
1513664126033,Temperature_2,26.72
1513664126035,Humidity_2,5.393478179105597
1513664126037,Brightness_2,191.0
1513664131917,Sound_P,78.6610829898935
1513664131921,PodiumIR,121
1513664132715,Temperature_1,26.13
1513664132718,Humidity_1,9.216394477731184
1513664132721,Brightness_1,48.0
1513664132724,Temperature_2,26.72
1513664132726,Humidity_2,5.393478179105597
1513664132728,Brightness_2,192.0
1513664139420,Temperature_1,26.13
1513664139422,Humidity_1,9.216394477731184
1513664139426,Brightness_1,48.0
1513664139429,Temperature_2,26.72
1513664139431,Humidity_2,5.393478179105597
1513664139434,Brightness_2,192.0
1513664141923,Sound_P,77.79930435088828
1513664141927,PodiumIR,98
1513664145878,Temperature_1,26.13
1513664145880,Humidity_1,9.216394477731184
1513664145883,Brightness_1,48.0
1513664145886,Temperature_2,26.72
1513664145888,Humidity_2,5.393478179105597
1513664145890,Brightness_2,192.0
1513664151929,Sound_P,74.91204818426347
1513664151933,PodiumIR,227
1513664152429,Temperature_1,26.13
1513664152432,Humidity_1,9.216394477731184
1513664152435,Brightness_1,48.0
1513664152437,Temperature_2,26.72
1513664152440,Humidity_2,5.393478179105597
1513664152442,Brightness_2,192.0
1513664158855,Temperature_1,26.13
1513664158858,Humidity_1,9.216394477731184
1513664158861,Brightness_1,48.0
1513664158864,Temperature_2,26.72
1513664158866,Humidity_2,5.393478179105597
1513664158868,Brightness_2,192.0
1513664161935,Sound_P,74.91204818426347
1513664161939,PodiumIR,216
1513664165541,Temperature_1,26.13
1513664165544,Humidity_1,9.216394477731184
1513664165547,Brightness_1,48.0
1513664165561,Temperature_2,26.72
1513664165564,Humidity_2,5.393478179105597
1513664165566,Brightness_2,192.0
1513664171941,Sound_P,76.25684571588656
1513664171945,PodiumIR,209
1513664171972,Temperature_1,26.13
1513664171974,Humidity_1,9.216394477731184
1513664171978,Brightness_1,48.0
1513664171981,Temperature_2,26.72
1513664171984,Humidity_2,5.393478179105597
1513664171987,Brightness_2,192.0
1513664178375,Temperature_1,26.13
1513664178378,Humidity_1,9.216394477731184
1513664178381,Brightness_1,48.0
1513664178384,Temperature_2,26.72
1513664178386,Humidity_2,5.393478179105597
1513664178388,Brightness_2,192.0
1513664180362,Motion_5,False
1513664180362,Motion_3,False
1513664180362,Seat_9,True
1513664181955,Sound_P,76.57687443958919
1513664181958,PodiumIR,214
1513664184806,Temperature_1,26.01
1513664184809,Humidity_1,9.093074597130359
1513664184812,Brightness_1,48.0
1513664184815,Temperature_2,26.72
1513664184817,Humidity_2,5.393478179105597
1513664184819,Brightness_2,192.0
1513664191337,Temperature_1,26.01
1513664191340,Humidity_1,9.093074597130359
1513664191343,Brightness_1,48.0
1513664191345,Temperature_2,26.72
1513664191348,Humidity_2,5.393478179105597
1513664191350,Brightness_2,192.0
1513664191961,Sound_P,75.93060245540138
1513664191964,PodiumIR,202
1513664197001,Motion_5,True
1513664197797,Temperature_1,26.01
1513664197800,Humidity_1,9.093074597130359
1513664197803,Brightness_1,48.0
1513664197805,Temperature_2,26.72
1513664197807,Humidity_2,5.146838417903951
1513664197809,Brightness_2,194.0
1513664199608,Motion_3,True
1513664201967,Sound_P,78.09150302019039
1513664201970,PodiumIR,236
1513664204239,Temperature_1,26.01
1513664204242,Humidity_1,9.093074597130359
1513664204246,Brightness_1,48.0
1513664204248,Temperature_2,26.72
1513664204250,Humidity_2,5.146838417903951
1513664204253,Brightness_2,194.0
1513664210699,Temperature_1,26.01
1513664210702,Humidity_1,9.093074597130359
1513664210705,Brightness_1,48.0
1513664210707,Temperature_2,26.72
1513664210710,Humidity_2,5.146838417903951
1513664210712,Brightness_2,194.0
1513664211973,Sound_P,78.09150302019039
1513664211976,PodiumIR,198
1513664217142,Temperature_1,26.01
1513664217145,Humidity_1,9.093074597130359
1513664217148,Brightness_1,48.0
1513664217151,Temperature_2,26.72
1513664217153,Humidity_2,5.146838417903951
1513664217156,Brightness_2,194.0
1513664221979,Sound_P,74.19700410241327
1513664221982,PodiumIR,214
1513664223701,Temperature_1,26.01
1513664223704,Humidity_1,9.093074597130359
1513664223707,Brightness_1,48.0
1513664223709,Temperature_2,26.72
1513664223712,Humidity_2,5.146838417903951
1513664223715,Brightness_2,194.0
1513664230164,Temperature_1,26.01
1513664230167,Humidity_1,9.093074597130359
1513664230170,Brightness_1,48.0
1513664230172,Temperature_2,26.72
1513664230174,Humidity_2,5.146838417903951
1513664230177,Brightness_2,194.0
1513664231985,Sound_P,74.19700410241327
1513664231988,PodiumIR,211
1513664236723,Temperature_1,26.01
1513664236729,Humidity_1,9.093074597130359
1513664236732,Brightness_1,48.0
1513664236734,Temperature_2,26.72
1513664236737,Humidity_2,5.146838417903951
1513664236739,Brightness_2,194.0
1513664241991,Sound_P,73.45017003946069
1513664242001,PodiumIR,210
1513664243660,Temperature_1,26.01
1513664243666,Humidity_1,9.093074597130359
1513664243668,Brightness_1,48.0
1513664243671,Temperature_2,26.72
1513664243677,Humidity_2,5.146838417903951
1513664243680,Brightness_2,194.0
1513664248554,Motion_5,False
1513664248554,Motion_3,False
1513664250321,Temperature_1,26.01
1513664250326,Humidity_1,8.969754716529529
1513664250329,Brightness_1,48.0
1513664250331,Temperature_2,26.72
1513664250333,Humidity_2,5.146838417903951
1513664250340,Brightness_2,194.0
1513664252004,Sound_P,74.19700410241327
1513664252007,PodiumIR,202
1513664256728,Temperature_1,26.01
1513664256733,Humidity_1,8.969754716529529
1513664256736,Brightness_1,48.0
1513664256738,Temperature_2,26.6
1513664256740,Humidity_2,5.270158298504776
1513664256742,Brightness_2,192.0
1513664262010,Sound_P,75.59789851419828
1513664262150,PodiumIR,206
1513664263550,Temperature_1,26.01
1513664263556,Humidity_1,8.969754716529529
1513664263559,Brightness_1,48.0
1513664263561,Temperature_2,26.6
1513664263563,Humidity_2,5.270158298504776
1513664263565,Brightness_2,192.0
1513664269981,Temperature_1,26.01
1513664269984,Humidity_1,8.969754716529529
1513664269988,Brightness_1,48.0
1513664269990,Temperature_2,26.6
1513664269992,Humidity_2,5.270158298504776
1513664269994,Brightness_2,192.0
1513664272152,Sound_P,78.6610829898935
1513664272156,PodiumIR,205
1513664276433,Temperature_1,26.01
1513664276436,Humidity_1,8.969754716529529
1513664276439,Brightness_1,48.0
1513664276441,Temperature_2,26.6
1513664276444,Humidity_2,5.270158298504776
1513664276446,Brightness_2,192.0
1513664280699,Motion_3,False
1513664282159,Sound_P,82.18459763092324
1513664282162,PodiumIR,199
1513664282834,Temperature_1,26.01
1513664282837,Humidity_1,8.969754716529529
1513664282840,Brightness_1,48.0
1513664282843,Temperature_2,26.6
1513664282845,Humidity_2,5.270158298504776
1513664282848,Brightness_2,192.0
1513664289541,Temperature_1,26.01
1513664289544,Humidity_1,8.969754716529529
1513664289548,Brightness_1,48.0
1513664289550,Temperature_2,26.6
1513664289552,Humidity_2,5.270158298504776
1513664289554,Brightness_2,192.0
1513664292164,Sound_P,74.91204818426347
1513664292168,PodiumIR,200
1513664296197,Temperature_1,26.01
1513664296200,Humidity_1,8.969754716529529
1513664296203,Brightness_1,48.0
1513664296205,Temperature_2,26.6
1513664296207,Humidity_2,5.270158298504776
1513664296210,Brightness_2,192.0
1513664302178,Sound_P,75.59789851419828
1513664302181,PodiumIR,196
1513664302708,Temperature_1,26.01
1513664302711,Humidity_1,8.969754716529529
1513664302717,Brightness_1,48.0
1513664302719,Temperature_2,26.6
1513664302722,Humidity_2,5.270158298504776
1513664302724,Brightness_2,192.0
1513664309407,Temperature_1,26.01
1513664309409,Humidity_1,8.969754716529529
1513664309412,Brightness_1,48.0
1513664309415,Temperature_2,26.6
1513664309417,Humidity_2,5.270158298504776
1513664309419,Brightness_2,192.0
1513664312184,Sound_P,75.25847282855663
1513664312187,PodiumIR,188
1513664316062,Temperature_1,26.01
1513664316065,Humidity_1,9.093074597130359
1513664316068,Brightness_1,48.0
1513664316070,Temperature_2,26.6
1513664316072,Humidity_2,5.270158298504776
1513664316075,Brightness_2,192.0
1513664319855,Motion_3,False
1513664322190,Sound_P,82.18459763092324
1513664322193,PodiumIR,211
1513664322718,Temperature_1,26.01
1513664322721,Humidity_1,9.093074597130359
1513664322724,Brightness_1,48.0
1513664322727,Temperature_2,26.72
1513664322729,Humidity_2,5.393478179105597
1513664322732,Brightness_2,198.0
1513664329181,Temperature_1,26.01
1513664329184,Humidity_1,9.093074597130359
1513664329187,Brightness_1,48.0
1513664329190,Temperature_2,26.72
1513664329192,Humidity_2,5.393478179105597
1513664329195,Brightness_2,198.0
1513664332196,Sound_P,79.74539468352583
1513664332199,PodiumIR,211
1513664335621,Temperature_1,26.01
1513664335624,Humidity_1,9.093074597130359
1513664335627,Brightness_1,48.0
1513664335629,Temperature_2,26.72
1513664335631,Humidity_2,5.393478179105597
1513664335634,Brightness_2,198.0
1513664339966,Motion_3,False
1513664342080,Temperature_1,26.01
1513664342083,Humidity_1,9.093074597130359
1513664342086,Brightness_1,48.0
1513664342089,Temperature_2,26.72
1513664342091,Humidity_2,5.393478179105597
1513664342093,Brightness_2,198.0
1513664342202,Sound_P,84.70948892435517
1513664342206,PodiumIR,135
1513664348524,Temperature_1,26.01
1513664348527,Humidity_1,9.093074597130359
1513664348530,Brightness_1,48.0
1513664348532,Temperature_2,26.72
1513664348534,Humidity_2,5.393478179105597
1513664348537,Brightness_2,198.0
1513664351542,Motion_5,True
1513664352208,Sound_P,73.45017003946069
1513664352212,PodiumIR,152
1513664354933,Temperature_1,26.01
1513664354936,Humidity_1,9.093074597130359
1513664354939,Brightness_1,48.0
1513664354941,Temperature_2,26.72
1513664354944,Humidity_2,5.393478179105597
1513664354946,Brightness_2,198.0
1513664358146,Projector,Off
1513664361631,Temperature_1,26.01
1513664361634,Humidity_1,9.093074597130359
1513664361637,Brightness_1,48.0
1513664361639,Temperature_2,26.72
1513664361641,Humidity_2,5.393478179105597
1513664361644,Brightness_2,198.0
1513664362214,Sound_P,87.74008173124611
1513664362218,PodiumIR,151
1513664363163,Motion_3,False
1513664368073,Temperature_1,26.01
1513664368076,Humidity_1,9.093074597130359
1513664368080,Brightness_1,48.0
1513664368082,Temperature_2,26.72
1513664368085,Humidity_2,5.393478179105597
1513664368088,Brightness_2,198.0
1513664372220,Sound_P,77.50193375604124
1513664372224,PodiumIR,155
1513664373149,Motion_5,False
1513664374699,Temperature_1,26.01
1513664374702,Humidity_1,9.093074597130359
1513664374705,Brightness_1,48.0
1513664374708,Temperature_2,26.72
1513664374710,Humidity_2,5.393478179105597
1513664374713,Brightness_2,198.0
1513664376065,Motion_3,True
1513664381299,Temperature_1,26.01
1513664381302,Humidity_1,9.093074597130359
1513664381305,Brightness_1,48.0
1513664381308,Temperature_2,26.72
1513664381310,Humidity_2,5.393478179105597
1513664381312,Brightness_2,198.0
1513664382232,Sound_P,79.48080653810413
1513664382235,PodiumIR,152
1513664383829,Motion_4,True
1513664387743,Temperature_1,26.01
1513664387746,Humidity_1,9.093074597130359
1513664387749,Brightness_1,48.0
1513664387752,Temperature_2,26.72
1513664387754,Humidity_2,5.393478179105597
1513664387756,Brightness_2,199.0
1513664388142,Motion_5,False
1513664388142,Motion_2,True
1513664388142,Motion_1,True
1513664388142,Motion_3,True
1513664388147,Motion_5,True
1513664392238,Sound_P,74.55832985633069
1513664392241,PodiumIR,191
1513664394125,Motion_6,True
1513664394125,Motion_7,True
1513664394405,Temperature_1,26.01
1513664394409,Humidity_1,9.093074597130359
1513664394412,Brightness_1,48.0
1513664394414,Temperature_2,26.72
1513664394417,Humidity_2,5.393478179105597
1513664394419,Brightness_2,199.0
1513664395751,Motion_8,True
1513664395756,Motion_4,True
1513664400814,Temperature_1,26.01
1513664400817,Humidity_1,9.093074597130359
1513664400820,Brightness_1,48.0
1513664400822,Temperature_2,26.72
1513664400824,Humidity_2,5.393478179105597
1513664400827,Brightness_2,199.0
1513664401054,Motion_2,True
1513664401054,Motion_1,False
1513664401054,Motion_3,True
1513664401054,Motion_5,True
1513664402243,Sound_P,77.79930435088828
1513664402247,PodiumIR,237
1513664404560,Motion_1,True
1513664407507,Temperature_1,26.01
1513664407509,Humidity_1,9.093074597130359
1513664407513,Brightness_1,48.0
1513664407515,Temperature_2,26.72
1513664407518,Humidity_2,5.393478179105597
1513664407521,Brightness_2,199.0
1513664412250,Sound_P,72.66858725677886
1513664412253,PodiumIR,209
1513664414271,Temperature_1,26.01
1513664414274,Humidity_1,9.093074597130359
1513664414277,Brightness_1,48.0
1513664414280,Temperature_2,26.72
1513664414282,Humidity_2,5.393478179105597
1513664414284,Brightness_2,199.0
1513664420699,Temperature_1,26.01
1513664420702,Humidity_1,9.093074597130359
1513664420705,Brightness_1,48.0
1513664420708,Temperature_2,26.72
1513664420710,Humidity_2,5.393478179105597
1513664420713,Brightness_2,199.0
1513664422256,Sound_P,79.21198480314258
1513664422259,PodiumIR,207
1513664427106,Temperature_1,26.01
1513664427109,Humidity_1,9.093074597130359
1513664427112,Brightness_1,48.0
1513664427114,Temperature_2,26.72
1513664427116,Humidity_2,5.393478179105597
1513664427119,Brightness_2,199.0
1513664432262,Sound_P,78.6610829898935
1513664432265,PodiumIR,185
1513664433503,Temperature_1,26.01
1513664433506,Humidity_1,9.093074597130359
1513664433509,Brightness_1,48.0
1513664433511,Temperature_2,26.72
1513664433513,Humidity_2,5.393478179105597
1513664433516,Brightness_2,199.0
1513664440275,Temperature_1,26.01
1513664440278,Humidity_1,8.969754716529529
1513664440281,Brightness_1,48.0
1513664440284,Temperature_2,26.72
1513664440286,Humidity_2,5.393478179105597
1513664440289,Brightness_2,199.0
1513664442268,Sound_P,75.25847282855663
1513664442271,PodiumIR,134
1513664446701,Temperature_1,26.01
1513664446703,Humidity_1,8.969754716529529
1513664446707,Brightness_1,48.0
1513664446710,Temperature_2,26.6
1513664446712,Humidity_2,5.270158298504776
1513664446715,Brightness_2,194.0
1513664452274,Sound_P,74.55832985633069
1513664452277,PodiumIR,146
1513664453144,Temperature_1,26.01
1513664453147,Humidity_1,8.969754716529529
1513664453150,Brightness_1,48.0
1513664453153,Temperature_2,26.6
1513664453155,Humidity_2,5.270158298504776
1513664453158,Brightness_2,194.0
1513664459834,Temperature_1,26.01
1513664459837,Humidity_1,8.969754716529529
1513664459841,Brightness_1,48.0
1513664459843,Temperature_2,26.6
1513664459845,Humidity_2,5.270158298504776
1513664459847,Brightness_2,194.0
1513664462280,Sound_P,66.44593723960276
1513664462283,PodiumIR,116
1513664466286,Temperature_1,26.01
1513664466289,Humidity_1,8.969754716529529
1513664466292,Brightness_1,48.0
1513664466294,Temperature_2,26.6
1513664466296,Humidity_2,5.270158298504776
1513664466300,Brightness_2,194.0
1513664467148,Door,activate
1513664468140,Door,activate
