timestamp,sensor_name,value
1505890095889.0,Door,activate
1505890096638.0,Sound_R,67.84512507179078
1505890097403.0,Sound_C,67.59562407449896
1505890098038.0,Light_2,On
1505890099399.3674,Temperature_1,25.78
1505890099401.3245,Humidity_1,56.07794910604482
1505890099415.3062,Humidity_2,58.91430635986382
1505890099415.3306,Temperature_2,23.55
1505890101990.0,Sound_L,64.19274228665611
1505890102329.0,Sound_P,117.87059668637389
1505890102335.0,PodiumIR,87
1505890106060.3062,Temperature_1,25.78
1505890106074.2705,Humidity_1,56.07794910604482
1505890106075.2754,Temperature_2,23.55
1505890106082.2551,Humidity_2,58.91430635986382
1505890106638.0,Sound_R,68.71093286676368
1505890107403.0,Sound_C,66.38900945404534
1505890110738.0,Door,activate
1505890111990.0,Sound_L,64.57602510125739
1505890112341.0,Sound_P,117.89771695053554
1505890112345.0,PodiumIR,90
1505890112737.2163,Humidity_1,56.07794910604482
1505890112737.2449,Temperature_1,25.78
1505890112742.2205,Temperature_2,23.55
1505890112749.204,Humidity_2,58.91430635986382
1505890116638.0,Sound_R,67.59458293795267
1505890117403.0,Sound_C,65.09902397815978
1505890119396.1836,Temperature_1,25.78
1505890119405.1624,Humidity_1,56.07794910604482
1505890119414.1653,Temperature_2,23.55
1505890119418.153,Humidity_2,58.91430635986382
1505890121990.0,Sound_L,62.98065085864637
1505890122348.0,Sound_P,117.59695871579397
1505890122352.0,PodiumIR,102
1505890126068.1226,Temperature_1,25.78
1505890126074.11,Temperature_2,23.55
1505890126078.1082,Humidity_1,56.07794910604482
1505890126087.102,Humidity_2,58.91430635986382
1505890126638.0,Sound_R,63.23279171208457
1505890127403.0,Sound_C,62.23722115362907
1505890131990.0,Sound_L,63.071428909582394
1505890132362.0,Sound_P,117.84343257374664
1505890132366.0,PodiumIR,85
1505890132732.0613,Temperature_1,25.78
1505890132743.0542,Humidity_1,56.07794910604482
1505890132746.051,Humidity_2,58.91430635986382
1505890132751.0552,Temperature_2,23.55
1505890136638.0,Sound_R,62.12499958958394
1505890137403.0,Sound_C,62.8504019358185
1505890139400.0,Temperature_1,25.78
1505890139407.0,Humidity_1,56.07794910604482
1505890139413.0,Temperature_2,23.55
1505890139416.0,Humidity_2,58.91430635986382
1505890141990.0,Sound_L,61.70661373570151
1505890142376.0,Sound_P,117.84343257374664
1505890142380.0,PodiumIR,87
1505890146061.0,Temperature_1,25.78
1505890146068.0,Humidity_1,56.07794910604482
1505890146079.0,Temperature_2,23.55
1505890146081.0,Humidity_2,58.91430635986382
1505890146638.0,Sound_R,62.48634752559081
1505890147403.0,Sound_C,64.20442751861599
1505890151990.0,Sound_L,61.18010461726334
1505890152391.0,Sound_P,117.81622447063441
1505890152395.0,PodiumIR,119
1505890152728.0,Temperature_1,25.78
1505890152740.0,Humidity_1,56.07794910604482
1505890152743.0,Humidity_2,58.91430635986382
1505890152745.0,Temperature_2,23.55
1505890156638.0,Sound_R,61.78438852317176
1505890157403.0,Sound_C,64.93522299253068
1505890159396.0,Temperature_1,25.78
1505890159401.0,Humidity_2,58.91430635986382
1505890159401.0,Humidity_1,56.07794910604482
1505890159410.0,Temperature_2,23.55
1505890161990.0,Sound_L,60.04426064954093
1505890162406.0,Sound_P,117.89771695053554
1505890162410.0,PodiumIR,102
1505890166059.0,Humidity_1,56.07794910604482
1505890166061.0,Temperature_1,25.78
1505890166070.0,Temperature_2,23.55
1505890166073.0,Humidity_2,58.91430635986382
1505890166638.0,Sound_R,60.92842159840867
1505890167403.0,Sound_C,65.30176701461949
1505890171990.0,Sound_L,59.201676413607586
1505890172422.0,Sound_P,118.4311268309188
1505890172425.0,PodiumIR,90
1505890172722.0,Temperature_1,25.78
1505890172727.0,Humidity_1,56.07794910604482
1505890172728.0,Temperature_2,23.55
1505890172730.0,Humidity_2,58.91430635986382
1505890176638.0,Sound_R,60.64246237482413
1505890177403.0,Sound_C,63.789308666034195
1505890179389.0,Temperature_1,25.78
1505890179389.0,Humidity_1,56.07794910604482
1505890179397.0,Temperature_2,23.55
1505890179397.0,Humidity_2,58.91430635986382
1505890181990.0,Sound_L,59.25713059332793
1505890182437.0,Sound_P,117.70694928866428
1505890182441.0,PodiumIR,91
1505890186044.0,Temperature_1,25.78
1505890186057.0,Humidity_2,58.91430635986382
1505890186060.0,Humidity_1,56.07794910604482
1505890186065.0,Temperature_2,23.55
1505890186638.0,Sound_R,60.44406317934969
1505890187403.0,Sound_C,62.43506539273837
1505890191990.0,Sound_L,59.65018695441218
1505890192451.0,Sound_P,117.76167572141729
1505890192455.0,PodiumIR,79
1505890192707.0,Temperature_1,25.78
1505890192719.0,Humidity_1,56.07794910604482
1505890192724.0,Temperature_2,23.55
1505890192724.0,Humidity_2,58.91430635986382
1505890196638.0,Sound_R,60.675294990353194
1505890197403.0,Sound_C,62.142648494264996
1505890199374.0,Temperature_1,25.78
1505890199384.0,Humidity_2,58.91430635986382
1505890199388.0,Humidity_1,56.07794910604482
1505890199389.0,Temperature_2,23.55
1505890201990.0,Sound_L,58.89178883244398
1505890202466.0,Sound_P,117.89771695053554
1505890202470.0,PodiumIR,95
1505890206043.0,Humidity_2,58.91430635986382
1505890206044.0,Temperature_1,25.78
1505890206051.0,Humidity_1,56.07794910604482
1505890206052.0,Temperature_2,23.55
1505890206638.0,Sound_R,61.63571365825669
1505890207403.0,Sound_C,62.50940291218035
1505890211990.0,Sound_L,59.90607899941122
1505890212476.0,Sound_P,117.95182649811095
1505890212480.0,PodiumIR,112
1505890212705.0,Humidity_2,58.91430635986382
1505890212709.0,Temperature_1,25.78
1505890212710.0,Humidity_1,56.07794910604482
1505890212719.0,Temperature_2,23.55
1505890216638.0,Sound_R,61.833887011119636
1505890217403.0,Sound_C,63.31983056976366
1505890219370.0,Humidity_1,56.07794910604482
1505890219373.0,Temperature_1,25.78
1505890219374.0,Humidity_2,58.91430635986382
1505890219383.0,Temperature_2,23.55
1505890221990.0,Sound_L,59.86444890068125
1505890222490.0,Sound_P,118.3785414984758
1505890222494.0,PodiumIR,93
1505890226028.0,Temperature_1,25.78
1505890226036.0,Humidity_2,58.91430635986382
1505890226036.0,Humidity_1,56.07794910604482
1505890226045.0,Temperature_2,23.55
1505890226638.0,Sound_R,61.526621352922
1505890227403.0,Sound_C,63.45030409761612
1505890231990.0,Sound_L,61.01392953081775
1505890232499.0,Sound_P,117.51399064595054
1505890232503.0,PodiumIR,105
1505890232691.0,Temperature_1,25.78
1505890232693.0,Humidity_2,58.91430635986382
1505890232705.0,Temperature_2,23.55
1505890232706.0,Humidity_1,56.07794910604482
1505890236638.0,Sound_R,61.764999799800684
1505890237403.0,Sound_C,63.128609967290934
1505890239358.0,Humidity_2,58.91430635986382
1505890239363.0,Temperature_1,25.78
1505890239372.0,Humidity_1,56.07794910604482
1505890239372.0,Temperature_2,23.55
1505890241990.0,Sound_L,60.209040587700315
1505890242513.0,Sound_P,117.78897223432665
1505890242517.0,PodiumIR,95
1505890246023.0,Temperature_1,25.78
1505890246024.0,Humidity_2,58.91430635986382
1505890246036.0,Humidity_1,56.07794910604482
1505890246039.0,Temperature_2,23.55
1505890246638.0,Sound_R,61.71485216750644
1505890247403.0,Sound_C,62.879573651634814
1505890251990.0,Sound_L,60.20557601314468
1505890252523.0,Sound_P,117.92479350756437
1505890252527.0,PodiumIR,96
1505890252683.0,Humidity_2,58.91430635986382
1505890252689.0,Temperature_1,25.78
1505890252698.0,Humidity_1,56.07794910604482
1505890252702.0,Temperature_2,23.55
1505890256638.0,Sound_R,60.50293874823766
1505890257403.0,Sound_C,62.16206004560403
1505890259350.0,Humidity_2,58.91430635986382
1505890259357.0,Temperature_1,25.78
1505890259362.0,Temperature_2,23.55
1505890259363.0,Humidity_1,56.07794910604482
1505890261991.0,Sound_L,59.28284172678861
1505890262536.0,Sound_P,117.78897223432665
1505890262542.0,PodiumIR,99
1505890266013.0,Humidity_2,58.91430635986382
1505890266014.0,Temperature_1,25.78
1505890266028.0,Humidity_1,56.07794910604482
1505890266028.0,Temperature_2,23.55
1505890266638.0,Sound_R,59.35801950702657
1505890267403.0,Sound_C,61.74812941236266
1505890271991.0,Sound_L,59.36092826209959
1505890272550.0,Sound_P,117.84343257374664
1505890272555.0,PodiumIR,100
1505890272680.0,Temperature_1,25.78
1505890272687.0,Humidity_1,56.07794910604482
1505890272693.0,Temperature_2,23.55
1505890272695.0,Humidity_2,58.91430635986382
1505890276638.0,Sound_R,59.4414530288257
1505890277403.0,Sound_C,62.206935853864685
1505890279342.0,Temperature_1,25.78
1505890279353.0,Temperature_2,23.55
1505890279354.0,Humidity_1,56.07794910604482
1505890279358.0,Humidity_2,58.91430635986382
1505890281991.0,Sound_L,59.21651653712324
1505890282561.0,Sound_P,117.84343257374664
1505890282567.0,PodiumIR,98
1505890286008.0,Temperature_1,25.78
1505890286012.0,Humidity_1,56.07794910604482
1505890286019.0,Temperature_2,23.55
1505890286024.0,Humidity_2,58.91430635986382
1505890286638.0,Sound_R,60.13238726748474
1505890287403.0,Sound_C,62.44129638042813
1505890291991.0,Sound_L,60.0512304192331
1505890292573.0,Sound_P,117.92479350756437
1505890292578.0,PodiumIR,75
1505890292671.0,Temperature_1,25.78
1505890292676.0,Humidity_1,56.07794910604482
1505890292681.0,Temperature_2,23.55
1505890292691.0,Humidity_2,58.91430635986382
1505890296638.0,Sound_R,60.62481334433772
1505890297403.0,Sound_C,62.60236919667694
1505890299341.0,Temperature_1,25.78
1505890299346.0,Humidity_1,56.07794910604482
1505890299352.0,Temperature_2,23.55
1505890299356.0,Humidity_2,58.91430635986382
1505890301991.0,Sound_L,60.59613132694386
1505890302586.0,Sound_P,117.89771695053554
1505890302590.0,PodiumIR,110
1505890305996.0,Temperature_1,25.78
1505890306011.0,Humidity_1,56.07794910604482
1505890306013.0,Humidity_2,58.91430635986382
1505890306017.0,Temperature_2,23.55
1505890306638.0,Sound_R,61.08133363833039
1505890307403.0,Sound_C,62.99596181547931
1505890311991.0,Sound_L,59.83926800580638
1505890312599.0,Sound_P,117.78897223432665
1505890312603.0,PodiumIR,92
1505890312662.0,Temperature_1,25.78
1505890312674.0,Humidity_1,56.07794910604482
1505890312678.0,Temperature_2,23.55
1505890312678.0,Humidity_2,58.91430635986382
1505890316638.0,Sound_R,61.147947236295124
1505890317403.0,Sound_C,63.21565074399874
1505890319327.0,Temperature_1,25.78
1505890319330.0,Humidity_1,56.07794910604482
1505890319341.0,Temperature_2,23.55
1505890319347.0,Humidity_2,58.91430635986382
1505890321991.0,Sound_L,59.66715366917731
1505890322621.0,Sound_P,117.92479350756437
1505890322624.0,PodiumIR,106
1505890325990.0,Temperature_1,25.78
1505890325994.0,Humidity_1,56.07794910604482
1505890326004.0,Humidity_2,58.91430635986382
1505890326005.0,Temperature_2,23.55
1505890326638.0,Sound_R,61.3065186021195
1505890327403.0,Sound_C,63.237458126366164
1505890331991.0,Sound_L,59.30028440275448
1505890332633.0,Sound_P,117.89771695053554
1505890332637.0,PodiumIR,93
1505890332661.0,Temperature_1,25.78
1505890332668.0,Humidity_1,56.07794910604482
1505890332668.0,Temperature_2,23.55
1505890332673.0,Humidity_2,58.91430635986382
1505890336638.0,Sound_R,63.68613484462012
1505890337403.0,Sound_C,64.04752756583706
1505890339321.0,Temperature_1,25.78
1505890339325.0,Humidity_1,56.07794910604482
1505890339334.0,Temperature_2,23.55
1505890339337.0,Humidity_2,58.91430635986382
1505890339845.0,Motion_5,False
1505890339845.0,Seat_9,False
1505890339845.0,Motion_4,False
1505890341991.0,Sound_L,60.534929857682094
1505890342643.0,Sound_P,117.87059668637389
1505890342646.0,PodiumIR,97
1505890345979.0,Temperature_1,25.78
1505890345988.0,Humidity_1,56.07794910604482
1505890346000.0,Temperature_2,23.55
1505890346004.0,Humidity_2,58.91430635986382
1505890346638.0,Sound_R,67.18961920660149
1505890347403.0,Sound_C,64.68322963587251
1505890351991.0,Sound_L,60.8674365729496
1505890352649.0,Temperature_1,25.78
1505890352649.0,Sound_P,117.89771695053554
1505890352653.0,PodiumIR,90
1505890352660.0,Humidity_1,56.07794910604482
1505890352660.0,Temperature_2,23.55
1505890352662.0,Humidity_2,58.91430635986382
1505890356638.0,Sound_R,67.15619951172876
1505890357403.0,Sound_C,64.2183126738086
1505890359312.0,Temperature_1,25.78
1505890359317.0,Humidity_1,56.07794910604482
1505890359328.0,Temperature_2,23.55
1505890359329.0,Humidity_2,58.91430635986382
1505890361990.0,Sound_L,61.24995461578199
1505890362659.0,Sound_P,118.4311268309188
1505890362663.0,PodiumIR,102
1505890365975.0,Temperature_1,25.78
1505890365983.0,Humidity_1,56.07794910604482
1505890365991.0,Temperature_2,23.55
1505890365994.0,Humidity_2,58.91430635986382
1505890366638.0,Sound_R,63.95250508587935
1505890367403.0,Sound_C,63.429480994242056
1505890371990.0,Sound_L,61.51471493037681
1505890372638.0,Temperature_1,25.78
1505890372648.0,Temperature_2,23.55
1505890372649.0,Humidity_1,56.07794910604482
1505890372653.0,Humidity_2,58.91430635986382
1505890372669.0,Sound_P,118.3521869832679
1505890372673.0,PodiumIR,98
1505890376638.0,Sound_R,62.47899918183514
1505890377403.0,Sound_C,63.29104481509258
1505890379300.0,Temperature_1,25.78
1505890379312.0,Humidity_1,56.07794910604482
1505890379318.0,Temperature_2,23.55
1505890379321.0,Humidity_2,58.91430635986382
1505890381990.0,Sound_L,62.13475578976623
1505890382679.0,Sound_P,118.40485473799694
1505890382683.0,PodiumIR,93
1505890385965.0,Temperature_1,25.78
1505890385980.0,Humidity_1,56.07794910604482
1505890385985.0,Temperature_2,23.55
1505890385988.0,Humidity_2,58.91430635986382
1505890386638.0,Sound_R,63.090513294692585
1505890387403.0,Sound_C,63.26947339843906
1505890391990.0,Sound_L,61.964567915700734
1505890392628.0,Temperature_1,25.78
1505890392635.0,Humidity_1,56.07794910604482
1505890392642.0,Temperature_2,23.55
1505890392644.0,Humidity_2,58.91430635986382
1505890392692.0,Sound_P,117.59695871579397
1505890392696.0,PodiumIR,91
1505890396638.0,Sound_R,63.37736899353021
1505890397403.0,Sound_C,63.09813694575468
1505890399296.0,Temperature_1,25.78
1505890399299.0,Humidity_1,56.07794910604482
1505890399311.0,Humidity_2,58.91430635986382
1505890399314.0,Temperature_2,23.55
1505890401990.0,Sound_L,60.50937112304551
1505890402703.0,Sound_P,117.56934819191356
1505890402707.0,PodiumIR,113
1505890405960.0,Temperature_1,25.78
1505890405968.0,Humidity_1,56.07794910604482
1505890405978.0,Temperature_2,23.55
1505890405984.0,Humidity_2,58.91430635986382
1505890406638.0,Sound_R,61.88398558990746
1505890407403.0,Sound_C,62.44262515714723
1505890411990.0,Sound_L,59.05039034403653
1505890412620.0,Temperature_1,25.78
1505890412630.0,Humidity_1,56.07794910604482
1505890412645.0,Temperature_2,23.55
1505890412649.0,Humidity_2,58.91430635986382
1505890412710.0,Sound_P,117.62452393936876
1505890412719.0,PodiumIR,94
1505890416638.0,Sound_R,60.828930050440476
1505890417403.0,Sound_C,62.270686922357434
1505890419283.0,Temperature_1,25.78
1505890419290.0,Humidity_1,56.07794910604482
1505890419299.0,Temperature_2,23.55
1505890419315.0,Humidity_2,58.91430635986382
1505890421990.0,Sound_L,58.30028061327529
1505890422724.0,Sound_P,117.89771695053554
1505890422733.0,PodiumIR,100
1505890425955.0,Temperature_1,25.78
1505890425962.0,Humidity_1,56.07794910604482
1505890425967.0,Temperature_2,23.55
1505890425973.0,Humidity_2,58.91430635986382
1505890426638.0,Sound_R,61.1603347139052
1505890427403.0,Sound_C,62.7270601531078
1505890431990.0,Sound_L,59.24637092494981
1505890432614.0,Temperature_1,25.78
1505890432619.0,Humidity_1,56.07794910604482
1505890432632.0,Humidity_2,58.91430635986382
1505890432634.0,Temperature_2,23.55
1505890432738.0,Sound_P,117.87059668637389
1505890432747.0,PodiumIR,79
1505890436638.0,Sound_R,61.59968053421897
1505890437403.0,Sound_C,62.22882188594941
1505890439277.0,Temperature_1,25.78
1505890439288.0,Humidity_1,56.07794910604482
1505890439295.0,Temperature_2,23.55
1505890439302.0,Humidity_2,58.91430635986382
1505890441990.0,Sound_L,59.46861854286258
1505890442752.0,Sound_P,117.59695871579397
1505890442755.0,PodiumIR,101
1505890445947.0,Temperature_1,25.78
1505890445948.0,Humidity_1,56.07794910604482
1505890445955.0,Temperature_2,23.55
1505890445960.0,Humidity_2,58.91430635986382
1505890446638.0,Sound_R,62.04304581049681
1505890447403.0,Sound_C,62.54643655888517
1505890451990.0,Sound_L,59.43333644629239
1505890452604.0,Humidity_1,56.07794910604482
1505890452610.0,Temperature_1,25.78
1505890452620.0,Humidity_2,58.91430635986382
1505890452622.0,Temperature_2,23.55
1505890452758.0,Sound_P,118.45735790572417
1505890452762.0,PodiumIR,93
1505890456638.0,Sound_R,61.33039673632808
1505890457403.0,Sound_C,63.73737652858292
1505890459273.0,Humidity_1,56.07794910604482
1505890459273.0,Temperature_1,25.78
1505890459277.0,Temperature_2,23.55
1505890459285.0,Humidity_2,58.91430635986382
1505890461990.0,Sound_L,58.26631649245388
1505890462765.0,Sound_P,117.92479350756437
1505890462771.0,PodiumIR,79
1505890465933.0,Humidity_1,56.07794910604482
1505890465941.0,Temperature_1,25.78
1505890465943.0,Temperature_2,23.55
1505890465948.0,Humidity_2,58.91430635986382
1505890466638.0,Sound_R,60.89091437367551
1505890467403.0,Sound_C,63.92826401014715
1505890471990.0,Sound_L,58.22331531793198
1505890472597.0,Humidity_1,56.07794910604482
1505890472598.0,Temperature_1,25.78
1505890472609.0,Humidity_2,58.91430635986382
1505890472609.0,Temperature_2,23.55
1505890472775.0,Sound_P,117.81622447063441
1505890472780.0,PodiumIR,93
1505890476638.0,Sound_R,61.66472248714504
1505890477403.0,Sound_C,63.42450394550747
1505890479260.0,Humidity_1,56.07794910604482
1505890479269.0,Temperature_1,25.78
1505890479274.0,Temperature_2,23.55
1505890479279.0,Humidity_2,58.91430635986382
1505890481990.0,Sound_L,59.074689315013956
1505890482784.0,Sound_P,117.81622447063441
1505890482798.0,PodiumIR,136
1505890485921.0,Humidity_1,56.07794910604482
1505890485929.0,Temperature_1,25.78
1505890485937.0,Temperature_2,23.55
1505890485939.0,Humidity_2,58.91430635986382
1505890486638.0,Sound_R,61.3943200727547
1505890487403.0,Sound_C,63.058116713498066
1505890491990.0,Sound_L,60.38024397636653
1505890492587.0,Humidity_1,56.07794910604482
1505890492592.0,Temperature_1,25.78
1505890492599.0,Temperature_2,23.55
1505890492603.0,Humidity_2,58.91430635986382
1505890492807.0,Sound_P,117.89771695053554
1505890492811.0,PodiumIR,77
1505890496638.0,Sound_R,61.52068552110932
1505890497403.0,Sound_C,63.04939513037497
1505890499251.0,Humidity_1,56.07794910604482
1505890499260.0,Temperature_1,25.78
1505890499262.0,Humidity_2,58.91430635986382
1505890499263.0,Temperature_2,23.55
1505890501990.0,Sound_L,60.84862729598527
1505890502814.0,Sound_P,117.92479350756437
1505890502817.0,PodiumIR,92
1505890505912.0,Humidity_1,56.07794910604482
1505890505923.0,Temperature_2,23.55
1505890505923.0,Temperature_1,25.78
1505890505930.0,Humidity_2,58.91430635986382
1505890506638.0,Sound_R,62.3786246030211
1505890507403.0,Sound_C,62.95741623887275
1505890511990.0,Sound_L,60.01148351601691
1505890512575.0,Humidity_1,56.07794910604482
1505890512586.0,Temperature_1,25.78
1505890512589.0,Humidity_2,58.91430635986382
1505890512590.0,Temperature_2,23.55
1505890512821.0,Sound_P,118.48354809029503
1505890512825.0,PodiumIR,92
1505890516638.0,Sound_R,61.304574806372294
1505890517403.0,Sound_C,62.73354256650894
1505890519236.0,Humidity_1,56.07794910604482
1505890519249.0,Temperature_1,25.78
1505890519254.0,Temperature_2,23.55
1505890519259.0,Humidity_2,58.91430635986382
1505890521990.0,Sound_L,59.18752998760762
1505890522828.0,Sound_P,117.89771695053554
1505890522831.0,PodiumIR,86
1505890525534.0,Motion_4,True
1505890525906.0,Humidity_1,56.07794910604482
1505890525912.0,Temperature_2,23.55
1505890525916.0,Temperature_1,25.78
1505890525919.0,Humidity_2,58.91430635986382
1505890526638.0,Sound_R,59.631099153058756
1505890527403.0,Sound_C,62.78560730075
1505890530877.0,Motion_1,True
1505890530877.0,Motion_8,True
1505890531990.0,Sound_L,58.74317670314255
1505890532568.0,Humidity_1,56.07794910604482
1505890532572.0,Temperature_2,23.55
1505890532574.0,Temperature_1,25.78
1505890532577.0,Humidity_2,58.91430635986382
1505890532743.0,Motion_2,True
1505890532743.0,Motion_7,True
1505890532835.0,Sound_P,117.87059668637389
1505890532839.0,PodiumIR,92
1505890536638.0,Sound_R,60.130075922969205
1505890537403.0,Sound_C,62.840695024455435
1505890537866.0,Motion_3,True
1505890537866.0,Motion_4,True
1505890539240.0,Temperature_1,25.78
1505890539247.0,Humidity_1,56.07794910604482
1505890539252.0,Temperature_2,23.55
1505890539254.0,Humidity_2,58.91430635986382
1505890541990.0,Sound_L,58.88675790417489
1505890542842.0,Sound_P,117.89771695053554
1505890542845.0,PodiumIR,104
1505890543794.0,Motion_8,True
1505890543794.0,Motion_1,True
1505890545645.0,Motion_2,True
1505890545645.0,Motion_7,False
1505890545899.0,Temperature_1,25.78
1505890545909.0,Humidity_1,56.07794910604482
1505890545919.0,Humidity_2,58.91430635986382
1505890545921.0,Temperature_2,23.55
1505890546638.0,Sound_R,60.86180173847074
1505890547403.0,Sound_C,61.99957593000418
1505890550773.0,Motion_3,True
1505890551990.0,Sound_L,59.44273043194251
1505890552569.0,Temperature_1,25.78
1505890552575.0,Temperature_2,23.55
1505890552575.0,Humidity_1,56.07794910604482
1505890552581.0,Humidity_2,58.91430635986382
1505890552849.0,Sound_P,117.87059668637389
1505890552853.0,PodiumIR,93
1505890556638.0,Sound_R,61.51395630923333
1505890557403.0,Sound_C,61.089035188768605
1505890559227.0,Temperature_1,25.78
1505890559237.0,Humidity_1,56.07794910604482
1505890559241.0,Humidity_2,58.91430635986382
1505890559241.0,Temperature_2,23.55
1505890561990.0,Sound_L,59.72620663929469
1505890562856.0,Sound_P,117.84343257374664
1505890562860.0,PodiumIR,144
1505890565894.0,Temperature_1,25.78
1505890565898.0,Humidity_1,56.07794910604482
1505890565905.0,Temperature_2,23.55
1505890565907.0,Humidity_2,58.91430635986382
1505890566638.0,Sound_R,61.47456690500218
1505890567403.0,Sound_C,61.6937991143539
1505890571990.0,Sound_L,60.358130526216904
1505890572109.0,Motion_4,False
1505890572114.0,Motion_8,False
1505890572114.0,Motion_2,False
1505890572114.0,Motion_1,False
1505890572119.0,Motion_3,False
1505890572563.0,Humidity_1,56.07794910604482
1505890572565.0,Temperature_1,25.78
1505890572575.0,Temperature_2,23.55
1505890572578.0,Humidity_2,58.91430635986382
1505890572863.0,Sound_P,117.89771695053554
1505890572867.0,PodiumIR,103
1505890576638.0,Sound_R,59.88648224009864
1505890577403.0,Sound_C,62.48246128400416
1505890579220.0,Temperature_1,25.78
1505890579232.0,Temperature_2,23.55
1505890579236.0,Humidity_1,56.07794910604482
1505890579241.0,Humidity_2,58.91430635986382
1505890579563.0,Motion_8,True
1505890579563.0,Motion_1,True
1505890581990.0,Sound_L,60.9833325112918
1505890582870.0,Sound_P,117.84343257374664
1505890582873.0,PodiumIR,111
1505890585006.0,Motion_3,True
1505890585887.0,Temperature_1,25.78
1505890585893.0,Humidity_1,56.07794910604482
1505890585904.0,Temperature_2,23.55
1505890585904.0,Humidity_2,58.91430635986382
1505890586638.0,Sound_R,61.21788778304213
1505890587403.0,Sound_C,62.583593685042615
1505890591990.0,Sound_L,61.219892036347915
1505890592550.0,Temperature_1,25.78
1505890592554.0,Humidity_1,56.07794910604482
1505890592561.0,Temperature_2,23.55
1505890592562.0,Humidity_2,58.91430635986382
1505890592877.0,Sound_P,117.81622447063441
1505890592880.0,PodiumIR,95
1505890595521.0,Motion_8,False
1505890595521.0,Motion_1,False
1505890595526.0,Motion_8,True
1505890596638.0,Sound_R,62.96497530825065
1505890597403.0,Sound_C,62.836411792179966
1505890599215.0,Temperature_1,25.78
1505890599221.0,Humidity_1,56.07794910604482
1505890599226.0,Temperature_2,23.55
1505890599234.0,Humidity_2,58.91430635986382
1505890600959.0,Motion_3,False
1505890601990.0,Sound_L,60.901324296689154
1505890602884.0,Sound_P,117.56934819191356
1505890602887.0,PodiumIR,78
1505890605876.0,Temperature_1,25.78
1505890605885.0,Humidity_1,56.07794910604482
1505890605892.0,Temperature_2,23.55
1505890605893.0,Humidity_2,58.91430635986382
1505890606638.0,Sound_R,62.22939538390026
1505890607403.0,Sound_C,63.19957709690106
1505890610419.0,Motion_1,True
1505890610419.0,Motion_8,False
1505890611990.0,Sound_L,60.23661326482784
1505890612540.0,Temperature_1,25.78
1505890612550.0,Humidity_1,56.07794910604482
1505890612554.0,Humidity_2,58.91430635986382
1505890612559.0,Temperature_2,23.55
1505890612892.0,Sound_P,117.78897223432665
1505890612896.0,PodiumIR,105
1505890613871.0,Motion_3,True
1505890616037.0,Motion_8,True
1505890616442.0,Door,activate
1505890616638.0,Sound_R,62.38970253665596
1505890617340.0,Door,activate
1505890617403.0,Sound_C,63.93016934804107
1505890619209.0,Temperature_1,25.78
1505890619220.0,Humidity_1,56.07794910604482
1505890619223.0,Humidity_2,58.91430635986382
1505890619224.0,Temperature_2,23.55
1505890621990.0,Sound_L,61.56325860830814
1505890622899.0,Sound_P,117.97881606214798
1505890622903.0,PodiumIR,95
1505890624577.0,Motion_7,True
1505890624577.0,Motion_1,False
1505890625868.0,Motion_6,True
1505890625868.0,Motion_1,True
1505890625872.0,Temperature_1,25.78
1505890625877.0,Humidity_1,56.07794910604482
1505890625881.0,Temperature_2,23.55
1505890625884.0,Humidity_2,58.91430635986382
1505890626638.0,Sound_R,66.87351969407439
1505890627403.0,Sound_C,67.62713312166642
1505890627949.0,Motion_8,False
1505890627949.0,Motion_5,True
1505890630105.0,Motion_3,True
1505890630105.0,Motion_4,True
1505890631990.0,Sound_L,64.36640833592307
1505890632535.0,Temperature_1,25.78
1505890632543.0,Temperature_2,23.55
1505890632544.0,Humidity_1,56.07794910604482
1505890632545.0,Humidity_2,58.91430635986382
1505890632909.0,Sound_P,118.32579106267738
1505890632914.0,PodiumIR,88
1505890633006.0,Door,activate
1505890636638.0,Sound_R,71.74125764101849
1505890637403.0,Sound_C,70.03224844501278
1505890637499.0,Motion_7,True
1505890638780.0,Motion_6,True
1505890638780.0,Motion_1,False
1505890639203.0,Temperature_1,25.78
1505890639204.0,Humidity_1,56.07794910604482
1505890639208.0,Temperature_2,23.55
1505890639215.0,Humidity_2,58.91430635986382
1505890640595.0,Motion_5,False
1505890640595.0,Motion_8,True
1505890641990.0,Sound_L,65.09534748623946
1505890642867.0,Motion_2,True
1505890642867.0,Motion_3,True
1505890642921.0,Sound_P,118.00576233897475
1505890642926.0,PodiumIR,97
1505890644297.0,Motion_1,True
1505890645713.0,Motion_4,True
1505890645869.0,Temperature_1,25.78
1505890645873.0,Humidity_1,56.07794910604482
1505890645875.0,Temperature_2,23.55
1505890645880.0,Humidity_2,58.91430635986382
1505890646638.0,Sound_R,73.35580697998455
1505890646929.0,Motion_5,True
1505890647403.0,Sound_C,69.43691523336264
1505890650406.0,Motion_7,True
1505890651990.0,Sound_L,65.84381735553434
1505890652527.0,Temperature_1,25.78
1505890652533.0,Humidity_1,56.07794910604482
1505890652537.0,Humidity_2,58.91430635986382
1505890652541.0,Temperature_2,23.55
1505890652933.0,Sound_P,117.84343257374664
1505890652938.0,PodiumIR,102
1505890653492.0,Motion_8,True
1505890653492.0,Motion_6,False
1505890655779.0,Motion_3,False
1505890655779.0,Motion_2,True
1505890656638.0,Sound_R,71.37290868776769
1505890657204.0,Motion_1,True
1505890657403.0,Sound_C,69.33883338164208
1505890659195.0,Temperature_1,25.78
1505890659197.0,Humidity_1,56.07794910604482
1505890659206.0,Temperature_2,23.55
1505890659209.0,Humidity_2,58.91430635986382
1505890661657.0,Motion_5,False
1505890661657.0,Motion_4,False
1505890661990.0,Sound_L,64.68090461992513
1505890662945.0,Sound_P,117.89771695053554
1505890662949.0,PodiumIR,100
1505890663533.0,Motion_7,False
1505890663533.0,Motion_3,True
1505890665187.0,Door,activate
1505890665857.0,Temperature_1,25.78
1505890665864.0,Humidity_1,56.07794910604482
1505890665872.0,Humidity_2,58.91430635986382
1505890665873.0,Temperature_2,23.55
1505890666638.0,Sound_R,69.07845703005687
1505890667403.0,Sound_C,68.82669249128004
1505890669451.0,Motion_2,False
1505890669451.0,Motion_8,False
1505890669451.0,Motion_1,True
1505890671990.0,Sound_L,65.92359269830152
1505890672520.0,Temperature_1,25.78
1505890672527.0,Humidity_1,56.07794910604482
1505890672532.0,Temperature_2,23.55
1505890672536.0,Humidity_2,58.91430635986382
1505890672956.0,Sound_P,117.84343257374664
1505890672962.0,PodiumIR,100
1505890676445.0,Motion_3,True
1505890676445.0,Motion_4,False
1505890676638.0,Sound_R,71.44861085535732
1505890677403.0,Sound_C,69.56672428582088
1505890678556.0,Motion_7,True
1505890679188.0,Temperature_1,25.78
1505890679194.0,Humidity_1,56.07794910604482
1505890679198.0,Temperature_2,23.55
1505890679205.0,Humidity_2,58.91430635986382
1505890681990.0,Sound_L,65.21413408200654
1505890682363.0,Motion_8,True
1505890682363.0,Motion_1,True
1505890682968.0,Sound_P,117.67951907848958
1505890682973.0,PodiumIR,123
1505890685844.0,Temperature_1,25.78
1505890685859.0,Humidity_1,56.07794910604482
1505890685859.0,Temperature_2,23.55
1505890685862.0,Humidity_2,58.91430635986382
1505890686638.0,Sound_R,68.3268767417802
1505890687403.0,Sound_C,66.7778213880751
1505890688581.0,Motion_3,False
1505890688581.0,Motion_4,True
1505890691468.0,Motion_3,True
1505890691468.0,Motion_7,True
1505890691843.0,Projector,On
1505890691990.0,Sound_L,64.46439977847095
1505890692512.0,Temperature_1,25.78
1505890692515.0,Humidity_1,56.07794910604482
1505890692525.0,Temperature_2,23.55
1505890692527.0,Humidity_2,58.91430635986382
1505890692818.0,Motion_6,True
1505890692980.0,Sound_P,117.76167572141729
1505890692985.0,PodiumIR,105
1505890696638.0,Sound_R,66.1810204915398
1505890697403.0,Sound_C,64.61146840375083
1505890699174.0,Temperature_1,25.78
1505890699184.0,Humidity_1,56.07794910604482
1505890699191.0,Temperature_2,23.55
1505890699195.0,Humidity_2,58.91430635986382
1505890701990.0,Sound_L,63.849738831332616
1505890702991.0,Sound_P,117.89771695053554
1505890702997.0,PodiumIR,90
1505890705842.0,Temperature_1,25.78
1505890705844.0,Humidity_1,56.07794910604482
1505890705857.0,Temperature_2,23.55
1505890705858.0,Humidity_2,58.91430635986382
1505890706638.0,Sound_R,68.20999189537969
1505890707403.0,Sound_C,67.04392716940963
1505890711990.0,Sound_L,64.38464647066536
1505890712502.0,Temperature_1,25.78
1505890712512.0,Humidity_1,56.07794910604482
1505890712513.0,Temperature_2,23.55
1505890712519.0,Humidity_2,58.91430635986382
1505890713003.0,Sound_P,117.92479350756437
1505890713008.0,PodiumIR,123
1505890716638.0,Sound_R,67.77039460685371
1505890717403.0,Sound_C,67.1844583456511
1505890719165.0,Temperature_1,25.78
1505890719179.0,Humidity_1,56.07794910604482
1505890719185.0,Temperature_2,23.55
1505890719185.0,Humidity_2,58.91430635986382
1505890721990.0,Sound_L,64.6853648534321
1505890723015.0,Sound_P,117.89771695053554
1505890723020.0,PodiumIR,77
1505890725831.0,Temperature_1,25.78
1505890725841.0,Humidity_1,56.07794910604482
1505890725845.0,Temperature_2,23.55
1505890725852.0,Humidity_2,58.91430635986382
1505890726638.0,Sound_R,70.45240903458917
1505890727403.0,Sound_C,68.34420687123851
1505890727906.0,Door,activate
1505890731990.0,Sound_L,67.06204114237173
1505890732494.0,Temperature_1,25.78
1505890732506.0,Temperature_2,23.55
1505890732506.0,Humidity_1,56.07794910604482
1505890732516.0,Humidity_2,58.91430635986382
1505890733027.0,Sound_P,117.92479350756437
1505890733031.0,PodiumIR,90
1505890736638.0,Sound_R,74.52228013757637
1505890737403.0,Sound_C,72.80633681153843
1505890739156.0,Temperature_1,25.78
1505890739164.0,Humidity_1,56.07794910604482
1505890739176.0,Temperature_2,23.55
1505890739181.0,Humidity_2,58.91430635986382
1505890741990.0,Sound_L,67.86409630007151
1505890743038.0,Sound_P,117.76167572141729
1505890743043.0,PodiumIR,98
1505890745828.0,Temperature_1,25.78
1505890745830.0,Humidity_1,56.07794910604482
1505890745837.0,Humidity_2,58.91430635986382
1505890745837.0,Temperature_2,23.55
1505890746638.0,Sound_R,73.38651709133653
1505890747403.0,Sound_C,72.03376056040126
1505890751990.0,Sound_L,67.96884880713299
1505890752491.0,Temperature_1,25.78
1505890752494.0,Humidity_1,56.07794910604482
1505890752496.0,Temperature_2,23.55
1505890752507.0,Humidity_2,58.91430635986382
1505890753049.0,Sound_P,118.3785414984758
1505890753055.0,PodiumIR,93
1505890756638.0,Sound_R,70.88769251331946
1505890757403.0,Sound_C,69.71951759338002
1505890759154.0,Temperature_1,25.78
1505890759164.0,Humidity_1,56.07794910604482
1505890759166.0,Temperature_2,23.55
1505890759167.0,Humidity_2,58.91430635986382
1505890761990.0,Sound_L,64.69332889846115
1505890763061.0,Sound_P,118.3785414984758
1505890763067.0,PodiumIR,105
1505890765814.0,Temperature_1,25.78
1505890765825.0,Temperature_2,23.55
1505890765826.0,Humidity_1,56.07794910604482
1505890765833.0,Humidity_2,58.91430635986382
1505890766198.0,Door,activate
1505890766638.0,Sound_R,70.3536905740637
1505890767403.0,Sound_C,70.26049328278891
1505890768138.0,Door,activate
1505890771194.0,Door,activate
1505890771990.0,Sound_L,64.8718269979458
1505890772476.0,Temperature_1,25.78
1505890772488.0,Temperature_2,23.55
1505890772489.0,Humidity_1,56.07794910604482
1505890772501.0,Humidity_2,58.91430635986382
1505890773073.0,Sound_P,117.89771695053554
1505890773078.0,PodiumIR,99
1505890773582.0,Door,activate
1505890774082.0,Door,activate
1505890776638.0,Sound_R,70.36356352411038
1505890777403.0,Sound_C,72.05231920856313
1505890779139.0,Temperature_1,25.78
1505890779151.0,Humidity_1,56.07794910604482
1505890779155.0,Temperature_2,23.55
1505890779165.0,Humidity_2,58.91430635986382
1505890781990.0,Sound_L,66.30386556138501
1505890783085.0,Sound_P,117.84343257374664
1505890783089.0,PodiumIR,104
1505890785806.0,Temperature_1,25.78
1505890785812.0,Humidity_1,56.07794910604482
1505890785816.0,Temperature_2,23.55
1505890785829.0,Humidity_2,58.91430635986382
1505890786638.0,Sound_R,71.40514883203049
1505890787403.0,Sound_C,72.56203726830456
1505890791990.0,Sound_L,68.27600133321677
1505890792471.0,Temperature_1,25.78
1505890792476.0,Humidity_1,56.07794910604482
1505890792485.0,Temperature_2,23.55
1505890792486.0,Humidity_2,58.91430635986382
1505890793100.0,Sound_P,117.78897223432665
1505890793104.0,PodiumIR,84
1505890796638.0,Sound_R,73.47595503826282
1505890797403.0,Sound_C,70.76619650691141
1505890799141.0,Temperature_1,25.78
1505890799144.0,Temperature_2,23.55
1505890799148.0,Humidity_1,56.07794910604482
1505890799153.0,Humidity_2,58.91430635986382
1505890801990.0,Sound_L,67.08232578263794
1505890803110.0,Sound_P,117.87059668637389
1505890803115.0,PodiumIR,94
1505890805800.0,Temperature_1,25.78
1505890805807.0,Humidity_1,56.07794910604482
1505890805813.0,Temperature_2,23.55
1505890805820.0,Humidity_2,58.91430635986382
1505890806638.0,Sound_R,72.40986411102483
1505890807403.0,Sound_C,70.83743388692488
1505890811990.0,Sound_L,66.54521431258036
1505890812476.0,Temperature_1,25.78
1505890812478.0,Humidity_1,56.07794910604482
1505890812480.0,Temperature_2,23.55
1505890812490.0,Humidity_2,58.91430635986382
1505890813120.0,Sound_P,117.62452393936876
1505890813124.0,PodiumIR,103
1505890816638.0,Sound_R,69.49238906222818
1505890817403.0,Sound_C,69.69694226017138
1505890819141.0,Temperature_1,25.78
1505890819155.0,Temperature_2,23.55
1505890819156.0,Humidity_1,56.07794910604482
1505890819161.0,Humidity_2,58.91430635986382
1505890821990.0,Sound_L,65.94910635528822
1505890823134.0,Sound_P,117.62452393936876
1505890823137.0,PodiumIR,89
1505890825815.0,Temperature_1,25.78
1505890825818.0,Humidity_1,56.07794910604482
1505890825831.0,Temperature_2,23.55
1505890825834.0,Humidity_2,58.91430635986382
1505890826638.0,Sound_R,70.72457619543438
1505890827403.0,Sound_C,69.08119343318437
1505890831990.0,Sound_L,64.67745117673707
1505890832491.0,Temperature_1,25.78
1505890832494.0,Temperature_2,23.55
1505890832495.0,Humidity_1,56.07794910604482
1505890832505.0,Humidity_2,58.91430635986382
1505890833144.0,Sound_P,117.89771695053554
1505890833150.0,PodiumIR,85
1505890833735.0,Door,activate
1505890836638.0,Sound_R,71.83993733518403
1505890837403.0,Sound_C,71.39030013299042
1505890839159.0,Temperature_1,25.78
1505890839168.0,Humidity_1,56.07794910604482
1505890839170.0,Temperature_2,23.55
1505890839179.0,Humidity_2,58.91430635986382
1505890841990.0,Sound_L,66.09354130454209
1505890843156.0,Sound_P,117.87059668637389
1505890843162.0,PodiumIR,68
1505890845833.0,Temperature_1,25.78
1505890845837.0,Humidity_1,56.07794910604482
1505890845842.0,Temperature_2,23.55
1505890845850.0,Humidity_2,58.91430635986382
1505890846638.0,Sound_R,70.52659610399634
1505890847403.0,Sound_C,70.85814812204188
1505890851990.0,Sound_L,67.15058279716067
1505890852504.0,Temperature_1,25.78
1505890852506.0,Temperature_2,23.55
1505890852514.0,Humidity_1,56.07794910604482
1505890852518.0,Humidity_2,58.91430635986382
1505890853168.0,Sound_P,117.87059668637389
1505890853173.0,PodiumIR,96
1505890854088.0,Door,activate
1505890856638.0,Sound_R,72.35621020139781
1505890857403.0,Sound_C,69.19647349493881
1505890859174.0,Temperature_1,25.78
1505890859178.0,Humidity_1,56.07794910604482
1505890859179.0,Temperature_2,23.55
1505890859192.0,Humidity_2,58.91430635986382
1505890861990.0,Sound_L,70.75232742243051
1505890863180.0,Sound_P,117.84343257374664
1505890863194.0,PodiumIR,135
1505890865850.0,Temperature_1,25.78
1505890865854.0,Temperature_2,23.55
1505890865854.0,Humidity_1,56.07794910604482
1505890865858.0,Humidity_2,58.91430635986382
1505890866638.0,Sound_R,73.60047985764014
1505890867403.0,Sound_C,70.04671285201611
1505890869164.0,Door,activate
1505890871990.0,Sound_L,69.13835459783122
1505890872520.0,Temperature_2,23.55
1505890872522.0,Humidity_1,56.07794910604482
1505890872522.0,Temperature_1,25.78
1505890872532.0,Humidity_2,58.91430635986382
1505890873200.0,Sound_P,118.4311268309188
1505890873205.0,PodiumIR,101
1505890876638.0,Sound_R,71.33965611385172
1505890877403.0,Sound_C,69.3978273178127
1505890879192.0,Temperature_1,25.78
1505890879194.0,Temperature_2,23.55
1505890879200.0,Humidity_1,56.07794910604482
1505890879203.0,Humidity_2,58.91430635986382
1505890881990.0,Sound_L,67.7607097564138
1505890883212.0,Sound_P,117.76167572141729
1505890883217.0,PodiumIR,104
1505890885866.0,Temperature_1,25.78
1505890885870.0,Temperature_2,23.55
1505890885871.0,Humidity_2,58.91430635986382
1505890885875.0,Humidity_1,56.07794910604482
1505890886638.0,Sound_R,70.42348811784619
1505890887403.0,Sound_C,68.29199596720633
1505890891990.0,Sound_L,65.29300977377909
1505890892537.0,Temperature_1,25.78
1505890892539.0,Humidity_2,58.91430635986382
1505890892540.0,Temperature_2,23.55
1505890892545.0,Humidity_1,56.07794910604482
1505890893223.0,Sound_P,118.08634282917369
1505890893229.0,PodiumIR,102
1505890896638.0,Sound_R,72.69587481880589
1505890897403.0,Sound_C,70.29271939485967
1505890899208.0,Temperature_2,23.55
1505890899212.0,Temperature_1,25.78
1505890899212.0,Humidity_1,56.07794910604482
1505890899213.0,Humidity_2,58.91430635986382
1505890901990.0,Sound_L,67.23117914432545
1505890903235.0,Sound_P,117.92479350756437
1505890903241.0,PodiumIR,85
1505890905877.0,Temperature_2,23.55
1505890905878.0,Temperature_1,25.78
1505890905882.0,Humidity_2,58.91430635986382
1505890905885.0,Humidity_1,56.07794910604482
1505890906638.0,Sound_R,74.57968388439768
1505890907403.0,Sound_C,71.18153911145934
1505890911990.0,Sound_L,68.16296493660067
1505890912545.0,Temperature_2,23.55
1505890912553.0,Temperature_1,25.78
1505890912554.0,Humidity_2,58.91430635986382
1505890912555.0,Humidity_1,56.07794910604482
1505890913248.0,Sound_P,118.1931857965549
1505890913252.0,PodiumIR,113
1505890916638.0,Sound_R,72.38943700788612
1505890917403.0,Sound_C,70.42578744632289
1505890919225.0,Temperature_2,23.55
1505890919229.0,Temperature_1,25.78
1505890919229.0,Humidity_2,58.91430635986382
1505890919234.0,Humidity_1,56.07794910604482
1505890921990.0,Sound_L,68.51661462786632
1505890923259.0,Sound_P,118.21979071106135
1505890923264.0,PodiumIR,99
1505890925892.0,Temperature_2,23.55
1505890925895.0,Humidity_2,58.91430635986382
1505890925896.0,Temperature_1,25.78
1505890925901.0,Humidity_1,56.07794910604482
1505890926638.0,Sound_R,69.28417678137585
1505890927403.0,Sound_C,70.26637830699748
1505890931990.0,Sound_L,66.24681343289501
1505890932563.0,Temperature_2,23.55
1505890932567.0,Humidity_2,58.91430635986382
1505890932568.0,Temperature_1,25.78
1505890932576.0,Humidity_1,56.07794910604482
1505890933271.0,Sound_P,117.92479350756437
1505890933276.0,PodiumIR,67
1505890936638.0,Sound_R,70.39654031116252
1505890937403.0,Sound_C,69.07823214371611
1505890939240.0,Temperature_1,25.78
1505890939247.0,Humidity_1,56.07794910604482
1505890939252.0,Temperature_2,23.55
1505890939255.0,Humidity_2,58.91430635986382
1505890941990.0,Sound_L,66.09215351459784
1505890943283.0,Sound_P,117.89771695053554
1505890943288.0,PodiumIR,95
1505890945904.0,Temperature_1,25.78
1505890945909.0,Humidity_1,56.07794910604482
1505890945911.0,Temperature_2,23.55
1505890945921.0,Humidity_2,58.91430635986382
1505890946638.0,Sound_R,69.98515683741539
1505890947403.0,Sound_C,67.8684973517307
1505890951990.0,Sound_L,64.48218755333366
1505890952573.0,Temperature_1,25.78
1505890952576.0,Humidity_1,56.07794910604482
1505890952582.0,Humidity_2,58.91430635986382
1505890952583.0,Temperature_2,23.55
1505890953295.0,Sound_P,117.70694928866428
1505890953299.0,PodiumIR,101
1505890956638.0,Sound_R,68.7768172930076
1505890957403.0,Sound_C,68.13640966984495
1505890959235.0,Temperature_1,25.78
1505890959238.0,Humidity_1,56.07794910604482
1505890959240.0,Humidity_2,58.91430635986382
1505890959244.0,Temperature_2,23.55
1505890961990.0,Sound_L,66.85312630848765
1505890963306.0,Sound_P,117.81622447063441
1505890963312.0,PodiumIR,110
1505890965893.0,Temperature_1,25.78
1505890965897.0,Humidity_1,56.07794910604482
1505890965904.0,Humidity_2,58.91430635986382
1505890965904.0,Temperature_2,23.55
1505890966638.0,Sound_R,72.73845661727454
1505890967403.0,Sound_C,71.9731311989587
1505890971990.0,Sound_L,68.65236745910772
1505890972557.0,Temperature_1,25.78
1505890972558.0,Humidity_1,56.07794910604482
1505890972570.0,Temperature_2,23.55
1505890972575.0,Humidity_2,58.91430635986382
1505890973318.0,Sound_P,118.27287448349982
1505890973323.0,PodiumIR,91
1505890976638.0,Sound_R,74.3985258783451
1505890977403.0,Sound_C,72.68816542101818
1505890979223.0,Temperature_1,25.78
1505890979228.0,Humidity_1,56.07794910604482
1505890979233.0,Humidity_2,58.91430635986382
1505890979235.0,Temperature_2,23.55
1505890981990.0,Sound_L,70.10568196509726
1505890983330.0,Sound_P,117.92479350756437
1505890983335.0,PodiumIR,99
1505890985887.0,Humidity_1,56.07794910604482
1505890985887.0,Temperature_1,25.78
1505890985890.0,Temperature_2,23.55
1505890985892.0,Humidity_2,58.91430635986382
1505890986638.0,Sound_R,72.86720785037447
1505890987403.0,Sound_C,70.624851267334
1505890991990.0,Sound_L,69.19945774988284
1505890992551.0,Temperature_2,23.55
1505890992552.0,Temperature_1,25.78
1505890992553.0,Humidity_1,56.07794910604482
1505890992558.0,Humidity_2,58.91430635986382
1505890993343.0,Sound_P,117.84343257374664
1505890993346.0,PodiumIR,97
1505890996638.0,Sound_R,71.87428806891596
1505890997403.0,Sound_C,69.6936946546865
1505890999210.0,Humidity_1,56.07794910604482
1505890999217.0,Temperature_1,25.78
1505890999218.0,Humidity_2,58.91430635986382
1505890999219.0,Temperature_2,23.55
1505891001990.0,Sound_L,66.89872441629026
1505891003353.0,Sound_P,117.92479350756437
1505891003359.0,PodiumIR,95
1505891005877.0,Humidity_1,56.07794910604482
1505891005881.0,Humidity_2,58.91430635986382
1505891005882.0,Temperature_1,25.78
1505891005886.0,Temperature_2,23.55
1505891006638.0,Sound_R,73.9480260967138
1505891007403.0,Sound_C,70.73325653486759
1505891011990.0,Sound_L,67.79552568462009
1505891012540.0,Temperature_2,23.55
1505891012541.0,Temperature_1,25.78
1505891012542.0,Humidity_1,56.07794910604482
1505891012546.0,Humidity_2,58.91430635986382
1505891013365.0,Sound_P,117.84343257374664
1505891013371.0,PodiumIR,91
1505891016638.0,Sound_R,73.11036247647094
1505891017403.0,Sound_C,71.98663855966207
1505891019206.0,Temperature_1,25.78
1505891019207.0,Temperature_2,23.55
1505891019208.0,Humidity_1,56.07794910604482
1505891019209.0,Humidity_2,58.91430635986382
1505891021990.0,Sound_L,67.75472805366907
1505891023377.0,Sound_P,117.92479350756437
1505891023382.0,PodiumIR,89
1505891025864.0,Humidity_1,56.07794910604482
1505891025868.0,Temperature_2,23.55
1505891025869.0,Humidity_2,58.91430635986382
1505891025877.0,Temperature_1,25.78
1505891026638.0,Sound_R,68.04087141443601
1505891027403.0,Sound_C,68.03615670667001
1505891031990.0,Sound_L,68.71158107444633
1505891032531.0,Temperature_2,23.55
1505891032534.0,Humidity_1,56.07794910604482
1505891032537.0,Humidity_2,58.91430635986382
1505891032540.0,Temperature_1,25.78
1505891033389.0,Sound_P,117.81622447063441
1505891033394.0,PodiumIR,87
1505891036638.0,Sound_R,67.76762865906264
1505891037403.0,Sound_C,65.95899995896663
1505891039192.0,Temperature_2,23.55
1505891039195.0,Humidity_1,56.07794910604482
1505891039203.0,Temperature_1,25.78
1505891039203.0,Humidity_2,58.91430635986382
1505891041990.0,Sound_L,67.95711606716495
1505891043401.0,Sound_P,118.4311268309188
1505891043405.0,PodiumIR,98
1505891045856.0,Humidity_1,56.07794910604482
1505891045858.0,Humidity_2,58.91430635986382
1505891045858.0,Temperature_2,23.55
1505891045866.0,Temperature_1,25.78
1505891046638.0,Sound_R,71.4415451888453
1505891047403.0,Sound_C,68.10230703929903
1505891051990.0,Sound_L,67.93844332724771
1505891052522.0,Humidity_1,56.07794910604482
1505891052527.0,Temperature_2,23.55
1505891052528.0,Humidity_2,58.91430635986382
1505891052531.0,Temperature_1,25.78
1505891053415.0,Sound_P,117.92479350756437
1505891053419.0,PodiumIR,94
1505891056638.0,Sound_R,71.52306776166338
1505891057403.0,Sound_C,69.05029251459
1505891059178.0,Humidity_1,56.07794910604482
1505891059184.0,Humidity_2,58.91430635986382
1505891059185.0,Temperature_2,23.55
1505891059191.0,Temperature_1,25.78
1505891061990.0,Sound_L,66.48895366994368
1505891063432.0,Sound_P,117.87059668637389
1505891063436.0,PodiumIR,97
1505891065845.0,Humidity_1,56.07794910604482
1505891065848.0,Humidity_2,58.91430635986382
1505891065848.0,Temperature_2,23.55
1505891065857.0,Temperature_1,25.78
1505891066638.0,Sound_R,70.22384093340673
1505891067403.0,Sound_C,68.60063774043137
1505891071990.0,Sound_L,65.70030303122026
1505891072520.0,Temperature_1,25.78
1505891072526.0,Humidity_1,56.07794910604482
1505891072531.0,Temperature_2,23.55
1505891072534.0,Humidity_2,58.91430635986382
1505891073447.0,Sound_P,117.89771695053554
1505891073451.0,PodiumIR,114
1505891076638.0,Sound_R,69.63249492421076
1505891077403.0,Sound_C,68.69810063019457
1505891079180.0,Temperature_1,25.78
1505891079189.0,Humidity_1,56.07794910604482
1505891079196.0,Temperature_2,23.55
1505891079203.0,Humidity_2,58.91430635986382
1505891081990.0,Sound_L,64.13694342364508
1505891083461.0,Sound_P,117.67951907848958
1505891083465.0,PodiumIR,112
1505891085852.0,Humidity_1,56.07794910604482
1505891085853.0,Temperature_1,25.78
1505891085861.0,Temperature_2,23.55
1505891085862.0,Humidity_2,58.91430635986382
1505891086638.0,Sound_R,68.18149586570324
1505891087403.0,Sound_C,67.87191299602962
1505891091990.0,Sound_L,64.61918638625434
1505891092508.0,Temperature_1,25.78
1505891092523.0,Humidity_1,56.07794910604482
1505891092525.0,Humidity_2,58.91430635986382
1505891092526.0,Temperature_2,23.55
1505891093476.0,Sound_P,117.89771695053554
1505891093480.0,PodiumIR,95
1505891096638.0,Sound_R,65.80080576424837
1505891097403.0,Sound_C,65.91976094582117
1505891099173.0,Temperature_1,25.78
1505891099181.0,Humidity_1,56.07794910604482
1505891099182.0,Temperature_2,23.55
1505891099188.0,Humidity_2,58.91430635986382
1505891101990.0,Sound_L,64.46995696877076
1505891103491.0,Sound_P,117.87059668637389
1505891103495.0,PodiumIR,93
1505891105839.0,Temperature_1,25.78
1505891105847.0,Humidity_1,56.07794910604482
1505891105849.0,Humidity_2,58.91430635986382
1505891105849.0,Temperature_2,23.55
1505891106638.0,Sound_R,66.09024719186033
1505891107403.0,Sound_C,69.47756340956154
1505891111990.0,Sound_L,65.38315754060037
1505891112506.0,Temperature_1,25.78
1505891112511.0,Humidity_1,56.07794910604482
1505891112515.0,Humidity_2,58.91430635986382
1505891112515.0,Temperature_2,23.55
1505891113506.0,Sound_P,117.92479350756437
1505891113510.0,PodiumIR,91
1505891116638.0,Sound_R,69.46119380830554
1505891117403.0,Sound_C,71.00786704081831
1505891119172.0,Humidity_1,56.07794910604482
1505891119172.0,Temperature_1,25.78
1505891119177.0,Humidity_2,58.91430635986382
1505891119180.0,Temperature_2,23.55
1505891121990.0,Sound_L,65.83882821091538
1505891123518.0,Sound_P,117.70694928866428
1505891123522.0,PodiumIR,97
1505891125827.0,Temperature_1,25.78
1505891125842.0,Humidity_2,58.91430635986382
1505891125843.0,Temperature_2,23.55
1505891125843.0,Humidity_1,56.07794910604482
1505891126638.0,Sound_R,70.30690049259981
1505891127403.0,Sound_C,67.5123562430946
1505891131990.0,Sound_L,65.73052347421489
1505891132500.0,Temperature_1,25.78
1505891132505.0,Temperature_2,23.55
1505891132505.0,Humidity_2,58.91430635986382
1505891132505.0,Humidity_1,56.07794910604482
1505891133529.0,Sound_P,117.89771695053554
1505891133532.0,PodiumIR,77
1505891136638.0,Sound_R,69.70021845645239
1505891137403.0,Sound_C,66.87646120013999
1505891139161.0,Humidity_1,56.07794910604482
1505891139164.0,Temperature_1,25.78
1505891139169.0,Temperature_2,23.55
1505891139173.0,Humidity_2,58.91430635986382
1505891141990.0,Sound_L,65.39530979002885
1505891143542.0,Sound_P,117.84343257374664
1505891143545.0,PodiumIR,114
1505891145824.0,Temperature_1,25.78
1505891145826.0,Humidity_1,56.07794910604482
1505891145831.0,Temperature_2,23.55
1505891145842.0,Humidity_2,58.91430635986382
1505891146638.0,Sound_R,70.50618259061204
1505891147403.0,Sound_C,67.74156075176097
1505891151990.0,Sound_L,65.96719738140013
1505891152484.0,Temperature_1,25.78
1505891152493.0,Humidity_1,56.07794910604482
1505891152495.0,Temperature_2,23.55
1505891152505.0,Humidity_2,58.91430635986382
1505891153557.0,Sound_P,117.87059668637389
1505891153561.0,PodiumIR,84
1505891156638.0,Sound_R,72.38306668506648
1505891157403.0,Sound_C,69.94530252387278
1505891159154.0,Temperature_1,25.78
1505891159162.0,Humidity_1,56.07794910604482
1505891159163.0,Temperature_2,23.55
1505891159166.0,Humidity_2,58.91430635986382
1505891161990.0,Sound_L,67.31376778646523
1505891163564.0,Sound_P,118.45735790572417
1505891163567.0,PodiumIR,92
1505891165813.0,Temperature_1,25.78
1505891165820.0,Humidity_1,56.07794910604482
1505891165824.0,Temperature_2,23.55
1505891165833.0,Humidity_2,58.91430635986382
1505891166638.0,Sound_R,71.31737360425704
1505891167403.0,Sound_C,69.05289091221483
1505891171990.0,Sound_L,67.26800651899102
1505891172482.0,Temperature_1,25.78
1505891172482.0,Humidity_1,56.07794910604482
1505891172489.0,Temperature_2,23.55
1505891172498.0,Humidity_2,58.91430635986382
1505891173571.0,Sound_P,117.78897223432665
1505891173574.0,PodiumIR,119
1505891176638.0,Sound_R,69.12757850904283
1505891177403.0,Sound_C,67.05363413904222
1505891179145.0,Temperature_1,25.78
1505891179149.0,Humidity_1,56.07794910604482
1505891179153.0,Temperature_2,23.55
1505891179156.0,Humidity_2,58.91430635986382
1505891181990.0,Sound_L,66.24233117771402
1505891183587.0,Sound_P,118.4311268309188
1505891183591.0,PodiumIR,114
1505891185808.0,Temperature_1,25.78
1505891185810.0,Humidity_1,56.07794910604482
1505891185822.0,Humidity_2,58.91430635986382
1505891185823.0,Temperature_2,23.55
1505891186638.0,Sound_R,71.0139503929842
1505891187403.0,Sound_C,67.43465589838343
1505891191990.0,Sound_L,64.36935854486893
1505891192477.0,Humidity_1,56.07794910604482
1505891192477.0,Temperature_1,25.78
1505891192485.0,Humidity_2,58.91430635986382
1505891192487.0,Temperature_2,23.55
1505891193594.0,Sound_P,117.89771695053554
1505891193598.0,PodiumIR,132
1505891196638.0,Sound_R,71.21134970987548
1505891197403.0,Sound_C,68.05772768121012
1505891199134.0,Temperature_1,25.78
1505891199138.0,Humidity_1,56.07794910604482
1505891199144.0,Temperature_2,23.55
1505891199152.0,Humidity_2,58.91430635986382
1505891201990.0,Sound_L,65.62068923428981
1505891203601.0,Sound_P,117.92479350756437
1505891203605.0,PodiumIR,88
1505891205800.0,Temperature_1,25.78
1505891205807.0,Humidity_1,56.07794910604482
1505891205812.0,Temperature_2,23.55
1505891205820.0,Humidity_2,58.91430635986382
1505891206638.0,Sound_R,67.7494334997682
1505891207403.0,Sound_C,68.48925053086153
1505891211990.0,Sound_L,66.02616759634856
1505891212466.0,Temperature_1,25.78
1505891212475.0,Temperature_2,23.55
1505891212476.0,Humidity_1,56.07794910604482
1505891212484.0,Humidity_2,58.91430635986382
1505891213614.0,Sound_P,117.67951907848958
1505891213625.0,PodiumIR,103
1505891216638.0,Sound_R,67.01581344150915
1505891217403.0,Sound_C,68.68613638146554
1505891219131.0,Humidity_1,56.07794910604482
1505891219132.0,Temperature_1,25.78
1505891219142.0,Temperature_2,23.55
1505891219151.0,Humidity_2,58.91430635986382
1505891221990.0,Sound_L,66.90726068516106
1505891223630.0,Sound_P,117.89771695053554
1505891223634.0,PodiumIR,92
1505891225789.0,Temperature_1,25.78
1505891225802.0,Humidity_1,56.07794910604482
1505891225804.0,Temperature_2,23.55
1505891225817.0,Humidity_2,58.91430635986382
1505891226638.0,Sound_R,69.04092789934214
1505891227403.0,Sound_C,69.38634774449646
1505891231990.0,Sound_L,66.35545872585786
1505891232459.0,Humidity_1,56.07794910604482
1505891232460.0,Temperature_1,25.78
1505891232466.0,Temperature_2,23.55
1505891232475.0,Humidity_2,58.91430635986382
1505891233637.0,Sound_P,117.92479350756437
1505891233641.0,PodiumIR,99
1505891236638.0,Sound_R,70.29712122360326
1505891237403.0,Sound_C,68.21867917089696
1505891239116.0,Temperature_1,25.78
1505891239130.0,Humidity_1,56.07794910604482
1505891239136.0,Temperature_2,23.55
1505891239139.0,Humidity_2,58.91430635986382
1505891241990.0,Sound_L,66.21217927595086
1505891243644.0,Sound_P,117.76167572141729
1505891243648.0,PodiumIR,96
1505891245785.0,Temperature_1,25.78
1505891245790.0,Humidity_1,56.07794910604482
1505891245795.0,Temperature_2,23.55
1505891245802.0,Humidity_2,58.91430635986382
1505891246638.0,Sound_R,69.36135215281571
1505891247403.0,Sound_C,66.74365993663282
1505891251990.0,Sound_L,67.11911262342781
1505891252449.0,Temperature_1,25.78
1505891252450.0,Humidity_1,56.07794910604482
1505891252465.0,Temperature_2,23.55
1505891252468.0,Humidity_2,58.91430635986382
1505891253651.0,Sound_P,118.40485473799694
1505891253655.0,PodiumIR,97
1505891256638.0,Sound_R,70.41003440101808
1505891257403.0,Sound_C,68.16271112913182
1505891259114.0,Temperature_1,25.78
1505891259119.0,Humidity_1,56.07794910604482
1505891259120.0,Temperature_2,23.55
1505891259134.0,Humidity_2,58.91430635986382
1505891261990.0,Sound_L,66.58741196363798
1505891263658.0,Sound_P,118.40485473799694
1505891263662.0,PodiumIR,97
1505891265777.0,Temperature_1,25.78
1505891265781.0,Humidity_1,56.07794910604482
1505891265788.0,Temperature_2,23.55
1505891265795.0,Humidity_2,58.91430635986382
1505891266638.0,Sound_R,71.07649358272825
1505891267403.0,Sound_C,68.66955822108103
1505891271990.0,Sound_L,65.85994094459511
1505891272438.0,Temperature_1,25.78
1505891272452.0,Humidity_1,56.07794910604482
1505891272455.0,Temperature_2,23.55
1505891272457.0,Humidity_2,58.91430635986382
1505891273674.0,Sound_P,117.97881606214798
1505891273677.0,PodiumIR,93
1505891276638.0,Sound_R,70.43137016295525
1505891277403.0,Sound_C,68.61562659887882
1505891279102.0,Temperature_1,25.78
1505891279106.0,Humidity_1,56.07794910604482
1505891279114.0,Temperature_2,23.55
1505891279126.0,Humidity_2,58.91430635986382
1505891281990.0,Sound_L,65.57372044626975
1505891283681.0,Sound_P,117.65204401104197
1505891283684.0,PodiumIR,97
1505891285769.0,Temperature_1,25.78
1505891285776.0,Humidity_1,56.07794910604482
1505891285781.0,Temperature_2,23.55
1505891285792.0,Humidity_2,58.91430635986382
1505891286638.0,Sound_R,70.50777536943333
1505891287403.0,Sound_C,69.11554020435419
1505891291990.0,Sound_L,66.39916396080048
1505891292434.0,Temperature_1,25.78
1505891292442.0,Temperature_2,23.55
1505891292444.0,Humidity_1,56.07794910604482
1505891292448.0,Humidity_2,58.91430635986382
1505891293687.0,Sound_P,118.03266546722126
1505891293691.0,PodiumIR,94
1505891296638.0,Sound_R,70.53522693096697
1505891297403.0,Sound_C,68.1720396986791
1505891299100.0,Temperature_1,25.78
1505891299106.0,Humidity_1,56.07794910604482
1505891299106.0,Temperature_2,23.55
1505891299114.0,Humidity_2,58.91430635986382
1505891301990.0,Sound_L,66.57798465662313
1505891303694.0,Sound_P,117.76167572141729
1505891303698.0,PodiumIR,100
1505891305762.0,Humidity_1,56.07794910604482
1505891305763.0,Temperature_1,25.78
1505891305775.0,Temperature_2,23.55
1505891305781.0,Humidity_2,58.91430635986382
1505891306638.0,Sound_R,69.94664523621437
1505891307403.0,Sound_C,66.5373251437649
1505891311990.0,Sound_L,67.01764317884292
1505891312427.0,Temperature_1,25.78
1505891312432.0,Humidity_1,56.07794910604482
1505891312433.0,Temperature_2,23.55
1505891312444.0,Humidity_2,58.91430635986382
1505891313701.0,Sound_P,117.84343257374664
1505891313705.0,PodiumIR,89
1505891316638.0,Sound_R,68.75572579039347
1505891317403.0,Sound_C,66.6771854848978
1505891319089.0,Temperature_1,25.78
1505891319092.0,Humidity_1,56.07794910604482
1505891319104.0,Temperature_2,23.55
1505891319109.0,Humidity_2,58.91430635986382
1505891321990.0,Sound_L,65.48438477240249
1505891323708.0,Sound_P,117.67951907848958
1505891323712.0,PodiumIR,87
1505891325755.0,Temperature_1,25.78
1505891325759.0,Temperature_2,23.55
1505891325761.0,Humidity_1,56.07794910604482
1505891325777.0,Humidity_2,58.91430635986382
1505891326638.0,Sound_R,68.69281729412819
1505891327403.0,Sound_C,66.56433012498813
1505891331990.0,Sound_L,65.05178107207486
1505891332411.0,Temperature_1,25.78
1505891332427.0,Humidity_1,56.07794910604482
1505891332428.0,Temperature_2,23.55
1505891332438.0,Humidity_2,58.91430635986382
1505891333724.0,Sound_P,118.3521869832679
1505891333728.0,PodiumIR,100
1505891336638.0,Sound_R,71.50456423579026
1505891337403.0,Sound_C,66.94053236547707
1505891339080.0,Temperature_1,25.78
1505891339095.0,Humidity_1,56.07794910604482
1505891339102.0,Temperature_2,23.55
1505891339110.0,Humidity_2,58.91430635986382
1505891341990.0,Sound_L,65.15897881794909
1505891343741.0,Sound_P,117.92479350756437
1505891343745.0,PodiumIR,96
1505891345748.0,Temperature_1,25.78
1505891345755.0,Humidity_1,56.07794910604482
1505891345769.0,Temperature_2,23.55
1505891345774.0,Humidity_2,58.91430635986382
1505891346638.0,Sound_R,72.31139964360479
1505891347403.0,Sound_C,68.45929698464629
1505891351990.0,Sound_L,65.85501426147397
1505891352403.0,Temperature_1,25.78
1505891352425.0,Humidity_1,56.07794910604482
1505891352431.0,Humidity_2,58.91430635986382
1505891352433.0,Temperature_2,23.55
1505891353748.0,Sound_P,117.92479350756437
1505891353751.0,PodiumIR,97
1505891356638.0,Sound_R,70.49679847148316
1505891357403.0,Sound_C,68.75259042419334
1505891359069.0,Temperature_1,25.78
1505891359085.0,Humidity_1,56.07794910604482
1505891359091.0,Temperature_2,23.55
1505891359100.0,Humidity_2,58.91430635986382
1505891361990.0,Sound_L,67.49765650916302
1505891363754.0,Sound_P,117.78897223432665
1505891363758.0,PodiumIR,88
1505891365737.0,Temperature_1,25.78
1505891365744.0,Humidity_1,56.07794910604482
1505891365758.0,Humidity_2,58.91430635986382
1505891365759.0,Temperature_2,23.55
1505891366638.0,Sound_R,71.46172801578898
1505891367403.0,Sound_C,69.26755019182646
1505891371990.0,Sound_L,66.62145749162298
1505891372404.0,Temperature_1,25.78
1505891372407.0,Humidity_1,56.07794910604482
1505891372420.0,Humidity_2,58.91430635986382
1505891372421.0,Temperature_2,23.55
1505891373767.0,Sound_P,117.70694928866428
1505891373770.0,PodiumIR,80
1505891376638.0,Sound_R,70.82371992043592
1505891377403.0,Sound_C,68.69971398781418
1505891379066.0,Temperature_1,25.78
1505891379071.0,Humidity_1,56.07794910604482
1505891379083.0,Temperature_2,23.55
1505891379086.0,Humidity_2,58.91430635986382
1505891381990.0,Sound_L,66.99621711712545
1505891383776.0,Sound_P,117.73433478780012
1505891383781.0,PodiumIR,109
1505891385724.0,Temperature_1,25.78
1505891385731.0,Humidity_1,56.07794910604482
1505891385740.0,Temperature_2,23.55
1505891385750.0,Humidity_2,58.91430635986382
1505891386638.0,Sound_R,71.33788866394771
1505891387403.0,Sound_C,69.17064139610933
1505891391990.0,Sound_L,67.07256940309732
1505891392391.0,Temperature_1,25.78
1505891392398.0,Humidity_1,56.07794910604482
1505891392403.0,Temperature_2,23.55
1505891392416.0,Humidity_2,58.91430635986382
1505891393785.0,Sound_P,117.89771695053554
1505891393791.0,PodiumIR,109
1505891396638.0,Sound_R,72.36671209159393
1505891397403.0,Sound_C,69.22328877744154
1505891399051.0,Temperature_1,25.78
1505891399063.0,Humidity_1,56.07794910604482
1505891399069.0,Temperature_2,23.55
1505891399077.0,Humidity_2,58.91430635986382
1505891401990.0,Sound_L,67.50713042734486
1505891403797.0,Sound_P,117.65204401104197
1505891403801.0,PodiumIR,109
1505891405719.0,Temperature_1,25.78
1505891405725.0,Humidity_1,56.07794910604482
1505891405727.0,Temperature_2,23.55
1505891405736.0,Humidity_2,58.91430635986382
1505891406638.0,Sound_R,70.92499496229
1505891407403.0,Sound_C,68.2483931312399
1505891411990.0,Sound_L,67.34621772477472
1505891412380.0,Temperature_1,25.78
1505891412384.0,Humidity_1,56.07794910604482
1505891412396.0,Temperature_2,23.55
1505891412398.0,Humidity_2,58.91430635986382
1505891413810.0,Sound_P,117.89771695053554
1505891413814.0,PodiumIR,146
1505891416638.0,Sound_R,70.86539286841172
1505891417403.0,Sound_C,69.05312295660676
1505891419048.0,Humidity_1,56.07794910604482
1505891419050.0,Temperature_1,25.78
1505891419055.0,Temperature_2,23.55
1505891419061.0,Humidity_2,58.91430635986382
1505891421990.0,Sound_L,67.07266731060909
1505891423822.0,Sound_P,117.62452393936876
1505891423829.0,PodiumIR,107
1505891425707.0,Temperature_1,25.78
1505891425716.0,Humidity_1,56.07794910604482
1505891425716.0,Temperature_2,23.55
1505891425731.0,Humidity_2,58.91430635986382
1505891426638.0,Sound_R,71.34640594922077
1505891427403.0,Sound_C,68.8675686513094
1505891431990.0,Sound_L,66.39854350927777
1505891432378.0,Humidity_1,56.07794910604482
1505891432379.0,Temperature_1,25.78
1505891432387.0,Temperature_2,23.55
1505891432393.0,Humidity_2,58.91430635986382
1505891433833.0,Sound_P,117.92479350756437
1505891433837.0,PodiumIR,92
1505891436638.0,Sound_R,70.7724497590155
1505891437403.0,Sound_C,68.67942207102674
1505891439035.0,Temperature_1,25.78
1505891439041.0,Humidity_1,56.07794910604482
1505891439048.0,Temperature_2,23.55
1505891439055.0,Humidity_2,58.91430635986382
1505891441990.0,Sound_L,66.50190876832083
1505891443845.0,Sound_P,118.05952558485274
1505891443849.0,PodiumIR,122
1505891445699.0,Humidity_1,56.07794910604482
1505891445700.0,Temperature_1,25.78
1505891445709.0,Temperature_2,23.55
1505891445718.0,Humidity_2,58.91430635986382
1505891446638.0,Sound_R,72.00223701645037
1505891447403.0,Sound_C,69.15816305376882
1505891451990.0,Sound_L,65.93717819394266
1505891452365.0,Temperature_1,25.78
1505891452369.0,Humidity_1,56.07794910604482
1505891452372.0,Temperature_2,23.55
1505891452383.0,Humidity_2,58.91430635986382
1505891453852.0,Sound_P,117.87059668637389
1505891453855.0,PodiumIR,135
1505891456638.0,Sound_R,71.97693144164175
1505891457403.0,Sound_C,69.80513420277138
1505891459026.0,Humidity_1,56.07794910604482
1505891459036.0,Temperature_1,25.78
1505891459041.0,Temperature_2,23.55
1505891459049.0,Humidity_2,58.91430635986382
1505891461990.0,Sound_L,66.48163754161793
1505891463860.0,Sound_P,117.89771695053554
1505891463864.0,PodiumIR,111
1505891465689.0,Humidity_1,56.07794910604482
1505891465693.0,Temperature_1,25.78
1505891465702.0,Temperature_2,23.55
1505891465707.0,Humidity_2,58.91430635986382
1505891466638.0,Sound_R,70.53050860321902
1505891467403.0,Sound_C,71.20590766116425
1505891471990.0,Sound_L,65.60292504493832
1505891472360.0,Temperature_1,25.78
1505891472366.0,Humidity_1,56.07794910604482
1505891472377.0,Temperature_2,23.55
1505891472380.0,Humidity_2,58.91430635986382
1505891473867.0,Sound_P,117.87059668637389
1505891473871.0,PodiumIR,81
1505891476638.0,Sound_R,71.80728915538155
1505891477403.0,Sound_C,70.32982294292346
1505891479033.0,Temperature_1,25.78
1505891479038.0,Humidity_1,56.07794910604482
1505891479047.0,Humidity_2,58.91430635986382
1505891479051.0,Temperature_2,23.55
1505891481990.0,Sound_L,65.58497837333096
1505891483874.0,Sound_P,117.65204401104197
1505891483877.0,PodiumIR,95
1505891485706.0,Temperature_1,25.78
1505891485710.0,Humidity_1,56.07794910604482
1505891485716.0,Temperature_2,23.55
1505891485723.0,Humidity_2,58.91430635986382
1505891486638.0,Sound_R,72.82655582333173
1505891487403.0,Sound_C,68.22599966265274
1505891491990.0,Sound_L,65.96635594180182
1505891492372.0,Temperature_1,25.78
1505891492385.0,Temperature_2,23.55
1505891492386.0,Humidity_1,56.07794910604482
1505891492397.0,Humidity_2,58.91430635986382
1505891493881.0,Sound_P,117.67951907848958
1505891493884.0,PodiumIR,98
1505891496638.0,Sound_R,72.2311535544865
1505891497403.0,Sound_C,67.97133071344341
1505891499047.0,Temperature_1,25.78
1505891499056.0,Temperature_2,23.55
1505891499058.0,Humidity_1,56.07794910604482
1505891499068.0,Humidity_2,58.91430635986382
1505891501990.0,Sound_L,67.11685488536088
1505891503887.0,Sound_P,118.16653868549709
1505891503891.0,PodiumIR,99
1505891505715.0,Temperature_1,25.78
1505891505728.0,Humidity_1,56.07794910604482
1505891505736.0,Temperature_2,23.55
1505891505740.0,Humidity_2,58.91430635986382
1505891506638.0,Sound_R,72.78324948088975
1505891507403.0,Sound_C,69.44777234118929
1505891511990.0,Sound_L,67.26148117739345
1505891512388.0,Temperature_1,25.78
1505891512394.0,Humidity_1,56.07794910604482
1505891512399.0,Temperature_2,23.55
1505891512401.0,Humidity_2,58.91430635986382
1505891513895.0,Sound_P,117.92479350756437
1505891513898.0,PodiumIR,102
1505891516638.0,Sound_R,70.61418143543034
1505891517403.0,Sound_C,68.72596809097055
1505891519063.0,Temperature_1,25.78
1505891519067.0,Humidity_1,56.07794910604482
1505891519072.0,Humidity_2,58.91430635986382
1505891519074.0,Temperature_2,23.55
1505891521990.0,Sound_L,65.93506198561185
1505891523901.0,Sound_P,117.89771695053554
1505891523905.0,PodiumIR,95
1505891525738.0,Temperature_1,25.78
1505891525740.0,Humidity_1,56.07794910604482
1505891525747.0,Temperature_2,23.55
1505891525749.0,Humidity_2,58.91430635986382
1505891526638.0,Sound_R,69.63177722245443
1505891527403.0,Sound_C,67.48980538868288
1505891531991.0,Sound_L,66.2028385040413
1505891532407.0,Temperature_1,25.78
1505891532413.0,Temperature_2,23.55
1505891532416.0,Humidity_2,58.91430635986382
1505891532419.0,Humidity_1,56.07794910604482
1505891533908.0,Sound_P,117.89771695053554
1505891533912.0,PodiumIR,69
1505891536638.0,Sound_R,72.51830868010192
1505891537403.0,Sound_C,67.47973363709231
1505891539077.0,Temperature_1,25.78
1505891539081.0,Humidity_1,56.07794910604482
1505891539084.0,Temperature_2,23.55
1505891539090.0,Humidity_2,58.91430635986382
1505891541991.0,Sound_L,65.45420287410695
1505891543915.0,Sound_P,117.81622447063441
1505891543919.0,PodiumIR,96
1505891545754.0,Temperature_1,25.78
1505891545756.0,Temperature_2,23.55
1505891545758.0,Humidity_1,56.07794910604482
1505891545762.0,Humidity_2,58.91430635986382
1505891546638.0,Sound_R,70.90712267332125
1505891547403.0,Sound_C,67.35558449546262
1505891551991.0,Sound_L,65.94434578433288
1505891552421.0,Temperature_1,25.78
1505891552424.0,Temperature_2,23.55
1505891552430.0,Humidity_1,56.07794910604482
1505891552435.0,Humidity_2,58.91430635986382
1505891553922.0,Sound_P,117.95182649811095
1505891553926.0,PodiumIR,128
1505891556638.0,Sound_R,69.10029976233825
1505891557403.0,Sound_C,68.66436350620897
1505891559096.0,Temperature_1,25.78
1505891559099.0,Humidity_1,56.07794910604482
1505891559100.0,Humidity_2,58.91430635986382
1505891559102.0,Temperature_2,23.55
1505891561991.0,Sound_L,66.12628190588072
1505891563930.0,Sound_P,117.81622447063441
1505891563934.0,PodiumIR,128
1505891565769.0,Temperature_1,25.78
1505891565771.0,Temperature_2,23.55
1505891565777.0,Humidity_2,58.91430635986382
1505891565778.0,Humidity_1,56.07794910604482
1505891566638.0,Sound_R,71.1590691900917
1505891567403.0,Sound_C,69.992908760751
1505891571990.0,Sound_L,67.07382168277748
1505891572436.0,Temperature_1,25.78
1505891572443.0,Temperature_2,23.55
1505891572443.0,Humidity_1,56.07794910604482
1505891572445.0,Humidity_2,58.91430635986382
1505891573937.0,Sound_P,117.84343257374664
1505891573941.0,PodiumIR,98
1505891576638.0,Sound_R,72.79657924081567
1505891577403.0,Sound_C,69.63376050537583
1505891579112.0,Temperature_2,23.55
1505891579115.0,Humidity_1,56.07794910604482
1505891579116.0,Temperature_1,25.78
1505891579117.0,Humidity_2,58.91430635986382
1505891581990.0,Sound_L,67.17958724013104
1505891583945.0,Sound_P,117.81622447063441
1505891583948.0,PodiumIR,93
1505891585781.0,Temperature_1,25.78
1505891585782.0,Humidity_2,58.91430635986382
1505891585789.0,Temperature_2,23.55
1505891585789.0,Humidity_1,56.07794910604482
1505891586638.0,Sound_R,68.24618041063009
1505891587403.0,Sound_C,67.63984945750582
1505891591990.0,Sound_L,66.15361677861242
1505891592453.0,Temperature_2,23.55
1505891592458.0,Temperature_1,25.78
1505891592459.0,Humidity_1,56.07794910604482
1505891592462.0,Humidity_2,58.91430635986382
1505891593951.0,Sound_P,117.81622447063441
1505891593955.0,PodiumIR,76
1505891596638.0,Sound_R,67.2086331177631
1505891597403.0,Sound_C,67.82421277904152
1505891599122.0,Temperature_2,23.55
1505891599124.0,Temperature_1,25.78
1505891599127.0,Humidity_2,58.91430635986382
1505891599139.0,Humidity_1,56.07794910604482
1505891601990.0,Sound_L,66.18914826986773
1505891603962.0,Sound_P,117.95182649811095
1505891603965.0,PodiumIR,134
1505891605800.0,Temperature_1,25.78
1505891605806.0,Humidity_1,56.07794910604482
1505891605812.0,Temperature_2,23.55
1505891605819.0,Humidity_2,58.91430635986382
1505891606638.0,Sound_R,70.96942083222676
1505891607403.0,Sound_C,69.1896586198893
1505891611990.0,Sound_L,66.99909554226117
1505891612460.0,Temperature_1,25.78
1505891612471.0,Humidity_1,56.07794910604482
1505891612476.0,Temperature_2,23.55
1505891612480.0,Humidity_2,58.91430635986382
1505891613968.0,Sound_P,117.95182649811095
1505891613972.0,PodiumIR,102
1505891616638.0,Sound_R,72.56249448120509
1505891617403.0,Sound_C,69.16797418754769
1505891619127.0,Temperature_1,25.78
1505891619130.0,Humidity_1,56.07794910604482
1505891619140.0,Temperature_2,23.55
1505891619142.0,Humidity_2,58.91430635986382
1505891621990.0,Sound_L,67.52864028448305
1505891623975.0,Sound_P,117.78897223432665
1505891623979.0,PodiumIR,100
1505891625791.0,Temperature_1,25.78
1505891625794.0,Humidity_1,56.07794910604482
1505891625809.0,Temperature_2,23.55
1505891625809.0,Humidity_2,58.91430635986382
1505891626638.0,Sound_R,74.10499026699256
1505891627403.0,Sound_C,69.50812436782788
1505891631990.0,Sound_L,66.65955852118373
1505891632457.0,Temperature_1,25.78
1505891632463.0,Humidity_1,56.07794910604482
1505891632472.0,Humidity_2,58.91430635986382
1505891632473.0,Temperature_2,23.55
1505891633982.0,Sound_P,117.92479350756437
1505891633986.0,PodiumIR,98
1505891636638.0,Sound_R,74.12496090063901
1505891637403.0,Sound_C,69.84620889378418
1505891639118.0,Temperature_1,25.78
1505891639126.0,Humidity_1,56.07794910604482
1505891639130.0,Temperature_2,23.55
1505891639137.0,Humidity_2,58.91430635986382
1505891641990.0,Sound_L,67.3411459298602
1505891643989.0,Sound_P,117.87059668637389
1505891643992.0,PodiumIR,84
1505891645786.0,Humidity_1,56.07794910604482
1505891645789.0,Temperature_1,25.78
1505891645800.0,Temperature_2,23.55
1505891645802.0,Humidity_2,58.91430635986382
1505891646638.0,Sound_R,72.15075909538855
1505891647403.0,Sound_C,69.2429021090554
1505891651990.0,Sound_L,66.4637071248738
1505891652449.0,Temperature_1,25.78
1505891652454.0,Humidity_1,56.07794910604482
1505891652462.0,Temperature_2,23.55
1505891652466.0,Humidity_2,58.91430635986382
1505891653995.0,Sound_P,117.92479350756437
1505891653999.0,PodiumIR,119
1505891656638.0,Sound_R,71.21088340821484
1505891657403.0,Sound_C,69.90174074757209
1505891659108.0,Temperature_1,25.78
1505891659114.0,Humidity_1,56.07794910604482
1505891659120.0,Temperature_2,23.55
1505891659133.0,Humidity_2,58.91430635986382
1505891661990.0,Sound_L,66.78708499049404
1505891664003.0,Sound_P,117.87059668637389
1505891664006.0,PodiumIR,92
1505891665772.0,Temperature_1,25.78
1505891665779.0,Humidity_1,56.07794910604482
1505891665786.0,Temperature_2,23.55
1505891665800.0,Humidity_2,58.91430635986382
1505891666638.0,Sound_R,72.10427788243284
1505891667403.0,Sound_C,71.16206101427913
1505891671990.0,Sound_L,66.6825418033504
1505891672435.0,Temperature_1,25.78
1505891672446.0,Humidity_1,56.07794910604482
1505891672451.0,Temperature_2,23.55
1505891672462.0,Humidity_2,58.91430635986382
1505891674010.0,Sound_P,117.89771695053554
1505891674014.0,PodiumIR,89
1505891676638.0,Sound_R,71.76500751285248
1505891677403.0,Sound_C,70.25672366530631
1505891679107.0,Temperature_1,25.78
1505891679114.0,Humidity_1,56.07794910604482
1505891679121.0,Temperature_2,23.55
1505891679122.0,Humidity_2,58.91430635986382
1505891681990.0,Sound_L,67.70317976386923
1505891684017.0,Sound_P,117.97881606214798
1505891684021.0,PodiumIR,113
1505891685766.0,Temperature_1,25.78
1505891685775.0,Temperature_2,23.55
1505891685778.0,Humidity_1,56.07794910604482
1505891685790.0,Humidity_2,58.91430635986382
1505891686638.0,Sound_R,72.36646914379959
1505891687403.0,Sound_C,69.10506051977278
1505891691990.0,Sound_L,69.66323961521647
1505891692428.0,Temperature_1,25.78
1505891692435.0,Humidity_1,56.07794910604482
1505891692446.0,Humidity_2,58.91430635986382
1505891692446.0,Temperature_2,23.55
1505891694024.0,Sound_P,117.81622447063441
1505891694027.0,PodiumIR,93
1505891696638.0,Sound_R,72.6920896201705
1505891697403.0,Sound_C,68.41314009821754
1505891699096.0,Temperature_1,25.78
1505891699105.0,Humidity_1,56.07794910604482
1505891699106.0,Temperature_2,23.55
1505891699120.0,Humidity_2,58.91430635986382
1505891701990.0,Sound_L,69.33446716873024
1505891704031.0,Sound_P,117.84343257374664
1505891704034.0,PodiumIR,99
1505891705764.0,Temperature_1,25.78
1505891705764.0,Humidity_1,56.07794910604482
1505891705774.0,Humidity_2,58.91430635986382
1505891705776.0,Temperature_2,23.55
1505891706638.0,Sound_R,72.65459309561248
1505891707403.0,Sound_C,68.66930219675028
1505891711990.0,Sound_L,69.67360071488847
1505891712420.0,Temperature_1,25.78
1505891712433.0,Humidity_1,56.07794910604482
1505891712435.0,Temperature_2,23.55
1505891712439.0,Humidity_2,58.91430635986382
1505891714037.0,Sound_P,117.87059668637389
1505891714041.0,PodiumIR,146
1505891716638.0,Sound_R,72.7178824423582
1505891717403.0,Sound_C,67.89483947849062
1505891719087.0,Temperature_1,25.78
1505891719095.0,Humidity_1,56.07794910604482
1505891719098.0,Temperature_2,23.55
1505891719104.0,Humidity_2,58.91430635986382
1505891721990.0,Sound_L,68.12171302090796
1505891724044.0,Sound_P,117.70694928866428
1505891724048.0,PodiumIR,91
1505891725752.0,Temperature_1,25.78
1505891725756.0,Humidity_1,56.07794910604482
1505891725759.0,Temperature_2,23.55
1505891725775.0,Humidity_2,58.91430635986382
1505891726638.0,Sound_R,73.14681662395556
1505891727403.0,Sound_C,67.4662799829769
1505891731990.0,Sound_L,67.0291483558581
1505891732414.0,Temperature_1,25.78
1505891732421.0,Humidity_1,56.07794910604482
1505891732431.0,Temperature_2,23.55
1505891732432.0,Humidity_2,58.91430635986382
1505891734051.0,Sound_P,117.81622447063441
1505891734055.0,PodiumIR,86
1505891736638.0,Sound_R,72.72556570622167
1505891737403.0,Sound_C,68.40479892671875
1505891739080.0,Temperature_1,25.78
1505891739091.0,Humidity_1,56.07794910604482
1505891739102.0,Temperature_2,23.55
1505891739105.0,Humidity_2,58.91430635986382
1505891741990.0,Sound_L,66.23165552089908
1505891744058.0,Sound_P,117.87059668637389
1505891744062.0,PodiumIR,104
1505891745740.0,Temperature_1,25.78
1505891745759.0,Humidity_1,56.07794910604482
1505891745764.0,Temperature_2,23.55
1505891745773.0,Humidity_2,58.91430635986382
1505891746638.0,Sound_R,72.12931871677203
1505891747403.0,Sound_C,68.4299118523454
1505891751990.0,Sound_L,65.84234498104271
1505891752409.0,Temperature_1,25.78
1505891752422.0,Humidity_1,56.07794910604482
1505891752430.0,Temperature_2,23.55
1505891752432.0,Humidity_2,58.91430635986382
1505891754065.0,Sound_P,117.76167572141729
1505891754069.0,PodiumIR,88
1505891756638.0,Sound_R,72.09407291664733
1505891757403.0,Sound_C,71.56058948993744
1505891759075.0,Temperature_1,25.78
1505891759079.0,Humidity_1,56.07794910604482
1505891759093.0,Temperature_2,23.55
1505891759097.0,Humidity_2,58.91430635986382
1505891761990.0,Sound_L,67.46233652686155
1505891764072.0,Sound_P,117.51399064595054
1505891764076.0,PodiumIR,94
1505891765740.0,Temperature_1,25.78
1505891765747.0,Humidity_1,56.07794910604482
1505891765754.0,Temperature_2,23.55
1505891765762.0,Humidity_2,58.91430635986382
1505891766638.0,Sound_R,73.220628592911
1505891767403.0,Sound_C,72.74782170750011
1505891771990.0,Sound_L,67.89990095353102
1505891772395.0,Temperature_1,25.78
1505891772402.0,Humidity_1,56.07794910604482
1505891772419.0,Temperature_2,23.55
1505891772423.0,Humidity_2,58.91430635986382
1505891774079.0,Sound_P,117.81622447063441
1505891774083.0,PodiumIR,100
1505891776638.0,Sound_R,73.57975042918605
1505891777403.0,Sound_C,69.68313414957059
1505891779059.0,Temperature_1,25.78
1505891779067.0,Humidity_1,56.07794910604482
1505891779082.0,Humidity_2,58.91430635986382
1505891779085.0,Temperature_2,23.55
1505891781990.0,Sound_L,69.0424038830433
1505891784086.0,Sound_P,117.81622447063441
1505891784096.0,PodiumIR,94
1505891785729.0,Temperature_1,25.78
1505891785732.0,Humidity_1,56.07794910604482
1505891785739.0,Temperature_2,23.55
1505891785745.0,Humidity_2,58.91430635986382
1505891786638.0,Sound_R,73.35710164116857
1505891787403.0,Sound_C,69.35839614421472
1505891791990.0,Sound_L,67.87480807814165
1505891792390.0,Temperature_1,25.78
1505891792400.0,Humidity_1,56.07794910604482
1505891792403.0,Temperature_2,23.55
1505891792414.0,Humidity_2,58.91430635986382
1505891794101.0,Sound_P,117.87059668637389
1505891794105.0,PodiumIR,98
1505891796638.0,Sound_R,72.80677490836307
1505891797403.0,Sound_C,70.56134672079564
1505891799052.0,Temperature_1,25.78
1505891799055.0,Humidity_1,56.07794910604482
1505891799069.0,Temperature_2,23.55
1505891799073.0,Humidity_2,58.91430635986382
1505891801990.0,Sound_L,67.15719704311138
1505891804118.0,Sound_P,117.87059668637389
1505891804122.0,PodiumIR,103
1505891805717.0,Humidity_1,56.07794910604482
1505891805723.0,Temperature_1,25.78
1505891805732.0,Temperature_2,23.55
1505891805738.0,Humidity_2,58.91430635986382
1505891806638.0,Sound_R,70.11354074255773
1505891807403.0,Sound_C,69.83791595266733
1505891811990.0,Sound_L,66.58984921474648
1505891812380.0,Humidity_1,56.07794910604482
1505891812382.0,Temperature_1,25.78
1505891812400.0,Humidity_2,58.91430635986382
1505891812400.0,Temperature_2,23.55
1505891814125.0,Sound_P,117.76167572141729
1505891814129.0,PodiumIR,88
1505891816638.0,Sound_R,72.31309360032577
1505891817403.0,Sound_C,71.15482396288745
1505891819045.0,Temperature_1,25.78
1505891819045.0,Humidity_1,56.07794910604482
1505891819054.0,Temperature_2,23.55
1505891819061.0,Humidity_2,58.91430635986382
1505891821990.0,Sound_L,66.47733924962945
1505891824141.0,Sound_P,117.84343257374664
1505891824145.0,PodiumIR,87
1505891825711.0,Humidity_1,56.07794910604482
1505891825716.0,Temperature_1,25.78
1505891825722.0,Humidity_2,58.91430635986382
1505891825723.0,Temperature_2,23.55
1505891826638.0,Sound_R,73.6928509990325
1505891827403.0,Sound_C,71.50479797792372
1505891831990.0,Sound_L,67.34730798377136
1505891832372.0,Humidity_1,56.07794910604482
1505891832378.0,Temperature_1,25.78
1505891832382.0,Temperature_2,23.55
1505891832382.0,Humidity_2,58.91430635986382
1505891834148.0,Sound_P,117.89771695053554
1505891834152.0,PodiumIR,97
1505891836638.0,Sound_R,72.95564096806565
1505891837403.0,Sound_C,69.98755732258584
1505891839040.0,Humidity_1,56.07794910604482
1505891839041.0,Temperature_1,25.78
1505891839047.0,Humidity_2,58.91430635986382
1505891839048.0,Temperature_2,23.55
1505891841990.0,Sound_L,68.25849900034788
1505891844155.0,Sound_P,117.87059668637389
1505891844165.0,PodiumIR,94
1505891845694.0,Humidity_1,56.07794910604482
1505891845705.0,Temperature_1,25.78
1505891845709.0,Humidity_2,58.91430635986382
1505891845710.0,Temperature_2,23.55
1505891846638.0,Sound_R,73.76592770990685
1505891847403.0,Sound_C,69.51662939543914
1505891851990.0,Sound_L,67.31202087828831
1505891852363.0,Humidity_1,56.07794910604482
1505891852369.0,Temperature_2,23.55
1505891852373.0,Temperature_1,25.78
1505891852376.0,Humidity_2,58.91430635986382
1505891854170.0,Sound_P,117.56934819191356
1505891854174.0,PodiumIR,94
1505891856638.0,Sound_R,71.52635930788001
1505891857403.0,Sound_C,69.92212013801026
1505891859030.0,Humidity_1,56.07794910604482
1505891859035.0,Temperature_1,25.78
1505891859037.0,Temperature_2,23.55
1505891859037.0,Humidity_2,58.91430635986382
1505891861990.0,Sound_L,67.09152638675367
1505891864177.0,Sound_P,117.92479350756437
1505891864181.0,PodiumIR,101
1505891865691.0,Temperature_1,25.78
1505891865692.0,Humidity_1,56.07794910604482
1505891865697.0,Humidity_2,58.91430635986382
1505891865701.0,Temperature_2,23.55
1505891866638.0,Sound_R,70.00508451377068
1505891867403.0,Sound_C,69.07960574302435
1505891871990.0,Sound_L,65.83204129474359
1505891872360.0,Temperature_1,25.78
1505891872362.0,Humidity_1,56.07794910604482
1505891872370.0,Temperature_2,23.55
1505891872372.0,Humidity_2,58.91430635986382
1505891874184.0,Sound_P,117.78897223432665
1505891874187.0,PodiumIR,126
1505891876638.0,Sound_R,71.33557232875701
1505891877403.0,Sound_C,67.98905257918376
1505891879023.0,Humidity_1,56.07794910604482
1505891879027.0,Temperature_1,25.78
1505891879035.0,Humidity_2,58.91430635986382
1505891879035.0,Temperature_2,23.55
1505891881990.0,Sound_L,67.02083850522473
1505891884191.0,Sound_P,117.65204401104197
1505891884194.0,PodiumIR,92
1505891885686.0,Humidity_1,56.07794910604482
1505891885692.0,Temperature_1,25.78
1505891885698.0,Temperature_2,23.55
1505891885700.0,Humidity_2,58.91430635986382
1505891886638.0,Sound_R,73.46109967193462
1505891887403.0,Sound_C,68.28805844387308
1505891891990.0,Sound_L,67.58540578469454
1505891892347.0,Temperature_1,25.78
1505891892349.0,Humidity_1,56.07794910604482
1505891892364.0,Temperature_2,23.55
1505891892367.0,Humidity_2,58.91430635986382
1505891894197.0,Sound_P,118.3785414984758
1505891894201.0,PodiumIR,97
1505891896638.0,Sound_R,73.62479890691897
1505891897403.0,Sound_C,68.87220921377627
1505891899020.0,Humidity_1,56.07794910604482
1505891899021.0,Temperature_1,25.78
1505891899028.0,Humidity_2,58.91430635986382
1505891899031.0,Temperature_2,23.55
1505891901990.0,Sound_L,68.12254888006592
1505891902343.0,Door,activate
1505891904204.0,Sound_P,117.81622447063441
1505891904208.0,PodiumIR,94
1505891905677.0,Temperature_1,25.78
1505891905685.0,Humidity_1,56.07794910604482
1505891905686.0,Temperature_2,23.55
1505891905695.0,Humidity_2,58.91430635986382
1505891906638.0,Sound_R,73.45428833883516
1505891907403.0,Sound_C,70.09877885638154
1505891911990.0,Sound_L,69.77066760801395
1505891912341.0,Temperature_1,25.78
1505891912351.0,Humidity_1,56.07794910604482
1505891912357.0,Temperature_2,23.55
1505891912360.0,Humidity_2,58.91430635986382
1505891914220.0,Sound_P,117.67951907848958
1505891914224.0,PodiumIR,96
1505891916638.0,Sound_R,74.30569026811962
1505891917403.0,Sound_C,71.39199737301165
1505891919007.0,Temperature_1,25.78
1505891919009.0,Humidity_1,56.07794910604482
1505891919017.0,Temperature_2,23.55
1505891919025.0,Humidity_2,58.91430635986382
1505891921990.0,Sound_L,70.23075378639126
1505891924236.0,Sound_P,117.89771695053554
1505891924240.0,PodiumIR,99
1505891925673.0,Temperature_1,25.78
1505891925675.0,Humidity_1,56.07794910604482
1505891925680.0,Humidity_2,58.91430635986382
1505891925686.0,Temperature_2,23.55
1505891926638.0,Sound_R,73.51891936807327
1505891927403.0,Sound_C,71.6867705640804
1505891931990.0,Sound_L,71.37730759306001
1505891932334.0,Humidity_1,56.07794910604482
1505891932341.0,Temperature_1,25.78
1505891932349.0,Temperature_2,23.55
1505891932352.0,Humidity_2,58.91430635986382
1505891934251.0,Sound_P,118.08634282917369
1505891934255.0,PodiumIR,72
1505891936638.0,Sound_R,73.54268607743471
1505891937403.0,Sound_C,69.49481070869768
1505891938998.0,Temperature_1,25.78
1505891939002.0,Humidity_1,56.07794910604482
1505891939009.0,Humidity_2,58.91430635986382
1505891939009.0,Temperature_2,23.55
1505891941990.0,Sound_L,70.22148340451511
1505891944263.0,Sound_P,117.87059668637389
1505891944267.0,PodiumIR,101
1505891945663.0,Temperature_1,25.78
1505891945669.0,Humidity_1,56.07794910604482
1505891945674.0,Temperature_2,23.55
1505891945681.0,Humidity_2,58.91430635986382
1505891946638.0,Sound_R,74.91374553768085
1505891947403.0,Sound_C,71.2370530095332
1505891951990.0,Sound_L,69.96469120689468
1505891952331.0,Humidity_1,56.07794910604482
1505891952331.0,Temperature_1,25.78
1505891952336.0,Temperature_2,23.55
1505891952343.0,Humidity_2,58.91430635986382
1505891954270.0,Sound_P,117.78897223432665
1505891954273.0,PodiumIR,92
1505891956638.0,Sound_R,75.39962264448495
1505891957403.0,Sound_C,73.73755184549857
1505891958994.0,Humidity_1,56.07794910604482
1505891958995.0,Temperature_1,25.78
1505891958998.0,Temperature_2,23.55
1505891959001.0,Humidity_2,58.91430635986382
1505891961990.0,Sound_L,68.60606699439649
1505891964276.0,Sound_P,117.78897223432665
1505891964288.0,PodiumIR,103
1505891965653.0,Humidity_1,56.07794910604482
1505891965658.0,Temperature_1,25.78
1505891965665.0,Humidity_2,58.91430635986382
1505891965671.0,Temperature_2,23.55
1505891966638.0,Sound_R,75.42249649950536
1505891967403.0,Sound_C,72.74837735696117
1505891971990.0,Sound_L,70.12099499273191
1505891972322.0,Temperature_1,25.78
1505891972326.0,Temperature_2,23.55
1505891972326.0,Humidity_1,56.07794910604482
1505891972333.0,Humidity_2,58.91430635986382
1505891974297.0,Sound_P,117.92479350756437
1505891974301.0,PodiumIR,91
1505891976638.0,Sound_R,77.27053045236153
1505891977403.0,Sound_C,72.14129494072215
1505891978987.0,Humidity_1,56.07794910604482
1505891978987.0,Temperature_1,25.78
1505891978994.0,Temperature_2,23.55
1505891979001.0,Humidity_2,58.91430635986382
1505891981990.0,Sound_L,68.60925807363805
1505891984308.0,Sound_P,117.87059668637389
1505891984311.0,PodiumIR,102
1505891985648.0,Humidity_1,56.07794910604482
1505891985649.0,Temperature_1,25.78
1505891985656.0,Temperature_2,23.55
1505891985660.0,Humidity_2,58.91430635986382
1505891986638.0,Sound_R,75.62763520111572
1505891987403.0,Sound_C,71.41076981556358
1505891991990.0,Sound_L,68.51064269336186
1505891992313.0,Humidity_1,56.07794910604482
1505891992316.0,Temperature_1,25.78
1505891992323.0,Temperature_2,23.55
1505891992326.0,Humidity_2,58.91430635986382
1505891994317.0,Sound_P,118.40485473799694
1505891994322.0,PodiumIR,96
1505891996638.0,Sound_R,72.09545372075536
1505891997403.0,Sound_C,70.93538501917409
1505891998975.0,Humidity_1,56.07794910604482
1505891998977.0,Temperature_1,25.78
1505891998984.0,Temperature_2,23.55
1505891998991.0,Humidity_2,58.91430635986382
1505892001990.0,Sound_L,67.17218541757025
1505892004335.0,Sound_P,117.87059668637389
1505892004339.0,PodiumIR,76
1505892005640.0,Temperature_1,25.78
1505892005646.0,Humidity_1,56.07794910604482
1505892005652.0,Temperature_2,23.55
1505892005655.0,Humidity_2,58.91430635986382
1505892006638.0,Sound_R,70.63553556070234
1505892007403.0,Sound_C,70.31986827646301
1505892011990.0,Sound_L,67.86203188875947
1505892012304.0,Temperature_1,25.78
1505892012315.0,Humidity_1,56.07794910604482
1505892012318.0,Humidity_2,58.91430635986382
1505892012319.0,Temperature_2,23.55
1505892014347.0,Sound_P,117.89771695053554
1505892014351.0,PodiumIR,101
1505892016638.0,Sound_R,72.00800761460502
1505892017403.0,Sound_C,69.60128919853548
1505892018970.0,Temperature_1,25.78
1505892018973.0,Humidity_1,56.07794910604482
1505892018979.0,Temperature_2,23.55
1505892018987.0,Humidity_2,58.91430635986382
1505892021990.0,Sound_L,68.8122825634739
1505892024360.0,Sound_P,117.84343257374664
1505892024364.0,PodiumIR,97
1505892025632.0,Temperature_1,25.78
1505892025642.0,Humidity_1,56.07794910604482
1505892025646.0,Humidity_2,58.91430635986382
1505892025649.0,Temperature_2,23.55
1505892026638.0,Sound_R,73.99435751038907
1505892027403.0,Sound_C,70.66281590296605
1505892031990.0,Sound_L,67.86677903590571
1505892032292.0,Temperature_1,25.78
1505892032304.0,Humidity_1,56.07794910604482
1505892032305.0,Temperature_2,23.55
1505892032313.0,Humidity_2,58.91430635986382
1505892034372.0,Sound_P,117.84343257374664
1505892034375.0,PodiumIR,131
1505892036638.0,Sound_R,69.48324007876563
1505892037403.0,Sound_C,68.90891037816476
1505892038961.0,Temperature_1,25.78
1505892038965.0,Humidity_1,56.07794910604482
1505892038977.0,Temperature_2,23.55
1505892038978.0,Humidity_2,58.91430635986382
1505892041990.0,Sound_L,66.36744146244749
1505892044383.0,Sound_P,117.76167572141729
1505892044387.0,PodiumIR,107
1505892045626.0,Humidity_1,56.07794910604482
1505892045628.0,Temperature_1,25.78
1505892045631.0,Temperature_2,23.55
1505892045641.0,Humidity_2,58.91430635986382
1505892046638.0,Sound_R,67.75577992057568
1505892047403.0,Sound_C,65.93866517509399
1505892051990.0,Sound_L,65.28767043079888
1505892052283.0,Temperature_1,25.78
1505892052299.0,Humidity_1,56.07794910604482
1505892052304.0,Temperature_2,23.55
1505892052308.0,Humidity_2,58.91430635986382
1505892054396.0,Sound_P,117.81622447063441
1505892054400.0,PodiumIR,63
1505892056638.0,Sound_R,71.95014260475361
1505892057403.0,Sound_C,69.00619684264286
1505892058952.0,Temperature_1,25.78
1505892058959.0,Humidity_1,56.07794910604482
1505892058961.0,Temperature_2,23.55
1505892058965.0,Humidity_2,58.91430635986382
1505892061990.0,Sound_L,65.97930156268586
1505892064407.0,Sound_P,117.89771695053554
1505892064411.0,PodiumIR,86
1505892065619.0,Temperature_1,25.78
1505892065623.0,Temperature_2,23.55
1505892065627.0,Humidity_1,56.07794910604482
1505892065636.0,Humidity_2,58.91430635986382
1505892066638.0,Sound_R,71.90160980231262
1505892067403.0,Sound_C,70.807831382864
1505892071990.0,Sound_L,67.29778237937145
1505892072282.0,Humidity_1,56.07794910604482
1505892072283.0,Temperature_1,25.78
1505892072288.0,Temperature_2,23.55
1505892072293.0,Humidity_2,58.91430635986382
1505892074419.0,Sound_P,117.92479350756437
1505892074423.0,PodiumIR,85
1505892076638.0,Sound_R,71.42023667711582
1505892077403.0,Sound_C,71.53492678036336
1505892078947.0,Humidity_1,56.07794910604482
1505892078949.0,Temperature_1,25.78
1505892078955.0,Humidity_2,58.91430635986382
1505892078961.0,Temperature_2,23.55
1505892081990.0,Sound_L,67.21316579785753
1505892084430.0,Sound_P,118.16653868549709
1505892084434.0,PodiumIR,113
1505892085609.0,Temperature_1,25.78
1505892085613.0,Humidity_1,56.07794910604482
1505892085616.0,Temperature_2,23.55
1505892085622.0,Humidity_2,58.91430635986382
1505892086638.0,Sound_R,74.10190987299278
1505892087403.0,Sound_C,71.83468178312903
1505892091990.0,Sound_L,66.66335320873974
1505892092270.0,Temperature_1,25.78
1505892092276.0,Humidity_1,56.07794910604482
1505892092284.0,Temperature_2,23.55
1505892092292.0,Humidity_2,58.91430635986382
1505892094442.0,Sound_P,118.2993536063961
1505892094446.0,PodiumIR,100
1505892096638.0,Sound_R,74.08534256565657
1505892097403.0,Sound_C,69.30778876085265
1505892098938.0,Temperature_1,25.78
1505892098946.0,Humidity_1,56.07794910604482
1505892098952.0,Temperature_2,23.55
1505892098956.0,Humidity_2,58.91430635986382
1505892101990.0,Sound_L,66.39714120073043
1505892104451.0,Sound_P,117.89771695053554
1505892104454.0,PodiumIR,102
1505892105600.0,Temperature_1,25.78
1505892105601.0,Humidity_1,56.07794910604482
1505892105609.0,Temperature_2,23.55
1505892105613.0,Humidity_2,58.91430635986382
1505892106638.0,Sound_R,71.25722352681116
1505892107403.0,Sound_C,69.18210502347496
1505892111990.0,Sound_L,67.22100194234372
1505892112262.0,Temperature_1,25.78
1505892112273.0,Humidity_1,56.07794910604482
1505892112274.0,Temperature_2,23.55
1505892112279.0,Humidity_2,58.91430635986382
1505892114461.0,Sound_P,117.78897223432665
1505892114464.0,PodiumIR,97
1505892116638.0,Sound_R,75.38062856077009
1505892117403.0,Sound_C,70.93144953077665
1505892118927.0,Temperature_1,25.78
1505892118938.0,Temperature_2,23.55
1505892118938.0,Humidity_1,56.07794910604482
1505892118947.0,Humidity_2,58.91430635986382
1505892121990.0,Sound_L,68.89971482196677
1505892124467.0,Sound_P,118.3785414984758
1505892124471.0,PodiumIR,101
1505892125594.0,Temperature_1,25.78
1505892125597.0,Humidity_1,56.07794910604482
1505892125602.0,Humidity_2,58.91430635986382
1505892125606.0,Temperature_2,23.55
1505892126638.0,Sound_R,76.26223858471879
1505892127403.0,Sound_C,70.27207406237312
1505892131990.0,Sound_L,67.95979292596422
1505892132260.0,Temperature_1,25.78
1505892132265.0,Temperature_2,23.55
1505892132265.0,Humidity_1,56.07794910604482
1505892132274.0,Humidity_2,58.91430635986382
1505892134474.0,Sound_P,117.59695871579397
1505892134478.0,PodiumIR,89
1505892136638.0,Sound_R,72.68300102456197
1505892137403.0,Sound_C,69.48153573857678
1505892138920.0,Temperature_1,25.78
1505892138926.0,Humidity_1,56.07794910604482
1505892138937.0,Temperature_2,23.55
1505892138940.0,Humidity_2,58.91430635986382
1505892141990.0,Sound_L,67.32034395347935
1505892144481.0,Sound_P,118.4311268309188
1505892144484.0,PodiumIR,89
1505892145591.0,Temperature_1,25.78
1505892145596.0,Humidity_1,56.07794910604482
1505892145606.0,Temperature_2,23.55
1505892145609.0,Humidity_2,58.91430635986382
1505892146638.0,Sound_R,72.18846108833627
1505892147403.0,Sound_C,69.98555113916449
1505892151990.0,Sound_L,67.33716416924022
1505892152269.0,Temperature_1,25.78
1505892152271.0,Humidity_1,56.07794910604482
1505892152279.0,Temperature_2,23.55
1505892152281.0,Humidity_2,58.91430635986382
1505892154487.0,Sound_P,117.89771695053554
1505892154491.0,PodiumIR,97
1505892156638.0,Sound_R,70.43900028344683
1505892157403.0,Sound_C,70.31946787900057
1505892158936.0,Temperature_1,25.78
1505892158945.0,Humidity_1,56.07794910604482
1505892158950.0,Temperature_2,23.55
1505892158951.0,Humidity_2,58.91430635986382
1505892161990.0,Sound_L,69.03293615584587
1505892164494.0,Sound_P,117.73433478780012
1505892164498.0,PodiumIR,84
1505892165610.0,Humidity_1,56.07794910604482
1505892165611.0,Temperature_1,25.78
1505892165618.0,Temperature_2,23.55
1505892165624.0,Humidity_2,58.91430635986382
1505892166638.0,Sound_R,70.98706083541357
1505892167403.0,Sound_C,72.13862280390799
1505892171990.0,Sound_L,68.75377136801589
1505892172285.0,Temperature_1,25.78
1505892172288.0,Temperature_2,23.55
1505892172290.0,Humidity_1,56.07794910604482
1505892172304.0,Humidity_2,58.91430635986382
1505892174501.0,Sound_P,117.78897223432665
1505892174504.0,PodiumIR,83
1505892176638.0,Sound_R,70.78441639737974
1505892177403.0,Sound_C,71.93185832713084
1505892178954.0,Temperature_1,25.78
1505892178958.0,Temperature_2,23.55
1505892178960.0,Humidity_1,56.07794910604482
1505892178967.0,Humidity_2,58.91430635986382
1505892181990.0,Sound_L,68.48722392518118
1505892184507.0,Sound_P,117.87059668637389
1505892184510.0,PodiumIR,98
1505892185624.0,Temperature_1,25.78
1505892185635.0,Humidity_1,56.07794910604482
1505892185637.0,Temperature_2,23.55
1505892185642.0,Humidity_2,58.91430635986382
1505892186638.0,Sound_R,72.4351885096586
1505892187403.0,Sound_C,69.64794490488875
1505892191990.0,Sound_L,68.63352256338098
1505892192298.0,Temperature_1,25.78
1505892192301.0,Temperature_2,23.55
1505892192307.0,Humidity_1,56.07794910604482
1505892192313.0,Humidity_2,58.91430635986382
1505892194513.0,Sound_P,118.1931857965549
1505892194517.0,PodiumIR,99
1505892196638.0,Sound_R,73.57425888626817
1505892197403.0,Sound_C,69.43382137099941
1505892198967.0,Temperature_1,25.78
1505892198971.0,Humidity_1,56.07794910604482
1505892198978.0,Temperature_2,23.55
1505892198992.0,Humidity_2,58.91430635986382
1505892201991.0,Sound_L,68.71842996713835
1505892204520.0,Sound_P,117.70694928866428
1505892204524.0,PodiumIR,96
1505892205640.0,Temperature_1,25.78
1505892205647.0,Humidity_1,56.07794910604482
1505892205650.0,Temperature_2,23.55
1505892205665.0,Humidity_2,58.91430635986382
1505892206638.0,Sound_R,72.59457983955872
1505892207403.0,Sound_C,72.22368561028577
1505892211991.0,Sound_L,68.58708994352654
1505892212317.0,Temperature_1,25.78
1505892212319.0,Humidity_1,56.07794910604482
1505892212322.0,Temperature_2,23.55
1505892212335.0,Humidity_2,58.91430635986382
1505892214531.0,Sound_P,118.1398492438241
1505892214535.0,PodiumIR,92
1505892216638.0,Sound_R,72.47389142632329
1505892217403.0,Sound_C,72.76090781884848
1505892218980.0,Temperature_1,25.78
1505892218994.0,Temperature_2,23.55
1505892218995.0,Humidity_1,56.07794910604482
1505892219002.0,Humidity_2,58.91430635986382
1505892221991.0,Sound_L,68.37031149554551
1505892224542.0,Sound_P,117.84343257374664
1505892224546.0,PodiumIR,99
1505892225657.0,Temperature_1,25.78
1505892225658.0,Temperature_2,23.55
1505892225664.0,Humidity_1,56.07794910604482
1505892225680.0,Humidity_2,58.91430635986382
1505892226638.0,Sound_R,72.94823968203468
1505892227403.0,Sound_C,71.13442443272453
1505892231991.0,Sound_L,68.94594414245381
1505892232325.0,Temperature_1,25.78
1505892232332.0,Temperature_2,23.55
1505892232337.0,Humidity_1,56.07794910604482
1505892232351.0,Humidity_2,58.91430635986382
1505892234549.0,Sound_P,117.84343257374664
1505892234553.0,PodiumIR,106
1505892236638.0,Sound_R,73.81519012750306
1505892237403.0,Sound_C,70.44333184210613
1505892238997.0,Temperature_1,25.78
1505892238999.0,Temperature_2,23.55
1505892239010.0,Humidity_1,56.07794910604482
1505892239020.0,Humidity_2,58.91430635986382
1505892241990.0,Sound_L,68.15096814673046
1505892244556.0,Sound_P,118.40485473799694
1505892244560.0,PodiumIR,83
1505892245671.0,Temperature_1,25.78
1505892245675.0,Temperature_2,23.55
1505892245681.0,Humidity_1,56.07794910604482
1505892245693.0,Humidity_2,58.91430635986382
1505892246638.0,Sound_R,72.01554752850103
1505892247403.0,Sound_C,68.12170357537116
1505892251990.0,Sound_L,68.71486407071822
1505892252346.0,Temperature_1,25.78
1505892252349.0,Temperature_2,23.55
1505892252355.0,Humidity_1,56.07794910604482
1505892252360.0,Humidity_2,58.91430635986382
1505892254563.0,Sound_P,117.81622447063441
1505892254567.0,PodiumIR,93
1505892256638.0,Sound_R,72.37374478373232
1505892257403.0,Sound_C,69.52338266924026
1505892259017.0,Temperature_1,25.78
1505892259019.0,Temperature_2,23.55
1505892259025.0,Humidity_1,56.07794910604482
1505892259038.0,Humidity_2,58.91430635986382
1505892261990.0,Sound_L,67.74293145464625
1505892264570.0,Sound_P,118.3785414984758
1505892264573.0,PodiumIR,85
1505892265687.0,Temperature_1,25.78
1505892265691.0,Temperature_2,23.55
1505892265699.0,Humidity_1,56.07794910604482
1505892265709.0,Humidity_2,58.91430635986382
1505892266638.0,Sound_R,76.16010142970198
1505892267403.0,Sound_C,72.50920292212687
1505892271991.0,Sound_L,69.60754487488907
1505892272360.0,Temperature_1,25.78
1505892272366.0,Humidity_1,56.07794910604482
1505892272372.0,Temperature_2,23.55
1505892272387.0,Humidity_2,58.91430635986382
1505892274577.0,Sound_P,117.65204401104197
1505892274581.0,PodiumIR,100
1505892276638.0,Sound_R,77.26911054899931
1505892277403.0,Sound_C,71.9923199174436
1505892279034.0,Temperature_1,25.78
1505892279043.0,Humidity_1,56.07794910604482
1505892279048.0,Temperature_2,23.55
1505892279054.0,Humidity_2,58.91430635986382
1505892281991.0,Sound_L,69.25561472731675
1505892284588.0,Sound_P,117.89771695053554
1505892284601.0,PodiumIR,106
1505892285704.0,Temperature_1,25.78
1505892285706.0,Humidity_1,56.07794910604482
1505892285719.0,Temperature_2,23.55
1505892285725.0,Humidity_2,58.91430635986382
1505892286638.0,Sound_R,74.47160614597492
1505892287403.0,Sound_C,71.36221515814522
1505892291991.0,Sound_L,69.46375815541525
1505892292380.0,Temperature_1,25.78
1505892292386.0,Temperature_2,23.55
1505892292387.0,Humidity_1,56.07794910604482
1505892292398.0,Humidity_2,58.91430635986382
1505892294609.0,Sound_P,117.70694928866428
1505892294613.0,PodiumIR,85
1505892296638.0,Sound_R,73.94625096875127
1505892297403.0,Sound_C,71.31498920492696
1505892299053.0,Temperature_1,25.78
1505892299057.0,Temperature_2,23.55
1505892299059.0,Humidity_1,56.07794910604482
1505892299071.0,Humidity_2,58.91430635986382
1505892301991.0,Sound_L,69.80193916836001
1505892304620.0,Sound_P,117.70694928866428
1505892304624.0,PodiumIR,100
1505892305717.0,Temperature_1,25.78
1505892305728.0,Humidity_1,56.07794910604482
1505892305735.0,Temperature_2,23.55
1505892305739.0,Humidity_2,58.91430635986382
1505892306638.0,Sound_R,76.72471791125524
1505892307403.0,Sound_C,71.84844647830086
1505892311991.0,Sound_L,69.15480637145234
1505892312390.0,Temperature_1,25.78
1505892312393.0,Humidity_1,56.07794910604482
1505892312407.0,Temperature_2,23.55
1505892312410.0,Humidity_2,58.91430635986382
1505892314629.0,Sound_P,117.89771695053554
1505892314634.0,PodiumIR,127
1505892316638.0,Sound_R,77.4975725373642
1505892317403.0,Sound_C,73.37416278211496
1505892319068.0,Temperature_1,25.78
1505892319069.0,Humidity_1,56.07794910604482
1505892319075.0,Temperature_2,23.55
1505892319087.0,Humidity_2,58.91430635986382
1505892321991.0,Sound_L,70.25739674962688
1505892324640.0,Sound_P,117.81622447063441
1505892324643.0,PodiumIR,91
1505892325741.0,Temperature_1,25.78
1505892325743.0,Temperature_2,23.55
1505892325745.0,Humidity_1,56.07794910604482
1505892325755.0,Humidity_2,58.91430635986382
1505892326638.0,Sound_R,75.7098741712142
1505892327403.0,Sound_C,73.14248948323547
1505892331991.0,Sound_L,68.60847540158782
1505892332413.0,Temperature_1,25.78
1505892332417.0,Humidity_1,56.07794910604482
1505892332423.0,Temperature_2,23.55
1505892332431.0,Humidity_2,58.91430635986382
1505892334646.0,Sound_P,118.4311268309188
1505892334649.0,PodiumIR,98
1505892336638.0,Sound_R,74.5855098121914
1505892337403.0,Sound_C,71.77498113937945
1505892339080.0,Temperature_1,25.78
1505892339084.0,Humidity_1,56.07794910604482
1505892339087.0,Temperature_2,23.55
1505892339093.0,Humidity_2,58.91430635986382
1505892341991.0,Sound_L,68.14638302226678
1505892344656.0,Sound_P,118.3521869832679
1505892344660.0,PodiumIR,93
1505892345754.0,Temperature_1,25.78
1505892345759.0,Humidity_1,56.07794910604482
1505892345766.0,Temperature_2,23.55
1505892345773.0,Humidity_2,58.91430635986382
1505892346638.0,Sound_R,75.65862132049605
1505892347403.0,Sound_C,72.048944600383
1505892351991.0,Sound_L,67.80806165788195
1505892352427.0,Temperature_1,25.78
1505892352431.0,Temperature_2,23.55
1505892352435.0,Humidity_1,56.07794910604482
1505892352444.0,Humidity_2,58.91430635986382
1505892354663.0,Sound_P,117.84343257374664
1505892354667.0,PodiumIR,94
1505892356638.0,Sound_R,76.06267567133173
1505892357403.0,Sound_C,71.07625017110139
1505892359094.0,Temperature_1,25.78
1505892359104.0,Humidity_1,56.07794910604482
1505892359109.0,Temperature_2,23.55
1505892359112.0,Humidity_2,58.91430635986382
1505892361991.0,Sound_L,67.86384091236526
1505892364670.0,Sound_P,117.89771695053554
1505892364674.0,PodiumIR,72
1505892365771.0,Temperature_1,25.78
1505892365774.0,Humidity_1,56.07794910604482
1505892365777.0,Humidity_2,58.91430635986382
1505892365782.0,Temperature_2,23.55
1505892366638.0,Sound_R,75.16883352168327
1505892367403.0,Sound_C,69.15593332054353
1505892371991.0,Sound_L,68.03137090576394
1505892372441.0,Temperature_1,25.78
1505892372446.0,Humidity_1,56.07794910604482
1505892372447.0,Temperature_2,23.55
1505892372448.0,Humidity_2,58.91430635986382
1505892374678.0,Sound_P,117.45845009950281
1505892374682.0,PodiumIR,104
1505892376638.0,Sound_R,74.26677272357989
1505892377403.0,Sound_C,68.48556133913662
1505892379113.0,Temperature_1,25.78
1505892379119.0,Humidity_1,56.07794910604482
1505892379120.0,Temperature_2,23.55
1505892379122.0,Humidity_2,58.91430635986382
1505892381991.0,Sound_L,66.48046030759365
1505892384685.0,Sound_P,117.78897223432665
1505892384689.0,PodiumIR,87
1505892385785.0,Temperature_1,25.78
1505892385795.0,Humidity_1,56.07794910604482
1505892385797.0,Temperature_2,23.55
1505892385799.0,Humidity_2,58.91430635986382
1505892386638.0,Sound_R,74.91680921731383
1505892387403.0,Sound_C,70.73785889869282
1505892391991.0,Sound_L,65.81139673911053
1505892392460.0,Humidity_2,58.91430635986382
1505892392461.0,Humidity_1,56.07794910604482
1505892392461.0,Temperature_1,25.78
1505892392470.0,Temperature_2,23.55
1505892394692.0,Sound_P,117.48624332337616
1505892394695.0,PodiumIR,96
1505892396638.0,Sound_R,74.76041373590289
1505892397403.0,Sound_C,71.23669727090704
1505892399131.0,Temperature_1,25.78
1505892399135.0,Humidity_2,58.91430635986382
1505892399137.0,Humidity_1,56.07794910604482
1505892399142.0,Temperature_2,23.55
1505892401990.0,Sound_L,63.85898724583805
1505892404699.0,Sound_P,118.27287448349982
1505892404703.0,PodiumIR,91
1505892405800.0,Temperature_1,25.78
1505892405806.0,Humidity_1,56.07794910604482
1505892405812.0,Temperature_2,23.55
1505892405815.0,Humidity_2,58.91430635986382
1505892406638.0,Sound_R,73.75388829270447
1505892407403.0,Sound_C,70.64142138971796
1505892411991.0,Sound_L,65.92839509925642
1505892412462.0,Temperature_1,25.78
1505892412465.0,Humidity_1,56.07794910604482
1505892412478.0,Humidity_2,58.91430635986382
1505892412481.0,Temperature_2,23.55
1505892414706.0,Sound_P,117.89771695053554
1505892414710.0,PodiumIR,91
1505892416638.0,Sound_R,72.14647953774498
1505892417403.0,Sound_C,70.16936574678034
1505892419129.0,Temperature_1,25.78
1505892419137.0,Humidity_1,56.07794910604482
1505892419139.0,Humidity_2,58.91430635986382
1505892419140.0,Temperature_2,23.55
1505892421991.0,Sound_L,67.97093164330352
1505892424713.0,Sound_P,117.78897223432665
1505892424717.0,PodiumIR,87
1505892425790.0,Temperature_1,25.78
1505892425803.0,Humidity_1,56.07794910604482
1505892425807.0,Temperature_2,23.55
1505892425811.0,Humidity_2,58.91430635986382
1505892426638.0,Sound_R,72.31373353588263
1505892427403.0,Sound_C,69.966266540826
1505892431990.0,Sound_L,70.93060670838938
1505892432459.0,Temperature_1,25.78
1505892432462.0,Humidity_1,56.07794910604482
1505892432463.0,Temperature_2,23.55
1505892432474.0,Humidity_2,58.91430635986382
1505892434720.0,Sound_P,117.92479350756437
1505892434724.0,PodiumIR,114
1505892436638.0,Sound_R,74.25868814256339
1505892437403.0,Sound_C,72.20607940821431
1505892439123.0,Temperature_1,25.78
1505892439125.0,Humidity_1,56.07794910604482
1505892439137.0,Temperature_2,23.55
1505892439140.0,Humidity_2,58.91430635986382
1505892441991.0,Sound_L,71.29748642131565
1505892444727.0,Sound_P,117.89771695053554
1505892444731.0,PodiumIR,99
1505892445780.0,Temperature_1,25.78
1505892445788.0,Humidity_1,56.07794910604482
1505892445794.0,Humidity_2,58.91430635986382
1505892445801.0,Temperature_2,23.55
1505892446638.0,Sound_R,76.96267860049399
1505892447403.0,Sound_C,75.77359836565412
1505892451991.0,Sound_L,72.01242708804439
1505892452449.0,Temperature_1,25.78
1505892452457.0,Humidity_1,56.07794910604482
1505892452463.0,Humidity_2,58.91430635986382
1505892452465.0,Temperature_2,23.55
1505892454734.0,Sound_P,118.4311268309188
1505892454737.0,PodiumIR,92
1505892456638.0,Sound_R,78.64954962810992
1505892457403.0,Sound_C,76.58161474105216
1505892459115.0,Humidity_1,56.07794910604482
1505892459115.0,Temperature_1,25.78
1505892459127.0,Humidity_2,58.91430635986382
1505892459128.0,Temperature_2,23.55
1505892461991.0,Sound_L,71.59275329922619
1505892464741.0,Sound_P,117.89771695053554
1505892464744.0,PodiumIR,73
1505892465774.0,Temperature_1,25.78
1505892465785.0,Temperature_2,23.55
1505892465785.0,Humidity_1,56.07794910604482
1505892465786.0,Humidity_2,58.91430635986382
1505892466638.0,Sound_R,77.96976429690245
1505892467403.0,Sound_C,74.8342186070409
1505892471991.0,Sound_L,71.37918857492036
1505892472442.0,Temperature_1,25.78
1505892472449.0,Humidity_1,56.07794910604482
1505892472457.0,Temperature_2,23.55
1505892472460.0,Humidity_2,58.91430635986382
1505892474747.0,Sound_P,117.81622447063441
1505892474751.0,PodiumIR,101
1505892476638.0,Sound_R,76.73046413986265
1505892477403.0,Sound_C,74.05703549836232
1505892479105.0,Temperature_1,25.78
1505892479112.0,Humidity_1,56.07794910604482
1505892479112.0,Temperature_2,23.55
1505892479117.0,Humidity_2,58.91430635986382
1505892481990.0,Sound_L,69.82775619182888
1505892484754.0,Sound_P,117.73433478780012
1505892484759.0,PodiumIR,112
1505892485771.0,Temperature_1,25.78
1505892485776.0,Humidity_1,56.07794910604482
1505892485783.0,Temperature_2,23.55
1505892485786.0,Humidity_2,58.91430635986382
1505892486638.0,Sound_R,73.79037196826695
1505892487403.0,Sound_C,73.21785004727572
1505892491991.0,Sound_L,68.50533787586402
1505892492437.0,Temperature_1,25.78
1505892492437.0,Humidity_1,56.07794910604482
1505892492442.0,Humidity_2,58.91430635986382
1505892492449.0,Temperature_2,23.55
1505892494765.0,Sound_P,117.84343257374664
1505892494769.0,PodiumIR,101
1505892496638.0,Sound_R,74.72857385855836
1505892497403.0,Sound_C,73.40868647957697
1505892499097.0,Temperature_1,25.78
1505892499104.0,Humidity_1,56.07794910604482
1505892499106.0,Temperature_2,23.55
1505892499115.0,Humidity_2,58.91430635986382
1505892501991.0,Sound_L,68.78826961742578
1505892504772.0,Sound_P,117.89771695053554
1505892504775.0,PodiumIR,136
1505892505759.0,Temperature_1,25.78
1505892505766.0,Humidity_1,56.07794910604482
1505892505777.0,Temperature_2,23.55
1505892505779.0,Humidity_2,58.91430635986382
1505892506638.0,Sound_R,76.55560239559894
1505892507403.0,Sound_C,74.5505538012683
1505892511991.0,Sound_L,70.24457763464693
1505892512420.0,Temperature_1,25.78
1505892512428.0,Humidity_1,56.07794910604482
1505892512436.0,Temperature_2,23.55
1505892512439.0,Humidity_2,58.91430635986382
1505892514779.0,Sound_P,117.78897223432665
1505892514783.0,PodiumIR,99
1505892516638.0,Sound_R,76.49021209070705
1505892517403.0,Sound_C,72.9417791294767
1505892519085.0,Temperature_1,25.78
1505892519096.0,Temperature_2,23.55
1505892519097.0,Humidity_1,56.07794910604482
1505892519107.0,Humidity_2,58.91430635986382
1505892521991.0,Sound_L,69.92027239580457
1505892524786.0,Sound_P,117.84343257374664
1505892524790.0,PodiumIR,140
1505892525754.0,Temperature_1,25.78
1505892525758.0,Humidity_1,56.07794910604482
1505892525764.0,Humidity_2,58.91430635986382
1505892525765.0,Temperature_2,23.55
1505892526638.0,Sound_R,77.51693582875599
1505892527403.0,Sound_C,71.80954772758122
1505892531990.0,Sound_L,68.57088732363101
1505892532414.0,Temperature_1,25.78
1505892532417.0,Humidity_1,56.07794910604482
1505892532426.0,Humidity_2,58.91430635986382
1505892532428.0,Temperature_2,23.55
1505892534793.0,Sound_P,117.87059668637389
1505892534796.0,PodiumIR,95
1505892536638.0,Sound_R,76.9995629452377
1505892537403.0,Sound_C,73.60963293684728
1505892539082.0,Temperature_1,25.78
1505892539088.0,Humidity_1,56.07794910604482
1505892539094.0,Temperature_2,23.55
1505892539097.0,Humidity_2,58.91430635986382
1505892541990.0,Sound_L,66.30153894472743
1505892544799.0,Sound_P,118.11311733683219
1505892544803.0,PodiumIR,130
1505892545744.0,Temperature_1,25.78
1505892545754.0,Humidity_1,56.07794910604482
1505892545762.0,Temperature_2,23.55
1505892545762.0,Humidity_2,58.91430635986382
1505892546638.0,Sound_R,74.87401802713423
1505892547403.0,Sound_C,73.63099201778273
1505892551990.0,Sound_L,66.7175908610227
1505892552405.0,Temperature_1,25.78
1505892552410.0,Humidity_1,56.07794910604482
1505892552415.0,Temperature_2,23.55
1505892552421.0,Humidity_2,58.91430635986382
1505892554806.0,Sound_P,117.97881606214798
1505892554810.0,PodiumIR,85
1505892556638.0,Sound_R,74.7733181734227
1505892557403.0,Sound_C,71.31339313176329
1505892559076.0,Temperature_1,25.78
1505892559079.0,Humidity_1,56.07794910604482
1505892559086.0,Temperature_2,23.55
1505892559088.0,Humidity_2,58.91430635986382
1505892561990.0,Sound_L,65.98243393108737
1505892564813.0,Sound_P,117.56934819191356
1505892564817.0,PodiumIR,116
1505892565735.0,Temperature_1,25.78
1505892565741.0,Temperature_2,23.55
1505892565742.0,Humidity_1,56.07794910604482
1505892565748.0,Humidity_2,58.91430635986382
1505892566638.0,Sound_R,72.04024859364841
1505892567403.0,Sound_C,67.4185390337319
1505892571990.0,Sound_L,66.8967440718311
1505892572400.0,Temperature_1,25.78
1505892572405.0,Humidity_1,56.07794910604482
1505892572413.0,Temperature_2,23.55
1505892572414.0,Humidity_2,58.91430635986382
1505892574820.0,Sound_P,117.78897223432665
1505892574824.0,PodiumIR,102
1505892576638.0,Sound_R,70.13883728132448
1505892577403.0,Sound_C,67.52764013469846
1505892579063.0,Humidity_1,56.07794910604482
1505892579065.0,Temperature_1,25.78
1505892579068.0,Temperature_2,23.55
1505892579079.0,Humidity_2,58.91430635986382
1505892581990.0,Sound_L,66.94481928056815
1505892584828.0,Sound_P,117.78897223432665
1505892584832.0,PodiumIR,120
1505892585718.0,Temperature_1,25.78
1505892585726.0,Humidity_1,56.07794910604482
1505892585731.0,Temperature_2,23.55
1505892585740.0,Humidity_2,58.91430635986382
1505892586638.0,Sound_R,71.66195815364252
1505892587403.0,Sound_C,68.37090334910027
1505892591990.0,Sound_L,68.44681556666455
1505892592382.0,Temperature_1,25.78
1505892592391.0,Humidity_1,56.07794910604482
1505892592398.0,Temperature_2,23.55
1505892592411.0,Humidity_2,58.91430635986382
1505892594835.0,Sound_P,117.89771695053554
1505892594839.0,PodiumIR,91
1505892596638.0,Sound_R,73.638818884302
1505892597403.0,Sound_C,67.4726132593119
1505892599050.0,Humidity_1,56.07794910604482
1505892599050.0,Temperature_1,25.78
1505892599059.0,Temperature_2,23.55
1505892599075.0,Humidity_2,58.91430635986382
1505892601990.0,Sound_L,67.83186818683082
1505892604842.0,Sound_P,118.45735790572417
1505892604845.0,PodiumIR,105
1505892605713.0,Temperature_1,25.78
1505892605722.0,Humidity_1,56.07794910604482
1505892605725.0,Temperature_2,23.55
1505892605736.0,Humidity_2,58.91430635986382
1505892606638.0,Sound_R,74.36730454321436
1505892607403.0,Sound_C,68.96775642687805
1505892611990.0,Sound_L,68.6430722757018
1505892612374.0,Temperature_1,25.78
1505892612384.0,Humidity_1,56.07794910604482
1505892612388.0,Temperature_2,23.55
1505892612402.0,Humidity_2,58.91430635986382
1505892614850.0,Sound_P,117.89771695053554
1505892614853.0,PodiumIR,110
1505892616638.0,Sound_R,74.24475862145438
1505892617403.0,Sound_C,70.20619007359572
1505892619039.0,Temperature_1,25.78
1505892619047.0,Temperature_2,23.55
1505892619049.0,Humidity_1,56.07794910604482
1505892619060.0,Humidity_2,58.91430635986382
1505892621990.0,Sound_L,67.45750976330554
1505892624856.0,Sound_P,117.97881606214798
1505892624860.0,PodiumIR,79
1505892625700.0,Temperature_1,25.78
1505892625705.0,Humidity_1,56.07794910604482
1505892625708.0,Temperature_2,23.55
1505892625725.0,Humidity_2,58.91430635986382
1505892626638.0,Sound_R,76.4394420325177
1505892627403.0,Sound_C,70.3946784250154
1505892631990.0,Sound_L,68.06291562224142
1505892632359.0,Temperature_1,25.78
1505892632369.0,Humidity_1,56.07794910604482
1505892632373.0,Temperature_2,23.55
1505892632390.0,Humidity_2,58.91430635986382
1505892634863.0,Sound_P,117.81622447063441
1505892634867.0,PodiumIR,100
1505892636638.0,Sound_R,76.82049687399075
1505892637403.0,Sound_C,70.21736678483961
1505892639026.0,Temperature_1,25.78
1505892639035.0,Humidity_1,56.07794910604482
1505892639042.0,Temperature_2,23.55
1505892639053.0,Humidity_2,58.91430635986382
1505892641990.0,Sound_L,67.55598501521476
1505892644870.0,Sound_P,117.84343257374664
1505892644874.0,PodiumIR,99
1505892645691.0,Temperature_1,25.78
1505892645700.0,Temperature_2,23.55
1505892645701.0,Humidity_1,56.07794910604482
1505892645719.0,Humidity_2,58.91430635986382
1505892646638.0,Sound_R,76.43664263856058
1505892647403.0,Sound_C,69.39898243926798
1505892651990.0,Sound_L,69.40555293339918
1505892652353.0,Temperature_1,25.78
1505892652362.0,Humidity_1,56.07794910604482
1505892652367.0,Temperature_2,23.55
1505892652389.0,Humidity_2,58.91430635986382
1505892654877.0,Sound_P,117.76167572141729
1505892654881.0,PodiumIR,97
1505892656638.0,Sound_R,74.66654656235461
1505892657403.0,Sound_C,68.30689055533838
1505892659018.0,Temperature_1,25.78
1505892659023.0,Temperature_2,23.55
1505892659024.0,Humidity_1,56.07794910604482
1505892659044.0,Humidity_2,58.91430635986382
1505892661990.0,Sound_L,68.40520975201109
1505892664884.0,Sound_P,117.87059668637389
1505892664888.0,PodiumIR,132
1505892665684.0,Temperature_1,25.78
1505892665685.0,Humidity_1,56.07794910604482
1505892665687.0,Temperature_2,23.55
1505892665710.0,Humidity_2,58.91430635986382
1505892666638.0,Sound_R,73.69451250011532
1505892667403.0,Sound_C,69.574364236005
1505892671990.0,Sound_L,67.63727908514241
1505892672360.0,Temperature_1,25.78
1505892672366.0,Humidity_1,56.07794910604482
1505892672371.0,Temperature_2,23.55
1505892672378.0,Humidity_2,58.91430635986382
1505892674891.0,Sound_P,117.84343257374664
1505892674903.0,PodiumIR,97
1505892676638.0,Sound_R,76.56986530553552
1505892677403.0,Sound_C,72.0599536773597
1505892679028.0,Temperature_1,25.78
1505892679038.0,Temperature_2,23.55
1505892679039.0,Humidity_1,56.07794910604482
1505892679053.0,Humidity_2,58.91430635986382
1505892681990.0,Sound_L,67.67936899710759
1505892684911.0,Sound_P,117.78897223432665
1505892684914.0,PodiumIR,84
1505892685705.0,Temperature_1,25.78
1505892685709.0,Humidity_1,56.07794910604482
1505892685713.0,Temperature_2,23.55
1505892685725.0,Humidity_2,58.91430635986382
1505892686638.0,Sound_R,80.01134756723123
1505892687403.0,Sound_C,74.02673532342511
1505892691990.0,Sound_L,69.66023252530843
1505892692373.0,Temperature_1,25.78
1505892692383.0,Temperature_2,23.55
1505892692387.0,Humidity_1,56.07794910604482
1505892692397.0,Humidity_2,58.91430635986382
1505892694921.0,Sound_P,117.65204401104197
1505892694925.0,PodiumIR,94
1505892696638.0,Sound_R,77.85182073051709
1505892697403.0,Sound_C,74.3807010491248
1505892699049.0,Temperature_1,25.78
1505892699050.0,Humidity_1,56.07794910604482
1505892699057.0,Temperature_2,23.55
1505892699062.0,Humidity_2,58.91430635986382
1505892701990.0,Sound_L,70.76790896615272
1505892704937.0,Sound_P,117.81622447063441
1505892704942.0,PodiumIR,98
1505892705720.0,Temperature_1,25.78
1505892705730.0,Humidity_1,56.07794910604482
1505892705735.0,Temperature_2,23.55
1505892705739.0,Humidity_2,58.91430635986382
1505892706638.0,Sound_R,74.96975554809262
1505892707403.0,Sound_C,74.68696778102903
1505892711990.0,Sound_L,71.98226037852274
1505892712389.0,Temperature_1,25.78
1505892712398.0,Temperature_2,23.55
1505892712403.0,Humidity_1,56.07794910604482
1505892712415.0,Humidity_2,58.91430635986382
1505892714951.0,Sound_P,117.92479350756437
1505892714956.0,PodiumIR,99
1505892716638.0,Sound_R,75.6157115539363
1505892717403.0,Sound_C,74.26390733473805
1505892719060.0,Temperature_1,25.78
1505892719074.0,Humidity_1,56.07794910604482
1505892719075.0,Temperature_2,23.55
1505892719080.0,Humidity_2,58.91430635986382
1505892721990.0,Sound_L,71.13997117853022
1505892724963.0,Sound_P,117.87059668637389
1505892724968.0,PodiumIR,81
1505892725740.0,Temperature_1,25.78
1505892725741.0,Humidity_1,56.07794910604482
1505892725743.0,Temperature_2,23.55
1505892725749.0,Humidity_2,58.91430635986382
1505892726638.0,Sound_R,73.85486942419885
1505892727403.0,Sound_C,71.14874205880392
1505892731990.0,Sound_L,69.9329980428469
1505892732412.0,Temperature_1,25.78
1505892732418.0,Temperature_2,23.55
1505892732419.0,Humidity_1,56.07794910604482
1505892732429.0,Humidity_2,58.91430635986382
1505892734975.0,Sound_P,117.73433478780012
1505892734979.0,PodiumIR,95
1505892736638.0,Sound_R,72.25377184805531
1505892737403.0,Sound_C,69.2875871161278
1505892739078.0,Temperature_1,25.78
1505892739086.0,Humidity_1,56.07794910604482
1505892739092.0,Temperature_2,23.55
1505892739098.0,Humidity_2,58.91430635986382
1505892741990.0,Sound_L,68.44064162895936
1505892744986.0,Sound_P,117.59695871579397
1505892744998.0,PodiumIR,97
1505892745750.0,Temperature_1,25.78
1505892745757.0,Humidity_1,56.07794910604482
1505892745766.0,Temperature_2,23.55
1505892745773.0,Humidity_2,58.91430635986382
1505892746638.0,Sound_R,69.47291377543269
1505892747403.0,Sound_C,67.407634484428
1505892751990.0,Sound_L,68.44799640000257
1505892752427.0,Humidity_1,56.07794910604482
1505892752429.0,Temperature_1,25.78
1505892752438.0,Temperature_2,23.55
1505892752443.0,Humidity_2,58.91430635986382
1505892755005.0,Sound_P,117.81622447063441
1505892755009.0,PodiumIR,84
1505892756638.0,Sound_R,71.86040690461789
1505892757403.0,Sound_C,68.11406760831592
1505892759096.0,Temperature_1,25.78
1505892759101.0,Humidity_1,56.07794910604482
1505892759109.0,Temperature_2,23.55
1505892759114.0,Humidity_2,58.91430635986382
1505892761990.0,Sound_L,67.85898275825201
1505892765015.0,Sound_P,118.3785414984758
1505892765019.0,PodiumIR,96
1505892765766.0,Temperature_1,25.78
1505892765771.0,Humidity_1,56.07794910604482
1505892765777.0,Temperature_2,23.55
1505892765788.0,Humidity_2,58.91430635986382
1505892766638.0,Sound_R,74.97902768980596
1505892767403.0,Sound_C,70.07277386101568
1505892771990.0,Sound_L,66.74441627710665
1505892772442.0,Temperature_1,25.78
1505892772447.0,Humidity_1,56.07794910604482
1505892772453.0,Humidity_2,58.91430635986382
1505892772456.0,Temperature_2,23.55
1505892775025.0,Sound_P,117.92479350756437
1505892775030.0,PodiumIR,77
1505892776638.0,Sound_R,72.51327776544738
1505892777403.0,Sound_C,67.39779858052664
1505892779114.0,Humidity_1,56.07794910604482
1505892779115.0,Temperature_1,25.78
1505892779118.0,Temperature_2,23.55
1505892779125.0,Humidity_2,58.91430635986382
1505892781990.0,Sound_L,66.70080859111351
1505892785035.0,Sound_P,117.78897223432665
1505892785045.0,PodiumIR,105
1505892785781.0,Temperature_1,25.78
1505892785792.0,Temperature_2,23.55
1505892785794.0,Humidity_1,56.07794910604482
1505892785805.0,Humidity_2,58.91430635986382
1505892786638.0,Sound_R,72.46473706114334
1505892787403.0,Sound_C,67.70802579089572
1505892791990.0,Sound_L,67.56844432636458
1505892792453.0,Temperature_1,25.78
1505892792465.0,Temperature_2,23.55
1505892792465.0,Humidity_1,56.07794910604482
1505892792475.0,Humidity_2,58.91430635986382
1505892795052.0,Sound_P,117.67951907848958
1505892795058.0,PodiumIR,94
1505892796638.0,Sound_R,75.00825374052734
1505892797403.0,Sound_C,69.66848467711722
1505892799131.0,Humidity_1,56.07794910604482
1505892799133.0,Temperature_1,25.78
1505892799143.0,Temperature_2,23.55
1505892799144.0,Humidity_2,58.91430635986382
1505892801990.0,Sound_L,68.71776800634063
1505892805065.0,Sound_P,118.4311268309188
1505892805075.0,PodiumIR,73
1505892805800.0,Temperature_1,25.78
1505892805806.0,Humidity_1,56.07794910604482
1505892805816.0,Temperature_2,23.55
1505892805819.0,Humidity_2,58.91430635986382
1505892806638.0,Sound_R,75.63639048933851
1505892807403.0,Sound_C,70.02009707102496
1505892811990.0,Sound_L,67.75632424613477
1505892812470.0,Temperature_1,25.78
1505892812479.0,Humidity_1,56.07794910604482
1505892812491.0,Temperature_2,23.55
1505892812493.0,Humidity_2,58.91430635986382
1505892815078.0,Sound_P,117.87059668637389
1505892815083.0,PodiumIR,70
1505892816638.0,Sound_R,71.48054844589156
1505892817403.0,Sound_C,68.38280214183163
1505892819149.0,Temperature_1,25.78
1505892819155.0,Humidity_1,56.07794910604482
1505892819162.0,Humidity_2,58.91430635986382
1505892819163.0,Temperature_2,23.55
1505892821990.0,Sound_L,66.78647435789614
1505892825089.0,Sound_P,118.2993536063961
1505892825093.0,PodiumIR,82
1505892825817.0,Humidity_1,56.07794910604482
1505892825819.0,Temperature_1,25.78
1505892825835.0,Humidity_2,58.91430635986382
1505892825835.0,Temperature_2,23.55
1505892826638.0,Sound_R,72.43758439645538
1505892827403.0,Sound_C,70.67845555610192
1505892831990.0,Sound_L,65.94799853407633
1505892832486.0,Temperature_1,25.78
1505892832499.0,Humidity_1,56.07794910604482
1505892832504.0,Humidity_2,58.91430635986382
1505892832506.0,Temperature_2,23.55
1505892835096.0,Sound_P,117.81622447063441
1505892835101.0,PodiumIR,100
1505892836638.0,Sound_R,77.0586121519977
1505892837403.0,Sound_C,71.1728880368482
1505892839162.0,Temperature_1,25.78
1505892839170.0,Humidity_1,56.07794910604482
1505892839171.0,Temperature_2,23.55
1505892839182.0,Humidity_2,58.91430635986382
1505892841990.0,Sound_L,67.82532238221089
1505892845106.0,Sound_P,117.87059668637389
1505892845111.0,PodiumIR,96
1505892845835.0,Temperature_1,25.78
1505892845843.0,Humidity_1,56.07794910604482
1505892845847.0,Humidity_2,58.91430635986382
1505892845848.0,Temperature_2,23.55
1505892846638.0,Sound_R,76.92056339833664
1505892847403.0,Sound_C,68.75869066625734
1505892851990.0,Sound_L,68.27611788298071
1505892852506.0,Temperature_1,25.78
1505892852506.0,Humidity_1,56.07794910604482
1505892852522.0,Temperature_2,23.55
1505892852523.0,Humidity_2,58.91430635986382
1505892855117.0,Sound_P,117.87059668637389
1505892855122.0,PodiumIR,97
1505892856638.0,Sound_R,78.17798310615116
1505892857403.0,Sound_C,70.81334364382643
1505892859172.0,Temperature_1,25.78
1505892859184.0,Humidity_1,56.07794910604482
1505892859187.0,Temperature_2,23.55
1505892859193.0,Humidity_2,58.91430635986382
1505892861990.0,Sound_L,69.07667474352299
1505892865127.0,Sound_P,117.92479350756437
1505892865132.0,PodiumIR,96
1505892865846.0,Temperature_1,25.78
1505892865854.0,Humidity_1,56.07794910604482
1505892865868.0,Temperature_2,23.55
1505892865870.0,Humidity_2,58.91430635986382
1505892866638.0,Sound_R,77.63705020106885
1505892867403.0,Sound_C,72.39209282440287
1505892871990.0,Sound_L,67.67393522510216
1505892872523.0,Temperature_1,25.78
1505892872524.0,Humidity_1,56.07794910604482
1505892872535.0,Temperature_2,23.55
1505892872540.0,Humidity_2,58.91430635986382
1505892875138.0,Sound_P,117.87059668637389
1505892875142.0,PodiumIR,102
1505892876638.0,Sound_R,74.44968195596722
1505892877403.0,Sound_C,72.79081532105363
1505892879195.0,Temperature_1,25.78
1505892879200.0,Humidity_1,56.07794910604482
1505892879203.0,Temperature_2,23.55
1505892879209.0,Humidity_2,58.91430635986382
1505892881990.0,Sound_L,68.63791544595011
1505892885145.0,Sound_P,118.00576233897475
1505892885150.0,PodiumIR,94
1505892885860.0,Temperature_1,25.78
1505892885871.0,Humidity_1,56.07794910604482
1505892885877.0,Temperature_2,23.55
1505892885882.0,Humidity_2,58.91430635986382
1505892886638.0,Sound_R,74.98265712770932
1505892887403.0,Sound_C,72.8819175139809
1505892891990.0,Sound_L,68.15560591978692
1505892892539.0,Temperature_1,25.78
1505892892542.0,Humidity_1,56.07794910604482
1505892892554.0,Temperature_2,23.55
1505892892555.0,Humidity_2,58.91430635986382
1505892895156.0,Sound_P,117.87059668637389
1505892895165.0,PodiumIR,93
1505892896638.0,Sound_R,76.99765223193792
1505892897403.0,Sound_C,73.28054095309177
1505892899206.0,Temperature_1,25.78
1505892899213.0,Humidity_1,56.07794910604482
1505892899220.0,Temperature_2,23.55
1505892899232.0,Humidity_2,58.91430635986382
1505892901990.0,Sound_L,69.45492782873507
1505892905170.0,Sound_P,117.76167572141729
1505892905174.0,PodiumIR,99
1505892905878.0,Temperature_1,25.78
1505892905891.0,Humidity_1,56.07794910604482
1505892905896.0,Temperature_2,23.55
1505892905900.0,Humidity_2,58.91430635986382
1505892906638.0,Sound_R,76.43661897867423
1505892907403.0,Sound_C,72.5345206580828
1505892911990.0,Sound_L,70.02343839189524
1505892912550.0,Temperature_1,25.78
1505892912555.0,Humidity_1,56.07794910604482
1505892912563.0,Temperature_2,23.55
1505892912572.0,Humidity_2,58.91430635986382
1505892915177.0,Sound_P,117.81622447063441
1505892915181.0,PodiumIR,96
1505892916638.0,Sound_R,76.01680888843241
1505892917403.0,Sound_C,71.29421832144051
1505892919224.0,Temperature_1,25.78
1505892919227.0,Humidity_1,56.07794910604482
1505892919241.0,Humidity_2,58.91430635986382
1505892919245.0,Temperature_2,23.55
1505892921990.0,Sound_L,70.04399670973305
1505892925184.0,Sound_P,117.78897223432665
1505892925193.0,PodiumIR,104
1505892925893.0,Temperature_1,25.78
1505892925902.0,Humidity_1,56.07794910604482
1505892925908.0,Temperature_2,23.55
1505892925913.0,Humidity_2,58.91430635986382
1505892926638.0,Sound_R,77.11965623730508
1505892927403.0,Sound_C,72.02153340326163
1505892931990.0,Sound_L,68.81876336449503
1505892932563.0,Temperature_1,25.78
1505892932569.0,Humidity_1,56.07794910604482
1505892932586.0,Humidity_2,58.91430635986382
1505892932589.0,Temperature_2,23.55
1505892935198.0,Sound_P,117.84343257374664
1505892935206.0,PodiumIR,93
1505892936638.0,Sound_R,76.2493748426718
1505892937403.0,Sound_C,73.89698942789569
1505892939240.0,Temperature_1,25.78
1505892939246.0,Humidity_1,56.07794910604482
1505892939270.0,Temperature_2,23.55
1505892939278.0,Humidity_2,58.91430635986382
1505892941990.0,Sound_L,66.8949742984712
1505892945212.0,Sound_P,117.89771695053554
1505892945221.0,PodiumIR,86
1505892945912.0,Temperature_1,25.78
1505892945920.0,Humidity_1,56.07794910604482
1505892945946.0,Temperature_2,23.55
1505892945947.0,Humidity_2,58.91430635986382
1505892946638.0,Sound_R,75.50607346159639
1505892947403.0,Sound_C,75.01804099726802
1505892951990.0,Sound_L,67.84051117776218
1505892952585.0,Temperature_1,25.78
1505892952585.0,Humidity_1,56.07794910604482
1505892952608.0,Temperature_2,23.55
1505892952624.0,Humidity_2,58.91430635986382
1505892955227.0,Sound_P,117.87059668637389
1505892955233.0,PodiumIR,92
1505892956638.0,Sound_R,74.58528604763602
1505892957403.0,Sound_C,76.26746386996244
1505892959257.0,Humidity_1,56.07794910604482
1505892959259.0,Temperature_1,25.78
1505892959283.0,Temperature_2,23.55
1505892959286.0,Humidity_2,58.91430635986382
1505892961990.0,Sound_L,68.3902290816344
1505892965239.0,Sound_P,117.89771695053554
1505892965243.0,PodiumIR,95
1505892965923.0,Temperature_1,25.78
1505892965936.0,Humidity_1,56.07794910604482
1505892965958.0,Temperature_2,23.55
1505892965959.0,Humidity_2,58.91430635986382
1505892966638.0,Sound_R,74.38697861819345
1505892967403.0,Sound_C,77.68561049235599
1505892971990.0,Sound_L,69.92585466174032
1505892972605.0,Temperature_1,25.78
1505892972610.0,Humidity_1,56.07794910604482
1505892972629.0,Temperature_2,23.55
1505892972636.0,Humidity_2,58.91430635986382
1505892975252.0,Sound_P,117.84343257374664
1505892975256.0,PodiumIR,93
1505892976638.0,Sound_R,76.60400824569139
1505892977403.0,Sound_C,76.90666325338532
1505892979270.0,Temperature_1,25.78
1505892979283.0,Humidity_1,56.07794910604482
1505892979296.0,Temperature_2,23.55
1505892979303.0,Humidity_2,58.91430635986382
1505892981990.0,Sound_L,69.41811924074145
1505892985264.0,Sound_P,117.87059668637389
1505892985267.0,PodiumIR,108
1505892985942.0,Temperature_1,25.78
1505892985946.0,Humidity_1,56.07794910604482
1505892985970.0,Temperature_2,23.55
1505892985971.0,Humidity_2,58.91430635986382
1505892986638.0,Sound_R,78.17820012767343
1505892987403.0,Sound_C,73.46163933070481
1505892991990.0,Sound_L,70.43029390282334
1505892992616.0,Temperature_1,25.78
1505892992618.0,Humidity_1,56.07794910604482
1505892992642.0,Temperature_2,23.55
1505892992649.0,Humidity_2,58.91430635986382
1505892995271.0,Sound_P,117.89771695053554
1505892995276.0,PodiumIR,109
1505892996638.0,Sound_R,76.95078384721968
1505892997403.0,Sound_C,71.95378736410807
1505892999288.0,Temperature_1,25.78
1505892999289.0,Humidity_1,56.07794910604482
1505892999310.0,Temperature_2,23.55
1505892999320.0,Humidity_2,58.91430635986382
1505893001990.0,Sound_L,70.41626120745136
1505893005281.0,Sound_P,118.4311268309188
1505893005285.0,PodiumIR,87
1505893005957.0,Temperature_1,25.78
1505893005968.0,Humidity_1,56.07794910604482
1505893005981.0,Temperature_2,23.55
1505893005989.0,Humidity_2,58.91430635986382
1505893006638.0,Sound_R,74.5392216871378
1505893007403.0,Sound_C,73.01483804220658
1505893011990.0,Sound_L,69.64397366415298
1505893012636.0,Temperature_1,25.78
1505893012637.0,Humidity_1,56.07794910604482
1505893012653.0,Temperature_2,23.55
1505893012659.0,Humidity_2,58.91430635986382
1505893015287.0,Sound_P,117.87059668637389
1505893015291.0,PodiumIR,96
1505893016638.0,Sound_R,74.56331457342863
1505893017403.0,Sound_C,72.23184168820671
1505893019305.0,Humidity_1,56.07794910604482
1505893019307.0,Temperature_1,25.78
1505893019321.0,Temperature_2,23.55
1505893019334.0,Humidity_2,58.91430635986382
1505893021990.0,Sound_L,69.22199107992697
1505893025294.0,Sound_P,117.81622447063441
1505893025299.0,PodiumIR,96
1505893025980.0,Temperature_1,25.78
1505893025986.0,Humidity_1,56.07794910604482
1505893025989.0,Temperature_2,23.55
1505893026005.0,Humidity_2,58.91430635986382
1505893026638.0,Sound_R,72.74946313538777
1505893027403.0,Sound_C,70.84125730854446
1505893031990.0,Sound_L,68.86508165558766
1505893032649.0,Temperature_1,25.78
1505893032659.0,Temperature_2,23.55
1505893032659.0,Humidity_1,56.07794910604482
1505893032676.0,Humidity_2,58.91430635986382
1505893035311.0,Sound_P,117.70694928866428
1505893035314.0,PodiumIR,123
1505893036638.0,Sound_R,71.01716011307447
1505893037403.0,Sound_C,70.407878912529
1505893039319.0,Temperature_1,25.78
1505893039329.0,Humidity_1,56.07794910604482
1505893039337.0,Temperature_2,23.55
1505893039348.0,Humidity_2,58.91430635986382
1505893041990.0,Sound_L,69.35058557097994
1505893045326.0,Sound_P,117.78897223432665
1505893045330.0,PodiumIR,94
1505893045996.0,Temperature_1,25.78
1505893045999.0,Humidity_1,56.07794910604482
1505893046009.0,Temperature_2,23.55
1505893046013.0,Humidity_2,58.91430635986382
1505893046638.0,Sound_R,72.346188165302
1505893047403.0,Sound_C,71.1928638893433
1505893051990.0,Sound_L,69.04550028307267
1505893052669.0,Temperature_1,25.78
1505893052672.0,Humidity_1,56.07794910604482
1505893052677.0,Temperature_2,23.55
1505893052680.0,Humidity_2,58.91430635986382
1505893055342.0,Sound_P,118.48354809029503
1505893055346.0,PodiumIR,78
1505893056638.0,Sound_R,76.03636556125265
1505893057403.0,Sound_C,71.56690413632468
1505893059332.0,Temperature_1,25.78
1505893059338.0,Humidity_1,56.07794910604482
1505893059349.0,Temperature_2,23.55
1505893059360.0,Humidity_2,58.91430635986382
1505893061990.0,Sound_L,68.38947004685593
1505893065356.0,Sound_P,117.89771695053554
1505893065360.0,PodiumIR,97
1505893066008.0,Temperature_1,25.78
1505893066009.0,Humidity_1,56.07794910604482
1505893066023.0,Temperature_2,23.55
1505893066028.0,Humidity_2,58.91430635986382
1505893066638.0,Sound_R,78.00530483514697
1505893067403.0,Sound_C,72.34025072458057
1505893071990.0,Sound_L,69.42139747329009
1505893072680.0,Temperature_1,25.78
1505893072686.0,Humidity_1,56.07794910604482
1505893072697.0,Temperature_2,23.55
1505893072701.0,Humidity_2,58.91430635986382
1505893075372.0,Sound_P,118.40485473799694
1505893075376.0,PodiumIR,92
1505893076638.0,Sound_R,76.2469583891613
1505893077403.0,Sound_C,75.86435819505867
1505893079350.0,Temperature_1,25.78
1505893079362.0,Humidity_1,56.07794910604482
1505893079368.0,Temperature_2,23.55
1505893079377.0,Humidity_2,58.91430635986382
1505893081990.0,Sound_L,69.86065757045448
1505893085388.0,Sound_P,117.76167572141729
1505893085392.0,PodiumIR,94
1505893086024.0,Temperature_1,25.78
1505893086028.0,Humidity_1,56.07794910604482
1505893086041.0,Humidity_2,58.91430635986382
1505893086041.0,Temperature_2,23.55
1505893086638.0,Sound_R,76.49818990546937
1505893087403.0,Sound_C,76.66907498684094
1505893091990.0,Sound_L,71.44225770441298
1505893092697.0,Temperature_1,25.78
1505893092702.0,Humidity_1,56.07794910604482
1505893092714.0,Temperature_2,23.55
1505893092719.0,Humidity_2,58.91430635986382
1505893095405.0,Sound_P,117.84343257374664
1505893095415.0,PodiumIR,106
1505893096638.0,Sound_R,76.72707388322239
1505893097403.0,Sound_C,75.11752908410126
1505893099364.0,Temperature_1,25.78
1505893099372.0,Humidity_1,56.07794910604482
1505893099384.0,Humidity_2,58.91430635986382
1505893099389.0,Temperature_2,23.55
1505893101990.0,Sound_L,69.87600807604116
1505893105426.0,Sound_P,118.16653868549709
1505893105430.0,PodiumIR,93
1505893106043.0,Temperature_1,25.78
1505893106048.0,Humidity_1,56.07794910604482
1505893106056.0,Temperature_2,23.55
1505893106057.0,Humidity_2,58.91430635986382
1505893106638.0,Sound_R,73.26481639016929
1505893107403.0,Sound_C,71.50917636166206
1505893111990.0,Sound_L,68.73915060286723
1505893112715.0,Humidity_1,56.07794910604482
1505893112715.0,Temperature_1,25.78
1505893112728.0,Temperature_2,23.55
1505893112728.0,Humidity_2,58.91430635986382
1505893115441.0,Sound_P,117.92479350756437
1505893115444.0,PodiumIR,97
1505893116638.0,Sound_R,71.653154619553
1505893117403.0,Sound_C,69.7696681286054
1505893119389.0,Temperature_1,25.78
1505893119390.0,Humidity_1,56.07794910604482
1505893119402.0,Humidity_2,58.91430635986382
1505893119404.0,Temperature_2,23.55
1505893121990.0,Sound_L,66.35138075859425
1505893125456.0,Sound_P,117.87059668637389
1505893125461.0,PodiumIR,97
1505893126053.0,Temperature_1,25.78
1505893126067.0,Humidity_1,56.07794910604482
1505893126072.0,Humidity_2,58.91430635986382
1505893126078.0,Temperature_2,23.55
1505893126638.0,Sound_R,72.60122172335609
1505893127403.0,Sound_C,71.3842479361078
1505893131990.0,Sound_L,65.78163063798229
1505893132724.0,Temperature_1,25.78
1505893132735.0,Humidity_1,56.07794910604482
1505893132745.0,Humidity_2,58.91430635986382
1505893132748.0,Temperature_2,23.55
1505893135472.0,Sound_P,117.95182649811095
1505893135484.0,PodiumIR,97
1505893136638.0,Sound_R,72.02438668700479
1505893137403.0,Sound_C,71.10033289555604
1505893139397.0,Temperature_1,25.78
1505893139406.0,Humidity_1,56.07794910604482
1505893139416.0,Humidity_2,58.91430635986382
1505893139420.0,Temperature_2,23.55
1505893141990.0,Sound_L,66.79479234019311
1505893145491.0,Sound_P,117.87059668637389
1505893145495.0,PodiumIR,106
1505893146068.0,Temperature_1,25.78
1505893146075.0,Humidity_1,56.07794910604482
1505893146087.0,Temperature_2,23.55
1505893146090.0,Humidity_2,58.91430635986382
1505893146638.0,Sound_R,72.6299918664004
1505893147403.0,Sound_C,70.9822608757042
1505893151990.0,Sound_L,68.14850184035507
1505893152742.0,Temperature_1,25.78
1505893152755.0,Humidity_1,56.07794910604482
1505893152757.0,Temperature_2,23.55
1505893152766.0,Humidity_2,58.91430635986382
1505893155503.0,Sound_P,117.84343257374664
1505893155507.0,PodiumIR,120
1505893156638.0,Sound_R,73.8913425732556
1505893157403.0,Sound_C,70.73482519223461
1505893159414.0,Temperature_1,25.78
1505893159425.0,Humidity_1,56.07794910604482
1505893159434.0,Temperature_2,23.55
1505893159441.0,Humidity_2,58.91430635986382
1505893161990.0,Sound_L,69.36188832154967
1505893165512.0,Sound_P,117.81622447063441
1505893165516.0,PodiumIR,99
1505893166092.0,Temperature_1,25.78
1505893166095.0,Humidity_1,56.07794910604482
1505893166105.0,Humidity_2,58.91430635986382
1505893166107.0,Temperature_2,23.55
1505893166638.0,Sound_R,74.22081728878874
1505893167403.0,Sound_C,70.74428145603797
1505893171990.0,Sound_L,68.67574682175982
1505893172757.0,Temperature_1,25.78
1505893172769.0,Humidity_1,56.07794910604482
1505893172780.0,Humidity_2,58.91430635986382
1505893172781.0,Temperature_2,23.55
1505893175519.0,Sound_P,118.32579106267738
1505893175523.0,PodiumIR,88
1505893176638.0,Sound_R,74.50303394649859
1505893177403.0,Sound_C,72.03650224840398
1505893179430.0,Temperature_1,25.78
1505893179442.0,Humidity_1,56.07794910604482
1505893179448.0,Temperature_2,23.55
1505893179456.0,Humidity_2,58.91430635986382
1505893181990.0,Sound_L,67.83672508504591
1505893185526.0,Sound_P,117.73433478780012
1505893185539.0,PodiumIR,77
1505893186104.0,Temperature_1,25.78
1505893186113.0,Humidity_1,56.07794910604482
1505893186122.0,Humidity_2,58.91430635986382
1505893186126.0,Temperature_2,23.55
1505893186638.0,Sound_R,74.5447029928859
1505893187403.0,Sound_C,72.03751254608514
1505893191990.0,Sound_L,67.53438493906202
1505893192778.0,Temperature_1,25.78
1505893192780.0,Humidity_1,56.07794910604482
1505893192791.0,Temperature_2,23.55
1505893192801.0,Humidity_2,58.91430635986382
1505893195546.0,Sound_P,117.92479350756437
1505893195551.0,PodiumIR,104
1505893196638.0,Sound_R,74.92544377579681
1505893197403.0,Sound_C,71.3094826011998
1505893199446.0,Temperature_1,25.78
1505893199456.0,Humidity_1,56.07794910604482
1505893199462.0,Temperature_2,23.55
1505893199472.0,Humidity_2,58.91430635986382
1505893201990.0,Sound_L,67.76584550717072
1505893205559.0,Sound_P,117.70694928866428
1505893205564.0,PodiumIR,97
1505893206120.0,Temperature_1,25.78
1505893206129.0,Humidity_1,56.07794910604482
1505893206140.0,Temperature_2,23.55
1505893206143.0,Humidity_2,58.91430635986382
1505893206638.0,Sound_R,75.93982141686797
1505893207403.0,Sound_C,71.4016133671576
1505893211990.0,Sound_L,68.27823271216957
1505893212793.0,Temperature_1,25.78
1505893212797.0,Humidity_1,56.07794910604482
1505893212812.0,Humidity_2,58.91430635986382
1505893212813.0,Temperature_2,23.55
1505893215570.0,Sound_P,118.40485473799694
1505893215574.0,PodiumIR,109
1505893216638.0,Sound_R,76.03421510108824
1505893217403.0,Sound_C,72.40277121289245
1505893219459.0,Temperature_1,25.78
1505893219470.0,Humidity_1,56.07794910604482
1505893219484.0,Temperature_2,23.55
1505893219490.0,Humidity_2,58.91430635986382
1505893221990.0,Sound_L,68.57385402200417
1505893225582.0,Sound_P,117.87059668637389
1505893225597.0,PodiumIR,89
1505893226137.0,Temperature_1,25.78
1505893226141.0,Humidity_1,56.07794910604482
1505893226149.0,Temperature_2,23.55
1505893226151.0,Humidity_2,58.91430635986382
1505893226638.0,Sound_R,75.17243037403055
1505893227403.0,Sound_C,72.46345104047391
1505893231990.0,Sound_L,68.74827581224505
1505893232805.0,Temperature_1,25.78
1505893232813.0,Humidity_1,56.07794910604482
1505893232822.0,Temperature_2,23.55
1505893232827.0,Humidity_2,58.91430635986382
1505893235604.0,Sound_P,117.73433478780012
1505893235610.0,PodiumIR,85
1505893236638.0,Sound_R,73.29566192669871
1505893237403.0,Sound_C,72.93948468913851
1505893239480.0,Temperature_1,25.78
1505893239486.0,Humidity_1,56.07794910604482
1505893239500.0,Temperature_2,23.55
1505893239503.0,Humidity_2,58.91430635986382
1505893241991.0,Sound_L,69.13200396522623
1505893245617.0,Sound_P,118.21979071106135
1505893245628.0,PodiumIR,99
1505893246152.0,Humidity_1,56.07794910604482
1505893246152.0,Temperature_1,25.78
1505893246165.0,Humidity_2,58.91430635986382
1505893246171.0,Temperature_2,23.55
1505893246638.0,Sound_R,77.5046672696789
1505893247403.0,Sound_C,75.44516204805117
1505893251990.0,Sound_L,71.27997731405418
1505893252821.0,Temperature_1,25.78
1505893252826.0,Humidity_1,56.07794910604482
1505893252837.0,Temperature_2,23.55
1505893252842.0,Humidity_2,58.91430635986382
1505893255634.0,Sound_P,117.76167572141729
1505893255639.0,PodiumIR,82
1505893256638.0,Sound_R,80.7895840986995
1505893257403.0,Sound_C,75.51302290932328
1505893259492.0,Temperature_1,25.78
1505893259500.0,Humidity_1,56.07794910604482
1505893259510.0,Temperature_2,23.55
1505893259515.0,Humidity_2,58.91430635986382
1505893261991.0,Sound_L,73.70511857760553
1505893265647.0,Sound_P,117.87059668637389
1505893265652.0,PodiumIR,73
1505893266169.0,Humidity_1,56.07794910604482
1505893266171.0,Temperature_1,25.78
1505893266177.0,Temperature_2,23.55
1505893266187.0,Humidity_2,58.91430635986382
1505893266638.0,Sound_R,78.11911502381864
1505893267403.0,Sound_C,73.27491862664642
1505893271991.0,Sound_L,72.81152172334157
1505893272836.0,Humidity_1,56.07794910604482
1505893272839.0,Temperature_1,25.78
1505893272850.0,Humidity_2,58.91430635986382
1505893272853.0,Temperature_2,23.55
1505893275658.0,Sound_P,118.32579106267738
1505893275663.0,PodiumIR,96
1505893276638.0,Sound_R,77.32850182556153
1505893277403.0,Sound_C,72.71961639832104
1505893279515.0,Humidity_1,56.07794910604482
1505893279516.0,Temperature_1,25.78
1505893279518.0,Temperature_2,23.55
1505893279519.0,Humidity_2,58.91430635986382
1505893281991.0,Sound_L,70.63072045712228
1505893285671.0,Sound_P,117.84343257374664
1505893285676.0,PodiumIR,100
1505893286183.0,Temperature_1,25.78
1505893286186.0,Humidity_1,56.07794910604482
1505893286191.0,Humidity_2,58.91430635986382
1505893286194.0,Temperature_2,23.55
1505893286638.0,Sound_R,77.37034204363705
1505893287403.0,Sound_C,73.66621086119972
1505893291991.0,Sound_L,70.01662033492966
1505893292854.0,Humidity_1,56.07794910604482
1505893292856.0,Temperature_1,25.78
1505893292859.0,Temperature_2,23.55
1505893292866.0,Humidity_2,58.91430635986382
1505893295683.0,Sound_P,117.92479350756437
1505893295688.0,PodiumIR,87
1505893296638.0,Sound_R,75.68675589890388
1505893297403.0,Sound_C,72.67038657568521
1505893299518.0,Humidity_1,56.07794910604482
1505893299530.0,Temperature_1,25.78
1505893299534.0,Humidity_2,58.91430635986382
1505893299536.0,Temperature_2,23.55
1505893301991.0,Sound_L,69.34091981355999
1505893305695.0,Sound_P,117.87059668637389
1505893305699.0,PodiumIR,88
1505893306196.0,Humidity_1,56.07794910604482
1505893306200.0,Temperature_2,23.55
1505893306205.0,Temperature_1,25.78
1505893306205.0,Humidity_2,58.91430635986382
1505893306638.0,Sound_R,72.10210539683108
1505893307403.0,Sound_C,72.15750381133665
1505893311991.0,Sound_L,69.32991533975783
1505893312864.0,Humidity_1,56.07794910604482
1505893312868.0,Temperature_1,25.78
1505893312874.0,Humidity_2,58.91430635986382
1505893312879.0,Temperature_2,23.55
1505893315707.0,Sound_P,118.45735790572417
1505893315713.0,PodiumIR,135
1505893316638.0,Sound_R,71.23317877100509
1505893317403.0,Sound_C,71.45166474529306
1505893319536.0,Humidity_1,56.07794910604482
1505893319539.0,Temperature_1,25.78
1505893319548.0,Humidity_2,58.91430635986382
1505893319548.0,Temperature_2,23.55
1505893321991.0,Sound_L,68.07465870542003
1505893325716.0,Sound_P,117.84343257374664
1505893325721.0,PodiumIR,78
1505893326211.0,Humidity_1,56.07794910604482
1505893326218.0,Temperature_1,25.78
1505893326221.0,Temperature_2,23.55
1505893326222.0,Humidity_2,58.91430635986382
1505893326638.0,Sound_R,74.30081069640325
1505893327403.0,Sound_C,69.1456896155815
1505893331990.0,Sound_L,68.85716165270415
1505893332881.0,Humidity_1,56.07794910604482
1505893332885.0,Temperature_1,25.78
1505893332894.0,Temperature_2,23.55
1505893332895.0,Humidity_2,58.91430635986382
1505893335725.0,Sound_P,117.59695871579397
1505893335729.0,PodiumIR,89
1505893336638.0,Sound_R,75.03693893452477
1505893337403.0,Sound_C,68.82012109917521
1505893339560.0,Temperature_1,25.78
1505893339566.0,Humidity_1,56.07794910604482
1505893339572.0,Temperature_2,23.55
1505893339580.0,Humidity_2,58.91430635986382
1505893341990.0,Sound_L,67.18172746753355
1505893345738.0,Sound_P,117.65204401104197
1505893345742.0,PodiumIR,94
1505893346232.0,Temperature_1,25.78
1505893346241.0,Humidity_1,56.07794910604482
1505893346244.0,Temperature_2,23.55
1505893346253.0,Humidity_2,58.91430635986382
1505893346638.0,Sound_R,71.61610232518392
1505893347403.0,Sound_C,68.52493062860003
1505893351990.0,Sound_L,66.45677213341978
1505893352900.0,Temperature_1,25.78
1505893352906.0,Humidity_1,56.07794910604482
1505893352916.0,Temperature_2,23.55
1505893352922.0,Humidity_2,58.91430635986382
1505893355745.0,Sound_P,117.95182649811095
1505893355749.0,PodiumIR,113
1505893356638.0,Sound_R,71.0681577277232
1505893357403.0,Sound_C,68.78474531831343
1505893359571.0,Temperature_1,25.78
1505893359582.0,Humidity_1,56.07794910604482
1505893359586.0,Temperature_2,23.55
1505893359594.0,Humidity_2,58.91430635986382
1505893361990.0,Sound_L,65.95450416607348
1505893365753.0,Sound_P,117.92479350756437
1505893365756.0,PodiumIR,116
1505893366247.0,Temperature_1,25.78
1505893366254.0,Humidity_1,56.07794910604482
1505893366262.0,Temperature_2,23.55
1505893366272.0,Humidity_2,58.91430635986382
1505893366638.0,Sound_R,75.57295473507234
1505893367403.0,Sound_C,68.47049946017027
1505893371990.0,Sound_L,66.83563977471532
1505893372921.0,Temperature_1,25.78
1505893372925.0,Humidity_1,56.07794910604482
1505893372933.0,Temperature_2,23.55
1505893372944.0,Humidity_2,58.91430635986382
1505893375767.0,Sound_P,117.81622447063441
1505893375771.0,PodiumIR,100
1505893376638.0,Sound_R,76.37967949478009
1505893377403.0,Sound_C,69.6309603511788
1505893379589.0,Temperature_1,25.78
1505893379594.0,Humidity_1,56.07794910604482
1505893379608.0,Humidity_2,58.91430635986382
1505893379609.0,Temperature_2,23.55
1505893381990.0,Sound_L,67.93354906409184
1505893385774.0,Sound_P,118.40485473799694
1505893385787.0,PodiumIR,93
1505893386264.0,Temperature_1,25.78
1505893386271.0,Humidity_1,56.07794910604482
1505893386273.0,Temperature_2,23.55
1505893386288.0,Humidity_2,58.91430635986382
1505893386638.0,Sound_R,73.69148567067568
1505893387403.0,Sound_C,70.48657739232759
1505893391990.0,Sound_L,67.47270087994484
1505893392933.0,Temperature_1,25.78
1505893392943.0,Humidity_1,56.07794910604482
1505893392951.0,Temperature_2,23.55
1505893392955.0,Humidity_2,58.91430635986382
1505893395796.0,Sound_P,117.87059668637389
1505893395800.0,PodiumIR,84
1505893396638.0,Sound_R,71.45698122359859
1505893397403.0,Sound_C,67.3703736697239
1505893399612.0,Temperature_1,25.78
1505893399615.0,Temperature_2,23.55
1505893399618.0,Humidity_1,56.07794910604482
1505893399625.0,Humidity_2,58.91430635986382
1505893401990.0,Sound_L,65.59814845692676
1505893405803.0,Sound_P,117.87059668637389
1505893405807.0,PodiumIR,122
1505893406275.0,Temperature_1,25.78
1505893406291.0,Humidity_1,56.07794910604482
1505893406296.0,Temperature_2,23.55
1505893406302.0,Humidity_2,58.91430635986382
1505893406638.0,Sound_R,71.45498559260177
1505893407403.0,Sound_C,67.61487712473708
1505893411990.0,Sound_L,64.95015072543437
1505893412956.0,Temperature_1,25.78
1505893412958.0,Humidity_1,56.07794910604482
1505893412969.0,Temperature_2,23.55
1505893412972.0,Humidity_2,58.91430635986382
1505893415810.0,Sound_P,117.89771695053554
1505893415814.0,PodiumIR,70
1505893416638.0,Sound_R,73.39410585346974
1505893417403.0,Sound_C,70.43135295457854
1505893419624.0,Temperature_1,25.78
1505893419627.0,Humidity_1,56.07794910604482
1505893419631.0,Temperature_2,23.55
1505893419648.0,Humidity_2,58.91430635986382
1505893421990.0,Sound_L,64.8809049497728
1505893425817.0,Sound_P,117.62452393936876
1505893425821.0,PodiumIR,94
1505893426300.0,Temperature_1,25.78
1505893426301.0,Humidity_1,56.07794910604482
1505893426305.0,Temperature_2,23.55
1505893426311.0,Humidity_2,58.91430635986382
1505893426638.0,Sound_R,73.89739961487557
1505893427403.0,Sound_C,70.8514896553487
1505893431990.0,Sound_L,65.77328828044662
1505893432965.0,Temperature_1,25.78
1505893432978.0,Humidity_1,56.07794910604482
1505893432982.0,Temperature_2,23.55
1505893432988.0,Humidity_2,58.91430635986382
1505893435824.0,Sound_P,117.54169221859063
1505893435827.0,PodiumIR,87
1505893436638.0,Sound_R,71.78126302434252
1505893437403.0,Sound_C,68.91171010965563
1505893439635.0,Temperature_1,25.78
1505893439644.0,Humidity_1,56.07794910604482
1505893439648.0,Temperature_2,23.55
1505893439659.0,Humidity_2,58.91430635986382
1505893441990.0,Sound_L,64.85982224147519
1505893445831.0,Sound_P,117.92479350756437
1505893445834.0,PodiumIR,99
1505893446316.0,Temperature_1,25.78
1505893446320.0,Temperature_2,23.55
1505893446321.0,Humidity_1,56.07794910604482
1505893446335.0,Humidity_2,58.91430635986382
1505893446638.0,Sound_R,70.56204958636319
1505893447403.0,Sound_C,69.21702125617395
1505893451990.0,Sound_L,65.63244573362329
1505893452983.0,Temperature_1,25.78
1505893452991.0,Humidity_1,56.07794910604482
1505893453000.0,Temperature_2,23.55
1505893453003.0,Humidity_2,58.91430635986382
1505893455837.0,Sound_P,117.84343257374664
1505893455841.0,PodiumIR,94
1505893456638.0,Sound_R,72.80925836308377
1505893457403.0,Sound_C,70.74532573108995
1505893459661.0,Temperature_1,25.78
1505893459665.0,Humidity_1,56.07794910604482
1505893459666.0,Temperature_2,23.55
1505893459675.0,Humidity_2,58.91430635986382
1505893461990.0,Sound_L,66.03274546511835
1505893465844.0,Sound_P,117.81622447063441
1505893465848.0,PodiumIR,92
1505893466326.0,Temperature_1,25.78
1505893466329.0,Humidity_1,56.07794910604482
1505893466337.0,Temperature_2,23.55
1505893466349.0,Humidity_2,58.91430635986382
1505893466638.0,Sound_R,74.0542362768853
1505893467403.0,Sound_C,71.69287314860163
1505893471990.0,Sound_L,66.69759857879812
1505893473000.0,Temperature_1,25.78
1505893473006.0,Humidity_1,56.07794910604482
1505893473012.0,Temperature_2,23.55
1505893473020.0,Humidity_2,58.91430635986382
1505893475851.0,Sound_P,118.3785414984758
1505893475855.0,PodiumIR,100
1505893476638.0,Sound_R,72.90369668974874
1505893477403.0,Sound_C,71.26283942872392
1505893479668.0,Temperature_1,25.78
1505893479677.0,Humidity_1,56.07794910604482
1505893479682.0,Temperature_2,23.55
1505893479691.0,Humidity_2,58.91430635986382
1505893481990.0,Sound_L,67.65269965703166
1505893485866.0,Sound_P,117.78897223432665
1505893485876.0,PodiumIR,104
1505893486343.0,Temperature_1,25.78
1505893486355.0,Humidity_1,56.07794910604482
1505893486360.0,Temperature_2,23.55
1505893486367.0,Humidity_2,58.91430635986382
1505893486638.0,Sound_R,72.18532219085682
1505893487403.0,Sound_C,71.18985672831221
1505893491990.0,Sound_L,68.96526738450183
1505893493018.0,Temperature_1,25.78
1505893493024.0,Humidity_1,56.07794910604482
1505893493030.0,Temperature_2,23.55
1505893493037.0,Humidity_2,58.91430635986382
1505893495881.0,Sound_P,117.87059668637389
1505893495885.0,PodiumIR,94
1505893496638.0,Sound_R,73.05694633794803
1505893497403.0,Sound_C,73.45610555633515
1505893499685.0,Temperature_1,25.78
1505893499690.0,Humidity_1,56.07794910604482
1505893499696.0,Temperature_2,23.55
1505893499707.0,Humidity_2,58.91430635986382
1505893501990.0,Sound_L,69.39061568777835
1505893505894.0,Sound_P,117.81622447063441
1505893505898.0,PodiumIR,101
1505893506358.0,Temperature_1,25.78
1505893506365.0,Humidity_1,56.07794910604482
1505893506377.0,Temperature_2,23.55
1505893506378.0,Humidity_2,58.91430635986382
1505893506638.0,Sound_R,74.55951585967925
1505893507403.0,Sound_C,72.8179873972667
1505893511990.0,Sound_L,68.5515631988636
1505893513028.0,Temperature_1,25.78
1505893513034.0,Humidity_1,56.07794910604482
1505893513045.0,Temperature_2,23.55
1505893513051.0,Humidity_2,58.91430635986382
1505893515902.0,Sound_P,117.84343257374664
1505893515905.0,PodiumIR,99
1505893516638.0,Sound_R,75.78446719445758
1505893517403.0,Sound_C,73.05846288724202
1505893519707.0,Temperature_1,25.78
1505893519707.0,Humidity_1,56.07794910604482
1505893519716.0,Humidity_2,58.91430635986382
1505893519719.0,Temperature_2,23.55
1505893521990.0,Sound_L,68.4506966300789
1505893525909.0,Sound_P,117.87059668637389
1505893525912.0,PodiumIR,103
1505893526373.0,Temperature_1,25.78
1505893526386.0,Temperature_2,23.55
1505893526387.0,Humidity_1,56.07794910604482
1505893526389.0,Humidity_2,58.91430635986382
1505893526638.0,Sound_R,74.49242891288547
1505893527403.0,Sound_C,72.06673106398645
1505893531990.0,Sound_L,68.09698391935675
1505893533047.0,Temperature_1,25.78
1505893533056.0,Humidity_1,56.07794910604482
1505893533062.0,Humidity_2,58.91430635986382
1505893533065.0,Temperature_2,23.55
1505893535915.0,Sound_P,117.67951907848958
1505893535919.0,PodiumIR,97
1505893536638.0,Sound_R,74.6457192786629
1505893537403.0,Sound_C,69.51026989043432
1505893539721.0,Temperature_1,25.78
1505893539725.0,Humidity_1,56.07794910604482
1505893539725.0,Humidity_2,58.91430635986382
1505893539728.0,Temperature_2,23.55
1505893541990.0,Sound_L,68.23221841318724
1505893545922.0,Sound_P,117.89771695053554
1505893545926.0,PodiumIR,96
1505893546389.0,Temperature_1,25.78
1505893546396.0,Humidity_1,56.07794910604482
1505893546404.0,Humidity_2,58.91430635986382
1505893546407.0,Temperature_2,23.55
1505893546638.0,Sound_R,76.68252186390056
1505893547403.0,Sound_C,70.36024225260591
1505893551990.0,Sound_L,68.52710131184467
1505893553068.0,Temperature_1,25.78
1505893553069.0,Humidity_2,58.91430635986382
1505893553071.0,Humidity_1,56.07794910604482
1505893553075.0,Temperature_2,23.55
1505893555929.0,Sound_P,117.78897223432665
1505893555933.0,PodiumIR,101
1505893556638.0,Sound_R,76.23064468770689
1505893557403.0,Sound_C,69.75925068761084
1505893559733.0,Temperature_1,25.78
1505893559739.0,Humidity_1,56.07794910604482
1505893559740.0,Humidity_2,58.91430635986382
1505893559752.0,Temperature_2,23.55
1505893561990.0,Sound_L,69.6464406574666
1505893565936.0,Sound_P,117.48624332337616
1505893565940.0,PodiumIR,97
1505893566406.0,Temperature_1,25.78
1505893566413.0,Humidity_2,58.91430635986382
1505893566419.0,Humidity_1,56.07794910604482
1505893566423.0,Temperature_2,23.55
1505893566638.0,Sound_R,74.18311260001757
1505893567403.0,Sound_C,70.32198606153159
1505893571990.0,Sound_L,69.12090521456116
1505893573079.0,Temperature_1,25.78
1505893573082.0,Humidity_2,58.91430635986382
1505893573086.0,Humidity_1,56.07794910604482
1505893573094.0,Temperature_2,23.55
1505893575943.0,Sound_P,118.3785414984758
1505893575947.0,PodiumIR,101
1505893576638.0,Sound_R,72.47643245831058
1505893577403.0,Sound_C,71.76190499640758
1505893579751.0,Humidity_2,58.91430635986382
1505893579753.0,Temperature_1,25.78
1505893579757.0,Humidity_1,56.07794910604482
1505893579760.0,Temperature_2,23.55
1505893581990.0,Sound_L,70.08000436630515
1505893585950.0,Sound_P,118.3785414984758
1505893585954.0,PodiumIR,94
1505893586425.0,Humidity_2,58.91430635986382
1505893586425.0,Temperature_1,25.78
1505893586434.0,Humidity_1,56.07794910604482
1505893586437.0,Temperature_2,23.55
1505893586638.0,Sound_R,73.9169078244554
1505893587403.0,Sound_C,72.73887672479543
1505893591990.0,Sound_L,71.97602433474579
1505893593098.0,Temperature_1,25.78
1505893593099.0,Humidity_2,58.91430635986382
1505893593104.0,Temperature_2,23.55
1505893593107.0,Humidity_1,56.07794910604482
1505893595957.0,Sound_P,117.78897223432665
1505893595967.0,PodiumIR,94
1505893596638.0,Sound_R,77.78101563580385
1505893597403.0,Sound_C,75.83310566287699
1505893599765.0,Humidity_2,58.91430635986382
1505893599768.0,Temperature_1,25.78
1505893599777.0,Humidity_1,56.07794910604482
1505893599777.0,Temperature_2,23.55
1505893601990.0,Sound_L,73.24118433625321
1505893605972.0,Sound_P,117.89771695053554
1505893605976.0,PodiumIR,98
1505893606440.0,Temperature_1,25.78
1505893606446.0,Humidity_1,56.07794910604482
1505893606452.0,Temperature_2,23.55
1505893606455.0,Humidity_2,58.91430635986382
1505893606638.0,Sound_R,77.18692291451589
1505893607403.0,Sound_C,73.99575453830745
1505893611990.0,Sound_L,72.43078790337583
1505893613105.0,Temperature_1,25.78
1505893613110.0,Humidity_1,56.07794910604482
1505893613115.0,Humidity_2,58.91430635986382
1505893613121.0,Temperature_2,23.55
1505893615979.0,Sound_P,117.78897223432665
1505893615983.0,PodiumIR,109
1505893616638.0,Sound_R,75.03724820329205
1505893617403.0,Sound_C,72.35086873551263
1505893619770.0,Temperature_1,25.78
1505893619775.0,Humidity_1,56.07794910604482
1505893619780.0,Temperature_2,23.55
1505893619786.0,Humidity_2,58.91430635986382
1505893621990.0,Sound_L,70.67331223264353
1505893625985.0,Sound_P,117.84343257374664
1505893625989.0,PodiumIR,95
1505893626434.0,Temperature_1,25.78
1505893626442.0,Temperature_2,23.55
1505893626443.0,Humidity_1,56.07794910604482
1505893626452.0,Humidity_2,58.91430635986382
1505893626638.0,Sound_R,74.53550051043824
1505893627403.0,Sound_C,71.4006833899271
1505893631990.0,Sound_L,70.14950459180056
1505893633098.0,Temperature_1,25.78
1505893633106.0,Humidity_1,56.07794910604482
1505893633110.0,Humidity_2,58.91430635986382
1505893633113.0,Temperature_2,23.55
1505893635992.0,Sound_P,118.40485473799694
1505893635996.0,PodiumIR,92
1505893636638.0,Sound_R,75.72624134171116
1505893637403.0,Sound_C,70.4504044787445
1505893639762.0,Temperature_1,25.78
1505893639765.0,Humidity_1,56.07794910604482
1505893639771.0,Temperature_2,23.55
1505893639773.0,Humidity_2,58.91430635986382
1505893641990.0,Sound_L,69.45774785846378
1505893645999.0,Sound_P,117.95182649811095
1505893646003.0,PodiumIR,86
1505893646425.0,Temperature_1,25.78
1505893646428.0,Humidity_1,56.07794910604482
1505893646434.0,Humidity_2,58.91430635986382
1505893646438.0,Temperature_2,23.55
1505893646638.0,Sound_R,75.21586683167062
1505893647403.0,Sound_C,71.27987218948202
1505893651990.0,Sound_L,68.85235153390181
1505893653089.0,Temperature_1,25.78
1505893653095.0,Humidity_1,56.07794910604482
1505893653100.0,Temperature_2,23.55
1505893653108.0,Humidity_2,58.91430635986382
1505893656006.0,Sound_P,117.70694928866428
1505893656011.0,PodiumIR,93
1505893656638.0,Sound_R,72.48920976324176
1505893657403.0,Sound_C,70.28611474305801
1505893659754.0,Temperature_1,25.78
1505893659757.0,Humidity_1,56.07794910604482
1505893659762.0,Humidity_2,58.91430635986382
1505893659768.0,Temperature_2,23.55
1505893661990.0,Sound_L,68.61041443261983
1505893666017.0,Sound_P,117.84343257374664
1505893666021.0,PodiumIR,95
1505893666415.0,Temperature_1,25.78
1505893666427.0,Humidity_1,56.07794910604482
1505893666429.0,Humidity_2,58.91430635986382
1505893666433.0,Temperature_2,23.55
1505893666638.0,Sound_R,74.81476691898864
1505893667403.0,Sound_C,69.57186728737027
1505893671990.0,Sound_L,69.20555301015943
1505893673075.0,Temperature_1,25.78
1505893673082.0,Humidity_1,56.07794910604482
1505893673089.0,Temperature_2,23.55
1505893673099.0,Humidity_2,58.91430635986382
1505893676024.0,Sound_P,117.70694928866428
1505893676028.0,PodiumIR,98
1505893676638.0,Sound_R,76.91127856970999
1505893677403.0,Sound_C,70.61068633674716
1505893679745.0,Humidity_1,56.07794910604482
1505893679745.0,Temperature_1,25.78
1505893679751.0,Temperature_2,23.55
1505893679755.0,Humidity_2,58.91430635986382
1505893681990.0,Sound_L,69.4179001875566
1505893686031.0,Sound_P,117.84343257374664
1505893686035.0,PodiumIR,92
1505893686410.0,Humidity_1,56.07794910604482
1505893686411.0,Temperature_1,25.78
1505893686418.0,Temperature_2,23.55
1505893686421.0,Humidity_2,58.91430635986382
1505893686638.0,Sound_R,76.67436527201725
1505893687403.0,Sound_C,73.66044693539118
1505893691990.0,Sound_L,69.07660982036293
1505893693073.0,Temperature_1,25.78
1505893693075.0,Humidity_1,56.07794910604482
1505893693088.0,Temperature_2,23.55
1505893693089.0,Humidity_2,58.91430635986382
1505893696038.0,Sound_P,117.84343257374664
1505893696042.0,PodiumIR,102
1505893696638.0,Sound_R,74.49054345240188
1505893697403.0,Sound_C,73.00121994322473
1505893699735.0,Temperature_1,25.78
1505893699746.0,Humidity_1,56.07794910604482
1505893699749.0,Humidity_2,58.91430635986382
1505893699753.0,Temperature_2,23.55
1505893701990.0,Sound_L,68.5429765620984
1505893706045.0,Sound_P,118.05952558485274
1505893706057.0,PodiumIR,92
1505893706404.0,Temperature_1,25.78
1505893706405.0,Humidity_1,56.07794910604482
1505893706413.0,Temperature_2,23.55
1505893706414.0,Humidity_2,58.91430635986382
1505893706638.0,Sound_R,70.73640550750945
1505893707403.0,Sound_C,71.17626750348882
1505893711990.0,Sound_L,67.6297742305699
1505893713064.0,Temperature_1,25.78
1505893713073.0,Humidity_1,56.07794910604482
1505893713080.0,Humidity_2,58.91430635986382
1505893713081.0,Temperature_2,23.55
1505893716066.0,Sound_P,117.78897223432665
1505893716069.0,PodiumIR,96
1505893716638.0,Sound_R,73.17020349391544
1505893717403.0,Sound_C,71.75773500289898
1505893719733.0,Temperature_1,25.78
1505893719734.0,Humidity_1,56.07794910604482
1505893719740.0,Humidity_2,58.91430635986382
1505893719745.0,Temperature_2,23.55
1505893721990.0,Sound_L,68.19947078580384
1505893726073.0,Sound_P,117.89771695053554
1505893726076.0,PodiumIR,102
1505893726388.0,Temperature_1,25.78
1505893726395.0,Humidity_1,56.07794910604482
1505893726400.0,Temperature_2,23.55
1505893726411.0,Humidity_2,58.91430635986382
1505893726638.0,Sound_R,75.39346057378411
1505893727403.0,Sound_C,71.06072850875321
1505893731990.0,Sound_L,67.2406776606667
1505893733057.0,Temperature_1,25.78
1505893733059.0,Humidity_1,56.07794910604482
1505893733066.0,Humidity_2,58.91430635986382
1505893733072.0,Temperature_2,23.55
1505893736080.0,Sound_P,117.70694928866428
1505893736083.0,PodiumIR,87
1505893736638.0,Sound_R,74.18775703966175
1505893737403.0,Sound_C,69.77832405752093
1505893739720.0,Temperature_1,25.78
1505893739726.0,Humidity_1,56.07794910604482
1505893739736.0,Temperature_2,23.55
1505893739739.0,Humidity_2,58.91430635986382
1505893741990.0,Sound_L,67.41428813006505
1505893746086.0,Sound_P,118.21979071106135
1505893746097.0,PodiumIR,102
1505893746383.0,Temperature_1,25.78
1505893746392.0,Humidity_1,56.07794910604482
1505893746402.0,Humidity_2,58.91430635986382
1505893746405.0,Temperature_2,23.55
1505893746638.0,Sound_R,74.97312132783664
1505893747403.0,Sound_C,71.13412311086246
1505893751990.0,Sound_L,67.16506895085539
1505893753051.0,Temperature_1,25.78
1505893753056.0,Humidity_1,56.07794910604482
1505893753068.0,Temperature_2,23.55
1505893753069.0,Humidity_2,58.91430635986382
1505893756102.0,Sound_P,118.40485473799694
1505893756106.0,PodiumIR,99
1505893756638.0,Sound_R,75.4261001912753
1505893757403.0,Sound_C,71.34275212677834
1505893759712.0,Temperature_1,25.78
1505893759716.0,Humidity_1,56.07794910604482
1505893759732.0,Temperature_2,23.55
1505893759735.0,Humidity_2,58.91430635986382
1505893761990.0,Sound_L,68.90873975334725
1505893766109.0,Sound_P,118.40485473799694
1505893766113.0,PodiumIR,102
1505893766378.0,Temperature_1,25.78
1505893766386.0,Humidity_1,56.07794910604482
1505893766389.0,Temperature_2,23.55
1505893766397.0,Humidity_2,58.91430635986382
1505893766638.0,Sound_R,76.20639089937434
1505893767403.0,Sound_C,68.43021742052237
1505893771990.0,Sound_L,69.67347192174174
1505893773042.0,Temperature_1,25.78
1505893773046.0,Humidity_1,56.07794910604482
1505893773057.0,Temperature_2,23.55
1505893773059.0,Humidity_2,58.91430635986382
1505893776117.0,Sound_P,117.59695871579397
1505893776120.0,PodiumIR,95
1505893776638.0,Sound_R,74.78810575195246
1505893777403.0,Sound_C,69.29607945310438
1505893779700.0,Temperature_1,25.78
1505893779705.0,Humidity_1,56.07794910604482
1505893779717.0,Temperature_2,23.55
1505893779721.0,Humidity_2,58.91430635986382
1505893781990.0,Sound_L,69.17225536115197
1505893786123.0,Sound_P,117.87059668637389
1505893786127.0,PodiumIR,94
1505893786365.0,Temperature_1,25.78
1505893786374.0,Humidity_1,56.07794910604482
1505893786382.0,Temperature_2,23.55
1505893786392.0,Humidity_2,58.91430635986382
1505893786638.0,Sound_R,70.87443729710441
1505893787403.0,Sound_C,71.81790127846843
1505893791990.0,Sound_L,66.61529491552685
1505893793035.0,Temperature_1,25.78
1505893793041.0,Humidity_1,56.07794910604482
1505893793047.0,Temperature_2,23.55
1505893793048.0,Humidity_2,58.91430635986382
1505893796131.0,Sound_P,118.3785414984758
1505893796134.0,PodiumIR,99
1505893796638.0,Sound_R,68.65671606635715
1505893797403.0,Sound_C,69.7714487922695
1505893799697.0,Temperature_1,25.78
1505893799702.0,Humidity_1,56.07794910604482
1505893799708.0,Temperature_2,23.55
1505893799715.0,Humidity_2,58.91430635986382
1505893801991.0,Sound_L,67.60880739671785
1505893806137.0,Sound_P,117.87059668637389
1505893806141.0,PodiumIR,83
1505893806362.0,Temperature_1,25.78
1505893806367.0,Humidity_1,56.07794910604482
1505893806378.0,Temperature_2,23.55
1505893806383.0,Humidity_2,58.91430635986382
1505893806638.0,Sound_R,71.25802585075279
1505893807403.0,Sound_C,70.49357639944719
1505893811991.0,Sound_L,69.2729980679963
1505893813022.0,Temperature_1,25.78
1505893813030.0,Humidity_1,56.07794910604482
1505893813041.0,Humidity_2,58.91430635986382
1505893813041.0,Temperature_2,23.55
1505893816153.0,Sound_P,117.87059668637389
1505893816157.0,PodiumIR,101
1505893816638.0,Sound_R,75.31080985315408
1505893817403.0,Sound_C,72.63342557402902
1505893819692.0,Humidity_1,56.07794910604482
1505893819693.0,Temperature_1,25.78
1505893819699.0,Temperature_2,23.55
1505893819703.0,Humidity_2,58.91430635986382
1505893821990.0,Sound_L,70.53634015062494
1505893826170.0,Sound_P,117.87059668637389
1505893826173.0,PodiumIR,97
1505893826350.0,Temperature_1,25.78
1505893826358.0,Humidity_1,56.07794910604482
1505893826368.0,Humidity_2,58.91430635986382
1505893826370.0,Temperature_2,23.55
1505893826638.0,Sound_R,76.66998117687358
1505893827403.0,Sound_C,72.48592839038594
1505893831990.0,Sound_L,69.59535458068838
1505893833013.0,Temperature_1,25.78
1505893833024.0,Humidity_1,56.07794910604482
1505893833030.0,Humidity_2,58.91430635986382
1505893833033.0,Temperature_2,23.55
1505893836177.0,Sound_P,117.84343257374664
1505893836181.0,PodiumIR,99
1505893836638.0,Sound_R,74.94408957412945
1505893837403.0,Sound_C,72.33278828168119
1505893839684.0,Temperature_1,25.78
1505893839687.0,Humidity_1,56.07794910604482
1505893839694.0,Temperature_2,23.55
1505893839698.0,Humidity_2,58.91430635986382
1505893841990.0,Sound_L,68.31050329185311
1505893846193.0,Sound_P,118.40485473799694
1505893846197.0,PodiumIR,94
1505893846347.0,Temperature_1,25.78
1505893846352.0,Humidity_1,56.07794910604482
1505893846358.0,Temperature_2,23.55
1505893846368.0,Humidity_2,58.91430635986382
1505893846638.0,Sound_R,74.6146729038024
1505893847403.0,Sound_C,73.34322093977549
1505893851990.0,Sound_L,69.66237582758504
1505893853010.0,Humidity_1,56.07794910604482
1505893853013.0,Temperature_1,25.78
1505893853025.0,Temperature_2,23.55
1505893853027.0,Humidity_2,58.91430635986382
1505893856200.0,Sound_P,117.87059668637389
1505893856204.0,PodiumIR,99
1505893856638.0,Sound_R,75.14304364505013
1505893857403.0,Sound_C,75.90890933690868
1505893859669.0,Temperature_1,25.78
1505893859674.0,Humidity_1,56.07794910604482
1505893859691.0,Temperature_2,23.55
1505893859695.0,Humidity_2,58.91430635986382
1505893861990.0,Sound_L,71.34371548235427
1505893866207.0,Sound_P,118.00576233897475
1505893866211.0,PodiumIR,94
1505893866338.0,Temperature_1,25.78
1505893866341.0,Humidity_1,56.07794910604482
1505893866353.0,Temperature_2,23.55
1505893866358.0,Humidity_2,58.91430635986382
1505893866638.0,Sound_R,75.84204353509087
1505893867403.0,Sound_C,76.59365479127193
1505893871990.0,Sound_L,72.993039130699
1505893873000.0,Temperature_1,25.78
1505893873006.0,Humidity_1,56.07794910604482
1505893873016.0,Temperature_2,23.55
1505893873019.0,Humidity_2,58.91430635986382
1505893876214.0,Sound_P,117.73433478780012
1505893876218.0,PodiumIR,101
1505893876638.0,Sound_R,75.13522846580527
1505893877403.0,Sound_C,76.33484344104562
1505893879670.0,Temperature_1,25.78
1505893879677.0,Humidity_1,56.07794910604482
1505893879683.0,Temperature_2,23.55
1505893879690.0,Humidity_2,58.91430635986382
1505893881990.0,Sound_L,72.46704660934523
1505893886221.0,Sound_P,117.84343257374664
1505893886228.0,PodiumIR,92
1505893886348.0,Temperature_1,25.78
1505893886354.0,Humidity_1,56.07794910604482
1505893886362.0,Temperature_2,23.55
1505893886363.0,Humidity_2,58.91430635986382
1505893886638.0,Sound_R,76.13348562574849
1505893887403.0,Sound_C,76.09723606521004
1505893891990.0,Sound_L,72.92987420206205
1505893893013.0,Temperature_1,25.78
1505893893024.0,Humidity_1,56.07794910604482
1505893893032.0,Temperature_2,23.55
1505893893033.0,Humidity_2,58.91430635986382
1505893896238.0,Sound_P,117.56934819191356
1505893896242.0,PodiumIR,83
1505893896638.0,Sound_R,77.10242785972586
1505893897403.0,Sound_C,75.64347060157785
1505893899689.0,Temperature_1,25.78
1505893899699.0,Humidity_1,56.07794910604482
1505893899700.0,Humidity_2,58.91430635986382
1505893899702.0,Temperature_2,23.55
1505893901990.0,Sound_L,72.96231861141926
1505893906245.0,Sound_P,117.87059668637389
1505893906249.0,PodiumIR,105
1505893906356.0,Temperature_1,25.78
1505893906369.0,Humidity_1,56.07794910604482
1505893906370.0,Temperature_2,23.55
1505893906378.0,Humidity_2,58.91430635986382
1505893906638.0,Sound_R,75.64205458305683
1505893907403.0,Sound_C,75.8241205146508
1505893911990.0,Sound_L,72.97751053504876
1505893913034.0,Temperature_1,25.78
1505893913038.0,Humidity_1,56.07794910604482
1505893913042.0,Humidity_2,58.91430635986382
1505893913045.0,Temperature_2,23.55
1505893916252.0,Sound_P,118.1398492438241
1505893916256.0,PodiumIR,112
1505893916638.0,Sound_R,77.73052872363904
1505893917403.0,Sound_C,73.90445173959513
1505893919705.0,Temperature_1,25.78
1505893919708.0,Humidity_1,56.07794910604482
1505893919710.0,Temperature_2,23.55
1505893919716.0,Humidity_2,58.91430635986382
1505893921990.0,Sound_L,70.78036035435491
1505893926271.0,Sound_P,117.56934819191356
1505893926275.0,PodiumIR,90
1505893926379.0,Temperature_1,25.78
1505893926381.0,Humidity_1,56.07794910604482
1505893926381.0,Temperature_2,23.55
1505893926389.0,Humidity_2,58.91430635986382
1505893926638.0,Sound_R,75.57614223130436
1505893927403.0,Sound_C,71.31265202452346
1505893931990.0,Sound_L,70.07693489023987
1505893933051.0,Humidity_1,56.07794910604482
1505893933053.0,Temperature_1,25.78
1505893933058.0,Humidity_2,58.91430635986382
1505893933060.0,Temperature_2,23.55
1505893936286.0,Sound_P,117.87059668637389
1505893936290.0,PodiumIR,106
1505893936638.0,Sound_R,71.33595552580034
1505893937403.0,Sound_C,73.42802476128197
1505893939721.0,Temperature_1,25.78
1505893939725.0,Humidity_1,56.07794910604482
1505893939727.0,Humidity_2,58.91430635986382
1505893939729.0,Temperature_2,23.55
1505893941990.0,Sound_L,69.67209990788403
1505893946293.0,Sound_P,117.81622447063441
1505893946307.0,PodiumIR,96
1505893946389.0,Temperature_1,25.78
1505893946398.0,Temperature_2,23.55
1505893946402.0,Humidity_1,56.07794910604482
1505893946405.0,Humidity_2,58.91430635986382
1505893946638.0,Sound_R,72.07055202034608
1505893947403.0,Sound_C,72.10428946737521
1505893951990.0,Sound_L,70.5862283870162
1505893953066.0,Temperature_2,23.55
1505893953066.0,Humidity_2,58.91430635986382
1505893953069.0,Temperature_1,25.78
1505893953069.0,Humidity_1,56.07794910604482
1505893956313.0,Sound_P,117.89771695053554
1505893956316.0,PodiumIR,60
1505893956638.0,Sound_R,74.1266478152376
1505893957403.0,Sound_C,71.75818881124574
1505893959736.0,Temperature_2,23.55
1505893959738.0,Temperature_1,25.78
1505893959738.0,Humidity_2,58.91430635986382
1505893959738.0,Humidity_1,56.07794910604482
1505893961990.0,Sound_L,69.19948040329675
1505893966320.0,Sound_P,117.48624332337616
1505893966323.0,PodiumIR,103
1505893966408.0,Temperature_2,23.55
1505893966409.0,Temperature_1,25.78
1505893966410.0,Humidity_2,58.91430635986382
1505893966418.0,Humidity_1,56.07794910604482
1505893966638.0,Sound_R,75.5119411479876
1505893967403.0,Sound_C,73.2399030816885
1505893971990.0,Sound_L,69.99162403115696
1505893973079.0,Temperature_1,25.78
1505893973081.0,Humidity_2,58.91430635986382
1505893973084.0,Humidity_1,56.07794910604482
1505893973085.0,Temperature_2,23.55
1505893976326.0,Sound_P,117.59695871579397
1505893976330.0,PodiumIR,91
1505893976638.0,Sound_R,74.82816546311304
1505893977403.0,Sound_C,71.93338717372116
1505893979754.0,Temperature_1,25.78
1505893979755.0,Temperature_2,23.55
1505893979756.0,Humidity_2,58.91430635986382
1505893979762.0,Humidity_1,56.07794910604482
1505893981990.0,Sound_L,69.23737197664344
1505893986345.0,Sound_P,117.89771695053554
1505893986349.0,PodiumIR,101
1505893986420.0,Temperature_1,25.78
1505893986421.0,Temperature_2,23.55
1505893986428.0,Humidity_1,56.07794910604482
1505893986429.0,Humidity_2,58.91430635986382
1505893986638.0,Sound_R,75.3442927504783
1505893987403.0,Sound_C,73.47732466797217
1505893991990.0,Sound_L,72.13362982921302
1505893993094.0,Temperature_1,25.78
1505893993096.0,Temperature_2,23.55
1505893993097.0,Humidity_2,58.91430635986382
1505893993098.0,Humidity_1,56.07794910604482
1505893996352.0,Sound_P,117.84343257374664
1505893996355.0,PodiumIR,93
1505893996638.0,Sound_R,78.97803439533597
1505893997403.0,Sound_C,75.81238035713977
1505893999764.0,Temperature_2,23.55
1505893999766.0,Temperature_1,25.78
1505893999770.0,Humidity_1,56.07794910604482
1505893999772.0,Humidity_2,58.91430635986382
1505894001990.0,Sound_L,72.20839140810196
1505894006358.0,Sound_P,117.73433478780012
1505894006361.0,PodiumIR,95
1505894006440.0,Temperature_1,25.78
1505894006446.0,Humidity_1,56.07794910604482
1505894006452.0,Temperature_2,23.55
1505894006455.0,Humidity_2,58.91430635986382
1505894006638.0,Sound_R,77.83243464197714
1505894007403.0,Sound_C,72.18129409673907
1505894011990.0,Sound_L,71.67580910652094
1505894013105.0,Temperature_1,25.78
1505894013110.0,Humidity_1,56.07794910604482
1505894013118.0,Temperature_2,23.55
1505894013121.0,Humidity_2,58.91430635986382
1505894016365.0,Sound_P,117.65204401104197
1505894016368.0,PodiumIR,124
1505894016638.0,Sound_R,74.75395465785819
1505894017403.0,Sound_C,69.96265279720691
1505894019771.0,Humidity_1,56.07794910604482
1505894019771.0,Temperature_1,25.78
1505894019779.0,Temperature_2,23.55
1505894019783.0,Humidity_2,58.91430635986382
1505894021990.0,Sound_L,69.34367625069015
1505894026372.0,Sound_P,117.73433478780012
1505894026375.0,PodiumIR,98
1505894026431.0,Humidity_1,56.07794910604482
1505894026433.0,Temperature_1,25.78
1505894026441.0,Temperature_2,23.55
1505894026449.0,Humidity_2,58.91430635986382
1505894026638.0,Sound_R,74.96832934901427
1505894027403.0,Sound_C,72.92795312607882
1505894031990.0,Sound_L,68.34705200845647
1505894033096.0,Humidity_1,56.07794910604482
1505894033096.0,Temperature_1,25.78
1505894033105.0,Temperature_2,23.55
1505894033108.0,Humidity_2,58.91430635986382
1505894036379.0,Sound_P,117.51399064595054
1505894036383.0,PodiumIR,107
1505894036638.0,Sound_R,74.03625347211185
1505894037403.0,Sound_C,72.18418140271814
1505894039759.0,Temperature_1,25.78
1505894039759.0,Humidity_1,56.07794910604482
1505894039767.0,Temperature_2,23.55
1505894039780.0,Humidity_2,58.91430635986382
1505894041990.0,Sound_L,66.42013838646005
1505894046386.0,Sound_P,117.76167572141729
1505894046390.0,PodiumIR,93
1505894046426.0,Humidity_1,56.07794910604482
1505894046428.0,Temperature_1,25.78
1505894046434.0,Temperature_2,23.55
1505894046442.0,Humidity_2,58.91430635986382
1505894046638.0,Sound_R,73.25828147729032
1505894047403.0,Sound_C,70.18068044571555
1505894051990.0,Sound_L,67.33490695318318
1505894053085.0,Temperature_1,25.78
1505894053087.0,Humidity_1,56.07794910604482
1505894053096.0,Temperature_2,23.55
1505894053098.0,Humidity_2,58.91430635986382
1505894055782.0,Door,activate
1505894056398.0,Sound_P,117.81622447063441
1505894056402.0,PodiumIR,72
1505894056638.0,Sound_R,75.07406390123033
1505894057403.0,Sound_C,73.45773720295709
1505894059749.0,Humidity_1,56.07794910604482
1505894059754.0,Temperature_1,25.78
1505894059759.0,Temperature_2,23.55
1505894059770.0,Humidity_2,58.91430635986382
1505894061990.0,Sound_L,67.12067209497272
1505894066405.0,Sound_P,118.3785414984758
1505894066409.0,PodiumIR,94
1505894066411.0,Humidity_1,56.07794910604482
1505894066414.0,Temperature_1,25.78
1505894066420.0,Temperature_2,23.55
1505894066436.0,Humidity_2,58.91430635986382
1505894066638.0,Sound_R,74.35111184944809
1505894067403.0,Sound_C,74.06766196296142
1505894071990.0,Sound_L,68.32354807023574
1505894073076.0,Humidity_1,56.07794910604482
1505894073082.0,Temperature_2,23.55
1505894073084.0,Temperature_1,25.78
1505894073100.0,Humidity_2,58.91430635986382
1505894076412.0,Sound_P,117.70694928866428
1505894076416.0,PodiumIR,145
1505894076638.0,Sound_R,72.13829268851312
1505894077403.0,Sound_C,70.01222736207035
1505894079737.0,Humidity_1,56.07794910604482
1505894079741.0,Temperature_1,25.78
1505894079745.0,Temperature_2,23.55
1505894079762.0,Humidity_2,58.91430635986382
1505894081990.0,Sound_L,69.44647168808069
1505894084328.0,Door,activate
1505894086397.0,Humidity_1,56.07794910604482
1505894086406.0,Temperature_1,25.78
1505894086410.0,Temperature_2,23.55
1505894086423.0,Humidity_2,58.91430635986382
1505894086425.0,Sound_P,117.78897223432665
1505894086429.0,PodiumIR,115
1505894086638.0,Sound_R,73.66806650828336
1505894087403.0,Sound_C,71.03849313920543
1505894091990.0,Sound_L,69.35164360123079
1505894093063.0,Humidity_1,56.07794910604482
1505894093069.0,Temperature_2,23.55
1505894093073.0,Temperature_1,25.78
1505894093092.0,Humidity_2,58.91430635986382
1505894096432.0,Sound_P,117.65204401104197
1505894096447.0,PodiumIR,89
1505894096638.0,Sound_R,76.02475262441654
1505894097403.0,Sound_C,72.21992329456593
1505894099730.0,Temperature_2,23.55
1505894099733.0,Humidity_1,56.07794910604482
1505894099739.0,Temperature_1,25.78
1505894099749.0,Humidity_2,58.91430635986382
1505894101990.0,Sound_L,70.11120706835946
1505894106387.0,Humidity_1,56.07794910604482
1505894106398.0,Temperature_2,23.55
1505894106402.0,Temperature_1,25.78
1505894106419.0,Humidity_2,58.91430635986382
1505894106454.0,Sound_P,117.87059668637389
1505894106461.0,PodiumIR,129
1505894106638.0,Sound_R,75.04293755723721
1505894107403.0,Sound_C,70.79700422027904
1505894111990.0,Sound_L,68.88461293250319
1505894113055.0,Temperature_2,23.55
1505894113058.0,Humidity_1,56.07794910604482
1505894113059.0,Temperature_1,25.78
1505894113077.0,Humidity_2,58.91430635986382
1505894116468.0,Sound_P,117.84343257374664
1505894116471.0,PodiumIR,85
1505894116638.0,Sound_R,73.31330579784571
1505894117403.0,Sound_C,70.14920685853355
1505894119713.0,Humidity_1,56.07794910604482
1505894119719.0,Temperature_2,23.55
1505894119728.0,Temperature_1,25.78
1505894119747.0,Humidity_2,58.91430635986382
1505894121990.0,Sound_L,67.2521330287961
1505894126385.0,Humidity_1,56.07794910604482
1505894126389.0,Temperature_1,25.78
1505894126391.0,Temperature_2,23.55
1505894126409.0,Humidity_2,58.91430635986382
1505894126475.0,Sound_P,117.65204401104197
1505894126479.0,PodiumIR,98
1505894126638.0,Sound_R,73.26717954002203
1505894127403.0,Sound_C,69.44827840647831
1505894131990.0,Sound_L,67.92008217053946
1505894133044.0,Temperature_2,23.55
1505894133048.0,Humidity_1,56.07794910604482
1505894133056.0,Temperature_1,25.78
1505894133066.0,Humidity_2,58.91430635986382
1505894136482.0,Sound_P,117.65204401104197
1505894136486.0,PodiumIR,94
1505894136638.0,Sound_R,74.44331161520354
1505894137403.0,Sound_C,70.49160228543111
1505894139720.0,Temperature_1,25.78
1505894139723.0,Humidity_1,56.07794910604482
1505894139731.0,Temperature_2,23.55
1505894139738.0,Humidity_2,58.91430635986382
1505894141990.0,Sound_L,69.10224051420819
1505894146380.0,Temperature_1,25.78
1505894146382.0,Humidity_1,56.07794910604482
1505894146396.0,Temperature_2,23.55
1505894146401.0,Humidity_2,58.91430635986382
1505894146490.0,Sound_P,117.45845009950281
1505894146494.0,PodiumIR,122
1505894146638.0,Sound_R,77.74261167473965
1505894147403.0,Sound_C,74.16053327345357
1505894151990.0,Sound_L,71.3322810715422
1505894153048.0,Humidity_1,56.07794910604482
1505894153050.0,Temperature_1,25.78
1505894153061.0,Temperature_2,23.55
1505894153068.0,Humidity_2,58.91430635986382
1505894156497.0,Sound_P,117.87059668637389
1505894156501.0,PodiumIR,106
1505894156638.0,Sound_R,76.76966327385675
1505894157403.0,Sound_C,72.4675372973718
1505894159712.0,Humidity_1,56.07794910604482
1505894159717.0,Temperature_1,25.78
1505894159721.0,Temperature_2,23.55
1505894159733.0,Humidity_2,58.91430635986382
1505894161990.0,Sound_L,70.73208912455897
1505894166378.0,Temperature_1,25.78
1505894166381.0,Humidity_1,56.07794910604482
1505894166387.0,Temperature_2,23.55
1505894166397.0,Humidity_2,58.91430635986382
1505894166504.0,Sound_P,117.81622447063441
1505894166508.0,PodiumIR,93
1505894166638.0,Sound_R,72.12903234936134
1505894167403.0,Sound_C,68.49411011968601
1505894171990.0,Sound_L,67.52873939875094
1505894173037.0,Temperature_1,25.78
1505894173039.0,Humidity_1,56.07794910604482
1505894173055.0,Temperature_2,23.55
1505894173056.0,Humidity_2,58.91430635986382
1505894176511.0,Sound_P,118.00576233897475
1505894176515.0,PodiumIR,90
1505894176638.0,Sound_R,73.3453057579519
1505894177403.0,Sound_C,68.23790770256385
1505894179699.0,Temperature_1,25.78
1505894179702.0,Humidity_1,56.07794910604482
1505894179717.0,Temperature_2,23.55
1505894179725.0,Humidity_2,58.91430635986382
1505894181991.0,Sound_L,65.77010128868382
1505894186372.0,Temperature_1,25.78
1505894186373.0,Humidity_1,56.07794910604482
1505894186382.0,Temperature_2,23.55
1505894186385.0,Humidity_2,58.91430635986382
1505894186518.0,Sound_P,118.3785414984758
1505894186522.0,PodiumIR,92
1505894186638.0,Sound_R,74.07497938014053
1505894187403.0,Sound_C,70.5791003718275
1505894191991.0,Sound_L,65.69215242968616
1505894193031.0,Humidity_1,56.07794910604482
1505894193035.0,Temperature_1,25.78
1505894193045.0,Temperature_2,23.55
1505894193052.0,Humidity_2,58.91430635986382
1505894196525.0,Sound_P,117.87059668637389
1505894196529.0,PodiumIR,101
1505894196638.0,Sound_R,75.05467386510267
1505894197403.0,Sound_C,72.91785201198333
1505894199696.0,Humidity_1,56.07794910604482
1505894199697.0,Temperature_1,25.78
1505894199711.0,Temperature_2,23.55
1505894199718.0,Humidity_2,58.91430635986382
1505894201991.0,Sound_L,67.7572764909225
1505894206365.0,Temperature_1,25.78
1505894206368.0,Humidity_1,56.07794910604482
1505894206373.0,Temperature_2,23.55
1505894206378.0,Humidity_2,58.91430635986382
1505894206532.0,Sound_P,118.45735790572417
1505894206536.0,PodiumIR,79
1505894206638.0,Sound_R,73.47996979177798
1505894207403.0,Sound_C,71.90489176143576
1505894211991.0,Sound_L,69.19968991135964
1505894213028.0,Temperature_1,25.78
1505894213031.0,Humidity_1,56.07794910604482
1505894213038.0,Temperature_2,23.55
1505894213042.0,Humidity_2,58.91430635986382
1505894216543.0,Sound_P,117.89771695053554
1505894216547.0,PodiumIR,97
1505894216638.0,Sound_R,73.02759721576938
1505894217403.0,Sound_C,72.41962160265368
1505894219689.0,Temperature_1,25.78
1505894219694.0,Humidity_1,56.07794910604482
1505894219697.0,Temperature_2,23.55
1505894219702.0,Humidity_2,58.91430635986382
1505894221991.0,Sound_L,71.50384808883067
1505894226351.0,Temperature_1,25.78
1505894226352.0,Humidity_1,56.07794910604482
1505894226361.0,Temperature_2,23.55
1505894226365.0,Humidity_2,58.91430635986382
1505894226550.0,Sound_P,117.81622447063441
1505894226554.0,PodiumIR,91
1505894226638.0,Sound_R,76.90361988140809
1505894227403.0,Sound_C,75.39091829209862
1505894231991.0,Sound_L,70.99551031050531
1505894233014.0,Humidity_1,56.07794910604482
1505894233021.0,Temperature_1,25.78
1505894233025.0,Temperature_2,23.55
1505894233034.0,Humidity_2,58.91430635986382
1505894236557.0,Sound_P,117.78897223432665
1505894236561.0,PodiumIR,99
1505894236638.0,Sound_R,76.56088153710651
1505894237403.0,Sound_C,73.36008568528958
1505894239676.0,Temperature_1,25.78
1505894239686.0,Temperature_2,23.55
1505894239687.0,Humidity_1,56.07794910604482
1505894239693.0,Humidity_2,58.91430635986382
1505894241991.0,Sound_L,71.37202142990495
1505894246339.0,Temperature_1,25.78
1505894246347.0,Humidity_1,56.07794910604482
1505894246354.0,Temperature_2,23.55
1505894246361.0,Humidity_2,58.91430635986382
1505894246564.0,Sound_P,117.81622447063441
1505894246567.0,PodiumIR,96
1505894246638.0,Sound_R,76.62635668880128
1505894247403.0,Sound_C,71.08470983176274
1505894251991.0,Sound_L,70.43996665095096
1505894253006.0,Humidity_1,56.07794910604482
1505894253009.0,Temperature_1,25.78
1505894253014.0,Temperature_2,23.55
1505894253026.0,Humidity_2,58.91430635986382
1505894256571.0,Sound_P,117.81622447063441
1505894256583.0,PodiumIR,124
1505894256638.0,Sound_R,77.04270492231235
1505894257403.0,Sound_C,74.52084612360284
1505894259672.0,Humidity_1,56.07794910604482
1505894259673.0,Temperature_1,25.78
1505894259679.0,Temperature_2,23.55
1505894259695.0,Humidity_2,58.91430635986382
1505894261991.0,Sound_L,72.75806981162503
1505894266332.0,Temperature_1,25.78
1505894266342.0,Humidity_1,56.07794910604482
1505894266343.0,Temperature_2,23.55
1505894266356.0,Humidity_2,58.91430635986382
1505894266586.0,Sound_P,117.81622447063441
1505894266590.0,PodiumIR,86
1505894266638.0,Sound_R,76.1152619895238
1505894267403.0,Sound_C,75.37222339594017
1505894271991.0,Sound_L,74.34834244848543
1505894273000.0,Temperature_1,25.78
1505894273005.0,Humidity_1,56.07794910604482
1505894273011.0,Temperature_2,23.55
1505894273018.0,Humidity_2,58.91430635986382
1505894276593.0,Sound_P,118.24635356244428
1505894276597.0,PodiumIR,96
1505894276638.0,Sound_R,76.29083331778584
1505894277403.0,Sound_C,74.38601585500287
1505894279665.0,Temperature_1,25.78
1505894279665.0,Humidity_1,56.07794910604482
1505894279680.0,Temperature_2,23.55
1505894279685.0,Humidity_2,58.91430635986382
1505894281991.0,Sound_L,73.36943363711947
1505894286332.0,Temperature_1,25.78
1505894286335.0,Humidity_1,56.07794910604482
1505894286341.0,Temperature_2,23.55
1505894286343.0,Humidity_2,58.91430635986382
1505894286600.0,Sound_P,117.70694928866428
1505894286604.0,PodiumIR,101
1505894286638.0,Sound_R,76.3376123085085
1505894287403.0,Sound_C,74.20923548253194
1505894291990.0,Sound_L,72.68805251491803
1505894292992.0,Temperature_1,25.78
1505894292993.0,Humidity_1,56.07794910604482
1505894293004.0,Temperature_2,23.55
1505894293007.0,Humidity_2,58.91430635986382
1505894296607.0,Sound_P,117.67951907848958
1505894296611.0,PodiumIR,112
1505894296638.0,Sound_R,76.58849024012854
1505894297403.0,Sound_C,75.41545029186874
1505894299656.0,Humidity_1,56.07794910604482
1505894299656.0,Temperature_1,25.78
1505894299666.0,Humidity_2,58.91430635986382
1505894299666.0,Temperature_2,23.55
1505894301991.0,Sound_L,71.09820214805993
1505894306317.0,Temperature_1,25.78
1505894306320.0,Humidity_1,56.07794910604482
1505894306336.0,Temperature_2,23.55
1505894306336.0,Humidity_2,58.91430635986382
1505894306614.0,Sound_P,118.32579106267738
1505894306618.0,PodiumIR,90
1505894306638.0,Sound_R,80.15060531428688
1505894307403.0,Sound_C,76.80209049119412
1505894311991.0,Sound_L,72.20415492617776
1505894312984.0,Humidity_1,56.07794910604482
1505894312987.0,Temperature_1,25.78
1505894312996.0,Temperature_2,23.55
1505894313000.0,Humidity_2,58.91430635986382
1505894316621.0,Sound_P,117.89771695053554
1505894316625.0,PodiumIR,99
1505894316638.0,Sound_R,78.211618754254
1505894317403.0,Sound_C,72.25448892747328
1505894319651.0,Temperature_1,25.78
1505894319654.0,Humidity_1,56.07794910604482
1505894319661.0,Humidity_2,58.91430635986382
1505894319662.0,Temperature_2,23.55
1505894321991.0,Sound_L,70.70825378919527
1505894326309.0,Temperature_1,25.78
1505894326318.0,Temperature_2,23.55
1505894326318.0,Humidity_1,56.07794910604482
1505894326319.0,Humidity_2,58.91430635986382
1505894326628.0,Sound_P,117.67951907848958
1505894326631.0,PodiumIR,116
1505894326638.0,Sound_R,73.15320538644778
1505894327403.0,Sound_C,69.39109285500338
1505894331991.0,Sound_L,70.6849485407509
1505894332977.0,Humidity_1,56.07794910604482
1505894332980.0,Temperature_1,25.78
1505894332987.0,Humidity_2,58.91430635986382
1505894332989.0,Temperature_2,23.55
1505894336634.0,Sound_P,117.92479350756437
1505894336638.0,Sound_R,75.1837367111382
1505894336638.0,PodiumIR,101
1505894337403.0,Sound_C,73.3129120034443
1505894339640.0,Humidity_1,56.07794910604482
1505894339640.0,Temperature_1,25.78
1505894339649.0,Humidity_2,58.91430635986382
1505894339649.0,Temperature_2,23.55
1505894341990.0,Sound_L,69.59221328485296
1505894346308.0,Temperature_1,25.78
1505894346309.0,Humidity_1,56.07794910604482
1505894346312.0,Humidity_2,58.91430635986382
1505894346320.0,Temperature_2,23.55
1505894346638.0,Sound_R,76.42256096927547
1505894346641.0,Sound_P,117.81622447063441
1505894346645.0,PodiumIR,102
1505894347403.0,Sound_C,72.5151743122096
1505894351990.0,Sound_L,69.87292137817631
1505894352967.0,Temperature_1,25.78
1505894352970.0,Humidity_1,56.07794910604482
1505894352978.0,Humidity_2,58.91430635986382
1505894352981.0,Temperature_2,23.55
1505894356638.0,Sound_R,73.35526693133187
1505894356649.0,Sound_P,117.81622447063441
1505894356652.0,PodiumIR,94
1505894357403.0,Sound_C,72.0200052514982
1505894359628.0,Temperature_1,25.78
1505894359638.0,Humidity_1,56.07794910604482
1505894359638.0,Temperature_2,23.55
1505894359638.0,Humidity_2,58.91430635986382
1505894361990.0,Sound_L,68.78039705983085
1505894366297.0,Temperature_1,25.78
1505894366302.0,Humidity_1,56.07794910604482
1505894366304.0,Humidity_2,58.91430635986382
1505894366309.0,Temperature_2,23.55
1505894366638.0,Sound_R,73.88088750737263
1505894366655.0,Sound_P,117.78897223432665
1505894366666.0,PodiumIR,98
1505894367403.0,Sound_C,75.42297747060034
1505894371991.0,Sound_L,67.90432740399501
1505894372955.0,Temperature_1,25.78
1505894372962.0,Humidity_1,56.07794910604482
1505894372963.0,Humidity_2,58.91430635986382
1505894372971.0,Temperature_2,23.55
1505894376638.0,Sound_R,76.80127313936241
1505894376671.0,Sound_P,117.84343257374664
1505894376675.0,PodiumIR,80
1505894377403.0,Sound_C,74.34742541918847
1505894379623.0,Temperature_1,25.78
1505894379625.0,Humidity_1,56.07794910604482
1505894379625.0,Humidity_2,58.91430635986382
1505894379636.0,Temperature_2,23.55
1505894381991.0,Sound_L,66.89014915555269
1505894386292.0,Temperature_1,25.78
1505894386293.0,Humidity_2,58.91430635986382
1505894386296.0,Humidity_1,56.07794910604482
1505894386299.0,Temperature_2,23.55
1505894386638.0,Sound_R,76.69345600750896
1505894386677.0,Sound_P,117.84343257374664
1505894386681.0,PodiumIR,103
1505894387403.0,Sound_C,72.09836092464168
1505894391991.0,Sound_L,67.34058605499472
1505894392954.0,Humidity_1,56.07794910604482
1505894392955.0,Humidity_2,58.91430635986382
1505894392956.0,Temperature_1,25.78
1505894392961.0,Temperature_2,23.55
1505894396638.0,Sound_R,74.4757720773785
1505894396684.0,Sound_P,117.97881606214798
1505894396688.0,PodiumIR,81
1505894397403.0,Sound_C,71.4729349871334
1505894399611.0,Humidity_2,58.91430635986382
1505894399614.0,Temperature_1,25.78
1505894399621.0,Humidity_1,56.07794910604482
1505894399622.0,Temperature_2,23.55
1505894401990.0,Sound_L,70.6789363241977
1505894406280.0,Temperature_1,25.78
1505894406285.0,Humidity_1,56.07794910604482
1505894406291.0,Temperature_2,23.55
1505894406297.0,Humidity_2,58.91430635986382
1505894406638.0,Sound_R,77.59773265648911
1505894406691.0,Sound_P,117.78897223432665
1505894406701.0,PodiumIR,97
1505894407403.0,Sound_C,71.19846572192056
1505894411991.0,Sound_L,71.95878077620654
1505894412944.0,Humidity_1,56.07794910604482
1505894412945.0,Temperature_1,25.78
1505894412950.0,Temperature_2,23.55
1505894412960.0,Humidity_2,58.91430635986382
1505894416638.0,Sound_R,79.51828858553617
1505894416706.0,Sound_P,117.70694928866428
1505894416710.0,PodiumIR,96
1505894417403.0,Sound_C,73.62696665603056
1505894419608.0,Temperature_1,25.78
1505894419610.0,Humidity_1,56.07794910604482
1505894419620.0,Humidity_2,58.91430635986382
1505894419622.0,Temperature_2,23.55
1505894421990.0,Sound_L,73.08357056697771
1505894426269.0,Temperature_1,25.78
1505894426279.0,Humidity_1,56.07794910604482
1505894426280.0,Temperature_2,23.55
1505894426294.0,Humidity_2,58.91430635986382
1505894426638.0,Sound_R,78.07090943595465
1505894426713.0,Sound_P,117.73433478780012
1505894426717.0,PodiumIR,93
1505894427403.0,Sound_C,74.0869538683463
1505894431991.0,Sound_L,69.47866433168628
1505894432933.0,Temperature_1,25.78
1505894432942.0,Humidity_1,56.07794910604482
1505894432944.0,Temperature_2,23.55
1505894432951.0,Humidity_2,58.91430635986382
1505894436638.0,Sound_R,77.06435181845373
1505894436720.0,Sound_P,117.81622447063441
1505894436724.0,PodiumIR,89
1505894437403.0,Sound_C,74.01530156306036
1505894439597.0,Temperature_1,25.78
1505894439603.0,Humidity_1,56.07794910604482
1505894439613.0,Temperature_2,23.55
1505894439616.0,Humidity_2,58.91430635986382
1505894441991.0,Sound_L,68.30721508797365
1505894446260.0,Temperature_1,25.78
1505894446271.0,Humidity_1,56.07794910604482
1505894446276.0,Humidity_2,58.91430635986382
1505894446278.0,Temperature_2,23.55
1505894446638.0,Sound_R,75.73007311635148
1505894446727.0,Sound_P,117.81622447063441
1505894446731.0,PodiumIR,93
1505894447403.0,Sound_C,75.45522047997491
1505894451991.0,Sound_L,67.0022285615388
1505894452930.0,Humidity_1,56.07794910604482
1505894452932.0,Temperature_1,25.78
1505894452936.0,Temperature_2,23.55
1505894452948.0,Humidity_2,58.91430635986382
1505894456638.0,Sound_R,74.52425283554855
1505894456734.0,Sound_P,117.65204401104197
1505894456738.0,PodiumIR,99
1505894457403.0,Sound_C,73.52431722945101
1505894459588.0,Temperature_1,25.78
1505894459602.0,Humidity_1,56.07794910604482
1505894459604.0,Humidity_2,58.91430635986382
1505894459606.0,Temperature_2,23.55
1505894461990.0,Sound_L,68.20764284295527
1505894466251.0,Temperature_1,25.78
1505894466260.0,Humidity_1,56.07794910604482
1505894466271.0,Temperature_2,23.55
1505894466276.0,Humidity_2,58.91430635986382
1505894466638.0,Sound_R,75.03248573826504
1505894466741.0,Sound_P,117.73433478780012
1505894466745.0,PodiumIR,107
1505894467403.0,Sound_C,71.54893212057168
1505894471990.0,Sound_L,67.5670434321352
1505894472916.0,Temperature_1,25.78
1505894472923.0,Humidity_1,56.07794910604482
1505894472934.0,Humidity_2,58.91430635986382
1505894472936.0,Temperature_2,23.55
1505894476638.0,Sound_R,74.44916858728553
1505894476748.0,Sound_P,117.81622447063441
1505894476752.0,PodiumIR,87
1505894477403.0,Sound_C,69.12672486522449
1505894479585.0,Temperature_1,25.78
1505894479586.0,Humidity_1,56.07794910604482
1505894479591.0,Temperature_2,23.55
1505894479596.0,Humidity_2,58.91430635986382
1505894481990.0,Sound_L,66.82566689739093
1505894486248.0,Humidity_1,56.07794910604482
1505894486249.0,Temperature_1,25.78
1505894486259.0,Temperature_2,23.55
1505894486263.0,Humidity_2,58.91430635986382
1505894486638.0,Sound_R,70.88789244678831
1505894486755.0,Sound_P,117.62452393936876
1505894486765.0,PodiumIR,94
1505894487403.0,Sound_C,68.05867901229699
1505894491990.0,Sound_L,64.18718660816211
1505894492913.0,Temperature_1,25.78
1505894492917.0,Humidity_1,56.07794910604482
1505894492920.0,Temperature_2,23.55
1505894492925.0,Humidity_2,58.91430635986382
1505894496638.0,Sound_R,69.54520471504375
1505894496770.0,Sound_P,118.3785414984758
1505894496774.0,PodiumIR,109
1505894497403.0,Sound_C,67.44002013704255
1505894499571.0,Temperature_1,25.78
1505894499578.0,Humidity_1,56.07794910604482
1505894499585.0,Temperature_2,23.55
1505894499592.0,Humidity_2,58.91430635986382
1505894501990.0,Sound_L,63.84380701630219
1505894506243.0,Humidity_1,56.07794910604482
1505894506245.0,Temperature_1,25.78
1505894506249.0,Temperature_2,23.55
1505894506256.0,Humidity_2,58.91430635986382
1505894506638.0,Sound_R,71.47688113763532
1505894506777.0,Sound_P,117.67951907848958
1505894506781.0,PodiumIR,94
1505894507403.0,Sound_C,68.42529993700064
1505894511990.0,Sound_L,66.36145533737387
1505894512901.0,Temperature_1,25.78
1505894512910.0,Humidity_1,56.07794910604482
1505894512919.0,Temperature_2,23.55
1505894512920.0,Humidity_2,58.91430635986382
1505894516638.0,Sound_R,74.59711055970111
1505894516784.0,Sound_P,117.81622447063441
1505894516788.0,PodiumIR,102
1505894517403.0,Sound_C,70.59882664862347
1505894519566.0,Temperature_1,25.78
1505894519575.0,Humidity_1,56.07794910604482
1505894519576.0,Temperature_2,23.55
1505894519580.0,Humidity_2,58.91430635986382
1505894521990.0,Sound_L,67.59357891259145
1505894526237.0,Temperature_1,25.78
1505894526237.0,Humidity_1,56.07794910604482
1505894526243.0,Temperature_2,23.55
1505894526249.0,Humidity_2,58.91430635986382
1505894526638.0,Sound_R,73.03585166013949
1505894526791.0,Sound_P,117.84343257374664
1505894526795.0,PodiumIR,99
1505894527403.0,Sound_C,68.59964182588119
1505894531990.0,Sound_L,66.77724039153938
1505894532896.0,Temperature_1,25.78
1505894532903.0,Temperature_2,23.55
1505894532905.0,Humidity_1,56.07794910604482
1505894532918.0,Humidity_2,58.91430635986382
1505894536638.0,Sound_R,67.8796544993009
1505894536798.0,Sound_P,117.81622447063441
1505894536802.0,PodiumIR,89
1505894537403.0,Sound_C,65.13356112527124
1505894539560.0,Temperature_1,25.78
1505894539576.0,Humidity_1,56.07794910604482
1505894539582.0,Temperature_2,23.55
1505894539588.0,Humidity_2,58.91430635986382
1505894541990.0,Sound_L,64.0661838751702
1505894546231.0,Temperature_1,25.78
1505894546242.0,Humidity_1,56.07794910604482
1505894546256.0,Temperature_2,23.55
1505894546260.0,Humidity_2,58.91430635986382
1505894546638.0,Sound_R,67.26382348437964
1505894546805.0,Sound_P,117.81622447063441
1505894546809.0,PodiumIR,100
1505894547403.0,Sound_C,66.14892074000764
1505894551990.0,Sound_L,64.15640131311383
1505894552904.0,Temperature_1,25.78
1505894552920.0,Temperature_2,23.55
1505894552923.0,Humidity_1,56.07794910604482
1505894552927.0,Humidity_2,58.91430635986382
1505894556638.0,Sound_R,68.21089953948393
1505894556812.0,Sound_P,117.78897223432665
1505894556815.0,PodiumIR,100
1505894557403.0,Sound_C,68.57679172187432
1505894559571.0,Temperature_1,25.78
1505894559586.0,Humidity_1,56.07794910604482
1505894559599.0,Temperature_2,23.55
1505894559603.0,Humidity_2,58.91430635986382
1505894561990.0,Sound_L,64.834132367255
1505894566244.0,Temperature_1,25.78
1505894566264.0,Humidity_1,56.07794910604482
1505894566265.0,Temperature_2,23.55
1505894566277.0,Humidity_2,58.91430635986382
1505894566638.0,Sound_R,68.43621600937799
1505894566819.0,Sound_P,117.84343257374664
1505894566822.0,PodiumIR,100
1505894567403.0,Sound_C,67.7994108962717
1505894571990.0,Sound_L,65.10327163711221
1505894572923.0,Temperature_1,25.78
1505894572927.0,Humidity_1,56.07794910604482
1505894572932.0,Temperature_2,23.55
1505894572945.0,Humidity_2,58.91430635986382
1505894576638.0,Sound_R,70.82853051762801
1505894576825.0,Sound_P,117.76167572141729
1505894576829.0,PodiumIR,97
1505894577403.0,Sound_C,68.02189139756088
1505894579591.0,Temperature_1,25.78
1505894579604.0,Humidity_1,56.07794910604482
1505894579612.0,Temperature_2,23.55
1505894579612.0,Humidity_2,58.91430635986382
1505894581990.0,Sound_L,65.50462129314229
1505894586262.0,Temperature_1,25.78
1505894586274.0,Humidity_1,56.07794910604482
1505894586284.0,Temperature_2,23.55
1505894586289.0,Humidity_2,58.91430635986382
1505894586638.0,Sound_R,72.74074049702473
1505894586832.0,Sound_P,117.70694928866428
1505894586836.0,PodiumIR,91
1505894587403.0,Sound_C,70.4338748739966
1505894591990.0,Sound_L,66.52005841947161
1505894592940.0,Temperature_1,25.78
1505894592947.0,Temperature_2,23.55
1505894592947.0,Humidity_1,56.07794910604482
1505894592951.0,Humidity_2,58.91430635986382
1505894596638.0,Sound_R,73.80703059852108
1505894596839.0,Sound_P,117.70694928866428
1505894596843.0,PodiumIR,87
1505894597403.0,Sound_C,71.86441319733608
1505894599603.0,Temperature_1,25.78
1505894599616.0,Humidity_1,56.07794910604482
1505894599616.0,Temperature_2,23.55
1505894599625.0,Humidity_2,58.91430635986382
1505894601990.0,Sound_L,68.84179437097973
1505894606284.0,Temperature_1,25.78
1505894606287.0,Temperature_2,23.55
1505894606291.0,Humidity_1,56.07794910604482
1505894606300.0,Humidity_2,58.91430635986382
1505894606638.0,Sound_R,73.07055840809267
1505894606846.0,Sound_P,117.78897223432665
1505894606850.0,PodiumIR,95
1505894607403.0,Sound_C,71.7766052175241
1505894611990.0,Sound_L,69.07951995618541
1505894612951.0,Temperature_1,25.78
1505894612955.0,Humidity_1,56.07794910604482
1505894612968.0,Temperature_2,23.55
1505894612970.0,Humidity_2,58.91430635986382
1505894616638.0,Sound_R,72.82439449287793
1505894616853.0,Sound_P,117.87059668637389
1505894616857.0,PodiumIR,101
1505894617403.0,Sound_C,71.40470395022417
1505894619626.0,Temperature_1,25.78
1505894619629.0,Humidity_1,56.07794910604482
1505894619631.0,Temperature_2,23.55
1505894619645.0,Humidity_2,58.91430635986382
1505894621990.0,Sound_L,70.11201182113356
1505894626295.0,Humidity_1,56.07794910604482
1505894626296.0,Temperature_1,25.78
1505894626305.0,Temperature_2,23.55
1505894626307.0,Humidity_2,58.91430635986382
1505894626638.0,Sound_R,74.36001623863235
1505894626867.0,Sound_P,117.95182649811095
1505894626875.0,PodiumIR,95
1505894627403.0,Sound_C,71.32301105183484
1505894631990.0,Sound_L,70.21212946037022
1505894632973.0,Humidity_1,56.07794910604482
1505894632973.0,Temperature_1,25.78
1505894632981.0,Temperature_2,23.55
1505894632986.0,Humidity_2,58.91430635986382
1505894636638.0,Sound_R,78.2404114657838
1505894636880.0,Sound_P,117.87059668637389
1505894636888.0,PodiumIR,94
1505894637403.0,Sound_C,74.38090729798077
1505894639635.0,Temperature_1,25.78
1505894639642.0,Humidity_1,56.07794910604482
1505894639647.0,Temperature_2,23.55
1505894639653.0,Humidity_2,58.91430635986382
1505894641990.0,Sound_L,72.34950612551111
1505894646311.0,Humidity_1,56.07794910604482
1505894646314.0,Temperature_1,25.78
1505894646316.0,Temperature_2,23.55
1505894646329.0,Humidity_2,58.91430635986382
1505894646638.0,Sound_R,78.11238990951877
1505894646893.0,Sound_P,117.78897223432665
1505894646901.0,PodiumIR,92
1505894647403.0,Sound_C,75.75237607093958
1505894651990.0,Sound_L,72.26450911649562
1505894652980.0,Humidity_1,56.07794910604482
1505894652985.0,Temperature_1,25.78
1505894652993.0,Temperature_2,23.55
1505894652998.0,Humidity_2,58.91430635986382
1505894656638.0,Sound_R,76.38770641201991
1505894656905.0,Sound_P,117.59695871579397
1505894656910.0,PodiumIR,92
1505894657403.0,Sound_C,76.20573419831838
1505894659656.0,Temperature_1,25.78
1505894659656.0,Temperature_2,23.55
1505894659658.0,Humidity_1,56.07794910604482
1505894659671.0,Humidity_2,58.91430635986382
1505894661990.0,Sound_L,70.9919396555201
1505894666327.0,Humidity_1,56.07794910604482
1505894666331.0,Temperature_1,25.78
1505894666331.0,Temperature_2,23.55
1505894666337.0,Humidity_2,58.91430635986382
1505894666638.0,Sound_R,77.78117907951729
1505894666918.0,Sound_P,117.73433478780012
1505894666926.0,PodiumIR,87
1505894667403.0,Sound_C,75.03817581329969
1505894671990.0,Sound_L,69.27739117529615
1505894673000.0,Temperature_1,25.78
1505894673005.0,Humidity_1,56.07794910604482
1505894673011.0,Temperature_2,23.55
1505894673013.0,Humidity_2,58.91430635986382
1505894676638.0,Sound_R,76.52945196471562
1505894676930.0,Sound_P,117.81622447063441
1505894676938.0,PodiumIR,72
1505894677403.0,Sound_C,70.9797458290037
1505894679669.0,Temperature_1,25.78
1505894679675.0,Humidity_1,56.07794910604482
1505894679680.0,Humidity_2,58.91430635986382
1505894679682.0,Temperature_2,23.55
1505894681990.0,Sound_L,68.12447316435893
1505894686346.0,Temperature_1,25.78
1505894686352.0,Humidity_1,56.07794910604482
1505894686353.0,Humidity_2,58.91430635986382
1505894686358.0,Temperature_2,23.55
1505894686638.0,Sound_R,73.87329563761396
1505894686943.0,Sound_P,117.89771695053554
1505894686946.0,PodiumIR,130
1505894687403.0,Sound_C,70.07882964380475
1505894691990.0,Sound_L,68.12358710514474
1505894693018.0,Temperature_1,25.78
1505894693023.0,Humidity_1,56.07794910604482
1505894693024.0,Temperature_2,23.55
1505894693026.0,Humidity_2,58.91430635986382
1505894696638.0,Sound_R,74.35569484646777
1505894696949.0,Sound_P,117.81622447063441
1505894696952.0,PodiumIR,86
1505894697403.0,Sound_C,69.8416230408801
1505894699690.0,Temperature_1,25.78
1505894699698.0,Humidity_1,56.07794910604482
1505894699700.0,Temperature_2,23.55
1505894699701.0,Humidity_2,58.91430635986382
1505894701990.0,Sound_L,67.35123724638622
1505894706365.0,Temperature_1,25.78
1505894706367.0,Humidity_1,56.07794910604482
1505894706368.0,Temperature_2,23.55
1505894706376.0,Humidity_2,58.91430635986382
1505894706638.0,Sound_R,75.350010541828
1505894706959.0,Sound_P,117.87059668637389
1505894706965.0,PodiumIR,97
1505894707403.0,Sound_C,70.69853252970823
1505894711990.0,Sound_L,68.53536663899024
1505894713029.0,Temperature_1,25.78
1505894713038.0,Humidity_1,56.07794910604482
1505894713041.0,Humidity_2,58.91430635986382
1505894713046.0,Temperature_2,23.55
1505894716638.0,Sound_R,75.22393175231157
1505894716971.0,Sound_P,117.81622447063441
1505894716975.0,PodiumIR,79
1505894717403.0,Sound_C,71.65547949562422
1505894719701.0,Temperature_1,25.78
1505894719713.0,Humidity_1,56.07794910604482
1505894719715.0,Humidity_2,58.91430635986382
1505894719720.0,Temperature_2,23.55
1505894721990.0,Sound_L,69.05251803082461
1505894726373.0,Temperature_1,25.78
1505894726384.0,Humidity_1,56.07794910604482
1505894726390.0,Humidity_2,58.91430635986382
1505894726391.0,Temperature_2,23.55
1505894726638.0,Sound_R,77.07629897808182
1505894726978.0,Sound_P,118.03266546722126
1505894726983.0,PodiumIR,105
1505894727403.0,Sound_C,71.31411029584618
1505894731990.0,Sound_L,69.35161777210949
1505894733053.0,Temperature_1,25.78
1505894733054.0,Humidity_1,56.07794910604482
1505894733058.0,Temperature_2,23.55
1505894733065.0,Humidity_2,58.91430635986382
1505894736638.0,Sound_R,75.18061962173424
1505894736990.0,Sound_P,117.78897223432665
1505894736995.0,PodiumIR,95
1505894737403.0,Sound_C,70.74889284718147
1505894739721.0,Temperature_1,25.78
1505894739721.0,Humidity_1,56.07794910604482
1505894739735.0,Temperature_2,23.55
1505894739738.0,Humidity_2,58.91430635986382
1505894741990.0,Sound_L,69.13347908280603
1505894746389.0,Temperature_1,25.78
1505894746395.0,Humidity_1,56.07794910604482
1505894746399.0,Temperature_2,23.55
1505894746401.0,Humidity_2,58.91430635986382
1505894746638.0,Sound_R,75.48823515688703
1505894747002.0,Sound_P,117.89771695053554
1505894747006.0,PodiumIR,128
1505894747403.0,Sound_C,71.37277690106832
1505894751990.0,Sound_L,69.15166922497761
1505894753065.0,Temperature_1,25.78
1505894753067.0,Humidity_1,56.07794910604482
1505894753071.0,Temperature_2,23.55
1505894753080.0,Humidity_2,58.91430635986382
1505894756638.0,Sound_R,77.26635049102657
1505894757016.0,Sound_P,117.73433478780012
1505894757020.0,PodiumIR,102
1505894757403.0,Sound_C,73.62318326438988
1505894759732.0,Temperature_1,25.78
1505894759740.0,Humidity_1,56.07794910604482
1505894759745.0,Humidity_2,58.91430635986382
1505894759751.0,Temperature_2,23.55
1505894761990.0,Sound_L,69.82015689109218
1505894766404.0,Temperature_1,25.78
1505894766414.0,Humidity_1,56.07794910604482
1505894766414.0,Temperature_2,23.55
1505894766419.0,Humidity_2,58.91430635986382
1505894766638.0,Sound_R,77.03005442933933
1505894767029.0,Sound_P,117.81622447063441
1505894767033.0,PodiumIR,95
1505894767403.0,Sound_C,75.48707711594332
1505894771990.0,Sound_L,71.4275249505375
1505894773079.0,Temperature_1,25.78
1505894773082.0,Humidity_1,56.07794910604482
1505894773088.0,Temperature_2,23.55
1505894773098.0,Humidity_2,58.91430635986382
1505894776638.0,Sound_R,76.89955097429947
1505894777041.0,Sound_P,117.70694928866428
1505894777045.0,PodiumIR,91
1505894777403.0,Sound_C,76.15851369466759
1505894779751.0,Temperature_1,25.78
1505894779753.0,Humidity_1,56.07794910604482
1505894779758.0,Temperature_2,23.55
1505894779766.0,Humidity_2,58.91430635986382
1505894781990.0,Sound_L,71.10638322047552
1505894786426.0,Temperature_1,25.78
1505894786428.0,Humidity_1,56.07794910604482
1505894786431.0,Temperature_2,23.55
1505894786439.0,Humidity_2,58.91430635986382
1505894786638.0,Sound_R,74.99924298731086
1505894787048.0,Sound_P,118.24635356244428
1505894787052.0,PodiumIR,87
1505894787403.0,Sound_C,71.8443935520118
1505894791990.0,Sound_L,70.76311242813807
1505894793096.0,Humidity_1,56.07794910604482
1505894793100.0,Temperature_1,25.78
1505894793107.0,Temperature_2,23.55
1505894793114.0,Humidity_2,58.91430635986382
1505894796638.0,Sound_R,75.4847643945774
1505894797055.0,Sound_P,117.37479349512601
1505894797061.0,PodiumIR,67
1505894797403.0,Sound_C,70.84515200908083
1505894799768.0,Temperature_1,25.78
1505894799775.0,Humidity_1,56.07794910604482
1505894799776.0,Humidity_2,58.91430635986382
1505894799779.0,Temperature_2,23.55
1505894801990.0,Sound_L,69.63415345849211
1505894806440.0,Temperature_1,25.78
1505894806446.0,Humidity_1,56.07794910604482
1505894806452.0,Temperature_2,23.55
1505894806459.0,Humidity_2,58.91430635986382
1505894806638.0,Sound_R,78.1370945337281
1505894807067.0,Sound_P,117.67951907848958
1505894807071.0,PodiumIR,93
1505894807403.0,Sound_C,74.72960391176287
1505894811991.0,Sound_L,71.16306398708338
1505894813114.0,Temperature_1,25.78
1505894813115.0,Humidity_1,56.07794910604482
1505894813119.0,Temperature_2,23.55
1505894813126.0,Humidity_2,58.91430635986382
1505894816638.0,Sound_R,78.91943790510156
1505894817074.0,Sound_P,117.87059668637389
1505894817078.0,PodiumIR,100
1505894817403.0,Sound_C,75.30285376692122
1505894819781.0,Temperature_1,25.78
1505894819792.0,Temperature_2,23.55
1505894819794.0,Humidity_1,56.07794910604482
1505894819802.0,Humidity_2,58.91430635986382
1505894821990.0,Sound_L,72.1082293797063
1505894826453.0,Temperature_1,25.78
1505894826459.0,Humidity_1,56.07794910604482
1505894826467.0,Temperature_2,23.55
1505894826469.0,Humidity_2,58.91430635986382
1505894826638.0,Sound_R,76.889520936776
1505894827082.0,Sound_P,117.65204401104197
1505894827086.0,PodiumIR,69
1505894827403.0,Sound_C,72.67992241737672
1505894831991.0,Sound_L,71.4470182862882
1505894833129.0,Humidity_1,56.07794910604482
1505894833130.0,Temperature_1,25.78
1505894833139.0,Humidity_2,58.91430635986382
1505894833145.0,Temperature_2,23.55
1505894836638.0,Sound_R,72.65717867358121
1505894837089.0,Sound_P,117.62452393936876
1505894837094.0,PodiumIR,88
1505894837403.0,Sound_C,69.44777505364003
1505894839802.0,Temperature_1,25.78
1505894839811.0,Humidity_1,56.07794910604482
1505894839814.0,Temperature_2,23.55
1505894839815.0,Humidity_2,58.91430635986382
1505894841991.0,Sound_L,70.13903051784162
1505894846468.0,Temperature_1,25.78
1505894846474.0,Humidity_1,56.07794910604482
1505894846481.0,Humidity_2,58.91430635986382
1505894846482.0,Temperature_2,23.55
1505894846638.0,Sound_R,71.73736086507058
1505894847099.0,Sound_P,117.81622447063441
1505894847103.0,PodiumIR,109
1505894847403.0,Sound_C,70.78760069223496
1505894851991.0,Sound_L,69.31070185726284
1505894853148.0,Temperature_1,25.78
1505894853152.0,Humidity_1,56.07794910604482
1505894853157.0,Temperature_2,23.55
1505894853157.0,Humidity_2,58.91430635986382
1505894856638.0,Sound_R,76.82312643165791
1505894857106.0,Sound_P,117.84343257374664
1505894857109.0,PodiumIR,90
1505894857403.0,Sound_C,72.32707673491089
1505894859811.0,Temperature_1,25.78
1505894859827.0,Humidity_1,56.07794910604482
1505894859830.0,Temperature_2,23.55
1505894859831.0,Humidity_2,58.91430635986382
1505894861991.0,Sound_L,70.37071405773423
1505894866491.0,Temperature_1,25.78
1505894866495.0,Humidity_1,56.07794910604482
1505894866501.0,Humidity_2,58.91430635986382
1505894866501.0,Temperature_2,23.55
1505894866638.0,Sound_R,78.11695174171284
1505894867113.0,Sound_P,117.84343257374664
1505894867117.0,PodiumIR,90
1505894867403.0,Sound_C,71.27139354649886
1505894871991.0,Sound_L,70.35119728334475
1505894873161.0,Temperature_1,25.78
1505894873169.0,Humidity_1,56.07794910604482
1505894873171.0,Humidity_2,58.91430635986382
1505894873173.0,Temperature_2,23.55
1505894876638.0,Sound_R,73.96937547853885
1505894877120.0,Sound_P,118.24635356244428
1505894877124.0,PodiumIR,84
1505894877403.0,Sound_C,71.03721459998201
1505894879831.0,Temperature_1,25.78
1505894879840.0,Humidity_1,56.07794910604482
1505894879842.0,Humidity_2,58.91430635986382
1505894879844.0,Temperature_2,23.55
1505894881991.0,Sound_L,70.55331391517166
1505894886506.0,Humidity_1,56.07794910604482
1505894886507.0,Temperature_1,25.78
1505894886511.0,Temperature_2,23.55
1505894886516.0,Humidity_2,58.91430635986382
1505894886638.0,Sound_R,72.45871593936958
1505894887128.0,Sound_P,117.84343257374664
1505894887132.0,PodiumIR,98
1505894887403.0,Sound_C,71.403196447705
1505894891991.0,Sound_L,70.50190885099212
1505894893177.0,Temperature_1,25.78
1505894893184.0,Humidity_2,58.91430635986382
1505894893187.0,Humidity_1,56.07794910604482
1505894893188.0,Temperature_2,23.55
1505894896638.0,Sound_R,74.85125343623405
1505894897135.0,Sound_P,117.87059668637389
1505894897139.0,PodiumIR,112
1505894897403.0,Sound_C,72.9986872143294
1505894899851.0,Humidity_1,56.07794910604482
1505894899852.0,Humidity_2,58.91430635986382
1505894899853.0,Temperature_1,25.78
1505894899864.0,Temperature_2,23.55
1505894901990.0,Sound_L,71.41458379338333
1505894906522.0,Humidity_2,58.91430635986382
1505894906525.0,Temperature_1,25.78
1505894906527.0,Humidity_1,56.07794910604482
1505894906527.0,Temperature_2,23.55
1505894906638.0,Sound_R,76.38594638340955
1505894907142.0,Sound_P,118.45735790572417
1505894907146.0,PodiumIR,87
1505894907403.0,Sound_C,72.9006884793053
1505894911991.0,Sound_L,70.41109947865061
1505894913193.0,Humidity_1,56.07794910604482
1505894913194.0,Humidity_2,58.91430635986382
1505894913197.0,Temperature_1,25.78
1505894913199.0,Temperature_2,23.55
1505894916638.0,Sound_R,76.0026538978148
1505894917149.0,Sound_P,117.81622447063441
1505894917153.0,PodiumIR,107
1505894917403.0,Sound_C,70.81899472897116
1505894919864.0,Humidity_2,58.91430635986382
1505894919868.0,Temperature_1,25.78
1505894919871.0,Humidity_1,56.07794910604482
1505894919871.0,Temperature_2,23.55
1505894921990.0,Sound_L,69.88976956944768
1505894926532.0,Humidity_2,58.91430635986382
1505894926535.0,Temperature_1,25.78
1505894926545.0,Humidity_1,56.07794910604482
1505894926547.0,Temperature_2,23.55
1505894926638.0,Sound_R,75.4254216188696
1505894927157.0,Sound_P,117.89771695053554
1505894927161.0,PodiumIR,100
1505894927403.0,Sound_C,73.53090313156632
1505894931990.0,Sound_L,68.08934992026188
1505894933205.0,Temperature_1,25.78
1505894933205.0,Humidity_2,58.91430635986382
1505894933215.0,Temperature_2,23.55
1505894933219.0,Humidity_1,56.07794910604482
1505894936638.0,Sound_R,73.7013600274282
1505894937164.0,Sound_P,117.84343257374664
1505894937167.0,PodiumIR,98
1505894937403.0,Sound_C,73.86983160938367
1505894939880.0,Temperature_1,25.78
1505894939886.0,Humidity_1,56.07794910604482
1505894939892.0,Temperature_2,23.55
1505894939894.0,Humidity_2,58.91430635986382
1505894941990.0,Sound_L,67.4651000508704
1505894946540.0,Temperature_1,25.78
1505894946552.0,Humidity_1,56.07794910604482
1505894946557.0,Temperature_2,23.55
1505894946563.0,Humidity_2,58.91430635986382
1505894946638.0,Sound_R,72.51716370162224
1505894947171.0,Sound_P,117.56934819191356
1505894947175.0,PodiumIR,96
1505894947403.0,Sound_C,70.83914408247145
1505894951990.0,Sound_L,66.52521272528425
1505894953209.0,Temperature_1,25.78
1505894953218.0,Humidity_1,56.07794910604482
1505894953221.0,Humidity_2,58.91430635986382
1505894953223.0,Temperature_2,23.55
1505894956638.0,Sound_R,73.69074462172237
1505894957178.0,Sound_P,117.78897223432665
1505894957182.0,PodiumIR,86
1505894957403.0,Sound_C,72.17399181329851
1505894959870.0,Temperature_1,25.78
1505894959877.0,Humidity_1,56.07794910604482
1505894959884.0,Temperature_2,23.55
1505894959886.0,Humidity_2,58.91430635986382
1505894961990.0,Sound_L,67.29810156939473
1505894966533.0,Temperature_1,25.78
1505894966544.0,Temperature_2,23.55
1505894966545.0,Humidity_1,56.07794910604482
1505894966551.0,Humidity_2,58.91430635986382
1505894966638.0,Sound_R,73.33960899088264
1505894967198.0,Sound_P,117.81622447063441
1505894967204.0,PodiumIR,100
1505894967403.0,Sound_C,71.9332603988032
1505894971990.0,Sound_L,67.82665272898923
1505894973202.0,Temperature_1,25.78
1505894973203.0,Humidity_1,56.07794910604482
1505894973212.0,Temperature_2,23.55
1505894973215.0,Humidity_2,58.91430635986382
1505894976638.0,Sound_R,71.76387350970855
1505894977210.0,Sound_P,117.73433478780012
1505894977215.0,PodiumIR,119
1505894977403.0,Sound_C,69.59030108410376
1505894979867.0,Temperature_1,25.78
1505894979874.0,Humidity_1,56.07794910604482
1505894979879.0,Humidity_2,58.91430635986382
1505894979880.0,Temperature_2,23.55
1505894981990.0,Sound_L,68.04784172557177
1505894986526.0,Temperature_1,25.78
1505894986533.0,Humidity_1,56.07794910604482
1505894986536.0,Temperature_2,23.55
1505894986542.0,Humidity_2,58.91430635986382
1505894986638.0,Sound_R,72.71076206640771
1505894987222.0,Sound_P,117.73433478780012
1505894987227.0,PodiumIR,106
1505894987403.0,Sound_C,69.95978628344533
1505894991990.0,Sound_L,66.22682809008036
1505894993192.0,Temperature_1,25.78
1505894993200.0,Humidity_1,56.07794910604482
1505894993204.0,Temperature_2,23.55
1505894993205.0,Humidity_2,58.91430635986382
1505894996638.0,Sound_R,72.79866039659622
1505894997233.0,Sound_P,117.78897223432665
1505894997239.0,PodiumIR,100
1505894997403.0,Sound_C,71.30247295951591
1505894999854.0,Temperature_1,25.78
1505894999860.0,Humidity_1,56.07794910604482
1505894999867.0,Humidity_2,58.91430635986382
1505894999868.0,Temperature_2,23.55
1505895001990.0,Sound_L,66.98829846180107
1505895006523.0,Temperature_1,25.78
1505895006526.0,Humidity_1,56.07794910604482
1505895006529.0,Temperature_2,23.55
1505895006532.0,Humidity_2,58.91430635986382
1505895006638.0,Sound_R,70.89565478327525
1505895007246.0,Sound_P,117.59695871579397
1505895007250.0,PodiumIR,84
1505895007403.0,Sound_C,70.80374365455374
1505895011990.0,Sound_L,67.59319744659523
1505895013189.0,Temperature_1,25.78
1505895013191.0,Humidity_1,56.07794910604482
1505895013199.0,Humidity_2,58.91430635986382
1505895013201.0,Temperature_2,23.55
1505895016638.0,Sound_R,72.07633032091303
1505895017260.0,Sound_P,117.59695871579397
1505895017264.0,PodiumIR,95
1505895017403.0,Sound_C,72.07218669259872
1505895019844.0,Temperature_1,25.78
1505895019856.0,Humidity_1,56.07794910604482
1505895019859.0,Humidity_2,58.91430635986382
1505895019862.0,Temperature_2,23.55
1505895021990.0,Sound_L,68.09898818267737
1505895026516.0,Temperature_1,25.78
1505895026519.0,Humidity_1,56.07794910604482
1505895026527.0,Temperature_2,23.55
1505895026531.0,Humidity_2,58.91430635986382
1505895026638.0,Sound_R,72.2286006807846
1505895027272.0,Sound_P,117.73433478780012
1505895027276.0,PodiumIR,96
1505895027403.0,Sound_C,70.12685919508866
1505895031991.0,Sound_L,66.06189107703118
1505895033173.0,Temperature_1,25.78
1505895033177.0,Humidity_1,56.07794910604482
1505895033189.0,Temperature_2,23.55
1505895033192.0,Humidity_2,58.91430635986382
1505895036638.0,Sound_R,69.96718478214086
1505895037284.0,Sound_P,118.3521869832679
1505895037288.0,PodiumIR,100
1505895037403.0,Sound_C,68.75873588561124
1505895039843.0,Temperature_1,25.78
1505895039850.0,Humidity_1,56.07794910604482
1505895039852.0,Temperature_2,23.55
1505895039858.0,Humidity_2,58.91430635986382
1505895041990.0,Sound_L,66.09397670896023
1505895046499.0,Temperature_1,25.78
1505895046506.0,Humidity_1,56.07794910604482
1505895046515.0,Humidity_2,58.91430635986382
1505895046520.0,Temperature_2,23.55
1505895046638.0,Sound_R,71.76447923149846
1505895047295.0,Sound_P,117.70694928866428
1505895047299.0,PodiumIR,78
1505895047403.0,Sound_C,70.12298732472219
1505895051990.0,Sound_L,66.5777363437611
1505895053170.0,Temperature_1,25.78
1505895053176.0,Humidity_1,56.07794910604482
1505895053177.0,Humidity_2,58.91430635986382
1505895053185.0,Temperature_2,23.55
1505895056638.0,Sound_R,72.88597482562982
1505895057305.0,Sound_P,118.2993536063961
1505895057310.0,PodiumIR,95
1505895057403.0,Sound_C,68.21153048653343
1505895059832.0,Temperature_1,25.78
1505895059834.0,Humidity_1,56.07794910604482
1505895059842.0,Temperature_2,23.55
1505895059847.0,Humidity_2,58.91430635986382
1505895061990.0,Sound_L,68.65226306879636
1505895066497.0,Temperature_1,25.78
1505895066499.0,Humidity_1,56.07794910604482
1505895066511.0,Temperature_2,23.55
1505895066515.0,Humidity_2,58.91430635986382
1505895066638.0,Sound_R,71.77969076365683
1505895067315.0,Sound_P,117.84343257374664
1505895067320.0,PodiumIR,101
1505895067403.0,Sound_C,69.7471357515212
1505895071990.0,Sound_L,67.84110880619014
1505895073161.0,Temperature_1,25.78
1505895073168.0,Humidity_1,56.07794910604482
1505895073174.0,Temperature_2,23.55
1505895073177.0,Humidity_2,58.91430635986382
1505895076638.0,Sound_R,71.27982802536465
1505895077325.0,Sound_P,117.84343257374664
1505895077329.0,PodiumIR,93
1505895077403.0,Sound_C,71.16542579807924
1505895079821.0,Temperature_1,25.78
1505895079831.0,Humidity_1,56.07794910604482
1505895079837.0,Temperature_2,23.55
1505895079841.0,Humidity_2,58.91430635986382
1505895081990.0,Sound_L,69.23006112377958
1505895086486.0,Temperature_1,25.78
1505895086492.0,Humidity_1,56.07794910604482
1505895086501.0,Temperature_2,23.55
1505895086504.0,Humidity_2,58.91430635986382
1505895086638.0,Sound_R,72.18398460226346
1505895087332.0,Sound_P,117.67951907848958
1505895087336.0,PodiumIR,96
1505895087403.0,Sound_C,70.70660929033097
1505895091991.0,Sound_L,69.17351020110071
1505895093149.0,Temperature_1,25.78
1505895093161.0,Humidity_1,56.07794910604482
1505895093166.0,Humidity_2,58.91430635986382
1505895093171.0,Temperature_2,23.55
1505895096638.0,Sound_R,75.24982646922952
1505895097339.0,Sound_P,118.32579106267738
1505895097343.0,PodiumIR,83
1505895097403.0,Sound_C,71.13892859966599
1505895099812.0,Temperature_1,25.78
1505895099826.0,Humidity_1,56.07794910604482
1505895099835.0,Humidity_2,58.91430635986382
1505895099835.0,Temperature_2,23.55
1505895101990.0,Sound_L,70.10184150791477
1505895106480.0,Temperature_1,25.78
1505895106489.0,Humidity_1,56.07794910604482
1505895106493.0,Temperature_2,23.55
1505895106502.0,Humidity_2,58.91430635986382
1505895106638.0,Sound_R,76.58666619423308
1505895107354.0,Sound_P,117.87059668637389
1505895107360.0,PodiumIR,99
1505895107403.0,Sound_C,73.3095203043554
1505895111990.0,Sound_L,70.47491659856613
1505895113142.0,Temperature_1,25.78
1505895113148.0,Humidity_1,56.07794910604482
1505895113154.0,Temperature_2,23.55
1505895113160.0,Humidity_2,58.91430635986382
1505895116638.0,Sound_R,76.15453527965803
1505895117366.0,Sound_P,117.84343257374664
1505895117369.0,PodiumIR,93
1505895117403.0,Sound_C,75.01097221709942
1505895119805.0,Temperature_1,25.78
1505895119820.0,Humidity_1,56.07794910604482
1505895119824.0,Temperature_2,23.55
1505895119825.0,Humidity_2,58.91430635986382
1505895121991.0,Sound_L,71.94410221601571
1505895126469.0,Temperature_1,25.78
1505895126479.0,Humidity_1,56.07794910604482
1505895126483.0,Temperature_2,23.55
1505895126488.0,Humidity_2,58.91430635986382
1505895126638.0,Sound_R,74.60424302009511
1505895127375.0,Sound_P,117.78897223432665
1505895127379.0,PodiumIR,99
1505895127403.0,Sound_C,73.44529152788695
1505895131991.0,Sound_L,71.19040760061583
1505895133141.0,Temperature_1,25.78
1505895133143.0,Humidity_1,56.07794910604482
1505895133149.0,Humidity_2,58.91430635986382
1505895133150.0,Temperature_2,23.55
1505895136638.0,Sound_R,73.76854982196316
1505895137386.0,Sound_P,117.45845009950281
1505895137391.0,PodiumIR,103
1505895137403.0,Sound_C,70.52838461583089
1505895139798.0,Temperature_1,25.78
1505895139806.0,Humidity_1,56.07794910604482
1505895139816.0,Temperature_2,23.55
1505895139818.0,Humidity_2,58.91430635986382
1505895141991.0,Sound_L,69.32496696377449
1505895146460.0,Temperature_1,25.78
1505895146472.0,Humidity_1,56.07794910604482
1505895146480.0,Humidity_2,58.91430635986382
1505895146482.0,Temperature_2,23.55
1505895146638.0,Sound_R,72.5285906979084
1505895147398.0,Sound_P,117.81622447063441
1505895147403.0,PodiumIR,98
1505895147403.0,Sound_C,69.1836554824639
1505895151990.0,Sound_L,66.42421817535254
1505895153129.0,Temperature_1,25.78
1505895153132.0,Humidity_1,56.07794910604482
1505895153137.0,Temperature_2,23.55
1505895153146.0,Humidity_2,58.91430635986382
1505895156638.0,Sound_R,70.66509975969163
1505895157403.0,Sound_C,69.17563506268401
1505895157409.0,Sound_P,118.40485473799694
1505895157413.0,PodiumIR,119
1505895159796.0,Temperature_1,25.78
1505895159804.0,Humidity_1,56.07794910604482
1505895159805.0,Humidity_2,58.91430635986382
1505895159807.0,Temperature_2,23.55
1505895161990.0,Sound_L,65.65481161993395
1505895166459.0,Temperature_1,25.78
1505895166468.0,Humidity_2,58.91430635986382
1505895166469.0,Humidity_1,56.07794910604482
1505895166473.0,Temperature_2,23.55
1505895166638.0,Sound_R,72.72008576513927
1505895167403.0,Sound_C,69.79393226181888
1505895167416.0,Sound_P,117.62452393936876
1505895167420.0,PodiumIR,77
1505895171990.0,Sound_L,65.18057180722701
1505895173125.0,Humidity_1,56.07794910604482
1505895173126.0,Temperature_1,25.78
1505895173133.0,Temperature_2,23.55
1505895173136.0,Humidity_2,58.91430635986382
1505895176638.0,Sound_R,73.74357131433113
1505895177403.0,Sound_C,70.06745034909811
1505895177423.0,Sound_P,117.62452393936876
1505895177426.0,PodiumIR,89
1505895179783.0,Temperature_1,25.78
1505895179790.0,Humidity_1,56.07794910604482
1505895179801.0,Temperature_2,23.55
1505895179806.0,Humidity_2,58.91430635986382
1505895181990.0,Sound_L,66.78668118907561
1505895186453.0,Temperature_1,25.78
1505895186459.0,Temperature_2,23.55
1505895186461.0,Humidity_2,58.91430635986382
1505895186461.0,Humidity_1,56.07794910604482
1505895186638.0,Sound_R,72.00573219126098
1505895187403.0,Sound_C,69.80055996100886
1505895187429.0,Sound_P,117.65204401104197
1505895187433.0,PodiumIR,108
1505895191990.0,Sound_L,67.71380564802242
1505895193109.0,Temperature_1,25.78
1505895193117.0,Humidity_1,56.07794910604482
1505895193131.0,Temperature_2,23.55
1505895193134.0,Humidity_2,58.91430635986382
1505895196638.0,Sound_R,72.13978464542659
1505895197403.0,Sound_C,70.12089648381468
1505895197436.0,Sound_P,117.84343257374664
1505895197440.0,PodiumIR,91
1505895199773.0,Temperature_1,25.78
1505895199786.0,Humidity_1,56.07794910604482
1505895199787.0,Temperature_2,23.55
1505895199792.0,Humidity_2,58.91430635986382
1505895201990.0,Sound_L,69.79459515127645
1505895206442.0,Temperature_1,25.78
1505895206449.0,Humidity_1,56.07794910604482
1505895206455.0,Temperature_2,23.55
1505895206462.0,Humidity_2,58.91430635986382
1505895206638.0,Sound_R,74.11312230611095
1505895207403.0,Sound_C,71.3641044839432
1505895207443.0,Sound_P,118.3521869832679
1505895207446.0,PodiumIR,115
1505895211991.0,Sound_L,69.94769018670692
1505895213118.0,Temperature_1,25.78
1505895213120.0,Humidity_1,56.07794910604482
1505895213128.0,Humidity_2,58.91430635986382
1505895213131.0,Temperature_2,23.55
1505895216638.0,Sound_R,75.93792840672013
1505895217403.0,Sound_C,70.77880137800601
1505895217449.0,Sound_P,117.78897223432665
1505895217453.0,PodiumIR,89
1505895219788.0,Temperature_1,25.78
1505895219789.0,Humidity_1,56.07794910604482
1505895219792.0,Temperature_2,23.55
1505895219808.0,Humidity_2,58.91430635986382
1505895221990.0,Sound_L,70.54535642498819
1505895226458.0,Temperature_1,25.78
1505895226465.0,Humidity_1,56.07794910604482
1505895226473.0,Temperature_2,23.55
1505895226475.0,Humidity_2,58.91430635986382
1505895226638.0,Sound_R,75.04613042356708
1505895227403.0,Sound_C,69.38078870472111
1505895227458.0,Sound_P,118.2993536063961
1505895227462.0,PodiumIR,97
1505895231990.0,Sound_L,69.47923525809115
1505895233128.0,Temperature_1,25.78
1505895233129.0,Humidity_1,56.07794910604482
1505895233134.0,Temperature_2,23.55
1505895233149.0,Humidity_2,58.91430635986382
1505895236638.0,Sound_R,73.53608927685185
1505895237403.0,Sound_C,72.21935861706578
1505895237467.0,Sound_P,118.40485473799694
1505895237471.0,PodiumIR,84
1505895239795.0,Temperature_1,25.78
1505895239809.0,Temperature_2,23.55
1505895239809.0,Humidity_1,56.07794910604482
1505895239820.0,Humidity_2,58.91430635986382
1505895241990.0,Sound_L,69.12360521867535
1505895246463.0,Temperature_1,25.78
1505895246475.0,Humidity_1,56.07794910604482
1505895246481.0,Temperature_2,23.55
1505895246490.0,Humidity_2,58.91430635986382
1505895246638.0,Sound_R,72.78983678660994
1505895247403.0,Sound_C,70.40877256669563
1505895247477.0,Sound_P,118.3521869832679
1505895247481.0,PodiumIR,93
1505895251990.0,Sound_L,67.59988062415869
1505895253135.0,Temperature_1,25.78
1505895253148.0,Temperature_2,23.55
1505895253151.0,Humidity_1,56.07794910604482
1505895253163.0,Humidity_2,58.91430635986382
1505895256638.0,Sound_R,72.7841848772111
1505895257403.0,Sound_C,68.68319230290814
1505895257486.0,Sound_P,117.87059668637389
1505895257490.0,PodiumIR,95
1505895259806.0,Temperature_1,25.78
1505895259820.0,Humidity_1,56.07794910604482
1505895259821.0,Temperature_2,23.55
1505895259833.0,Humidity_2,58.91430635986382
1505895261990.0,Sound_L,66.9769911874134
1505895266480.0,Temperature_1,25.78
1505895266492.0,Humidity_1,56.07794910604482
1505895266493.0,Temperature_2,23.55
1505895266506.0,Humidity_2,58.91430635986382
1505895266638.0,Sound_R,73.60543145179099
1505895267403.0,Sound_C,70.39374845435505
1505895267495.0,Sound_P,117.81622447063441
1505895267498.0,PodiumIR,82
1505895271990.0,Sound_L,66.3226978293701
1505895273148.0,Temperature_1,25.78
1505895273162.0,Temperature_2,23.55
1505895273164.0,Humidity_1,56.07794910604482
1505895273172.0,Humidity_2,58.91430635986382
1505895276638.0,Sound_R,73.04972771905229
1505895277403.0,Sound_C,69.21385150896016
1505895277504.0,Sound_P,117.84343257374664
1505895277507.0,PodiumIR,92
1505895279824.0,Temperature_1,25.78
1505895279833.0,Temperature_2,23.55
1505895279834.0,Humidity_1,56.07794910604482
1505895279845.0,Humidity_2,58.91430635986382
1505895281990.0,Sound_L,66.88283988672487
1505895286492.0,Temperature_1,25.78
1505895286506.0,Humidity_1,56.07794910604482
1505895286509.0,Humidity_2,58.91430635986382
1505895286510.0,Temperature_2,23.55
1505895286638.0,Sound_R,76.02923862416516
1505895287403.0,Sound_C,71.82369480833196
1505895287513.0,Sound_P,117.87059668637389
1505895287516.0,PodiumIR,91
1505895291990.0,Sound_L,68.6682211971836
1505895293166.0,Temperature_1,25.78
1505895293170.0,Humidity_1,56.07794910604482
1505895293183.0,Temperature_2,23.55
1505895293185.0,Humidity_2,58.91430635986382
1505895296638.0,Sound_R,78.52610320497445
1505895297403.0,Sound_C,74.3232209639881
1505895297521.0,Sound_P,118.40485473799694
1505895297525.0,PodiumIR,99
1505895299837.0,Temperature_1,25.78
1505895299848.0,Humidity_1,56.07794910604482
1505895299854.0,Temperature_2,23.55
1505895299861.0,Humidity_2,58.91430635986382
1505895301990.0,Sound_L,70.03852829564543
1505895306508.0,Temperature_1,25.78
1505895306514.0,Humidity_1,56.07794910604482
1505895306525.0,Temperature_2,23.55
1505895306529.0,Humidity_2,58.91430635986382
1505895306638.0,Sound_R,76.94124061046512
1505895307403.0,Sound_C,73.27296356269774
1505895307530.0,Sound_P,117.54169221859063
1505895307534.0,PodiumIR,94
1505895311990.0,Sound_L,69.8424248313944
1505895313179.0,Temperature_1,25.78
1505895313182.0,Humidity_1,56.07794910604482
1505895313187.0,Temperature_2,23.55
1505895313195.0,Humidity_2,58.91430635986382
1505895316638.0,Sound_R,75.74131551179187
1505895317403.0,Sound_C,71.28224414832823
1505895317538.0,Sound_P,117.62452393936876
1505895317542.0,PodiumIR,98
1505895319851.0,Temperature_1,25.78
1505895319854.0,Humidity_1,56.07794910604482
1505895319859.0,Temperature_2,23.55
1505895319869.0,Humidity_2,58.91430635986382
1505895321990.0,Sound_L,67.88108955126026
1505895326517.0,Temperature_1,25.78
1505895326530.0,Temperature_2,23.55
1505895326532.0,Humidity_1,56.07794910604482
1505895326541.0,Humidity_2,58.91430635986382
1505895326638.0,Sound_R,75.69076912440418
1505895327403.0,Sound_C,70.81563526800868
1505895327547.0,Sound_P,118.3785414984758
1505895327551.0,PodiumIR,81
1505895331990.0,Sound_L,66.9620617062661
1505895333187.0,Temperature_1,25.78
1505895333195.0,Humidity_1,56.07794910604482
1505895333207.0,Temperature_2,23.55
1505895333209.0,Humidity_2,58.91430635986382
1505895336638.0,Sound_R,75.45594062690361
1505895337403.0,Sound_C,73.45002379655449
1505895337558.0,Sound_P,117.67951907848958
1505895337562.0,PodiumIR,111
1505895339880.0,Temperature_1,25.78
1505895339886.0,Humidity_1,56.07794910604482
1505895339892.0,Temperature_2,23.55
1505895339895.0,Humidity_2,58.91430635986382
1505895341990.0,Sound_L,68.60084314624297
1505895346542.0,Temperature_1,25.78
1505895346545.0,Humidity_1,56.07794910604482
1505895346551.0,Temperature_2,23.55
1505895346563.0,Humidity_2,58.91430635986382
1505895346638.0,Sound_R,75.08384184824003
1505895347403.0,Sound_C,73.97642755564756
1505895347567.0,Sound_P,117.62452393936876
1505895347571.0,PodiumIR,98
1505895351990.0,Sound_L,68.30571404036297
1505895353210.0,Temperature_1,25.78
1505895353211.0,Humidity_1,56.07794910604482
1505895353215.0,Temperature_2,23.55
1505895353219.0,Humidity_2,58.91430635986382
1505895356638.0,Sound_R,72.4382664244785
1505895357403.0,Sound_C,70.60763875561281
1505895357574.0,Sound_P,117.87059668637389
1505895357580.0,PodiumIR,97
1505895359873.0,Humidity_1,56.07794910604482
1505895359877.0,Temperature_1,25.78
1505895359888.0,Temperature_2,23.55
1505895359889.0,Humidity_2,58.91430635986382
1505895361990.0,Sound_L,68.81936134931348
1505895366531.0,Temperature_1,25.78
1505895366544.0,Temperature_2,23.55
1505895366544.0,Humidity_1,56.07794910604482
1505895366550.0,Humidity_2,58.91430635986382
1505895366638.0,Sound_R,73.76759013945606
1505895367403.0,Sound_C,70.13962941639664
1505895367594.0,Sound_P,117.78897223432665
1505895367600.0,PodiumIR,118
1505895371990.0,Sound_L,66.0677420941937
1505895373204.0,Temperature_1,25.78
1505895373210.0,Humidity_1,56.07794910604482
1505895373211.0,Temperature_2,23.55
1505895373212.0,Humidity_2,58.91430635986382
1505895376638.0,Sound_R,73.8984915799137
1505895377403.0,Sound_C,72.06797221596383
1505895377606.0,Sound_P,117.73433478780012
1505895377611.0,PodiumIR,71
1505895379867.0,Temperature_1,25.78
1505895379875.0,Humidity_2,58.91430635986382
1505895379875.0,Humidity_1,56.07794910604482
1505895379879.0,Temperature_2,23.55
1505895381990.0,Sound_L,66.5049911461647
1505895386525.0,Temperature_1,25.78
1505895386538.0,Humidity_1,56.07794910604482
1505895386538.0,Humidity_2,58.91430635986382
1505895386541.0,Temperature_2,23.55
1505895386638.0,Sound_R,70.83093860147652
1505895387403.0,Sound_C,71.26091039821715
1505895387618.0,Sound_P,117.56934819191356
1505895387623.0,PodiumIR,89
1505895391990.0,Sound_L,65.31361416591058
1505895393188.0,Temperature_1,25.78
1505895393201.0,Humidity_1,56.07794910604482
1505895393203.0,Humidity_2,58.91430635986382
1505895393209.0,Temperature_2,23.55
1505895396638.0,Sound_R,69.70566109141409
1505895397403.0,Sound_C,69.31573144711943
1505895397630.0,Sound_P,117.84343257374664
1505895397634.0,PodiumIR,90
1505895399854.0,Temperature_1,25.78
1505895399862.0,Humidity_1,56.07794910604482
1505895399863.0,Temperature_2,23.55
1505895399876.0,Humidity_2,58.91430635986382
1505895401990.0,Sound_L,64.98599600830276
1505895406521.0,Temperature_1,25.78
1505895406530.0,Humidity_1,56.07794910604482
1505895406533.0,Temperature_2,23.55
1505895406534.0,Humidity_2,58.91430635986382
1505895406638.0,Sound_R,70.94189078150322
1505895407403.0,Sound_C,69.93606349121153
1505895407643.0,Sound_P,117.84343257374664
1505895407647.0,PodiumIR,97
1505895411990.0,Sound_L,67.62515922906715
1505895413185.0,Humidity_1,56.07794910604482
1505895413187.0,Temperature_1,25.78
1505895413198.0,Temperature_2,23.55
1505895413198.0,Humidity_2,58.91430635986382
1505895416638.0,Sound_R,77.71005019621349
1505895417403.0,Sound_C,75.54631890682742
1505895417652.0,Sound_P,117.76167572141729
1505895417655.0,PodiumIR,82
1505895419845.0,Temperature_1,25.78
1505895419853.0,Humidity_1,56.07794910604482
1505895419862.0,Temperature_2,23.55
1505895419868.0,Humidity_2,58.91430635986382
1505895421990.0,Sound_L,71.24326911074348
1505895426513.0,Humidity_1,56.07794910604482
1505895426516.0,Temperature_1,25.78
1505895426525.0,Humidity_2,58.91430635986382
1505895426529.0,Temperature_2,23.55
1505895426638.0,Sound_R,82.34658341638342
1505895427403.0,Sound_C,77.62478737310347
1505895427666.0,Sound_P,117.78897223432665
1505895427669.0,PodiumIR,108
1505895431990.0,Sound_L,75.24981684545877
1505895433181.0,Temperature_1,25.78
1505895433187.0,Humidity_2,58.91430635986382
1505895433187.0,Humidity_1,56.07794910604482
1505895433191.0,Temperature_2,23.55
1505895436638.0,Sound_R,77.36827359791225
1505895437403.0,Sound_C,74.78278543456989
1505895437679.0,Sound_P,117.81622447063441
1505895437688.0,PodiumIR,112
1505895439837.0,Temperature_1,25.78
1505895439842.0,Humidity_1,56.07794910604482
1505895439847.0,Temperature_2,23.55
1505895439852.0,Humidity_2,58.91430635986382
1505895441990.0,Sound_L,74.28444555452921
1505895446502.0,Temperature_1,25.78
1505895446506.0,Humidity_1,56.07794910604482
1505895446515.0,Temperature_2,23.55
1505895446518.0,Humidity_2,58.91430635986382
1505895446638.0,Sound_R,73.77851562589431
1505895447403.0,Sound_C,73.51966118932795
1505895447693.0,Sound_P,117.59695871579397
1505895447696.0,PodiumIR,89
1505895451991.0,Sound_L,70.74438701947165
1505895453172.0,Temperature_1,25.78
1505895453178.0,Humidity_2,58.91430635986382
1505895453179.0,Humidity_1,56.07794910604482
1505895453182.0,Temperature_2,23.55
1505895456638.0,Sound_R,73.1843811261733
1505895457403.0,Sound_C,71.02115715097061
1505895457704.0,Sound_P,117.84343257374664
1505895457708.0,PodiumIR,92
1505895459827.0,Temperature_1,25.78
1505895459834.0,Humidity_1,56.07794910604482
1505895459846.0,Humidity_2,58.91430635986382
1505895459846.0,Temperature_2,23.55
1505895461990.0,Sound_L,69.64025801032432
1505895466495.0,Temperature_1,25.78
1505895466501.0,Humidity_1,56.07794910604482
1505895466507.0,Temperature_2,23.55
1505895466514.0,Humidity_2,58.91430635986382
1505895466638.0,Sound_R,72.03380524402259
1505895467403.0,Sound_C,67.1920411537356
1505895467713.0,Sound_P,117.84343257374664
1505895467716.0,PodiumIR,92
1505895471990.0,Sound_L,65.97297521403601
1505895473160.0,Temperature_1,25.78
1505895473166.0,Humidity_1,56.07794910604482
1505895473172.0,Temperature_2,23.55
1505895473175.0,Humidity_2,58.91430635986382
1505895476638.0,Sound_R,68.53032637689192
1505895477403.0,Sound_C,66.33813289244159
1505895477721.0,Sound_P,117.81622447063441
1505895477724.0,PodiumIR,99
1505895479821.0,Temperature_1,25.78
1505895479828.0,Humidity_1,56.07794910604482
1505895479833.0,Temperature_2,23.55
1505895479843.0,Humidity_2,58.91430635986382
1505895481990.0,Sound_L,63.938352684482695
1505895486493.0,Temperature_1,25.78
1505895486497.0,Humidity_1,56.07794910604482
1505895486498.0,Temperature_2,23.55
1505895486503.0,Humidity_2,58.91430635986382
1505895486638.0,Sound_R,64.92486653931472
1505895487403.0,Sound_C,65.93380165986234
1505895487730.0,Sound_P,117.81622447063441
1505895487733.0,PodiumIR,90
1505895491990.0,Sound_L,61.638589217457294
1505895492935.0,Projector,Off
1505895493153.0,Temperature_1,25.78
1505895493157.0,Humidity_1,56.07794910604482
1505895493166.0,Temperature_2,23.55
1505895493167.0,Humidity_2,58.91430635986382
1505895496638.0,Sound_R,64.31223034104627
1505895497403.0,Sound_C,64.54840759276479
1505895497738.0,Sound_P,117.70694928866428
1505895497741.0,PodiumIR,102
1505895499814.0,Temperature_1,25.78
1505895499818.0,Humidity_1,56.07794910604482
1505895499826.0,Temperature_2,23.55
1505895499827.0,Humidity_2,58.91430635986382
1505895501990.0,Sound_L,62.28855903524958
1505895506477.0,Temperature_1,25.78
1505895506481.0,Humidity_1,56.07794910604482
1505895506491.0,Humidity_2,58.91430635986382
1505895506493.0,Temperature_2,23.55
1505895506638.0,Sound_R,66.50281824287971
1505895507403.0,Sound_C,66.30019276479995
1505895507751.0,Sound_P,117.70694928866428
1505895507755.0,PodiumIR,105
1505895511990.0,Sound_L,64.59146858593931
1505895513147.0,Temperature_1,25.78
1505895513149.0,Humidity_1,56.07794910604482
1505895513155.0,Temperature_2,23.55
1505895513158.0,Humidity_2,58.91430635986382
1505895516638.0,Sound_R,71.65077055942412
1505895517403.0,Sound_C,69.95719755465261
1505895517758.0,Sound_P,117.76167572141729
1505895517761.0,PodiumIR,106
1505895519812.0,Temperature_1,25.78
1505895519815.0,Humidity_1,56.07794910604482
1505895519818.0,Temperature_2,23.55
1505895519826.0,Humidity_2,58.91430635986382
1505895521990.0,Sound_L,67.35284668533951
1505895526467.0,Temperature_1,25.78
1505895526483.0,Humidity_1,56.07794910604482
1505895526485.0,Humidity_2,58.91430635986382
1505895526487.0,Temperature_2,23.55
1505895526638.0,Sound_R,74.18865310231928
1505895527403.0,Sound_C,71.33229705450715
1505895527765.0,Sound_P,117.76167572141729
1505895527769.0,PodiumIR,99
1505895531990.0,Sound_L,68.18702606172266
1505895533131.0,Temperature_1,25.78
1505895533143.0,Temperature_2,23.55
1505895533145.0,Humidity_1,56.07794910604482
1505895533153.0,Humidity_2,58.91430635986382
1505895536638.0,Sound_R,72.276392213375
1505895537403.0,Sound_C,69.74184689484804
1505895537772.0,Sound_P,117.78897223432665
1505895537776.0,PodiumIR,82
1505895539796.0,Temperature_1,25.78
1505895539803.0,Humidity_1,56.07794910604482
1505895539807.0,Temperature_2,23.55
1505895539813.0,Humidity_2,58.91430635986382
1505895541990.0,Sound_L,67.42520579535011
1505895546465.0,Temperature_1,25.78
1505895546465.0,Humidity_1,56.07794910604482
1505895546474.0,Humidity_2,58.91430635986382
1505895546478.0,Temperature_2,23.55
1505895546638.0,Sound_R,73.86679653102745
1505895547403.0,Sound_C,70.01706188835607
1505895547787.0,Sound_P,117.84343257374664
1505895547791.0,PodiumIR,106
1505895551990.0,Sound_L,67.96390495314529
1505895553131.0,Temperature_1,25.78
1505895553134.0,Humidity_1,56.07794910604482
1505895553141.0,Humidity_2,58.91430635986382
1505895553145.0,Temperature_2,23.55
1505895556638.0,Sound_R,79.41027983315733
1505895557403.0,Sound_C,73.72216647739855
1505895557794.0,Sound_P,117.78897223432665
1505895557798.0,PodiumIR,96
1505895559794.0,Temperature_1,25.78
1505895559799.0,Temperature_2,23.55
1505895559800.0,Humidity_1,56.07794910604482
1505895559807.0,Humidity_2,58.91430635986382
1505895561990.0,Sound_L,70.14997401844383
1505895566454.0,Temperature_1,25.78
1505895566458.0,Humidity_1,56.07794910604482
1505895566468.0,Temperature_2,23.55
1505895566474.0,Humidity_2,58.91430635986382
1505895566638.0,Sound_R,75.56971885291101
1505895567403.0,Sound_C,72.11086077187603
1505895567801.0,Sound_P,117.76167572141729
1505895567805.0,PodiumIR,100
1505895571990.0,Sound_L,70.83709463896737
1505895573125.0,Temperature_1,25.78
1505895573128.0,Humidity_1,56.07794910604482
1505895573129.0,Temperature_2,23.55
1505895573136.0,Humidity_2,58.91430635986382
1505895576638.0,Sound_R,73.55913062189063
1505895577403.0,Sound_C,70.52749529680317
1505895577808.0,Sound_P,117.45845009950281
1505895577812.0,PodiumIR,100
1505895579786.0,Temperature_1,25.78
1505895579791.0,Humidity_1,56.07794910604482
1505895579794.0,Temperature_2,23.55
1505895579804.0,Humidity_2,58.91430635986382
1505895581990.0,Sound_L,70.49916614794284
1505895586446.0,Temperature_1,25.78
1505895586450.0,Humidity_1,56.07794910604482
1505895586461.0,Temperature_2,23.55
1505895586466.0,Humidity_2,58.91430635986382
1505895586638.0,Sound_R,76.48594156132752
1505895587403.0,Sound_C,70.20214918078297
1505895587815.0,Sound_P,117.89771695053554
1505895587819.0,PodiumIR,97
1505895591990.0,Sound_L,68.97746656124937
1505895593114.0,Temperature_1,25.78
1505895593118.0,Humidity_1,56.07794910604482
1505895593129.0,Temperature_2,23.55
1505895593132.0,Humidity_2,58.91430635986382
1505895596638.0,Sound_R,76.2280344947928
1505895597403.0,Sound_C,70.99091191169806
1505895597822.0,Sound_P,117.81622447063441
1505895597825.0,PodiumIR,86
1505895599776.0,Temperature_1,25.78
1505895599781.0,Humidity_1,56.07794910604482
1505895599788.0,Temperature_2,23.55
1505895599788.0,Humidity_2,58.91430635986382
1505895601990.0,Sound_L,69.16226295434137
1505895606440.0,Temperature_1,25.78
1505895606446.0,Humidity_1,56.07794910604482
1505895606453.0,Temperature_2,23.55
1505895606456.0,Humidity_2,58.91430635986382
1505895606638.0,Sound_R,75.97390013242817
1505895607403.0,Sound_C,75.70706337519181
1505895607829.0,Sound_P,117.76167572141729
1505895607832.0,PodiumIR,97
1505895611990.0,Sound_L,70.08193810647114
1505895613104.0,Temperature_1,25.78
1505895613107.0,Humidity_1,56.07794910604482
1505895613115.0,Humidity_2,58.91430635986382
1505895613122.0,Temperature_2,23.55
1505895616638.0,Sound_R,76.3156299344895
1505895617403.0,Sound_C,76.06740715377295
1505895617835.0,Sound_P,117.89771695053554
1505895617839.0,PodiumIR,91
1505895619773.0,Temperature_1,25.78
1505895619779.0,Humidity_1,56.07794910604482
1505895619782.0,Temperature_2,23.55
1505895619789.0,Humidity_2,58.91430635986382
1505895621990.0,Sound_L,70.39715159683531
1505895626432.0,Temperature_1,25.78
1505895626435.0,Humidity_1,56.07794910604482
1505895626440.0,Temperature_2,23.55
1505895626450.0,Humidity_2,58.91430635986382
1505895626638.0,Sound_R,73.00806138256071
1505895627403.0,Sound_C,71.31224066078386
1505895627843.0,Sound_P,117.37479349512601
1505895627846.0,PodiumIR,86
1505895631990.0,Sound_L,69.45639861597886
1505895633091.0,Temperature_1,25.78
1505895633105.0,Humidity_1,56.07794910604482
1505895633112.0,Humidity_2,58.91430635986382
1505895633113.0,Temperature_2,23.55
1505895636638.0,Sound_R,69.55537262108022
1505895637300.0,Door,activate
1505895637403.0,Sound_C,71.07022410043815
1505895637849.0,Sound_P,117.45845009950281
1505895637853.0,PodiumIR,87
1505895639755.0,Temperature_1,25.78
1505895639767.0,Humidity_1,56.07794910604482
1505895639772.0,Temperature_2,23.55
1505895639775.0,Humidity_2,58.91430635986382
1505895641990.0,Sound_L,68.72374534336556
1505895646427.0,Temperature_1,25.78
1505895646427.0,Humidity_1,56.07794910604482
1505895646435.0,Temperature_2,23.55
1505895646435.0,Humidity_2,58.91430635986382
1505895646638.0,Sound_R,69.48084104971223
1505895647403.0,Sound_C,70.84398359739218
1505895647856.0,Sound_P,117.81622447063441
1505895647860.0,PodiumIR,78
1505895651990.0,Sound_L,66.55411113738933
1505895653087.0,Temperature_1,25.78
1505895653098.0,Humidity_1,56.07794910604482
1505895653104.0,Humidity_2,58.91430635986382
1505895653104.0,Temperature_2,23.55
1505895656638.0,Sound_R,70.84060216912029
1505895657403.0,Sound_C,72.74478619225333
1505895657863.0,Sound_P,117.84343257374664
1505895657867.0,PodiumIR,80
1505895659751.0,Temperature_1,25.78
1505895659760.0,Humidity_1,56.07794910604482
1505895659770.0,Temperature_2,23.55
1505895659772.0,Humidity_2,58.91430635986382
1505895661990.0,Sound_L,68.53624283489012
1505895666419.0,Temperature_1,25.78
1505895666424.0,Temperature_2,23.55
1505895666427.0,Humidity_1,56.07794910604482
1505895666433.0,Humidity_2,58.91430635986382
1505895666638.0,Sound_R,74.04287488845493
1505895667403.0,Sound_C,75.90396269467719
1505895667870.0,Sound_P,117.73433478780012
1505895667874.0,PodiumIR,115
1505895671990.0,Sound_L,67.9105823885443
1505895673084.0,Temperature_1,25.78
1505895673089.0,Humidity_1,56.07794910604482
1505895673091.0,Temperature_2,23.55
1505895673099.0,Humidity_2,58.91430635986382
1505895676638.0,Sound_R,74.12156268849621
1505895677403.0,Sound_C,73.46970920330047
1505895677886.0,Sound_P,118.3521869832679
1505895677890.0,PodiumIR,94
1505895679745.0,Humidity_1,56.07794910604482
1505895679745.0,Temperature_1,25.78
1505895679760.0,Temperature_2,23.55
1505895679764.0,Humidity_2,58.91430635986382
1505895681990.0,Sound_L,68.37958618508756
1505895686404.0,Temperature_1,25.78
1505895686410.0,Humidity_1,56.07794910604482
1505895686423.0,Humidity_2,58.91430635986382
1505895686423.0,Temperature_2,23.55
1505895686638.0,Sound_R,72.98743984748559
1505895687403.0,Sound_C,71.82503100232748
1505895687893.0,Sound_P,117.81622447063441
1505895687897.0,PodiumIR,76
1505895691990.0,Sound_L,67.2168739091209
1505895693070.0,Temperature_1,25.78
1505895693076.0,Humidity_1,56.07794910604482
1505895693084.0,Humidity_2,58.91430635986382
1505895693086.0,Temperature_2,23.55
1505895696638.0,Sound_R,70.78643716987665
1505895697403.0,Sound_C,70.07108118700182
1505895697900.0,Sound_P,118.05952558485274
1505895697904.0,PodiumIR,97
1505895699736.0,Temperature_1,25.78
1505895699746.0,Humidity_1,56.07794910604482
1505895699748.0,Temperature_2,23.55
1505895699753.0,Humidity_2,58.91430635986382
1505895701990.0,Sound_L,67.8585918407995
1505895706403.0,Temperature_1,25.78
1505895706409.0,Humidity_1,56.07794910604482
1505895706418.0,Temperature_2,23.55
1505895706421.0,Humidity_2,58.91430635986382
1505895706638.0,Sound_R,68.72705918622934
1505895707403.0,Sound_C,69.73826979239115
1505895707907.0,Sound_P,117.81622447063441
1505895707911.0,PodiumIR,101
1505895711990.0,Sound_L,68.51240374125513
1505895713059.0,Temperature_1,25.78
1505895713069.0,Humidity_1,56.07794910604482
1505895713077.0,Temperature_2,23.55
1505895713078.0,Humidity_2,58.91430635986382
1505895716638.0,Sound_R,70.79532722065403
1505895717403.0,Sound_C,71.22758630859471
1505895717914.0,Sound_P,117.48624332337616
1505895717918.0,PodiumIR,97
1505895719726.0,Temperature_1,25.78
1505895719736.0,Humidity_1,56.07794910604482
1505895719738.0,Temperature_2,23.55
1505895719744.0,Humidity_2,58.91430635986382
1505895721990.0,Sound_L,68.51100423790665
1505895726392.0,Temperature_1,25.78
1505895726401.0,Humidity_1,56.07794910604482
1505895726406.0,Temperature_2,23.55
1505895726413.0,Humidity_2,58.91430635986382
1505895726638.0,Sound_R,72.80579405377678
1505895727403.0,Sound_C,73.93626433381256
1505895727921.0,Sound_P,118.4311268309188
1505895727925.0,PodiumIR,97
1505895731990.0,Sound_L,68.89880258952435
1505895733052.0,Temperature_1,25.78
1505895733063.0,Humidity_1,56.07794910604482
1505895733073.0,Temperature_2,23.55
1505895733073.0,Humidity_2,58.91430635986382
1505895736638.0,Sound_R,72.62601901607529
1505895737403.0,Sound_C,75.56173779565799
1505895737928.0,Sound_P,117.48624332337616
1505895737932.0,PodiumIR,94
1505895739720.0,Temperature_1,25.78
1505895739726.0,Humidity_1,56.07794910604482
1505895739737.0,Temperature_2,23.55
1505895739740.0,Humidity_2,58.91430635986382
1505895741990.0,Sound_L,69.50253175117459
1505895746382.0,Temperature_1,25.78
1505895746394.0,Humidity_1,56.07794910604482
1505895746403.0,Temperature_2,23.55
1505895746403.0,Humidity_2,58.91430635986382
1505895746638.0,Sound_R,70.62840580523772
1505895747403.0,Sound_C,72.17016543477963
1505895747935.0,Sound_P,117.84343257374664
1505895747939.0,PodiumIR,92
1505895751990.0,Sound_L,67.92340604993507
1505895753049.0,Temperature_1,25.78
1505895753053.0,Humidity_1,56.07794910604482
1505895753060.0,Temperature_2,23.55
1505895753067.0,Humidity_2,58.91430635986382
1505895756638.0,Sound_R,67.00538172983613
1505895757403.0,Sound_C,68.6178422851911
1505895757942.0,Sound_P,117.62452393936876
1505895757945.0,PodiumIR,96
1505895759713.0,Humidity_1,56.07794910604482
1505895759715.0,Temperature_1,25.78
1505895759721.0,Temperature_2,23.55
1505895759728.0,Humidity_2,58.91430635986382
1505895761990.0,Sound_L,66.76769626800676
1505895766378.0,Humidity_1,56.07794910604482
1505895766381.0,Temperature_1,25.78
1505895766392.0,Temperature_2,23.55
1505895766395.0,Humidity_2,58.91430635986382
1505895766638.0,Sound_R,67.15787427758595
1505895767403.0,Sound_C,71.91393358772034
1505895767957.0,Sound_P,117.87059668637389
1505895767968.0,PodiumIR,87
1505895771990.0,Sound_L,66.47723772415952
1505895773039.0,Temperature_1,25.78
1505895773048.0,Humidity_1,56.07794910604482
1505895773049.0,Temperature_2,23.55
1505895773058.0,Humidity_2,58.91430635986382
1505895776638.0,Sound_R,70.82067191553409
1505895777403.0,Sound_C,75.65009949461272
1505895777973.0,Sound_P,118.40485473799694
1505895777977.0,PodiumIR,143
1505895779708.0,Temperature_1,25.78
1505895779709.0,Humidity_1,56.07794910604482
1505895779712.0,Temperature_2,23.55
1505895779716.0,Humidity_2,58.91430635986382
1505895781990.0,Sound_L,68.67629244293335
1505895786373.0,Temperature_1,25.78
1505895786377.0,Humidity_2,58.91430635986382
1505895786379.0,Humidity_1,56.07794910604482
1505895786382.0,Temperature_2,23.55
1505895786638.0,Sound_R,71.24321429834919
1505895787403.0,Sound_C,74.09446790167068
1505895787989.0,Sound_P,117.65204401104197
1505895787993.0,PodiumIR,98
1505895791990.0,Sound_L,68.52541693373644
1505895793036.0,Temperature_1,25.78
1505895793039.0,Temperature_2,23.55
1505895793040.0,Humidity_1,56.07794910604482
1505895793046.0,Humidity_2,58.91430635986382
1505895796638.0,Sound_R,72.60305147663725
1505895797403.0,Sound_C,73.1881227382018
1505895797996.0,Sound_P,117.92479350756437
1505895798000.0,PodiumIR,71
1505895799700.0,Temperature_1,25.78
1505895799702.0,Humidity_1,56.07794910604482
1505895799703.0,Temperature_2,23.55
1505895799712.0,Humidity_2,58.91430635986382
1505895801990.0,Sound_L,68.68486712248276
1505895806362.0,Humidity_1,56.07794910604482
1505895806362.0,Temperature_1,25.78
1505895806370.0,Temperature_2,23.55
1505895806374.0,Humidity_2,58.91430635986382
1505895806638.0,Sound_R,74.33915301579131
1505895807403.0,Sound_C,75.47310507890704
1505895808003.0,Sound_P,117.87059668637389
1505895808007.0,PodiumIR,73
1505895811990.0,Sound_L,67.9312625578084
1505895813022.0,Temperature_1,25.78
1505895813029.0,Humidity_1,56.07794910604482
1505895813029.0,Temperature_2,23.55
1505895813035.0,Humidity_2,58.91430635986382
1505895816638.0,Sound_R,73.22850215926857
1505895817403.0,Sound_C,75.68398045760868
1505895818010.0,Sound_P,118.32579106267738
1505895818014.0,PodiumIR,84
1505895819691.0,Temperature_1,25.78
1505895819694.0,Temperature_2,23.55
1505895819694.0,Humidity_2,58.91430635986382
1505895819694.0,Humidity_1,56.07794910604482
1505895821990.0,Sound_L,68.48533482064981
1505895826353.0,Temperature_1,25.78
1505895826360.0,Temperature_2,23.55
1505895826360.0,Humidity_1,56.07794910604482
1505895826361.0,Humidity_2,58.91430635986382
1505895826638.0,Sound_R,74.7521341026005
1505895827403.0,Sound_C,75.36197880953945
1505895828017.0,Sound_P,118.27287448349982
1505895828020.0,PodiumIR,88
1505895831990.0,Sound_L,70.01098561719007
1505895833016.0,Temperature_1,25.78
1505895833019.0,Temperature_2,23.55
1505895833023.0,Humidity_2,58.91430635986382
1505895833025.0,Humidity_1,56.07794910604482
1505895836638.0,Sound_R,76.21762709609247
1505895837403.0,Sound_C,76.3257724481772
1505895838024.0,Sound_P,117.65204401104197
1505895838027.0,PodiumIR,101
1505895839682.0,Humidity_2,58.91430635986382
1505895839682.0,Humidity_1,56.07794910604482
1505895839685.0,Temperature_1,25.78
1505895839687.0,Temperature_2,23.55
1505895841990.0,Sound_L,71.22651020835406
1505895846339.0,Temperature_1,25.78
1505895846342.0,Temperature_2,23.55
1505895846347.0,Humidity_1,56.07794910604482
1505895846351.0,Humidity_2,58.91430635986382
1505895846638.0,Sound_R,76.3749887461975
1505895847403.0,Sound_C,77.73393346439586
1505895848040.0,Sound_P,117.73433478780012
1505895848043.0,PodiumIR,106
1505895851990.0,Sound_L,70.705877061927
1505895853009.0,Temperature_2,23.55
1505895853013.0,Temperature_1,25.78
1505895853016.0,Humidity_2,58.91430635986382
1505895853017.0,Humidity_1,56.07794910604482
1505895856638.0,Sound_R,76.47900587449169
1505895857403.0,Sound_C,77.96499537038642
1505895858047.0,Sound_P,117.81622447063441
1505895858051.0,PodiumIR,100
1505895859672.0,Temperature_2,23.55
1505895859675.0,Temperature_1,25.78
1505895859678.0,Humidity_1,56.07794910604482
1505895859679.0,Humidity_2,58.91430635986382
1505895861990.0,Sound_L,71.03851207991137
1505895866331.0,Temperature_2,23.55
1505895866332.0,Temperature_1,25.78
1505895866340.0,Humidity_1,56.07794910604482
1505895866340.0,Humidity_2,58.91430635986382
1505895866638.0,Sound_R,75.15723949687863
1505895867403.0,Sound_C,75.39785068847249
1505895868054.0,Sound_P,118.3521869832679
1505895868057.0,PodiumIR,117
1505895871990.0,Sound_L,70.25577073882519
1505895873000.0,Temperature_1,25.78
1505895873006.0,Humidity_1,56.07794910604482
1505895873012.0,Temperature_2,23.55
1505895873015.0,Humidity_2,58.91430635986382
1505895876638.0,Sound_R,80.12391716326695
1505895877403.0,Sound_C,77.11551677127171
1505895878066.0,Sound_P,117.84343257374664
1505895878080.0,PodiumIR,80
1505895879666.0,Temperature_1,25.78
1505895879673.0,Humidity_1,56.07794910604482
1505895879678.0,Temperature_2,23.55
1505895879681.0,Humidity_2,58.91430635986382
1505895881990.0,Sound_L,71.98060391239152
1505895886327.0,Temperature_1,25.78
1505895886330.0,Humidity_1,56.07794910604482
1505895886339.0,Temperature_2,23.55
1505895886339.0,Humidity_2,58.91430635986382
1505895886638.0,Sound_R,80.87812689991581
1505895887403.0,Sound_C,78.68783643839055
1505895888087.0,Sound_P,117.59695871579397
1505895888092.0,PodiumIR,94
1505895891990.0,Sound_L,72.51460927044491
1505895892987.0,Temperature_1,25.78
1505895892998.0,Humidity_1,56.07794910604482
1505895893004.0,Temperature_2,23.55
1505895893012.0,Humidity_2,58.91430635986382
1505895896638.0,Sound_R,75.12815093989325
1505895897403.0,Sound_C,77.28229439588789
1505895898098.0,Sound_P,117.70694928866428
1505895898110.0,PodiumIR,100
1505895899659.0,Temperature_1,25.78
1505895899662.0,Humidity_1,56.07794910604482
1505895899667.0,Humidity_2,58.91430635986382
1505895899671.0,Temperature_2,23.55
1505895901990.0,Sound_L,72.39856135559793
1505895906315.0,Temperature_1,25.78
1505895906323.0,Humidity_1,56.07794910604482
1505895906333.0,Humidity_2,58.91430635986382
1505895906333.0,Temperature_2,23.55
1505895906638.0,Sound_R,74.36087763777107
1505895907403.0,Sound_C,75.44804524922812
1505895908115.0,Sound_P,117.65204401104197
1505895908121.0,PodiumIR,128
1505895911991.0,Sound_L,71.67935353161761
1505895912982.0,Temperature_1,25.78
1505895912995.0,Temperature_2,23.55
1505895912995.0,Humidity_1,56.07794910604482
1505895913003.0,Humidity_2,58.91430635986382
1505895916638.0,Sound_R,76.00334399052515
1505895917403.0,Sound_C,75.91862628365351
1505895918126.0,Sound_P,118.3521869832679
1505895918132.0,PodiumIR,94
1505895919643.0,Temperature_1,25.78
1505895919649.0,Humidity_1,56.07794910604482
1505895919660.0,Temperature_2,23.55
1505895919662.0,Humidity_2,58.91430635986382
1505895921991.0,Sound_L,69.68273483282515
1505895926314.0,Temperature_1,25.78
1505895926322.0,Humidity_1,56.07794910604482
1505895926327.0,Temperature_2,23.55
1505895926330.0,Humidity_2,58.91430635986382
1505895926638.0,Sound_R,77.64472224022136
1505895927403.0,Sound_C,76.83589807928492
1505895928137.0,Sound_P,117.54169221859063
1505895928152.0,PodiumIR,102
1505895931991.0,Sound_L,69.15005067924213
1505895932976.0,Temperature_1,25.78
1505895932986.0,Humidity_1,56.07794910604482
1505895932991.0,Temperature_2,23.55
1505895932994.0,Humidity_2,58.91430635986382
1505895936638.0,Sound_R,75.30411791228103
1505895937403.0,Sound_C,74.65002140982115
1505895938157.0,Sound_P,117.67951907848958
1505895938162.0,PodiumIR,93
1505895939639.0,Temperature_1,25.78
1505895939650.0,Humidity_1,56.07794910604482
1505895939654.0,Temperature_2,23.55
1505895939655.0,Humidity_2,58.91430635986382
1505895941991.0,Sound_L,68.92508929537294
1505895946301.0,Temperature_1,25.78
1505895946310.0,Humidity_1,56.07794910604482
1505895946314.0,Temperature_2,23.55
1505895946317.0,Humidity_2,58.91430635986382
1505895946638.0,Sound_R,72.96079634839242
1505895947403.0,Sound_C,77.58641788845209
1505895948167.0,Sound_P,117.89771695053554
1505895948171.0,PodiumIR,99
1505895951991.0,Sound_L,69.02922433422705
1505895952965.0,Temperature_1,25.78
1505895952977.0,Humidity_1,56.07794910604482
1505895952980.0,Temperature_2,23.55
1505895952985.0,Humidity_2,58.91430635986382
1505895956638.0,Sound_R,74.1083472121257
1505895957403.0,Sound_C,79.43823185934563
1505895958176.0,Sound_P,117.84343257374664
1505895958180.0,PodiumIR,93
1505895959631.0,Temperature_1,25.78
1505895959640.0,Humidity_1,56.07794910604482
1505895959642.0,Temperature_2,23.55
1505895959648.0,Humidity_2,58.91430635986382
1505895961990.0,Sound_L,69.71770178944067
1505895966294.0,Temperature_1,25.78
1505895966302.0,Humidity_1,56.07794910604482
1505895966309.0,Temperature_2,23.55
1505895966315.0,Humidity_2,58.91430635986382
1505895966638.0,Sound_R,75.04922641336223
1505895967403.0,Sound_C,74.29863428999501
1505895968186.0,Sound_P,117.81622447063441
1505895968190.0,PodiumIR,73
1505895971990.0,Sound_L,68.92486702990468
1505895972963.0,Humidity_1,56.07794910604482
1505895972964.0,Temperature_1,25.78
1505895972970.0,Temperature_2,23.55
1505895972979.0,Humidity_2,58.91430635986382
1505895976638.0,Sound_R,71.8076328833033
1505895977403.0,Sound_C,69.36062847009923
1505895978195.0,Sound_P,117.67951907848958
1505895978200.0,PodiumIR,94
1505895979625.0,Temperature_1,25.78
1505895979630.0,Humidity_1,56.07794910604482
1505895979638.0,Humidity_2,58.91430635986382
1505895979639.0,Temperature_2,23.55
1505895981991.0,Sound_L,68.62745063708226
1505895986283.0,Temperature_1,25.78
1505895986298.0,Humidity_1,56.07794910604482
1505895986303.0,Temperature_2,23.55
1505895986304.0,Humidity_2,58.91430635986382
1505895986638.0,Sound_R,71.88644677885945
1505895987403.0,Sound_C,72.33398958737783
1505895988204.0,Sound_P,117.45845009950281
1505895988209.0,PodiumIR,93
1505895991990.0,Sound_L,68.13019722184251
1505895992956.0,Humidity_1,56.07794910604482
1505895992956.0,Temperature_1,25.78
1505895992965.0,Temperature_2,23.55
1505895992971.0,Humidity_2,58.91430635986382
1505895996638.0,Sound_R,74.0080391158473
1505895997403.0,Sound_C,73.08690601637987
1505895998214.0,Sound_P,117.78897223432665
1505895998218.0,PodiumIR,97
1505895999612.0,Temperature_1,25.78
1505895999622.0,Humidity_1,56.07794910604482
1505895999629.0,Humidity_2,58.91430635986382
1505895999629.0,Temperature_2,23.55
1505896001990.0,Sound_L,68.74121790773773
1505896006280.0,Temperature_1,25.78
1505896006286.0,Humidity_1,56.07794910604482
1505896006293.0,Temperature_2,23.55
1505896006300.0,Humidity_2,58.91430635986382
1505896006638.0,Sound_R,74.14956572730165
1505896007403.0,Sound_C,72.99109056498044
1505896008223.0,Sound_P,117.92479350756437
1505896008227.0,PodiumIR,80
1505896011990.0,Sound_L,69.50243537121432
1505896012943.0,Temperature_1,25.78
1505896012954.0,Humidity_1,56.07794910604482
1505896012959.0,Temperature_2,23.55
1505896012965.0,Humidity_2,58.91430635986382
1505896016638.0,Sound_R,76.13970395630584
1505896017403.0,Sound_C,76.68693177023594
1505896018242.0,Sound_P,117.89771695053554
1505896018246.0,PodiumIR,100
1505896019613.0,Temperature_1,25.78
1505896019615.0,Humidity_1,56.07794910604482
1505896019617.0,Temperature_2,23.55
1505896019630.0,Humidity_2,58.91430635986382
1505896021990.0,Sound_L,71.03115161503231
1505896026276.0,Humidity_1,56.07794910604482
1505896026277.0,Temperature_1,25.78
1505896026290.0,Temperature_2,23.55
1505896026292.0,Humidity_2,58.91430635986382
1505896026638.0,Sound_R,77.24815283176144
1505896027403.0,Sound_C,77.45624628352776
1505896028253.0,Sound_P,117.81622447063441
1505896028256.0,PodiumIR,80
1505896031990.0,Sound_L,71.18090435822407
1505896032934.0,Temperature_1,25.78
1505896032946.0,Humidity_1,56.07794910604482
1505896032947.0,Temperature_2,23.55
1505896032956.0,Humidity_2,58.91430635986382
1505896036638.0,Sound_R,79.01258506128194
1505896037403.0,Sound_C,77.18738144101424
1505896038262.0,Sound_P,117.81622447063441
1505896038265.0,PodiumIR,89
1505896039597.0,Temperature_1,25.78
1505896039609.0,Humidity_1,56.07794910604482
1505896039611.0,Temperature_2,23.55
1505896039619.0,Humidity_2,58.91430635986382
1505896041990.0,Sound_L,72.43755505733381
1505896046260.0,Temperature_1,25.78
1505896046265.0,Humidity_1,56.07794910604482
1505896046281.0,Humidity_2,58.91430635986382
1505896046281.0,Temperature_2,23.55
1505896046638.0,Sound_R,80.66694135441584
1505896047403.0,Sound_C,79.73826951945357
1505896048273.0,Sound_P,117.81622447063441
1505896048276.0,PodiumIR,92
1505896051990.0,Sound_L,71.74463885778479
1505896052927.0,Temperature_1,25.78
1505896052930.0,Humidity_1,56.07794910604482
1505896052942.0,Temperature_2,23.55
1505896052953.0,Humidity_2,58.91430635986382
1505896056638.0,Sound_R,77.1373329438405
1505896057403.0,Sound_C,77.03898514639259
1505896058280.0,Sound_P,118.27287448349982
1505896058284.0,PodiumIR,104
1505896059587.0,Temperature_1,25.78
1505896059594.0,Humidity_1,56.07794910604482
1505896059604.0,Temperature_2,23.55
1505896059607.0,Humidity_2,58.91430635986382
1505896061990.0,Sound_L,71.31807805980405
1505896066255.0,Temperature_1,25.78
1505896066257.0,Humidity_1,56.07794910604482
1505896066271.0,Temperature_2,23.55
1505896066281.0,Humidity_2,58.91430635986382
1505896066638.0,Sound_R,73.23524613267625
1505896067403.0,Sound_C,74.00005967647894
1505896068287.0,Sound_P,117.67951907848958
1505896068291.0,PodiumIR,79
1505896071990.0,Sound_L,68.5112070248667
1505896072924.0,Temperature_1,25.78
1505896072929.0,Humidity_1,56.07794910604482
1505896072932.0,Temperature_2,23.55
1505896072943.0,Humidity_2,58.91430635986382
1505896076638.0,Sound_R,72.70017369027438
1505896077403.0,Sound_C,75.08875399258466
1505896078294.0,Sound_P,117.81622447063441
1505896078297.0,PodiumIR,98
1505896079585.0,Temperature_1,25.78
1505896079592.0,Humidity_1,56.07794910604482
1505896079593.0,Temperature_2,23.55
1505896079599.0,Humidity_2,58.91430635986382
1505896081990.0,Sound_L,67.87012437111788
1505896086247.0,Temperature_1,25.78
1505896086256.0,Humidity_1,56.07794910604482
1505896086264.0,Temperature_2,23.55
1505896086264.0,Humidity_2,58.91430635986382
1505896086638.0,Sound_R,72.98831658900563
1505896087403.0,Sound_C,75.89454186340309
1505896088302.0,Sound_P,117.78897223432665
1505896088305.0,PodiumIR,73
1505896091990.0,Sound_L,70.66196322811261
1505896092911.0,Temperature_1,25.78
1505896092921.0,Humidity_1,56.07794910604482
1505896092929.0,Temperature_2,23.55
1505896092935.0,Humidity_2,58.91430635986382
1505896096638.0,Sound_R,75.47429994594357
1505896097403.0,Sound_C,76.9857609763249
1505896098309.0,Sound_P,117.67951907848958
1505896098312.0,PodiumIR,98
1505896099574.0,Temperature_1,25.78
1505896099582.0,Humidity_1,56.07794910604482
1505896099594.0,Temperature_2,23.55
1505896099596.0,Humidity_2,58.91430635986382
1505896101990.0,Sound_L,71.57240229609897
1505896106239.0,Temperature_1,25.78
1505896106249.0,Temperature_2,23.55
1505896106249.0,Humidity_1,56.07794910604482
1505896106258.0,Humidity_2,58.91430635986382
1505896106638.0,Sound_R,78.181425552942
1505896107403.0,Sound_C,78.15983421092284
1505896108315.0,Sound_P,117.65204401104197
1505896108319.0,PodiumIR,90
1505896111990.0,Sound_L,72.16647843559946
1505896112903.0,Temperature_1,25.78
1505896112913.0,Humidity_1,56.07794910604482
1505896112915.0,Temperature_2,23.55
1505896112921.0,Humidity_2,58.91430635986382
1505896116638.0,Sound_R,75.97219298138613
1505896117403.0,Sound_C,76.28156868641466
1505896118322.0,Sound_P,117.87059668637389
1505896118326.0,PodiumIR,96
1505896119568.0,Temperature_1,25.78
1505896119573.0,Humidity_1,56.07794910604482
1505896119579.0,Temperature_2,23.55
1505896119589.0,Humidity_2,58.91430635986382
1505896121990.0,Sound_L,69.86389705601464
1505896126231.0,Temperature_1,25.78
1505896126237.0,Humidity_1,56.07794910604482
1505896126248.0,Humidity_2,58.91430635986382
1505896126249.0,Temperature_2,23.55
1505896126638.0,Sound_R,72.07059983588103
1505896127403.0,Sound_C,71.15622642615203
1505896128330.0,Sound_P,117.67951907848958
1505896128333.0,PodiumIR,95
1505896131990.0,Sound_L,68.68988880474284
1505896132891.0,Temperature_1,25.78
1505896132901.0,Humidity_1,56.07794910604482
1505896132907.0,Temperature_2,23.55
1505896132921.0,Humidity_2,58.91430635986382
1505896136638.0,Sound_R,72.8656067046009
1505896137403.0,Sound_C,70.98818443036095
1505896138336.0,Sound_P,118.3521869832679
1505896138340.0,PodiumIR,102
1505896139560.0,Temperature_1,25.78
1505896139566.0,Humidity_1,56.07794910604482
1505896139577.0,Temperature_2,23.55
1505896139581.0,Humidity_2,58.91430635986382
1505896141990.0,Sound_L,69.09615843696753
1505896146233.0,Humidity_1,56.07794910604482
1505896146236.0,Temperature_1,25.78
1505896146247.0,Humidity_2,58.91430635986382
1505896146251.0,Temperature_2,23.55
1505896146638.0,Sound_R,74.96843390912522
1505896147403.0,Sound_C,72.57905660488258
1505896148343.0,Sound_P,117.81622447063441
1505896148347.0,PodiumIR,101
1505896151991.0,Sound_L,70.6090747476662
1505896152900.0,Temperature_1,25.78
1505896152914.0,Humidity_1,56.07794910604482
1505896152915.0,Temperature_2,23.55
1505896152923.0,Humidity_2,58.91430635986382
1505896156638.0,Sound_R,76.31556798810011
1505896157403.0,Sound_C,75.06332226594311
1505896158350.0,Sound_P,117.48624332337616
1505896158354.0,PodiumIR,80
1505896159578.0,Humidity_1,56.07794910604482
1505896159581.0,Temperature_1,25.78
1505896159591.0,Temperature_2,23.55
1505896159591.0,Humidity_2,58.91430635986382
1505896161990.0,Sound_L,72.25667873421033
1505896166246.0,Temperature_1,25.78
1505896166256.0,Humidity_1,56.07794910604482
1505896166265.0,Temperature_2,23.55
1505896166266.0,Humidity_2,58.91430635986382
1505896166638.0,Sound_R,75.19722142192676
1505896167403.0,Sound_C,76.00102322207482
1505896168357.0,Sound_P,117.73433478780012
1505896168361.0,PodiumIR,125
1505896171990.0,Sound_L,71.11507350889674
1505896172920.0,Temperature_1,25.78
1505896172930.0,Humidity_1,56.07794910604482
1505896172933.0,Temperature_2,23.55
1505896172939.0,Humidity_2,58.91430635986382
1505896176638.0,Sound_R,74.34693567294603
1505896177403.0,Sound_C,72.89488334266707
1505896178364.0,Sound_P,117.81622447063441
1505896178367.0,PodiumIR,97
1505896179592.0,Temperature_1,25.78
1505896179593.0,Humidity_1,56.07794910604482
1505896179600.0,Temperature_2,23.55
1505896179606.0,Humidity_2,58.91430635986382
1505896181990.0,Sound_L,70.52609313070835
1505896186260.0,Temperature_1,25.78
1505896186268.0,Humidity_1,56.07794910604482
1505896186275.0,Temperature_2,23.55
1505896186278.0,Humidity_2,58.91430635986382
1505896186638.0,Sound_R,76.38532916269823
1505896187403.0,Sound_C,75.49616758567886
1505896188371.0,Sound_P,117.81622447063441
1505896188375.0,PodiumIR,90
1505896191990.0,Sound_L,70.36519879738287
1505896192931.0,Temperature_1,25.78
1505896192940.0,Humidity_1,56.07794910604482
1505896192946.0,Humidity_2,58.91430635986382
1505896192949.0,Temperature_2,23.55
1505896196638.0,Sound_R,73.96731056422844
1505896197403.0,Sound_C,74.3484266274427
1505896198378.0,Sound_P,117.73433478780012
1505896198382.0,PodiumIR,105
1505896199604.0,Temperature_1,25.78
1505896199611.0,Humidity_1,56.07794910604482
1505896199621.0,Temperature_2,23.55
1505896199622.0,Humidity_2,58.91430635986382
1505896201990.0,Sound_L,70.54703945330446
1505896206282.0,Temperature_1,25.78
1505896206284.0,Humidity_1,56.07794910604482
1505896206285.0,Temperature_2,23.55
1505896206289.0,Humidity_2,58.91430635986382
1505896206638.0,Sound_R,70.90843831139416
1505896207403.0,Sound_C,69.37060318217476
1505896208385.0,Sound_P,117.78897223432665
1505896208388.0,PodiumIR,97
1505896211990.0,Sound_L,69.95053053778642
1505896212947.0,Temperature_1,25.78
1505896212953.0,Humidity_1,56.07794910604482
1505896212957.0,Humidity_2,58.91430635986382
1505896212962.0,Temperature_2,23.55
1505896216638.0,Sound_R,73.10858982711748
1505896217403.0,Sound_C,72.36386862490521
1505896218392.0,Sound_P,117.67951907848958
1505896218395.0,PodiumIR,61
1505896219620.0,Temperature_1,25.78
1505896219624.0,Temperature_2,23.55
1505896219630.0,Humidity_1,56.07794910604482
1505896219637.0,Humidity_2,58.91430635986382
1505896221990.0,Sound_L,68.69354467391892
1505896226296.0,Temperature_1,25.78
1505896226297.0,Temperature_2,23.55
1505896226300.0,Humidity_2,58.91430635986382
1505896226303.0,Humidity_1,56.07794910604482
1505896226638.0,Sound_R,72.97651936818521
1505896227403.0,Sound_C,73.04967966125805
1505896228405.0,Sound_P,118.3785414984758
1505896228409.0,PodiumIR,99
1505896231990.0,Sound_L,68.95591620937188
1505896232973.0,Temperature_1,25.78
1505896232974.0,Humidity_1,56.07794910604482
1505896232976.0,Temperature_2,23.55
1505896232977.0,Humidity_2,58.91430635986382
1505896236638.0,Sound_R,68.38613109760308
1505896237403.0,Sound_C,71.32850586495495
1505896238412.0,Sound_P,117.78897223432665
1505896238416.0,PodiumIR,85
1505896239636.0,Temperature_1,25.78
1505896239643.0,Temperature_2,23.55
1505896239643.0,Humidity_2,58.91430635986382
1505896239648.0,Humidity_1,56.07794910604482
1505896241990.0,Sound_L,67.93052825333848
1505896246308.0,Temperature_2,23.55
1505896246310.0,Temperature_1,25.78
1505896246314.0,Humidity_2,58.91430635986382
1505896246323.0,Humidity_1,56.07794910604482
1505896246638.0,Sound_R,68.45508404954174
1505896247403.0,Sound_C,72.14796570294466
1505896248428.0,Sound_P,117.95182649811095
1505896248431.0,PodiumIR,113
1505896251990.0,Sound_L,68.38235813546545
1505896252979.0,Temperature_1,25.78
1505896252987.0,Humidity_2,58.91430635986382
1505896252989.0,Temperature_2,23.55
1505896252993.0,Humidity_1,56.07794910604482
1505896256638.0,Sound_R,73.51853606730567
1505896257403.0,Sound_C,74.3569753807415
1505896258434.0,Sound_P,118.21979071106135
1505896258438.0,PodiumIR,92
1505896259659.0,Temperature_2,23.55
1505896259660.0,Humidity_2,58.91430635986382
1505896259660.0,Temperature_1,25.78
1505896259664.0,Humidity_1,56.07794910604482
1505896261990.0,Sound_L,69.279565016394
1505896266322.0,Temperature_2,23.55
1505896266325.0,Humidity_2,58.91430635986382
1505896266329.0,Temperature_1,25.78
1505896266338.0,Humidity_1,56.07794910604482
1505896266638.0,Sound_R,76.53950939597996
1505896267403.0,Sound_C,74.4778928578245
1505896268441.0,Sound_P,118.40485473799694
1505896268445.0,PodiumIR,86
1505896271990.0,Sound_L,71.09247583057592
1505896273000.0,Temperature_1,25.78
1505896273006.0,Humidity_1,56.07794910604482
1505896273011.0,Temperature_2,23.55
1505896273014.0,Humidity_2,58.91430635986382
1505896276638.0,Sound_R,75.9023427087637
1505896277403.0,Sound_C,73.62508500776961
1505896278447.0,Sound_P,117.70694928866428
1505896278451.0,PodiumIR,95
1505896279666.0,Humidity_1,56.07794910604482
1505896279668.0,Temperature_1,25.78
1505896279679.0,Humidity_2,58.91430635986382
1505896279680.0,Temperature_2,23.55
1505896281990.0,Sound_L,72.24032084891161
1505896286333.0,Temperature_1,25.78
1505896286334.0,Humidity_1,56.07794910604482
1505896286340.0,Temperature_2,23.55
1505896286343.0,Humidity_2,58.91430635986382
1505896286638.0,Sound_R,73.34119939628557
1505896287403.0,Sound_C,74.2088400456571
1505896288454.0,Sound_P,117.78897223432665
1505896288458.0,PodiumIR,100
1505896291990.0,Sound_L,72.29688732895603
1505896292993.0,Humidity_1,56.07794910604482
1505896292995.0,Temperature_1,25.78
1505896292998.0,Temperature_2,23.55
1505896293004.0,Humidity_2,58.91430635986382
1505896296638.0,Sound_R,74.23794405729734
1505896297403.0,Sound_C,74.73078423976968
1505896298466.0,Sound_P,117.73433478780012
1505896298470.0,PodiumIR,97
1505896299652.0,Temperature_1,25.78
1505896299657.0,Humidity_1,56.07794910604482
1505896299667.0,Humidity_2,58.91430635986382
1505896299670.0,Temperature_2,23.55
1505896301990.0,Sound_L,72.24630790381673
1505896306322.0,Temperature_1,25.78
1505896306324.0,Humidity_1,56.07794910604482
1505896306332.0,Temperature_2,23.55
1505896306335.0,Humidity_2,58.91430635986382
1505896306638.0,Sound_R,75.86078907000429
1505896307403.0,Sound_C,76.74571966986814
1505896308473.0,Sound_P,117.70694928866428
1505896308477.0,PodiumIR,78
1505896311990.0,Sound_L,72.03351097777025
1505896312989.0,Temperature_1,25.78
1505896312993.0,Humidity_1,56.07794910604482
1505896312998.0,Temperature_2,23.55
1505896313000.0,Humidity_2,58.91430635986382
1505896316638.0,Sound_R,75.04369191779996
1505896317403.0,Sound_C,76.58852050300023
1505896318481.0,Sound_P,117.78897223432665
1505896318485.0,PodiumIR,98
1505896319643.0,Temperature_1,25.78
1505896319654.0,Humidity_1,56.07794910604482
1505896319657.0,Humidity_2,58.91430635986382
1505896319659.0,Temperature_2,23.55
1505896321990.0,Sound_L,71.87110692616896
1505896326308.0,Temperature_1,25.78
1505896326317.0,Humidity_1,56.07794910604482
1505896326321.0,Temperature_2,23.55
1505896326327.0,Humidity_2,58.91430635986382
1505896326638.0,Sound_R,71.05750063028408
1505896327403.0,Sound_C,72.146380830995
1505896328493.0,Sound_P,117.78897223432665
1505896328497.0,PodiumIR,95
1505896331990.0,Sound_L,70.8556341407882
1505896332975.0,Temperature_1,25.78
1505896332978.0,Humidity_1,56.07794910604482
1505896332991.0,Temperature_2,23.55
1505896332993.0,Humidity_2,58.91430635986382
1505896336638.0,Sound_R,71.22133665959818
1505896337403.0,Sound_C,71.56449996513447
1505896338504.0,Sound_P,117.73433478780012
1505896338510.0,PodiumIR,96
1505896339645.0,Temperature_1,25.78
1505896339649.0,Humidity_1,56.07794910604482
1505896339654.0,Temperature_2,23.55
1505896339657.0,Humidity_2,58.91430635986382
1505896341990.0,Sound_L,70.22528899488398
1505896346304.0,Temperature_1,25.78
1505896346311.0,Temperature_2,23.55
1505896346312.0,Humidity_1,56.07794910604482
1505896346313.0,Humidity_2,58.91430635986382
1505896346638.0,Sound_R,74.32788399312726
1505896347403.0,Sound_C,74.82475121642354
1505896348516.0,Sound_P,117.78897223432665
1505896348521.0,PodiumIR,94
1505896351990.0,Sound_L,69.01143002468967
1505896352967.0,Temperature_1,25.78
1505896352976.0,Humidity_1,56.07794910604482
1505896352981.0,Temperature_2,23.55
1505896352981.0,Humidity_2,58.91430635986382
1505896356638.0,Sound_R,71.60429434563004
1505896357403.0,Sound_C,72.42227878043596
1505896358528.0,Sound_P,117.81622447063441
1505896358531.0,PodiumIR,68
1505896359627.0,Temperature_1,25.78
1505896359641.0,Humidity_1,56.07794910604482
1505896359641.0,Humidity_2,58.91430635986382
1505896359648.0,Temperature_2,23.55
1505896361990.0,Sound_L,68.54249267773639
1505896366299.0,Humidity_1,56.07794910604482
1505896366301.0,Temperature_1,25.78
1505896366305.0,Temperature_2,23.55
1505896366315.0,Humidity_2,58.91430635986382
1505896366638.0,Sound_R,70.52616888178035
1505896367403.0,Sound_C,69.78184227355445
1505896368539.0,Sound_P,118.3521869832679
1505896368543.0,PodiumIR,101
1505896371990.0,Sound_L,67.35272743763151
1505896372963.0,Temperature_1,25.78
1505896372967.0,Humidity_1,56.07794910604482
1505896372973.0,Temperature_2,23.55
1505896372979.0,Humidity_2,58.91430635986382
1505896376638.0,Sound_R,72.05672743532034
1505896377403.0,Sound_C,74.11989594892424
1505896378549.0,Sound_P,117.81622447063441
1505896378553.0,PodiumIR,133
1505896379625.0,Temperature_1,25.78
1505896379633.0,Humidity_1,56.07794910604482
1505896379636.0,Temperature_2,23.55
1505896379641.0,Humidity_2,58.91430635986382
1505896381990.0,Sound_L,70.64035605211083
1505896386286.0,Temperature_1,25.78
1505896386291.0,Humidity_1,56.07794910604482
1505896386295.0,Temperature_2,23.55
1505896386303.0,Humidity_2,58.91430635986382
1505896386638.0,Sound_R,74.45257547804029
1505896387403.0,Sound_C,78.0410415348624
1505896388560.0,Sound_P,117.84343257374664
1505896388564.0,PodiumIR,98
1505896391990.0,Sound_L,72.33127457708642
1505896392956.0,Temperature_1,25.78
1505896392963.0,Humidity_1,56.07794910604482
1505896392966.0,Humidity_2,58.91430635986382
1505896392967.0,Temperature_2,23.55
1505896396638.0,Sound_R,76.52047691901912
1505896397403.0,Sound_C,78.11288298903573
1505896398572.0,Sound_P,118.3785414984758
1505896398576.0,PodiumIR,113
1505896399617.0,Temperature_1,25.78
1505896399618.0,Humidity_1,56.07794910604482
1505896399623.0,Temperature_2,23.55
1505896399630.0,Humidity_2,58.91430635986382
1505896401990.0,Sound_L,71.83562101971455
1505896406280.0,Temperature_1,25.78
1505896406286.0,Humidity_1,56.07794910604482
1505896406292.0,Temperature_2,23.55
1505896406300.0,Humidity_2,58.91430635986382
1505896406638.0,Sound_R,74.36705999762746
1505896407403.0,Sound_C,74.50407534697231
1505896408583.0,Sound_P,117.45845009950281
1505896408587.0,PodiumIR,91
1505896411990.0,Sound_L,68.21116936917664
1505896412947.0,Humidity_1,56.07794910604482
1505896412947.0,Temperature_1,25.78
1505896412955.0,Temperature_2,23.55
1505896412964.0,Humidity_2,58.91430635986382
1505896416638.0,Sound_R,73.54492941695399
1505896417403.0,Sound_C,72.40528672787839
1505896418593.0,Sound_P,117.73433478780012
1505896418597.0,PodiumIR,101
1505896419612.0,Temperature_1,25.78
1505896419613.0,Humidity_1,56.07794910604482
1505896419615.0,Temperature_2,23.55
1505896419627.0,Humidity_2,58.91430635986382
1505896421990.0,Sound_L,67.46421133132478
1505896426276.0,Temperature_1,25.78
1505896426280.0,Temperature_2,23.55
1505896426280.0,Humidity_1,56.07794910604482
1505896426292.0,Humidity_2,58.91430635986382
1505896426638.0,Sound_R,71.44808248117128
1505896427403.0,Sound_C,74.96410244911705
1505896428604.0,Sound_P,117.81622447063441
1505896428607.0,PodiumIR,101
1505896431990.0,Sound_L,67.83455335023356
1505896432932.0,Temperature_1,25.78
1505896432940.0,Humidity_1,56.07794910604482
1505896432949.0,Temperature_2,23.55
1505896432954.0,Humidity_2,58.91430635986382
1505896436638.0,Sound_R,71.60222512924035
1505896437403.0,Sound_C,76.62085874911547
1505896438611.0,Sound_P,117.84343257374664
1505896438614.0,PodiumIR,84
1505896439601.0,Temperature_1,25.78
1505896439602.0,Humidity_1,56.07794910604482
1505896439613.0,Temperature_2,23.55
1505896439620.0,Humidity_2,58.91430635986382
1505896441990.0,Sound_L,69.64072295073268
1505896446267.0,Humidity_1,56.07794910604482
1505896446267.0,Temperature_1,25.78
1505896446279.0,Temperature_2,23.55
1505896446287.0,Humidity_2,58.91430635986382
1505896446638.0,Sound_R,75.83377045810266
1505896447403.0,Sound_C,77.8442954142769
1505896448617.0,Sound_P,117.76167572141729
1505896448621.0,PodiumIR,98
1505896451990.0,Sound_L,69.65670665912975
1505896452925.0,Temperature_1,25.78
1505896452932.0,Humidity_1,56.07794910604482
1505896452942.0,Temperature_2,23.55
1505896452947.0,Humidity_2,58.91430635986382
1505896456638.0,Sound_R,74.24041818998597
1505896457403.0,Sound_C,75.65367500675325
1505896458624.0,Sound_P,117.84343257374664
1505896458628.0,PodiumIR,93
1505896459592.0,Temperature_1,25.78
1505896459601.0,Humidity_1,56.07794910604482
1505896459603.0,Temperature_2,23.55
1505896459607.0,Humidity_2,58.91430635986382
1505896461990.0,Sound_L,71.08392730459725
1505896466257.0,Temperature_1,25.78
1505896466266.0,Humidity_1,56.07794910604482
1505896466270.0,Temperature_2,23.55
1505896466276.0,Humidity_2,58.91430635986382
1505896466638.0,Sound_R,71.03319375207354
1505896467403.0,Sound_C,73.65642270296642
1505896468631.0,Sound_P,117.56934819191356
1505896468635.0,PodiumIR,92
1505896471990.0,Sound_L,69.92285047475502
1505896472917.0,Temperature_1,25.78
1505896472924.0,Humidity_1,56.07794910604482
1505896472927.0,Temperature_2,23.55
1505896472941.0,Humidity_2,58.91430635986382
1505896476638.0,Sound_R,69.2233754465542
1505896477403.0,Sound_C,73.23061936256205
1505896478640.0,Sound_P,117.73433478780012
1505896478644.0,PodiumIR,65
1505896479579.0,Temperature_1,25.78
1505896479591.0,Temperature_2,23.55
1505896479593.0,Humidity_1,56.07794910604482
1505896479607.0,Humidity_2,58.91430635986382
1505896481990.0,Sound_L,68.27389832265689
1505896486250.0,Temperature_1,25.78
1505896486252.0,Humidity_1,56.07794910604482
1505896486255.0,Temperature_2,23.55
1505896486269.0,Humidity_2,58.91430635986382
1505896486638.0,Sound_R,69.97061755779369
1505896487403.0,Sound_C,73.35977744614449
1505896488646.0,Sound_P,118.3785414984758
1505896488651.0,PodiumIR,117
1505896491990.0,Sound_L,67.65581855267268
1505896492912.0,Temperature_1,25.78
1505896492918.0,Humidity_1,56.07794910604482
1505896492927.0,Temperature_2,23.55
1505896492928.0,Humidity_2,58.91430635986382
1505896496638.0,Sound_R,72.73089661743246
1505896497403.0,Sound_C,75.82789018787315
1505896498654.0,Sound_P,118.03266546722126
1505896498657.0,PodiumIR,99
1505896499578.0,Temperature_1,25.78
1505896499586.0,Temperature_2,23.55
1505896499587.0,Humidity_1,56.07794910604482
1505896499594.0,Humidity_2,58.91430635986382
1505896501990.0,Sound_L,67.74500665632178
1505896506236.0,Temperature_1,25.78
1505896506243.0,Humidity_1,56.07794910604482
1505896506247.0,Temperature_2,23.55
1505896506260.0,Humidity_2,58.91430635986382
1505896506638.0,Sound_R,72.74421724315125
1505896507403.0,Sound_C,76.60364991086652
1505896508665.0,Sound_P,117.73433478780012
1505896508669.0,PodiumIR,93
1505896511990.0,Sound_L,68.9402448552803
1505896512906.0,Humidity_1,56.07794910604482
1505896512906.0,Temperature_1,25.78
1505896512915.0,Temperature_2,23.55
1505896512920.0,Humidity_2,58.91430635986382
1505896516638.0,Sound_R,70.28193794694239
1505896517403.0,Sound_C,74.85588672029955
1505896518672.0,Sound_P,117.78897223432665
1505896518677.0,PodiumIR,64
1505896519570.0,Humidity_1,56.07794910604482
1505896519571.0,Temperature_1,25.78
1505896519579.0,Temperature_2,23.55
1505896519590.0,Humidity_2,58.91430635986382
1505896521990.0,Sound_L,68.9048895711639
1505896526229.0,Temperature_1,25.78
1505896526238.0,Humidity_1,56.07794910604482
1505896526248.0,Temperature_2,23.55
1505896526252.0,Humidity_2,58.91430635986382
1505896526638.0,Sound_R,71.04853845028215
1505896527403.0,Sound_C,75.34697042082179
1505896528686.0,Sound_P,117.92479350756437
1505896528689.0,PodiumIR,97
1505896531990.0,Sound_L,70.89933163911371
1505896532898.0,Temperature_1,25.78
1505896532904.0,Humidity_1,56.07794910604482
1505896532910.0,Temperature_2,23.55
1505896532916.0,Humidity_2,58.91430635986382
1505896536638.0,Sound_R,75.67272290263482
1505896537403.0,Sound_C,79.83886796624772
1505896538698.0,Sound_P,117.78897223432665
1505896538701.0,PodiumIR,91
1505896539560.0,Temperature_1,25.78
1505896539566.0,Humidity_1,56.07794910604482
1505896539577.0,Temperature_2,23.55
1505896539580.0,Humidity_2,58.91430635986382
1505896541990.0,Sound_L,71.2444031692385
1505896546232.0,Temperature_1,25.78
1505896546235.0,Humidity_1,56.07794910604482
1505896546250.0,Humidity_2,58.91430635986382
1505896546251.0,Temperature_2,23.55
1505896546638.0,Sound_R,76.19760062267841
1505896547403.0,Sound_C,82.12666614189483
1505896548704.0,Sound_P,117.84343257374664
1505896548708.0,PodiumIR,84
1505896551990.0,Sound_L,71.75190822861525
1505896552903.0,Temperature_1,25.78
1505896552909.0,Humidity_1,56.07794910604482
1505896552923.0,Temperature_2,23.55
1505896552924.0,Humidity_2,58.91430635986382
1505896556638.0,Sound_R,75.5760516370701
1505896557403.0,Sound_C,81.6122747275593
1505896558711.0,Sound_P,117.48624332337616
1505896558715.0,PodiumIR,72
1505896559575.0,Temperature_1,25.78
1505896559583.0,Humidity_1,56.07794910604482
1505896559589.0,Temperature_2,23.55
1505896559594.0,Humidity_2,58.91430635986382
1505896561990.0,Sound_L,71.60677128812767
1505896566252.0,Humidity_1,56.07794910604482
1505896566253.0,Temperature_1,25.78
1505896566264.0,Humidity_2,58.91430635986382
1505896566269.0,Temperature_2,23.55
1505896566638.0,Sound_R,75.94867369364582
1505896567403.0,Sound_C,80.00351350992544
1505896568718.0,Sound_P,118.3785414984758
1505896568722.0,PodiumIR,139
1505896571990.0,Sound_L,72.82887716108229
1505896572922.0,Temperature_1,25.78
1505896572924.0,Humidity_1,56.07794910604482
1505896572936.0,Temperature_2,23.55
1505896572942.0,Humidity_2,58.91430635986382
1505896576638.0,Sound_R,72.61907818627493
1505896577403.0,Sound_C,76.1913590723971
1505896578725.0,Sound_P,117.70694928866428
1505896578728.0,PodiumIR,95
1505896579587.0,Temperature_1,25.78
1505896579594.0,Humidity_1,56.07794910604482
1505896579611.0,Temperature_2,23.55
1505896579617.0,Humidity_2,58.91430635986382
1505896581990.0,Sound_L,74.02589633950437
1505896586265.0,Humidity_1,56.07794910604482
1505896586266.0,Temperature_1,25.78
1505896586286.0,Temperature_2,23.55
1505896586287.0,Humidity_2,58.91430635986382
1505896586638.0,Sound_R,72.26296499769727
1505896587403.0,Sound_C,75.53626885841224
1505896588731.0,Sound_P,117.59695871579397
1505896588735.0,PodiumIR,108
1505896591990.0,Sound_L,74.2771929188515
1505896592934.0,Temperature_1,25.78
1505896592941.0,Humidity_1,56.07794910604482
1505896592955.0,Humidity_2,58.91430635986382
1505896592958.0,Temperature_2,23.55
1505896596638.0,Sound_R,74.32812942810077
1505896597403.0,Sound_C,77.27697757808069
1505896598737.0,Sound_P,117.81622447063441
1505896598741.0,PodiumIR,95
1505896599610.0,Temperature_1,25.78
1505896599611.0,Humidity_1,56.07794910604482
1505896599624.0,Temperature_2,23.55
1505896599624.0,Humidity_2,58.91430635986382
1505896601990.0,Sound_L,74.62046434590273
1505896606280.0,Temperature_1,25.78
1505896606288.0,Humidity_1,56.07794910604482
1505896606293.0,Temperature_2,23.55
1505896606299.0,Humidity_2,58.91430635986382
1505896606638.0,Sound_R,72.8540441340477
1505896607403.0,Sound_C,74.78139925817952
1505896608744.0,Sound_P,117.70694928866428
1505896608748.0,PodiumIR,83
1505896611991.0,Sound_L,72.67863320043577
1505896612953.0,Humidity_1,56.07794910604482
1505896612954.0,Temperature_1,25.78
1505896612971.0,Humidity_2,58.91430635986382
1505896612973.0,Temperature_2,23.55
1505896616638.0,Sound_R,71.84870083192988
1505896617403.0,Sound_C,74.07889733911009
1505896618751.0,Sound_P,117.81622447063441
1505896618754.0,PodiumIR,103
1505896619619.0,Temperature_1,25.78
1505896619632.0,Humidity_1,56.07794910604482
1505896619641.0,Humidity_2,58.91430635986382
1505896619643.0,Temperature_2,23.55
1505896621990.0,Sound_L,71.76926531020213
1505896626292.0,Temperature_1,25.78
1505896626307.0,Humidity_1,56.07794910604482
1505896626318.0,Temperature_2,23.55
1505896626321.0,Humidity_2,58.91430635986382
1505896626638.0,Sound_R,73.31829573384478
1505896627403.0,Sound_C,74.5687515238686
1505896628758.0,Sound_P,117.43061082221344
1505896628776.0,PodiumIR,107
1505896631990.0,Sound_L,69.70208814448718
1505896632970.0,Temperature_1,25.78
1505896632970.0,Humidity_1,56.07794910604482
1505896632986.0,Temperature_2,23.55
1505896632992.0,Humidity_2,58.91430635986382
1505896636638.0,Sound_R,70.12250274718203
1505896637403.0,Sound_C,72.56143494646398
1505896638782.0,Sound_P,117.87059668637389
1505896638786.0,PodiumIR,103
1505896639641.0,Temperature_1,25.78
1505896639649.0,Humidity_1,56.07794910604482
1505896639653.0,Temperature_2,23.55
1505896639655.0,Humidity_2,58.91430635986382
1505896641990.0,Sound_L,69.77562130834177
1505896646309.0,Temperature_1,25.78
1505896646323.0,Humidity_1,56.07794910604482
1505896646325.0,Temperature_2,23.55
1505896646333.0,Humidity_2,58.91430635986382
1505896646638.0,Sound_R,69.46213749043447
1505896647403.0,Sound_C,71.71895870810572
1505896648791.0,Sound_P,117.62452393936876
1505896648795.0,PodiumIR,111
1505896651990.0,Sound_L,67.17142203156936
1505896652987.0,Temperature_1,25.78
1505896652989.0,Humidity_1,56.07794910604482
1505896653001.0,Humidity_2,58.91430635986382
1505896653005.0,Temperature_2,23.55
1505896656638.0,Sound_R,70.51849745980614
1505896657403.0,Sound_C,68.73863594090295
1505896658800.0,Sound_P,118.32579106267738
1505896658803.0,PodiumIR,96
1505896659660.0,Temperature_1,25.78
1505896659665.0,Humidity_1,56.07794910604482
1505896659669.0,Temperature_2,23.55
1505896659671.0,Humidity_2,58.91430635986382
1505896661990.0,Sound_L,65.53043259624042
1505896666324.0,Temperature_1,25.78
1505896666337.0,Humidity_1,56.07794910604482
1505896666346.0,Temperature_2,23.55
1505896666348.0,Humidity_2,58.91430635986382
1505896666638.0,Sound_R,66.84955208109902
1505896667403.0,Sound_C,66.11390653775067
1505896667532.0,Door,activate
1505896668807.0,Sound_P,118.3521869832679
1505896668811.0,PodiumIR,98
1505896671990.0,Sound_L,64.56882181733432
1505896673000.0,Temperature_1,25.78
1505896673014.0,Humidity_1,56.07794910604482
1505896673019.0,Temperature_2,23.55
1505896673026.0,Humidity_2,58.91430635986382
1505896676638.0,Sound_R,66.93639803711174
1505896677403.0,Sound_C,69.05020242471149
1505896678815.0,Sound_P,117.78897223432665
1505896678819.0,PodiumIR,96
1505896679665.9387,Temperature_1,25.78
1505896679679.9458,Humidity_1,56.07794910604482
1505896679680.9448,Temperature_2,23.55
1505896679688.949,Humidity_2,58.91430635986382
1505896681990.0,Sound_L,65.28498371055716
1505896686330.8774,Temperature_1,25.78
1505896686344.8918,Humidity_1,56.07794910604482
1505896686356.89,Temperature_2,23.55
1505896686363.898,Humidity_2,58.91430635986382
1505896686638.0,Sound_R,70.25873711044956
1505896687403.0,Sound_C,71.63471312653247
1505896688828.0,Sound_P,117.67951907848958
1505896688832.0,PodiumIR,95
1505896691990.0,Sound_L,69.1669402209435
1505896693004.8164,Temperature_1,25.78
1505896693018.8376,Humidity_1,56.07794910604482
1505896693021.847,Humidity_2,58.91430635986382
1505896693023.8347,Temperature_2,23.55
1505896696638.0,Sound_R,73.50030851666646
1505896697403.0,Sound_C,72.73977734198513
1505896698837.0,Sound_P,117.78897223432665
1505896698841.0,PodiumIR,95
1505896699671.7551,Temperature_1,25.78
1505896699678.7837,Humidity_1,56.07794910604482
1505896699687.7795,Temperature_2,23.55
1505896699688.796,Humidity_2,58.91430635986382
1505896704156.0,Door,activate
1505896706338.6938,Temperature_1,25.78
1505896706344.7295,Humidity_1,56.07794910604482
1505896706349.0,Door,activate
