timestamp,sensor_name,value
1510296187374,Seat_8,True
1510296187374,Seat_8,True
1510296189072,Sound_R,71.87505375783589
1510296189355,Motion_8,False
1510296189355,Motion_1,True
1510296189355,Motion_8,False
1510296189355,Motion_1,True
1510296192011,Temperature_1,26.48
1510296192011,Temperature_1,26.48
1510296192017,Humidity_1,23.768140388628584
1510296192017,Humidity_1,23.768140388628584
1510296192019,Brightness_1,90.0
1510296192019,Brightness_1,90.0
1510296193330,Sound_P,65.8563679754536
1510296193330,Sound_P,65.8563679754536
1510296193333,PodiumIR,70
1510296193333,PodiumIR,70
1510296195684,Motion_2,True
1510296195684,Motion_6,False
1510296195684,Motion_2,True
1510296195684,Motion_6,False
1510296198562,Temperature_1,26.48
1510296198562,Temperature_1,26.48
1510296198568,Humidity_1,23.768140388628584
1510296198568,Humidity_1,23.768140388628584
1510296198571,Brightness_1,90.0
1510296198571,Brightness_1,90.0
1510296199072,Sound_R,70.24437635149079
1510296203335,Sound_P,63.95233273361063
1510296203335,Sound_P,63.95233273361063
1510296203338,PodiumIR,78
1510296203338,PodiumIR,78
1510296204960,Temperature_1,26.48
1510296204960,Temperature_1,26.48
1510296204964,Humidity_1,23.768140388628584
1510296204964,Humidity_1,23.768140388628584
1510296204968,Brightness_1,90.0
1510296204968,Brightness_1,90.0
1510296209072,Sound_R,65.0886582600398
1510296211351,Temperature_1,26.48
1510296211351,Temperature_1,26.48
1510296211355,Humidity_1,23.768140388628584
1510296211355,Humidity_1,23.768140388628584
1510296211360,Brightness_1,90.0
1510296211360,Brightness_1,90.0
1510296211657,Motion_7,False
1510296211657,Motion_1,False
1510296211657,Motion_2,False
1510296211657,Motion_7,False
1510296211657,Motion_1,False
1510296211657,Motion_2,False
1510296213341,Sound_P,79.48080653810413
1510296213341,Sound_P,79.48080653810413
1510296213344,PodiumIR,95
1510296213344,PodiumIR,95
1510296217834,Temperature_1,26.48
1510296217834,Temperature_1,26.48
1510296217838,Humidity_1,23.768140388628584
1510296217838,Humidity_1,23.768140388628584
1510296217842,Brightness_1,90.0
1510296217842,Brightness_1,90.0
1510296219072,Sound_R,62.943975810184774
1510296223346,Sound_P,67.01551720930587
1510296223346,Sound_P,67.01551720930587
1510296223349,PodiumIR,77
1510296223349,PodiumIR,77
1510296224368,Temperature_1,26.48
1510296224368,Temperature_1,26.48
1510296224371,Humidity_1,23.768140388628584
1510296224371,Humidity_1,23.768140388628584
1510296224375,Brightness_1,90.0
1510296224375,Brightness_1,90.0
1510296227611,Motion_2,False
1510296227611,Motion_2,False
1510296229072,Sound_R,63.11376361861294
1510296230744,Temperature_1,26.48
1510296230744,Temperature_1,26.48
1510296230748,Humidity_1,23.768140388628584
1510296230748,Humidity_1,23.768140388628584
1510296230753,Brightness_1,90.0
1510296230753,Brightness_1,90.0
1510296233357,Sound_P,73.06392314376754
1510296233357,Sound_P,73.06392314376754
1510296233360,PodiumIR,79
1510296233360,PodiumIR,79
1510296236421,Motion_1,True
1510296236421,Motion_1,True
1510296237110,Temperature_1,26.48
1510296237110,Temperature_1,26.48
1510296237114,Humidity_1,23.768140388628584
1510296237114,Humidity_1,23.768140388628584
1510296237119,Brightness_1,90.0
1510296237119,Brightness_1,90.0
1510296239072,Sound_R,63.09176964487551
1510296243362,Sound_P,65.24535518573873
1510296243362,Sound_P,65.24535518573873
1510296243365,PodiumIR,77
1510296243365,PodiumIR,77
1510296243727,Temperature_1,26.48
1510296243727,Temperature_1,26.48
1510296243731,Humidity_1,23.64482050802776
1510296243731,Humidity_1,23.64482050802776
1510296243735,Brightness_1,94.0
1510296243735,Brightness_1,94.0
1510296245600,Motion_2,False
1510296245600,Motion_2,False
1510296249072,Sound_R,61.02143789003761
1510296250275,Temperature_1,26.48
1510296250275,Temperature_1,26.48
1510296250279,Humidity_1,23.64482050802776
1510296250279,Humidity_1,23.64482050802776
1510296250283,Brightness_1,94.0
1510296250283,Brightness_1,94.0
1510296253367,Sound_P,66.44593723960276
1510296253367,Sound_P,66.44593723960276
1510296253370,PodiumIR,78
1510296253370,PodiumIR,78
1510296256751,Temperature_1,26.48
1510296256751,Temperature_1,26.48
1510296256754,Humidity_1,23.64482050802776
1510296256754,Humidity_1,23.64482050802776
1510296256759,Brightness_1,94.0
1510296256759,Brightness_1,94.0
1510296259072,Sound_R,59.434601752042774
1510296263178,Temperature_1,26.48
1510296263178,Temperature_1,26.48
1510296263182,Humidity_1,23.64482050802776
1510296263182,Humidity_1,23.64482050802776
1510296263186,Brightness_1,94.0
1510296263186,Brightness_1,94.0
1510296263373,Sound_P,65.24535518573873
1510296263373,Sound_P,65.24535518573873
1510296263376,PodiumIR,64
1510296263376,PodiumIR,64
1510296269072,Sound_R,59.34559519456272
1510296269629,Temperature_1,26.48
1510296269629,Temperature_1,26.48
1510296269632,Humidity_1,23.64482050802776
1510296269632,Humidity_1,23.64482050802776
1510296269639,Brightness_1,94.0
1510296269639,Brightness_1,94.0
1510296273378,Sound_P,66.44593723960276
1510296273378,Sound_P,66.44593723960276
1510296273381,PodiumIR,82
1510296273381,PodiumIR,82
1510296276081,Temperature_1,26.48
1510296276081,Temperature_1,26.48
1510296276085,Humidity_1,23.64482050802776
1510296276085,Humidity_1,23.64482050802776
1510296276089,Brightness_1,94.0
1510296276089,Brightness_1,94.0
1510296279072,Sound_R,59.957639273072694
1510296282449,Temperature_1,26.48
1510296282449,Temperature_1,26.48
1510296282453,Humidity_1,23.64482050802776
1510296282453,Humidity_1,23.64482050802776
1510296282457,Brightness_1,94.0
1510296282457,Brightness_1,94.0
1510296283383,Sound_P,65.24535518573873
1510296283383,Sound_P,65.24535518573873
1510296283386,PodiumIR,78
1510296283386,PodiumIR,78
1510296288830,Temperature_1,26.48
1510296288830,Temperature_1,26.48
1510296288833,Humidity_1,23.64482050802776
1510296288833,Humidity_1,23.64482050802776
1510296288837,Brightness_1,94.0
1510296288837,Brightness_1,94.0
1510296289072,Sound_R,65.01991594219062
1510296293389,Sound_P,65.8563679754536
1510296293389,Sound_P,65.8563679754536
1510296293392,PodiumIR,59
1510296293392,PodiumIR,59
1510296295199,Temperature_1,26.48
1510296295199,Temperature_1,26.48
1510296295203,Humidity_1,23.64482050802776
1510296295203,Humidity_1,23.64482050802776
1510296295206,Brightness_1,94.0
1510296295206,Brightness_1,94.0
1510296299072,Sound_R,64.05022519904593
1510296301579,Temperature_1,26.48
1510296301579,Temperature_1,26.48
1510296301583,Humidity_1,23.64482050802776
1510296301583,Humidity_1,23.64482050802776
1510296301589,Brightness_1,94.0
1510296301589,Brightness_1,94.0
1510296303394,Sound_P,69.11838317407611
1510296303394,Sound_P,69.11838317407611
1510296303397,PodiumIR,87
1510296303397,PodiumIR,87
1510296307949,Temperature_1,26.48
1510296307949,Temperature_1,26.48
1510296307953,Humidity_1,23.768140388628584
1510296307953,Humidity_1,23.768140388628584
1510296307956,Brightness_1,91.0
1510296307956,Brightness_1,91.0
1510296309072,Sound_R,63.1045483850824
1510296313399,Sound_P,70.5390318503356
1510296313399,Sound_P,70.5390318503356
1510296313403,PodiumIR,73
1510296313403,PodiumIR,73
1510296314378,Temperature_1,26.48
1510296314378,Temperature_1,26.48
1510296314382,Humidity_1,23.768140388628584
1510296314382,Humidity_1,23.768140388628584
1510296314385,Brightness_1,91.0
1510296314385,Brightness_1,91.0
1510296318860,Motion_1,False
1510296318860,Motion_2,False
1510296318860,Motion_1,False
1510296318860,Motion_2,False
1510296319072,Sound_R,67.34396236291983
1510296320769,Temperature_1,26.48
1510296320769,Temperature_1,26.48
1510296320773,Humidity_1,23.768140388628584
1510296320773,Humidity_1,23.768140388628584
1510296320776,Brightness_1,91.0
1510296320776,Brightness_1,91.0
1510296323405,Sound_P,69.11838317407611
1510296323405,Sound_P,69.11838317407611
1510296323413,PodiumIR,104
1510296323413,PodiumIR,104
1510296327140,Temperature_1,26.48
1510296327140,Temperature_1,26.48
1510296327143,Humidity_1,23.768140388628584
1510296327143,Humidity_1,23.768140388628584
1510296327147,Brightness_1,91.0
1510296327147,Brightness_1,91.0
1510296329072,Sound_R,67.96993106778244
1510296333418,Sound_P,67.56641902255494
1510296333418,Sound_P,67.56641902255494
1510296333421,PodiumIR,76
1510296333421,PodiumIR,76
1510296333625,Temperature_1,26.48
1510296333625,Temperature_1,26.48
1510296333628,Humidity_1,23.768140388628584
1510296333628,Humidity_1,23.768140388628584
1510296333632,Brightness_1,91.0
1510296333632,Brightness_1,91.0
1510296339072,Sound_R,64.40057505960702
1510296340088,Temperature_1,26.48
1510296340088,Temperature_1,26.48
1510296340105,Humidity_1,23.768140388628584
1510296340105,Humidity_1,23.768140388628584
1510296340110,Brightness_1,91.0
1510296340110,Brightness_1,91.0
1510296343423,Sound_P,73.06392314376754
1510296343423,Sound_P,73.06392314376754
1510296343426,PodiumIR,134
1510296343426,PodiumIR,134
1510296346537,Temperature_1,26.48
1510296346537,Temperature_1,26.48
1510296346540,Humidity_1,23.768140388628584
1510296346540,Humidity_1,23.768140388628584
1510296346544,Brightness_1,91.0
1510296346544,Brightness_1,91.0
1510296349072,Sound_R,62.02525401411833
1510296352909,Temperature_1,26.48
1510296352909,Temperature_1,26.48
1510296352913,Humidity_1,23.768140388628584
1510296352913,Humidity_1,23.768140388628584
1510296352916,Brightness_1,91.0
1510296352916,Brightness_1,91.0
1510296353428,Sound_P,65.8563679754536
1510296353428,Sound_P,65.8563679754536
1510296353432,PodiumIR,79
1510296353432,PodiumIR,79
1510296357790,Motion_2,False
1510296357790,Motion_2,False
1510296359072,Sound_R,61.412345475518265
1510296359430,Temperature_1,26.48
1510296359430,Temperature_1,26.48
1510296359433,Humidity_1,23.768140388628584
1510296359433,Humidity_1,23.768140388628584
1510296359436,Brightness_1,91.0
1510296359436,Brightness_1,91.0
1510296363434,Sound_P,73.45017003946069
1510296363434,Sound_P,73.45017003946069
1510296363437,PodiumIR,82
1510296363437,PodiumIR,82
1510296365887,Temperature_1,26.48
1510296365887,Temperature_1,26.48
1510296365890,Humidity_1,23.768140388628584
1510296365890,Humidity_1,23.768140388628584
1510296365893,Brightness_1,91.0
1510296365893,Brightness_1,91.0
1510296369072,Sound_R,62.781949919765715
1510296372246,Temperature_1,26.48
1510296372246,Temperature_1,26.48
1510296372250,Humidity_1,23.64482050802776
1510296372250,Humidity_1,23.64482050802776
1510296372253,Brightness_1,84.0
1510296372253,Brightness_1,84.0
1510296373439,Sound_P,67.56641902255494
1510296373439,Sound_P,67.56641902255494
1510296373442,PodiumIR,78
1510296373442,PodiumIR,78
1510296378682,Temperature_1,26.48
1510296378682,Temperature_1,26.48
1510296378685,Humidity_1,23.64482050802776
1510296378685,Humidity_1,23.64482050802776
1510296378688,Brightness_1,84.0
1510296378688,Brightness_1,84.0
1510296379072,Sound_R,64.36956681631916
1510296383444,Sound_P,65.24535518573873
1510296383444,Sound_P,65.24535518573873
1510296383447,PodiumIR,63
1510296383447,PodiumIR,63
1510296384325,Motion_2,False
1510296384325,Motion_2,False
1510296385058,Temperature_1,26.48
1510296385058,Temperature_1,26.48
1510296385073,Humidity_1,23.64482050802776
1510296385073,Humidity_1,23.64482050802776
1510296385076,Brightness_1,84.0
1510296385076,Brightness_1,84.0
1510296388322,Motion_1,True
1510296388322,Motion_8,True
1510296388322,Motion_1,True
1510296388322,Motion_8,True
1510296389072,Sound_R,64.59431610523364
1510296391487,Temperature_1,26.48
1510296391487,Temperature_1,26.48
1510296391490,Humidity_1,23.64482050802776
1510296391490,Humidity_1,23.64482050802776
1510296391493,Brightness_1,84.0
1510296391493,Brightness_1,84.0
1510296393456,Sound_P,65.8563679754536
1510296393456,Sound_P,65.8563679754536
1510296393459,PodiumIR,82
1510296393459,PodiumIR,82
1510296397858,Temperature_1,26.48
1510296397858,Temperature_1,26.48
1510296397861,Humidity_1,23.64482050802776
1510296397861,Humidity_1,23.64482050802776
1510296397864,Brightness_1,84.0
1510296397864,Brightness_1,84.0
1510296399072,Sound_R,63.22964279495202
1510296403469,Sound_P,66.44593723960276
1510296403469,Sound_P,66.44593723960276
1510296403472,PodiumIR,79
1510296403472,PodiumIR,79
1510296404287,Temperature_1,26.48
1510296404287,Temperature_1,26.48
1510296404290,Humidity_1,23.64482050802776
1510296404290,Humidity_1,23.64482050802776
1510296404293,Brightness_1,84.0
1510296404293,Brightness_1,84.0
1510296409072,Sound_R,62.923084441289554
1510296410750,Temperature_1,26.48
1510296410750,Temperature_1,26.48
1510296410753,Humidity_1,23.64482050802776
1510296410753,Humidity_1,23.64482050802776
1510296410758,Brightness_1,84.0
1510296410758,Brightness_1,84.0
1510296413474,Sound_P,72.26372429269907
1510296413474,Sound_P,72.26372429269907
1510296413478,PodiumIR,55
1510296413478,PodiumIR,55
1510296417197,Temperature_1,26.48
1510296417197,Temperature_1,26.48
1510296417200,Humidity_1,23.64482050802776
1510296417200,Humidity_1,23.64482050802776
1510296417203,Brightness_1,84.0
1510296417203,Brightness_1,84.0
1510296419072,Sound_R,63.11317005390915
1510296423481,Sound_P,68.0998289029382
1510296423481,Sound_P,68.0998289029382
1510296423484,PodiumIR,86
1510296423484,PodiumIR,86
1510296423588,Temperature_1,26.48
1510296423588,Temperature_1,26.48
1510296423591,Humidity_1,23.64482050802776
1510296423591,Humidity_1,23.64482050802776
1510296423594,Brightness_1,84.0
1510296423594,Brightness_1,84.0
1510296426957,Motion_2,False
1510296426957,Motion_1,False
1510296426957,Motion_8,False
1510296426957,Motion_2,False
1510296426957,Motion_1,False
1510296426957,Motion_8,False
1510296429072,Sound_R,62.22055871693373
1510296429990,Temperature_1,26.48
1510296429990,Temperature_1,26.48
1510296429993,Humidity_1,23.64482050802776
1510296429993,Humidity_1,23.64482050802776
1510296429996,Brightness_1,84.0
1510296429996,Brightness_1,84.0
1510296433486,Sound_P,70.0787016850011
1510296433486,Sound_P,70.0787016850011
1510296433490,PodiumIR,74
1510296433490,PodiumIR,74
1510296436436,Temperature_1,26.48
1510296436436,Temperature_1,26.48
1510296436439,Humidity_1,23.64482050802776
1510296436439,Humidity_1,23.64482050802776
1510296436442,Brightness_1,86.0
1510296436442,Brightness_1,86.0
1510296439072,Sound_R,60.66479508638627
1510296442828,Temperature_1,26.48
1510296442828,Temperature_1,26.48
1510296442831,Humidity_1,23.64482050802776
1510296442831,Humidity_1,23.64482050802776
1510296442834,Brightness_1,86.0
1510296442834,Brightness_1,86.0
1510296443492,Sound_P,68.61682354019833
1510296443492,Sound_P,68.61682354019833
1510296443495,PodiumIR,71
1510296443495,PodiumIR,71
1510296449072,Sound_R,62.377932222078755
1510296449241,Temperature_1,26.48
1510296449241,Temperature_1,26.48
1510296449244,Humidity_1,23.64482050802776
1510296449244,Humidity_1,23.64482050802776
1510296449248,Brightness_1,86.0
1510296449248,Brightness_1,86.0
1510296451220,Motion_2,False
1510296451220,Motion_2,False
1510296453503,Sound_P,72.26372429269907
1510296453503,Sound_P,72.26372429269907
1510296453506,PodiumIR,73
1510296453506,PodiumIR,73
1510296455700,Temperature_1,26.48
1510296455700,Temperature_1,26.48
1510296455703,Humidity_1,23.64482050802776
1510296455703,Humidity_1,23.64482050802776
1510296455706,Brightness_1,86.0
1510296455706,Brightness_1,86.0
1510296459072,Sound_R,65.74996849832644
1510296462081,Motion_1,True
1510296462081,Motion_1,True
1510296462143,Temperature_1,26.48
1510296462143,Temperature_1,26.48
1510296462146,Humidity_1,23.64482050802776
1510296462146,Humidity_1,23.64482050802776
1510296462150,Brightness_1,86.0
1510296462150,Brightness_1,86.0
1510296463515,Sound_P,67.56641902255494
1510296463515,Sound_P,67.56641902255494
1510296463518,PodiumIR,81
1510296463518,PodiumIR,81
1510296468558,Temperature_1,26.48
1510296468558,Temperature_1,26.48
1510296468561,Humidity_1,23.64482050802776
1510296468561,Humidity_1,23.64482050802776
1510296468564,Brightness_1,86.0
1510296468564,Brightness_1,86.0
1510296469072,Sound_R,65.65264562321842
1510296469290,Motion_2,False
1510296469290,Motion_2,False
1510296473520,Sound_P,64.61127993529891
1510296473520,Sound_P,64.61127993529891
1510296473523,PodiumIR,114
1510296473523,PodiumIR,114
1510296475011,Temperature_1,26.48
1510296475011,Temperature_1,26.48
1510296475014,Humidity_1,23.64482050802776
1510296475014,Humidity_1,23.64482050802776
1510296475018,Brightness_1,86.0
1510296475018,Brightness_1,86.0
1510296479072,Sound_R,66.23345719351079
1510296481391,Temperature_1,26.48
1510296481391,Temperature_1,26.48
1510296481394,Humidity_1,23.64482050802776
1510296481394,Humidity_1,23.64482050802776
1510296481407,Brightness_1,86.0
1510296481407,Brightness_1,86.0
1510296483526,Sound_P,66.44593723960276
1510296483526,Sound_P,66.44593723960276
1510296483529,PodiumIR,80
1510296483529,PodiumIR,80
1510296487847,Temperature_1,26.48
1510296487847,Temperature_1,26.48
1510296487851,Humidity_1,23.64482050802776
1510296487851,Humidity_1,23.64482050802776
1510296487854,Brightness_1,86.0
1510296487854,Brightness_1,86.0
1510296489072,Sound_R,67.76906262061514
1510296493531,Sound_P,71.42349921662418
1510296493531,Sound_P,71.42349921662418
1510296493534,PodiumIR,63
1510296493534,PodiumIR,63
1510296494293,Temperature_1,26.48
1510296494293,Temperature_1,26.48
1510296494296,Humidity_1,23.64482050802776
1510296494296,Humidity_1,23.64482050802776
1510296494299,Brightness_1,86.0
1510296494299,Brightness_1,86.0
1510296499072,Sound_R,67.4128604240534
1510296500750,Temperature_1,26.72
1510296500750,Temperature_1,26.72
1510296500753,Humidity_1,23.768140388628584
1510296500753,Humidity_1,23.768140388628584
1510296500757,Brightness_1,86.0
1510296500757,Brightness_1,86.0
1510296503536,Sound_P,67.01551720930587
1510296503536,Sound_P,67.01551720930587
1510296503539,PodiumIR,82
1510296503539,PodiumIR,82
1510296507065,Motion_1,False
1510296507065,Motion_2,False
1510296507065,Motion_1,False
1510296507065,Motion_2,False
1510296507201,Temperature_1,26.72
1510296507201,Temperature_1,26.72
1510296507204,Humidity_1,23.768140388628584
1510296507204,Humidity_1,23.768140388628584
1510296507207,Brightness_1,86.0
1510296507207,Brightness_1,86.0
1510296509072,Sound_R,65.3667247494093
1510296513541,Sound_P,68.0998289029382
1510296513541,Sound_P,68.0998289029382
1510296513544,PodiumIR,68
1510296513544,PodiumIR,68
1510296513608,Temperature_1,26.72
1510296513608,Temperature_1,26.72
1510296513611,Humidity_1,23.768140388628584
1510296513611,Humidity_1,23.768140388628584
1510296513613,Brightness_1,86.0
1510296513613,Brightness_1,86.0
1510296519072,Sound_R,65.57240555725133
1510296520037,Temperature_1,26.72
1510296520037,Temperature_1,26.72
1510296520041,Humidity_1,23.768140388628584
1510296520041,Humidity_1,23.768140388628584
1510296520044,Brightness_1,86.0
1510296520044,Brightness_1,86.0
1510296523547,Sound_P,67.01551720930587
1510296523547,Sound_P,67.01551720930587
1510296523550,PodiumIR,85
1510296523550,PodiumIR,85
1510296529072,Sound_R,66.99878265765584
1510296529497,Motion_2,False
1510296529497,Motion_2,False
1510296530548,Motion_1,True
1510296530548,Motion_1,True
1510296533552,Sound_P,64.61127993529891
1510296533552,Sound_P,64.61127993529891
1510296533555,PodiumIR,62
1510296533555,PodiumIR,62
1510296539072,Sound_R,66.53853906214141
1510296541506,Temperature_1,26.72
1510296541506,Temperature_1,26.72
1510296541512,Humidity_1,23.768140388628584
1510296541512,Humidity_1,23.768140388628584
1510296541516,Brightness_1,86.0
1510296541516,Brightness_1,86.0
1510296542404,Motion_2,True
1510296542404,Motion_2,True
1510296543557,Sound_P,76.57687443958919
1510296543557,Sound_P,76.57687443958919
1510296543560,PodiumIR,79
1510296543560,PodiumIR,79
1510296546501,Motion_1,False
1510296546501,Motion_1,False
1510296547956,Temperature_1,26.72
1510296547956,Temperature_1,26.72
1510296547959,Humidity_1,23.768140388628584
1510296547959,Humidity_1,23.768140388628584
1510296547962,Brightness_1,86.0
1510296547962,Brightness_1,86.0
1510296549072,Sound_R,67.38365306390489
1510296553563,Sound_P,70.5390318503356
1510296553563,Sound_P,70.5390318503356
1510296553566,PodiumIR,71
1510296553566,PodiumIR,71
1510296554415,Temperature_1,26.72
1510296554415,Temperature_1,26.72
1510296554419,Humidity_1,23.768140388628584
1510296554419,Humidity_1,23.768140388628584
1510296554422,Brightness_1,86.0
1510296554422,Brightness_1,86.0
1510296559072,Sound_R,66.42865985250681
1510296559098,Motion_2,False
1510296559098,Motion_1,True
1510296559098,Motion_2,False
1510296559098,Motion_1,True
1510296560777,Temperature_1,26.6
1510296560777,Temperature_1,26.6
1510296560780,Humidity_1,23.768140388628584
1510296560780,Humidity_1,23.768140388628584
1510296560783,Brightness_1,87.0
1510296560783,Brightness_1,87.0
1510296563568,Sound_P,65.8563679754536
1510296563568,Sound_P,65.8563679754536
1510296563571,PodiumIR,80
1510296563571,PodiumIR,80
1510296567209,Temperature_1,26.6
1510296567209,Temperature_1,26.6
1510296567212,Humidity_1,23.768140388628584
1510296567212,Humidity_1,23.768140388628584
1510296567215,Brightness_1,87.0
1510296567215,Brightness_1,87.0
1510296569072,Sound_R,64.34664546924975
1510296573573,Sound_P,65.8563679754536
1510296573573,Sound_P,65.8563679754536
1510296573576,PodiumIR,57
1510296573576,PodiumIR,57
1510296573618,Temperature_1,26.6
1510296573618,Temperature_1,26.6
1510296573621,Humidity_1,23.768140388628584
1510296573621,Humidity_1,23.768140388628584
1510296573624,Brightness_1,87.0
1510296573624,Brightness_1,87.0
1510296579072,Sound_R,62.77481901513482
1510296580008,Temperature_1,26.6
1510296580008,Temperature_1,26.6
1510296580011,Humidity_1,23.768140388628584
1510296580011,Humidity_1,23.768140388628584
1510296580014,Brightness_1,87.0
1510296580014,Brightness_1,87.0
1510296583579,Sound_P,66.44593723960276
1510296583579,Sound_P,66.44593723960276
1510296583582,PodiumIR,82
1510296583582,PodiumIR,82
1510296586465,Temperature_1,26.6
1510296586465,Temperature_1,26.6
1510296586468,Humidity_1,23.768140388628584
1510296586468,Humidity_1,23.768140388628584
1510296586472,Brightness_1,87.0
1510296586472,Brightness_1,87.0
1510296589072,Sound_R,62.00576417625439
1510296592837,Temperature_1,26.6
1510296592837,Temperature_1,26.6
1510296592840,Humidity_1,23.768140388628584
1510296592840,Humidity_1,23.768140388628584
1510296592843,Brightness_1,87.0
1510296592843,Brightness_1,87.0
1510296593584,Sound_P,67.01551720930587
1510296593584,Sound_P,67.01551720930587
1510296593587,PodiumIR,75
1510296593587,PodiumIR,75
1510296599072,Sound_R,61.05035925615311
1510296599259,Temperature_1,26.6
1510296599259,Temperature_1,26.6
1510296599262,Humidity_1,23.768140388628584
1510296599262,Humidity_1,23.768140388628584
1510296599269,Brightness_1,87.0
1510296599269,Brightness_1,87.0
1510296603590,Sound_P,67.01551720930587
1510296603590,Sound_P,67.01551720930587
1510296603593,PodiumIR,143
1510296603593,PodiumIR,143
1510296605718,Temperature_1,26.6
1510296605718,Temperature_1,26.6
1510296605721,Humidity_1,23.768140388628584
1510296605721,Humidity_1,23.768140388628584
1510296605724,Brightness_1,87.0
1510296605724,Brightness_1,87.0
1510296609072,Sound_R,57.12871912539273
1510296611601,Motion_2,False
1510296611601,Motion_1,False
1510296611601,Motion_2,False
1510296611601,Motion_1,False
1510296612296,Temperature_1,26.6
1510296612296,Temperature_1,26.6
1510296612300,Humidity_1,23.768140388628584
1510296612300,Humidity_1,23.768140388628584
1510296612303,Brightness_1,87.0
1510296612303,Brightness_1,87.0
1510296613595,Sound_P,67.01551720930587
1510296613595,Sound_P,67.01551720930587
1510296613598,PodiumIR,75
1510296613598,PodiumIR,75
1510296618074,Motion_1,True
1510296618074,Motion_1,True
1510296618711,Temperature_1,26.6
1510296618711,Temperature_1,26.6
1510296618715,Humidity_1,23.768140388628584
1510296618715,Humidity_1,23.768140388628584
1510296618723,Brightness_1,87.0
1510296618723,Brightness_1,87.0
1510296619072,Sound_R,56.84130125390979
1510296623600,Sound_P,64.61127993529891
1510296623600,Sound_P,64.61127993529891
1510296623603,PodiumIR,107
1510296623603,PodiumIR,107
1510296625087,Temperature_1,26.6
1510296625087,Temperature_1,26.6
1510296625090,Humidity_1,23.64482050802776
1510296625090,Humidity_1,23.64482050802776
1510296625093,Brightness_1,89.0
1510296625093,Brightness_1,89.0
1510296629072,Sound_R,62.849036998800216
1510296631511,Temperature_1,26.6
1510296631511,Temperature_1,26.6
1510296631516,Humidity_1,23.64482050802776
1510296631516,Humidity_1,23.64482050802776
1510296631520,Brightness_1,89.0
1510296631520,Brightness_1,89.0
1510296633605,Sound_P,67.56641902255494
1510296633605,Sound_P,67.56641902255494
1510296633608,PodiumIR,79
1510296633608,PodiumIR,79
1510296637966,Temperature_1,26.6
1510296637966,Temperature_1,26.6
1510296637970,Humidity_1,23.64482050802776
1510296637970,Humidity_1,23.64482050802776
1510296637974,Brightness_1,89.0
1510296637974,Brightness_1,89.0
1510296639072,Sound_R,67.1053711830588
1510296643611,Sound_P,69.11838317407611
1510296643611,Sound_P,69.11838317407611
1510296643614,PodiumIR,69
1510296643614,PodiumIR,69
1510296644419,Temperature_1,26.6
1510296644419,Temperature_1,26.6
1510296644423,Humidity_1,23.64482050802776
1510296644423,Humidity_1,23.64482050802776
1510296644426,Brightness_1,89.0
1510296644426,Brightness_1,89.0
1510296649072,Sound_R,65.6755015245164
1510296650798,Temperature_1,26.6
1510296650798,Temperature_1,26.6
1510296650802,Humidity_1,23.64482050802776
1510296650802,Humidity_1,23.64482050802776
1510296650805,Brightness_1,89.0
1510296650805,Brightness_1,89.0
1510296652678,Motion_2,False
1510296652678,Motion_1,False
1510296652678,Seat_8,False
1510296652678,Motion_2,False
1510296652678,Motion_1,False
1510296652678,Seat_8,False
1510296653616,Sound_P,63.95233273361063
1510296653616,Sound_P,63.95233273361063
1510296653619,PodiumIR,105
1510296653619,PodiumIR,105
1510296655694,Seat_8,True
1510296655694,Seat_8,True
1510296657316,Temperature_1,26.6
1510296657316,Temperature_1,26.6
1510296657320,Humidity_1,23.64482050802776
1510296657320,Humidity_1,23.64482050802776
1510296657324,Brightness_1,89.0
1510296657324,Brightness_1,89.0
1510296659072,Sound_R,62.542183999478006
1510296663621,Sound_P,66.44593723960276
1510296663621,Sound_P,66.44593723960276
1510296663624,PodiumIR,79
1510296663624,PodiumIR,79
1510296663718,Temperature_1,26.6
1510296663718,Temperature_1,26.6
1510296663722,Humidity_1,23.64482050802776
1510296663722,Humidity_1,23.64482050802776
1510296663725,Brightness_1,89.0
1510296663725,Brightness_1,89.0
1510296669072,Sound_R,60.96998013348078
1510296670138,Temperature_1,26.6
1510296670138,Temperature_1,26.6
1510296670142,Humidity_1,23.64482050802776
1510296670142,Humidity_1,23.64482050802776
1510296670146,Brightness_1,89.0
1510296670146,Brightness_1,89.0
1510296673627,Sound_P,66.44593723960276
1510296673627,Sound_P,66.44593723960276
1510296673630,PodiumIR,67
1510296673630,PodiumIR,67
1510296676573,Temperature_1,26.6
1510296676573,Temperature_1,26.6
1510296676577,Humidity_1,23.64482050802776
1510296676577,Humidity_1,23.64482050802776
1510296676581,Brightness_1,89.0
1510296676581,Brightness_1,89.0
1510296679072,Sound_R,62.76800778433045
1510296682949,Temperature_1,26.6
1510296682949,Temperature_1,26.6
1510296682952,Humidity_1,23.64482050802776
1510296682952,Humidity_1,23.64482050802776
1510296682956,Brightness_1,89.0
1510296682956,Brightness_1,89.0
1510296683632,Sound_P,68.0998289029382
1510296683632,Sound_P,68.0998289029382
1510296683635,PodiumIR,76
1510296683635,PodiumIR,76
1510296689072,Sound_R,62.40878098870159
1510296689471,Temperature_1,26.6
1510296689471,Temperature_1,26.6
1510296689475,Humidity_1,23.768140388628584
1510296689475,Humidity_1,23.768140388628584
1510296689479,Brightness_1,89.0
1510296689479,Brightness_1,89.0
1510296689842,Motion_2,False
1510296689842,Motion_1,True
1510296689842,Motion_2,False
1510296689842,Motion_1,True
1510296693637,Sound_P,64.61127993529891
1510296693637,Sound_P,64.61127993529891
1510296693640,PodiumIR,81
1510296693640,PodiumIR,81
1510296695831,Temperature_1,26.6
1510296695831,Temperature_1,26.6
1510296695835,Humidity_1,23.768140388628584
1510296695835,Humidity_1,23.768140388628584
1510296695839,Brightness_1,89.0
1510296695839,Brightness_1,89.0
1510296699072,Sound_R,60.798455164337405
1510296702284,Temperature_1,26.6
1510296702284,Temperature_1,26.6
1510296702288,Humidity_1,23.768140388628584
1510296702288,Humidity_1,23.768140388628584
1510296702291,Brightness_1,89.0
1510296702291,Brightness_1,89.0
1510296703643,Sound_P,73.45017003946069
1510296703643,Sound_P,73.45017003946069
1510296703646,PodiumIR,77
1510296703646,PodiumIR,77
1510296708801,Temperature_1,26.6
1510296708801,Temperature_1,26.6
1510296708805,Humidity_1,23.768140388628584
1510296708805,Humidity_1,23.768140388628584
1510296708809,Brightness_1,89.0
1510296708809,Brightness_1,89.0
1510296709072,Sound_R,61.658769412471536
1510296713648,Sound_P,65.24535518573873
1510296713648,Sound_P,65.24535518573873
1510296713656,PodiumIR,83
1510296713656,PodiumIR,83
1510296715182,Temperature_1,26.6
1510296715182,Temperature_1,26.6
1510296715186,Humidity_1,23.768140388628584
1510296715186,Humidity_1,23.768140388628584
1510296715190,Brightness_1,89.0
1510296715190,Brightness_1,89.0
1510296719072,Sound_R,61.34425272754151
1510296721641,Temperature_1,26.6
1510296721641,Temperature_1,26.6
1510296721644,Humidity_1,23.768140388628584
1510296721644,Humidity_1,23.768140388628584
1510296721648,Brightness_1,89.0
1510296721648,Brightness_1,89.0
1510296723659,Sound_P,68.0998289029382
1510296723659,Sound_P,68.0998289029382
1510296723662,PodiumIR,106
1510296723662,PodiumIR,106
1510296726107,Motion_1,False
1510296726107,Motion_2,False
1510296726107,Motion_1,False
1510296726107,Motion_2,False
1510296728081,Temperature_1,26.6
1510296728081,Temperature_1,26.6
1510296728085,Humidity_1,23.768140388628584
1510296728085,Humidity_1,23.768140388628584
1510296728089,Brightness_1,89.0
1510296728089,Brightness_1,89.0
1510296729072,Sound_R,60.690008181479136
1510296733664,Sound_P,66.44593723960276
1510296733664,Sound_P,66.44593723960276
1510296733668,PodiumIR,71
1510296733668,PodiumIR,71
1510296734630,Temperature_1,26.6
1510296734630,Temperature_1,26.6
1510296734633,Humidity_1,23.768140388628584
1510296734633,Humidity_1,23.768140388628584
1510296734637,Brightness_1,89.0
1510296734637,Brightness_1,89.0
1510296739072,Sound_R,64.04553532317689
1510296741029,Temperature_1,26.6
1510296741029,Temperature_1,26.6
1510296741032,Humidity_1,23.768140388628584
1510296741032,Humidity_1,23.768140388628584
1510296741036,Brightness_1,89.0
1510296741036,Brightness_1,89.0
1510296743670,Sound_P,64.61127993529891
1510296743670,Sound_P,64.61127993529891
1510296743673,PodiumIR,78
1510296743673,PodiumIR,78
1510296747430,Temperature_1,26.6
1510296747430,Temperature_1,26.6
1510296747435,Humidity_1,23.768140388628584
1510296747435,Humidity_1,23.768140388628584
1510296747441,Brightness_1,89.0
1510296747441,Brightness_1,89.0
1510296749072,Sound_R,64.9838344332572
1510296753675,Sound_P,67.01551720930587
1510296753675,Sound_P,67.01551720930587
1510296753678,PodiumIR,76
1510296753678,PodiumIR,76
1510296753989,Temperature_1,26.6
1510296753989,Temperature_1,26.6
1510296753993,Humidity_1,23.64482050802776
1510296753993,Humidity_1,23.64482050802776
1510296753997,Brightness_1,84.0
1510296753997,Brightness_1,84.0
1510296759072,Sound_R,63.77447390543202
1510296760443,Temperature_1,26.6
1510296760443,Temperature_1,26.6
1510296760447,Humidity_1,23.64482050802776
1510296760447,Humidity_1,23.64482050802776
1510296760462,Brightness_1,84.0
1510296760462,Brightness_1,84.0
1510296763681,Sound_P,67.01551720930587
1510296763681,Sound_P,67.01551720930587
1510296763684,PodiumIR,87
1510296763684,PodiumIR,87
1510296766838,Temperature_1,26.6
1510296766838,Temperature_1,26.6
1510296766842,Humidity_1,23.64482050802776
1510296766842,Humidity_1,23.64482050802776
1510296766846,Brightness_1,84.0
1510296766846,Brightness_1,84.0
1510296769072,Sound_R,67.1356066509731
1510296773251,Temperature_1,26.6
1510296773251,Temperature_1,26.6
1510296773254,Humidity_1,23.64482050802776
1510296773254,Humidity_1,23.64482050802776
1510296773258,Brightness_1,84.0
1510296773258,Brightness_1,84.0
1510296773686,Sound_P,65.24535518573873
1510296773686,Sound_P,65.24535518573873
1510296773689,PodiumIR,77
1510296773689,PodiumIR,77
1510296779072,Sound_R,69.04714538453642
1510296779686,Temperature_1,26.6
1510296779686,Temperature_1,26.6
1510296779691,Humidity_1,23.64482050802776
1510296779691,Humidity_1,23.64482050802776
1510296779695,Brightness_1,84.0
1510296779695,Brightness_1,84.0
1510296783691,Sound_P,66.44593723960276
1510296783691,Sound_P,66.44593723960276
1510296783694,PodiumIR,66
1510296783694,PodiumIR,66
1510296786059,Temperature_1,26.6
1510296786059,Temperature_1,26.6
1510296786064,Humidity_1,23.64482050802776
1510296786064,Humidity_1,23.64482050802776
1510296786068,Brightness_1,84.0
1510296786068,Brightness_1,84.0
1510296786569,Motion_1,False
1510296786569,Motion_2,True
1510296786569,Motion_1,False
1510296786569,Motion_2,True
1510296789072,Sound_R,66.48252210184295
1510296792496,Temperature_1,26.6
1510296792496,Temperature_1,26.6
1510296792500,Humidity_1,23.64482050802776
1510296792500,Humidity_1,23.64482050802776
1510296792504,Brightness_1,84.0
1510296792504,Brightness_1,84.0
1510296793697,Sound_P,70.5390318503356
1510296793697,Sound_P,70.5390318503356
1510296793700,PodiumIR,114
1510296793700,PodiumIR,114
1510296798879,Temperature_1,26.6
1510296798879,Temperature_1,26.6
1510296798883,Humidity_1,23.64482050802776
1510296798883,Humidity_1,23.64482050802776
1510296798887,Brightness_1,84.0
1510296798887,Brightness_1,84.0
1510296799072,Sound_R,65.49238166685346
1510296803702,Sound_P,66.44593723960276
1510296803702,Sound_P,66.44593723960276
1510296803705,PodiumIR,79
1510296803705,PodiumIR,79
1510296805389,Temperature_1,26.6
1510296805389,Temperature_1,26.6
1510296805393,Humidity_1,23.64482050802776
1510296805393,Humidity_1,23.64482050802776
1510296805396,Brightness_1,84.0
1510296805396,Brightness_1,84.0
1510296807080,Motion_2,False
1510296807080,Motion_1,True
1510296807080,Motion_2,False
1510296807080,Motion_1,True
1510296809072,Sound_R,63.30183219140673
1510296811854,Temperature_1,26.6
1510296811854,Temperature_1,26.6
1510296811858,Humidity_1,23.64482050802776
1510296811858,Humidity_1,23.64482050802776
1510296811862,Brightness_1,84.0
1510296811862,Brightness_1,84.0
1510296813708,Sound_P,65.8563679754536
1510296813708,Sound_P,65.8563679754536
1510296813711,PodiumIR,69
1510296813711,PodiumIR,69
1510296818297,Temperature_1,26.72
1510296818297,Temperature_1,26.72
1510296818301,Humidity_1,23.768140388628584
1510296818301,Humidity_1,23.768140388628584
1510296818305,Brightness_1,90.0
1510296818305,Brightness_1,90.0
1510296819072,Sound_R,63.38478959418131
1510296823713,Sound_P,65.24535518573873
1510296823713,Sound_P,65.24535518573873
1510296823716,PodiumIR,95
1510296823716,PodiumIR,95
1510296824389,Motion_2,False
1510296824389,Motion_1,False
1510296824389,Motion_2,False
1510296824389,Motion_1,False
1510296824756,Temperature_1,26.72
1510296824756,Temperature_1,26.72
1510296824760,Humidity_1,23.768140388628584
1510296824760,Humidity_1,23.768140388628584
1510296824764,Brightness_1,90.0
1510296824764,Brightness_1,90.0
1510296829072,Sound_R,68.20438355579319
1510296831194,Temperature_1,26.72
1510296831194,Temperature_1,26.72
1510296831198,Humidity_1,23.768140388628584
1510296831198,Humidity_1,23.768140388628584
1510296831202,Brightness_1,90.0
1510296831202,Brightness_1,90.0
1510296833719,Sound_P,65.8563679754536
1510296833719,Sound_P,65.8563679754536
1510296833722,PodiumIR,77
1510296833722,PodiumIR,77
1510296837578,Temperature_1,26.72
1510296837578,Temperature_1,26.72
1510296837582,Humidity_1,23.768140388628584
1510296837582,Humidity_1,23.768140388628584
1510296837586,Brightness_1,90.0
1510296837586,Brightness_1,90.0
1510296839072,Sound_R,65.70772386800961
1510296843724,Sound_P,64.61127993529891
1510296843724,Sound_P,64.61127993529891
1510296843727,PodiumIR,80
1510296843727,PodiumIR,80
1510296843995,Temperature_1,26.72
1510296843995,Temperature_1,26.72
1510296843998,Humidity_1,23.768140388628584
1510296843998,Humidity_1,23.768140388628584
1510296844002,Brightness_1,90.0
1510296844002,Brightness_1,90.0
1510296846391,Motion_2,False
1510296846391,Motion_2,False
1510296849072,Sound_R,62.681891023574735
1510296850461,Temperature_1,26.72
1510296850461,Temperature_1,26.72
1510296850465,Humidity_1,23.768140388628584
1510296850465,Humidity_1,23.768140388628584
1510296850469,Brightness_1,90.0
1510296850469,Brightness_1,90.0
1510296853729,Sound_P,68.61682354019833
1510296853729,Sound_P,68.61682354019833
1510296853732,PodiumIR,108
1510296853732,PodiumIR,108
1510296856859,Temperature_1,26.72
1510296856859,Temperature_1,26.72
1510296856862,Humidity_1,23.768140388628584
1510296856862,Humidity_1,23.768140388628584
1510296856866,Brightness_1,90.0
1510296856866,Brightness_1,90.0
1510296858037,Motion_1,True
1510296858037,Motion_1,True
1510296859072,Sound_R,66.69591170172376
1510296859303,Motion_2,True
1510296859303,Motion_2,True
1510296863348,Temperature_1,26.72
1510296863348,Temperature_1,26.72
1510296863352,Humidity_1,23.768140388628584
1510296863352,Humidity_1,23.768140388628584
1510296863356,Brightness_1,90.0
1510296863356,Brightness_1,90.0
1510296863735,Sound_P,69.60540278108363
1510296863735,Sound_P,69.60540278108363
1510296863738,PodiumIR,79
1510296863738,PodiumIR,79
1510296869072,Sound_R,66.88151543470836
1510296869800,Temperature_1,26.72
1510296869800,Temperature_1,26.72
1510296869804,Humidity_1,23.768140388628584
1510296869804,Humidity_1,23.768140388628584
1510296869808,Brightness_1,90.0
1510296869808,Brightness_1,90.0
1510296873740,Sound_P,71.42349921662418
1510296873740,Sound_P,71.42349921662418
1510296873743,PodiumIR,81
1510296873743,PodiumIR,81
1510296876167,Temperature_1,26.72
1510296876167,Temperature_1,26.72
1510296876171,Humidity_1,23.768140388628584
1510296876171,Humidity_1,23.768140388628584
1510296876175,Brightness_1,90.0
1510296876175,Brightness_1,90.0
1510296879072,Sound_R,65.46566650618315
1510296882600,Temperature_1,26.6
1510296882600,Temperature_1,26.6
1510296882604,Humidity_1,23.64482050802776
1510296882604,Humidity_1,23.64482050802776
1510296882609,Brightness_1,87.0
1510296882609,Brightness_1,87.0
1510296883745,Sound_P,73.45017003946069
1510296883745,Sound_P,73.45017003946069
1510296883748,PodiumIR,101
1510296883748,PodiumIR,101
1510296885242,Motion_1,False
1510296885242,Motion_2,False
1510296885242,Motion_1,False
1510296885242,Motion_2,False
1510296889018,Temperature_1,26.6
1510296889018,Temperature_1,26.6
1510296889022,Humidity_1,23.64482050802776
1510296889022,Humidity_1,23.64482050802776
1510296889025,Brightness_1,87.0
1510296889025,Brightness_1,87.0
1510296889072,Sound_R,66.43450912895014
1510296893751,Sound_P,65.24535518573873
1510296893751,Sound_P,65.24535518573873
1510296893754,PodiumIR,76
1510296893754,PodiumIR,76
1510296895421,Temperature_1,26.6
1510296895421,Temperature_1,26.6
1510296895425,Humidity_1,23.64482050802776
1510296895425,Humidity_1,23.64482050802776
1510296895429,Brightness_1,87.0
1510296895429,Brightness_1,87.0
1510296899072,Sound_R,63.46444592850967
1510296901858,Temperature_1,26.6
1510296901858,Temperature_1,26.6
1510296901861,Humidity_1,23.64482050802776
1510296901861,Humidity_1,23.64482050802776
1510296901865,Brightness_1,87.0
1510296901865,Brightness_1,87.0
1510296903756,Sound_P,66.44593723960276
1510296903756,Sound_P,66.44593723960276
1510296903759,PodiumIR,83
1510296903759,PodiumIR,83
1510296908303,Temperature_1,26.6
1510296908303,Temperature_1,26.6
1510296908306,Humidity_1,23.64482050802776
1510296908306,Humidity_1,23.64482050802776
1510296908310,Brightness_1,87.0
1510296908310,Brightness_1,87.0
1510296909072,Sound_R,64.50341476753876
1510296913761,Sound_P,68.0998289029382
1510296913761,Sound_P,68.0998289029382
1510296913772,PodiumIR,66
1510296913772,PodiumIR,66
1510296914741,Temperature_1,26.6
1510296914741,Temperature_1,26.6
1510296914744,Humidity_1,23.64482050802776
1510296914744,Humidity_1,23.64482050802776
1510296914748,Brightness_1,87.0
1510296914748,Brightness_1,87.0
1510296919072,Sound_R,65.52564124031707
1510296921205,Temperature_1,26.6
1510296921205,Temperature_1,26.6
1510296921209,Humidity_1,23.64482050802776
1510296921209,Humidity_1,23.64482050802776
1510296921213,Brightness_1,87.0
1510296921213,Brightness_1,87.0
1510296923783,Sound_P,71.84886370856825
1510296923783,Sound_P,71.84886370856825
1510296923786,PodiumIR,97
1510296923786,PodiumIR,97
1510296923927,Motion_2,False
1510296923927,Motion_2,False
1510296925008,Motion_1,True
1510296925008,Motion_1,True
1510296927672,Temperature_1,26.6
1510296927672,Temperature_1,26.6
1510296927676,Humidity_1,23.64482050802776
1510296927676,Humidity_1,23.64482050802776
1510296927680,Brightness_1,87.0
1510296927680,Brightness_1,87.0
1510296929072,Sound_R,62.523226224837536
1510296933789,Sound_P,68.61682354019833
1510296933789,Sound_P,68.61682354019833
1510296933792,PodiumIR,77
1510296933792,PodiumIR,77
1510296934119,Temperature_1,26.6
1510296934119,Temperature_1,26.6
1510296934122,Humidity_1,23.64482050802776
1510296934122,Humidity_1,23.64482050802776
1510296934126,Brightness_1,87.0
1510296934126,Brightness_1,87.0
1510296939072,Sound_R,62.25080256781316
1510296940617,Temperature_1,26.6
1510296940617,Temperature_1,26.6
1510296940621,Humidity_1,23.64482050802776
1510296940621,Humidity_1,23.64482050802776
1510296940625,Brightness_1,87.0
1510296940625,Brightness_1,87.0
1510296943794,Sound_P,69.60540278108363
1510296943794,Sound_P,69.60540278108363
1510296943797,PodiumIR,75
1510296943797,PodiumIR,75
1510296946978,Temperature_1,26.6
1510296946978,Temperature_1,26.6
1510296946982,Humidity_1,23.768140388628584
1510296946982,Humidity_1,23.768140388628584
1510296946986,Brightness_1,86.0
1510296946986,Brightness_1,86.0
1510296949072,Sound_R,63.93289329517385
1510296953375,Temperature_1,26.6
1510296953375,Temperature_1,26.6
1510296953379,Humidity_1,23.768140388628584
1510296953379,Humidity_1,23.768140388628584
1510296953383,Brightness_1,86.0
1510296953383,Brightness_1,86.0
1510296953799,Sound_P,65.8563679754536
1510296953799,Sound_P,65.8563679754536
1510296953802,PodiumIR,79
1510296953802,PodiumIR,79
1510296959072,Sound_R,63.79044703347478
1510296959820,Temperature_1,26.6
1510296959820,Temperature_1,26.6
1510296959825,Humidity_1,23.768140388628584
1510296959825,Humidity_1,23.768140388628584
1510296959830,Brightness_1,86.0
1510296959830,Brightness_1,86.0
1510296963805,Sound_P,73.82773649063114
1510296963805,Sound_P,73.82773649063114
1510296963808,PodiumIR,76
1510296963808,PodiumIR,76
1510296966262,Temperature_1,26.6
1510296966262,Temperature_1,26.6
1510296966267,Humidity_1,23.768140388628584
1510296966267,Humidity_1,23.768140388628584
1510296966272,Brightness_1,86.0
1510296966272,Brightness_1,86.0
1510296969072,Sound_R,61.284244591451596
1510296972714,Temperature_1,26.6
1510296972714,Temperature_1,26.6
1510296972718,Humidity_1,23.768140388628584
1510296972718,Humidity_1,23.768140388628584
1510296972722,Brightness_1,86.0
1510296972722,Brightness_1,86.0
1510296973810,Sound_P,77.79930435088828
1510296973810,Sound_P,77.79930435088828
1510296973813,PodiumIR,84
1510296973813,PodiumIR,84
1510296979072,Sound_R,59.02828961079539
1510296979165,Temperature_1,26.6
1510296979165,Temperature_1,26.6
1510296979169,Humidity_1,23.768140388628584
1510296979169,Humidity_1,23.768140388628584
1510296979173,Brightness_1,86.0
1510296979173,Brightness_1,86.0
1510296983815,Sound_P,75.59789851419828
1510296983815,Sound_P,75.59789851419828
1510296983819,PodiumIR,60
1510296983819,PodiumIR,60
1510296985616,Temperature_1,26.6
1510296985616,Temperature_1,26.6
1510296985620,Humidity_1,23.768140388628584
1510296985620,Humidity_1,23.768140388628584
1510296985625,Brightness_1,86.0
1510296985625,Brightness_1,86.0
1510296989073,Sound_R,60.593758179936884
1510296992067,Temperature_1,26.6
1510296992067,Temperature_1,26.6
1510296992071,Humidity_1,23.768140388628584
1510296992071,Humidity_1,23.768140388628584
1510296992076,Brightness_1,86.0
1510296992076,Brightness_1,86.0
1510296993821,Sound_P,65.8563679754536
1510296993821,Sound_P,65.8563679754536
1510296993824,PodiumIR,136
1510296993824,PodiumIR,136
1510296998519,Temperature_1,26.6
1510296998519,Temperature_1,26.6
1510296998522,Humidity_1,23.768140388628584
1510296998522,Humidity_1,23.768140388628584
1510296998526,Brightness_1,86.0
1510296998526,Brightness_1,86.0
1510296999072,Sound_R,67.77044754093106
1510297003826,Sound_P,67.56641902255494
1510297003826,Sound_P,67.56641902255494
1510297003829,PodiumIR,77
1510297003829,PodiumIR,77
1510297004925,Temperature_1,26.6
1510297004925,Temperature_1,26.6
1510297004928,Humidity_1,23.768140388628584
1510297004928,Humidity_1,23.768140388628584
1510297004932,Brightness_1,83.0
1510297004932,Brightness_1,83.0
1510297009072,Sound_R,67.59475944515965
1510297011327,Temperature_1,26.6
1510297011327,Temperature_1,26.6
1510297011331,Humidity_1,23.768140388628584
1510297011331,Humidity_1,23.768140388628584
1510297011334,Brightness_1,83.0
1510297011334,Brightness_1,83.0
1510297013832,Sound_P,67.01551720930587
1510297013832,Sound_P,67.01551720930587
1510297013835,PodiumIR,66
1510297013835,PodiumIR,66
1510297017770,Temperature_1,26.6
1510297017770,Temperature_1,26.6
1510297017774,Humidity_1,23.768140388628584
1510297017774,Humidity_1,23.768140388628584
1510297017777,Brightness_1,83.0
1510297017777,Brightness_1,83.0
1510297019072,Sound_R,62.10204537093764
1510297023837,Sound_P,69.11838317407611
1510297023837,Sound_P,69.11838317407611
1510297023840,PodiumIR,75
1510297023840,PodiumIR,75
1510297024231,Temperature_1,26.6
1510297024231,Temperature_1,26.6
1510297024234,Humidity_1,23.768140388628584
1510297024234,Humidity_1,23.768140388628584
1510297024238,Brightness_1,83.0
1510297024238,Brightness_1,83.0
1510297029072,Sound_R,60.72004426720221
1510297030673,Temperature_1,26.6
1510297030673,Temperature_1,26.6
1510297030677,Humidity_1,23.768140388628584
1510297030677,Humidity_1,23.768140388628584
1510297030680,Brightness_1,83.0
1510297030680,Brightness_1,83.0
1510297033842,Sound_P,73.82773649063114
1510297033842,Sound_P,73.82773649063114
1510297033845,PodiumIR,82
1510297033845,PodiumIR,82
1510297037046,Temperature_1,26.6
1510297037046,Temperature_1,26.6
1510297037050,Humidity_1,23.768140388628584
1510297037050,Humidity_1,23.768140388628584
1510297037055,Brightness_1,83.0
1510297037055,Brightness_1,83.0
1510297039072,Sound_R,63.29320753041443
1510297043486,Temperature_1,26.6
1510297043486,Temperature_1,26.6
1510297043490,Humidity_1,23.768140388628584
1510297043490,Humidity_1,23.768140388628584
1510297043494,Brightness_1,83.0
1510297043494,Brightness_1,83.0
1510297043855,Sound_P,66.44593723960276
1510297043855,Sound_P,66.44593723960276
1510297043858,PodiumIR,76
1510297043858,PodiumIR,76
1510297049072,Sound_R,64.98760429876963
1510297049924,Temperature_1,26.6
1510297049924,Temperature_1,26.6
1510297049927,Humidity_1,23.768140388628584
1510297049927,Humidity_1,23.768140388628584
1510297049930,Brightness_1,83.0
1510297049930,Brightness_1,83.0
1510297053860,Sound_P,67.01551720930587
1510297053860,Sound_P,67.01551720930587
1510297053863,PodiumIR,145
1510297053863,PodiumIR,145
1510297055553,Motion_2,False
1510297055553,Motion_1,False
1510297055553,Motion_2,False
1510297055553,Motion_1,False
1510297056376,Temperature_1,26.6
1510297056376,Temperature_1,26.6
1510297056379,Humidity_1,23.768140388628584
1510297056379,Humidity_1,23.768140388628584
1510297056383,Brightness_1,83.0
1510297056383,Brightness_1,83.0
1510297059072,Sound_R,62.14288935375007
1510297059585,Motion_2,True
1510297059585,Motion_2,True
1510297062746,Temperature_1,26.6
1510297062746,Temperature_1,26.6
1510297062749,Humidity_1,23.768140388628584
1510297062749,Humidity_1,23.768140388628584
1510297062754,Brightness_1,83.0
1510297062754,Brightness_1,83.0
1510297063865,Sound_P,65.8563679754536
1510297063865,Sound_P,65.8563679754536
1510297063874,PodiumIR,78
1510297063874,PodiumIR,78
1510297069020,Motion_1,True
1510297069020,Motion_1,True
1510297069072,Sound_R,63.33671435379267
1510297069176,Temperature_1,26.6
1510297069176,Temperature_1,26.6
1510297069179,Humidity_1,23.64482050802776
1510297069179,Humidity_1,23.64482050802776
1510297069182,Brightness_1,82.0
1510297069182,Brightness_1,82.0
1510297073878,Sound_P,69.60540278108363
1510297073878,Sound_P,69.60540278108363
1510297073881,PodiumIR,67
1510297073881,PodiumIR,67
1510297075639,Temperature_1,26.6
1510297075639,Temperature_1,26.6
1510297075642,Humidity_1,23.64482050802776
1510297075642,Humidity_1,23.64482050802776
1510297075645,Brightness_1,82.0
1510297075645,Brightness_1,82.0
1510297078710,Motion_2,False
1510297078710,Motion_2,False
1510297079072,Sound_R,63.24419243494682
1510297082193,Temperature_1,26.6
1510297082193,Temperature_1,26.6
1510297082196,Humidity_1,23.64482050802776
1510297082196,Humidity_1,23.64482050802776
1510297082199,Brightness_1,82.0
1510297082199,Brightness_1,82.0
1510297083891,Sound_P,68.0998289029382
1510297083891,Sound_P,68.0998289029382
1510297083894,PodiumIR,125
1510297083894,PodiumIR,125
1510297088648,Temperature_1,26.6
1510297088648,Temperature_1,26.6
1510297088651,Humidity_1,23.64482050802776
1510297088651,Humidity_1,23.64482050802776
1510297088654,Brightness_1,82.0
1510297088654,Brightness_1,82.0
1510297089072,Sound_R,60.93745890488873
1510297093896,Sound_P,66.44593723960276
1510297093896,Sound_P,66.44593723960276
1510297093903,PodiumIR,77
1510297093903,PodiumIR,77
1510297094673,Motion_1,False
1510297094673,Motion_2,False
1510297094673,Motion_1,False
1510297094673,Motion_2,False
1510297095028,Temperature_1,26.6
1510297095028,Temperature_1,26.6
1510297095031,Humidity_1,23.64482050802776
1510297095031,Humidity_1,23.64482050802776
1510297095034,Brightness_1,82.0
1510297095034,Brightness_1,82.0
1510297099072,Sound_R,61.618964626831634
1510297101439,Temperature_1,26.6
1510297101439,Temperature_1,26.6
1510297101442,Humidity_1,23.64482050802776
1510297101442,Humidity_1,23.64482050802776
1510297101446,Brightness_1,82.0
1510297101446,Brightness_1,82.0
1510297103905,Sound_P,65.24535518573873
1510297103905,Sound_P,65.24535518573873
1510297103908,PodiumIR,85
1510297103908,PodiumIR,85
1510297107894,Temperature_1,26.6
1510297107894,Temperature_1,26.6
1510297107897,Humidity_1,23.64482050802776
1510297107897,Humidity_1,23.64482050802776
1510297107900,Brightness_1,82.0
1510297107900,Brightness_1,82.0
1510297109072,Sound_R,63.90642201053981
1510297110647,Motion_2,False
1510297110647,Motion_1,False
1510297110647,Motion_2,False
1510297110647,Motion_1,False
1510297112888,Motion_8,True
1510297112888,Motion_8,True
1510297113910,Sound_P,67.01551720930587
1510297113910,Sound_P,67.01551720930587
1510297113914,PodiumIR,74
1510297113914,PodiumIR,74
1510297114265,Temperature_1,26.6
1510297114265,Temperature_1,26.6
1510297114269,Humidity_1,23.64482050802776
1510297114269,Humidity_1,23.64482050802776
1510297114272,Brightness_1,82.0
1510297114272,Brightness_1,82.0
1510297119072,Sound_R,65.09051671285698
1510297120684,Temperature_1,26.6
1510297120684,Temperature_1,26.6
1510297120687,Humidity_1,23.64482050802776
1510297120687,Humidity_1,23.64482050802776
1510297120690,Brightness_1,82.0
1510297120690,Brightness_1,82.0
1510297123549,Motion_2,True
1510297123549,Motion_1,False
1510297123549,Motion_2,True
1510297123549,Motion_1,False
1510297123917,Sound_P,72.26372429269907
1510297123917,Sound_P,72.26372429269907
1510297123920,PodiumIR,73
1510297123920,PodiumIR,73
1510297127058,Temperature_1,26.6
1510297127058,Temperature_1,26.6
1510297127062,Humidity_1,23.64482050802776
1510297127062,Humidity_1,23.64482050802776
1510297127065,Brightness_1,82.0
1510297127065,Brightness_1,82.0
1510297128837,Motion_8,False
1510297128837,Motion_8,False
1510297129072,Sound_R,68.29219005497832
1510297133489,Temperature_1,26.72
1510297133489,Temperature_1,26.72
1510297133492,Humidity_1,23.768140388628584
1510297133492,Humidity_1,23.768140388628584
1510297133496,Brightness_1,86.0
1510297133496,Brightness_1,86.0
1510297133922,Sound_P,70.987085069563
1510297133922,Sound_P,70.987085069563
1510297133925,PodiumIR,108
1510297133925,PodiumIR,108
1510297137892,Motion_2,False
1510297137892,Motion_1,True
1510297137892,Motion_2,False
1510297137892,Motion_1,True
1510297139072,Sound_R,69.38954442038067
1510297139522,Motion_2,True
1510297139522,Motion_2,True
1510297139855,Temperature_1,26.72
1510297139855,Temperature_1,26.72
1510297139859,Humidity_1,23.768140388628584
1510297139859,Humidity_1,23.768140388628584
1510297139862,Brightness_1,86.0
1510297139862,Brightness_1,86.0
1510297141749,Motion_8,True
1510297141749,Motion_8,True
1510297141754,Motion_4,True
1510297141754,Motion_6,True
1510297141754,Motion_7,True
1510297141754,Motion_4,True
1510297141754,Motion_6,True
1510297141754,Motion_7,True
1510297143928,Sound_P,76.25684571588656
1510297143928,Sound_P,76.25684571588656
1510297143931,PodiumIR,81
1510297143931,PodiumIR,81
1510297146291,Temperature_1,26.72
1510297146291,Temperature_1,26.72
1510297146294,Humidity_1,23.768140388628584
1510297146294,Humidity_1,23.768140388628584
1510297146300,Brightness_1,86.0
1510297146300,Brightness_1,86.0
1510297149072,Sound_R,66.17262936621036
1510297149669,Door,activate
1510297149669,Door,activate
1510297152685,Temperature_1,26.72
1510297152685,Temperature_1,26.72
1510297152689,Humidity_1,23.768140388628584
1510297152689,Humidity_1,23.768140388628584
1510297152692,Brightness_1,86.0
1510297152692,Brightness_1,86.0
1510297153933,Sound_P,67.01551720930587
1510297153933,Sound_P,67.01551720930587
1510297153936,PodiumIR,107
1510297153936,PodiumIR,107
1510297159066,Temperature_1,26.72
1510297159066,Temperature_1,26.72
1510297159070,Humidity_1,23.768140388628584
1510297159070,Humidity_1,23.768140388628584
1510297159072,Sound_R,66.23962608323802
1510297159074,Brightness_1,86.0
1510297159074,Brightness_1,86.0
1510297163938,Sound_P,67.56641902255494
1510297163938,Sound_P,67.56641902255494
1510297163941,PodiumIR,79
1510297163941,PodiumIR,79
1510297165441,Temperature_1,26.72
1510297165441,Temperature_1,26.72
1510297165445,Humidity_1,23.768140388628584
1510297165445,Humidity_1,23.768140388628584
1510297165449,Brightness_1,86.0
1510297165449,Brightness_1,86.0
1510297169072,Sound_R,67.78130807144346
1510297171994,Temperature_1,26.72
1510297171994,Temperature_1,26.72
1510297171998,Humidity_1,23.768140388628584
1510297171998,Humidity_1,23.768140388628584
1510297172002,Brightness_1,86.0
1510297172002,Brightness_1,86.0
1510297173943,Sound_P,64.61127993529891
1510297173943,Sound_P,64.61127993529891
1510297173946,PodiumIR,56
1510297173946,PodiumIR,56
1510297178548,Temperature_1,26.72
1510297178548,Temperature_1,26.72
1510297178552,Humidity_1,23.768140388628584
1510297178552,Humidity_1,23.768140388628584
1510297178556,Brightness_1,86.0
1510297178556,Brightness_1,86.0
1510297179072,Sound_R,67.02674833334156
1510297183949,Sound_P,66.44593723960276
1510297183949,Sound_P,66.44593723960276
1510297183952,PodiumIR,73
1510297183952,PodiumIR,73
1510297184937,Temperature_1,26.72
1510297184937,Temperature_1,26.72
1510297184941,Humidity_1,23.768140388628584
1510297184941,Humidity_1,23.768140388628584
1510297184945,Brightness_1,86.0
1510297184945,Brightness_1,86.0
1510297189072,Sound_R,65.72971291213447
1510297191342,Temperature_1,26.72
1510297191342,Temperature_1,26.72
1510297191345,Humidity_1,23.768140388628584
1510297191345,Humidity_1,23.768140388628584
1510297191349,Brightness_1,86.0
1510297191349,Brightness_1,86.0
1510297193954,Sound_P,74.55832985633069
1510297193954,Sound_P,74.55832985633069
1510297193957,PodiumIR,74
1510297193957,PodiumIR,74
1510297195457,Seat_8,False
1510297195457,Motion_1,False
1510297195457,Motion_2,False
1510297195457,Motion_8,False
1510297195457,Seat_8,False
1510297195457,Motion_1,False
1510297195457,Motion_2,False
1510297195457,Motion_8,False
1510297195462,Motion_4,False
1510297195462,Motion_6,False
1510297195462,Motion_7,False
1510297195462,Motion_8,True
1510297195462,Motion_1,True
1510297195462,Motion_4,False
1510297195462,Motion_6,False
1510297195462,Motion_7,False
1510297195462,Motion_8,True
1510297195462,Motion_1,True
1510297197705,Temperature_1,26.83
1510297197705,Temperature_1,26.83
1510297197708,Humidity_1,23.89146026922941
1510297197708,Humidity_1,23.89146026922941
1510297197713,Brightness_1,80.0
1510297197713,Brightness_1,80.0
1510297198928,Door,activate
1510297198928,Door,activate
1510297199072,Sound_R,65.0746606724126
1510297199805,Door,activate
1510297199805,Door,activate
1510297203959,Sound_P,68.61682354019833
1510297203959,Sound_P,68.61682354019833
1510297203962,PodiumIR,128
1510297203962,PodiumIR,128
1510297204086,Temperature_1,26.83
1510297204086,Temperature_1,26.83
1510297204090,Humidity_1,23.89146026922941
1510297204090,Humidity_1,23.89146026922941
1510297204094,Brightness_1,80.0
1510297204094,Brightness_1,80.0
1510297205873,Motion_2,True
1510297205873,Motion_2,True
1510297209072,Sound_R,65.83041972935736
1510297210495,Temperature_1,26.83
1510297210495,Temperature_1,26.83
1510297210499,Humidity_1,23.89146026922941
1510297210499,Humidity_1,23.89146026922941
1510297210503,Brightness_1,80.0
1510297210503,Brightness_1,80.0
1510297213965,Sound_P,70.5390318503356
1510297213965,Sound_P,70.5390318503356
1510297213968,PodiumIR,70
1510297213968,PodiumIR,70
1510297214873,Motion_8,False
1510297214873,Motion_1,False
1510297214873,Motion_8,False
1510297214873,Motion_1,False
1510297216876,Temperature_1,26.83
1510297216876,Temperature_1,26.83
1510297216879,Humidity_1,23.89146026922941
1510297216879,Humidity_1,23.89146026922941
1510297216883,Brightness_1,80.0
1510297216883,Brightness_1,80.0
1510297218805,Motion_2,True
1510297218805,Seat_8,True
1510297218805,Motion_2,True
1510297218805,Seat_8,True
1510297219072,Sound_R,64.04176186365717
1510297223300,Temperature_1,26.83
1510297223300,Temperature_1,26.83
1510297223303,Humidity_1,23.89146026922941
1510297223303,Humidity_1,23.89146026922941
1510297223308,Brightness_1,80.0
1510297223308,Brightness_1,80.0
1510297223970,Sound_P,65.24535518573873
1510297223970,Sound_P,65.24535518573873
1510297223979,PodiumIR,73
1510297223979,PodiumIR,73
1510297229072,Sound_R,58.86024272848248
1510297229746,Temperature_1,26.83
1510297229746,Temperature_1,26.83
1510297229750,Humidity_1,23.89146026922941
1510297229750,Humidity_1,23.89146026922941
1510297229754,Brightness_1,80.0
1510297229754,Brightness_1,80.0
1510297233981,Sound_P,65.24535518573873
1510297233981,Sound_P,65.24535518573873
1510297233988,PodiumIR,129
1510297233988,PodiumIR,129
1510297236197,Temperature_1,26.83
1510297236197,Temperature_1,26.83
1510297236201,Humidity_1,23.89146026922941
1510297236201,Humidity_1,23.89146026922941
1510297236205,Brightness_1,80.0
1510297236205,Brightness_1,80.0
1510297236619,Motion_1,False
1510297236619,Seat_8,False
1510297236619,Motion_2,False
1510297236619,Motion_1,False
1510297236619,Seat_8,False
1510297236619,Motion_2,False
1510297239072,Sound_R,59.19368028259705
1510297242669,Temperature_1,26.83
1510297242669,Temperature_1,26.83
1510297242673,Humidity_1,23.89146026922941
1510297242673,Humidity_1,23.89146026922941
1510297242676,Brightness_1,80.0
1510297242676,Brightness_1,80.0
1510297243990,Sound_P,63.95233273361063
1510297243990,Sound_P,63.95233273361063
1510297243993,PodiumIR,78
1510297243993,PodiumIR,78
1510297244984,Motion_2,True
1510297244984,Motion_1,True
1510297244984,Motion_2,True
1510297244984,Motion_1,True
1510297249055,Temperature_1,26.83
1510297249055,Temperature_1,26.83
1510297249059,Humidity_1,23.89146026922941
1510297249059,Humidity_1,23.89146026922941
1510297249063,Brightness_1,80.0
1510297249063,Brightness_1,80.0
1510297249072,Sound_R,59.30136883209883
1510297253228,Motion_8,True
1510297253228,Motion_8,True
1510297253996,Sound_P,65.8563679754536
1510297253996,Sound_P,65.8563679754536
1510297253999,PodiumIR,69
1510297253999,PodiumIR,69
1510297254519,Motion_6,True
1510297254519,Motion_6,True
1510297255449,Temperature_1,26.83
1510297255449,Temperature_1,26.83
1510297255452,Humidity_1,23.89146026922941
1510297255452,Humidity_1,23.89146026922941
1510297255456,Brightness_1,80.0
1510297255456,Brightness_1,80.0
1510297256950,Seat_8,False
1510297256950,Seat_8,False
1510297256955,Motion_7,True
1510297256955,Motion_2,False
1510297256955,Motion_7,True
1510297256955,Motion_2,False
1510297259072,Sound_R,59.296473595028154
1510297261906,Temperature_1,26.72
1510297261906,Temperature_1,26.72
1510297261910,Humidity_1,23.768140388628584
1510297261910,Humidity_1,23.768140388628584
1510297261914,Brightness_1,77.0
1510297261914,Brightness_1,77.0
1510297261952,Door,activate
1510297261952,Door,activate
1510297264001,Sound_P,67.01551720930587
1510297264001,Sound_P,67.01551720930587
1510297264004,PodiumIR,124
1510297264004,PodiumIR,124
1510297268358,Temperature_1,26.72
1510297268358,Temperature_1,26.72
1510297268362,Humidity_1,23.768140388628584
1510297268362,Humidity_1,23.768140388628584
1510297268366,Brightness_1,77.0
1510297268366,Brightness_1,77.0
1510297269072,Sound_R,61.77306103523207
1510297274006,Sound_P,64.61127993529891
1510297274006,Sound_P,64.61127993529891
1510297274009,PodiumIR,76
1510297274009,PodiumIR,76
1510297274750,Temperature_1,26.72
1510297274750,Temperature_1,26.72
1510297274754,Humidity_1,23.768140388628584
1510297274754,Humidity_1,23.768140388628584
1510297274758,Brightness_1,77.0
1510297274758,Brightness_1,77.0
1510297275065,Motion_1,False
1510297275065,Motion_8,False
1510297275065,Motion_6,False
1510297275065,Motion_7,False
1510297275065,Motion_2,True
1510297275065,Motion_1,False
1510297275065,Motion_8,False
1510297275065,Motion_6,False
1510297275065,Motion_7,False
1510297275065,Motion_2,True
1510297276691,Seat_8,True
1510297276691,Seat_8,True
1510297279072,Sound_R,59.919462891021425
1510297281158,Temperature_1,26.72
1510297281158,Temperature_1,26.72
1510297281162,Humidity_1,23.768140388628584
1510297281162,Humidity_1,23.768140388628584
1510297281166,Brightness_1,77.0
1510297281166,Brightness_1,77.0
1510297284011,Sound_P,65.8563679754536
1510297284011,Sound_P,65.8563679754536
1510297284014,PodiumIR,79
1510297284014,PodiumIR,79
1510297287610,Temperature_1,26.72
1510297287610,Temperature_1,26.72
1510297287613,Humidity_1,23.768140388628584
1510297287613,Humidity_1,23.768140388628584
1510297287617,Brightness_1,77.0
1510297287617,Brightness_1,77.0
1510297289072,Sound_R,56.29336921162221
1510297294017,Sound_P,65.24535518573873
1510297294017,Sound_P,65.24535518573873
1510297294020,PodiumIR,68
1510297294020,PodiumIR,68
1510297294039,Temperature_1,26.72
1510297294039,Temperature_1,26.72
1510297294043,Humidity_1,23.768140388628584
1510297294043,Humidity_1,23.768140388628584
1510297294047,Brightness_1,77.0
1510297294047,Brightness_1,77.0
1510297299072,Sound_R,55.18338910569965
1510297299488,Motion_2,False
1510297299488,Motion_2,False
1510297300706,Temperature_1,26.72
1510297300706,Temperature_1,26.72
1510297300710,Humidity_1,23.768140388628584
1510297300710,Humidity_1,23.768140388628584
1510297300713,Brightness_1,77.0
1510297300713,Brightness_1,77.0
1510297304022,Sound_P,67.01551720930587
1510297304022,Sound_P,67.01551720930587
1510297304025,PodiumIR,134
1510297304025,PodiumIR,134
1510297307074,Temperature_1,26.72
1510297307074,Temperature_1,26.72
1510297307078,Humidity_1,23.768140388628584
1510297307078,Humidity_1,23.768140388628584
1510297307081,Brightness_1,77.0
1510297307081,Brightness_1,77.0
1510297309072,Sound_R,56.58586906044487
1510297313454,Temperature_1,26.72
1510297313454,Temperature_1,26.72
1510297313458,Humidity_1,23.768140388628584
1510297313458,Humidity_1,23.768140388628584
1510297313462,Brightness_1,77.0
1510297313462,Brightness_1,77.0
1510297314028,Sound_P,65.24535518573873
1510297314028,Sound_P,65.24535518573873
1510297314030,PodiumIR,82
1510297314030,PodiumIR,82
1510297319072,Sound_R,58.44173859653304
1510297319976,Temperature_1,26.72
1510297319976,Temperature_1,26.72
1510297319980,Humidity_1,23.768140388628584
1510297319980,Humidity_1,23.768140388628584
1510297319984,Brightness_1,77.0
1510297319984,Brightness_1,77.0
1510297324032,Sound_P,65.24535518573873
1510297324032,Sound_P,65.24535518573873
1510297324035,PodiumIR,75
1510297324035,PodiumIR,75
1510297326412,Temperature_1,26.72
1510297326412,Temperature_1,26.72
1510297326415,Humidity_1,23.89146026922941
1510297326415,Humidity_1,23.89146026922941
1510297326419,Brightness_1,77.0
1510297326419,Brightness_1,77.0
1510297329072,Sound_R,57.93666739122869
1510297329974,Motion_2,False
1510297329974,Motion_2,False
1510297332812,Temperature_1,26.72
1510297332812,Temperature_1,26.72
1510297332816,Humidity_1,23.89146026922941
1510297332816,Humidity_1,23.89146026922941
1510297332820,Brightness_1,77.0
1510297332820,Brightness_1,77.0
1510297334038,Sound_P,65.24535518573873
1510297334038,Sound_P,65.24535518573873
1510297334046,PodiumIR,77
1510297334046,PodiumIR,77
1510297336793,Motion_8,True
1510297336793,Motion_1,True
1510297336793,Motion_8,True
1510297336793,Motion_1,True
1510297339072,Sound_R,58.21653122314382
1510297339217,Temperature_1,26.72
1510297339217,Temperature_1,26.72
1510297339220,Humidity_1,23.89146026922941
1510297339220,Humidity_1,23.89146026922941
1510297339224,Brightness_1,77.0
1510297339224,Brightness_1,77.0
1510297341063,Door,activate
1510297341063,Door,activate
1510297341225,Door,activate
1510297341225,Door,activate
1510297342866,Motion_2,True
1510297342866,Motion_2,True
1510297344054,Sound_P,80.00588052151659
1510297344054,Sound_P,80.00588052151659
1510297344057,PodiumIR,58
1510297344057,PodiumIR,58
1510297345599,Temperature_1,26.72
1510297345599,Temperature_1,26.72
1510297345603,Humidity_1,23.89146026922941
1510297345603,Humidity_1,23.89146026922941
1510297345606,Brightness_1,77.0
1510297345606,Brightness_1,77.0
1510297349072,Sound_R,62.686752949220526
1510297352011,Temperature_1,26.72
1510297352011,Temperature_1,26.72
1510297352015,Humidity_1,23.89146026922941
1510297352015,Humidity_1,23.89146026922941
1510297352019,Brightness_1,77.0
1510297352019,Brightness_1,77.0
1510297353351,Motion_8,False
1510297353351,Motion_1,False
1510297353351,Motion_8,False
1510297353351,Motion_1,False
1510297354059,Sound_P,70.0787016850011
1510297354059,Sound_P,70.0787016850011
1510297354062,PodiumIR,82
1510297354062,PodiumIR,82
1510297355793,Motion_2,True
1510297355793,Motion_2,True
1510297358477,Temperature_1,26.72
1510297358477,Temperature_1,26.72
1510297358480,Humidity_1,23.89146026922941
1510297358480,Humidity_1,23.89146026922941
1510297358484,Brightness_1,77.0
1510297358484,Brightness_1,77.0
1510297359072,Sound_R,67.50879695675064
1510297364064,Sound_P,64.61127993529891
1510297364064,Sound_P,64.61127993529891
1510297364067,PodiumIR,102
1510297364067,PodiumIR,102
1510297364889,Temperature_1,26.72
1510297364889,Temperature_1,26.72
1510297364892,Humidity_1,23.89146026922941
1510297364892,Humidity_1,23.89146026922941
1510297364894,Brightness_1,77.0
1510297364894,Brightness_1,77.0
1510297369072,Sound_R,69.36279299362776
1510297371266,Temperature_1,26.72
1510297371266,Temperature_1,26.72
1510297371273,Humidity_1,23.89146026922941
1510297371273,Humidity_1,23.89146026922941
1510297371276,Brightness_1,77.0
1510297371276,Brightness_1,77.0
1510297371761,Motion_1,False
1510297371761,Motion_2,False
1510297371761,Motion_1,False
1510297371761,Motion_2,False
1510297374070,Sound_P,68.0998289029382
1510297374070,Sound_P,68.0998289029382
1510297374073,PodiumIR,93
1510297374073,PodiumIR,93
1510297377930,Temperature_1,26.72
1510297377930,Temperature_1,26.72
1510297377936,Humidity_1,23.89146026922941
1510297377936,Humidity_1,23.89146026922941
1510297377939,Brightness_1,77.0
1510297377939,Brightness_1,77.0
1510297379072,Sound_R,69.16534058153127
1510297384075,Sound_P,65.8563679754536
1510297384075,Sound_P,65.8563679754536
1510297384078,PodiumIR,76
1510297384078,PodiumIR,76
1510297384310,Temperature_1,26.72
1510297384310,Temperature_1,26.72
1510297384317,Humidity_1,23.89146026922941
1510297384317,Humidity_1,23.89146026922941
1510297384320,Brightness_1,77.0
1510297384320,Brightness_1,77.0
1510297389072,Sound_R,65.57239525309939
1510297390769,Temperature_1,26.72
1510297390769,Temperature_1,26.72
1510297390776,Humidity_1,23.89146026922941
1510297390776,Humidity_1,23.89146026922941
1510297390779,Brightness_1,80.0
1510297390779,Brightness_1,80.0
1510297394086,Sound_P,66.44593723960276
1510297394086,Sound_P,66.44593723960276
1510297394089,PodiumIR,77
1510297394089,PodiumIR,77
1510297397273,Temperature_1,26.72
1510297397273,Temperature_1,26.72
1510297397280,Humidity_1,23.89146026922941
1510297397280,Humidity_1,23.89146026922941
1510297397283,Brightness_1,80.0
1510297397283,Brightness_1,80.0
1510297399072,Sound_R,67.8935294330011
1510297403731,Temperature_1,26.72
1510297403731,Temperature_1,26.72
1510297403738,Humidity_1,23.89146026922941
1510297403738,Humidity_1,23.89146026922941
1510297403741,Brightness_1,80.0
1510297403741,Brightness_1,80.0
1510297404092,Sound_P,67.01551720930587
1510297404092,Sound_P,67.01551720930587
1510297404095,PodiumIR,78
1510297404095,PodiumIR,78
1510297406465,Motion_2,False
1510297406465,Motion_2,False
1510297409072,Sound_R,70.25936041198115
1510297410395,Temperature_1,26.72
1510297410395,Temperature_1,26.72
1510297410401,Humidity_1,23.89146026922941
1510297410401,Humidity_1,23.89146026922941
1510297410404,Brightness_1,80.0
1510297410404,Brightness_1,80.0
1510297414097,Sound_P,67.56641902255494
1510297414097,Sound_P,67.56641902255494
1510297414100,PodiumIR,83
1510297414100,PodiumIR,83
1510297416897,Temperature_1,26.72
1510297416897,Temperature_1,26.72
1510297416903,Humidity_1,23.89146026922941
1510297416903,Humidity_1,23.89146026922941
1510297416906,Brightness_1,80.0
1510297416906,Brightness_1,80.0
1510297419072,Sound_R,67.6821000059017
1510297423410,Temperature_1,26.72
1510297423410,Temperature_1,26.72
1510297423416,Humidity_1,23.89146026922941
1510297423416,Humidity_1,23.89146026922941
1510297423420,Brightness_1,80.0
1510297423420,Brightness_1,80.0
1510297424102,Sound_P,70.0787016850011
1510297424102,Sound_P,70.0787016850011
1510297424106,PodiumIR,79
1510297424106,PodiumIR,79
1510297429072,Sound_R,69.70320082007751
1510297429797,Temperature_1,26.72
1510297429797,Temperature_1,26.72
1510297429803,Humidity_1,23.89146026922941
1510297429803,Humidity_1,23.89146026922941
1510297429806,Brightness_1,80.0
1510297429806,Brightness_1,80.0
1510297432689,Motion_2,False
1510297432689,Motion_2,False
1510297434108,Sound_P,66.44593723960276
1510297434108,Sound_P,66.44593723960276
1510297434111,PodiumIR,77
1510297434111,PodiumIR,77
1510297436186,Temperature_1,26.72
1510297436186,Temperature_1,26.72
1510297436193,Humidity_1,23.89146026922941
1510297436193,Humidity_1,23.89146026922941
1510297436195,Brightness_1,80.0
1510297436195,Brightness_1,80.0
1510297439072,Sound_R,68.24708666670101
1510297442644,Temperature_1,26.72
1510297442644,Temperature_1,26.72
1510297442652,Humidity_1,23.89146026922941
1510297442652,Humidity_1,23.89146026922941
1510297442656,Brightness_1,80.0
1510297442656,Brightness_1,80.0
1510297444113,Sound_P,71.84886370856825
1510297444113,Sound_P,71.84886370856825
1510297444116,PodiumIR,76
1510297444116,PodiumIR,76
1510297449072,Sound_R,67.14631888577323
1510297449136,Temperature_1,26.72
1510297449136,Temperature_1,26.72
1510297449149,Humidity_1,23.89146026922941
1510297449149,Humidity_1,23.89146026922941
1510297449156,Brightness_1,80.0
1510297449156,Brightness_1,80.0
1510297451084,Motion_2,False
1510297451084,Motion_1,True
1510297451084,Motion_2,False
1510297451084,Motion_1,True
1510297454118,Sound_P,70.5390318503356
1510297454118,Sound_P,70.5390318503356
1510297454122,PodiumIR,76
1510297454122,PodiumIR,76
1510297455651,Temperature_1,26.72
1510297455651,Temperature_1,26.72
1510297455658,Humidity_1,23.89146026922941
1510297455658,Humidity_1,23.89146026922941
1510297455661,Brightness_1,76.0
1510297455661,Brightness_1,76.0
1510297459072,Sound_R,67.90136905392104
1510297461269,Motion_8,True
1510297461269,Motion_8,True
1510297462303,Temperature_1,26.72
1510297462303,Temperature_1,26.72
1510297462309,Humidity_1,23.89146026922941
1510297462309,Humidity_1,23.89146026922941
1510297462312,Brightness_1,76.0
1510297462312,Brightness_1,76.0
1510297463995,Motion_2,True
1510297463995,Motion_1,False
1510297463995,Motion_2,True
1510297463995,Motion_1,False
1510297464124,Sound_P,72.26372429269907
1510297464124,Sound_P,72.26372429269907
1510297464127,PodiumIR,79
1510297464127,PodiumIR,79
1510297468750,Temperature_1,26.72
1510297468750,Temperature_1,26.72
1510297468756,Humidity_1,23.89146026922941
1510297468756,Humidity_1,23.89146026922941
1510297468761,Brightness_1,76.0
1510297468761,Brightness_1,76.0
1510297469072,Sound_R,66.2327392110883
1510297474130,Sound_P,65.8563679754536
1510297474130,Sound_P,65.8563679754536
1510297474132,PodiumIR,77
1510297474132,PodiumIR,77
1510297475319,Temperature_1,26.72
1510297475319,Temperature_1,26.72
1510297475326,Humidity_1,23.89146026922941
1510297475326,Humidity_1,23.89146026922941
1510297475329,Brightness_1,76.0
1510297475329,Brightness_1,76.0
1510297479073,Sound_R,65.36555128022934
1510297479964,Motion_8,False
1510297479964,Motion_2,False
1510297479964,Motion_8,False
1510297479964,Motion_2,False
1510297481753,Temperature_1,26.72
1510297481753,Temperature_1,26.72
1510297481759,Humidity_1,23.89146026922941
1510297481759,Humidity_1,23.89146026922941
1510297481762,Brightness_1,76.0
1510297481762,Brightness_1,76.0
1510297484135,Sound_P,68.0998289029382
1510297484135,Sound_P,68.0998289029382
1510297484138,PodiumIR,81
1510297484138,PodiumIR,81
1510297488314,Temperature_1,26.72
1510297488314,Temperature_1,26.72
1510297488320,Humidity_1,23.89146026922941
1510297488320,Humidity_1,23.89146026922941
1510297488323,Brightness_1,76.0
1510297488323,Brightness_1,76.0
1510297489072,Sound_R,64.32165959489733
1510297494140,Sound_P,66.44593723960276
1510297494140,Sound_P,66.44593723960276
1510297494143,PodiumIR,76
1510297494143,PodiumIR,76
1510297494768,Temperature_1,26.72
1510297494768,Temperature_1,26.72
1510297494774,Humidity_1,23.89146026922941
1510297494774,Humidity_1,23.89146026922941
1510297494777,Brightness_1,76.0
1510297494777,Brightness_1,76.0
1510297499072,Sound_R,64.57224298446589
1510297499229,Motion_2,False
1510297499229,Motion_2,False
1510297501217,Temperature_1,26.72
1510297501217,Temperature_1,26.72
1510297501224,Humidity_1,23.89146026922941
1510297501224,Humidity_1,23.89146026922941
1510297501226,Brightness_1,76.0
1510297501226,Brightness_1,76.0
1510297504146,Sound_P,67.01551720930587
1510297504146,Sound_P,67.01551720930587
1510297504154,PodiumIR,79
1510297504154,PodiumIR,79
1510297507681,Temperature_1,26.72
1510297507681,Temperature_1,26.72
1510297507687,Humidity_1,23.89146026922941
1510297507687,Humidity_1,23.89146026922941
1510297507690,Brightness_1,76.0
1510297507690,Brightness_1,76.0
1510297509073,Sound_R,65.76094852925577
1510297514117,Temperature_1,26.72
1510297514117,Temperature_1,26.72
1510297514124,Humidity_1,23.89146026922941
1510297514124,Humidity_1,23.89146026922941
1510297514127,Brightness_1,75.0
1510297514127,Brightness_1,75.0
1510297514158,Sound_P,65.8563679754536
1510297514158,Sound_P,65.8563679754536
1510297514161,PodiumIR,82
1510297514161,PodiumIR,82
1510297519072,Sound_R,64.85226970333993
1510297519755,Motion_2,False
1510297519755,Motion_2,False
1510297520492,Temperature_1,26.72
1510297520492,Temperature_1,26.72
1510297520499,Humidity_1,23.89146026922941
1510297520499,Humidity_1,23.89146026922941
1510297520505,Brightness_1,75.0
1510297520505,Brightness_1,75.0
1510297524163,Sound_P,67.01551720930587
1510297524163,Sound_P,67.01551720930587
1510297524166,PodiumIR,80
1510297524166,PodiumIR,80
1510297526866,Temperature_1,26.72
1510297526866,Temperature_1,26.72
1510297526878,Humidity_1,23.89146026922941
1510297526878,Humidity_1,23.89146026922941
1510297526881,Brightness_1,75.0
1510297526881,Brightness_1,75.0
1510297529072,Sound_R,63.30013670832873
1510297533365,Temperature_1,26.72
1510297533365,Temperature_1,26.72
1510297533371,Humidity_1,23.89146026922941
1510297533371,Humidity_1,23.89146026922941
1510297533374,Brightness_1,75.0
1510297533374,Brightness_1,75.0
1510297534169,Sound_P,70.987085069563
1510297534169,Sound_P,70.987085069563
1510297534172,PodiumIR,75
1510297534172,PodiumIR,75
1510297539073,Sound_R,64.22540196765564
1510297539824,Temperature_1,26.72
1510297539824,Temperature_1,26.72
1510297539830,Humidity_1,23.89146026922941
1510297539830,Humidity_1,23.89146026922941
1510297539833,Brightness_1,75.0
1510297539833,Brightness_1,75.0
1510297544183,Sound_P,70.0787016850011
1510297544183,Sound_P,70.0787016850011
1510297544186,PodiumIR,78
1510297544186,PodiumIR,78
1510297546267,Temperature_1,26.72
1510297546267,Temperature_1,26.72
1510297546274,Humidity_1,23.89146026922941
1510297546274,Humidity_1,23.89146026922941
1510297546276,Brightness_1,75.0
1510297546276,Brightness_1,75.0
1510297549073,Sound_R,64.75613213495387
1510297552773,Temperature_1,26.72
1510297552773,Temperature_1,26.72
1510297552789,Humidity_1,23.89146026922941
1510297552789,Humidity_1,23.89146026922941
1510297552792,Brightness_1,75.0
1510297552792,Brightness_1,75.0
1510297553008,Motion_2,False
1510297553008,Motion_2,False
1510297554188,Sound_P,63.95233273361063
1510297554188,Sound_P,63.95233273361063
1510297554191,PodiumIR,78
1510297554191,PodiumIR,78
1510297559073,Sound_R,65.33453835864593
1510297559273,Temperature_1,26.72
1510297559273,Temperature_1,26.72
1510297559279,Humidity_1,23.89146026922941
1510297559279,Humidity_1,23.89146026922941
1510297559282,Brightness_1,75.0
1510297559282,Brightness_1,75.0
1510297564194,Sound_P,63.95233273361063
1510297564194,Sound_P,63.95233273361063
1510297564204,PodiumIR,76
1510297564204,PodiumIR,76
1510297565655,Temperature_1,26.72
1510297565655,Temperature_1,26.72
1510297565661,Humidity_1,23.89146026922941
1510297565661,Humidity_1,23.89146026922941
1510297565664,Brightness_1,75.0
1510297565664,Brightness_1,75.0
1510297568982,Motion_2,False
1510297568982,Motion_2,False
1510297569072,Sound_R,64.60568549833543
1510297572175,Temperature_1,26.72
1510297572175,Temperature_1,26.72
1510297572181,Humidity_1,23.89146026922941
1510297572181,Humidity_1,23.89146026922941
1510297572184,Brightness_1,75.0
1510297572184,Brightness_1,75.0
1510297574214,Sound_P,68.61682354019833
1510297574214,Sound_P,68.61682354019833
1510297574217,PodiumIR,69
1510297574217,PodiumIR,69
1510297578635,Temperature_1,26.72
1510297578635,Temperature_1,26.72
1510297578644,Humidity_1,23.768140388628584
1510297578644,Humidity_1,23.768140388628584
1510297578647,Brightness_1,75.0
1510297578647,Brightness_1,75.0
1510297579072,Sound_R,64.65651543529496
1510297584220,Sound_P,68.0998289029382
1510297584220,Sound_P,68.0998289029382
1510297584230,PodiumIR,71
1510297584230,PodiumIR,71
1510297584945,Motion_2,False
1510297584945,Motion_2,False
1510297585015,Temperature_1,26.72
1510297585015,Temperature_1,26.72
1510297585022,Humidity_1,23.768140388628584
1510297585022,Humidity_1,23.768140388628584
1510297585025,Brightness_1,75.0
1510297585025,Brightness_1,75.0
1510297586991,Motion_1,True
1510297586991,Motion_1,True
1510297589072,Sound_R,65.95757892839049
1510297591530,Temperature_1,26.72
1510297591530,Temperature_1,26.72
1510297591536,Humidity_1,23.768140388628584
1510297591536,Humidity_1,23.768140388628584
1510297591539,Brightness_1,75.0
1510297591539,Brightness_1,75.0
1510297594240,Sound_P,68.61682354019833
1510297594240,Sound_P,68.61682354019833
1510297594244,PodiumIR,71
1510297594244,PodiumIR,71
1510297597980,Temperature_1,26.72
1510297597980,Temperature_1,26.72
1510297597986,Humidity_1,23.768140388628584
1510297597986,Humidity_1,23.768140388628584
1510297597989,Brightness_1,75.0
1510297597989,Brightness_1,75.0
1510297599072,Sound_R,66.83460552702037
1510297604246,Sound_P,64.61127993529891
1510297604246,Sound_P,64.61127993529891
1510297604249,PodiumIR,81
1510297604249,PodiumIR,81
1510297604533,Temperature_1,26.72
1510297604533,Temperature_1,26.72
1510297604539,Humidity_1,23.768140388628584
1510297604539,Humidity_1,23.768140388628584
1510297604542,Brightness_1,75.0
1510297604542,Brightness_1,75.0
1510297609072,Sound_R,67.27730117586218
1510297610943,Temperature_1,26.72
1510297610943,Temperature_1,26.72
1510297610954,Humidity_1,23.768140388628584
1510297610954,Humidity_1,23.768140388628584
1510297610957,Brightness_1,75.0
1510297610957,Brightness_1,75.0
1510297612495,Motion_2,False
1510297612495,Motion_1,False
1510297612495,Motion_2,False
1510297612495,Motion_1,False
1510297613705,Motion_1,True
1510297613705,Motion_1,True
1510297614251,Sound_P,63.95233273361063
1510297614251,Sound_P,63.95233273361063
1510297614254,PodiumIR,80
1510297614254,PodiumIR,80
1510297617334,Temperature_1,26.72
1510297617334,Temperature_1,26.72
1510297617340,Humidity_1,23.768140388628584
1510297617340,Humidity_1,23.768140388628584
1510297617343,Brightness_1,75.0
1510297617343,Brightness_1,75.0
1510297619072,Sound_R,63.3412744547648
1510297623785,Temperature_1,26.72
1510297623785,Temperature_1,26.72
1510297623792,Humidity_1,23.768140388628584
1510297623792,Humidity_1,23.768140388628584
1510297623804,Brightness_1,75.0
1510297623804,Brightness_1,75.0
1510297624257,Sound_P,67.01551720930587
1510297624257,Sound_P,67.01551720930587
1510297624260,PodiumIR,77
1510297624260,PodiumIR,77
1510297629072,Sound_R,58.050361638400396
1510297630346,Temperature_1,26.72
1510297630346,Temperature_1,26.72
1510297630353,Humidity_1,23.768140388628584
1510297630353,Humidity_1,23.768140388628584
1510297630355,Brightness_1,75.0
1510297630355,Brightness_1,75.0
1510297634262,Sound_P,64.61127993529891
1510297634262,Sound_P,64.61127993529891
1510297634265,PodiumIR,102
1510297634265,PodiumIR,102
1510297636750,Temperature_1,26.72
1510297636750,Temperature_1,26.72
1510297636756,Humidity_1,23.768140388628584
1510297636756,Humidity_1,23.768140388628584
1510297636761,Brightness_1,75.0
1510297636761,Brightness_1,75.0
1510297639072,Sound_R,57.094895309183265
1510297643241,Temperature_1,26.72
1510297643241,Temperature_1,26.72
1510297643247,Humidity_1,23.768140388628584
1510297643247,Humidity_1,23.768140388628584
1510297643250,Brightness_1,77.0
1510297643250,Brightness_1,77.0
1510297643841,Motion_2,False
1510297643841,Motion_2,False
1510297643846,Motion_1,False
1510297643846,Motion_2,True
1510297643846,Motion_1,False
1510297643846,Motion_2,True
1510297644267,Sound_P,67.56641902255494
1510297644267,Sound_P,67.56641902255494
1510297644270,PodiumIR,132
1510297644270,PodiumIR,132
1510297644977,Motion_1,True
1510297644977,Motion_1,True
1510297649072,Sound_R,60.05078330779825
1510297649692,Temperature_1,26.72
1510297649692,Temperature_1,26.72
1510297649699,Humidity_1,23.768140388628584
1510297649699,Humidity_1,23.768140388628584
1510297649702,Brightness_1,77.0
1510297649702,Brightness_1,77.0
1510297654272,Sound_P,66.44593723960276
1510297654272,Sound_P,66.44593723960276
1510297654283,PodiumIR,89
1510297654283,PodiumIR,89
1510297656075,Temperature_1,26.72
1510297656075,Temperature_1,26.72
1510297656081,Humidity_1,23.768140388628584
1510297656081,Humidity_1,23.768140388628584
1510297656084,Brightness_1,77.0
1510297656084,Brightness_1,77.0
1510297659072,Sound_R,61.95034939874671
1510297662492,Temperature_1,26.72
1510297662492,Temperature_1,26.72
1510297662499,Humidity_1,23.768140388628584
1510297662499,Humidity_1,23.768140388628584
1510297662502,Brightness_1,77.0
1510297662502,Brightness_1,77.0
1510297664285,Sound_P,66.44593723960276
1510297664285,Sound_P,66.44593723960276
1510297664288,PodiumIR,109
1510297664288,PodiumIR,109
1510297668904,Temperature_1,26.72
1510297668904,Temperature_1,26.72
1510297668915,Humidity_1,23.768140388628584
1510297668915,Humidity_1,23.768140388628584
1510297668918,Brightness_1,77.0
1510297668918,Brightness_1,77.0
1510297669072,Sound_R,63.11108499385443
1510297674291,Sound_P,64.61127993529891
1510297674291,Sound_P,64.61127993529891
1510297674300,PodiumIR,74
1510297674300,PodiumIR,74
1510297675394,Temperature_1,26.72
1510297675394,Temperature_1,26.72
1510297675400,Humidity_1,23.768140388628584
1510297675400,Humidity_1,23.768140388628584
1510297675403,Brightness_1,77.0
1510297675403,Brightness_1,77.0
1510297679072,Sound_R,60.26842887192541
1510297681864,Temperature_1,26.72
1510297681864,Temperature_1,26.72
1510297681870,Humidity_1,23.768140388628584
1510297681870,Humidity_1,23.768140388628584
1510297681873,Brightness_1,77.0
1510297681873,Brightness_1,77.0
1510297684311,Sound_P,64.61127993529891
1510297684311,Sound_P,64.61127993529891
1510297684314,PodiumIR,80
1510297684314,PodiumIR,80
1510297687315,Motion_1,False
1510297687315,Motion_2,False
1510297687315,Motion_1,False
1510297687315,Motion_2,False
1510297688401,Temperature_1,26.72
1510297688401,Temperature_1,26.72
1510297688407,Humidity_1,23.768140388628584
1510297688407,Humidity_1,23.768140388628584
1510297688410,Brightness_1,77.0
1510297688410,Brightness_1,77.0
1510297689072,Sound_R,56.03877312158395
1510297694316,Sound_P,66.44593723960276
1510297694316,Sound_P,66.44593723960276
1510297694319,PodiumIR,83
1510297694319,PodiumIR,83
1510297694774,Temperature_1,26.72
1510297694774,Temperature_1,26.72
1510297694784,Humidity_1,23.768140388628584
1510297694784,Humidity_1,23.768140388628584
1510297694787,Brightness_1,77.0
1510297694787,Brightness_1,77.0
1510297699072,Sound_R,57.845773933440945
1510297701205,Temperature_1,26.72
1510297701205,Temperature_1,26.72
1510297701211,Humidity_1,23.768140388628584
1510297701211,Humidity_1,23.768140388628584
1510297701214,Brightness_1,77.0
1510297701214,Brightness_1,77.0
1510297704321,Sound_P,67.01551720930587
1510297704321,Sound_P,67.01551720930587
1510297704324,PodiumIR,78
1510297704324,PodiumIR,78
1510297707669,Temperature_1,26.72
1510297707669,Temperature_1,26.72
1510297707675,Humidity_1,23.768140388628584
1510297707675,Humidity_1,23.768140388628584
1510297707679,Brightness_1,74.0
1510297707679,Brightness_1,74.0
1510297709072,Sound_R,62.16848213467467
1510297714130,Temperature_1,26.72
1510297714130,Temperature_1,26.72
1510297714136,Humidity_1,23.768140388628584
1510297714136,Humidity_1,23.768140388628584
1510297714139,Brightness_1,74.0
1510297714139,Brightness_1,74.0
1510297714327,Sound_P,67.01551720930587
1510297714327,Sound_P,67.01551720930587
1510297714330,PodiumIR,80
1510297714330,PodiumIR,80
1510297718886,Motion_1,False
1510297718886,Motion_2,False
1510297718886,Motion_1,False
1510297718886,Motion_2,False
1510297719072,Sound_R,62.309480846405286
1510297720570,Temperature_1,26.72
1510297720570,Temperature_1,26.72
1510297720580,Humidity_1,23.768140388628584
1510297720580,Humidity_1,23.768140388628584
1510297720582,Brightness_1,74.0
1510297720582,Brightness_1,74.0
1510297724332,Sound_P,70.987085069563
1510297724332,Sound_P,70.987085069563
1510297724335,PodiumIR,78
1510297724335,PodiumIR,78
1510297726953,Temperature_1,26.72
1510297726953,Temperature_1,26.72
1510297726961,Humidity_1,23.768140388628584
1510297726961,Humidity_1,23.768140388628584
1510297726963,Brightness_1,74.0
1510297726963,Brightness_1,74.0
1510297729072,Sound_R,61.20804052036181
1510297733560,Temperature_1,26.72
1510297733560,Temperature_1,26.72
1510297733566,Humidity_1,23.768140388628584
1510297733566,Humidity_1,23.768140388628584
1510297733569,Brightness_1,74.0
1510297733569,Brightness_1,74.0
1510297734337,Sound_P,66.44593723960276
1510297734337,Sound_P,66.44593723960276
1510297734341,PodiumIR,84
1510297734341,PodiumIR,84
1510297739072,Sound_R,60.742615674720696
1510297740121,Temperature_1,26.72
1510297740121,Temperature_1,26.72
1510297740128,Humidity_1,23.768140388628584
1510297740128,Humidity_1,23.768140388628584
1510297740130,Brightness_1,74.0
1510297740130,Brightness_1,74.0
1510297744343,Sound_P,67.56641902255494
1510297744343,Sound_P,67.56641902255494
1510297744351,PodiumIR,60
1510297744351,PodiumIR,60
1510297746568,Temperature_1,26.72
1510297746568,Temperature_1,26.72
1510297746574,Humidity_1,23.768140388628584
1510297746574,Humidity_1,23.768140388628584
1510297746577,Brightness_1,74.0
1510297746577,Brightness_1,74.0
1510297749072,Sound_R,59.54329888785659
1510297752943,Temperature_1,26.72
1510297752943,Temperature_1,26.72
1510297752950,Humidity_1,23.768140388628584
1510297752950,Humidity_1,23.768140388628584
1510297752953,Brightness_1,74.0
1510297752953,Brightness_1,74.0
1510297754360,Sound_P,69.11838317407611
1510297754360,Sound_P,69.11838317407611
1510297754363,PodiumIR,101
1510297754363,PodiumIR,101
1510297759072,Sound_R,60.04947583513795
1510297759365,Temperature_1,26.72
1510297759365,Temperature_1,26.72
1510297759372,Humidity_1,23.768140388628584
1510297759372,Humidity_1,23.768140388628584
1510297759374,Brightness_1,74.0
1510297759374,Brightness_1,74.0
1510297764366,Sound_P,69.11838317407611
1510297764366,Sound_P,69.11838317407611
1510297764376,PodiumIR,119
1510297764376,PodiumIR,119
1510297765816,Temperature_1,26.72
1510297765816,Temperature_1,26.72
1510297765822,Humidity_1,23.768140388628584
1510297765822,Humidity_1,23.768140388628584
1510297765825,Brightness_1,74.0
1510297765825,Brightness_1,74.0
1510297769072,Sound_R,61.56762099360631
1510297772267,Temperature_1,26.72
1510297772267,Temperature_1,26.72
1510297772273,Humidity_1,23.89146026922941
1510297772273,Humidity_1,23.89146026922941
1510297772276,Brightness_1,74.0
1510297772276,Brightness_1,74.0
1510297774386,Sound_P,67.01551720930587
1510297774386,Sound_P,67.01551720930587
1510297774390,PodiumIR,82
1510297774390,PodiumIR,82
1510297778674,Temperature_1,26.72
1510297778674,Temperature_1,26.72
1510297778681,Humidity_1,23.89146026922941
1510297778681,Humidity_1,23.89146026922941
1510297778684,Brightness_1,74.0
1510297778684,Brightness_1,74.0
1510297779072,Sound_R,62.99180427440137
1510297783536,Motion_2,False
1510297783536,Motion_1,False
1510297783536,Motion_2,False
1510297783536,Motion_1,False
1510297784392,Sound_P,68.0998289029382
1510297784392,Sound_P,68.0998289029382
1510297784395,PodiumIR,79
1510297784395,PodiumIR,79
1510297785044,Temperature_1,26.72
1510297785044,Temperature_1,26.72
1510297785051,Humidity_1,23.89146026922941
1510297785051,Humidity_1,23.89146026922941
1510297785053,Brightness_1,74.0
1510297785053,Brightness_1,74.0
1510297789072,Sound_R,62.05712023864476
1510297791519,Temperature_1,26.72
1510297791519,Temperature_1,26.72
1510297791526,Humidity_1,23.89146026922941
1510297791526,Humidity_1,23.89146026922941
1510297791529,Brightness_1,74.0
1510297791529,Brightness_1,74.0
1510297794397,Sound_P,69.60540278108363
1510297794397,Sound_P,69.60540278108363
1510297794400,PodiumIR,74
1510297794400,PodiumIR,74
1510297797969,Temperature_1,26.72
1510297797969,Temperature_1,26.72
1510297797976,Humidity_1,23.89146026922941
1510297797976,Humidity_1,23.89146026922941
1510297797978,Brightness_1,74.0
1510297797978,Brightness_1,74.0
1510297799072,Sound_R,61.3364698654693
1510297799489,Motion_2,False
1510297799489,Motion_1,False
1510297799489,Motion_2,False
1510297799489,Motion_1,False
1510297804363,Temperature_1,26.72
1510297804363,Temperature_1,26.72
1510297804369,Humidity_1,23.89146026922941
1510297804369,Humidity_1,23.89146026922941
1510297804381,Brightness_1,74.0
1510297804381,Brightness_1,74.0
1510297804402,Sound_P,69.60540278108363
1510297804402,Sound_P,69.60540278108363
1510297804405,PodiumIR,86
1510297804405,PodiumIR,86
1510297809073,Sound_R,61.968809305026404
1510297810770,Temperature_1,26.72
1510297810770,Temperature_1,26.72
1510297810777,Humidity_1,23.89146026922941
1510297810777,Humidity_1,23.89146026922941
1510297810780,Brightness_1,74.0
1510297810780,Brightness_1,74.0
1510297814407,Sound_P,68.0998289029382
1510297814407,Sound_P,68.0998289029382
1510297814411,PodiumIR,79
1510297814411,PodiumIR,79
1510297817324,Temperature_1,26.72
1510297817324,Temperature_1,26.72
1510297817331,Humidity_1,23.89146026922941
1510297817331,Humidity_1,23.89146026922941
1510297817333,Brightness_1,74.0
1510297817333,Brightness_1,74.0
1510297819072,Sound_R,60.17763795304938
1510297823774,Temperature_1,26.72
1510297823774,Temperature_1,26.72
1510297823787,Humidity_1,23.89146026922941
1510297823787,Humidity_1,23.89146026922941
1510297823791,Brightness_1,74.0
1510297823791,Brightness_1,74.0
1510297824413,Sound_P,63.95233273361063
1510297824413,Sound_P,63.95233273361063
1510297824416,PodiumIR,86
1510297824416,PodiumIR,86
1510297829073,Sound_R,58.31894265930702
1510297830173,Temperature_1,26.72
1510297830173,Temperature_1,26.72
1510297830180,Humidity_1,23.89146026922941
1510297830180,Humidity_1,23.89146026922941
1510297830193,Brightness_1,74.0
1510297830193,Brightness_1,74.0
1510297834418,Sound_P,68.0998289029382
1510297834418,Sound_P,68.0998289029382
1510297834421,PodiumIR,57
1510297834421,PodiumIR,57
1510297836629,Motion_2,False
1510297836629,Motion_2,False
1510297836677,Temperature_1,26.72
1510297836677,Temperature_1,26.72
1510297836680,Humidity_1,23.89146026922941
1510297836680,Humidity_1,23.89146026922941
1510297836683,Brightness_1,76.0
1510297836683,Brightness_1,76.0
1510297839072,Sound_R,59.72359810332669
1510297841312,Motion_1,True
1510297841312,Motion_1,True
1510297843044,Temperature_1,26.72
1510297843044,Temperature_1,26.72
1510297843047,Humidity_1,23.89146026922941
1510297843047,Humidity_1,23.89146026922941
1510297843051,Brightness_1,76.0
1510297843051,Brightness_1,76.0
1510297844424,Sound_P,65.8563679754536
1510297844424,Sound_P,65.8563679754536
1510297844427,PodiumIR,105
1510297844427,PodiumIR,105
1510297849072,Sound_R,60.70990616573402
1510297849580,Temperature_1,26.72
1510297849580,Temperature_1,26.72
1510297849583,Humidity_1,23.89146026922941
1510297849583,Humidity_1,23.89146026922941
1510297849587,Brightness_1,76.0
1510297849587,Brightness_1,76.0
1510297854429,Sound_P,69.11838317407611
1510297854429,Sound_P,69.11838317407611
1510297854432,PodiumIR,73
1510297854432,PodiumIR,73
1510297855963,Temperature_1,26.72
1510297855963,Temperature_1,26.72
1510297855966,Humidity_1,23.89146026922941
1510297855966,Humidity_1,23.89146026922941
1510297855970,Brightness_1,76.0
1510297855970,Brightness_1,76.0
1510297859072,Sound_R,59.86262647138184
1510297862380,Temperature_1,26.72
1510297862380,Temperature_1,26.72
1510297862383,Humidity_1,23.89146026922941
1510297862383,Humidity_1,23.89146026922941
1510297862386,Brightness_1,76.0
1510297862386,Brightness_1,76.0
1510297864435,Sound_P,67.01551720930587
1510297864435,Sound_P,67.01551720930587
1510297864438,PodiumIR,75
1510297864438,PodiumIR,75
1510297868762,Temperature_1,26.72
1510297868762,Temperature_1,26.72
1510297868765,Humidity_1,23.89146026922941
1510297868765,Humidity_1,23.89146026922941
1510297868770,Brightness_1,76.0
1510297868770,Brightness_1,76.0
1510297869072,Sound_R,60.88229213327139
1510297874440,Sound_P,67.01551720930587
1510297874440,Sound_P,67.01551720930587
1510297874443,PodiumIR,125
1510297874443,PodiumIR,125
1510297875143,Temperature_1,26.72
1510297875143,Temperature_1,26.72
1510297875146,Humidity_1,23.89146026922941
1510297875146,Humidity_1,23.89146026922941
1510297875149,Brightness_1,76.0
1510297875149,Brightness_1,76.0
1510297879072,Sound_R,62.66144294112798
1510297881529,Temperature_1,26.72
1510297881529,Temperature_1,26.72
1510297881532,Humidity_1,23.89146026922941
1510297881532,Humidity_1,23.89146026922941
1510297881536,Brightness_1,76.0
1510297881536,Brightness_1,76.0
1510297884445,Sound_P,68.61682354019833
1510297884445,Sound_P,68.61682354019833
1510297884449,PodiumIR,77
1510297884449,PodiumIR,77
1510297887989,Temperature_1,26.72
1510297887989,Temperature_1,26.72
1510297887993,Humidity_1,23.89146026922941
1510297887993,Humidity_1,23.89146026922941
1510297887996,Brightness_1,76.0
1510297887996,Brightness_1,76.0
1510297889072,Sound_R,63.685190012279314
1510297892514,Motion_2,False
1510297892514,Motion_1,False
1510297892514,Motion_2,False
1510297892514,Motion_1,False
1510297894451,Sound_P,67.01551720930587
1510297894451,Sound_P,67.01551720930587
1510297894454,PodiumIR,84
1510297894454,PodiumIR,84
1510297894476,Temperature_1,26.72
1510297894476,Temperature_1,26.72
1510297894479,Humidity_1,23.89146026922941
1510297894479,Humidity_1,23.89146026922941
1510297894483,Brightness_1,75.0
1510297894483,Brightness_1,75.0
1510297899072,Sound_R,64.11639967013124
1510297900844,Temperature_1,26.72
1510297900844,Temperature_1,26.72
1510297900847,Humidity_1,23.89146026922941
1510297900847,Humidity_1,23.89146026922941
1510297900851,Brightness_1,75.0
1510297900851,Brightness_1,75.0
1510297904456,Sound_P,65.24535518573873
1510297904456,Sound_P,65.24535518573873
1510297904460,PodiumIR,77
1510297904460,PodiumIR,77
1510297907218,Temperature_1,26.72
1510297907218,Temperature_1,26.72
1510297907221,Humidity_1,23.89146026922941
1510297907221,Humidity_1,23.89146026922941
1510297907224,Brightness_1,75.0
1510297907224,Brightness_1,75.0
1510297909072,Sound_R,66.05611680264789
1510297913795,Temperature_1,26.72
1510297913795,Temperature_1,26.72
1510297913798,Humidity_1,23.89146026922941
1510297913798,Humidity_1,23.89146026922941
1510297913801,Brightness_1,75.0
1510297913801,Brightness_1,75.0
1510297914462,Sound_P,68.0998289029382
1510297914462,Sound_P,68.0998289029382
1510297914465,PodiumIR,81
1510297914465,PodiumIR,81
1510297919072,Sound_R,66.22503128943005
1510297920182,Temperature_1,26.72
1510297920182,Temperature_1,26.72
1510297920185,Humidity_1,23.89146026922941
1510297920185,Humidity_1,23.89146026922941
1510297920188,Brightness_1,75.0
1510297920188,Brightness_1,75.0
1510297924468,Sound_P,67.01551720930587
1510297924468,Sound_P,67.01551720930587
1510297924470,PodiumIR,79
1510297924470,PodiumIR,79
1510297926698,Temperature_1,26.72
1510297926698,Temperature_1,26.72
1510297926701,Humidity_1,23.89146026922941
1510297926701,Humidity_1,23.89146026922941
1510297926704,Brightness_1,75.0
1510297926704,Brightness_1,75.0
1510297929072,Sound_R,62.865281485927056
1510297933085,Temperature_1,26.72
1510297933085,Temperature_1,26.72
1510297933088,Humidity_1,23.89146026922941
1510297933088,Humidity_1,23.89146026922941
1510297933091,Brightness_1,75.0
1510297933091,Brightness_1,75.0
1510297934473,Sound_P,66.44593723960276
1510297934473,Sound_P,66.44593723960276
1510297934476,PodiumIR,93
1510297934476,PodiumIR,93
1510297939072,Sound_R,59.3390499835619
1510297939590,Temperature_1,26.72
1510297939590,Temperature_1,26.72
1510297939593,Humidity_1,23.89146026922941
1510297939593,Humidity_1,23.89146026922941
1510297939596,Brightness_1,75.0
1510297939596,Brightness_1,75.0
1510297944478,Sound_P,65.8563679754536
1510297944478,Sound_P,65.8563679754536
1510297944481,PodiumIR,81
1510297944481,PodiumIR,81
1510297946053,Temperature_1,26.72
1510297946053,Temperature_1,26.72
1510297946056,Humidity_1,23.89146026922941
1510297946056,Humidity_1,23.89146026922941
1510297946059,Brightness_1,75.0
1510297946059,Brightness_1,75.0
1510297949072,Sound_R,57.760818005596434
1510297952596,Temperature_1,26.72
1510297952596,Temperature_1,26.72
1510297952599,Humidity_1,23.89146026922941
1510297952599,Humidity_1,23.89146026922941
1510297952602,Brightness_1,75.0
1510297952602,Brightness_1,75.0
1510297954483,Sound_P,65.8563679754536
1510297954483,Sound_P,65.8563679754536
1510297954486,PodiumIR,77
1510297954486,PodiumIR,77
1510297959072,Sound_R,57.837717513083135
1510297959462,Temperature_1,26.72
1510297959462,Temperature_1,26.72
1510297959473,Humidity_1,23.768140388628584
1510297959473,Humidity_1,23.768140388628584
1510297959477,Brightness_1,75.0
1510297959477,Brightness_1,75.0
1510297964489,Sound_P,64.61127993529891
1510297964489,Sound_P,64.61127993529891
1510297964498,PodiumIR,75
1510297964498,PodiumIR,75
1510297966010,Temperature_1,26.72
1510297966010,Temperature_1,26.72
1510297966013,Humidity_1,23.768140388628584
1510297966013,Humidity_1,23.768140388628584
1510297966017,Brightness_1,75.0
1510297966017,Brightness_1,75.0
1510297969072,Sound_R,60.18124798671989
1510297972473,Temperature_1,26.72
1510297972473,Temperature_1,26.72
1510297972476,Humidity_1,23.768140388628584
1510297972476,Humidity_1,23.768140388628584
1510297972480,Brightness_1,75.0
1510297972480,Brightness_1,75.0
1510297974501,Sound_P,66.44593723960276
1510297974501,Sound_P,66.44593723960276
1510297974519,PodiumIR,81
1510297974519,PodiumIR,81
1510297978868,Temperature_1,26.72
1510297978868,Temperature_1,26.72
1510297978871,Humidity_1,23.768140388628584
1510297978871,Humidity_1,23.768140388628584
1510297978874,Brightness_1,75.0
1510297978874,Brightness_1,75.0
1510297979072,Sound_R,60.177410077941495
1510297984527,Sound_P,68.0998289029382
1510297984527,Sound_P,68.0998289029382
1510297984531,PodiumIR,116
1510297984531,PodiumIR,116
1510297985248,Temperature_1,26.72
1510297985248,Temperature_1,26.72
1510297985251,Humidity_1,23.768140388628584
1510297985251,Humidity_1,23.768140388628584
1510297985255,Brightness_1,75.0
1510297985255,Brightness_1,75.0
1510297988225,Motion_2,False
1510297988225,Motion_2,False
1510297989072,Sound_R,58.994348514255535
1510297991628,Temperature_1,26.72
1510297991628,Temperature_1,26.72
1510297991631,Humidity_1,23.768140388628584
1510297991631,Humidity_1,23.768140388628584
1510297991634,Brightness_1,75.0
1510297991634,Brightness_1,75.0
1510297994542,Sound_P,68.0998289029382
1510297994542,Sound_P,68.0998289029382
1510297994545,PodiumIR,82
1510297994545,PodiumIR,82
1510297998063,Temperature_1,26.72
1510297998063,Temperature_1,26.72
1510297998066,Humidity_1,23.768140388628584
1510297998066,Humidity_1,23.768140388628584
1510297998069,Brightness_1,75.0
1510297998069,Brightness_1,75.0
1510297999072,Sound_R,60.208079524225916
1510298004513,Temperature_1,26.72
1510298004513,Temperature_1,26.72
1510298004516,Humidity_1,23.768140388628584
1510298004516,Humidity_1,23.768140388628584
1510298004520,Brightness_1,75.0
1510298004520,Brightness_1,75.0
1510298004551,Sound_P,68.0998289029382
1510298004551,Sound_P,68.0998289029382
1510298004555,PodiumIR,102
1510298004555,PodiumIR,102
1510298009072,Sound_R,58.44451501408949
1510298010901,Temperature_1,26.72
1510298010901,Temperature_1,26.72
1510298010905,Humidity_1,23.768140388628584
1510298010905,Humidity_1,23.768140388628584
1510298010908,Brightness_1,75.0
1510298010908,Brightness_1,75.0
1510298014562,Sound_P,70.5390318503356
1510298014562,Sound_P,70.5390318503356
1510298014565,PodiumIR,79
1510298014565,PodiumIR,79
1510298017313,Temperature_1,26.72
1510298017313,Temperature_1,26.72
1510298017317,Humidity_1,23.768140388628584
1510298017317,Humidity_1,23.768140388628584
1510298017321,Brightness_1,75.0
1510298017321,Brightness_1,75.0
1510298019072,Sound_R,60.81015801733226
1510298019822,Motion_2,False
1510298019822,Seat_8,False
1510298019822,Motion_2,False
1510298019822,Seat_8,False
1510298023869,Temperature_1,26.83
1510298023869,Temperature_1,26.83
1510298023873,Humidity_1,23.768140388628584
1510298023873,Humidity_1,23.768140388628584
1510298023876,Brightness_1,75.0
1510298023876,Brightness_1,75.0
1510298024571,Sound_P,67.01551720930587
1510298024571,Sound_P,67.01551720930587
1510298024574,PodiumIR,76
1510298024574,PodiumIR,76
1510298029072,Sound_R,63.770878609220006
1510298030271,Temperature_1,26.83
1510298030271,Temperature_1,26.83
1510298030275,Humidity_1,23.768140388628584
1510298030275,Humidity_1,23.768140388628584
1510298030278,Brightness_1,75.0
1510298030278,Brightness_1,75.0
1510298034580,Sound_P,65.8563679754536
1510298034580,Sound_P,65.8563679754536
1510298034583,PodiumIR,78
1510298034583,PodiumIR,78
1510298036667,Temperature_1,26.83
1510298036667,Temperature_1,26.83
1510298036671,Humidity_1,23.768140388628584
1510298036671,Humidity_1,23.768140388628584
1510298036674,Brightness_1,75.0
1510298036674,Brightness_1,75.0
1510298039072,Sound_R,63.64287374707872
1510298043051,Temperature_1,26.83
1510298043051,Temperature_1,26.83
1510298043054,Humidity_1,23.768140388628584
1510298043054,Humidity_1,23.768140388628584
1510298043058,Brightness_1,75.0
1510298043058,Brightness_1,75.0
1510298044305,Motion_2,False
1510298044305,Motion_1,True
1510298044305,Motion_2,False
1510298044305,Motion_1,True
1510298044590,Sound_P,65.8563679754536
1510298044590,Sound_P,65.8563679754536
1510298044593,PodiumIR,120
1510298044593,PodiumIR,120
1510298049072,Sound_R,63.44647389803268
1510298049679,Temperature_1,26.83
1510298049679,Temperature_1,26.83
1510298049682,Humidity_1,23.768140388628584
1510298049682,Humidity_1,23.768140388628584
1510298049686,Brightness_1,75.0
1510298049686,Brightness_1,75.0
1510298054599,Sound_P,68.61682354019833
1510298054599,Sound_P,68.61682354019833
1510298054603,PodiumIR,77
1510298054603,PodiumIR,77
1510298056071,Temperature_1,26.83
1510298056071,Temperature_1,26.83
1510298056075,Humidity_1,23.768140388628584
1510298056075,Humidity_1,23.768140388628584
1510298056078,Brightness_1,75.0
1510298056078,Brightness_1,75.0
1510298059072,Sound_R,62.663432446869756
1510298062473,Temperature_1,26.83
1510298062473,Temperature_1,26.83
1510298062477,Humidity_1,23.768140388628584
1510298062477,Humidity_1,23.768140388628584
1510298062481,Brightness_1,75.0
1510298062481,Brightness_1,75.0
1510298064605,Sound_P,63.95233273361063
1510298064605,Sound_P,63.95233273361063
1510298064609,PodiumIR,73
1510298064609,PodiumIR,73
1510298068901,Temperature_1,26.83
1510298068901,Temperature_1,26.83
1510298068904,Humidity_1,23.768140388628584
1510298068904,Humidity_1,23.768140388628584
1510298068908,Brightness_1,75.0
1510298068908,Brightness_1,75.0
1510298069072,Sound_R,65.57239842266293
1510298072765,Motion_2,False
1510298072765,Motion_2,False
1510298072770,Motion_1,False
1510298072770,Motion_2,True
1510298072770,Motion_1,False
1510298072770,Motion_2,True
1510298074615,Sound_P,65.8563679754536
1510298074615,Sound_P,65.8563679754536
1510298074618,PodiumIR,60
1510298074618,PodiumIR,60
1510298075273,Temperature_1,26.83
1510298075273,Temperature_1,26.83
1510298075276,Humidity_1,23.768140388628584
1510298075276,Humidity_1,23.768140388628584
1510298075280,Brightness_1,75.0
1510298075280,Brightness_1,75.0
1510298079072,Sound_R,65.77200835007046
1510298081641,Temperature_1,26.83
1510298081641,Temperature_1,26.83
1510298081644,Humidity_1,23.768140388628584
1510298081644,Humidity_1,23.768140388628584
1510298081648,Brightness_1,75.0
1510298081648,Brightness_1,75.0
1510298084624,Sound_P,72.26372429269907
1510298084624,Sound_P,72.26372429269907
1510298084627,PodiumIR,87
1510298084627,PodiumIR,87
1510298088089,Temperature_1,26.83
1510298088089,Temperature_1,26.83
1510298088092,Humidity_1,23.89146026922941
1510298088092,Humidity_1,23.89146026922941
1510298088096,Brightness_1,75.0
1510298088096,Brightness_1,75.0
1510298089072,Sound_R,63.37827830517119
1510298093301,Motion_2,False
1510298093301,Motion_1,False
1510298093301,Motion_2,False
1510298093301,Motion_1,False
1510298094524,Temperature_1,26.83
1510298094524,Temperature_1,26.83
1510298094527,Humidity_1,23.89146026922941
1510298094527,Humidity_1,23.89146026922941
1510298094531,Brightness_1,75.0
1510298094531,Brightness_1,75.0
1510298094632,Sound_P,72.26372429269907
1510298094632,Sound_P,72.26372429269907
1510298094635,PodiumIR,84
1510298094635,PodiumIR,84
1510298099072,Sound_R,64.60475697674218
1510298100930,Temperature_1,26.83
1510298100930,Temperature_1,26.83
1510298100934,Humidity_1,23.89146026922941
1510298100934,Humidity_1,23.89146026922941
1510298100938,Brightness_1,75.0
1510298100938,Brightness_1,75.0
1510298104637,Sound_P,64.61127993529891
1510298104637,Sound_P,64.61127993529891
1510298104640,PodiumIR,80
1510298104640,PodiumIR,80
1510298107326,Temperature_1,26.83
1510298107326,Temperature_1,26.83
1510298107330,Humidity_1,23.89146026922941
1510298107330,Humidity_1,23.89146026922941
1510298107334,Brightness_1,75.0
1510298107334,Brightness_1,75.0
1510298109072,Sound_R,64.83505760923659
1510298113878,Temperature_1,26.83
1510298113878,Temperature_1,26.83
1510298113881,Humidity_1,23.89146026922941
1510298113881,Humidity_1,23.89146026922941
1510298113885,Brightness_1,75.0
1510298113885,Brightness_1,75.0
1510298114644,Sound_P,65.24535518573873
1510298114644,Sound_P,65.24535518573873
1510298114647,PodiumIR,140
1510298114647,PodiumIR,140
1510298116499,Motion_2,False
1510298116499,Motion_2,False
1510298119072,Sound_R,61.628615569196086
1510298120329,Temperature_1,26.83
1510298120329,Temperature_1,26.83
1510298120333,Humidity_1,23.89146026922941
1510298120333,Humidity_1,23.89146026922941
1510298120337,Brightness_1,75.0
1510298120337,Brightness_1,75.0
1510298124652,Sound_P,68.0998289029382
1510298124652,Sound_P,68.0998289029382
1510298124655,PodiumIR,78
1510298124655,PodiumIR,78
1510298126725,Temperature_1,26.83
1510298126725,Temperature_1,26.83
1510298126730,Humidity_1,23.89146026922941
1510298126730,Humidity_1,23.89146026922941
1510298126734,Brightness_1,75.0
1510298126734,Brightness_1,75.0
1510298129072,Sound_R,62.079480614882875
1510298133140,Temperature_1,26.83
1510298133140,Temperature_1,26.83
1510298133144,Humidity_1,23.89146026922941
1510298133144,Humidity_1,23.89146026922941
1510298133147,Brightness_1,75.0
1510298133147,Brightness_1,75.0
1510298134661,Sound_P,66.44593723960276
1510298134661,Sound_P,66.44593723960276
1510298134664,PodiumIR,80
1510298134664,PodiumIR,80
1510298139072,Sound_R,63.85438509610543
1510298139481,Motion_2,False
1510298139481,Motion_2,False
1510298139581,Temperature_1,26.83
1510298139581,Temperature_1,26.83
1510298139585,Humidity_1,23.89146026922941
1510298139585,Humidity_1,23.89146026922941
1510298139589,Brightness_1,75.0
1510298139589,Brightness_1,75.0
1510298144667,Sound_P,69.11838317407611
1510298144667,Sound_P,69.11838317407611
1510298144676,PodiumIR,62
1510298144676,PodiumIR,62
1510298144864,Motion_1,True
1510298144864,Motion_1,True
1510298145940,Temperature_1,26.83
1510298145940,Temperature_1,26.83
1510298145943,Humidity_1,23.89146026922941
1510298145943,Humidity_1,23.89146026922941
1510298145947,Brightness_1,75.0
1510298145947,Brightness_1,75.0
1510298149072,Sound_R,64.15734695241507
1510298152381,Temperature_1,26.83
1510298152381,Temperature_1,26.83
1510298152385,Humidity_1,23.89146026922941
1510298152385,Humidity_1,23.89146026922941
1510298152389,Brightness_1,75.0
1510298152389,Brightness_1,75.0
1510298154681,Sound_P,65.8563679754536
1510298154681,Sound_P,65.8563679754536
1510298154684,PodiumIR,82
1510298154684,PodiumIR,82
1510298158751,Temperature_1,26.83
1510298158751,Temperature_1,26.83
1510298158754,Humidity_1,23.89146026922941
1510298158754,Humidity_1,23.89146026922941
1510298158757,Brightness_1,75.0
1510298158757,Brightness_1,75.0
1510298159072,Sound_R,66.73383059270402
1510298164686,Sound_P,68.0998289029382
1510298164686,Sound_P,68.0998289029382
1510298164689,PodiumIR,74
1510298164689,PodiumIR,74
1510298165131,Temperature_1,26.83
1510298165131,Temperature_1,26.83
1510298165134,Humidity_1,23.89146026922941
1510298165134,Humidity_1,23.89146026922941
1510298165137,Brightness_1,75.0
1510298165137,Brightness_1,75.0
1510298169073,Sound_R,65.6942198239836
1510298169327,Motion_2,False
1510298169327,Motion_1,False
1510298169327,Motion_8,True
1510298169327,Motion_2,False
1510298169327,Motion_1,False
1510298169327,Motion_8,True
1510298171536,Temperature_1,26.83
1510298171536,Temperature_1,26.83
1510298171540,Humidity_1,23.89146026922941
1510298171540,Humidity_1,23.89146026922941
1510298171544,Brightness_1,75.0
1510298171544,Brightness_1,75.0
1510298172815,Door,activate
1510298172815,Door,activate
1510298173683,Door,activate
1510298173683,Door,activate
1510298174692,Sound_P,68.61682354019833
1510298174692,Sound_P,68.61682354019833
1510298174695,PodiumIR,77
1510298174695,PodiumIR,77
1510298177886,Motion_2,True
1510298177886,Motion_2,True
1510298177928,Temperature_1,26.83
1510298177928,Temperature_1,26.83
1510298177931,Humidity_1,23.89146026922941
1510298177931,Humidity_1,23.89146026922941
1510298177935,Brightness_1,75.0
1510298177935,Brightness_1,75.0
1510298179072,Sound_R,63.89952097046566
1510298184330,Temperature_1,26.83
1510298184330,Temperature_1,26.83
1510298184333,Humidity_1,23.89146026922941
1510298184333,Humidity_1,23.89146026922941
1510298184337,Brightness_1,75.0
1510298184337,Brightness_1,75.0
1510298184697,Sound_P,64.61127993529891
1510298184697,Sound_P,64.61127993529891
1510298184706,PodiumIR,100
1510298184706,PodiumIR,100
1510298186076,Motion_8,False
1510298186076,Motion_1,False
1510298186076,Motion_8,False
1510298186076,Motion_1,False
1510298189072,Sound_R,64.05828592071663
1510298190751,Temperature_1,26.83
1510298190751,Temperature_1,26.83
1510298190754,Humidity_1,23.89146026922941
1510298190754,Humidity_1,23.89146026922941
1510298190758,Brightness_1,75.0
1510298190758,Brightness_1,75.0
1510298190798,Motion_2,True
1510298190798,Motion_2,True
1510298194711,Sound_P,70.5390318503356
1510298194711,Sound_P,70.5390318503356
1510298194714,PodiumIR,82
1510298194714,PodiumIR,82
1510298197233,Temperature_1,26.83
1510298197233,Temperature_1,26.83
1510298197237,Humidity_1,23.89146026922941
1510298197237,Humidity_1,23.89146026922941
1510298197244,Brightness_1,75.0
1510298197244,Brightness_1,75.0
1510298199072,Sound_R,63.85130058235567
1510298203686,Temperature_1,26.83
1510298203686,Temperature_1,26.83
1510298203689,Humidity_1,23.89146026922941
1510298203689,Humidity_1,23.89146026922941
1510298203700,Brightness_1,75.0
1510298203700,Brightness_1,75.0
1510298204716,Sound_P,67.01551720930587
1510298204716,Sound_P,67.01551720930587
1510298204719,PodiumIR,103
1510298204719,PodiumIR,103
1510298205171,Motion_1,False
1510298205171,Motion_2,False
1510298205171,Motion_1,False
1510298205171,Motion_2,False
1510298209073,Sound_R,64.88840863163337
1510298210135,Temperature_1,26.83
1510298210135,Temperature_1,26.83
1510298210139,Humidity_1,23.89146026922941
1510298210139,Humidity_1,23.89146026922941
1510298210143,Brightness_1,75.0
1510298210143,Brightness_1,75.0
1510298214722,Sound_P,64.61127993529891
1510298214722,Sound_P,64.61127993529891
1510298214724,PodiumIR,82
1510298214724,PodiumIR,82
1510298216587,Temperature_1,26.83
1510298216587,Temperature_1,26.83
1510298216593,Humidity_1,23.89146026922941
1510298216593,Humidity_1,23.89146026922941
1510298216597,Brightness_1,81.0
1510298216597,Brightness_1,81.0
1510298219072,Sound_R,62.92183990686127
1510298222961,Temperature_1,26.83
1510298222961,Temperature_1,26.83
1510298222965,Humidity_1,23.89146026922941
1510298222965,Humidity_1,23.89146026922941
1510298222969,Brightness_1,81.0
1510298222969,Brightness_1,81.0
1510298224727,Sound_P,65.24535518573873
1510298224727,Sound_P,65.24535518573873
1510298224730,PodiumIR,130
1510298224730,PodiumIR,130
1510298224956,Motion_1,False
1510298224956,Motion_2,True
1510298224956,Motion_1,False
1510298224956,Motion_2,True
1510298229072,Sound_R,61.27507701887538
1510298229387,Temperature_1,26.83
1510298229387,Temperature_1,26.83
1510298229390,Humidity_1,23.89146026922941
1510298229390,Humidity_1,23.89146026922941
1510298229394,Brightness_1,81.0
1510298229394,Brightness_1,81.0
1510298234732,Sound_P,68.0998289029382
1510298234732,Sound_P,68.0998289029382
1510298234740,PodiumIR,73
1510298234740,PodiumIR,73
1510298235941,Temperature_1,26.83
1510298235941,Temperature_1,26.83
1510298235946,Humidity_1,23.89146026922941
1510298235946,Humidity_1,23.89146026922941
1510298235950,Brightness_1,81.0
1510298235950,Brightness_1,81.0
1510298239072,Sound_R,60.942157863182786
1510298242392,Temperature_1,26.83
1510298242392,Temperature_1,26.83
1510298242399,Humidity_1,23.89146026922941
1510298242399,Humidity_1,23.89146026922941
1510298242404,Brightness_1,81.0
1510298242404,Brightness_1,81.0
1510298244744,Sound_P,65.24535518573873
1510298244744,Sound_P,65.24535518573873
1510298244747,PodiumIR,137
1510298244747,PodiumIR,137
1510298248771,Temperature_1,26.83
1510298248771,Temperature_1,26.83
1510298248775,Humidity_1,23.89146026922941
1510298248775,Humidity_1,23.89146026922941
1510298248779,Brightness_1,81.0
1510298248779,Brightness_1,81.0
1510298249072,Sound_R,58.045580783548
1510298254750,Sound_P,67.01551720930587
1510298254750,Sound_P,67.01551720930587
1510298254753,PodiumIR,79
1510298254753,PodiumIR,79
1510298254962,Motion_2,False
1510298254962,Motion_2,False
1510298259072,Sound_R,58.88531515429821
1510298264755,Sound_P,68.0998289029382
1510298264755,Sound_P,68.0998289029382
1510298264759,PodiumIR,83
1510298264759,PodiumIR,83
1510298269072,Sound_R,60.325789981447485
1510298270162,Temperature_1,26.83
1510298270162,Temperature_1,26.83
1510298270166,Humidity_1,23.89146026922941
1510298270166,Humidity_1,23.89146026922941
1510298270170,Brightness_1,81.0
1510298270170,Brightness_1,81.0
1510298274766,Sound_P,65.8563679754536
1510298274766,Sound_P,65.8563679754536
1510298274769,PodiumIR,94
1510298274769,PodiumIR,94
1510298276559,Temperature_1,26.83
1510298276559,Temperature_1,26.83
1510298276563,Humidity_1,24.014780149830223
1510298276563,Humidity_1,24.014780149830223
1510298276567,Brightness_1,75.0
1510298276567,Brightness_1,75.0
1510298279072,Sound_R,61.43808904802629
1510298282827,Motion_2,False
1510298282827,Motion_2,False
1510298282929,Temperature_1,26.83
1510298282929,Temperature_1,26.83
1510298282933,Humidity_1,24.014780149830223
1510298282933,Humidity_1,24.014780149830223
1510298282936,Brightness_1,75.0
1510298282936,Brightness_1,75.0
1510298284773,Sound_P,67.01551720930587
1510298284773,Sound_P,67.01551720930587
1510298284777,PodiumIR,80
1510298284777,PodiumIR,80
1510298289072,Sound_R,61.7515483811686
1510298289304,Temperature_1,26.83
1510298289304,Temperature_1,26.83
1510298289307,Humidity_1,24.014780149830223
1510298289307,Humidity_1,24.014780149830223
1510298289311,Brightness_1,75.0
1510298289311,Brightness_1,75.0
1510298294781,Sound_P,67.01551720930587
1510298294781,Sound_P,67.01551720930587
1510298294792,PodiumIR,110
1510298294792,PodiumIR,110
1510298295734,Motion_2,True
1510298295734,Motion_2,True
1510298295852,Temperature_1,26.83
1510298295852,Temperature_1,26.83
1510298295855,Humidity_1,24.014780149830223
1510298295855,Humidity_1,24.014780149830223
1510298295859,Brightness_1,75.0
1510298295859,Brightness_1,75.0
1510298299072,Sound_R,63.192876873527894
1510298302302,Temperature_1,26.83
1510298302302,Temperature_1,26.83
1510298302306,Humidity_1,24.014780149830223
1510298302306,Humidity_1,24.014780149830223
1510298302309,Brightness_1,75.0
1510298302309,Brightness_1,75.0
1510298304796,Sound_P,67.01551720930587
1510298304796,Sound_P,67.01551720930587
1510298304799,PodiumIR,80
1510298304799,PodiumIR,80
1510298308840,Temperature_1,26.83
1510298308840,Temperature_1,26.83
1510298308844,Humidity_1,24.014780149830223
1510298308844,Humidity_1,24.014780149830223
1510298308847,Brightness_1,75.0
1510298308847,Brightness_1,75.0
1510298309072,Sound_R,64.47306935578598
1510298311693,Motion_2,False
1510298311693,Seat_5,False
1510298311693,Motion_2,False
1510298311693,Seat_5,False
1510298314807,Sound_P,66.44593723960276
1510298314807,Sound_P,66.44593723960276
1510298314810,PodiumIR,78
1510298314810,PodiumIR,78
1510298315211,Temperature_1,26.83
1510298315211,Temperature_1,26.83
1510298315218,Humidity_1,24.014780149830223
1510298315218,Humidity_1,24.014780149830223
1510298315221,Brightness_1,75.0
1510298315221,Brightness_1,75.0
1510298319072,Sound_R,61.85211633785328
1510298321595,Temperature_1,26.83
1510298321595,Temperature_1,26.83
1510298321601,Humidity_1,24.014780149830223
1510298321601,Humidity_1,24.014780149830223
1510298321605,Brightness_1,75.0
1510298321605,Brightness_1,75.0
1510298324812,Sound_P,67.01551720930587
1510298324812,Sound_P,67.01551720930587
1510298324815,PodiumIR,120
1510298324815,PodiumIR,120
1510298328022,Temperature_1,26.83
1510298328022,Temperature_1,26.83
1510298328029,Humidity_1,24.014780149830223
1510298328029,Humidity_1,24.014780149830223
1510298328033,Brightness_1,75.0
1510298328033,Brightness_1,75.0
1510298329073,Sound_R,60.27832418059634
1510298330443,Motion_2,False
1510298330443,Motion_1,True
1510298330443,Motion_2,False
1510298330443,Motion_1,True
1510298332204,Motion_2,True
1510298332204,Motion_2,True
1510298334451,Temperature_1,26.83
1510298334451,Temperature_1,26.83
1510298334457,Humidity_1,24.014780149830223
1510298334457,Humidity_1,24.014780149830223
1510298334460,Brightness_1,75.0
1510298334460,Brightness_1,75.0
1510298334818,Sound_P,63.95233273361063
1510298334818,Sound_P,63.95233273361063
1510298334821,PodiumIR,78
1510298334821,PodiumIR,78
1510298339072,Sound_R,60.519135749485706
1510298340856,Temperature_1,26.83
1510298340856,Temperature_1,26.83
1510298340859,Humidity_1,23.89146026922941
1510298340859,Humidity_1,23.89146026922941
1510298340864,Brightness_1,74.0
1510298340864,Brightness_1,74.0
1510298344831,Sound_P,65.8563679754536
1510298344831,Sound_P,65.8563679754536
1510298344834,PodiumIR,88
1510298344834,PodiumIR,88
1510298346396,Motion_1,False
1510298346396,Motion_2,False
1510298346396,Motion_1,False
1510298346396,Motion_2,False
1510298347229,Temperature_1,26.83
1510298347229,Temperature_1,26.83
1510298347233,Humidity_1,23.89146026922941
1510298347233,Humidity_1,23.89146026922941
1510298347236,Brightness_1,74.0
1510298347236,Brightness_1,74.0
1510298349072,Sound_R,61.203695236689875
1510298351119,Motion_2,True
1510298351119,Motion_2,True
1510298353704,Temperature_1,26.83
1510298353704,Temperature_1,26.83
1510298353708,Humidity_1,23.89146026922941
1510298353708,Humidity_1,23.89146026922941
1510298353712,Brightness_1,74.0
1510298353712,Brightness_1,74.0
1510298354836,Sound_P,66.44593723960276
1510298354836,Sound_P,66.44593723960276
1510298354839,PodiumIR,78
1510298354839,PodiumIR,78
1510298359072,Sound_R,62.47369529156082
1510298359303,Motion_1,True
1510298359303,Motion_1,True
1510298360156,Temperature_1,26.83
1510298360156,Temperature_1,26.83
1510298360160,Humidity_1,23.89146026922941
1510298360160,Humidity_1,23.89146026922941
1510298360164,Brightness_1,74.0
1510298360164,Brightness_1,74.0
1510298364841,Sound_P,63.26648240367583
1510298364841,Sound_P,63.26648240367583
1510298364844,PodiumIR,61
1510298364844,PodiumIR,61
1510298366712,Temperature_1,26.83
1510298366712,Temperature_1,26.83
1510298366716,Humidity_1,23.89146026922941
1510298366716,Humidity_1,23.89146026922941
1510298366720,Brightness_1,74.0
1510298366720,Brightness_1,74.0
1510298367082,Motion_2,False
1510298367082,Motion_2,False
1510298369072,Sound_R,63.32648300858302
1510298373171,Temperature_1,26.83
1510298373171,Temperature_1,26.83
1510298373174,Humidity_1,23.89146026922941
1510298373174,Humidity_1,23.89146026922941
1510298373178,Brightness_1,74.0
1510298373178,Brightness_1,74.0
1510298374847,Sound_P,66.44593723960276
1510298374847,Sound_P,66.44593723960276
1510298374850,PodiumIR,74
1510298374850,PodiumIR,74
1510298379072,Sound_R,65.58724371934447
1510298379611,Temperature_1,26.83
1510298379611,Temperature_1,26.83
1510298379614,Humidity_1,23.89146026922941
1510298379614,Humidity_1,23.89146026922941
1510298379619,Brightness_1,74.0
1510298379619,Brightness_1,74.0
1510298381320,Motion_1,False
1510298381320,Motion_2,False
1510298381320,Motion_1,False
1510298381320,Motion_2,False
1510298383051,Motion_2,True
1510298383051,Motion_2,True
1510298384852,Sound_P,65.8563679754536
1510298384852,Sound_P,65.8563679754536
1510298384855,PodiumIR,73
1510298384855,PodiumIR,73
1510298386068,Temperature_1,26.83
1510298386068,Temperature_1,26.83
1510298386072,Humidity_1,23.89146026922941
1510298386072,Humidity_1,23.89146026922941
1510298386076,Brightness_1,74.0
1510298386076,Brightness_1,74.0
1510298389072,Sound_R,65.53408963810857
1510298392524,Temperature_1,26.83
1510298392524,Temperature_1,26.83
1510298392528,Humidity_1,23.89146026922941
1510298392528,Humidity_1,23.89146026922941
1510298392532,Brightness_1,74.0
1510298392532,Brightness_1,74.0
1510298394857,Sound_P,65.8563679754536
1510298394857,Sound_P,65.8563679754536
1510298394860,PodiumIR,77
1510298394860,PodiumIR,77
1510298398898,Temperature_1,26.83
1510298398898,Temperature_1,26.83
1510298398902,Humidity_1,23.89146026922941
1510298398902,Humidity_1,23.89146026922941
1510298398906,Brightness_1,74.0
1510298398906,Brightness_1,74.0
1510298399072,Sound_R,63.14496805180326
1510298404457,Motion_1,False
1510298404457,Motion_2,False
1510298404457,Motion_8,True
1510298404457,Motion_1,False
1510298404457,Motion_2,False
1510298404457,Motion_8,True
1510298404863,Sound_P,66.44593723960276
1510298404863,Sound_P,66.44593723960276
1510298404866,PodiumIR,76
1510298404866,PodiumIR,76
1510298405416,Temperature_1,26.83
1510298405416,Temperature_1,26.83
1510298405420,Humidity_1,24.014780149830223
1510298405420,Humidity_1,24.014780149830223
1510298405425,Brightness_1,74.0
1510298405425,Brightness_1,74.0
1510298406058,Motion_1,True
1510298406058,Motion_2,True
1510298406058,Motion_1,True
1510298406058,Motion_2,True
1510298409072,Sound_R,63.038244084058796
1510298411867,Temperature_1,26.83
1510298411867,Temperature_1,26.83
1510298411870,Humidity_1,24.014780149830223
1510298411870,Humidity_1,24.014780149830223
1510298411874,Brightness_1,74.0
1510298411874,Brightness_1,74.0
1510298414868,Sound_P,69.11838317407611
1510298414868,Sound_P,69.11838317407611
1510298414871,PodiumIR,74
1510298414871,PodiumIR,74
1510298418319,Temperature_1,26.83
1510298418319,Temperature_1,26.83
1510298418322,Humidity_1,24.014780149830223
1510298418322,Humidity_1,24.014780149830223
1510298418326,Brightness_1,74.0
1510298418326,Brightness_1,74.0
1510298419072,Sound_R,66.18220978860664
1510298424752,Temperature_1,26.83
1510298424752,Temperature_1,26.83
1510298424756,Humidity_1,24.014780149830223
1510298424756,Humidity_1,24.014780149830223
1510298424761,Brightness_1,74.0
1510298424761,Brightness_1,74.0
1510298424873,Sound_P,65.24535518573873
1510298424873,Sound_P,65.24535518573873
1510298424876,PodiumIR,79
1510298424876,PodiumIR,79
1510298425218,Seat_11,False
1510298425218,Motion_8,False
1510298425218,Motion_1,False
1510298425218,Motion_2,False
1510298425218,Seat_11,False
1510298425218,Motion_8,False
1510298425218,Motion_1,False
1510298425218,Motion_2,False
1510298429072,Sound_R,69.0624496457312
1510298431221,Temperature_1,26.83
1510298431221,Temperature_1,26.83
1510298431225,Humidity_1,24.014780149830223
1510298431225,Humidity_1,24.014780149830223
1510298431229,Brightness_1,74.0
1510298431229,Brightness_1,74.0
1510298434879,Sound_P,65.24535518573873
1510298434879,Sound_P,65.24535518573873
1510298434882,PodiumIR,73
1510298434882,PodiumIR,73
1510298436824,Seat_8,False
1510298436824,Seat_3,False
1510298436824,Motion_1,True
1510298436824,Seat_8,False
1510298436824,Seat_3,False
1510298436824,Motion_1,True
1510298437686,Temperature_1,26.83
1510298437686,Temperature_1,26.83
1510298437689,Humidity_1,24.014780149830223
1510298437689,Humidity_1,24.014780149830223
1510298437693,Brightness_1,74.0
1510298437693,Brightness_1,74.0
1510298439072,Sound_R,64.58344995701394
1510298439291,Motion_2,False
1510298439291,Seat_8,True
1510298439291,Motion_2,False
1510298439291,Seat_8,True
1510298441182,Motion_2,True
1510298441182,Motion_2,True
1510298444123,Temperature_1,26.83
1510298444123,Temperature_1,26.83
1510298444127,Humidity_1,24.014780149830223
1510298444127,Humidity_1,24.014780149830223
1510298444131,Brightness_1,74.0
1510298444131,Brightness_1,74.0
1510298444884,Sound_P,63.95233273361063
1510298444884,Sound_P,63.95233273361063
1510298444888,PodiumIR,110
1510298444888,PodiumIR,110
1510298449072,Sound_R,60.706821917863095
1510298450575,Temperature_1,26.83
1510298450575,Temperature_1,26.83
1510298450578,Humidity_1,24.014780149830223
1510298450578,Humidity_1,24.014780149830223
1510298450582,Brightness_1,74.0
1510298450582,Brightness_1,74.0
1510298454890,Sound_P,70.5390318503356
1510298454890,Sound_P,70.5390318503356
1510298454893,PodiumIR,78
1510298454893,PodiumIR,78
1510298456964,Temperature_1,26.83
1510298456964,Temperature_1,26.83
1510298456968,Humidity_1,24.014780149830223
1510298456968,Humidity_1,24.014780149830223
1510298456972,Brightness_1,74.0
1510298456972,Brightness_1,74.0
1510298459072,Sound_R,62.41138769107195
1510298462063,Motion_1,False
1510298462063,Motion_2,False
1510298462063,Motion_1,False
1510298462063,Motion_2,False
1510298463375,Temperature_1,26.83
1510298463375,Temperature_1,26.83
1510298463378,Humidity_1,24.014780149830223
1510298463378,Humidity_1,24.014780149830223
1510298463382,Brightness_1,74.0
1510298463382,Brightness_1,74.0
1510298464895,Sound_P,67.01551720930587
1510298464895,Sound_P,67.01551720930587
1510298464898,PodiumIR,107
1510298464898,PodiumIR,107
1510298469072,Sound_R,64.3727456642405
1510298469755,Temperature_1,26.83
1510298469755,Temperature_1,26.83
1510298469759,Humidity_1,23.89146026922941
1510298469759,Humidity_1,23.89146026922941
1510298469763,Brightness_1,73.0
1510298469763,Brightness_1,73.0
1510298473324,Seat_8,False
1510298473324,Seat_8,False
1510298474900,Sound_P,63.95233273361063
1510298474900,Sound_P,63.95233273361063
1510298474913,PodiumIR,84
1510298474913,PodiumIR,84
1510298479072,Sound_R,62.96974339184584
1510298484924,Sound_P,68.0998289029382
1510298484924,Sound_P,68.0998289029382
1510298484927,PodiumIR,60
1510298484927,PodiumIR,60
1510298488667,Motion_2,False
1510298488667,Motion_2,False
1510298489072,Sound_R,59.76721198547892
1510298490033,Motion_1,True
1510298490033,Motion_1,True
1510298491229,Temperature_1,26.83
1510298491229,Temperature_1,26.83
1510298491232,Humidity_1,23.89146026922941
1510298491232,Humidity_1,23.89146026922941
1510298491236,Brightness_1,73.0
1510298491236,Brightness_1,73.0
1510298494929,Sound_P,69.60540278108363
1510298494929,Sound_P,69.60540278108363
1510298494932,PodiumIR,69
1510298494932,PodiumIR,69
1510298497679,Temperature_1,26.83
1510298497679,Temperature_1,26.83
1510298497683,Humidity_1,23.89146026922941
1510298497683,Humidity_1,23.89146026922941
1510298497686,Brightness_1,73.0
1510298497686,Brightness_1,73.0
1510298499072,Sound_R,64.65537484443679
1510298504131,Temperature_1,26.83
1510298504131,Temperature_1,26.83
1510298504134,Humidity_1,23.89146026922941
1510298504134,Humidity_1,23.89146026922941
1510298504138,Brightness_1,73.0
1510298504138,Brightness_1,73.0
1510298504935,Sound_P,69.11838317407611
1510298504935,Sound_P,69.11838317407611
1510298504938,PodiumIR,72
1510298504938,PodiumIR,72
1510298509072,Sound_R,68.51941252860045
1510298510509,Temperature_1,26.83
1510298510509,Temperature_1,26.83
1510298510513,Humidity_1,23.89146026922941
1510298510513,Humidity_1,23.89146026922941
1510298510517,Brightness_1,73.0
1510298510517,Brightness_1,73.0
1510298514940,Sound_P,65.24535518573873
1510298514940,Sound_P,65.24535518573873
1510298514943,PodiumIR,75
1510298514943,PodiumIR,75
1510298516977,Temperature_1,26.83
1510298516977,Temperature_1,26.83
1510298516981,Humidity_1,23.89146026922941
1510298516981,Humidity_1,23.89146026922941
1510298516985,Brightness_1,73.0
1510298516985,Brightness_1,73.0
1510298519072,Sound_R,64.33560091757533
1510298522535,Motion_2,False
1510298522535,Motion_1,False
1510298522535,Motion_2,False
1510298522535,Motion_1,False
1510298523382,Temperature_1,26.83
1510298523382,Temperature_1,26.83
1510298523385,Humidity_1,23.89146026922941
1510298523385,Humidity_1,23.89146026922941
1510298523388,Brightness_1,73.0
1510298523388,Brightness_1,73.0
1510298523676,Motion_2,True
1510298523676,Seat_8,True
1510298523676,Motion_2,True
1510298523676,Seat_8,True
1510298524945,Sound_P,67.01551720930587
1510298524945,Sound_P,67.01551720930587
1510298524948,PodiumIR,80
1510298524948,PodiumIR,80
1510298529072,Sound_R,65.33100947183284
1510298529936,Temperature_1,26.83
1510298529936,Temperature_1,26.83
1510298529939,Humidity_1,23.89146026922941
1510298529939,Humidity_1,23.89146026922941
1510298529943,Brightness_1,73.0
1510298529943,Brightness_1,73.0
1510298534951,Sound_P,65.8563679754536
1510298534951,Sound_P,65.8563679754536
1510298534961,PodiumIR,96
1510298534961,PodiumIR,96
1510298538484,Seat_8,False
1510298538484,Motion_1,False
1510298538484,Seat_8,False
1510298538484,Motion_1,False
1510298539072,Sound_R,69.31381422722443
1510298542906,Motion_2,False
1510298542906,Motion_2,False
1510298544965,Sound_P,67.01551720930587
1510298544965,Sound_P,67.01551720930587
1510298544968,PodiumIR,77
1510298544968,PodiumIR,77
1510298549072,Sound_R,68.33699922916014
1510298554970,Sound_P,70.987085069563
1510298554970,Sound_P,70.987085069563
1510298554974,PodiumIR,93
1510298554974,PodiumIR,93
1510298559073,Sound_R,67.47476369762082
1510298564984,Sound_P,69.11838317407611
1510298564984,Sound_P,69.11838317407611
1510298564987,PodiumIR,75
1510298564987,PodiumIR,75
1510298567371,Temperature_1,26.83
1510298567371,Temperature_1,26.83
1510298567374,Humidity_1,23.89146026922941
1510298567374,Humidity_1,23.89146026922941
1510298567377,Brightness_1,76.0
1510298567377,Brightness_1,76.0
1510298569072,Sound_R,68.3883605592404
1510298573768,Temperature_1,26.83
1510298573768,Temperature_1,26.83
1510298573772,Humidity_1,23.89146026922941
1510298573772,Humidity_1,23.89146026922941
1510298573775,Brightness_1,76.0
1510298573775,Brightness_1,76.0
1510298574998,Sound_P,70.987085069563
1510298574998,Sound_P,70.987085069563
1510298575001,PodiumIR,101
1510298575001,PodiumIR,101
1510298579074,Sound_R,68.77524431043433
1510298580220,Temperature_1,26.83
1510298580220,Temperature_1,26.83
1510298580223,Humidity_1,23.89146026922941
1510298580223,Humidity_1,23.89146026922941
1510298580224,Brightness_1,76.0
1510298580224,Brightness_1,76.0
1510298585003,Sound_P,63.95233273361063
1510298585003,Sound_P,63.95233273361063
1510298585006,PodiumIR,74
1510298585006,PodiumIR,74
1510298586588,Temperature_1,26.83
1510298586588,Temperature_1,26.83
1510298586591,Humidity_1,23.89146026922941
1510298586591,Humidity_1,23.89146026922941
1510298586594,Brightness_1,76.0
1510298586594,Brightness_1,76.0
1510298589072,Sound_R,65.70760313166483
1510298592960,Temperature_1,26.83
1510298592960,Temperature_1,26.83
1510298592963,Humidity_1,23.89146026922941
1510298592963,Humidity_1,23.89146026922941
1510298592967,Brightness_1,76.0
1510298592967,Brightness_1,76.0
1510298595009,Sound_P,63.26648240367583
1510298595009,Sound_P,63.26648240367583
1510298595012,PodiumIR,98
1510298595012,PodiumIR,98
1510298599072,Sound_R,63.299982927037206
1510298599365,Temperature_1,26.83
1510298599365,Temperature_1,26.83
1510298599368,Humidity_1,24.014780149830223
1510298599368,Humidity_1,24.014780149830223
1510298599373,Brightness_1,73.0
1510298599373,Brightness_1,73.0
1510298605014,Sound_P,68.61682354019833
1510298605014,Sound_P,68.61682354019833
1510298605026,PodiumIR,85
1510298605026,PodiumIR,85
1510298605640,Motion_1,False
1510298605640,Motion_2,False
1510298605640,Motion_1,False
1510298605640,Motion_2,False
1510298605828,Temperature_1,26.83
1510298605828,Temperature_1,26.83
1510298605831,Humidity_1,24.014780149830223
1510298605831,Humidity_1,24.014780149830223
1510298605834,Brightness_1,73.0
1510298605834,Brightness_1,73.0
1510298609072,Sound_R,65.55674527925093
1510298612267,Temperature_1,26.83
1510298612267,Temperature_1,26.83
1510298612270,Humidity_1,24.014780149830223
1510298612270,Humidity_1,24.014780149830223
1510298612274,Brightness_1,73.0
1510298612274,Brightness_1,73.0
1510298615035,Sound_P,65.8563679754536
1510298615035,Sound_P,65.8563679754536
1510298615038,PodiumIR,89
1510298615038,PodiumIR,89
1510298619072,Sound_R,67.35619228587244
1510298621693,Temperature_1,26.83
1510298621693,Temperature_1,26.83
1510298621696,Humidity_1,24.014780149830223
1510298621696,Humidity_1,24.014780149830223
1510298621700,Brightness_1,73.0
1510298621700,Brightness_1,73.0
1510298622944,Motion_2,False
1510298622944,Motion_1,True
1510298622944,Motion_2,False
1510298622944,Motion_1,True
1510298625040,Sound_P,70.5390318503356
1510298625040,Sound_P,70.5390318503356
1510298625044,PodiumIR,75
1510298625044,PodiumIR,75
1510298628078,Temperature_1,26.83
1510298628078,Temperature_1,26.83
1510298628081,Humidity_1,24.014780149830223
1510298628081,Humidity_1,24.014780149830223
1510298628084,Brightness_1,73.0
1510298628084,Brightness_1,73.0
1510298629072,Sound_R,65.26005366497442
1510298634513,Temperature_1,26.83
1510298634513,Temperature_1,26.83
1510298634516,Humidity_1,24.014780149830223
1510298634516,Humidity_1,24.014780149830223
1510298634520,Brightness_1,73.0
1510298634520,Brightness_1,73.0
1510298635046,Sound_P,66.44593723960276
1510298635046,Sound_P,66.44593723960276
1510298635049,PodiumIR,71
1510298635049,PodiumIR,71
1510298635871,Motion_2,True
1510298635871,Motion_2,True
1510298639072,Sound_R,59.37075830521609
1510298640909,Temperature_1,26.83
1510298640909,Temperature_1,26.83
1510298640916,Humidity_1,24.014780149830223
1510298640916,Humidity_1,24.014780149830223
1510298640919,Brightness_1,73.0
1510298640919,Brightness_1,73.0
1510298645051,Sound_P,65.8563679754536
1510298645051,Sound_P,65.8563679754536
1510298645054,PodiumIR,67
1510298645054,PodiumIR,67
1510298647285,Temperature_1,26.83
1510298647285,Temperature_1,26.83
1510298647288,Humidity_1,24.014780149830223
1510298647288,Humidity_1,24.014780149830223
1510298647291,Brightness_1,73.0
1510298647291,Brightness_1,73.0
1510298649072,Sound_R,58.96363500898257
1510298653849,Temperature_1,26.83
1510298653849,Temperature_1,26.83
1510298653852,Humidity_1,24.014780149830223
1510298653852,Humidity_1,24.014780149830223
1510298653855,Brightness_1,73.0
1510298653855,Brightness_1,73.0
1510298655056,Sound_P,67.01551720930587
1510298655056,Sound_P,67.01551720930587
1510298655060,PodiumIR,80
1510298655060,PodiumIR,80
1510298659072,Sound_R,59.776260973177784
1510298660230,Temperature_1,26.83
1510298660230,Temperature_1,26.83
1510298660234,Humidity_1,23.89146026922941
1510298660234,Humidity_1,23.89146026922941
1510298660238,Brightness_1,73.0
1510298660238,Brightness_1,73.0
1510298665068,Sound_P,64.61127993529891
1510298665068,Sound_P,64.61127993529891
1510298665071,PodiumIR,83
1510298665071,PodiumIR,83
1510298666619,Temperature_1,26.83
1510298666619,Temperature_1,26.83
1510298666623,Humidity_1,23.89146026922941
1510298666623,Humidity_1,23.89146026922941
1510298666626,Brightness_1,73.0
1510298666626,Brightness_1,73.0
1510298669072,Sound_R,59.60689530306909
1510298673007,Temperature_1,26.83
1510298673007,Temperature_1,26.83
1510298673011,Humidity_1,23.89146026922941
1510298673011,Humidity_1,23.89146026922941
1510298673015,Brightness_1,73.0
1510298673015,Brightness_1,73.0
1510298675074,Sound_P,70.0787016850011
1510298675074,Sound_P,70.0787016850011
1510298675077,PodiumIR,75
1510298675077,PodiumIR,75
1510298679072,Sound_R,63.153577905889485
1510298679442,Temperature_1,26.83
1510298679442,Temperature_1,26.83
1510298679450,Humidity_1,23.89146026922941
1510298679450,Humidity_1,23.89146026922941
1510298679453,Brightness_1,73.0
1510298679453,Brightness_1,73.0
1510298682931,Motion_1,False
1510298682931,Motion_2,False
1510298682931,Motion_1,False
1510298682931,Motion_2,False
1510298685084,Sound_P,69.11838317407611
1510298685084,Sound_P,69.11838317407611
1510298685097,PodiumIR,126
1510298685097,PodiumIR,126
1510298685899,Temperature_1,26.83
1510298685899,Temperature_1,26.83
1510298685905,Humidity_1,23.89146026922941
1510298685905,Humidity_1,23.89146026922941
1510298685907,Brightness_1,73.0
1510298685907,Brightness_1,73.0
1510298689072,Sound_R,62.432507461133355
1510298692288,Temperature_1,26.83
1510298692288,Temperature_1,26.83
1510298692294,Humidity_1,23.89146026922941
1510298692294,Humidity_1,23.89146026922941
1510298692297,Brightness_1,73.0
1510298692297,Brightness_1,73.0
1510298695107,Sound_P,65.24535518573873
1510298695107,Sound_P,65.24535518573873
1510298695110,PodiumIR,86
1510298695110,PodiumIR,86
1510298698750,Temperature_1,26.83
1510298698750,Temperature_1,26.83
1510298698756,Humidity_1,23.89146026922941
1510298698756,Humidity_1,23.89146026922941
1510298698759,Brightness_1,73.0
1510298698759,Brightness_1,73.0
1510298699073,Sound_R,61.793932959761754
1510298705119,Sound_P,68.61682354019833
1510298705119,Sound_P,68.61682354019833
1510298705122,PodiumIR,83
1510298705122,PodiumIR,83
1510298705141,Temperature_1,26.83
1510298705141,Temperature_1,26.83
1510298705147,Humidity_1,23.89146026922941
1510298705147,Humidity_1,23.89146026922941
1510298705150,Brightness_1,73.0
1510298705150,Brightness_1,73.0
1510298709072,Sound_R,63.106806972796726
1510298712107,Temperature_1,26.83
1510298712107,Temperature_1,26.83
1510298712113,Humidity_1,23.89146026922941
1510298712113,Humidity_1,23.89146026922941
1510298712115,Brightness_1,73.0
1510298712115,Brightness_1,73.0
1510298715133,Sound_P,65.24535518573873
1510298715133,Sound_P,65.24535518573873
1510298715136,PodiumIR,71
1510298715136,PodiumIR,71
1510298718003,Motion_2,False
1510298718003,Motion_2,False
1510298718008,Motion_2,True
1510298718008,Motion_2,True
1510298718521,Temperature_1,26.83
1510298718521,Temperature_1,26.83
1510298718527,Humidity_1,23.89146026922941
1510298718527,Humidity_1,23.89146026922941
1510298718530,Brightness_1,73.0
1510298718530,Brightness_1,73.0
1510298719072,Sound_R,64.99929452850655
1510298724926,Temperature_1,26.83
1510298724926,Temperature_1,26.83
1510298724929,Humidity_1,23.89146026922941
1510298724929,Humidity_1,23.89146026922941
1510298724933,Brightness_1,74.0
1510298724933,Brightness_1,74.0
1510298725146,Sound_P,67.01551720930587
1510298725146,Sound_P,67.01551720930587
1510298725149,PodiumIR,72
1510298725149,PodiumIR,72
1510298729072,Sound_R,64.22642549339031
1510298731360,Temperature_1,26.83
1510298731360,Temperature_1,26.83
1510298731363,Humidity_1,23.89146026922941
1510298731363,Humidity_1,23.89146026922941
1510298731367,Brightness_1,74.0
1510298731367,Brightness_1,74.0
1510298735158,Sound_P,65.24535518573873
1510298735158,Sound_P,65.24535518573873
1510298735161,PodiumIR,71
1510298735161,PodiumIR,71
1510298737816,Temperature_1,26.83
1510298737816,Temperature_1,26.83
1510298737820,Humidity_1,23.89146026922941
1510298737820,Humidity_1,23.89146026922941
1510298737824,Brightness_1,74.0
1510298737824,Brightness_1,74.0
1510298739072,Sound_R,61.57945549427217
1510298744263,Temperature_1,26.83
1510298744263,Temperature_1,26.83
1510298744266,Humidity_1,23.89146026922941
1510298744266,Humidity_1,23.89146026922941
1510298744270,Brightness_1,74.0
1510298744270,Brightness_1,74.0
1510298745170,Sound_P,67.56641902255494
1510298745170,Sound_P,67.56641902255494
1510298745173,PodiumIR,76
1510298745173,PodiumIR,76
1510298749072,Sound_R,59.08386268656033
1510298750120,Motion_2,False
1510298750120,Motion_2,False
1510298750714,Temperature_1,26.83
1510298750714,Temperature_1,26.83
1510298750719,Humidity_1,23.89146026922941
1510298750719,Humidity_1,23.89146026922941
1510298750724,Brightness_1,74.0
1510298750724,Brightness_1,74.0
1510298755182,Sound_P,65.24535518573873
1510298755182,Sound_P,65.24535518573873
1510298755185,PodiumIR,117
1510298755185,PodiumIR,117
1510298757108,Temperature_1,26.83
1510298757108,Temperature_1,26.83
1510298757111,Humidity_1,23.89146026922941
1510298757111,Humidity_1,23.89146026922941
1510298757115,Brightness_1,74.0
1510298757115,Brightness_1,74.0
1510298759073,Sound_R,55.343009623335575
1510298763514,Temperature_1,26.83
1510298763514,Temperature_1,26.83
1510298763517,Humidity_1,23.89146026922941
1510298763517,Humidity_1,23.89146026922941
1510298763521,Brightness_1,74.0
1510298763521,Brightness_1,74.0
1510298765195,Sound_P,63.95233273361063
1510298765195,Sound_P,63.95233273361063
1510298765199,PodiumIR,80
1510298765199,PodiumIR,80
1510298769074,Sound_R,57.652337300329
1510298769970,Temperature_1,26.83
1510298769970,Temperature_1,26.83
1510298769974,Humidity_1,23.89146026922941
1510298769974,Humidity_1,23.89146026922941
1510298769977,Brightness_1,74.0
1510298769977,Brightness_1,74.0
1510298773407,Motion_2,False
1510298773407,Motion_2,False
1510298775205,Sound_P,69.60540278108363
1510298775205,Sound_P,69.60540278108363
1510298775215,PodiumIR,83
1510298775215,PodiumIR,83
1510298776416,Temperature_1,26.83
1510298776416,Temperature_1,26.83
1510298776420,Humidity_1,23.89146026922941
1510298776420,Humidity_1,23.89146026922941
1510298776423,Brightness_1,74.0
1510298776423,Brightness_1,74.0
1510298779072,Sound_R,62.971303223834134
1510298782799,Temperature_1,26.83
1510298782799,Temperature_1,26.83
1510298782802,Humidity_1,23.89146026922941
1510298782802,Humidity_1,23.89146026922941
1510298782806,Brightness_1,74.0
1510298782806,Brightness_1,74.0
1510298785221,Sound_P,69.60540278108363
1510298785221,Sound_P,69.60540278108363
1510298785224,PodiumIR,69
1510298785224,PodiumIR,69
1510298789072,Sound_R,64.92714330017093
1510298789626,Temperature_1,26.83
1510298789626,Temperature_1,26.83
1510298789630,Humidity_1,24.014780149830223
1510298789630,Humidity_1,24.014780149830223
1510298789633,Brightness_1,73.0
1510298789633,Brightness_1,73.0
1510298795232,Sound_P,69.60540278108363
1510298795232,Sound_P,69.60540278108363
1510298795237,PodiumIR,77
1510298795237,PodiumIR,77
1510298795989,Temperature_1,26.83
1510298795989,Temperature_1,26.83
1510298795994,Humidity_1,24.014780149830223
1510298795994,Humidity_1,24.014780149830223
1510298795999,Brightness_1,73.0
1510298795999,Brightness_1,73.0
1510298799072,Sound_R,62.157286859596645
1510298802428,Temperature_1,26.83
1510298802428,Temperature_1,26.83
1510298802432,Humidity_1,24.014780149830223
1510298802432,Humidity_1,24.014780149830223
1510298802436,Brightness_1,73.0
1510298802436,Brightness_1,73.0
1510298805239,Sound_P,65.8563679754536
1510298805239,Sound_P,65.8563679754536
1510298805243,PodiumIR,75
1510298805243,PodiumIR,75
1510298808818,Temperature_1,26.83
1510298808818,Temperature_1,26.83
1510298808822,Humidity_1,24.014780149830223
1510298808822,Humidity_1,24.014780149830223
1510298808827,Brightness_1,73.0
1510298808827,Brightness_1,73.0
1510298809072,Sound_R,60.878720129704384
1510298815250,Sound_P,65.24535518573873
1510298815250,Sound_P,65.24535518573873
1510298815253,PodiumIR,77
1510298815253,PodiumIR,77
1510298815317,Temperature_1,26.83
1510298815317,Temperature_1,26.83
1510298815320,Humidity_1,24.014780149830223
1510298815320,Humidity_1,24.014780149830223
1510298815324,Brightness_1,73.0
1510298815324,Brightness_1,73.0
1510298819073,Sound_R,59.80527154824682
1510298821790,Temperature_1,26.83
1510298821790,Temperature_1,26.83
1510298821793,Humidity_1,24.014780149830223
1510298821793,Humidity_1,24.014780149830223
1510298821796,Brightness_1,73.0
1510298821796,Brightness_1,73.0
1510298825259,Sound_P,67.01551720930587
1510298825259,Sound_P,67.01551720930587
1510298825262,PodiumIR,75
1510298825262,PodiumIR,75
1510298828159,Temperature_1,26.83
1510298828159,Temperature_1,26.83
1510298828163,Humidity_1,24.014780149830223
1510298828163,Humidity_1,24.014780149830223
1510298828167,Brightness_1,73.0
1510298828167,Brightness_1,73.0
1510298829072,Sound_R,59.396708131128044
1510298834590,Temperature_1,26.83
1510298834590,Temperature_1,26.83
1510298834593,Humidity_1,24.014780149830223
1510298834593,Humidity_1,24.014780149830223
1510298834596,Brightness_1,73.0
1510298834596,Brightness_1,73.0
1510298835269,Sound_P,67.01551720930587
1510298835269,Sound_P,67.01551720930587
1510298835272,PodiumIR,75
1510298835272,PodiumIR,75
1510298839072,Sound_R,59.76234347257478
1510298840957,Temperature_1,26.83
1510298840957,Temperature_1,26.83
1510298840960,Humidity_1,24.014780149830223
1510298840960,Humidity_1,24.014780149830223
1510298840963,Brightness_1,73.0
1510298840963,Brightness_1,73.0
1510298845280,Sound_P,68.61682354019833
1510298845280,Sound_P,68.61682354019833
1510298845283,PodiumIR,78
1510298845283,PodiumIR,78
1510298847381,Temperature_1,26.83
1510298847381,Temperature_1,26.83
1510298847384,Humidity_1,24.014780149830223
1510298847384,Humidity_1,24.014780149830223
1510298847387,Brightness_1,73.0
1510298847387,Brightness_1,73.0
1510298849072,Sound_R,58.47604225937684
1510298853846,Temperature_1,26.83
1510298853846,Temperature_1,26.83
1510298853849,Humidity_1,23.89146026922941
1510298853849,Humidity_1,23.89146026922941
1510298853852,Brightness_1,75.0
1510298853852,Brightness_1,75.0
1510298855289,Sound_P,66.44593723960276
1510298855289,Sound_P,66.44593723960276
1510298855292,PodiumIR,75
1510298855292,PodiumIR,75
1510298858493,Motion_2,False
1510298858493,Motion_2,False
1510298859072,Sound_R,57.98383645823776
1510298860213,Temperature_1,26.83
1510298860213,Temperature_1,26.83
1510298860216,Humidity_1,23.89146026922941
1510298860216,Humidity_1,23.89146026922941
1510298860219,Brightness_1,75.0
1510298860219,Brightness_1,75.0
1510298865295,Sound_P,67.56641902255494
1510298865295,Sound_P,67.56641902255494
1510298865298,PodiumIR,58
1510298865298,PodiumIR,58
1510298866633,Temperature_1,26.83
1510298866633,Temperature_1,26.83
1510298866636,Humidity_1,23.89146026922941
1510298866636,Humidity_1,23.89146026922941
1510298866639,Brightness_1,75.0
1510298866639,Brightness_1,75.0
1510298869072,Sound_R,58.458043342202274
1510298873002,Temperature_1,26.83
1510298873002,Temperature_1,26.83
1510298873005,Humidity_1,23.89146026922941
1510298873005,Humidity_1,23.89146026922941
1510298873008,Brightness_1,75.0
1510298873008,Brightness_1,75.0
1510298875304,Sound_P,64.61127993529891
1510298875304,Sound_P,64.61127993529891
1510298875308,PodiumIR,80
1510298875308,PodiumIR,80
1510298879073,Sound_R,58.00667132206582
1510298879433,Temperature_1,26.83
1510298879433,Temperature_1,26.83
1510298879436,Humidity_1,23.89146026922941
1510298879436,Humidity_1,23.89146026922941
1510298879439,Brightness_1,75.0
1510298879439,Brightness_1,75.0
1510298885317,Sound_P,67.56641902255494
1510298885317,Sound_P,67.56641902255494
1510298885320,PodiumIR,148
1510298885320,PodiumIR,148
1510298885889,Temperature_1,26.83
1510298885889,Temperature_1,26.83
1510298885892,Humidity_1,23.89146026922941
1510298885892,Humidity_1,23.89146026922941
1510298885895,Brightness_1,75.0
1510298885895,Brightness_1,75.0
1510298889072,Sound_R,62.78279066401196
1510298892337,Temperature_1,26.83
1510298892337,Temperature_1,26.83
1510298892340,Humidity_1,23.89146026922941
1510298892340,Humidity_1,23.89146026922941
1510298892343,Brightness_1,75.0
1510298892343,Brightness_1,75.0
1510298895328,Sound_P,67.01551720930587
1510298895328,Sound_P,67.01551720930587
1510298895331,PodiumIR,78
1510298895331,PodiumIR,78
1510298898738,Temperature_1,26.83
1510298898738,Temperature_1,26.83
1510298898742,Humidity_1,23.89146026922941
1510298898742,Humidity_1,23.89146026922941
1510298898746,Brightness_1,75.0
1510298898746,Brightness_1,75.0
1510298899072,Sound_R,68.07383850802081
1510298900185,Motion_2,False
1510298900185,Motion_2,False
1510298905338,Sound_P,71.42349921662418
1510298905338,Sound_P,71.42349921662418
1510298905341,PodiumIR,79
1510298905341,PodiumIR,79
1510298905348,Temperature_1,26.83
1510298905348,Temperature_1,26.83
1510298905351,Humidity_1,23.89146026922941
1510298905351,Humidity_1,23.89146026922941
1510298905355,Brightness_1,75.0
1510298905355,Brightness_1,75.0
1510298909072,Sound_R,66.65253533310077
1510298911894,Temperature_1,26.83
1510298911894,Temperature_1,26.83
1510298911898,Humidity_1,24.014780149830223
1510298911898,Humidity_1,24.014780149830223
1510298911901,Brightness_1,79.0
1510298911901,Brightness_1,79.0
1510298915348,Sound_P,64.61127993529891
1510298915348,Sound_P,64.61127993529891
1510298915351,PodiumIR,80
1510298915351,PodiumIR,80
1510298918346,Temperature_1,26.83
1510298918346,Temperature_1,26.83
1510298918350,Humidity_1,24.014780149830223
1510298918350,Humidity_1,24.014780149830223
1510298918354,Brightness_1,79.0
1510298918354,Brightness_1,79.0
1510298919072,Sound_R,64.22602834268368
1510298924702,Temperature_1,26.83
1510298924702,Temperature_1,26.83
1510298924706,Humidity_1,24.014780149830223
1510298924706,Humidity_1,24.014780149830223
1510298924710,Brightness_1,79.0
1510298924710,Brightness_1,79.0
1510298925355,Sound_P,67.56641902255494
1510298925355,Sound_P,67.56641902255494
1510298925358,PodiumIR,81
1510298925358,PodiumIR,81
1510298929072,Sound_R,63.15561255041961
1510298931062,Temperature_1,26.83
1510298931062,Temperature_1,26.83
1510298931066,Humidity_1,24.014780149830223
1510298931066,Humidity_1,24.014780149830223
1510298931070,Brightness_1,79.0
1510298931070,Brightness_1,79.0
1510298935362,Sound_P,64.61127993529891
1510298935362,Sound_P,64.61127993529891
1510298935365,PodiumIR,79
1510298935365,PodiumIR,79
1510298937494,Temperature_1,26.83
1510298937494,Temperature_1,26.83
1510298937497,Humidity_1,24.014780149830223
1510298937497,Humidity_1,24.014780149830223
1510298937510,Brightness_1,79.0
1510298937510,Brightness_1,79.0
1510298939073,Sound_R,60.21452271075424
1510298944458,Temperature_1,26.83
1510298944458,Temperature_1,26.83
1510298944462,Humidity_1,24.014780149830223
1510298944462,Humidity_1,24.014780149830223
1510298944466,Brightness_1,79.0
1510298944466,Brightness_1,79.0
1510298945372,Sound_P,67.56641902255494
1510298945372,Sound_P,67.56641902255494
1510298945375,PodiumIR,79
1510298945375,PodiumIR,79
1510298949072,Sound_R,57.68795723017152
1510298950822,Temperature_1,26.83
1510298950822,Temperature_1,26.83
1510298950825,Humidity_1,24.014780149830223
1510298950825,Humidity_1,24.014780149830223
1510298950829,Brightness_1,79.0
1510298950829,Brightness_1,79.0
1510298955378,Sound_P,63.26648240367583
1510298955378,Sound_P,63.26648240367583
1510298955381,PodiumIR,120
1510298955381,PodiumIR,120
1510298957258,Temperature_1,26.83
1510298957258,Temperature_1,26.83
1510298957261,Humidity_1,24.014780149830223
1510298957261,Humidity_1,24.014780149830223
1510298957264,Brightness_1,79.0
1510298957264,Brightness_1,79.0
1510298959072,Sound_R,57.81294899944478
1510298963709,Temperature_1,26.83
1510298963709,Temperature_1,26.83
1510298963712,Humidity_1,24.014780149830223
1510298963712,Humidity_1,24.014780149830223
1510298963716,Brightness_1,79.0
1510298963716,Brightness_1,79.0
1510298965383,Sound_P,65.8563679754536
1510298965383,Sound_P,65.8563679754536
1510298965386,PodiumIR,79
1510298965386,PodiumIR,79
1510298969073,Sound_R,56.25749471140898
1510298969352,Motion_2,False
1510298969352,Seat_9,False
1510298969352,Motion_1,True
1510298969352,Motion_2,False
1510298969352,Seat_9,False
1510298969352,Motion_1,True
1510298970065,Temperature_1,26.83
1510298970065,Temperature_1,26.83
1510298970069,Humidity_1,24.014780149830223
1510298970069,Humidity_1,24.014780149830223
1510298970072,Brightness_1,79.0
1510298970072,Brightness_1,79.0
1510298975388,Sound_P,63.95233273361063
1510298975388,Sound_P,63.95233273361063
1510298975391,PodiumIR,76
1510298975391,PodiumIR,76
1510298976433,Temperature_1,26.83
1510298976433,Temperature_1,26.83
1510298976436,Humidity_1,23.89146026922941
1510298976436,Humidity_1,23.89146026922941
1510298976440,Brightness_1,77.0
1510298976440,Brightness_1,77.0
1510298979072,Sound_R,57.62078291658322
1510298982801,Temperature_1,26.83
1510298982801,Temperature_1,26.83
1510298982805,Humidity_1,23.89146026922941
1510298982805,Humidity_1,23.89146026922941
1510298982808,Brightness_1,77.0
1510298982808,Brightness_1,77.0
1510298985394,Sound_P,65.8563679754536
1510298985394,Sound_P,65.8563679754536
1510298985397,PodiumIR,86
1510298985397,PodiumIR,86
1510298989072,Sound_R,58.841080905524684
1510298989208,Temperature_1,26.83
1510298989208,Temperature_1,26.83
1510298989211,Humidity_1,23.89146026922941
1510298989211,Humidity_1,23.89146026922941
1510298989215,Brightness_1,77.0
1510298989215,Brightness_1,77.0
1510298994875,Motion_2,False
1510298994875,Motion_1,False
1510298994875,Motion_2,False
1510298994875,Motion_1,False
1510298995399,Sound_P,65.24535518573873
1510298995399,Sound_P,65.24535518573873
1510298995402,PodiumIR,84
1510298995402,PodiumIR,84
1510298995659,Temperature_1,26.83
1510298995659,Temperature_1,26.83
1510298995662,Humidity_1,23.89146026922941
1510298995662,Humidity_1,23.89146026922941
1510298995667,Brightness_1,77.0
1510298995667,Brightness_1,77.0
1510298996976,Motion_1,True
1510298996976,Motion_1,True
1510298999073,Sound_R,57.38972066652505
1510299002031,Temperature_1,26.83
1510299002031,Temperature_1,26.83
1510299002035,Humidity_1,23.89146026922941
1510299002035,Humidity_1,23.89146026922941
1510299002038,Brightness_1,77.0
1510299002038,Brightness_1,77.0
1510299005404,Sound_P,67.01551720930587
1510299005404,Sound_P,67.01551720930587
1510299005407,PodiumIR,80
1510299005407,PodiumIR,80
1510299008459,Temperature_1,26.83
1510299008459,Temperature_1,26.83
1510299008462,Humidity_1,23.89146026922941
1510299008462,Humidity_1,23.89146026922941
1510299008465,Brightness_1,77.0
1510299008465,Brightness_1,77.0
1510299009072,Sound_R,58.691320349835024
1510299012930,Motion_1,False
1510299012930,Motion_2,False
1510299012930,Motion_1,False
1510299012930,Motion_2,False
1510299013971,Motion_2,True
1510299013971,Motion_2,True
1510299014841,Temperature_1,26.83
1510299014841,Temperature_1,26.83
1510299014845,Humidity_1,23.89146026922941
1510299014845,Humidity_1,23.89146026922941
1510299014848,Brightness_1,77.0
1510299014848,Brightness_1,77.0
1510299015409,Sound_P,67.56641902255494
1510299015409,Sound_P,67.56641902255494
1510299015412,PodiumIR,78
1510299015412,PodiumIR,78
1510299019072,Sound_R,60.789755366563604
1510299021260,Temperature_1,26.83
1510299021260,Temperature_1,26.83
1510299021263,Humidity_1,23.89146026922941
1510299021263,Humidity_1,23.89146026922941
1510299021266,Brightness_1,77.0
1510299021266,Brightness_1,77.0
1510299025415,Sound_P,67.01551720930587
1510299025415,Sound_P,67.01551720930587
1510299025418,PodiumIR,59
1510299025418,PodiumIR,59
1510299027622,Temperature_1,26.83
1510299027622,Temperature_1,26.83
1510299027625,Humidity_1,23.89146026922941
1510299027625,Humidity_1,23.89146026922941
1510299027629,Brightness_1,77.0
1510299027629,Brightness_1,77.0
1510299029072,Sound_R,60.793667731475175
1510299029949,Motion_1,False
1510299029949,Motion_2,False
1510299029949,Motion_1,False
1510299029949,Motion_2,False
1510299034064,Temperature_1,26.83
1510299034064,Temperature_1,26.83
1510299034068,Humidity_1,23.89146026922941
1510299034068,Humidity_1,23.89146026922941
1510299034072,Brightness_1,77.0
1510299034072,Brightness_1,77.0
1510299035420,Sound_P,65.8563679754536
1510299035420,Sound_P,65.8563679754536
1510299035423,PodiumIR,77
1510299035423,PodiumIR,77
1510299039072,Sound_R,59.1304078673027
1510299040516,Temperature_1,26.95
1510299040516,Temperature_1,26.95
1510299040520,Humidity_1,24.014780149830223
1510299040520,Humidity_1,24.014780149830223
1510299040524,Brightness_1,74.0
1510299040524,Brightness_1,74.0
1510299045425,Sound_P,63.95233273361063
1510299045425,Sound_P,63.95233273361063
1510299045428,PodiumIR,79
1510299045428,PodiumIR,79
1510299046881,Temperature_1,26.95
1510299046881,Temperature_1,26.95
1510299046885,Humidity_1,24.014780149830223
1510299046885,Humidity_1,24.014780149830223
1510299046889,Brightness_1,74.0
1510299046889,Brightness_1,74.0
1510299049072,Sound_R,57.723230097319366
1510299053311,Temperature_1,26.95
1510299053311,Temperature_1,26.95
1510299053315,Humidity_1,24.014780149830223
1510299053315,Humidity_1,24.014780149830223
1510299053319,Brightness_1,74.0
1510299053319,Brightness_1,74.0
1510299055431,Sound_P,64.61127993529891
1510299055431,Sound_P,64.61127993529891
1510299055434,PodiumIR,80
1510299055434,PodiumIR,80
1510299059072,Sound_R,57.39172514892265
1510299059867,Temperature_1,26.95
1510299059867,Temperature_1,26.95
1510299059871,Humidity_1,24.014780149830223
1510299059871,Humidity_1,24.014780149830223
1510299059875,Brightness_1,74.0
1510299059875,Brightness_1,74.0
1510299065436,Sound_P,65.8563679754536
1510299065436,Sound_P,65.8563679754536
1510299065439,PodiumIR,76
1510299065439,PodiumIR,76
1510299066321,Temperature_1,26.95
1510299066321,Temperature_1,26.95
1510299066324,Humidity_1,24.014780149830223
1510299066324,Humidity_1,24.014780149830223
1510299066329,Brightness_1,74.0
1510299066329,Brightness_1,74.0
1510299069072,Sound_R,56.48613445399294
1510299072750,Temperature_1,26.95
1510299072750,Temperature_1,26.95
1510299072754,Humidity_1,24.014780149830223
1510299072754,Humidity_1,24.014780149830223
1510299072759,Brightness_1,74.0
1510299072759,Brightness_1,74.0
1510299075441,Sound_P,65.8563679754536
1510299075441,Sound_P,65.8563679754536
1510299075444,PodiumIR,97
1510299075444,PodiumIR,97
1510299079072,Sound_R,54.66641216470297
1510299079131,Temperature_1,26.95
1510299079131,Temperature_1,26.95
1510299079135,Humidity_1,24.014780149830223
1510299079135,Humidity_1,24.014780149830223
1510299079138,Brightness_1,74.0
1510299079138,Brightness_1,74.0
1510299079746,Motion_2,False
1510299079746,Motion_1,True
1510299079746,Motion_2,False
1510299079746,Motion_1,True
1510299085447,Sound_P,66.44593723960276
1510299085447,Sound_P,66.44593723960276
1510299085450,PodiumIR,75
1510299085450,PodiumIR,75
1510299085511,Temperature_1,26.95
1510299085511,Temperature_1,26.95
1510299085515,Humidity_1,24.014780149830223
1510299085515,Humidity_1,24.014780149830223
1510299085519,Brightness_1,74.0
1510299085519,Brightness_1,74.0
1510299087550,Seat_8,True
1510299087550,Seat_8,True
1510299089072,Sound_R,58.02532857624126
1510299091916,Temperature_1,26.95
1510299091916,Temperature_1,26.95
1510299091920,Humidity_1,24.014780149830223
1510299091920,Humidity_1,24.014780149830223
1510299091924,Brightness_1,74.0
1510299091924,Brightness_1,74.0
1510299095452,Sound_P,70.5390318503356
1510299095452,Sound_P,70.5390318503356
1510299095455,PodiumIR,78
1510299095455,PodiumIR,78
1510299098368,Temperature_1,26.95
1510299098368,Temperature_1,26.95
1510299098372,Humidity_1,24.014780149830223
1510299098372,Humidity_1,24.014780149830223
1510299098377,Brightness_1,74.0
1510299098377,Brightness_1,74.0
1510299099072,Sound_R,59.03597801385968
1510299104731,Temperature_1,26.83
1510299104731,Temperature_1,26.83
1510299104736,Humidity_1,24.014780149830223
1510299104736,Humidity_1,24.014780149830223
1510299104740,Brightness_1,79.0
1510299104740,Brightness_1,79.0
1510299105457,Sound_P,64.61127993529891
1510299105457,Sound_P,64.61127993529891
1510299105460,PodiumIR,103
1510299105460,PodiumIR,103
1510299109072,Sound_R,57.79154773760313
1510299111168,Temperature_1,26.83
1510299111168,Temperature_1,26.83
1510299111172,Humidity_1,24.014780149830223
1510299111172,Humidity_1,24.014780149830223
1510299111176,Brightness_1,79.0
1510299111176,Brightness_1,79.0
1510299115463,Sound_P,66.44593723960276
1510299115463,Sound_P,66.44593723960276
1510299115466,PodiumIR,80
1510299115466,PodiumIR,80
1510299117619,Temperature_1,26.83
1510299117619,Temperature_1,26.83
1510299117624,Humidity_1,24.014780149830223
1510299117624,Humidity_1,24.014780149830223
1510299117628,Brightness_1,79.0
1510299117628,Brightness_1,79.0
1510299119073,Sound_R,58.93032046120396
1510299124173,Temperature_1,26.83
1510299124173,Temperature_1,26.83
1510299124178,Humidity_1,24.014780149830223
1510299124178,Humidity_1,24.014780149830223
1510299124184,Brightness_1,79.0
1510299124184,Brightness_1,79.0
1510299125468,Sound_P,66.44593723960276
1510299125468,Sound_P,66.44593723960276
1510299125476,PodiumIR,80
1510299125476,PodiumIR,80
1510299129072,Sound_R,58.94078379810287
1510299130552,Temperature_1,26.83
1510299130552,Temperature_1,26.83
1510299130556,Humidity_1,24.014780149830223
1510299130556,Humidity_1,24.014780149830223
1510299130561,Brightness_1,79.0
1510299130561,Brightness_1,79.0
1510299135479,Sound_P,67.01551720930587
1510299135479,Sound_P,67.01551720930587
1510299135482,PodiumIR,59
1510299135482,PodiumIR,59
1510299136944,Temperature_1,26.83
1510299136944,Temperature_1,26.83
1510299136948,Humidity_1,24.014780149830223
1510299136948,Humidity_1,24.014780149830223
1510299136952,Brightness_1,79.0
1510299136952,Brightness_1,79.0
1510299139072,Sound_R,58.82531090645974
1510299143424,Temperature_1,26.83
1510299143424,Temperature_1,26.83
1510299143428,Humidity_1,24.014780149830223
1510299143428,Humidity_1,24.014780149830223
1510299143432,Brightness_1,79.0
1510299143432,Brightness_1,79.0
1510299145484,Sound_P,65.24535518573873
1510299145484,Sound_P,65.24535518573873
1510299145487,PodiumIR,80
1510299145487,PodiumIR,80
1510299149072,Sound_R,58.17617285092157
1510299149876,Temperature_1,26.83
1510299149876,Temperature_1,26.83
1510299149880,Humidity_1,24.014780149830223
1510299149880,Humidity_1,24.014780149830223
1510299149884,Brightness_1,79.0
1510299149884,Brightness_1,79.0
1510299155489,Sound_P,64.61127993529891
1510299155489,Sound_P,64.61127993529891
1510299155492,PodiumIR,144
1510299155492,PodiumIR,144
1510299156260,Temperature_1,26.83
1510299156260,Temperature_1,26.83
1510299156264,Humidity_1,24.014780149830223
1510299156264,Humidity_1,24.014780149830223
1510299156269,Brightness_1,79.0
1510299156269,Brightness_1,79.0
1510299159072,Sound_R,57.31615191044383
1510299162676,Temperature_1,26.83
1510299162676,Temperature_1,26.83
1510299162680,Humidity_1,24.014780149830223
1510299162680,Humidity_1,24.014780149830223
1510299162683,Brightness_1,79.0
1510299162683,Brightness_1,79.0
1510299165494,Sound_P,64.61127993529891
1510299165494,Sound_P,64.61127993529891
1510299165497,PodiumIR,81
1510299165497,PodiumIR,81
1510299169050,Temperature_1,26.83
1510299169050,Temperature_1,26.83
1510299169054,Humidity_1,23.89146026922941
1510299169054,Humidity_1,23.89146026922941
1510299169057,Brightness_1,74.0
1510299169057,Brightness_1,74.0
1510299169072,Sound_R,55.43479163986939
1510299175487,Temperature_1,26.83
1510299175487,Temperature_1,26.83
1510299175491,Humidity_1,23.89146026922941
1510299175491,Humidity_1,23.89146026922941
1510299175495,Brightness_1,74.0
1510299175495,Brightness_1,74.0
1510299175500,Sound_P,66.44593723960276
1510299175500,Sound_P,66.44593723960276
1510299175503,PodiumIR,70
1510299175503,PodiumIR,70
1510299179072,Sound_R,56.02140155971165
1510299181870,Temperature_1,26.83
1510299181870,Temperature_1,26.83
1510299181874,Humidity_1,23.89146026922941
1510299181874,Humidity_1,23.89146026922941
1510299181878,Brightness_1,74.0
1510299181878,Brightness_1,74.0
1510299185505,Sound_P,65.24535518573873
1510299185505,Sound_P,65.24535518573873
1510299185508,PodiumIR,79
1510299185508,PodiumIR,79
1510299188278,Temperature_1,26.83
1510299188278,Temperature_1,26.83
1510299188282,Humidity_1,23.89146026922941
1510299188282,Humidity_1,23.89146026922941
1510299188286,Brightness_1,74.0
1510299188286,Brightness_1,74.0
1510299189072,Sound_R,57.16897349132818
1510299194727,Temperature_1,26.83
1510299194727,Temperature_1,26.83
1510299194731,Humidity_1,23.89146026922941
1510299194731,Humidity_1,23.89146026922941
1510299194735,Brightness_1,74.0
1510299194735,Brightness_1,74.0
1510299195511,Sound_P,65.24535518573873
1510299195511,Sound_P,65.24535518573873
1510299195514,PodiumIR,71
1510299195514,PodiumIR,71
1510299199072,Sound_R,55.94890595273379
1510299201179,Temperature_1,26.83
1510299201179,Temperature_1,26.83
1510299201182,Humidity_1,23.89146026922941
1510299201182,Humidity_1,23.89146026922941
1510299201186,Brightness_1,74.0
1510299201186,Brightness_1,74.0
1510299205516,Sound_P,65.8563679754536
1510299205516,Sound_P,65.8563679754536
1510299205519,PodiumIR,68
1510299205519,PodiumIR,68
1510299207631,Temperature_1,26.83
1510299207631,Temperature_1,26.83
1510299207635,Humidity_1,23.89146026922941
1510299207635,Humidity_1,23.89146026922941
1510299207638,Brightness_1,74.0
1510299207638,Brightness_1,74.0
1510299209072,Sound_R,57.01949720635082
1510299210065,Motion_1,False
1510299210065,Motion_2,False
1510299210065,Motion_1,False
1510299210065,Motion_2,False
1510299214082,Temperature_1,26.83
1510299214082,Temperature_1,26.83
1510299214085,Humidity_1,23.89146026922941
1510299214085,Humidity_1,23.89146026922941
1510299214089,Brightness_1,74.0
1510299214089,Brightness_1,74.0
1510299215521,Sound_P,65.24535518573873
1510299215521,Sound_P,65.24535518573873
1510299215524,PodiumIR,76
1510299215524,PodiumIR,76
1510299219072,Sound_R,57.811021073590894
1510299220470,Temperature_1,26.83
1510299220470,Temperature_1,26.83
1510299220473,Humidity_1,23.89146026922941
1510299220473,Humidity_1,23.89146026922941
1510299220477,Brightness_1,74.0
1510299220477,Brightness_1,74.0
1510299225526,Sound_P,63.95233273361063
1510299225526,Sound_P,63.95233273361063
1510299225534,PodiumIR,69
1510299225534,PodiumIR,69
1510299226840,Temperature_1,26.83
1510299226840,Temperature_1,26.83
1510299226843,Humidity_1,23.89146026922941
1510299226843,Humidity_1,23.89146026922941
1510299226847,Brightness_1,74.0
1510299226847,Brightness_1,74.0
1510299229072,Sound_R,55.79416430207724
1510299233339,Temperature_1,26.95
1510299233339,Temperature_1,26.95
1510299233342,Humidity_1,24.014780149830223
1510299233342,Humidity_1,24.014780149830223
1510299233346,Brightness_1,73.0
1510299233346,Brightness_1,73.0
1510299235539,Sound_P,65.8563679754536
1510299235539,Sound_P,65.8563679754536
1510299235542,PodiumIR,76
1510299235542,PodiumIR,76
1510299239072,Sound_R,57.15974835619975
1510299239794,Temperature_1,26.95
1510299239794,Temperature_1,26.95
1510299239798,Humidity_1,24.014780149830223
1510299239798,Humidity_1,24.014780149830223
1510299239802,Brightness_1,73.0
1510299239802,Brightness_1,73.0
1510299245544,Sound_P,63.95233273361063
1510299245544,Sound_P,63.95233273361063
1510299245547,PodiumIR,72
1510299245547,PodiumIR,72
1510299246240,Temperature_1,26.95
1510299246240,Temperature_1,26.95
1510299246244,Humidity_1,24.014780149830223
1510299246244,Humidity_1,24.014780149830223
1510299246248,Brightness_1,73.0
1510299246248,Brightness_1,73.0
1510299249072,Sound_R,59.49479085211274
1510299252687,Temperature_1,26.95
1510299252687,Temperature_1,26.95
1510299252691,Humidity_1,24.014780149830223
1510299252691,Humidity_1,24.014780149830223
1510299252695,Brightness_1,73.0
1510299252695,Brightness_1,73.0
1510299255549,Sound_P,65.24535518573873
1510299255549,Sound_P,65.24535518573873
1510299255553,PodiumIR,77
1510299255553,PodiumIR,77
1510299259072,Sound_R,60.75558323832016
1510299259080,Temperature_1,26.95
1510299259080,Temperature_1,26.95
1510299259083,Humidity_1,24.014780149830223
1510299259083,Humidity_1,24.014780149830223
1510299259087,Brightness_1,73.0
1510299259087,Brightness_1,73.0
1510299265505,Temperature_1,26.95
1510299265505,Temperature_1,26.95
1510299265509,Humidity_1,24.014780149830223
1510299265509,Humidity_1,24.014780149830223
1510299265514,Brightness_1,73.0
1510299265514,Brightness_1,73.0
1510299265555,Sound_P,66.44593723960276
1510299265555,Sound_P,66.44593723960276
1510299265558,PodiumIR,81
1510299265558,PodiumIR,81
1510299269072,Sound_R,61.6031931199409
1510299271938,Temperature_1,26.95
1510299271938,Temperature_1,26.95
1510299271942,Humidity_1,24.014780149830223
1510299271942,Humidity_1,24.014780149830223
1510299271945,Brightness_1,73.0
1510299271945,Brightness_1,73.0
1510299275560,Sound_P,70.987085069563
1510299275560,Sound_P,70.987085069563
1510299275563,PodiumIR,56
1510299275563,PodiumIR,56
1510299278396,Temperature_1,26.95
1510299278396,Temperature_1,26.95
1510299278400,Humidity_1,24.014780149830223
1510299278400,Humidity_1,24.014780149830223
1510299278404,Brightness_1,73.0
1510299278404,Brightness_1,73.0
1510299279072,Sound_R,60.181316482591804
1510299284811,Temperature_1,26.95
1510299284811,Temperature_1,26.95
1510299284815,Humidity_1,24.014780149830223
1510299284815,Humidity_1,24.014780149830223
1510299284818,Brightness_1,73.0
1510299284818,Brightness_1,73.0
1510299285565,Sound_P,65.24535518573873
1510299285565,Sound_P,65.24535518573873
1510299285568,PodiumIR,77
1510299285568,PodiumIR,77
1510299289073,Sound_R,61.91105380000014
1510299291210,Temperature_1,26.95
1510299291210,Temperature_1,26.95
1510299291215,Humidity_1,24.014780149830223
1510299291215,Humidity_1,24.014780149830223
1510299291220,Brightness_1,73.0
1510299291220,Brightness_1,73.0
1510299295575,Sound_P,67.56641902255494
1510299295575,Sound_P,67.56641902255494
1510299295578,PodiumIR,78
1510299295578,PodiumIR,78
1510299297582,Temperature_1,26.83
1510299297582,Temperature_1,26.83
1510299297586,Humidity_1,24.014780149830223
1510299297586,Humidity_1,24.014780149830223
1510299297590,Brightness_1,76.0
1510299297590,Brightness_1,76.0
1510299299072,Sound_R,62.65011050703436
1510299303390,Motion_1,False
1510299303390,Motion_2,True
1510299303390,Motion_1,False
1510299303390,Motion_2,True
1510299303990,Temperature_1,26.83
1510299303990,Temperature_1,26.83
1510299303993,Humidity_1,24.014780149830223
1510299303993,Humidity_1,24.014780149830223
1510299303995,Brightness_1,76.0
1510299303995,Brightness_1,76.0
1510299305585,Sound_P,63.95233273361063
1510299305585,Sound_P,63.95233273361063
1510299305588,PodiumIR,78
1510299305588,PodiumIR,78
1510299309072,Sound_R,60.98956651913827
1510299310441,Temperature_1,26.83
1510299310441,Temperature_1,26.83
1510299310445,Humidity_1,24.014780149830223
1510299310445,Humidity_1,24.014780149830223
1510299310449,Brightness_1,76.0
1510299310449,Brightness_1,76.0
1510299315593,Sound_P,68.0998289029382
1510299315593,Sound_P,68.0998289029382
1510299315601,PodiumIR,112
1510299315601,PodiumIR,112
1510299316852,Temperature_1,26.83
1510299316852,Temperature_1,26.83
1510299316856,Humidity_1,24.014780149830223
1510299316856,Humidity_1,24.014780149830223
1510299316860,Brightness_1,76.0
1510299316860,Brightness_1,76.0
1510299319072,Sound_R,60.3657369810844
1510299323242,Temperature_1,26.83
1510299323242,Temperature_1,26.83
1510299323245,Humidity_1,24.014780149830223
1510299323245,Humidity_1,24.014780149830223
1510299323249,Brightness_1,76.0
1510299323249,Brightness_1,76.0
1510299325605,Sound_P,66.44593723960276
1510299325605,Sound_P,66.44593723960276
1510299325609,PodiumIR,84
1510299325609,PodiumIR,84
1510299329072,Sound_R,59.830609469895165
1510299329693,Temperature_1,26.83
1510299329693,Temperature_1,26.83
1510299329696,Humidity_1,24.014780149830223
1510299329696,Humidity_1,24.014780149830223
1510299329700,Brightness_1,76.0
1510299329700,Brightness_1,76.0
1510299335614,Sound_P,65.24535518573873
1510299335614,Sound_P,65.24535518573873
1510299335617,PodiumIR,83
1510299335617,PodiumIR,83
1510299336150,Temperature_1,26.83
1510299336150,Temperature_1,26.83
1510299336153,Humidity_1,24.014780149830223
1510299336153,Humidity_1,24.014780149830223
1510299336158,Brightness_1,76.0
1510299336158,Brightness_1,76.0
1510299339072,Sound_R,58.61654423930469
1510299342698,Temperature_1,26.83
1510299342698,Temperature_1,26.83
1510299342702,Humidity_1,24.014780149830223
1510299342702,Humidity_1,24.014780149830223
1510299342706,Brightness_1,76.0
1510299342706,Brightness_1,76.0
1510299345619,Sound_P,72.66858725677886
1510299345619,Sound_P,72.66858725677886
1510299345622,PodiumIR,113
1510299345622,PodiumIR,113
1510299349072,Sound_R,57.28123764770489
1510299349111,Temperature_1,26.83
1510299349111,Temperature_1,26.83
1510299349114,Humidity_1,24.014780149830223
1510299349114,Humidity_1,24.014780149830223
1510299349118,Brightness_1,76.0
1510299349118,Brightness_1,76.0
1510299355600,Temperature_1,26.83
1510299355600,Temperature_1,26.83
1510299355604,Humidity_1,24.014780149830223
1510299355604,Humidity_1,24.014780149830223
1510299355608,Brightness_1,76.0
1510299355608,Brightness_1,76.0
1510299355624,Sound_P,68.0998289029382
1510299355624,Sound_P,68.0998289029382
1510299355627,PodiumIR,72
1510299355627,PodiumIR,72
1510299359072,Sound_R,58.0243791312811
1510299362052,Temperature_1,26.83
1510299362052,Temperature_1,26.83
1510299362055,Humidity_1,23.89146026922941
1510299362055,Humidity_1,23.89146026922941
1510299362059,Brightness_1,73.0
1510299362059,Brightness_1,73.0
1510299365630,Sound_P,65.8563679754536
1510299365630,Sound_P,65.8563679754536
1510299365633,PodiumIR,78
1510299365633,PodiumIR,78
1510299368504,Temperature_1,26.83
1510299368504,Temperature_1,26.83
1510299368507,Humidity_1,23.89146026922941
1510299368507,Humidity_1,23.89146026922941
1510299368511,Brightness_1,73.0
1510299368511,Brightness_1,73.0
1510299369072,Sound_R,59.00982018749443
1510299374936,Temperature_1,26.83
1510299374936,Temperature_1,26.83
1510299374940,Humidity_1,23.89146026922941
1510299374940,Humidity_1,23.89146026922941
1510299374943,Brightness_1,73.0
1510299374943,Brightness_1,73.0
1510299375635,Sound_P,63.95233273361063
1510299375635,Sound_P,63.95233273361063
1510299375639,PodiumIR,80
1510299375639,PodiumIR,80
1510299379072,Sound_R,60.506839432386755
1510299381434,Temperature_1,26.83
1510299381434,Temperature_1,26.83
1510299381437,Humidity_1,23.89146026922941
1510299381437,Humidity_1,23.89146026922941
1510299381441,Brightness_1,73.0
1510299381441,Brightness_1,73.0
1510299385641,Sound_P,68.0998289029382
1510299385641,Sound_P,68.0998289029382
1510299385644,PodiumIR,77
1510299385644,PodiumIR,77
1510299387966,Temperature_1,26.83
1510299387966,Temperature_1,26.83
1510299387970,Humidity_1,23.89146026922941
1510299387970,Humidity_1,23.89146026922941
1510299387974,Brightness_1,73.0
1510299387974,Brightness_1,73.0
1510299389072,Sound_R,63.17805070186717
1510299393218,Motion_2,False
1510299393218,Motion_2,False
1510299394258,Motion_1,True
1510299394258,Motion_1,True
1510299394635,Temperature_1,26.83
1510299394635,Temperature_1,26.83
1510299394639,Humidity_1,23.89146026922941
1510299394639,Humidity_1,23.89146026922941
1510299394643,Brightness_1,73.0
1510299394643,Brightness_1,73.0
1510299395646,Sound_P,65.8563679754536
1510299395646,Sound_P,65.8563679754536
1510299395649,PodiumIR,80
1510299395649,PodiumIR,80
1510299399072,Sound_R,63.15971931701821
1510299401021,Temperature_1,26.83
1510299401021,Temperature_1,26.83
1510299401024,Humidity_1,23.89146026922941
1510299401024,Humidity_1,23.89146026922941
1510299401028,Brightness_1,73.0
1510299401028,Brightness_1,73.0
1510299405651,Sound_P,66.44593723960276
1510299405651,Sound_P,66.44593723960276
1510299405654,PodiumIR,111
1510299405654,PodiumIR,111
1510299407421,Temperature_1,26.83
1510299407421,Temperature_1,26.83
1510299407424,Humidity_1,23.89146026922941
1510299407424,Humidity_1,23.89146026922941
1510299407427,Brightness_1,73.0
1510299407427,Brightness_1,73.0
1510299409072,Sound_R,61.40203711046342
1510299413901,Temperature_1,26.83
1510299413901,Temperature_1,26.83
1510299413905,Humidity_1,23.89146026922941
1510299413905,Humidity_1,23.89146026922941
1510299413910,Brightness_1,73.0
1510299413910,Brightness_1,73.0
1510299415657,Sound_P,64.61127993529891
1510299415657,Sound_P,64.61127993529891
1510299415660,PodiumIR,75
1510299415660,PodiumIR,75
1510299419072,Sound_R,59.22377658981628
1510299420328,Temperature_1,26.83
1510299420328,Temperature_1,26.83
1510299420331,Humidity_1,24.014780149830223
1510299420331,Humidity_1,24.014780149830223
1510299420335,Brightness_1,75.0
1510299420335,Brightness_1,75.0
1510299425662,Sound_P,67.01551720930587
1510299425662,Sound_P,67.01551720930587
1510299425670,PodiumIR,76
1510299425670,PodiumIR,76
1510299426771,Temperature_1,26.83
1510299426771,Temperature_1,26.83
1510299426775,Humidity_1,24.014780149830223
1510299426775,Humidity_1,24.014780149830223
1510299426779,Brightness_1,75.0
1510299426779,Brightness_1,75.0
1510299429072,Sound_R,57.6336788995012
1510299433339,Temperature_1,26.83
1510299433339,Temperature_1,26.83
1510299433343,Humidity_1,24.014780149830223
1510299433343,Humidity_1,24.014780149830223
1510299433347,Brightness_1,75.0
1510299433347,Brightness_1,75.0
1510299435265,Motion_2,False
1510299435265,Motion_1,False
1510299435265,Motion_2,False
1510299435265,Motion_1,False
1510299435672,Sound_P,65.8563679754536
1510299435672,Sound_P,65.8563679754536
1510299435675,PodiumIR,75
1510299435675,PodiumIR,75
1510299438372,Motion_1,True
1510299438372,Motion_1,True
1510299439072,Sound_R,56.75277175457637
1510299439800,Temperature_1,26.83
1510299439800,Temperature_1,26.83
1510299439804,Humidity_1,24.014780149830223
1510299439804,Humidity_1,24.014780149830223
1510299439809,Brightness_1,75.0
1510299439809,Brightness_1,75.0
1510299445677,Sound_P,67.56641902255494
1510299445677,Sound_P,67.56641902255494
1510299445680,PodiumIR,80
1510299445680,PodiumIR,80
1510299446227,Temperature_1,26.83
1510299446227,Temperature_1,26.83
1510299446231,Humidity_1,24.014780149830223
1510299446231,Humidity_1,24.014780149830223
1510299446235,Brightness_1,75.0
1510299446235,Brightness_1,75.0
1510299448192,Motion_2,True
1510299448192,Motion_2,True
1510299449072,Sound_R,58.849959597655584
1510299452620,Temperature_1,26.83
1510299452620,Temperature_1,26.83
1510299452624,Humidity_1,24.014780149830223
1510299452624,Humidity_1,24.014780149830223
1510299452627,Brightness_1,75.0
1510299452627,Brightness_1,75.0
1510299455682,Sound_P,64.61127993529891
1510299455682,Sound_P,64.61127993529891
1510299455685,PodiumIR,81
1510299455685,PodiumIR,81
1510299456442,Motion_1,False
1510299456442,Motion_1,False
1510299459000,Temperature_1,26.83
1510299459000,Temperature_1,26.83
1510299459003,Humidity_1,24.014780149830223
1510299459003,Humidity_1,24.014780149830223
1510299459007,Brightness_1,75.0
1510299459007,Brightness_1,75.0
1510299459072,Sound_R,61.23549075894542
1510299465381,Temperature_1,26.83
1510299465381,Temperature_1,26.83
1510299465385,Humidity_1,24.014780149830223
1510299465385,Humidity_1,24.014780149830223
1510299465389,Brightness_1,75.0
1510299465389,Brightness_1,75.0
1510299465688,Sound_P,66.44593723960276
1510299465688,Sound_P,66.44593723960276
1510299465691,PodiumIR,96
1510299465691,PodiumIR,96
1510299469072,Sound_R,61.999178228408105
1510299471831,Temperature_1,26.83
1510299471831,Temperature_1,26.83
1510299471834,Humidity_1,24.014780149830223
1510299471834,Humidity_1,24.014780149830223
1510299471838,Brightness_1,75.0
1510299471838,Brightness_1,75.0
1510299475693,Sound_P,64.61127993529891
1510299475693,Sound_P,64.61127993529891
1510299475696,PodiumIR,81
1510299475696,PodiumIR,81
1510299478380,Temperature_1,26.83
1510299478380,Temperature_1,26.83
1510299478384,Humidity_1,24.014780149830223
1510299478384,Humidity_1,24.014780149830223
1510299478388,Brightness_1,75.0
1510299478388,Brightness_1,75.0
1510299479072,Sound_R,61.77207207055875
1510299484761,Temperature_1,26.95
1510299484761,Temperature_1,26.95
1510299484766,Humidity_1,23.89146026922941
1510299484766,Humidity_1,23.89146026922941
1510299484769,Brightness_1,73.0
1510299484769,Brightness_1,73.0
1510299485699,Sound_P,64.61127993529891
1510299485699,Sound_P,64.61127993529891
1510299485701,PodiumIR,77
1510299485701,PodiumIR,77
1510299489072,Sound_R,58.95761670985272
1510299491185,Temperature_1,26.95
1510299491185,Temperature_1,26.95
1510299491189,Humidity_1,23.89146026922941
1510299491189,Humidity_1,23.89146026922941
1510299491192,Brightness_1,73.0
1510299491192,Brightness_1,73.0
1510299495704,Sound_P,65.24535518573873
1510299495704,Sound_P,65.24535518573873
1510299495707,PodiumIR,96
1510299495707,PodiumIR,96
1510299497631,Temperature_1,26.95
1510299497631,Temperature_1,26.95
1510299497635,Humidity_1,23.89146026922941
1510299497635,Humidity_1,23.89146026922941
1510299497639,Brightness_1,73.0
1510299497639,Brightness_1,73.0
1510299499072,Sound_R,57.25822421016772
1510299504083,Temperature_1,26.95
1510299504083,Temperature_1,26.95
1510299504087,Humidity_1,23.89146026922941
1510299504087,Humidity_1,23.89146026922941
1510299504092,Brightness_1,73.0
1510299504092,Brightness_1,73.0
1510299505710,Sound_P,63.95233273361063
1510299505710,Sound_P,63.95233273361063
1510299505713,PodiumIR,74
1510299505713,PodiumIR,74
1510299509072,Sound_R,55.96588496743581
1510299509100,Motion_2,False
1510299509100,Motion_1,False
1510299509100,Motion_2,False
1510299509100,Motion_1,False
1510299510571,Temperature_1,26.95
1510299510571,Temperature_1,26.95
1510299510575,Humidity_1,23.89146026922941
1510299510575,Humidity_1,23.89146026922941
1510299510579,Brightness_1,73.0
1510299510579,Brightness_1,73.0
1510299515715,Sound_P,65.8563679754536
1510299515715,Sound_P,65.8563679754536
1510299515727,PodiumIR,77
1510299515727,PodiumIR,77
1510299516940,Temperature_1,26.95
1510299516940,Temperature_1,26.95
1510299516943,Humidity_1,23.89146026922941
1510299516943,Humidity_1,23.89146026922941
1510299516947,Brightness_1,73.0
1510299516947,Brightness_1,73.0
1510299519072,Sound_R,59.37176077982221
1510299523339,Temperature_1,26.95
1510299523339,Temperature_1,26.95
1510299523343,Humidity_1,23.89146026922941
1510299523343,Humidity_1,23.89146026922941
1510299523346,Brightness_1,73.0
1510299523346,Brightness_1,73.0
1510299525732,Sound_P,65.24535518573873
1510299525732,Sound_P,65.24535518573873
1510299525735,PodiumIR,77
1510299525735,PodiumIR,77
1510299529072,Sound_R,60.89766755605438
1510299529722,Temperature_1,26.95
1510299529722,Temperature_1,26.95
1510299529726,Humidity_1,23.89146026922941
1510299529726,Humidity_1,23.89146026922941
1510299529729,Brightness_1,73.0
1510299529729,Brightness_1,73.0
1510299530266,Motion_2,False
1510299530266,Motion_1,False
1510299530266,Motion_2,False
1510299530266,Motion_1,False
1510299535738,Sound_P,67.01551720930587
1510299535738,Sound_P,67.01551720930587
1510299535741,PodiumIR,58
1510299535741,PodiumIR,58
1510299536237,Temperature_1,26.95
1510299536237,Temperature_1,26.95
1510299536240,Humidity_1,23.89146026922941
1510299536240,Humidity_1,23.89146026922941
1510299536244,Brightness_1,73.0
1510299536244,Brightness_1,73.0
1510299539072,Sound_R,59.47119992004082
1510299542722,Temperature_1,26.95
1510299542722,Temperature_1,26.95
1510299542726,Humidity_1,23.89146026922941
1510299542726,Humidity_1,23.89146026922941
1510299542730,Brightness_1,73.0
1510299542730,Brightness_1,73.0
1510299545744,Sound_P,67.01551720930587
1510299545744,Sound_P,67.01551720930587
1510299545747,PodiumIR,80
1510299545747,PodiumIR,80
1510299546219,Motion_1,False
1510299546219,Motion_2,False
1510299546219,Motion_1,False
1510299546219,Motion_2,False
1510299549072,Sound_R,61.03453902333403
1510299549150,Temperature_1,26.95
1510299549150,Temperature_1,26.95
1510299549154,Humidity_1,23.89146026922941
1510299549154,Humidity_1,23.89146026922941
1510299549157,Brightness_1,77.0
1510299549157,Brightness_1,77.0
1510299555603,Temperature_1,26.95
1510299555603,Temperature_1,26.95
1510299555606,Humidity_1,23.89146026922941
1510299555606,Humidity_1,23.89146026922941
1510299555610,Brightness_1,77.0
1510299555610,Brightness_1,77.0
1510299555749,Sound_P,66.44593723960276
1510299555749,Sound_P,66.44593723960276
1510299555752,PodiumIR,77
1510299555752,PodiumIR,77
1510299559072,Sound_R,57.808448823296466
1510299562042,Temperature_1,26.95
1510299562042,Temperature_1,26.95
1510299562045,Humidity_1,23.89146026922941
1510299562045,Humidity_1,23.89146026922941
1510299562049,Brightness_1,77.0
1510299562049,Brightness_1,77.0
1510299565754,Sound_P,65.8563679754536
1510299565754,Sound_P,65.8563679754536
1510299565757,PodiumIR,102
1510299565757,PodiumIR,102
1510299567051,Motion_1,False
1510299567051,Motion_2,False
1510299567051,Motion_1,False
1510299567051,Motion_2,False
1510299568520,Temperature_1,26.95
1510299568520,Temperature_1,26.95
1510299568523,Humidity_1,23.89146026922941
1510299568523,Humidity_1,23.89146026922941
1510299568527,Brightness_1,77.0
1510299568527,Brightness_1,77.0
1510299569072,Sound_R,53.458586032944275
1510299574927,Temperature_1,26.95
1510299574927,Temperature_1,26.95
1510299574931,Humidity_1,23.89146026922941
1510299574931,Humidity_1,23.89146026922941
1510299574935,Brightness_1,77.0
1510299574935,Brightness_1,77.0
1510299575760,Sound_P,64.61127993529891
1510299575760,Sound_P,64.61127993529891
1510299575763,PodiumIR,68
1510299575763,PodiumIR,68
1510299579072,Sound_R,54.622042604928076
1510299581405,Temperature_1,26.95
1510299581405,Temperature_1,26.95
1510299581408,Humidity_1,23.89146026922941
1510299581408,Humidity_1,23.89146026922941
1510299581412,Brightness_1,77.0
1510299581412,Brightness_1,77.0
1510299585765,Sound_P,65.24535518573873
1510299585765,Sound_P,65.24535518573873
1510299585768,PodiumIR,78
1510299585768,PodiumIR,78
1510299587847,Temperature_1,26.95
1510299587847,Temperature_1,26.95
1510299587851,Humidity_1,23.89146026922941
1510299587851,Humidity_1,23.89146026922941
1510299587856,Brightness_1,77.0
1510299587856,Brightness_1,77.0
1510299589072,Sound_R,58.70296999624768
1510299594401,Temperature_1,26.95
1510299594401,Temperature_1,26.95
1510299594404,Humidity_1,23.89146026922941
1510299594404,Humidity_1,23.89146026922941
1510299594408,Brightness_1,77.0
1510299594408,Brightness_1,77.0
1510299595773,Sound_P,65.8563679754536
1510299595773,Sound_P,65.8563679754536
1510299595776,PodiumIR,74
1510299595776,PodiumIR,74
1510299599072,Sound_R,59.225370337186206
1510299600769,Temperature_1,26.95
1510299600769,Temperature_1,26.95
1510299600772,Humidity_1,23.89146026922941
1510299600772,Humidity_1,23.89146026922941
1510299600776,Brightness_1,77.0
1510299600776,Brightness_1,77.0
1510299602550,Motion_2,False
1510299602550,Motion_2,False
1510299602555,Motion_2,True
1510299602555,Motion_1,True
1510299602555,Motion_2,True
1510299602555,Motion_1,True
1510299605780,Sound_P,65.24535518573873
1510299605780,Sound_P,65.24535518573873
1510299605793,PodiumIR,82
1510299605793,PodiumIR,82
1510299607201,Temperature_1,26.95
1510299607201,Temperature_1,26.95
1510299607204,Humidity_1,23.89146026922941
1510299607204,Humidity_1,23.89146026922941
1510299607208,Brightness_1,77.0
1510299607208,Brightness_1,77.0
1510299609072,Sound_R,56.90217817559832
1510299613755,Temperature_1,26.95
1510299613755,Temperature_1,26.95
1510299613759,Humidity_1,23.89146026922941
1510299613759,Humidity_1,23.89146026922941
1510299613762,Brightness_1,73.0
1510299613762,Brightness_1,73.0
1510299615797,Sound_P,67.56641902255494
1510299615797,Sound_P,67.56641902255494
1510299615800,PodiumIR,81
1510299615800,PodiumIR,81
1510299619072,Sound_R,58.037666235833164
1510299620225,Temperature_1,26.95
1510299620225,Temperature_1,26.95
1510299620228,Humidity_1,23.89146026922941
1510299620228,Humidity_1,23.89146026922941
1510299620233,Brightness_1,73.0
1510299620233,Brightness_1,73.0
1510299625802,Sound_P,65.24535518573873
1510299625802,Sound_P,65.24535518573873
1510299625805,PodiumIR,79
1510299625805,PodiumIR,79
1510299626770,Temperature_1,26.95
1510299626770,Temperature_1,26.95
1510299626774,Humidity_1,23.89146026922941
1510299626774,Humidity_1,23.89146026922941
1510299626777,Brightness_1,73.0
1510299626777,Brightness_1,73.0
1510299629072,Sound_R,58.49643502875906
1510299633228,Temperature_1,26.95
1510299633228,Temperature_1,26.95
1510299633231,Humidity_1,23.89146026922941
1510299633231,Humidity_1,23.89146026922941
1510299633235,Brightness_1,73.0
1510299633235,Brightness_1,73.0
1510299635807,Sound_P,66.44593723960276
1510299635807,Sound_P,66.44593723960276
1510299635811,PodiumIR,104
1510299635811,PodiumIR,104
1510299639072,Sound_R,59.94009300078293
1510299639609,Temperature_1,26.95
1510299639609,Temperature_1,26.95
1510299639613,Humidity_1,23.89146026922941
1510299639613,Humidity_1,23.89146026922941
1510299639617,Brightness_1,73.0
1510299639617,Brightness_1,73.0
1510299645813,Sound_P,67.56641902255494
1510299645813,Sound_P,67.56641902255494
1510299645816,PodiumIR,56
1510299645816,PodiumIR,56
1510299645979,Temperature_1,26.95
1510299645979,Temperature_1,26.95
1510299645982,Humidity_1,23.89146026922941
1510299645982,Humidity_1,23.89146026922941
1510299645986,Brightness_1,73.0
1510299645986,Brightness_1,73.0
1510299649072,Sound_R,60.76297445361984
1510299650700,Seat_8,False
1510299650700,Seat_2,False
1510299650700,Motion_2,False
1510299650700,Motion_1,False
1510299650700,Seat_8,False
1510299650700,Seat_2,False
1510299650700,Motion_2,False
1510299650700,Motion_1,False
1510299652311,Motion_1,True
1510299652311,Motion_1,True
1510299652746,Temperature_1,26.95
1510299652746,Temperature_1,26.95
1510299652750,Humidity_1,23.89146026922941
1510299652750,Humidity_1,23.89146026922941
1510299652754,Brightness_1,73.0
1510299652754,Brightness_1,73.0
1510299653642,Motion_2,True
1510299653642,Motion_2,True
1510299655818,Sound_P,65.8563679754536
1510299655818,Sound_P,65.8563679754536
1510299655821,PodiumIR,75
1510299655821,PodiumIR,75
1510299659072,Sound_R,58.458595068663634
1510299659217,Temperature_1,26.95
1510299659217,Temperature_1,26.95
1510299659220,Humidity_1,23.89146026922941
1510299659220,Humidity_1,23.89146026922941
1510299659223,Brightness_1,73.0
1510299659223,Brightness_1,73.0
1510299665679,Temperature_1,26.95
1510299665679,Temperature_1,26.95
1510299665682,Humidity_1,23.89146026922941
1510299665682,Humidity_1,23.89146026922941
1510299665685,Brightness_1,73.0
1510299665685,Brightness_1,73.0
1510299665824,Sound_P,66.44593723960276
1510299665824,Sound_P,66.44593723960276
1510299665827,PodiumIR,78
1510299665827,PodiumIR,78
1510299665868,Seat_8,False
1510299665868,Motion_1,False
1510299665868,Motion_2,False
1510299665868,Seat_8,False
1510299665868,Motion_1,False
1510299665868,Motion_2,False
1510299669073,Sound_R,57.26747333881372
1510299672049,Temperature_1,26.95
1510299672049,Temperature_1,26.95
1510299672052,Humidity_1,23.89146026922941
1510299672052,Humidity_1,23.89146026922941
1510299672056,Brightness_1,73.0
1510299672056,Brightness_1,73.0
1510299675831,Sound_P,64.61127993529891
1510299675831,Sound_P,64.61127993529891
1510299675834,PodiumIR,105
1510299675834,PodiumIR,105
1510299678698,Temperature_1,26.95
1510299678698,Temperature_1,26.95
1510299678701,Humidity_1,23.89146026922941
1510299678701,Humidity_1,23.89146026922941
1510299678705,Brightness_1,72.0
1510299678705,Brightness_1,72.0
1510299679072,Sound_R,56.66482389944528
1510299685091,Temperature_1,26.95
1510299685091,Temperature_1,26.95
1510299685095,Humidity_1,23.89146026922941
1510299685095,Humidity_1,23.89146026922941
1510299685098,Brightness_1,72.0
1510299685098,Brightness_1,72.0
1510299685837,Sound_P,67.56641902255494
1510299685837,Sound_P,67.56641902255494
1510299685840,PodiumIR,68
1510299685840,PodiumIR,68
1510299689072,Sound_R,56.35131961072842
1510299691459,Temperature_1,26.95
1510299691459,Temperature_1,26.95
1510299691462,Humidity_1,23.89146026922941
1510299691462,Humidity_1,23.89146026922941
1510299691465,Brightness_1,72.0
1510299691465,Brightness_1,72.0
1510299695846,Sound_P,68.0998289029382
1510299695846,Sound_P,68.0998289029382
1510299695849,PodiumIR,77
1510299695849,PodiumIR,77
1510299697827,Temperature_1,26.95
1510299697827,Temperature_1,26.95
1510299697830,Humidity_1,23.89146026922941
1510299697830,Humidity_1,23.89146026922941
1510299697833,Brightness_1,72.0
1510299697833,Brightness_1,72.0
1510299699072,Sound_R,57.07705518887334
1510299701307,Seat_8,False
1510299701307,Motion_1,True
1510299701307,Seat_8,False
1510299701307,Motion_1,True
1510299702358,Motion_2,True
1510299702358,Motion_2,True
1510299704279,Temperature_1,26.95
1510299704279,Temperature_1,26.95
1510299704282,Humidity_1,23.89146026922941
1510299704282,Humidity_1,23.89146026922941
1510299704286,Brightness_1,72.0
1510299704286,Brightness_1,72.0
1510299705854,Sound_P,65.24535518573873
1510299705854,Sound_P,65.24535518573873
1510299705857,PodiumIR,75
1510299705857,PodiumIR,75
1510299705950,Seat_8,True
1510299705950,Seat_8,True
1510299709072,Sound_R,56.32138060473372
1510299710768,Temperature_1,26.95
1510299710768,Temperature_1,26.95
1510299710771,Humidity_1,23.89146026922941
1510299710771,Humidity_1,23.89146026922941
1510299710774,Brightness_1,72.0
1510299710774,Brightness_1,72.0
1510299715860,Sound_P,65.24535518573873
1510299715860,Sound_P,65.24535518573873
1510299715872,PodiumIR,75
1510299715872,PodiumIR,75
1510299717176,Temperature_1,26.95
1510299717176,Temperature_1,26.95
1510299717180,Humidity_1,23.89146026922941
1510299717180,Humidity_1,23.89146026922941
1510299717184,Brightness_1,72.0
1510299717184,Brightness_1,72.0
1510299719072,Sound_R,55.37313118624993
1510299723578,Temperature_1,26.95
1510299723578,Temperature_1,26.95
1510299723581,Humidity_1,23.89146026922941
1510299723581,Humidity_1,23.89146026922941
1510299723585,Brightness_1,72.0
1510299723585,Brightness_1,72.0
1510299725877,Sound_P,65.24535518573873
1510299725877,Sound_P,65.24535518573873
1510299725880,PodiumIR,80
1510299725880,PodiumIR,80
1510299729072,Sound_R,55.428221110482006
1510299729999,Temperature_1,26.95
1510299729999,Temperature_1,26.95
1510299730002,Humidity_1,23.89146026922941
1510299730002,Humidity_1,23.89146026922941
1510299730005,Brightness_1,72.0
1510299730005,Brightness_1,72.0
1510299735883,Sound_P,65.24535518573873
1510299735883,Sound_P,65.24535518573873
1510299735886,PodiumIR,71
1510299735886,PodiumIR,71
1510299736535,Temperature_1,26.95
1510299736535,Temperature_1,26.95
1510299736538,Humidity_1,23.89146026922941
1510299736538,Humidity_1,23.89146026922941
1510299736542,Brightness_1,72.0
1510299736542,Brightness_1,72.0
1510299739072,Sound_R,54.03350655391637
1510299742903,Temperature_1,26.95
1510299742903,Temperature_1,26.95
1510299742906,Humidity_1,23.89146026922941
1510299742906,Humidity_1,23.89146026922941
1510299742910,Brightness_1,77.0
1510299742910,Brightness_1,77.0
1510299745576,Motion_1,False
1510299745576,Motion_2,False
1510299745576,Motion_1,False
1510299745576,Motion_2,False
1510299745889,Sound_P,66.44593723960276
1510299745889,Sound_P,66.44593723960276
1510299745892,PodiumIR,82
1510299745892,PodiumIR,82
1510299749072,Sound_R,52.647791955316876
1510299749456,Temperature_1,26.95
1510299749456,Temperature_1,26.95
1510299749460,Humidity_1,23.89146026922941
1510299749460,Humidity_1,23.89146026922941
1510299749463,Brightness_1,77.0
1510299749463,Brightness_1,77.0
1510299755889,Temperature_1,26.95
1510299755889,Temperature_1,26.95
1510299755892,Humidity_1,23.89146026922941
1510299755892,Humidity_1,23.89146026922941
1510299755895,Sound_P,65.24535518573873
1510299755895,Sound_P,65.24535518573873
1510299755898,PodiumIR,78
1510299755898,PodiumIR,78
1510299755904,Brightness_1,77.0
1510299755904,Brightness_1,77.0
1510299755991,Motion_3,False
1510299755991,Seat_8,False
1510299755991,Motion_3,False
1510299755991,Seat_8,False
1510299758503,Motion_2,True
1510299758503,Motion_1,False
1510299758503,Motion_2,True
1510299758503,Motion_1,False
1510299759072,Sound_R,53.27529604264538
1510299762340,Temperature_1,26.95
1510299762340,Temperature_1,26.95
1510299762343,Humidity_1,23.89146026922941
1510299762343,Humidity_1,23.89146026922941
1510299762347,Brightness_1,77.0
1510299762347,Brightness_1,77.0
1510299765902,Sound_P,65.8563679754536
1510299765902,Sound_P,65.8563679754536
1510299765905,PodiumIR,101
1510299765905,PodiumIR,101
1510299768848,Temperature_1,26.95
1510299768848,Temperature_1,26.95
1510299768851,Humidity_1,23.89146026922941
1510299768851,Humidity_1,23.89146026922941
1510299768855,Brightness_1,77.0
1510299768855,Brightness_1,77.0
1510299769072,Sound_R,54.66559962386725
1510299775251,Temperature_1,26.95
1510299775251,Temperature_1,26.95
1510299775255,Humidity_1,23.89146026922941
1510299775255,Humidity_1,23.89146026922941
1510299775259,Brightness_1,77.0
1510299775259,Brightness_1,77.0
1510299775913,Sound_P,65.24535518573873
1510299775913,Sound_P,65.24535518573873
1510299775916,PodiumIR,60
1510299775916,PodiumIR,60
1510299776132,Seat_8,False
1510299776132,Motion_2,False
1510299776132,Seat_8,False
1510299776132,Motion_2,False
1510299779072,Sound_R,54.91772065206167
1510299781714,Temperature_1,26.95
1510299781714,Temperature_1,26.95
1510299781719,Humidity_1,23.89146026922941
1510299781719,Humidity_1,23.89146026922941
1510299781723,Brightness_1,77.0
1510299781723,Brightness_1,77.0
1510299785918,Sound_P,65.24535518573873
1510299785918,Sound_P,65.24535518573873
1510299785921,PodiumIR,77
1510299785921,PodiumIR,77
1510299788145,Temperature_1,26.95
1510299788145,Temperature_1,26.95
1510299788149,Humidity_1,23.89146026922941
1510299788149,Humidity_1,23.89146026922941
1510299788153,Brightness_1,77.0
1510299788153,Brightness_1,77.0
1510299788894,Motion_1,True
1510299788894,Motion_1,True
1510299789073,Sound_R,55.57908021076389
1510299794615,Temperature_1,26.95
1510299794615,Temperature_1,26.95
1510299794618,Humidity_1,23.89146026922941
1510299794618,Humidity_1,23.89146026922941
1510299794623,Brightness_1,77.0
1510299794623,Brightness_1,77.0
1510299795924,Sound_P,65.24535518573873
1510299795924,Sound_P,65.24535518573873
1510299795932,PodiumIR,79
1510299795932,PodiumIR,79
1510299799072,Sound_R,57.44768887251177
1510299800987,Temperature_1,26.95
1510299800987,Temperature_1,26.95
1510299800990,Humidity_1,23.89146026922941
1510299800990,Humidity_1,23.89146026922941
1510299800994,Brightness_1,77.0
1510299800994,Brightness_1,77.0
1510299801266,Seat_8,False
1510299801266,Motion_1,False
1510299801266,Seat_8,False
1510299801266,Motion_1,False
1510299804497,Motion_2,True
1510299804497,Motion_1,True
1510299804497,Motion_2,True
1510299804497,Motion_1,True
1510299805935,Sound_P,63.95233273361063
1510299805935,Sound_P,63.95233273361063
1510299805938,PodiumIR,79
1510299805938,PodiumIR,79
1510299807347,Temperature_1,26.95
1510299807347,Temperature_1,26.95
1510299807350,Humidity_1,23.89146026922941
1510299807350,Humidity_1,23.89146026922941
1510299807354,Brightness_1,72.0
1510299807354,Brightness_1,72.0
1510299809072,Sound_R,59.20161906252407
1510299813848,Temperature_1,26.95
1510299813848,Temperature_1,26.95
1510299813851,Humidity_1,23.89146026922941
1510299813851,Humidity_1,23.89146026922941
1510299813855,Brightness_1,72.0
1510299813855,Brightness_1,72.0
1510299815940,Sound_P,66.44593723960276
1510299815940,Sound_P,66.44593723960276
1510299815943,PodiumIR,115
1510299815943,PodiumIR,115
1510299819072,Sound_R,58.94826769039785
1510299820299,Temperature_1,26.95
1510299820299,Temperature_1,26.95
1510299820303,Humidity_1,23.89146026922941
1510299820303,Humidity_1,23.89146026922941
1510299820307,Brightness_1,72.0
1510299820307,Brightness_1,72.0
1510299825946,Sound_P,65.8563679754536
1510299825946,Sound_P,65.8563679754536
1510299825953,PodiumIR,61
1510299825953,PodiumIR,61
1510299826667,Temperature_1,26.95
1510299826667,Temperature_1,26.95
1510299826671,Humidity_1,23.89146026922941
1510299826671,Humidity_1,23.89146026922941
1510299826676,Brightness_1,72.0
1510299826676,Brightness_1,72.0
1510299829072,Sound_R,60.62757403193519
1510299833059,Temperature_1,26.95
1510299833059,Temperature_1,26.95
1510299833062,Humidity_1,23.89146026922941
1510299833062,Humidity_1,23.89146026922941
1510299833066,Brightness_1,72.0
1510299833066,Brightness_1,72.0
1510299835958,Sound_P,67.01551720930587
1510299835958,Sound_P,67.01551720930587
1510299835961,PodiumIR,76
1510299835961,PodiumIR,76
1510299839072,Sound_R,63.01371634290783
1510299839689,Temperature_1,26.95
1510299839689,Temperature_1,26.95
1510299839692,Humidity_1,23.89146026922941
1510299839692,Humidity_1,23.89146026922941
1510299839696,Brightness_1,72.0
1510299839696,Brightness_1,72.0
1510299845963,Sound_P,69.60540278108363
1510299845963,Sound_P,69.60540278108363
1510299845966,PodiumIR,81
1510299845966,PodiumIR,81
1510299846076,Temperature_1,26.95
1510299846076,Temperature_1,26.95
1510299846080,Humidity_1,23.89146026922941
1510299846080,Humidity_1,23.89146026922941
1510299846084,Brightness_1,72.0
1510299846084,Brightness_1,72.0
1510299849073,Sound_R,62.33224860361744
1510299852466,Temperature_1,26.95
1510299852466,Temperature_1,26.95
1510299852470,Humidity_1,23.89146026922941
1510299852470,Humidity_1,23.89146026922941
1510299852474,Brightness_1,72.0
1510299852474,Brightness_1,72.0
1510299855969,Sound_P,69.11838317407611
1510299855969,Sound_P,69.11838317407611
1510299855972,PodiumIR,90
1510299855972,PodiumIR,90
1510299858841,Temperature_1,26.95
1510299858841,Temperature_1,26.95
1510299858844,Humidity_1,23.89146026922941
1510299858844,Humidity_1,23.89146026922941
1510299858848,Brightness_1,72.0
1510299858848,Brightness_1,72.0
1510299859072,Sound_R,61.80615712187779
1510299865259,Temperature_1,26.95
1510299865259,Temperature_1,26.95
1510299865262,Humidity_1,23.89146026922941
1510299865262,Humidity_1,23.89146026922941
1510299865266,Brightness_1,72.0
1510299865266,Brightness_1,72.0
1510299865974,Sound_P,67.01551720930587
1510299865974,Sound_P,67.01551720930587
1510299865977,PodiumIR,68
1510299865977,PodiumIR,68
1510299869072,Sound_R,60.20883793329486
1510299871706,Temperature_1,26.95
1510299871706,Temperature_1,26.95
1510299871709,Humidity_1,23.89146026922941
1510299871709,Humidity_1,23.89146026922941
1510299871713,Brightness_1,72.0
1510299871713,Brightness_1,72.0
1510299875983,Sound_P,66.44593723960276
1510299875983,Sound_P,66.44593723960276
1510299875986,PodiumIR,82
1510299875986,PodiumIR,82
1510299878162,Temperature_1,26.95
1510299878162,Temperature_1,26.95
1510299878165,Humidity_1,23.89146026922941
1510299878165,Humidity_1,23.89146026922941
1510299878169,Brightness_1,72.0
1510299878169,Brightness_1,72.0
1510299879072,Sound_R,58.863419199617056
1510299884718,Temperature_1,26.95
1510299884718,Temperature_1,26.95
1510299884722,Humidity_1,23.89146026922941
1510299884722,Humidity_1,23.89146026922941
1510299884726,Brightness_1,72.0
1510299884726,Brightness_1,72.0
1510299885991,Sound_P,68.0998289029382
1510299885991,Sound_P,68.0998289029382
1510299885994,PodiumIR,77
1510299885994,PodiumIR,77
1510299889073,Sound_R,58.84959597827859
1510299891268,Temperature_1,26.95
1510299891268,Temperature_1,26.95
1510299891271,Humidity_1,23.89146026922941
1510299891271,Humidity_1,23.89146026922941
1510299891275,Brightness_1,72.0
1510299891275,Brightness_1,72.0
1510299896000,Sound_P,65.8563679754536
1510299896000,Sound_P,65.8563679754536
1510299896004,PodiumIR,117
1510299896004,PodiumIR,117
1510299897638,Temperature_1,26.95
1510299897638,Temperature_1,26.95
1510299897641,Humidity_1,23.89146026922941
1510299897641,Humidity_1,23.89146026922941
1510299897645,Brightness_1,72.0
1510299897645,Brightness_1,72.0
1510299899072,Sound_R,59.83148469961397
1510299904088,Temperature_1,26.95
1510299904088,Temperature_1,26.95
1510299904091,Humidity_1,23.89146026922941
1510299904091,Humidity_1,23.89146026922941
1510299904095,Brightness_1,72.0
1510299904095,Brightness_1,72.0
1510299906006,Sound_P,63.95233273361063
1510299906006,Sound_P,63.95233273361063
1510299906010,PodiumIR,89
1510299906010,PodiumIR,89
1510299909073,Sound_R,58.91387706593954
1510299910516,Temperature_1,26.95
1510299910516,Temperature_1,26.95
1510299910520,Humidity_1,23.89146026922941
1510299910520,Humidity_1,23.89146026922941
1510299910524,Brightness_1,72.0
1510299910524,Brightness_1,72.0
1510299916015,Sound_P,67.01551720930587
1510299916015,Sound_P,67.01551720930587
1510299916021,PodiumIR,81
1510299916021,PodiumIR,81
1510299916899,Temperature_1,26.95
1510299916899,Temperature_1,26.95
1510299916902,Humidity_1,23.89146026922941
1510299916902,Humidity_1,23.89146026922941
1510299916906,Brightness_1,72.0
1510299916906,Brightness_1,72.0
1510299919072,Sound_R,56.06296164630552
1510299923316,Temperature_1,26.95
1510299923316,Temperature_1,26.95
1510299923319,Humidity_1,23.89146026922941
1510299923319,Humidity_1,23.89146026922941
1510299923323,Brightness_1,72.0
1510299923323,Brightness_1,72.0
1510299926026,Sound_P,64.61127993529891
1510299926026,Sound_P,64.61127993529891
1510299926029,PodiumIR,81
1510299926029,PodiumIR,81
1510299929072,Sound_R,57.66096915161114
1510299929772,Temperature_1,26.95
1510299929772,Temperature_1,26.95
1510299929775,Humidity_1,23.89146026922941
1510299929775,Humidity_1,23.89146026922941
1510299929779,Brightness_1,72.0
1510299929779,Brightness_1,72.0
1510299936034,Sound_P,65.24535518573873
1510299936034,Sound_P,65.24535518573873
1510299936037,PodiumIR,80
1510299936037,PodiumIR,80
1510299936213,Temperature_1,26.95
1510299936213,Temperature_1,26.95
1510299936218,Humidity_1,23.89146026922941
1510299936218,Humidity_1,23.89146026922941
1510299936223,Brightness_1,72.0
1510299936223,Brightness_1,72.0
1510299939072,Sound_R,58.81761454585878
1510299942579,Temperature_1,26.95
1510299942579,Temperature_1,26.95
1510299942583,Humidity_1,23.89146026922941
1510299942583,Humidity_1,23.89146026922941
1510299942586,Brightness_1,72.0
1510299942586,Brightness_1,72.0
1510299946040,Sound_P,63.95233273361063
1510299946040,Sound_P,63.95233273361063
1510299946044,PodiumIR,127
1510299946044,PodiumIR,127
1510299948963,Temperature_1,26.95
1510299948963,Temperature_1,26.95
1510299948966,Humidity_1,23.89146026922941
1510299948966,Humidity_1,23.89146026922941
1510299948970,Brightness_1,72.0
1510299948970,Brightness_1,72.0
1510299949072,Sound_R,58.13969322340758
1510299955374,Temperature_1,26.95
1510299955374,Temperature_1,26.95
1510299955376,Humidity_1,23.89146026922941
1510299955376,Humidity_1,23.89146026922941
1510299955378,Brightness_1,72.0
1510299955378,Brightness_1,72.0
1510299956048,Sound_P,65.8563679754536
1510299956048,Sound_P,65.8563679754536
1510299956052,PodiumIR,67
1510299956052,PodiumIR,67
1510299959072,Sound_R,59.041712414458026
1510299961842,Temperature_1,26.95
1510299961842,Temperature_1,26.95
1510299961845,Humidity_1,23.89146026922941
1510299961845,Humidity_1,23.89146026922941
1510299961848,Brightness_1,72.0
1510299961848,Brightness_1,72.0
1510299966057,Sound_P,65.24535518573873
1510299966057,Sound_P,65.24535518573873
1510299966060,PodiumIR,80
1510299966060,PodiumIR,80
1510299968220,Temperature_1,26.95
1510299968220,Temperature_1,26.95
1510299968223,Humidity_1,23.89146026922941
1510299968223,Humidity_1,23.89146026922941
1510299968226,Brightness_1,72.0
1510299968226,Brightness_1,72.0
1510299969072,Sound_R,58.57184560833536
1510299974723,Temperature_1,26.95
1510299974723,Temperature_1,26.95
1510299974726,Humidity_1,23.89146026922941
1510299974726,Humidity_1,23.89146026922941
1510299974730,Brightness_1,72.0
1510299974730,Brightness_1,72.0
1510299976066,Sound_P,65.8563679754536
1510299976066,Sound_P,65.8563679754536
1510299976069,PodiumIR,80
1510299976069,PodiumIR,80
1510299978855,Seat_8,False
1510299978855,Motion_2,False
1510299978855,Motion_1,False
1510299978855,Motion_5,False
1510299978855,Seat_1,False
1510299978855,Seat_8,False
1510299978855,Motion_2,False
1510299978855,Motion_1,False
1510299978855,Motion_5,False
1510299978855,Seat_1,False
1510299979072,Sound_R,57.81036437941109
1510299980906,Motion_2,True
1510299980906,Motion_2,True
1510299981182,Temperature_1,26.95
1510299981182,Temperature_1,26.95
1510299981185,Humidity_1,23.89146026922941
1510299981185,Humidity_1,23.89146026922941
1510299981188,Brightness_1,72.0
1510299981188,Brightness_1,72.0
1510299986071,Sound_P,67.56641902255494
1510299986071,Sound_P,67.56641902255494
1510299986074,PodiumIR,85
1510299986074,PodiumIR,85
1510299987732,Temperature_1,26.95
1510299987732,Temperature_1,26.95
1510299987736,Humidity_1,23.89146026922941
1510299987736,Humidity_1,23.89146026922941
1510299987739,Brightness_1,72.0
1510299987739,Brightness_1,72.0
1510299989072,Sound_R,58.066290179318905
1510299994281,Temperature_1,26.95
1510299994281,Temperature_1,26.95
1510299994284,Humidity_1,23.89146026922941
1510299994284,Humidity_1,23.89146026922941
1510299994287,Brightness_1,74.0
1510299994287,Brightness_1,74.0
1510299995864,Motion_1,False
1510299995864,Motion_2,False
1510299995864,Seat_8,True
1510299995864,Motion_1,False
1510299995864,Motion_2,False
1510299995864,Seat_8,True
1510299996081,Sound_P,68.0998289029382
1510299996081,Sound_P,68.0998289029382
1510299996084,PodiumIR,89
1510299996084,PodiumIR,89
1510299997740,Motion_1,True
1510299997740,Motion_1,True
1510299997745,Motion_2,True
1510299997745,Motion_2,True
1510299999072,Sound_R,59.11184122762688
1510300000731,Temperature_1,26.95
1510300000731,Temperature_1,26.95
1510300000734,Humidity_1,23.89146026922941
1510300000734,Humidity_1,23.89146026922941
1510300000737,Brightness_1,74.0
1510300000737,Brightness_1,74.0
1510300006087,Sound_P,65.24535518573873
1510300006087,Sound_P,65.24535518573873
1510300006094,PodiumIR,68
1510300006094,PodiumIR,68
1510300007187,Temperature_1,26.95
1510300007187,Temperature_1,26.95
1510300007190,Humidity_1,23.89146026922941
1510300007190,Humidity_1,23.89146026922941
1510300007193,Brightness_1,74.0
1510300007193,Brightness_1,74.0
1510300009072,Sound_R,60.56902594463665
1510300013633,Temperature_1,26.95
1510300013633,Temperature_1,26.95
1510300013636,Humidity_1,23.89146026922941
1510300013636,Humidity_1,23.89146026922941
1510300013640,Brightness_1,74.0
1510300013640,Brightness_1,74.0
1510300016096,Sound_P,65.24535518573873
1510300016096,Sound_P,65.24535518573873
1510300016099,PodiumIR,81
1510300016099,PodiumIR,81
1510300019072,Sound_R,62.23328369499552
1510300020090,Temperature_1,26.95
1510300020090,Temperature_1,26.95
1510300020093,Humidity_1,23.89146026922941
1510300020093,Humidity_1,23.89146026922941
1510300020096,Brightness_1,74.0
1510300020096,Brightness_1,74.0
1510300026106,Sound_P,68.0998289029382
1510300026106,Sound_P,68.0998289029382
1510300026109,PodiumIR,76
1510300026109,PodiumIR,76
1510300026544,Temperature_1,26.95
1510300026544,Temperature_1,26.95
1510300026547,Humidity_1,23.89146026922941
1510300026547,Humidity_1,23.89146026922941
1510300026550,Brightness_1,74.0
1510300026550,Brightness_1,74.0
1510300029072,Sound_R,62.206219164893476
1510300029422,Seat_8,False
1510300029422,Motion_1,False
1510300029422,Motion_2,False
1510300029422,Seat_8,False
1510300029422,Motion_1,False
1510300029422,Motion_2,False
1510300032919,Temperature_1,26.95
1510300032919,Temperature_1,26.95
1510300032922,Humidity_1,23.89146026922941
1510300032922,Humidity_1,23.89146026922941
1510300032925,Brightness_1,74.0
1510300032925,Brightness_1,74.0
1510300033875,Motion_1,True
1510300033875,Motion_1,True
1510300036111,Sound_P,64.61127993529891
1510300036111,Sound_P,64.61127993529891
1510300036114,PodiumIR,85
1510300036114,PodiumIR,85
1510300039072,Sound_R,61.30266381659235
1510300039337,Temperature_1,26.95
1510300039337,Temperature_1,26.95
1510300039340,Humidity_1,23.89146026922941
1510300039340,Humidity_1,23.89146026922941
1510300039343,Brightness_1,74.0
1510300039343,Brightness_1,74.0
1510300045896,Temperature_1,26.95
1510300045896,Temperature_1,26.95
1510300045899,Humidity_1,23.89146026922941
1510300045899,Humidity_1,23.89146026922941
1510300045902,Brightness_1,74.0
1510300045902,Brightness_1,74.0
1510300046117,Sound_P,65.24535518573873
1510300046117,Sound_P,65.24535518573873
1510300046120,PodiumIR,103
1510300046120,PodiumIR,103
1510300049072,Sound_R,61.8616357729284
1510300052342,Temperature_1,26.95
1510300052342,Temperature_1,26.95
1510300052346,Humidity_1,23.89146026922941
1510300052346,Humidity_1,23.89146026922941
1510300052349,Brightness_1,74.0
1510300052349,Brightness_1,74.0
1510300056122,Sound_P,67.56641902255494
1510300056122,Sound_P,67.56641902255494
1510300056125,PodiumIR,67
1510300056125,PodiumIR,67
1510300059072,Sound_R,64.01874412721554
1510300059339,Temperature_1,26.95
1510300059339,Temperature_1,26.95
1510300059342,Humidity_1,23.89146026922941
1510300059342,Humidity_1,23.89146026922941
1510300059346,Brightness_1,72.0
1510300059346,Brightness_1,72.0
1510300065756,Temperature_1,26.95
1510300065756,Temperature_1,26.95
1510300065759,Humidity_1,23.89146026922941
1510300065759,Humidity_1,23.89146026922941
1510300065762,Brightness_1,72.0
1510300065762,Brightness_1,72.0
1510300066127,Sound_P,65.24535518573873
1510300066127,Sound_P,65.24535518573873
1510300066130,PodiumIR,72
1510300066130,PodiumIR,72
1510300069072,Sound_R,64.25343310652624
1510300072105,Temperature_1,26.95
1510300072105,Temperature_1,26.95
1510300072108,Humidity_1,23.89146026922941
1510300072108,Humidity_1,23.89146026922941
1510300072111,Brightness_1,72.0
1510300072111,Brightness_1,72.0
1510300076132,Sound_P,66.44593723960276
1510300076132,Sound_P,66.44593723960276
1510300076135,PodiumIR,84
1510300076135,PodiumIR,84
1510300078509,Temperature_1,26.95
1510300078509,Temperature_1,26.95
1510300078512,Humidity_1,23.89146026922941
1510300078512,Humidity_1,23.89146026922941
1510300078515,Brightness_1,72.0
1510300078515,Brightness_1,72.0
1510300079072,Sound_R,59.918643466493755
1510300084889,Temperature_1,26.95
1510300084889,Temperature_1,26.95
1510300084892,Humidity_1,23.89146026922941
1510300084892,Humidity_1,23.89146026922941
1510300084895,Brightness_1,72.0
1510300084895,Brightness_1,72.0
1510300086137,Sound_P,64.61127993529891
1510300086137,Sound_P,64.61127993529891
1510300086141,PodiumIR,82
1510300086141,PodiumIR,82
1510300089072,Sound_R,58.18563814829371
1510300091254,Temperature_1,26.95
1510300091254,Temperature_1,26.95
1510300091257,Humidity_1,23.89146026922941
1510300091257,Humidity_1,23.89146026922941
1510300091260,Brightness_1,72.0
1510300091260,Brightness_1,72.0
1510300092241,Motion_2,False
1510300092241,Motion_1,False
1510300092241,Motion_2,False
1510300092241,Motion_1,False
1510300096144,Sound_P,68.0998289029382
1510300096144,Sound_P,68.0998289029382
1510300096147,PodiumIR,86
1510300096147,PodiumIR,86
1510300097706,Temperature_1,26.95
1510300097706,Temperature_1,26.95
1510300097710,Humidity_1,23.89146026922941
1510300097710,Humidity_1,23.89146026922941
1510300097713,Brightness_1,72.0
1510300097713,Brightness_1,72.0
1510300099072,Sound_R,58.33473413810813
1510300104157,Temperature_1,26.95
1510300104157,Temperature_1,26.95
1510300104160,Humidity_1,23.89146026922941
1510300104160,Humidity_1,23.89146026922941
1510300104164,Brightness_1,72.0
1510300104164,Brightness_1,72.0
1510300106151,Sound_P,63.95233273361063
1510300106151,Sound_P,63.95233273361063
1510300106154,PodiumIR,134
1510300106154,PodiumIR,134
1510300109072,Sound_R,58.17229583339111
1510300110608,Temperature_1,26.95
1510300110608,Temperature_1,26.95
1510300110611,Humidity_1,23.89146026922941
1510300110611,Humidity_1,23.89146026922941
1510300110614,Brightness_1,72.0
1510300110614,Brightness_1,72.0
1510300116158,Sound_P,64.61127993529891
1510300116158,Sound_P,64.61127993529891
1510300116226,PodiumIR,77
1510300116226,PodiumIR,77
1510300117011,Temperature_1,26.95
1510300117011,Temperature_1,26.95
1510300117014,Humidity_1,23.89146026922941
1510300117014,Humidity_1,23.89146026922941
1510300117017,Brightness_1,72.0
1510300117017,Brightness_1,72.0
1510300119072,Sound_R,58.77277503499746
1510300123408,Temperature_1,26.95
1510300123408,Temperature_1,26.95
1510300123411,Humidity_1,23.89146026922941
1510300123411,Humidity_1,23.89146026922941
1510300123414,Brightness_1,72.0
1510300123414,Brightness_1,72.0
1510300126234,Sound_P,65.8563679754536
1510300126234,Sound_P,65.8563679754536
1510300126237,PodiumIR,80
1510300126237,PodiumIR,80
1510300129072,Sound_R,58.01332894108081
1510300129770,Temperature_1,26.95
1510300129770,Temperature_1,26.95
1510300129774,Humidity_1,23.89146026922941
1510300129774,Humidity_1,23.89146026922941
1510300129778,Brightness_1,72.0
1510300129778,Brightness_1,72.0
1510300136214,Temperature_1,26.95
1510300136214,Temperature_1,26.95
1510300136217,Humidity_1,23.89146026922941
1510300136217,Humidity_1,23.89146026922941
1510300136222,Brightness_1,72.0
1510300136222,Brightness_1,72.0
1510300136246,Sound_P,63.26648240367583
1510300136246,Sound_P,63.26648240367583
1510300136250,PodiumIR,76
1510300136250,PodiumIR,76
1510300139072,Sound_R,56.45808000903688
1510300142601,Temperature_1,26.95
1510300142601,Temperature_1,26.95
1510300142605,Humidity_1,23.89146026922941
1510300142605,Humidity_1,23.89146026922941
1510300142608,Brightness_1,72.0
1510300142608,Brightness_1,72.0
1510300146252,Sound_P,68.0998289029382
1510300146252,Sound_P,68.0998289029382
1510300146255,PodiumIR,116
1510300146255,PodiumIR,116
1510300149008,Temperature_1,26.95
1510300149008,Temperature_1,26.95
1510300149012,Humidity_1,23.89146026922941
1510300149012,Humidity_1,23.89146026922941
1510300149015,Brightness_1,72.0
1510300149015,Brightness_1,72.0
1510300149072,Sound_R,56.287499802686085
1510300155461,Temperature_1,26.95
1510300155461,Temperature_1,26.95
1510300155465,Humidity_1,23.89146026922941
1510300155465,Humidity_1,23.89146026922941
1510300155469,Brightness_1,72.0
1510300155469,Brightness_1,72.0
1510300156258,Sound_P,67.01551720930587
1510300156258,Sound_P,67.01551720930587
1510300156261,PodiumIR,144
1510300156261,PodiumIR,144
1510300159072,Sound_R,59.64867906346282
1510300161912,Temperature_1,26.95
1510300161912,Temperature_1,26.95
1510300161916,Humidity_1,23.89146026922941
1510300161916,Humidity_1,23.89146026922941
1510300161919,Brightness_1,72.0
1510300161919,Brightness_1,72.0
1510300166263,Sound_P,65.24535518573873
1510300166263,Sound_P,65.24535518573873
1510300166266,PodiumIR,62
1510300166266,PodiumIR,62
1510300168300,Temperature_1,26.95
1510300168300,Temperature_1,26.95
1510300168303,Humidity_1,23.89146026922941
1510300168303,Humidity_1,23.89146026922941
1510300168307,Brightness_1,72.0
1510300168307,Brightness_1,72.0
1510300169072,Sound_R,62.42445290516762
1510300174711,Temperature_1,26.95
1510300174711,Temperature_1,26.95
1510300174715,Humidity_1,23.89146026922941
1510300174715,Humidity_1,23.89146026922941
1510300174718,Brightness_1,72.0
1510300174718,Brightness_1,72.0
1510300176268,Sound_P,66.44593723960276
1510300176268,Sound_P,66.44593723960276
1510300176271,PodiumIR,84
1510300176271,PodiumIR,84
1510300179072,Sound_R,59.30802146630998
1510300181110,Temperature_1,26.95
1510300181110,Temperature_1,26.95
1510300181113,Humidity_1,23.89146026922941
1510300181113,Humidity_1,23.89146026922941
1510300181117,Brightness_1,72.0
1510300181117,Brightness_1,72.0
1510300186273,Sound_P,66.44593723960276
1510300186273,Sound_P,66.44593723960276
1510300186276,PodiumIR,70
1510300186276,PodiumIR,70
1510300187614,Temperature_1,27.07
1510300187614,Temperature_1,27.07
1510300187618,Humidity_1,24.014780149830223
1510300187618,Humidity_1,24.014780149830223
1510300187621,Brightness_1,75.0
1510300187621,Brightness_1,75.0
1510300189072,Sound_R,57.33219007578347
1510300193984,Temperature_1,27.07
1510300193984,Temperature_1,27.07
1510300193988,Humidity_1,24.014780149830223
1510300193988,Humidity_1,24.014780149830223
1510300193991,Brightness_1,75.0
1510300193991,Brightness_1,75.0
1510300196279,Sound_P,66.44593723960276
1510300196279,Sound_P,66.44593723960276
1510300196282,PodiumIR,77
1510300196282,PodiumIR,77
1510300199072,Sound_R,59.377713363967594
1510300200518,Temperature_1,27.07
1510300200518,Temperature_1,27.07
1510300200521,Humidity_1,24.014780149830223
1510300200521,Humidity_1,24.014780149830223
1510300200525,Brightness_1,75.0
1510300200525,Brightness_1,75.0
1510300206284,Sound_P,66.44593723960276
1510300206284,Sound_P,66.44593723960276
1510300206287,PodiumIR,127
1510300206287,PodiumIR,127
1510300206891,Temperature_1,27.07
1510300206891,Temperature_1,27.07
1510300206894,Humidity_1,24.014780149830223
1510300206894,Humidity_1,24.014780149830223
1510300206898,Brightness_1,75.0
1510300206898,Brightness_1,75.0
1510300209072,Sound_R,59.35121162238385
1510300213317,Temperature_1,27.07
1510300213317,Temperature_1,27.07
1510300213320,Humidity_1,24.014780149830223
1510300213320,Humidity_1,24.014780149830223
1510300213324,Brightness_1,75.0
1510300213324,Brightness_1,75.0
1510300214411,Motion_2,False
1510300214411,Motion_2,False
1510300216290,Sound_P,64.61127993529891
1510300216290,Sound_P,64.61127993529891
1510300216293,PodiumIR,74
1510300216293,PodiumIR,74
1510300219072,Sound_R,57.554865670559444
1510300219699,Temperature_1,27.07
1510300219699,Temperature_1,27.07
1510300219703,Humidity_1,24.014780149830223
1510300219703,Humidity_1,24.014780149830223
1510300219707,Brightness_1,75.0
1510300219707,Brightness_1,75.0
1510300226232,Temperature_1,27.07
1510300226232,Temperature_1,27.07
1510300226235,Humidity_1,24.014780149830223
1510300226235,Humidity_1,24.014780149830223
1510300226239,Brightness_1,75.0
1510300226239,Brightness_1,75.0
1510300226295,Sound_P,66.44593723960276
1510300226295,Sound_P,66.44593723960276
1510300226298,PodiumIR,74
1510300226298,PodiumIR,74
1510300229072,Sound_R,55.899420743587946
1510300232757,Temperature_1,27.07
1510300232757,Temperature_1,27.07
1510300232761,Humidity_1,24.014780149830223
1510300232761,Humidity_1,24.014780149830223
1510300232765,Brightness_1,75.0
1510300232765,Brightness_1,75.0
1510300235067,Motion_2,False
1510300235067,Motion_2,False
1510300236300,Sound_P,65.8563679754536
1510300236300,Sound_P,65.8563679754536
1510300236303,PodiumIR,79
1510300236303,PodiumIR,79
1510300239072,Sound_R,55.18931204191217
1510300239129,Temperature_1,27.07
1510300239129,Temperature_1,27.07
1510300239133,Humidity_1,24.014780149830223
1510300239133,Humidity_1,24.014780149830223
1510300239136,Brightness_1,75.0
1510300239136,Brightness_1,75.0
1510300245529,Temperature_1,27.07
1510300245529,Temperature_1,27.07
1510300245532,Humidity_1,24.014780149830223
1510300245532,Humidity_1,24.014780149830223
1510300245536,Brightness_1,75.0
1510300245536,Brightness_1,75.0
1510300246306,Sound_P,66.44593723960276
1510300246306,Sound_P,66.44593723960276
1510300246309,PodiumIR,70
1510300246309,PodiumIR,70
1510300249072,Sound_R,57.97975129817579
1510300251922,Temperature_1,27.07
1510300251922,Temperature_1,27.07
1510300251926,Humidity_1,24.13810003043105
1510300251926,Humidity_1,24.13810003043105
1510300251929,Brightness_1,72.0
1510300251929,Brightness_1,72.0
1510300256322,Sound_P,64.61127993529891
1510300256322,Sound_P,64.61127993529891
1510300256325,PodiumIR,79
1510300256325,PodiumIR,79
1510300258300,Temperature_1,27.07
1510300258300,Temperature_1,27.07
1510300258303,Humidity_1,24.13810003043105
1510300258303,Humidity_1,24.13810003043105
1510300258307,Brightness_1,72.0
1510300258307,Brightness_1,72.0
1510300259072,Sound_R,60.029860000597374
1510300264722,Temperature_1,27.07
1510300264722,Temperature_1,27.07
1510300264726,Humidity_1,24.13810003043105
1510300264726,Humidity_1,24.13810003043105
1510300264730,Brightness_1,72.0
1510300264730,Brightness_1,72.0
1510300266333,Sound_P,63.95233273361063
1510300266333,Sound_P,63.95233273361063
1510300266336,PodiumIR,71
1510300266336,PodiumIR,71
1510300269072,Sound_R,59.39163762809711
1510300271081,Temperature_1,27.07
1510300271081,Temperature_1,27.07
1510300271084,Humidity_1,24.13810003043105
1510300271084,Humidity_1,24.13810003043105
1510300271088,Brightness_1,72.0
1510300271088,Brightness_1,72.0
1510300276342,Sound_P,67.01551720930587
1510300276342,Sound_P,67.01551720930587
1510300276345,PodiumIR,79
1510300276345,PodiumIR,79
1510300277490,Temperature_1,27.07
1510300277490,Temperature_1,27.07
1510300277494,Humidity_1,24.13810003043105
1510300277494,Humidity_1,24.13810003043105
1510300277497,Brightness_1,72.0
1510300277497,Brightness_1,72.0
1510300279072,Sound_R,59.12716745546458
1510300283871,Temperature_1,27.07
1510300283871,Temperature_1,27.07
1510300283875,Humidity_1,24.13810003043105
1510300283875,Humidity_1,24.13810003043105
1510300283878,Brightness_1,72.0
1510300283878,Brightness_1,72.0
1510300286347,Sound_P,63.26648240367583
1510300286347,Sound_P,63.26648240367583
1510300286350,PodiumIR,75
1510300286350,PodiumIR,75
1510300288305,Motion_2,False
1510300288305,Motion_2,False
1510300289072,Sound_R,58.101899239742714
1510300291244,Temperature_1,27.07
1510300291244,Temperature_1,27.07
1510300291247,Humidity_1,24.13810003043105
1510300291247,Humidity_1,24.13810003043105
1510300291249,Brightness_1,72.0
1510300291249,Brightness_1,72.0
1510300293863,Motion_1,True
1510300293863,Motion_1,True
1510300294984,Seat_8,True
1510300294984,Seat_8,True
1510300296353,Sound_P,66.44593723960276
1510300296353,Sound_P,66.44593723960276
1510300296373,PodiumIR,78
1510300296373,PodiumIR,78
1510300297629,Temperature_1,27.07
1510300297629,Temperature_1,27.07
1510300297632,Humidity_1,24.13810003043105
1510300297632,Humidity_1,24.13810003043105
1510300297635,Brightness_1,72.0
1510300297635,Brightness_1,72.0
1510300299072,Sound_R,60.94365611370108
1510300301217,Motion_2,True
1510300301217,Motion_2,True
1510300304044,Temperature_1,27.07
1510300304044,Temperature_1,27.07
1510300304047,Humidity_1,24.13810003043105
1510300304047,Humidity_1,24.13810003043105
1510300304051,Brightness_1,72.0
1510300304051,Brightness_1,72.0
1510300306377,Sound_P,67.01551720930587
1510300306377,Sound_P,67.01551720930587
1510300306380,PodiumIR,97
1510300306380,PodiumIR,97
1510300309072,Sound_R,64.03404032763069
1510300310497,Temperature_1,27.07
1510300310497,Temperature_1,27.07
1510300310500,Humidity_1,24.014780149830223
1510300310500,Humidity_1,24.014780149830223
1510300310503,Brightness_1,72.0
1510300310503,Brightness_1,72.0
1510300316387,Sound_P,64.61127993529891
1510300316387,Sound_P,64.61127993529891
1510300316390,PodiumIR,68
1510300316390,PodiumIR,68
1510300316859,Temperature_1,27.07
1510300316859,Temperature_1,27.07
1510300316862,Humidity_1,24.014780149830223
1510300316862,Humidity_1,24.014780149830223
1510300316865,Brightness_1,72.0
1510300316865,Brightness_1,72.0
1510300319072,Sound_R,63.42367504607691
1510300323223,Temperature_1,27.07
1510300323223,Temperature_1,27.07
1510300323226,Humidity_1,24.014780149830223
1510300323226,Humidity_1,24.014780149830223
1510300323229,Brightness_1,72.0
1510300323229,Brightness_1,72.0
1510300326392,Sound_P,65.8563679754536
1510300326392,Sound_P,65.8563679754536
1510300326395,PodiumIR,75
1510300326395,PodiumIR,75
1510300329072,Sound_R,60.643390830864256
1510300329655,Temperature_1,27.07
1510300329655,Temperature_1,27.07
1510300329658,Humidity_1,24.014780149830223
1510300329658,Humidity_1,24.014780149830223
1510300329662,Brightness_1,72.0
1510300329662,Brightness_1,72.0
1510300336096,Temperature_1,27.07
1510300336096,Temperature_1,27.07
1510300336099,Humidity_1,24.014780149830223
1510300336099,Humidity_1,24.014780149830223
1510300336102,Brightness_1,72.0
1510300336102,Brightness_1,72.0
1510300336397,Sound_P,67.01551720930587
1510300336397,Sound_P,67.01551720930587
1510300336401,PodiumIR,77
1510300336401,PodiumIR,77
1510300339072,Sound_R,58.356678690517434
1510300342548,Temperature_1,27.07
1510300342548,Temperature_1,27.07
1510300342551,Humidity_1,24.014780149830223
1510300342551,Humidity_1,24.014780149830223
1510300342554,Brightness_1,72.0
1510300342554,Brightness_1,72.0
1510300346403,Sound_P,65.24535518573873
1510300346403,Sound_P,65.24535518573873
1510300346406,PodiumIR,73
1510300346406,PodiumIR,73
1510300348402,Motion_1,False
1510300348402,Motion_2,False
1510300348402,Motion_1,False
1510300348402,Motion_2,False
1510300349072,Sound_R,59.465529594139646
1510300351969,Temperature_1,27.07
1510300351969,Temperature_1,27.07
1510300351972,Humidity_1,24.014780149830223
1510300351972,Humidity_1,24.014780149830223
1510300351986,Brightness_1,72.0
1510300351986,Brightness_1,72.0
1510300356408,Sound_P,66.44593723960276
1510300356408,Sound_P,66.44593723960276
1510300356412,PodiumIR,86
1510300356412,PodiumIR,86
1510300358420,Temperature_1,27.07
1510300358420,Temperature_1,27.07
1510300358426,Humidity_1,24.014780149830223
1510300358426,Humidity_1,24.014780149830223
1510300358429,Brightness_1,72.0
1510300358429,Brightness_1,72.0
1510300359072,Sound_R,58.045093645432665
1510300363155,Motion_2,False
1510300363155,Motion_1,True
1510300363155,Motion_2,False
1510300363155,Motion_1,True
1510300364361,Motion_2,True
1510300364361,Motion_2,True
1510300364799,Temperature_1,27.07
1510300364799,Temperature_1,27.07
1510300364805,Humidity_1,24.014780149830223
1510300364805,Humidity_1,24.014780149830223
1510300364808,Brightness_1,72.0
1510300364808,Brightness_1,72.0
1510300366414,Sound_P,65.8563679754536
1510300366414,Sound_P,65.8563679754536
1510300366417,PodiumIR,71
1510300366417,PodiumIR,71
1510300369072,Sound_R,54.92937614290411
1510300371221,Temperature_1,27.07
1510300371221,Temperature_1,27.07
1510300371226,Humidity_1,24.014780149830223
1510300371226,Humidity_1,24.014780149830223
1510300371229,Brightness_1,72.0
1510300371229,Brightness_1,72.0
1510300376419,Sound_P,67.01551720930587
1510300376419,Sound_P,67.01551720930587
1510300376423,PodiumIR,70
1510300376423,PodiumIR,70
1510300377578,Temperature_1,27.07
1510300377578,Temperature_1,27.07
1510300377583,Humidity_1,24.014780149830223
1510300377583,Humidity_1,24.014780149830223
1510300377586,Brightness_1,74.0
1510300377586,Brightness_1,74.0
1510300379072,Sound_R,55.088449352370084
1510300379724,Motion_1,False
1510300379724,Motion_2,True
1510300379724,Motion_1,False
1510300379724,Motion_2,True
1510300384025,Temperature_1,27.07
1510300384025,Temperature_1,27.07
1510300384028,Humidity_1,24.014780149830223
1510300384028,Humidity_1,24.014780149830223
1510300384032,Brightness_1,74.0
1510300384032,Brightness_1,74.0
1510300386425,Sound_P,65.24535518573873
1510300386425,Sound_P,65.24535518573873
1510300386433,PodiumIR,77
1510300386433,PodiumIR,77
1510300389073,Sound_R,57.579898668126724
1510300390379,Temperature_1,27.07
1510300390379,Temperature_1,27.07
1510300390382,Humidity_1,24.014780149830223
1510300390382,Humidity_1,24.014780149830223
1510300390386,Brightness_1,74.0
1510300390386,Brightness_1,74.0
1510300396437,Sound_P,65.8563679754536
1510300396437,Sound_P,65.8563679754536
1510300396441,PodiumIR,76
1510300396441,PodiumIR,76
1510300396750,Temperature_1,27.07
1510300396750,Temperature_1,27.07
1510300396754,Humidity_1,24.014780149830223
1510300396754,Humidity_1,24.014780149830223
1510300396758,Brightness_1,74.0
1510300396758,Brightness_1,74.0
1510300399072,Sound_R,59.218197170283844
1510300403194,Temperature_1,27.07
1510300403194,Temperature_1,27.07
1510300403199,Humidity_1,24.014780149830223
1510300403199,Humidity_1,24.014780149830223
1510300403202,Brightness_1,74.0
1510300403202,Brightness_1,74.0
1510300406443,Sound_P,65.8563679754536
1510300406443,Sound_P,65.8563679754536
1510300406446,PodiumIR,104
1510300406446,PodiumIR,104
1510300409072,Sound_R,61.07942092011303
1510300409621,Temperature_1,27.07
1510300409621,Temperature_1,27.07
1510300409627,Humidity_1,24.014780149830223
1510300409627,Humidity_1,24.014780149830223
1510300409630,Brightness_1,74.0
1510300409630,Brightness_1,74.0
1510300416077,Temperature_1,27.07
1510300416077,Temperature_1,27.07
1510300416083,Humidity_1,24.014780149830223
1510300416083,Humidity_1,24.014780149830223
1510300416086,Brightness_1,74.0
1510300416086,Brightness_1,74.0
1510300416448,Sound_P,64.61127993529891
1510300416448,Sound_P,64.61127993529891
1510300416452,PodiumIR,142
1510300416452,PodiumIR,142
1510300419072,Sound_R,61.9028772383198
1510300422528,Temperature_1,27.07
1510300422528,Temperature_1,27.07
1510300422534,Humidity_1,24.014780149830223
1510300422534,Humidity_1,24.014780149830223
1510300422537,Brightness_1,74.0
1510300422537,Brightness_1,74.0
1510300426453,Sound_P,65.24535518573873
1510300426453,Sound_P,65.24535518573873
1510300426456,PodiumIR,61
1510300426456,PodiumIR,61
1510300429033,Temperature_1,27.07
1510300429033,Temperature_1,27.07
1510300429039,Humidity_1,24.014780149830223
1510300429039,Humidity_1,24.014780149830223
1510300429041,Brightness_1,74.0
1510300429041,Brightness_1,74.0
1510300429072,Sound_R,59.242748205610354
1510300430501,Motion_2,False
1510300430501,Motion_2,False
1510300435426,Temperature_1,27.07
1510300435426,Temperature_1,27.07
1510300435429,Humidity_1,24.014780149830223
1510300435429,Humidity_1,24.014780149830223
1510300435432,Brightness_1,74.0
1510300435432,Brightness_1,74.0
1510300436459,Sound_P,65.24535518573873
1510300436459,Sound_P,65.24535518573873
1510300436462,PodiumIR,81
1510300436462,PodiumIR,81
1510300439072,Sound_R,58.04017944302485
1510300441980,Temperature_1,27.07
1510300441980,Temperature_1,27.07
1510300441983,Humidity_1,24.014780149830223
1510300441983,Humidity_1,24.014780149830223
1510300441986,Brightness_1,72.0
1510300441986,Brightness_1,72.0
1510300446470,Sound_P,67.56641902255494
1510300446470,Sound_P,67.56641902255494
1510300446474,PodiumIR,75
1510300446474,PodiumIR,75
1510300448335,Temperature_1,27.07
1510300448335,Temperature_1,27.07
1510300448339,Humidity_1,24.014780149830223
1510300448339,Humidity_1,24.014780149830223
1510300448342,Brightness_1,72.0
1510300448342,Brightness_1,72.0
1510300449072,Sound_R,57.34752420123585
1510300454649,Motion_2,False
1510300454649,Motion_2,False
1510300454766,Temperature_1,27.07
1510300454766,Temperature_1,27.07
1510300454769,Humidity_1,24.014780149830223
1510300454769,Humidity_1,24.014780149830223
1510300454773,Brightness_1,72.0
1510300454773,Brightness_1,72.0
1510300456484,Sound_P,64.61127993529891
1510300456484,Sound_P,64.61127993529891
1510300456487,PodiumIR,75
1510300456487,PodiumIR,75
1510300459072,Sound_R,56.35954833874953
1510300461135,Temperature_1,27.07
1510300461135,Temperature_1,27.07
1510300461138,Humidity_1,24.014780149830223
1510300461138,Humidity_1,24.014780149830223
1510300461141,Brightness_1,72.0
1510300461141,Brightness_1,72.0
1510300466493,Sound_P,65.8563679754536
1510300466493,Sound_P,65.8563679754536
1510300466496,PodiumIR,102
1510300466496,PodiumIR,102
1510300467566,Motion_2,True
1510300467566,Motion_1,True
1510300467566,Motion_2,True
1510300467566,Motion_1,True
1510300467580,Temperature_1,27.07
1510300467580,Temperature_1,27.07
1510300467583,Humidity_1,24.014780149830223
1510300467583,Humidity_1,24.014780149830223
1510300467586,Brightness_1,72.0
1510300467586,Brightness_1,72.0
1510300469072,Sound_R,56.10008763868424
1510300474082,Temperature_1,27.07
1510300474082,Temperature_1,27.07
1510300474085,Humidity_1,24.014780149830223
1510300474085,Humidity_1,24.014780149830223
1510300474088,Brightness_1,72.0
1510300474088,Brightness_1,72.0
1510300476502,Sound_P,65.8563679754536
1510300476502,Sound_P,65.8563679754536
1510300476505,PodiumIR,79
1510300476505,PodiumIR,79
1510300479072,Sound_R,55.8801917799004
1510300480482,Temperature_1,27.07
1510300480482,Temperature_1,27.07
1510300480485,Humidity_1,24.014780149830223
1510300480485,Humidity_1,24.014780149830223
1510300480489,Brightness_1,72.0
1510300480489,Brightness_1,72.0
1510300486511,Sound_P,63.95233273361063
1510300486511,Sound_P,63.95233273361063
1510300486515,PodiumIR,76
1510300486515,PodiumIR,76
1510300486864,Temperature_1,27.07
1510300486864,Temperature_1,27.07
1510300486867,Humidity_1,24.014780149830223
1510300486867,Humidity_1,24.014780149830223
1510300486880,Brightness_1,72.0
1510300486880,Brightness_1,72.0
1510300488092,Motion_2,False
1510300488092,Motion_1,False
1510300488092,Motion_2,False
1510300488092,Motion_1,False
1510300489072,Sound_R,56.76736039049558
1510300493283,Temperature_1,27.07
1510300493283,Temperature_1,27.07
1510300493286,Humidity_1,24.014780149830223
1510300493286,Humidity_1,24.014780149830223
1510300493289,Brightness_1,72.0
1510300493289,Brightness_1,72.0
1510300496521,Sound_P,68.0998289029382
1510300496521,Sound_P,68.0998289029382
1510300496524,PodiumIR,80
1510300496524,PodiumIR,80
1510300499072,Sound_R,58.25781280113218
1510300499735,Temperature_1,27.07
1510300499735,Temperature_1,27.07
1510300499737,Humidity_1,24.014780149830223
1510300499737,Humidity_1,24.014780149830223
1510300499741,Brightness_1,72.0
1510300499741,Brightness_1,72.0
1510300501004,Motion_2,True
1510300501004,Motion_1,False
1510300501004,Motion_2,True
1510300501004,Motion_1,False
1510300506185,Temperature_1,27.07
1510300506185,Temperature_1,27.07
1510300506189,Humidity_1,23.89146026922941
1510300506189,Humidity_1,23.89146026922941
1510300506192,Brightness_1,72.0
1510300506192,Brightness_1,72.0
1510300506530,Sound_P,67.56641902255494
1510300506530,Sound_P,67.56641902255494
1510300506533,PodiumIR,85
1510300506533,PodiumIR,85
1510300509072,Sound_R,60.20258810024708
1510300512642,Temperature_1,27.07
1510300512642,Temperature_1,27.07
1510300512645,Humidity_1,23.89146026922941
1510300512645,Humidity_1,23.89146026922941
1510300512648,Brightness_1,72.0
1510300512648,Brightness_1,72.0
1510300513921,Motion_2,True
1510300513921,Seat_8,False
1510300513921,Motion_2,True
1510300513921,Seat_8,False
1510300515276,Motion_6,True
1510300515276,Motion_7,True
1510300515276,Motion_6,True
1510300515276,Motion_7,True
1510300516538,Sound_P,69.11838317407611
1510300516538,Sound_P,69.11838317407611
1510300516541,PodiumIR,80
1510300516541,PodiumIR,80
1510300517328,Motion_8,True
1510300517328,Motion_1,True
1510300517328,Motion_4,True
1510300517328,Motion_8,True
1510300517328,Motion_1,True
1510300517328,Motion_4,True
1510300518648,Motion_5,True
1510300518648,Motion_5,True
1510300519024,Temperature_1,27.07
1510300519024,Temperature_1,27.07
1510300519027,Humidity_1,23.89146026922941
1510300519027,Humidity_1,23.89146026922941
1510300519030,Brightness_1,72.0
1510300519030,Brightness_1,72.0
1510300519072,Sound_R,60.73170811113447
1510300523146,Motion_3,True
1510300523146,Motion_3,True
1510300525438,Temperature_1,27.07
1510300525438,Temperature_1,27.07
1510300525441,Humidity_1,23.89146026922941
1510300525441,Humidity_1,23.89146026922941
1510300525444,Brightness_1,72.0
1510300525444,Brightness_1,72.0
1510300526547,Sound_P,67.01551720930587
1510300526547,Sound_P,67.01551720930587
1510300526550,PodiumIR,79
1510300526550,PodiumIR,79
1510300528584,Motion_2,False
1510300528584,Motion_6,False
1510300528584,Motion_7,True
1510300528584,Motion_2,False
1510300528584,Motion_6,False
1510300528584,Motion_7,True
1510300529072,Sound_R,60.872935499305534
1510300530224,Motion_8,True
1510300530224,Motion_1,True
1510300530224,Motion_4,False
1510300530224,Motion_6,True
1510300530224,Motion_8,True
1510300530224,Motion_1,True
1510300530224,Motion_4,False
1510300530224,Motion_6,True
1510300531889,Temperature_1,27.07
1510300531889,Temperature_1,27.07
1510300531892,Humidity_1,23.89146026922941
1510300531892,Humidity_1,23.89146026922941
1510300531895,Brightness_1,72.0
1510300531895,Brightness_1,72.0
1510300534442,Motion_5,False
1510300534442,Motion_2,True
1510300534442,Motion_5,False
1510300534442,Motion_2,True
1510300536561,Sound_P,65.24535518573873
1510300536561,Sound_P,65.24535518573873
1510300536564,PodiumIR,81
1510300536564,PodiumIR,81
1510300538339,Temperature_1,27.07
1510300538339,Temperature_1,27.07
1510300538342,Humidity_1,23.89146026922941
1510300538342,Humidity_1,23.89146026922941
1510300538346,Brightness_1,72.0
1510300538346,Brightness_1,72.0
1510300539072,Sound_R,62.50375374734927
1510300543847,Motion_3,False
1510300543847,Motion_7,False
1510300543847,Motion_8,False
1510300543847,Motion_1,True
1510300543847,Motion_6,False
1510300543847,Motion_3,False
1510300543847,Motion_7,False
1510300543847,Motion_8,False
1510300543847,Motion_1,True
1510300543847,Motion_6,False
1510300544761,Temperature_1,27.07
1510300544761,Temperature_1,27.07
1510300544766,Humidity_1,23.89146026922941
1510300544766,Humidity_1,23.89146026922941
1510300544769,Brightness_1,72.0
1510300544769,Brightness_1,72.0
1510300546566,Sound_P,67.56641902255494
1510300546566,Sound_P,67.56641902255494
1510300546569,PodiumIR,78
1510300546569,PodiumIR,78
1510300547364,Motion_2,True
1510300547364,Motion_5,False
1510300547364,Motion_2,True
1510300547364,Motion_5,False
1510300549072,Sound_R,62.79227200323751
1510300549495,Seat_8,True
1510300549495,Seat_8,True
1510300551114,Temperature_1,27.07
1510300551114,Temperature_1,27.07
1510300551117,Humidity_1,23.89146026922941
1510300551117,Humidity_1,23.89146026922941
1510300551120,Brightness_1,72.0
1510300551120,Brightness_1,72.0
1510300556572,Sound_P,65.24535518573873
1510300556572,Sound_P,65.24535518573873
1510300556575,PodiumIR,147
1510300556575,PodiumIR,147
1510300557488,Temperature_1,27.07
1510300557488,Temperature_1,27.07
1510300557491,Humidity_1,23.89146026922941
1510300557491,Humidity_1,23.89146026922941
1510300557494,Brightness_1,72.0
1510300557494,Brightness_1,72.0
1510300559072,Sound_R,63.014607328113435
1510300563940,Temperature_1,27.07
1510300563940,Temperature_1,27.07
1510300563943,Humidity_1,23.89146026922941
1510300563943,Humidity_1,23.89146026922941
1510300563946,Brightness_1,72.0
1510300563946,Brightness_1,72.0
1510300566581,Sound_P,65.24535518573873
1510300566581,Sound_P,65.24535518573873
1510300566584,PodiumIR,55
1510300566584,PodiumIR,55
1510300569072,Sound_R,62.384971330776665
1510300570314,Temperature_1,27.07
1510300570314,Temperature_1,27.07
1510300570318,Humidity_1,23.89146026922941
1510300570318,Humidity_1,23.89146026922941
1510300570321,Brightness_1,72.0
1510300570321,Brightness_1,72.0
1510300576586,Sound_P,63.95233273361063
1510300576586,Sound_P,63.95233273361063
1510300576594,PodiumIR,77
1510300576594,PodiumIR,77
1510300576697,Temperature_1,27.07
1510300576697,Temperature_1,27.07
1510300576700,Humidity_1,23.89146026922941
1510300576700,Humidity_1,23.89146026922941
1510300576704,Brightness_1,72.0
1510300576704,Brightness_1,72.0
1510300579072,Sound_R,58.83728750148875
1510300583062,Temperature_1,27.07
1510300583062,Temperature_1,27.07
1510300583065,Humidity_1,23.89146026922941
1510300583065,Humidity_1,23.89146026922941
1510300583068,Brightness_1,72.0
1510300583068,Brightness_1,72.0
1510300586598,Sound_P,65.8563679754536
1510300586598,Sound_P,65.8563679754536
1510300586601,PodiumIR,76
1510300586601,PodiumIR,76
1510300589072,Sound_R,59.064702763460666
1510300589439,Temperature_1,27.07
1510300589439,Temperature_1,27.07
1510300589442,Humidity_1,23.89146026922941
1510300589442,Humidity_1,23.89146026922941
1510300589446,Brightness_1,72.0
1510300589446,Brightness_1,72.0
1510300595889,Temperature_1,27.07
1510300595889,Temperature_1,27.07
1510300595892,Humidity_1,23.89146026922941
1510300595892,Humidity_1,23.89146026922941
1510300595895,Brightness_1,72.0
1510300595895,Brightness_1,72.0
1510300596603,Sound_P,66.44593723960276
1510300596603,Sound_P,66.44593723960276
1510300596610,PodiumIR,80
1510300596610,PodiumIR,80
1510300599072,Sound_R,60.20892426104896
1510300602261,Temperature_1,27.07
1510300602261,Temperature_1,27.07
1510300602264,Humidity_1,23.89146026922941
1510300602264,Humidity_1,23.89146026922941
1510300602267,Brightness_1,72.0
1510300602267,Brightness_1,72.0
1510300606615,Sound_P,65.8563679754536
1510300606615,Sound_P,65.8563679754536
1510300606618,PodiumIR,114
1510300606618,PodiumIR,114
1510300608690,Temperature_1,27.07
1510300608690,Temperature_1,27.07
1510300608693,Humidity_1,23.89146026922941
1510300608693,Humidity_1,23.89146026922941
1510300608696,Brightness_1,72.0
1510300608696,Brightness_1,72.0
1510300609072,Sound_R,58.67243474387991
1510300615061,Temperature_1,27.07
1510300615061,Temperature_1,27.07
1510300615064,Humidity_1,23.89146026922941
1510300615064,Humidity_1,23.89146026922941
1510300615067,Brightness_1,72.0
1510300615067,Brightness_1,72.0
1510300616624,Sound_P,63.95233273361063
1510300616624,Sound_P,63.95233273361063
1510300616627,PodiumIR,62
1510300616627,PodiumIR,62
1510300619072,Sound_R,57.22531828949076
1510300619342,Motion_1,False
1510300619342,Motion_2,False
1510300619342,Motion_1,False
1510300619342,Motion_2,False
1510300621490,Temperature_1,27.07
1510300621490,Temperature_1,27.07
1510300621493,Humidity_1,23.89146026922941
1510300621493,Humidity_1,23.89146026922941
1510300621497,Brightness_1,72.0
1510300621497,Brightness_1,72.0
1510300626634,Sound_P,66.44593723960276
1510300626634,Sound_P,66.44593723960276
1510300626637,PodiumIR,75
1510300626637,PodiumIR,75
1510300628043,Temperature_1,27.07
1510300628043,Temperature_1,27.07
1510300628046,Humidity_1,23.89146026922941
1510300628046,Humidity_1,23.89146026922941
1510300628049,Brightness_1,72.0
1510300628049,Brightness_1,72.0
1510300629072,Sound_R,56.438587712858414
1510300634496,Temperature_1,27.07
1510300634496,Temperature_1,27.07
1510300634500,Humidity_1,24.13810003043105
1510300634500,Humidity_1,24.13810003043105
1510300634503,Brightness_1,74.0
1510300634503,Brightness_1,74.0
1510300636642,Sound_P,65.8563679754536
1510300636642,Sound_P,65.8563679754536
1510300636645,PodiumIR,72
1510300636645,PodiumIR,72
1510300639072,Sound_R,56.528911355671625
1510300640871,Temperature_1,27.07
1510300640871,Temperature_1,27.07
1510300640874,Humidity_1,24.13810003043105
1510300640874,Humidity_1,24.13810003043105
1510300640878,Brightness_1,74.0
1510300640878,Brightness_1,74.0
1510300646651,Sound_P,68.0998289029382
1510300646651,Sound_P,68.0998289029382
1510300646654,PodiumIR,122
1510300646654,PodiumIR,122
1510300647242,Temperature_1,27.07
1510300647242,Temperature_1,27.07
1510300647245,Humidity_1,24.13810003043105
1510300647245,Humidity_1,24.13810003043105
1510300647249,Brightness_1,74.0
1510300647249,Brightness_1,74.0
1510300649072,Sound_R,55.68977268649169
1510300653644,Temperature_1,27.07
1510300653644,Temperature_1,27.07
1510300653647,Humidity_1,24.13810003043105
1510300653647,Humidity_1,24.13810003043105
1510300653651,Brightness_1,74.0
1510300653651,Brightness_1,74.0
1510300656656,Sound_P,65.24535518573873
1510300656656,Sound_P,65.24535518573873
1510300656659,PodiumIR,77
1510300656659,PodiumIR,77
1510300659072,Sound_R,54.021615742360034
1510300660001,Temperature_1,27.07
1510300660001,Temperature_1,27.07
1510300660004,Humidity_1,24.13810003043105
1510300660004,Humidity_1,24.13810003043105
1510300660007,Brightness_1,74.0
1510300660007,Brightness_1,74.0
1510300666444,Temperature_1,27.07
1510300666444,Temperature_1,27.07
1510300666447,Humidity_1,24.13810003043105
1510300666447,Humidity_1,24.13810003043105
1510300666451,Brightness_1,74.0
1510300666451,Brightness_1,74.0
1510300666661,Sound_P,66.44593723960276
1510300666661,Sound_P,66.44593723960276
1510300666664,PodiumIR,81
1510300666664,PodiumIR,81
1510300669072,Sound_R,54.09148973113272
1510300672821,Temperature_1,27.07
1510300672821,Temperature_1,27.07
1510300672824,Humidity_1,24.13810003043105
1510300672824,Humidity_1,24.13810003043105
1510300672827,Brightness_1,74.0
1510300672827,Brightness_1,74.0
1510300676667,Sound_P,66.44593723960276
1510300676667,Sound_P,66.44593723960276
1510300676670,PodiumIR,80
1510300676670,PodiumIR,80
1510300679072,Sound_R,54.6423443973745
1510300679356,Temperature_1,27.07
1510300679356,Temperature_1,27.07
1510300679359,Humidity_1,24.13810003043105
1510300679359,Humidity_1,24.13810003043105
1510300679362,Brightness_1,74.0
1510300679362,Brightness_1,74.0
1510300685798,Temperature_1,27.07
1510300685798,Temperature_1,27.07
1510300685801,Humidity_1,24.13810003043105
1510300685801,Humidity_1,24.13810003043105
1510300685804,Brightness_1,74.0
1510300685804,Brightness_1,74.0
1510300686672,Sound_P,67.56641902255494
1510300686672,Sound_P,67.56641902255494
1510300686675,PodiumIR,115
1510300686675,PodiumIR,115
1510300689072,Sound_R,55.59621342144905
1510300692249,Temperature_1,27.07
1510300692249,Temperature_1,27.07
1510300692252,Humidity_1,24.014780149830223
1510300692252,Humidity_1,24.014780149830223
1510300692255,Brightness_1,70.0
1510300692255,Brightness_1,70.0
1510300696678,Sound_P,66.44593723960276
1510300696678,Sound_P,66.44593723960276
1510300696681,PodiumIR,67
1510300696681,PodiumIR,67
1510300698706,Temperature_1,27.07
1510300698706,Temperature_1,27.07
1510300698710,Humidity_1,24.014780149830223
1510300698710,Humidity_1,24.014780149830223
1510300698713,Brightness_1,70.0
1510300698713,Brightness_1,70.0
1510300699072,Sound_R,56.107506857099224
1510300704477,Motion_2,False
1510300704477,Motion_2,False
1510300705073,Temperature_1,27.07
1510300705073,Temperature_1,27.07
1510300705076,Humidity_1,24.014780149830223
1510300705076,Humidity_1,24.014780149830223
1510300705079,Brightness_1,70.0
1510300705079,Brightness_1,70.0
1510300705628,Motion_1,True
1510300705628,Motion_1,True
1510300706684,Sound_P,65.24535518573873
1510300706684,Sound_P,65.24535518573873
1510300706687,PodiumIR,77
1510300706687,PodiumIR,77
1510300709072,Sound_R,57.10087942444517
1510300711501,Temperature_1,27.07
1510300711501,Temperature_1,27.07
1510300711504,Humidity_1,24.014780149830223
1510300711504,Humidity_1,24.014780149830223
1510300711507,Brightness_1,70.0
1510300711507,Brightness_1,70.0
1510300716692,Sound_P,66.44593723960276
1510300716692,Sound_P,66.44593723960276
1510300716695,PodiumIR,75
1510300716695,PodiumIR,75
1510300717952,Temperature_1,27.07
1510300717952,Temperature_1,27.07
1510300717955,Humidity_1,24.014780149830223
1510300717955,Humidity_1,24.014780149830223
1510300717959,Brightness_1,70.0
1510300717959,Brightness_1,70.0
1510300719072,Sound_R,58.9578714329532
1510300720436,Motion_2,False
1510300720436,Motion_1,False
1510300720436,Motion_2,False
1510300720436,Motion_1,False
1510300724514,Temperature_1,27.07
1510300724514,Temperature_1,27.07
1510300724517,Humidity_1,24.014780149830223
1510300724517,Humidity_1,24.014780149830223
1510300724520,Brightness_1,70.0
1510300724520,Brightness_1,70.0
1510300726700,Sound_P,66.44593723960276
1510300726700,Sound_P,66.44593723960276
1510300726703,PodiumIR,143
1510300726703,PodiumIR,143
1510300729072,Sound_R,57.87710861242217
1510300730881,Temperature_1,27.07
1510300730881,Temperature_1,27.07
1510300730884,Humidity_1,24.014780149830223
1510300730884,Humidity_1,24.014780149830223
1510300730887,Brightness_1,70.0
1510300730887,Brightness_1,70.0
1510300736709,Sound_P,68.0998289029382
1510300736709,Sound_P,68.0998289029382
1510300736712,PodiumIR,72
1510300736712,PodiumIR,72
1510300737306,Temperature_1,27.07
1510300737306,Temperature_1,27.07
1510300737309,Humidity_1,24.014780149830223
1510300737309,Humidity_1,24.014780149830223
1510300737312,Brightness_1,70.0
1510300737312,Brightness_1,70.0
1510300739072,Sound_R,57.02106713714983
1510300743862,Temperature_1,27.07
1510300743862,Temperature_1,27.07
1510300743865,Humidity_1,24.014780149830223
1510300743865,Humidity_1,24.014780149830223
1510300743868,Brightness_1,70.0
1510300743868,Brightness_1,70.0
1510300746714,Sound_P,65.24535518573873
1510300746714,Sound_P,65.24535518573873
1510300746717,PodiumIR,81
1510300746717,PodiumIR,81
1510300749072,Sound_R,57.981850081116825
1510300750311,Temperature_1,27.07
1510300750311,Temperature_1,27.07
1510300750314,Humidity_1,24.014780149830223
1510300750314,Humidity_1,24.014780149830223
1510300750317,Brightness_1,70.0
1510300750317,Brightness_1,70.0
1510300756730,Sound_P,67.01551720930587
1510300756730,Sound_P,67.01551720930587
1510300756734,PodiumIR,136
1510300756734,PodiumIR,136
1510300756751,Temperature_1,27.07
1510300756751,Temperature_1,27.07
1510300756754,Humidity_1,24.014780149830223
1510300756754,Humidity_1,24.014780149830223
1510300756758,Brightness_1,73.0
1510300756758,Brightness_1,73.0
1510300759073,Sound_R,58.550801864504116
1510300763121,Temperature_1,27.07
1510300763121,Temperature_1,27.07
1510300763125,Humidity_1,24.014780149830223
1510300763125,Humidity_1,24.014780149830223
1510300763128,Brightness_1,73.0
1510300763128,Brightness_1,73.0
1510300764564,Motion_2,False
1510300764564,Motion_2,False
1510300766726,Motion_1,True
1510300766726,Motion_1,True
1510300766736,Sound_P,66.44593723960276
1510300766736,Sound_P,66.44593723960276
1510300766740,PodiumIR,79
1510300766740,PodiumIR,79
1510300769072,Sound_R,58.30381263740318
1510300769676,Temperature_1,27.07
1510300769676,Temperature_1,27.07
1510300769682,Humidity_1,24.014780149830223
1510300769682,Humidity_1,24.014780149830223
1510300769685,Brightness_1,73.0
1510300769685,Brightness_1,73.0
1510300776225,Temperature_1,27.07
1510300776225,Temperature_1,27.07
1510300776231,Humidity_1,24.014780149830223
1510300776231,Humidity_1,24.014780149830223
1510300776234,Brightness_1,73.0
1510300776234,Brightness_1,73.0
1510300776743,Sound_P,64.61127993529891
1510300776743,Sound_P,64.61127993529891
1510300776746,PodiumIR,75
1510300776746,PodiumIR,75
1510300779072,Sound_R,59.15969385690121
1510300780018,Motion_1,False
1510300780018,Motion_2,True
1510300780018,Motion_1,False
1510300780018,Motion_2,True
1510300782670,Temperature_1,27.07
1510300782670,Temperature_1,27.07
1510300782677,Humidity_1,24.014780149830223
1510300782677,Humidity_1,24.014780149830223
1510300782680,Brightness_1,73.0
1510300782680,Brightness_1,73.0
1510300786756,Sound_P,67.56641902255494
1510300786756,Sound_P,67.56641902255494
1510300786759,PodiumIR,106
1510300786759,PodiumIR,106
1510300789055,Temperature_1,27.07
1510300789055,Temperature_1,27.07
1510300789063,Humidity_1,24.014780149830223
1510300789063,Humidity_1,24.014780149830223
1510300789066,Brightness_1,73.0
1510300789066,Brightness_1,73.0
1510300789072,Sound_R,59.83017086490554
1510300795471,Temperature_1,27.07
1510300795471,Temperature_1,27.07
1510300795474,Humidity_1,24.014780149830223
1510300795474,Humidity_1,24.014780149830223
1510300795478,Brightness_1,73.0
1510300795478,Brightness_1,73.0
1510300795976,Motion_2,False
1510300795976,Motion_8,True
1510300795976,Motion_1,True
1510300795976,Motion_2,False
1510300795976,Motion_8,True
1510300795976,Motion_1,True
1510300796762,Sound_P,65.8563679754536
1510300796762,Sound_P,65.8563679754536
1510300796765,PodiumIR,131
1510300796765,PodiumIR,131
1510300799072,Sound_R,60.053469612247284
1510300801928,Temperature_1,27.07
1510300801928,Temperature_1,27.07
1510300801931,Humidity_1,24.014780149830223
1510300801931,Humidity_1,24.014780149830223
1510300801934,Brightness_1,73.0
1510300801934,Brightness_1,73.0
1510300806769,Sound_P,69.11838317407611
1510300806769,Sound_P,69.11838317407611
1510300806773,PodiumIR,60
1510300806773,PodiumIR,60
1510300808373,Temperature_1,27.07
1510300808373,Temperature_1,27.07
1510300808376,Humidity_1,24.014780149830223
1510300808376,Humidity_1,24.014780149830223
1510300808379,Brightness_1,73.0
1510300808379,Brightness_1,73.0
1510300809072,Sound_R,61.886143256384
1510300814754,Temperature_1,27.07
1510300814754,Temperature_1,27.07
1510300814757,Humidity_1,24.014780149830223
1510300814757,Humidity_1,24.014780149830223
1510300814761,Brightness_1,73.0
1510300814761,Brightness_1,73.0
1510300816775,Sound_P,67.01551720930587
1510300816775,Sound_P,67.01551720930587
1510300816778,PodiumIR,76
1510300816778,PodiumIR,76
1510300819072,Sound_R,62.20616679925007
1510300821173,Temperature_1,27.07
1510300821173,Temperature_1,27.07
1510300821176,Humidity_1,24.014780149830223
1510300821176,Humidity_1,24.014780149830223
1510300821179,Brightness_1,74.0
1510300821179,Brightness_1,74.0
1510300825857,Motion_2,False
1510300825857,Motion_1,False
1510300825857,Motion_8,False
1510300825857,Motion_2,False
1510300825857,Motion_1,False
1510300825857,Motion_8,False
1510300826780,Sound_P,67.56641902255494
1510300826780,Sound_P,67.56641902255494
1510300826783,PodiumIR,73
1510300826783,PodiumIR,73
1510300827625,Temperature_1,27.07
1510300827625,Temperature_1,27.07
1510300827628,Humidity_1,24.014780149830223
1510300827628,Humidity_1,24.014780149830223
1510300827632,Brightness_1,74.0
1510300827632,Brightness_1,74.0
1510300827943,Motion_1,True
1510300827943,Motion_1,True
1510300829072,Sound_R,59.66808372343662
1510300834076,Temperature_1,27.07
1510300834076,Temperature_1,27.07
1510300834080,Humidity_1,24.014780149830223
1510300834080,Humidity_1,24.014780149830223
1510300834084,Brightness_1,74.0
1510300834084,Brightness_1,74.0
1510300836598,Motion_8,True
1510300836598,Motion_8,True
1510300836785,Sound_P,66.44593723960276
1510300836785,Sound_P,66.44593723960276
1510300836789,PodiumIR,120
1510300836789,PodiumIR,120
1510300839072,Sound_R,60.058893044047274
1510300840527,Temperature_1,27.07
1510300840527,Temperature_1,27.07
1510300840531,Humidity_1,24.014780149830223
1510300840531,Humidity_1,24.014780149830223
1510300840535,Brightness_1,74.0
1510300840535,Brightness_1,74.0
1510300840850,Motion_2,False
1510300840850,Motion_1,True
1510300840850,Motion_2,False
1510300840850,Motion_1,True
1510300846791,Sound_P,67.01551720930587
1510300846791,Sound_P,67.01551720930587
1510300846794,PodiumIR,69
1510300846794,PodiumIR,69
1510300846904,Temperature_1,27.07
1510300846904,Temperature_1,27.07
1510300846908,Humidity_1,24.014780149830223
1510300846908,Humidity_1,24.014780149830223
1510300846911,Brightness_1,74.0
1510300846911,Brightness_1,74.0
1510300849072,Sound_R,63.11753676329223
1510300853285,Temperature_1,27.07
1510300853285,Temperature_1,27.07
1510300853288,Humidity_1,24.014780149830223
1510300853288,Humidity_1,24.014780149830223
1510300853291,Brightness_1,74.0
1510300853291,Brightness_1,74.0
1510300856796,Sound_P,65.24535518573873
1510300856796,Sound_P,65.24535518573873
1510300856799,PodiumIR,77
1510300856799,PodiumIR,77
1510300859072,Sound_R,61.69883313797386
1510300859779,Temperature_1,27.07
1510300859779,Temperature_1,27.07
1510300859783,Humidity_1,24.014780149830223
1510300859783,Humidity_1,24.014780149830223
1510300859786,Brightness_1,74.0
1510300859786,Brightness_1,74.0
1510300866230,Temperature_1,27.07
1510300866230,Temperature_1,27.07
1510300866233,Humidity_1,24.014780149830223
1510300866233,Humidity_1,24.014780149830223
1510300866236,Brightness_1,74.0
1510300866236,Brightness_1,74.0
1510300866810,Sound_P,67.01551720930587
1510300866810,Sound_P,67.01551720930587
1510300866813,PodiumIR,78
1510300866813,PodiumIR,78
1510300869072,Sound_R,60.42808627272333
1510300872750,Temperature_1,27.07
1510300872750,Temperature_1,27.07
1510300872754,Humidity_1,24.014780149830223
1510300872754,Humidity_1,24.014780149830223
1510300872757,Brightness_1,74.0
1510300872757,Brightness_1,74.0
1510300876815,Sound_P,65.24535518573873
1510300876815,Sound_P,65.24535518573873
1510300876818,PodiumIR,122
1510300876818,PodiumIR,122
1510300878830,Motion_8,False
1510300878830,Motion_2,False
1510300878830,Motion_1,False
1510300878830,Motion_8,False
1510300878830,Motion_2,False
1510300878830,Motion_1,False
1510300879072,Sound_R,60.29304298939002
1510300879133,Temperature_1,27.07
1510300879133,Temperature_1,27.07
1510300879136,Humidity_1,24.014780149830223
1510300879136,Humidity_1,24.014780149830223
1510300879139,Brightness_1,74.0
1510300879139,Brightness_1,74.0
1510300885584,Temperature_1,27.07
1510300885584,Temperature_1,27.07
1510300885587,Humidity_1,24.014780149830223
1510300885587,Humidity_1,24.014780149830223
1510300885591,Brightness_1,73.0
1510300885591,Brightness_1,73.0
1510300886821,Sound_P,65.8563679754536
1510300886821,Sound_P,65.8563679754536
1510300886824,PodiumIR,62
1510300886824,PodiumIR,62
1510300889072,Sound_R,59.02019308444557
1510300892035,Temperature_1,27.07
1510300892035,Temperature_1,27.07
1510300892038,Humidity_1,24.014780149830223
1510300892038,Humidity_1,24.014780149830223
1510300892042,Brightness_1,73.0
1510300892042,Brightness_1,73.0
1510300896826,Sound_P,67.56641902255494
1510300896826,Sound_P,67.56641902255494
1510300896829,PodiumIR,76
1510300896829,PodiumIR,76
1510300898589,Temperature_1,27.07
1510300898589,Temperature_1,27.07
1510300898592,Humidity_1,24.014780149830223
1510300898592,Humidity_1,24.014780149830223
1510300898595,Brightness_1,73.0
1510300898595,Brightness_1,73.0
1510300899072,Sound_R,58.68407489759386
1510300899481,Motion_2,False
1510300899481,Motion_8,True
1510300899481,Motion_1,True
1510300899481,Motion_2,False
1510300899481,Motion_8,True
1510300899481,Motion_1,True
1510300901267,Motion_2,True
1510300901267,Motion_2,True
1510300904954,Temperature_1,27.07
1510300904954,Temperature_1,27.07
1510300904957,Humidity_1,24.014780149830223
1510300904957,Humidity_1,24.014780149830223
1510300904960,Brightness_1,73.0
1510300904960,Brightness_1,73.0
1510300906832,Sound_P,66.44593723960276
1510300906832,Sound_P,66.44593723960276
1510300906835,PodiumIR,101
1510300906835,PodiumIR,101
1510300909072,Sound_R,58.22596544977395
1510300911496,Temperature_1,27.07
1510300911496,Temperature_1,27.07
1510300911499,Humidity_1,24.014780149830223
1510300911499,Humidity_1,24.014780149830223
1510300911502,Brightness_1,73.0
1510300911502,Brightness_1,73.0
1510300913104,Motion_8,False
1510300913104,Motion_1,True
1510300913104,Motion_8,False
1510300913104,Motion_1,True
1510300915440,Motion_2,False
1510300915440,Motion_8,True
1510300915440,Motion_2,False
1510300915440,Motion_8,True
1510300916837,Sound_P,68.0998289029382
1510300916837,Sound_P,68.0998289029382
1510300916951,PodiumIR,77
1510300916951,PodiumIR,77
1510300917942,Temperature_1,27.07
1510300917942,Temperature_1,27.07
1510300917945,Humidity_1,24.014780149830223
1510300917945,Humidity_1,24.014780149830223
1510300917949,Brightness_1,73.0
1510300917949,Brightness_1,73.0
1510300919072,Sound_R,61.13437074591081
1510300924394,Temperature_1,27.07
1510300924394,Temperature_1,27.07
1510300924397,Humidity_1,24.014780149830223
1510300924397,Humidity_1,24.014780149830223
1510300924400,Brightness_1,73.0
1510300924400,Brightness_1,73.0
1510300924735,Motion_2,True
1510300924735,Motion_2,True
1510300926011,Motion_1,True
1510300926011,Motion_1,True
1510300926954,Sound_P,65.8563679754536
1510300926954,Sound_P,65.8563679754536
1510300926957,PodiumIR,127
1510300926957,PodiumIR,127
1510300929072,Sound_R,61.973224315285485
1510300930764,Temperature_1,27.07
1510300930764,Temperature_1,27.07
1510300930767,Humidity_1,24.014780149830223
1510300930767,Humidity_1,24.014780149830223
1510300930771,Brightness_1,73.0
1510300930771,Brightness_1,73.0
1510300931378,Motion_8,False
1510300931378,Motion_8,False
1510300931383,Motion_8,True
1510300931383,Motion_8,True
1510300936967,Sound_P,65.8563679754536
1510300936967,Sound_P,65.8563679754536
1510300936970,PodiumIR,68
1510300936970,PodiumIR,68
1510300937195,Temperature_1,27.07
1510300937195,Temperature_1,27.07
1510300937198,Humidity_1,24.014780149830223
1510300937198,Humidity_1,24.014780149830223
1510300937202,Brightness_1,73.0
1510300937202,Brightness_1,73.0
1510300937657,Motion_2,True
1510300937657,Seat_5,True
1510300937657,Motion_2,True
1510300937657,Seat_5,True
1510300938912,Motion_1,True
1510300938912,Motion_1,True
1510300939072,Sound_R,61.404533417531745
1510300943645,Temperature_1,27.07
1510300943645,Temperature_1,27.07
1510300943648,Humidity_1,24.014780149830223
1510300943648,Humidity_1,24.014780149830223
1510300943651,Brightness_1,73.0
1510300943651,Brightness_1,73.0
1510300946973,Sound_P,66.44593723960276
1510300946973,Sound_P,66.44593723960276
1510300946976,PodiumIR,82
1510300946976,PodiumIR,82
1510300947317,Motion_8,False
1510300947317,Motion_8,False
1510300949072,Sound_R,62.59404797545858
1510300950096,Temperature_1,27.07
1510300950096,Temperature_1,27.07
1510300950100,Humidity_1,24.014780149830223
1510300950100,Humidity_1,24.014780149830223
1510300950103,Brightness_1,70.0
1510300950103,Brightness_1,70.0
1510300951809,Motion_2,False
1510300951809,Motion_1,True
1510300951809,Motion_2,False
1510300951809,Motion_1,True
1510300956549,Temperature_1,27.07
1510300956549,Temperature_1,27.07
1510300956552,Humidity_1,24.014780149830223
1510300956552,Humidity_1,24.014780149830223
1510300956556,Brightness_1,70.0
1510300956556,Brightness_1,70.0
1510300956978,Sound_P,69.11838317407611
1510300956978,Sound_P,69.11838317407611
1510300956981,PodiumIR,75
1510300956981,PodiumIR,75
1510300959072,Sound_R,61.56403330903887
1510300962913,Temperature_1,27.07
1510300962913,Temperature_1,27.07
1510300962916,Humidity_1,24.014780149830223
1510300962916,Humidity_1,24.014780149830223
1510300962919,Brightness_1,70.0
1510300962919,Brightness_1,70.0
1510300963290,Seat_5,False
1510300963290,Motion_8,False
1510300963290,Seat_5,False
1510300963290,Motion_8,False
1510300964716,Motion_1,True
1510300964716,Motion_1,True
1510300966983,Sound_P,67.56641902255494
1510300966983,Sound_P,67.56641902255494
1510300966987,PodiumIR,79
1510300966987,PodiumIR,79
1510300969072,Sound_R,61.60141263603834
1510300969279,Motion_5,True
1510300969279,Motion_5,True
1510300969450,Temperature_1,27.07
1510300969450,Temperature_1,27.07
1510300969453,Humidity_1,24.014780149830223
1510300969453,Humidity_1,24.014780149830223
1510300969456,Brightness_1,70.0
1510300969456,Brightness_1,70.0
1510300970429,Motion_2,True
1510300970429,Motion_2,True
1510300975902,Temperature_1,27.07
1510300975902,Temperature_1,27.07
1510300975905,Humidity_1,24.014780149830223
1510300975905,Humidity_1,24.014780149830223
1510300975909,Brightness_1,70.0
1510300975909,Brightness_1,70.0
1510300976989,Sound_P,68.61682354019833
1510300976989,Sound_P,68.61682354019833
1510300976992,PodiumIR,76
1510300976992,PodiumIR,76
1510300979072,Sound_R,60.162916314878466
1510300982353,Temperature_1,27.07
1510300982353,Temperature_1,27.07
1510300982356,Humidity_1,24.014780149830223
1510300982356,Humidity_1,24.014780149830223
1510300982359,Brightness_1,70.0
1510300982359,Brightness_1,70.0
1510300986995,Sound_P,65.24535518573873
1510300986995,Sound_P,65.24535518573873
1510300986998,PodiumIR,85
1510300986998,PodiumIR,85
1510300989072,Sound_R,59.24570328530359
1510300993126,Motion_8,False
1510300993126,Motion_1,False
1510300993126,Motion_5,False
1510300993126,Motion_2,False
1510300993126,Motion_8,False
1510300993126,Motion_1,False
1510300993126,Motion_5,False
1510300993126,Motion_2,False
1510300993131,Motion_8,True
1510300993131,Motion_1,True
1510300993131,Motion_8,True
1510300993131,Motion_1,True
1510300997000,Sound_P,64.61127993529891
1510300997000,Sound_P,64.61127993529891
1510300997003,PodiumIR,72
1510300997003,PodiumIR,72
1510300999072,Sound_R,58.403856610973946
1510301003748,Temperature_1,27.07
1510301003748,Temperature_1,27.07
1510301003751,Humidity_1,24.014780149830223
1510301003751,Humidity_1,24.014780149830223
1510301003754,Brightness_1,70.0
1510301003754,Brightness_1,70.0
1510301006028,Motion_8,True
1510301006028,Motion_1,False
1510301006028,Motion_8,True
1510301006028,Motion_1,False
1510301007005,Sound_P,67.56641902255494
1510301007005,Sound_P,67.56641902255494
1510301007009,PodiumIR,73
1510301007009,PodiumIR,73
1510301009072,Sound_R,58.14735143809878
1510301009830,Motion_1,True
1510301009830,Motion_1,True
1510301010206,Temperature_1,27.07
1510301010206,Temperature_1,27.07
1510301010209,Humidity_1,24.014780149830223
1510301010209,Humidity_1,24.014780149830223
1510301010211,Brightness_1,76.0
1510301010211,Brightness_1,76.0
1510301016572,Temperature_1,27.07
1510301016572,Temperature_1,27.07
1510301016575,Humidity_1,24.014780149830223
1510301016575,Humidity_1,24.014780149830223
1510301016578,Brightness_1,76.0
1510301016578,Brightness_1,76.0
1510301017017,Sound_P,69.60540278108363
1510301017017,Sound_P,69.60540278108363
1510301017020,PodiumIR,114
1510301017020,PodiumIR,114
1510301018935,Motion_8,True
1510301018935,Motion_8,True
1510301019072,Sound_R,60.022870539266016
1510301020681,Motion_2,True
1510301020681,Motion_2,True
1510301022955,Temperature_1,27.07
1510301022955,Temperature_1,27.07
1510301022958,Humidity_1,24.014780149830223
1510301022958,Humidity_1,24.014780149830223
1510301022961,Brightness_1,76.0
1510301022961,Brightness_1,76.0
1510301022992,Motion_1,False
1510301022992,Seat_5,True
1510301022992,Motion_1,False
1510301022992,Seat_5,True
1510301027025,Sound_P,66.44593723960276
1510301027025,Sound_P,66.44593723960276
1510301027028,PodiumIR,80
1510301027028,PodiumIR,80
1510301029072,Sound_R,59.779593475953895
1510301029344,Temperature_1,27.07
1510301029344,Temperature_1,27.07
1510301029348,Humidity_1,24.014780149830223
1510301029348,Humidity_1,24.014780149830223
1510301029352,Brightness_1,76.0
1510301029352,Brightness_1,76.0
1510301030331,Motion_1,True
1510301030331,Motion_1,True
1510301033598,Motion_8,False
1510301033598,Motion_2,True
1510301033598,Motion_8,False
1510301033598,Motion_2,True
1510301035705,Temperature_1,27.07
1510301035705,Temperature_1,27.07
1510301035709,Humidity_1,24.014780149830223
1510301035709,Humidity_1,24.014780149830223
1510301035712,Brightness_1,76.0
1510301035712,Brightness_1,76.0
1510301037032,Sound_P,66.44593723960276
1510301037032,Sound_P,66.44593723960276
1510301037035,PodiumIR,69
1510301037035,PodiumIR,69
1510301039072,Sound_R,61.321584797987924
1510301042156,Temperature_1,27.07
1510301042156,Temperature_1,27.07
1510301042159,Humidity_1,24.014780149830223
1510301042159,Humidity_1,24.014780149830223
1510301042164,Brightness_1,76.0
1510301042164,Brightness_1,76.0
1510301046290,Motion_1,False
1510301046290,Motion_2,False
1510301046290,Motion_1,False
1510301046290,Motion_2,False
1510301047039,Sound_P,66.44593723960276
1510301047039,Sound_P,66.44593723960276
1510301047042,PodiumIR,76
1510301047042,PodiumIR,76
1510301048709,Temperature_1,27.07
1510301048709,Temperature_1,27.07
1510301048715,Humidity_1,24.014780149830223
1510301048715,Humidity_1,24.014780149830223
1510301048718,Brightness_1,76.0
1510301048718,Brightness_1,76.0
1510301049073,Sound_R,63.20513941695118
1510301049562,Motion_2,True
1510301049562,Motion_2,True
1510301055102,Temperature_1,27.07
1510301055102,Temperature_1,27.07
1510301055108,Humidity_1,24.014780149830223
1510301055108,Humidity_1,24.014780149830223
1510301055111,Brightness_1,76.0
1510301055111,Brightness_1,76.0
1510301057046,Sound_P,67.01551720930587
1510301057046,Sound_P,67.01551720930587
1510301057050,PodiumIR,80
1510301057050,PodiumIR,80
1510301059072,Sound_R,61.91065265281424
1510301061510,Temperature_1,27.07
1510301061510,Temperature_1,27.07
1510301061516,Humidity_1,24.014780149830223
1510301061516,Humidity_1,24.014780149830223
1510301061519,Brightness_1,76.0
1510301061519,Brightness_1,76.0
1510301067053,Sound_P,66.44593723960276
1510301067053,Sound_P,66.44593723960276
1510301067060,PodiumIR,79
1510301067060,PodiumIR,79
1510301067965,Temperature_1,27.07
1510301067965,Temperature_1,27.07
1510301067971,Humidity_1,24.014780149830223
1510301067971,Humidity_1,24.014780149830223
1510301067974,Brightness_1,76.0
1510301067974,Brightness_1,76.0
1510301068457,Motion_1,False
1510301068457,Motion_2,False
1510301068457,Motion_1,False
1510301068457,Motion_2,False
1510301069073,Sound_R,59.51317060017006
1510301074412,Temperature_1,27.07
1510301074412,Temperature_1,27.07
1510301074418,Humidity_1,24.014780149830223
1510301074418,Humidity_1,24.014780149830223
1510301074421,Brightness_1,75.0
1510301074421,Brightness_1,75.0
1510301077066,Sound_P,63.95233273361063
1510301077066,Sound_P,63.95233273361063
1510301077069,PodiumIR,77
1510301077069,PodiumIR,77
1510301079072,Sound_R,58.41292379590654
1510301079407,Motion_8,True
1510301079407,Motion_8,True
1510301080783,Temperature_1,27.07
1510301080783,Temperature_1,27.07
1510301080786,Humidity_1,24.014780149830223
1510301080786,Humidity_1,24.014780149830223
1510301080789,Brightness_1,75.0
1510301080789,Brightness_1,75.0
1510301081383,Motion_1,True
1510301081383,Motion_1,True
1510301087074,Sound_P,71.42349921662418
1510301087074,Sound_P,71.42349921662418
1510301087077,PodiumIR,89
1510301087077,PodiumIR,89
1510301087152,Temperature_1,27.07
1510301087152,Temperature_1,27.07
1510301087155,Humidity_1,24.014780149830223
1510301087155,Humidity_1,24.014780149830223
1510301087158,Brightness_1,75.0
1510301087158,Brightness_1,75.0
1510301089072,Sound_R,60.397442902138586
1510301093572,Temperature_1,27.07
1510301093572,Temperature_1,27.07
1510301093575,Humidity_1,24.014780149830223
1510301093575,Humidity_1,24.014780149830223
1510301093580,Brightness_1,75.0
1510301093580,Brightness_1,75.0
1510301097079,Sound_P,65.8563679754536
1510301097079,Sound_P,65.8563679754536
1510301097082,PodiumIR,57
1510301097082,PodiumIR,57
1510301099072,Sound_R,60.15482932543
1510301106950,Temperature_1,27.07
1510301106950,Temperature_1,27.07
1510301106954,Humidity_1,24.014780149830223
1510301106954,Humidity_1,24.014780149830223
1510301106958,Brightness_1,75.0
1510301106958,Brightness_1,75.0
1510301107088,Sound_P,63.95233273361063
1510301107088,Sound_P,63.95233273361063
1510301107092,PodiumIR,77
1510301107092,PodiumIR,77
1510301109072,Sound_R,57.64591768505628
1510301113325,Temperature_1,27.07
1510301113325,Temperature_1,27.07
1510301113328,Humidity_1,24.014780149830223
1510301113328,Humidity_1,24.014780149830223
1510301113332,Brightness_1,75.0
1510301113332,Brightness_1,75.0
1510301117098,Sound_P,65.24535518573873
1510301117098,Sound_P,65.24535518573873
1510301117101,PodiumIR,79
1510301117101,PodiumIR,79
1510301119072,Sound_R,57.27147604305127
1510301119776,Temperature_1,27.07
1510301119776,Temperature_1,27.07
1510301119780,Humidity_1,24.014780149830223
1510301119780,Humidity_1,24.014780149830223
1510301119783,Brightness_1,75.0
1510301119783,Brightness_1,75.0
1510301126161,Temperature_1,27.07
1510301126161,Temperature_1,27.07
1510301126164,Humidity_1,24.014780149830223
1510301126164,Humidity_1,24.014780149830223
1510301126169,Brightness_1,75.0
1510301126169,Brightness_1,75.0
1510301127107,Sound_P,66.44593723960276
1510301127107,Sound_P,66.44593723960276
1510301127110,PodiumIR,64
1510301127110,PodiumIR,64
1510301129072,Sound_R,57.3620562167668
1510301131915,Motion_8,False
1510301131915,Seat_5,False
1510301131915,Motion_1,False
1510301131915,Motion_8,False
1510301131915,Seat_5,False
1510301131915,Motion_1,False
1510301131920,Motion_2,True
1510301131920,Motion_2,True
1510301132577,Temperature_1,27.07
1510301132577,Temperature_1,27.07
1510301132580,Humidity_1,24.014780149830223
1510301132580,Humidity_1,24.014780149830223
1510301132584,Brightness_1,75.0
1510301132584,Brightness_1,75.0
1510301137115,Sound_P,63.95233273361063
1510301137115,Sound_P,63.95233273361063
1510301137125,PodiumIR,79
1510301137125,PodiumIR,79
1510301139001,Temperature_1,27.07
1510301139001,Temperature_1,27.07
1510301139005,Humidity_1,24.014780149830223
1510301139005,Humidity_1,24.014780149830223
1510301139009,Brightness_1,70.0
1510301139009,Brightness_1,70.0
1510301139072,Sound_R,58.255334829590225
1510301145376,Temperature_1,27.07
1510301145376,Temperature_1,27.07
1510301145380,Humidity_1,24.014780149830223
1510301145380,Humidity_1,24.014780149830223
1510301145385,Brightness_1,70.0
1510301145385,Brightness_1,70.0
1510301147134,Sound_P,67.01551720930587
1510301147134,Sound_P,67.01551720930587
1510301147137,PodiumIR,77
1510301147137,PodiumIR,77
1510301149072,Sound_R,58.0623549210267
1510301151739,Temperature_1,27.07
1510301151739,Temperature_1,27.07
1510301151742,Humidity_1,24.014780149830223
1510301151742,Humidity_1,24.014780149830223
1510301151746,Brightness_1,70.0
1510301151746,Brightness_1,70.0
1510301157144,Sound_P,64.61127993529891
1510301157144,Sound_P,64.61127993529891
1510301157154,PodiumIR,59
1510301157154,PodiumIR,59
1510301158187,Temperature_1,27.07
1510301158187,Temperature_1,27.07
1510301158194,Humidity_1,24.014780149830223
1510301158194,Humidity_1,24.014780149830223
1510301158196,Brightness_1,70.0
1510301158196,Brightness_1,70.0
1510301159072,Sound_R,57.89289037121946
1510301164628,Temperature_1,27.07
1510301164628,Temperature_1,27.07
1510301164635,Humidity_1,24.014780149830223
1510301164635,Humidity_1,24.014780149830223
1510301164638,Brightness_1,70.0
1510301164638,Brightness_1,70.0
1510301167159,Sound_P,65.8563679754536
1510301167159,Sound_P,65.8563679754536
1510301167162,PodiumIR,76
1510301167162,PodiumIR,76
1510301169072,Sound_R,58.39942682587332
1510301171001,Temperature_1,27.07
1510301171001,Temperature_1,27.07
1510301171008,Humidity_1,24.014780149830223
1510301171008,Humidity_1,24.014780149830223
1510301171011,Brightness_1,70.0
1510301171011,Brightness_1,70.0
1510301177170,Sound_P,64.61127993529891
1510301177170,Sound_P,64.61127993529891
1510301177173,PodiumIR,105
1510301177173,PodiumIR,105
1510301177420,Motion_1,True
1510301177420,Motion_2,False
1510301177420,Motion_1,True
1510301177420,Motion_2,False
1510301177429,Temperature_1,27.07
1510301177429,Temperature_1,27.07
1510301177435,Humidity_1,24.014780149830223
1510301177435,Humidity_1,24.014780149830223
1510301177438,Brightness_1,70.0
1510301177438,Brightness_1,70.0
1510301178855,Motion_2,True
1510301178855,Motion_1,True
1510301178855,Motion_2,True
1510301178855,Motion_1,True
1510301179072,Sound_R,59.48069883921436
1510301183880,Temperature_1,27.07
1510301183880,Temperature_1,27.07
1510301183887,Humidity_1,24.014780149830223
1510301183887,Humidity_1,24.014780149830223
1510301183890,Brightness_1,70.0
1510301183890,Brightness_1,70.0
1510301187176,Sound_P,65.8563679754536
1510301187176,Sound_P,65.8563679754536
1510301187179,PodiumIR,69
1510301187179,PodiumIR,69
1510301189072,Sound_R,61.61939527817422
1510301190331,Temperature_1,27.07
1510301190331,Temperature_1,27.07
1510301190337,Humidity_1,24.014780149830223
1510301190337,Humidity_1,24.014780149830223
1510301190340,Brightness_1,70.0
1510301190340,Brightness_1,70.0
1510301191817,Motion_2,True
1510301191817,Motion_1,False
1510301191817,Motion_2,True
1510301191817,Motion_1,False
1510301196710,Temperature_1,27.07
1510301196710,Temperature_1,27.07
1510301196717,Humidity_1,24.014780149830223
1510301196717,Humidity_1,24.014780149830223
1510301196720,Brightness_1,70.0
1510301196720,Brightness_1,70.0
1510301197187,Sound_P,65.24535518573873
1510301197187,Sound_P,65.24535518573873
1510301197190,PodiumIR,81
1510301197190,PodiumIR,81
1510301199072,Sound_R,59.30216186922912
1510301203240,Temperature_1,27.07
1510301203240,Temperature_1,27.07
1510301203250,Humidity_1,24.13810003043105
1510301203250,Humidity_1,24.13810003043105
1510301203255,Brightness_1,75.0
1510301203255,Brightness_1,75.0
1510301207195,Sound_P,66.44593723960276
1510301207195,Sound_P,66.44593723960276
1510301207198,PodiumIR,98
1510301207198,PodiumIR,98
1510301207781,Motion_2,False
1510301207781,Motion_2,False
1510301209072,Sound_R,58.75327512742214
1510301209788,Temperature_1,27.07
1510301209788,Temperature_1,27.07
1510301209794,Humidity_1,24.13810003043105
1510301209794,Humidity_1,24.13810003043105
1510301209796,Brightness_1,75.0
1510301209796,Brightness_1,75.0
1510301212223,Motion_1,True
1510301212223,Motion_1,True
1510301216243,Temperature_1,27.07
1510301216243,Temperature_1,27.07
1510301216250,Humidity_1,24.13810003043105
1510301216250,Humidity_1,24.13810003043105
1510301216252,Brightness_1,75.0
1510301216252,Brightness_1,75.0
1510301217202,Sound_P,68.0998289029382
1510301217202,Sound_P,68.0998289029382
1510301217205,PodiumIR,71
1510301217205,PodiumIR,71
1510301219073,Sound_R,61.25537391701621
1510301222640,Temperature_1,27.07
1510301222640,Temperature_1,27.07
1510301222646,Humidity_1,24.13810003043105
1510301222646,Humidity_1,24.13810003043105
1510301222649,Brightness_1,75.0
1510301222649,Brightness_1,75.0
1510301227213,Sound_P,68.0998289029382
1510301227213,Sound_P,68.0998289029382
1510301227220,PodiumIR,81
1510301227220,PodiumIR,81
1510301229021,Temperature_1,27.07
1510301229021,Temperature_1,27.07
1510301229027,Humidity_1,24.13810003043105
1510301229027,Humidity_1,24.13810003043105
1510301229030,Brightness_1,75.0
1510301229030,Brightness_1,75.0
1510301229072,Sound_R,60.09721619392374
1510301235393,Temperature_1,27.07
1510301235393,Temperature_1,27.07
1510301235396,Humidity_1,24.13810003043105
1510301235396,Humidity_1,24.13810003043105
1510301235400,Brightness_1,75.0
1510301235400,Brightness_1,75.0
1510301237222,Sound_P,65.24535518573873
1510301237222,Sound_P,65.24535518573873
1510301237225,PodiumIR,102
1510301237225,PodiumIR,102
1510301239072,Sound_R,58.408186875100206
1510301241839,Temperature_1,27.07
1510301241839,Temperature_1,27.07
1510301241842,Humidity_1,24.13810003043105
1510301241842,Humidity_1,24.13810003043105
1510301241846,Brightness_1,75.0
1510301241846,Brightness_1,75.0
1510301247227,Sound_P,69.60540278108363
1510301247227,Sound_P,69.60540278108363
1510301247239,PodiumIR,72
1510301247239,PodiumIR,72
1510301248197,Motion_2,False
1510301248197,Motion_1,False
1510301248197,Motion_2,False
1510301248197,Motion_1,False
1510301248220,Temperature_1,27.07
1510301248220,Temperature_1,27.07
1510301248223,Humidity_1,24.13810003043105
1510301248223,Humidity_1,24.13810003043105
1510301248226,Brightness_1,75.0
1510301248226,Brightness_1,75.0
1510301249072,Sound_R,58.784291584789315
1510301250909,Motion_8,True
1510301250909,Motion_8,True
1510301253255,Seat_8,False
1510301253255,Motion_7,True
1510301253255,Seat_8,False
1510301253255,Motion_7,True
1510301254647,Temperature_1,27.07
1510301254647,Temperature_1,27.07
1510301254651,Humidity_1,24.13810003043105
1510301254651,Humidity_1,24.13810003043105
1510301254655,Brightness_1,75.0
1510301254655,Brightness_1,75.0
1510301257245,Sound_P,65.24535518573873
1510301257245,Sound_P,65.24535518573873
1510301257248,PodiumIR,81
1510301257248,PodiumIR,81
