timestamp,sensor_name,value
1511690873903,Sound_P,63.26648240367583
1511690873906,PodiumIR,124
1511690874146,Temperature_1,24.49
1511690874149,Humidity_1,18.83534516459557
1511690874153,Brightness_1,76.0
1511690874156,Temperature_2,24.25
1511690874159,Humidity_2,18.958665045196394
1511690874162,Brightness_2,84.0
1511690879073,Sound_R,55.58379113887239
1511690880550,Temperature_1,24.49
1511690880553,Humidity_1,18.83534516459557
1511690880556,Brightness_1,76.0
1511690880559,Temperature_2,24.25
1511690880561,Humidity_2,18.958665045196394
1511690880565,Brightness_2,84.0
1511690883909,Sound_P,58.433135904413454
1511690883912,PodiumIR,99
1511690887198,Temperature_1,24.49
1511690887200,Humidity_1,18.83534516459557
1511690887201,Brightness_1,76.0
1511690887203,Temperature_2,24.25
1511690887208,Humidity_2,18.958665045196394
1511690887210,Brightness_2,84.0
1511690889073,Sound_R,56.2536693733559
1511690893646,Temperature_1,24.49
1511690893652,Humidity_1,18.83534516459557
1511690893655,Brightness_1,76.0
1511690893658,Temperature_2,24.25
1511690893661,Humidity_2,18.958665045196394
1511690893664,Brightness_2,82.0
1511690893915,Sound_P,61.023021476191225
1511690893918,PodiumIR,85
1511690899073,Sound_R,57.84046179657509
1511690900190,Temperature_1,24.49
1511690900195,Humidity_1,18.83534516459557
1511690900198,Brightness_1,76.0
1511690900201,Temperature_2,24.25
1511690900209,Humidity_2,18.958665045196394
1511690900212,Brightness_2,82.0
1511690903921,Sound_P,59.341519288975356
1511690903924,PodiumIR,81
1511690906602,Temperature_1,24.49
1511690906608,Humidity_1,18.83534516459557
1511690906611,Brightness_1,76.0
1511690906613,Temperature_2,24.25
1511690906621,Humidity_2,18.958665045196394
1511690906624,Brightness_2,82.0
1511690909073,Sound_R,58.23681940987647
1511690913319,Temperature_1,24.49
1511690913325,Humidity_1,18.83534516459557
1511690913328,Brightness_1,76.0
1511690913336,Temperature_2,24.25
1511690913339,Humidity_2,18.958665045196394
1511690913342,Brightness_2,82.0
1511690913927,Sound_P,60.20329792798059
1511690913930,PodiumIR,78
1511690919073,Sound_R,56.73635167912056
1511690919754,Temperature_1,24.49
1511690919760,Humidity_1,18.83534516459557
1511690919763,Brightness_1,76.0
1511690919771,Temperature_2,24.25
1511690919774,Humidity_2,18.958665045196394
1511690919777,Brightness_2,82.0
1511690923932,Sound_P,62.551438321825636
1511690923936,PodiumIR,97
1511690926200,Temperature_1,24.49
1511690926206,Humidity_1,18.83534516459557
1511690926209,Brightness_1,76.0
1511690926212,Temperature_2,24.25
1511690926215,Humidity_2,18.958665045196394
1511690926223,Brightness_2,82.0
1511690929073,Sound_R,55.52245614184329
1511690932622,Temperature_1,24.49
1511690932626,Humidity_1,18.83534516459557
1511690932628,Brightness_1,72.0
1511690932634,Temperature_2,24.25
1511690932638,Humidity_2,18.958665045196394
1511690932646,Brightness_2,82.0
1511690933939,Sound_P,59.341519288975356
1511690933942,PodiumIR,90
1511690939033,Temperature_1,24.49
1511690939039,Humidity_1,18.83534516459557
1511690939041,Brightness_1,72.0
1511690939044,Temperature_2,24.25
1511690939047,Humidity_2,18.958665045196394
1511690939050,Brightness_2,82.0
1511690939073,Sound_R,54.45952487558759
1511690943945,Sound_P,60.20329792798059
1511690943948,PodiumIR,97
1511690945670,Temperature_1,24.49
1511690945676,Humidity_1,18.83534516459557
1511690945679,Brightness_1,72.0
1511690945682,Temperature_2,24.25
1511690945685,Humidity_2,18.958665045196394
1511690945693,Brightness_2,82.0
1511690949073,Sound_R,54.13968894779841
1511690952369,Temperature_1,24.49
1511690952375,Humidity_1,18.83534516459557
1511690952380,Brightness_1,72.0
1511690952385,Temperature_2,24.25
1511690952388,Humidity_2,18.958665045196394
1511690952391,Brightness_2,77.0
1511690953951,Sound_P,59.341519288975356
1511690953954,PodiumIR,86
1511690959073,Sound_R,54.314900184378
1511690959080,Temperature_1,24.49
1511690959086,Humidity_1,18.83534516459557
1511690959089,Brightness_1,72.0
1511690959093,Temperature_2,24.25
1511690959099,Humidity_2,18.958665045196394
1511690959102,Brightness_2,77.0
1511690959585,Door,activate
1511690963957,Sound_P,56.45426312235056
1511690963960,PodiumIR,81
1511690965482,Temperature_1,24.49
1511690965488,Humidity_1,18.83534516459557
1511690965491,Brightness_1,72.0
1511690965494,Temperature_2,24.25
1511690965502,Humidity_2,18.958665045196394
1511690965504,Brightness_2,77.0
1511690969073,Sound_R,55.26197818192494
1511690972203,Temperature_1,24.49
1511690972209,Humidity_1,18.83534516459557
1511690972212,Brightness_1,72.0
1511690972215,Temperature_2,24.25
1511690972222,Humidity_2,18.958665045196394
1511690972224,Brightness_2,77.0
1511690973963,Sound_P,59.341519288975356
1511690973966,PodiumIR,83
1511690978630,Temperature_1,24.49
1511690978636,Humidity_1,18.83534516459557
1511690978639,Brightness_1,72.0
1511690978642,Temperature_2,24.25
1511690978649,Humidity_2,18.958665045196394
1511690978651,Brightness_2,77.0
1511690979073,Sound_R,56.33721151163405
1511690982738,Door,activate
1511690983969,Sound_P,60.20329792798059
1511690983984,PodiumIR,93
1511690985053,Temperature_1,24.49
1511690985060,Humidity_1,18.83534516459557
1511690985062,Brightness_1,72.0
1511690985065,Temperature_2,24.25
1511690985067,Humidity_2,18.958665045196394
1511690985074,Brightness_2,77.0
1511690989073,Sound_R,57.63008614467807
1511690991742,Temperature_1,24.49
1511690991748,Humidity_1,18.83534516459557
1511690991751,Brightness_1,72.0
1511690991753,Temperature_2,24.25
1511690991759,Humidity_2,18.958665045196394
1511690991763,Brightness_2,77.0
1511690993989,Sound_P,58.433135904413454
1511690993992,PodiumIR,101
1511690998369,Temperature_1,24.49
1511690998375,Humidity_1,18.83534516459557
1511690998380,Brightness_1,70.0
1511690998389,Temperature_2,24.25
1511690998392,Humidity_2,18.958665045196394
1511690998395,Brightness_2,77.0
1511690999073,Sound_R,61.104964762675166
1511691003994,Sound_P,59.341519288975356
1511691004007,PodiumIR,87
1511691004844,Temperature_1,24.49
1511691004850,Humidity_1,18.83534516459557
1511691004854,Brightness_1,70.0
1511691004856,Temperature_2,24.25
1511691004863,Humidity_2,18.958665045196394
1511691004866,Brightness_2,77.0
1511691009073,Sound_R,59.11378559484646
1511691011309,Temperature_1,24.49
1511691011314,Humidity_1,18.83534516459557
1511691011318,Brightness_1,70.0
1511691011320,Temperature_2,24.25
1511691011323,Humidity_2,18.958665045196394
1511691011331,Brightness_2,77.0
1511691014012,Sound_P,59.341519288975356
1511691014015,PodiumIR,92
1511691017753,Temperature_1,24.49
1511691017759,Humidity_1,18.83534516459557
1511691017763,Brightness_1,70.0
1511691017765,Temperature_2,24.25
1511691017773,Humidity_2,18.958665045196394
1511691017776,Brightness_2,81.0
1511691019073,Sound_R,54.75705462878134
1511691024017,Sound_P,61.023021476191225
1511691024021,PodiumIR,87
1511691024368,Temperature_1,24.49
1511691024374,Humidity_1,18.83534516459557
1511691024378,Brightness_1,70.0
1511691024390,Temperature_2,24.25
1511691024392,Humidity_2,18.958665045196394
1511691024394,Brightness_2,81.0
1511691029073,Sound_R,56.03695352608463
1511691032113,Temperature_1,24.49
1511691032116,Humidity_1,18.83534516459557
1511691032120,Brightness_1,70.0
1511691032122,Temperature_2,24.25
1511691032124,Humidity_2,18.958665045196394
1511691032128,Brightness_2,81.0
1511691034023,Sound_P,62.551438321825636
1511691034027,PodiumIR,84
1511691038531,Temperature_1,24.49
1511691038534,Humidity_1,18.83534516459557
1511691038537,Brightness_1,70.0
1511691038539,Temperature_2,24.25
1511691038542,Humidity_2,18.958665045196394
1511691038544,Brightness_2,81.0
1511691039073,Sound_R,58.696860517926574
1511691044029,Sound_P,61.023021476191225
1511691044041,PodiumIR,104
1511691044990,Temperature_1,24.49
1511691044993,Humidity_1,18.83534516459557
1511691044997,Brightness_1,70.0
1511691044999,Temperature_2,24.25
1511691045003,Humidity_2,18.958665045196394
1511691045007,Brightness_2,81.0
1511691049073,Sound_R,58.864119240333714
1511691051544,Temperature_1,24.49
1511691051547,Humidity_1,18.83534516459557
1511691051550,Brightness_1,70.0
1511691051553,Temperature_2,24.25
1511691051556,Humidity_2,18.958665045196394
1511691051558,Brightness_2,81.0
1511691054045,Sound_P,68.61682354019833
1511691054049,PodiumIR,77
1511691058000,Temperature_1,24.49
1511691058003,Humidity_1,18.83534516459557
1511691058007,Brightness_1,70.0
1511691058009,Temperature_2,24.25
1511691058011,Humidity_2,18.958665045196394
1511691058013,Brightness_2,81.0
1511691059073,Sound_R,60.221852433404706
1511691064051,Sound_P,63.26648240367583
1511691064054,PodiumIR,76
1511691064415,Temperature_1,24.49
1511691064418,Humidity_1,18.83534516459557
1511691064421,Brightness_1,70.0
1511691064423,Temperature_2,24.25
1511691064426,Humidity_2,18.958665045196394
1511691064428,Brightness_2,81.0
1511691069073,Sound_R,61.26885209560793
1511691071098,Temperature_1,24.49
1511691071101,Humidity_1,18.83534516459557
1511691071105,Brightness_1,70.0
1511691071107,Temperature_2,24.25
1511691071109,Humidity_2,18.958665045196394
1511691071112,Brightness_2,81.0
1511691074057,Sound_P,59.341519288975356
1511691074060,PodiumIR,113
1511691077765,Temperature_1,24.49
1511691077769,Humidity_1,18.83534516459557
1511691077772,Brightness_1,70.0
1511691077775,Temperature_2,24.25
1511691077777,Humidity_2,18.958665045196394
1511691077779,Brightness_2,81.0
1511691079073,Sound_R,61.020208164393125
1511691084063,Sound_P,65.8563679754536
1511691084066,PodiumIR,93
1511691084164,Temperature_1,24.49
1511691084167,Humidity_1,18.83534516459557
1511691084171,Brightness_1,70.0
1511691084173,Temperature_2,24.25
1511691084176,Humidity_2,18.958665045196394
1511691084181,Brightness_2,77.0
1511691089073,Sound_R,61.87313577941788
1511691090584,Temperature_1,24.49
1511691090587,Humidity_1,18.83534516459557
1511691090590,Brightness_1,70.0
1511691090593,Temperature_2,24.25
1511691090595,Humidity_2,18.958665045196394
1511691090599,Brightness_2,77.0
1511691094069,Sound_P,61.023021476191225
1511691094072,PodiumIR,97
1511691097313,Temperature_1,24.49
1511691097316,Humidity_1,18.83534516459557
1511691097320,Brightness_1,70.0
1511691097323,Temperature_2,24.25
1511691097325,Humidity_2,18.958665045196394
1511691097327,Brightness_2,77.0
1511691099073,Sound_R,60.219304803068276
1511691103768,Temperature_1,24.49
1511691103771,Humidity_1,18.83534516459557
1511691103775,Brightness_1,70.0
1511691103777,Temperature_2,24.25
1511691103779,Humidity_2,18.958665045196394
1511691103784,Brightness_2,77.0
1511691104075,Sound_P,65.8563679754536
1511691104078,PodiumIR,90
1511691109073,Sound_R,59.90322323891504
1511691110220,Temperature_1,24.49
1511691110224,Humidity_1,18.83534516459557
1511691110227,Brightness_1,70.0
1511691110230,Temperature_2,24.25
1511691110232,Humidity_2,18.958665045196394
1511691110234,Brightness_2,77.0
1511691114081,Sound_P,61.023021476191225
1511691114084,PodiumIR,88
1511691116625,Temperature_1,24.49
1511691116628,Humidity_1,18.83534516459557
1511691116631,Brightness_1,70.0
1511691116634,Temperature_2,24.25
1511691116636,Humidity_2,18.958665045196394
1511691116639,Brightness_2,77.0
1511691119073,Sound_R,63.29171013076655
1511691123331,Temperature_1,24.49
1511691123334,Humidity_1,18.83534516459557
1511691123337,Brightness_1,70.0
1511691123339,Temperature_2,24.25
1511691123342,Humidity_2,18.958665045196394
1511691123345,Brightness_2,77.0
1511691124087,Sound_P,61.023021476191225
1511691124090,PodiumIR,101
1511691129073,Sound_R,62.64725759779356
1511691129783,Temperature_1,24.49
1511691129786,Humidity_1,18.83534516459557
1511691129789,Brightness_1,70.0
1511691129791,Temperature_2,24.25
1511691129794,Humidity_2,18.958665045196394
1511691129796,Brightness_2,77.0
1511691134092,Sound_P,60.20329792798059
1511691134096,PodiumIR,114
1511691136233,Temperature_1,24.49
1511691136236,Humidity_1,18.83534516459557
1511691136240,Brightness_1,70.0
1511691136242,Temperature_2,24.25
1511691136244,Humidity_2,18.958665045196394
1511691136247,Brightness_2,77.0
1511691139073,Sound_R,57.75357315698118
1511691142655,Temperature_1,24.49
1511691142658,Humidity_1,18.83534516459557
1511691142662,Brightness_1,70.0
1511691142664,Temperature_2,24.13
1511691142666,Humidity_2,18.958665045196394
1511691142668,Brightness_2,79.0
1511691144098,Sound_P,61.023021476191225
1511691144102,PodiumIR,89
1511691149068,Temperature_1,24.49
1511691149071,Humidity_1,18.83534516459557
1511691149073,Sound_R,56.13248108946737
1511691149075,Brightness_1,70.0
1511691149077,Temperature_2,24.13
1511691149080,Humidity_2,18.958665045196394
1511691149082,Brightness_2,79.0
1511691154104,Sound_P,59.341519288975356
1511691154171,PodiumIR,95
1511691155478,Temperature_1,24.49
1511691155481,Humidity_1,18.83534516459557
1511691155484,Brightness_1,70.0
1511691155487,Temperature_2,24.13
1511691155489,Humidity_2,18.958665045196394
1511691155491,Brightness_2,79.0
1511691159073,Sound_R,56.24575013606472
1511691161933,Temperature_1,24.49
1511691161937,Humidity_1,18.83534516459557
1511691161940,Brightness_1,70.0
1511691161942,Temperature_2,24.13
1511691161944,Humidity_2,18.958665045196394
1511691161948,Brightness_2,79.0
1511691164174,Sound_P,59.341519288975356
1511691164178,PodiumIR,96
1511691168375,Temperature_1,24.49
1511691168381,Humidity_1,18.83534516459557
1511691168386,Brightness_1,70.0
1511691168388,Temperature_2,24.13
1511691168391,Humidity_2,18.958665045196394
1511691168393,Brightness_2,79.0
1511691169073,Sound_R,55.805274096456316
1511691174180,Sound_P,62.551438321825636
1511691174191,PodiumIR,87
1511691174843,Temperature_1,24.49
1511691174847,Humidity_1,18.83534516459557
1511691174851,Brightness_1,70.0
1511691174854,Temperature_2,24.13
1511691174857,Humidity_2,18.958665045196394
1511691174860,Brightness_2,79.0
1511691179073,Sound_R,57.55262081888949
1511691181261,Temperature_1,24.49
1511691181264,Humidity_1,18.83534516459557
1511691181269,Brightness_1,70.0
1511691181271,Temperature_2,24.13
1511691181277,Humidity_2,18.958665045196394
1511691181280,Brightness_2,79.0
1511691184202,Sound_P,57.472817393488484
1511691184205,PodiumIR,97
1511691188143,Temperature_1,24.49
1511691188147,Humidity_1,18.83534516459557
1511691188151,Brightness_1,72.0
1511691188154,Temperature_2,24.13
1511691188157,Humidity_2,18.958665045196394
1511691188160,Brightness_2,79.0
1511691189073,Sound_R,58.08079479904027
1511691194208,Sound_P,61.80460425887306
1511691194211,PodiumIR,99
1511691194590,Temperature_1,24.49
1511691194593,Humidity_1,18.83534516459557
1511691194595,Brightness_1,72.0
1511691194598,Temperature_2,24.13
1511691194602,Humidity_2,18.958665045196394
1511691194605,Brightness_2,79.0
1511691199073,Sound_R,59.266131725920644
1511691201150,Temperature_1,24.49
1511691201152,Humidity_1,18.83534516459557
1511691201154,Brightness_1,72.0
1511691201158,Temperature_2,24.13
1511691201160,Humidity_2,18.958665045196394
1511691201162,Brightness_2,79.0
1511691204214,Sound_P,59.341519288975356
1511691204217,PodiumIR,85
1511691207614,Temperature_1,24.49
1511691207617,Humidity_1,18.83534516459557
1511691207621,Brightness_1,72.0
1511691207623,Temperature_2,24.13
1511691207627,Humidity_2,18.958665045196394
1511691207631,Brightness_2,77.0
1511691209073,Sound_R,57.471382213593266
1511691214024,Temperature_1,24.49
1511691214027,Humidity_1,18.83534516459557
1511691214031,Brightness_1,72.0
1511691214033,Temperature_2,24.13
1511691214036,Humidity_2,18.958665045196394
1511691214038,Brightness_2,77.0
1511691214220,Sound_P,60.20329792798059
1511691214223,PodiumIR,82
1511691219073,Sound_R,53.53702318758204
1511691220434,Temperature_1,24.49
1511691220438,Humidity_1,18.83534516459557
1511691220441,Brightness_1,72.0
1511691220444,Temperature_2,24.13
1511691220446,Humidity_2,18.958665045196394
1511691220451,Brightness_2,77.0
1511691224226,Sound_P,58.433135904413454
1511691224229,PodiumIR,76
1511691226864,Temperature_1,24.49
1511691226867,Humidity_1,18.83534516459557
1511691226870,Brightness_1,72.0
1511691226873,Temperature_2,24.13
1511691226875,Humidity_2,18.958665045196394
1511691226877,Brightness_2,77.0
1511691229073,Sound_R,52.14298946424835
1511691233303,Temperature_1,24.49
1511691233306,Humidity_1,18.83534516459557
1511691233310,Brightness_1,72.0
1511691233312,Temperature_2,24.13
1511691233314,Humidity_2,18.958665045196394
1511691233318,Brightness_2,77.0
1511691234232,Sound_P,61.023021476191225
1511691234235,PodiumIR,69
1511691239073,Sound_R,50.21207948250639
1511691239758,Temperature_1,24.49
1511691239761,Humidity_1,18.83534516459557
1511691239765,Brightness_1,72.0
1511691239767,Temperature_2,24.13
1511691239771,Humidity_2,18.958665045196394
1511691239775,Brightness_2,77.0
1511691244238,Sound_P,60.20329792798059
1511691244241,PodiumIR,74
1511691246168,Temperature_1,24.49
1511691246171,Humidity_1,18.83534516459557
1511691246174,Brightness_1,72.0
1511691246177,Temperature_2,24.13
1511691246180,Humidity_2,18.958665045196394
1511691246182,Brightness_2,77.0
1511691249073,Sound_R,52.45398367232457
1511691252608,Temperature_1,24.49
1511691252611,Humidity_1,18.712025283994745
1511691252614,Brightness_1,70.0
1511691252617,Temperature_2,24.13
1511691252619,Humidity_2,18.958665045196394
1511691252621,Brightness_2,77.0
1511691254244,Sound_P,60.20329792798059
1511691254247,PodiumIR,111
1511691259073,Sound_R,56.89417304799906
1511691259319,Temperature_1,24.49
1511691259321,Humidity_1,18.712025283994745
1511691259325,Brightness_1,70.0
1511691259327,Temperature_2,24.13
1511691259330,Humidity_2,18.958665045196394
1511691259332,Brightness_2,77.0
1511691264250,Sound_P,59.341519288975356
1511691264253,PodiumIR,88
1511691265968,Temperature_1,24.49
1511691265972,Humidity_1,18.712025283994745
1511691265975,Brightness_1,70.0
1511691265977,Temperature_2,24.13
1511691265980,Humidity_2,18.958665045196394
1511691265984,Brightness_2,77.0
1511691269073,Sound_R,60.266085473035844
1511691272386,Temperature_1,24.49
1511691272389,Humidity_1,18.712025283994745
1511691272392,Brightness_1,70.0
1511691272394,Temperature_2,24.13
1511691272397,Humidity_2,18.83534516459557
1511691272402,Brightness_2,77.0
1511691274256,Sound_P,60.20329792798059
1511691274259,PodiumIR,107
1511691279073,Sound_R,60.98319668610551
1511691279084,Temperature_1,24.49
1511691279087,Humidity_1,18.712025283994745
1511691279091,Brightness_1,70.0
1511691279093,Temperature_2,24.13
1511691279095,Humidity_2,18.83534516459557
1511691279098,Brightness_2,77.0
1511691284262,Sound_P,61.023021476191225
1511691284268,PodiumIR,107
1511691285477,Temperature_1,24.49
1511691285480,Humidity_1,18.712025283994745
1511691285483,Brightness_1,70.0
1511691285485,Temperature_2,24.13
1511691285489,Humidity_2,18.83534516459557
1511691285491,Brightness_2,77.0
1511691289073,Sound_R,60.06309673889165
1511691292194,Temperature_1,24.49
1511691292196,Humidity_1,18.712025283994745
1511691292200,Brightness_1,70.0
1511691292202,Temperature_2,24.13
1511691292204,Humidity_2,18.83534516459557
1511691292210,Brightness_2,77.0
1511691294277,Sound_P,61.023021476191225
1511691294280,PodiumIR,89
1511691298601,Temperature_1,24.49
1511691298604,Humidity_1,18.712025283994745
1511691298607,Brightness_1,70.0
1511691298610,Temperature_2,24.13
1511691298614,Humidity_2,18.83534516459557
1511691298618,Brightness_2,77.0
1511691299073,Sound_R,60.01809793424871
1511691304283,Sound_P,60.20329792798059
1511691304292,PodiumIR,64
1511691305308,Temperature_1,24.49
1511691305311,Humidity_1,18.712025283994745
1511691305315,Brightness_1,70.0
1511691305318,Temperature_2,24.13
1511691305323,Humidity_2,18.83534516459557
1511691305326,Brightness_2,77.0
1511691309073,Sound_R,56.87180621698227
1511691312052,Temperature_1,24.49
1511691312055,Humidity_1,18.712025283994745
1511691312059,Brightness_1,70.0
1511691312062,Temperature_2,24.13
1511691312064,Humidity_2,18.83534516459557
1511691312066,Brightness_2,77.0
1511691314304,Sound_P,59.341519288975356
1511691314308,PodiumIR,90
1511691318457,Temperature_1,24.49
1511691318460,Humidity_1,18.83534516459557
1511691318464,Brightness_1,76.0
1511691318466,Temperature_2,24.13
1511691318468,Humidity_2,18.83534516459557
1511691318471,Brightness_2,77.0
1511691319073,Sound_R,54.506745220528614
1511691324311,Sound_P,61.023021476191225
1511691324314,PodiumIR,66
1511691325280,Temperature_1,24.49
1511691325283,Humidity_1,18.83534516459557
1511691325286,Brightness_1,76.0
1511691325289,Temperature_2,24.13
1511691325291,Humidity_2,18.83534516459557
1511691325297,Brightness_2,77.0
1511691329073,Sound_R,57.872208358700284
1511691331686,Temperature_1,24.49
1511691331689,Humidity_1,18.83534516459557
1511691331692,Brightness_1,76.0
1511691331695,Temperature_2,24.13
1511691331697,Humidity_2,18.83534516459557
1511691331700,Brightness_2,77.0
1511691334316,Sound_P,60.20329792798059
1511691334320,PodiumIR,90
1511691338366,Temperature_1,24.49
1511691338370,Humidity_1,18.83534516459557
1511691338373,Brightness_1,76.0
1511691338375,Temperature_2,24.13
1511691338384,Humidity_2,18.83534516459557
1511691338387,Brightness_2,82.0
1511691339073,Sound_R,61.36244297424603
1511691344322,Sound_P,61.80460425887306
1511691344331,PodiumIR,92
1511691344823,Temperature_1,24.49
1511691344826,Humidity_1,18.83534516459557
1511691344830,Brightness_1,76.0
1511691344832,Temperature_2,24.13
1511691344834,Humidity_2,18.83534516459557
1511691344838,Brightness_2,82.0
1511691349073,Sound_R,59.85936470012732
1511691351288,Temperature_1,24.49
1511691351290,Humidity_1,18.83534516459557
1511691351294,Brightness_1,76.0
1511691351296,Temperature_2,24.13
1511691351299,Humidity_2,18.83534516459557
1511691351301,Brightness_2,82.0
1511691354342,Sound_P,58.433135904413454
1511691354345,PodiumIR,102
1511691357843,Temperature_1,24.49
1511691357846,Humidity_1,18.83534516459557
1511691357849,Brightness_1,76.0
1511691357852,Temperature_2,24.13
1511691357854,Humidity_2,18.83534516459557
1511691357859,Brightness_2,82.0
1511691359073,Sound_R,60.81640181340085
1511691364348,Sound_P,62.551438321825636
1511691364351,PodiumIR,91
1511691364369,Temperature_1,24.49
1511691364372,Humidity_1,18.83534516459557
1511691364379,Brightness_1,76.0
1511691364385,Temperature_2,24.13
1511691364387,Humidity_2,18.83534516459557
1511691364389,Brightness_2,82.0
1511691369073,Sound_R,62.180046428962534
1511691370829,Temperature_1,24.49
1511691370833,Humidity_1,18.83534516459557
1511691370836,Brightness_1,76.0
1511691370839,Temperature_2,24.13
1511691370841,Humidity_2,18.83534516459557
1511691370846,Brightness_2,82.0
1511691374354,Sound_P,58.433135904413454
1511691374365,PodiumIR,90
1511691377484,Temperature_1,24.49
1511691377487,Humidity_1,18.712025283994745
1511691377491,Brightness_1,70.0
1511691377493,Temperature_2,24.13
1511691377497,Humidity_2,18.83534516459557
1511691377501,Brightness_2,82.0
1511691379073,Sound_R,62.15192546758349
1511691383941,Temperature_1,24.49
1511691383944,Humidity_1,18.712025283994745
1511691383947,Brightness_1,70.0
1511691383949,Temperature_2,24.13
1511691383952,Humidity_2,18.83534516459557
1511691383954,Brightness_2,82.0
1511691384370,Sound_P,58.433135904413454
1511691384373,PodiumIR,94
1511691389073,Sound_R,62.511543788004985
1511691390392,Temperature_1,24.49
1511691390395,Humidity_1,18.712025283994745
1511691390399,Brightness_1,70.0
1511691390401,Temperature_2,24.13
1511691390403,Humidity_2,18.83534516459557
1511691390408,Brightness_2,82.0
1511691394376,Sound_P,60.20329792798059
1511691394379,PodiumIR,93
1511691396887,Temperature_1,24.49
1511691396890,Humidity_1,18.712025283994745
1511691396894,Brightness_1,70.0
1511691396896,Temperature_2,24.13
1511691396898,Humidity_2,18.83534516459557
1511691396901,Brightness_2,77.0
1511691399073,Sound_R,61.105211787521995
1511691403600,Temperature_1,24.49
1511691403603,Humidity_1,18.712025283994745
1511691403607,Brightness_1,70.0
1511691403609,Temperature_2,24.13
1511691403611,Humidity_2,18.83534516459557
1511691403617,Brightness_2,77.0
1511691404382,Sound_P,60.20329792798059
1511691404385,PodiumIR,90
1511691409073,Sound_R,62.57638521218026
1511691410205,Temperature_1,24.49
1511691410208,Humidity_1,18.712025283994745
1511691410212,Brightness_1,70.0
1511691410216,Temperature_2,24.13
1511691410221,Humidity_2,18.83534516459557
1511691410224,Brightness_2,77.0
1511691414388,Sound_P,61.80460425887306
1511691414391,PodiumIR,86
1511691416605,Temperature_1,24.49
1511691416608,Humidity_1,18.712025283994745
1511691416612,Brightness_1,70.0
1511691416615,Temperature_2,24.13
1511691416618,Humidity_2,18.83534516459557
1511691416620,Brightness_2,77.0
1511691419073,Sound_R,60.55924989497719
1511691423105,Temperature_1,24.49
1511691423108,Humidity_1,18.712025283994745
1511691423112,Brightness_1,70.0
1511691423114,Temperature_2,24.13
1511691423117,Humidity_2,18.83534516459557
1511691423119,Brightness_2,77.0
1511691424394,Sound_P,57.472817393488484
1511691424404,PodiumIR,91
1511691429073,Sound_R,56.40414584868256
1511691429507,Temperature_1,24.49
1511691429510,Humidity_1,18.712025283994745
1511691429513,Brightness_1,70.0
1511691429516,Temperature_2,24.13
1511691429519,Humidity_2,18.83534516459557
1511691429522,Brightness_2,77.0
1511691434408,Sound_P,61.80460425887306
1511691434412,PodiumIR,101
1511691436161,Temperature_1,24.49
1511691436164,Humidity_1,18.712025283994745
1511691436167,Brightness_1,70.0
1511691436170,Temperature_2,24.13
1511691436172,Humidity_2,18.83534516459557
1511691436174,Brightness_2,77.0
1511691439073,Sound_R,54.61374384782093
1511691442805,Temperature_1,24.49
1511691442808,Humidity_1,18.712025283994745
1511691442812,Brightness_1,76.0
1511691442814,Temperature_2,24.13
1511691442817,Humidity_2,18.83534516459557
1511691442819,Brightness_2,77.0
1511691444414,Sound_P,60.20329792798059
1511691444417,PodiumIR,88
1511691449073,Sound_R,54.334231432628336
1511691449473,Temperature_1,24.49
1511691449476,Humidity_1,18.712025283994745
1511691449479,Brightness_1,76.0
1511691449481,Temperature_2,24.13
1511691449484,Humidity_2,18.83534516459557
1511691449487,Brightness_2,77.0
1511691454420,Sound_P,58.433135904413454
1511691454423,PodiumIR,86
1511691456259,Temperature_1,24.49
1511691456262,Humidity_1,18.712025283994745
1511691456265,Brightness_1,76.0
1511691456267,Temperature_2,24.13
1511691456270,Humidity_2,18.83534516459557
1511691456274,Brightness_2,77.0
1511691459073,Sound_R,55.87207032865854
1511691462723,Temperature_1,24.49
1511691462727,Humidity_1,18.712025283994745
1511691462730,Brightness_1,76.0
1511691462732,Temperature_2,24.13
1511691462736,Humidity_2,18.83534516459557
1511691462739,Brightness_2,84.0
1511691464426,Sound_P,57.472817393488484
1511691464429,PodiumIR,90
1511691469073,Sound_R,56.762229749558095
1511691469455,Temperature_1,24.49
1511691469459,Humidity_1,18.712025283994745
1511691469462,Brightness_1,76.0
1511691469464,Temperature_2,24.13
1511691469467,Humidity_2,18.83534516459557
1511691469469,Brightness_2,84.0
1511691474432,Sound_P,61.023021476191225
1511691474435,PodiumIR,74
1511691475874,Temperature_1,24.49
1511691475877,Humidity_1,18.712025283994745
1511691475881,Brightness_1,76.0
1511691475883,Temperature_2,24.13
1511691475885,Humidity_2,18.83534516459557
1511691475889,Brightness_2,84.0
1511691479073,Sound_R,57.385927815354314
1511691482369,Temperature_1,24.49
1511691482372,Humidity_1,18.712025283994745
1511691482375,Brightness_1,76.0
1511691482383,Temperature_2,24.13
1511691482387,Humidity_2,18.83534516459557
1511691482391,Brightness_2,84.0
1511691484438,Sound_P,57.472817393488484
1511691484441,PodiumIR,86
1511691488823,Temperature_1,24.49
1511691488826,Humidity_1,18.712025283994745
1511691488829,Brightness_1,76.0
1511691488832,Temperature_2,24.13
1511691488834,Humidity_2,18.83534516459557
1511691488839,Brightness_2,84.0
1511691489073,Sound_R,57.4188239610635
1511691494444,Sound_P,63.26648240367583
1511691494447,PodiumIR,96
1511691495365,Temperature_1,24.49
1511691495368,Humidity_1,18.712025283994745
1511691495371,Brightness_1,76.0
1511691495374,Temperature_2,24.13
1511691495376,Humidity_2,18.83534516459557
1511691495381,Brightness_2,84.0
1511691499073,Sound_R,59.44028811509383
1511691502123,Temperature_1,24.49
1511691502126,Humidity_1,18.712025283994745
1511691502130,Brightness_1,76.0
1511691502132,Temperature_2,24.13
1511691502134,Humidity_2,18.83534516459557
1511691502137,Brightness_2,84.0
1511691504450,Sound_P,58.433135904413454
1511691504453,PodiumIR,92
1511691508533,Temperature_1,24.49
1511691508536,Humidity_1,18.712025283994745
1511691508540,Brightness_1,75.0
1511691508542,Temperature_2,24.13
1511691508544,Humidity_2,18.83534516459557
1511691508548,Brightness_2,84.0
1511691509073,Sound_R,58.0506005567941
1511691514456,Sound_P,60.20329792798059
1511691514459,PodiumIR,81
1511691515222,Temperature_1,24.49
1511691515224,Humidity_1,18.712025283994745
1511691515228,Brightness_1,75.0
1511691515230,Temperature_2,24.13
1511691515234,Humidity_2,18.83534516459557
1511691515238,Brightness_2,84.0
1511691519073,Sound_R,58.651145995441766
1511691521666,Temperature_1,24.49
1511691521669,Humidity_1,18.712025283994745
1511691521672,Brightness_1,75.0
1511691521674,Temperature_2,24.13
1511691521677,Humidity_2,18.83534516459557
1511691521680,Brightness_2,84.0
1511691524462,Sound_P,61.023021476191225
1511691524465,PodiumIR,89
1511691528073,Temperature_1,24.49
1511691528075,Humidity_1,18.712025283994745
1511691528079,Brightness_1,75.0
1511691528081,Temperature_2,24.13
1511691528083,Humidity_2,18.83534516459557
1511691528089,Brightness_2,81.0
1511691529073,Sound_R,62.28081334220818
1511691534468,Sound_P,67.01551720930587
1511691534478,PodiumIR,94
1511691534482,Temperature_1,24.49
1511691534487,Humidity_1,18.712025283994745
1511691534492,Brightness_1,75.0
1511691534494,Temperature_2,24.13
1511691534496,Humidity_2,18.83534516459557
1511691534507,Brightness_2,81.0
1511691539073,Sound_R,60.62016612901133
1511691540918,Temperature_1,24.49
1511691540921,Humidity_1,18.712025283994745
1511691540924,Brightness_1,75.0
1511691540927,Temperature_2,24.13
1511691540930,Humidity_2,18.83534516459557
1511691540934,Brightness_2,81.0
1511691544502,Sound_P,61.023021476191225
1511691544505,PodiumIR,100
1511691547368,Temperature_1,24.49
1511691547371,Humidity_1,18.712025283994745
1511691547375,Brightness_1,75.0
1511691547378,Temperature_2,24.13
1511691547381,Humidity_2,18.83534516459557
1511691547385,Brightness_2,81.0
1511691549073,Sound_R,58.72475790123105
1511691553854,Temperature_1,24.49
1511691553857,Humidity_1,18.712025283994745
1511691553860,Brightness_1,75.0
1511691553862,Temperature_2,24.13
1511691553864,Humidity_2,18.83534516459557
1511691553867,Brightness_2,81.0
1511691554515,Sound_P,61.023021476191225
1511691554519,PodiumIR,91
1511691559073,Sound_R,56.011247122807134
1511691560284,Temperature_1,24.49
1511691560287,Humidity_1,18.712025283994745
1511691560290,Brightness_1,75.0
1511691560293,Temperature_2,24.13
1511691560295,Humidity_2,18.83534516459557
1511691560297,Brightness_2,81.0
1511691564522,Sound_P,58.433135904413454
1511691564525,PodiumIR,95
1511691566693,Temperature_1,24.49
1511691566696,Humidity_1,18.712025283994745
1511691566699,Brightness_1,76.0
1511691566702,Temperature_2,24.13
1511691566705,Humidity_2,18.83534516459557
1511691566709,Brightness_2,81.0
1511691569073,Sound_R,55.224202716963056
1511691573378,Temperature_1,24.49
1511691573381,Humidity_1,18.712025283994745
1511691573385,Brightness_1,76.0
1511691573387,Temperature_2,24.13
1511691573389,Humidity_2,18.83534516459557
1511691573394,Brightness_2,81.0
1511691574535,Sound_P,61.023021476191225
1511691574539,PodiumIR,89
1511691579073,Sound_R,53.70354588252912
1511691579782,Temperature_1,24.49
1511691579785,Humidity_1,18.712025283994745
1511691579788,Brightness_1,76.0
1511691579791,Temperature_2,24.13
1511691579793,Humidity_2,18.83534516459557
1511691579804,Brightness_2,81.0
1511691584541,Sound_P,59.341519288975356
1511691584545,PodiumIR,80
1511691586383,Temperature_1,24.49
1511691586387,Humidity_1,18.712025283994745
1511691586390,Brightness_1,76.0
1511691586393,Temperature_2,24.13
1511691586395,Humidity_2,18.83534516459557
1511691586400,Brightness_2,81.0
1511691589073,Sound_R,52.28575828654268
1511691592835,Temperature_1,24.49
1511691592838,Humidity_1,18.712025283994745
1511691592841,Brightness_1,76.0
1511691592844,Temperature_2,24.02
1511691592846,Humidity_2,18.83534516459557
1511691592850,Brightness_2,81.0
1511691594547,Sound_P,61.80460425887306
1511691594550,PodiumIR,88
1511691599073,Sound_R,57.37332861472574
1511691599491,Temperature_1,24.49
1511691599494,Humidity_1,18.712025283994745
1511691599498,Brightness_1,76.0
1511691599500,Temperature_2,24.02
1511691599502,Humidity_2,18.83534516459557
1511691599504,Brightness_2,81.0
1511691604553,Sound_P,61.80460425887306
1511691604571,PodiumIR,93
1511691605943,Temperature_1,24.49
1511691605946,Humidity_1,18.712025283994745
1511691605949,Brightness_1,76.0
1511691605951,Temperature_2,24.02
1511691605955,Humidity_2,18.83534516459557
1511691605959,Brightness_2,81.0
1511691609073,Sound_R,61.405961133783386
1511691612401,Temperature_1,24.49
1511691612404,Humidity_1,18.712025283994745
1511691612407,Brightness_1,76.0
1511691612410,Temperature_2,24.02
1511691612412,Humidity_2,18.83534516459557
1511691612414,Brightness_2,81.0
1511691614576,Sound_P,61.023021476191225
1511691614585,PodiumIR,64
1511691618845,Temperature_1,24.49
1511691618848,Humidity_1,18.712025283994745
1511691618851,Brightness_1,76.0
1511691618854,Temperature_2,24.02
1511691618856,Humidity_2,18.83534516459557
1511691618858,Brightness_2,81.0
1511691619073,Sound_R,57.86593264709207
1511691624590,Sound_P,59.341519288975356
1511691624593,PodiumIR,73
1511691625308,Temperature_1,24.49
1511691625311,Humidity_1,18.712025283994745
1511691625314,Brightness_1,76.0
1511691625317,Temperature_2,24.02
1511691625320,Humidity_2,18.83534516459557
1511691625322,Brightness_2,81.0
1511691629073,Sound_R,57.409083375509375
1511691631713,Temperature_1,24.25
1511691631716,Humidity_1,18.712025283994745
1511691631720,Brightness_1,73.0
1511691631722,Temperature_2,24.02
1511691631724,Humidity_2,18.83534516459557
1511691631729,Brightness_2,81.0
1511691634605,Sound_P,63.26648240367583
1511691634608,PodiumIR,80
1511691638375,Temperature_1,24.25
1511691638383,Humidity_1,18.712025283994745
1511691638387,Brightness_1,73.0
1511691638389,Temperature_2,24.02
1511691638393,Humidity_2,18.83534516459557
1511691638397,Brightness_2,81.0
1511691639073,Sound_R,60.2539222465652
1511691644610,Sound_P,61.023021476191225
1511691644614,PodiumIR,98
1511691645060,Temperature_1,24.25
1511691645063,Humidity_1,18.712025283994745
1511691645066,Brightness_1,73.0
1511691645069,Temperature_2,24.02
1511691645072,Humidity_2,18.83534516459557
1511691645074,Brightness_2,81.0
1511691649073,Sound_R,58.37177262430843
1511691651526,Temperature_1,24.25
1511691651529,Humidity_1,18.712025283994745
1511691651532,Brightness_1,73.0
1511691651535,Temperature_2,24.02
1511691651537,Humidity_2,18.83534516459557
1511691651540,Brightness_2,79.0
1511691654617,Sound_P,61.023021476191225
1511691654620,PodiumIR,90
1511691657968,Temperature_1,24.25
1511691657971,Humidity_1,18.712025283994745
1511691657974,Brightness_1,73.0
1511691657977,Temperature_2,24.02
1511691657981,Humidity_2,18.83534516459557
1511691657985,Brightness_2,79.0
1511691659073,Sound_R,59.22830637967317
1511691662914,Door,activate
1511691664398,Temperature_1,24.25
1511691664401,Humidity_1,18.712025283994745
1511691664404,Brightness_1,73.0
1511691664407,Temperature_2,24.02
1511691664409,Humidity_2,18.83534516459557
1511691664411,Brightness_2,79.0
1511691664622,Sound_P,60.20329792798059
1511691664626,PodiumIR,90
1511691669073,Sound_R,59.575702444012215
1511691671096,Temperature_1,24.25
1511691671099,Humidity_1,18.712025283994745
1511691671102,Brightness_1,73.0
1511691671105,Temperature_2,24.02
1511691671107,Humidity_2,18.83534516459557
1511691671112,Brightness_2,79.0
1511691674629,Sound_P,60.20329792798059
1511691674632,PodiumIR,88
1511691677527,Temperature_1,24.25
1511691677531,Humidity_1,18.712025283994745
1511691677534,Brightness_1,73.0
1511691677537,Temperature_2,24.02
1511691677539,Humidity_2,18.83534516459557
1511691677543,Brightness_2,79.0
1511691679073,Sound_R,57.288664938078824
1511691683972,Temperature_1,24.25
1511691683975,Humidity_1,18.712025283994745
1511691683979,Brightness_1,73.0
1511691683981,Temperature_2,24.02
1511691683983,Humidity_2,18.83534516459557
1511691683989,Brightness_2,79.0
1511691684634,Sound_P,61.023021476191225
1511691684638,PodiumIR,85
1511691689073,Sound_R,55.51723593279655
1511691690389,Temperature_1,24.25
1511691690392,Humidity_1,18.712025283994745
1511691690395,Brightness_1,73.0
1511691690398,Temperature_2,24.02
1511691690400,Humidity_2,18.83534516459557
1511691690402,Brightness_2,79.0
1511691694640,Sound_P,61.023021476191225
1511691694644,PodiumIR,127
1511691697080,Temperature_1,24.49
1511691697082,Humidity_1,18.712025283994745
1511691697086,Brightness_1,72.0
1511691697088,Temperature_2,24.02
1511691697090,Humidity_2,18.83534516459557
1511691697092,Brightness_2,79.0
1511691699073,Sound_R,54.2798549923265
1511691703962,Temperature_1,24.49
1511691703965,Humidity_1,18.712025283994745
1511691703969,Brightness_1,72.0
1511691703971,Temperature_2,24.02
1511691703973,Humidity_2,18.83534516459557
1511691703983,Brightness_2,79.0
1511691704646,Sound_P,59.341519288975356
1511691704649,PodiumIR,93
1511691709073,Sound_R,54.90160792825753
1511691710397,Temperature_1,24.49
1511691710400,Humidity_1,18.712025283994745
1511691710404,Brightness_1,72.0
1511691710406,Temperature_2,24.02
1511691710408,Humidity_2,18.83534516459557
1511691710413,Brightness_2,79.0
1511691714652,Sound_P,59.341519288975356
1511691714655,PodiumIR,90
1511691716810,Temperature_1,24.49
1511691716813,Humidity_1,18.712025283994745
1511691716817,Brightness_1,72.0
1511691716819,Temperature_2,24.02
1511691716821,Humidity_2,18.712025283994745
1511691716823,Brightness_2,79.0
1511691719073,Sound_R,53.86506444518765
1511691723614,Temperature_1,24.49
1511691723617,Humidity_1,18.712025283994745
1511691723620,Brightness_1,72.0
1511691723622,Temperature_2,24.02
1511691723625,Humidity_2,18.712025283994745
1511691723627,Brightness_2,79.0
1511691724658,Sound_P,61.023021476191225
1511691724661,PodiumIR,94
1511691729073,Sound_R,52.116717682270014
1511691730053,Temperature_1,24.49
1511691730056,Humidity_1,18.712025283994745
1511691730059,Brightness_1,72.0
1511691730061,Temperature_2,24.02
1511691730064,Humidity_2,18.712025283994745
1511691730066,Brightness_2,79.0
1511691734670,Sound_P,59.341519288975356
1511691734673,PodiumIR,87
1511691736466,Temperature_1,24.49
1511691736469,Humidity_1,18.712025283994745
1511691736472,Brightness_1,72.0
1511691736475,Temperature_2,24.02
1511691736478,Humidity_2,18.712025283994745
1511691736480,Brightness_2,79.0
1511691739073,Sound_R,53.37651050295108
1511691743178,Temperature_1,24.49
1511691743181,Humidity_1,18.712025283994745
1511691743184,Brightness_1,72.0
1511691743187,Temperature_2,24.02
1511691743189,Humidity_2,18.712025283994745
1511691743191,Brightness_2,79.0
1511691744676,Sound_P,60.20329792798059
1511691744679,PodiumIR,81
1511691749073,Sound_R,53.195355283781076
1511691749612,Temperature_1,24.49
1511691749615,Humidity_1,18.712025283994745
1511691749618,Brightness_1,72.0
1511691749620,Temperature_2,24.02
1511691749623,Humidity_2,18.712025283994745
1511691749628,Brightness_2,79.0
1511691754682,Sound_P,61.80460425887306
1511691754691,PodiumIR,95
1511691756064,Temperature_1,24.49
1511691756067,Humidity_1,18.712025283994745
1511691756071,Brightness_1,72.0
1511691756073,Temperature_2,24.02
1511691756075,Humidity_2,18.712025283994745
1511691756080,Brightness_2,79.0
1511691759073,Sound_R,52.57059969348864
1511691762476,Temperature_1,24.49
1511691762483,Humidity_1,18.712025283994745
1511691762486,Brightness_1,70.0
1511691762488,Temperature_2,24.02
1511691762490,Humidity_2,18.712025283994745
1511691762492,Brightness_2,79.0
1511691764703,Sound_P,59.341519288975356
1511691764707,PodiumIR,90
1511691768889,Temperature_1,24.49
1511691768895,Humidity_1,18.712025283994745
1511691768898,Brightness_1,70.0
1511691768900,Temperature_2,24.02
1511691768902,Humidity_2,18.712025283994745
1511691768908,Brightness_2,79.0
1511691769073,Sound_R,54.346388787066644
1511691773108,Door,activate
1511691774715,Sound_P,61.023021476191225
1511691774718,PodiumIR,72
1511691775313,Temperature_1,24.49
1511691775319,Humidity_1,18.712025283994745
1511691775322,Brightness_1,70.0
1511691775324,Temperature_2,24.02
1511691775327,Humidity_2,18.712025283994745
1511691775329,Brightness_2,79.0
1511691779073,Sound_R,53.67435527602455
1511691781766,Temperature_1,24.49
1511691781769,Humidity_1,18.712025283994745
1511691781773,Brightness_1,70.0
1511691781776,Temperature_2,24.02
1511691781779,Humidity_2,18.712025283994745
1511691781781,Brightness_2,80.0
1511691784721,Sound_P,59.341519288975356
1511691784724,PodiumIR,87
1511691788383,Temperature_1,24.49
1511691788389,Humidity_1,18.712025283994745
1511691788392,Brightness_1,70.0
1511691788395,Temperature_2,24.02
1511691788403,Humidity_2,18.712025283994745
1511691788406,Brightness_2,80.0
1511691789073,Sound_R,51.865236381217976
1511691794726,Sound_P,59.341519288975356
1511691794730,PodiumIR,91
1511691794804,Temperature_1,24.49
1511691794810,Humidity_1,18.712025283994745
1511691794813,Brightness_1,70.0
1511691794815,Temperature_2,24.02
1511691794822,Humidity_2,18.712025283994745
1511691794824,Brightness_2,80.0
1511691799073,Sound_R,52.80853235600261
1511691801546,Temperature_1,24.49
1511691801552,Humidity_1,18.712025283994745
1511691801555,Brightness_1,70.0
1511691801559,Temperature_2,24.02
1511691801568,Humidity_2,18.712025283994745
1511691801571,Brightness_2,80.0
1511691804739,Sound_P,60.20329792798059
1511691804743,PodiumIR,73
1511691808103,Temperature_1,24.49
1511691808109,Humidity_1,18.712025283994745
1511691808112,Brightness_1,70.0
1511691808114,Temperature_2,24.02
1511691808121,Humidity_2,18.712025283994745
1511691808124,Brightness_2,80.0
1511691809073,Sound_R,53.61752132108247
1511691814511,Temperature_1,24.49
1511691814517,Humidity_1,18.712025283994745
1511691814520,Brightness_1,70.0
1511691814522,Temperature_2,24.02
1511691814530,Humidity_2,18.712025283994745
1511691814533,Brightness_2,80.0
1511691814749,Sound_P,58.433135904413454
1511691814753,PodiumIR,79
1511691819073,Sound_R,52.14741237017904
1511691821319,Temperature_1,24.49
1511691821325,Humidity_1,18.712025283994745
1511691821328,Brightness_1,70.0
1511691821331,Temperature_2,24.02
1511691821333,Humidity_2,18.712025283994745
1511691821336,Brightness_2,80.0
1511691824755,Sound_P,61.023021476191225
1511691824758,PodiumIR,118
1511691828060,Temperature_1,24.49
1511691828066,Humidity_1,18.712025283994745
1511691828069,Brightness_1,70.0
1511691828071,Temperature_2,24.02
1511691828078,Humidity_2,18.712025283994745
1511691828081,Brightness_2,80.0
1511691829073,Sound_R,53.006678214752135
1511691831412,Door,activate
1511691833325,Door,activate
1511691834482,Temperature_1,24.49
1511691834488,Humidity_1,18.712025283994745
1511691834491,Brightness_1,70.0
1511691834493,Temperature_2,24.02
1511691834496,Humidity_2,18.712025283994745
1511691834500,Brightness_2,80.0
1511691834761,Sound_P,59.341519288975356
1511691834764,PodiumIR,89
1511691839073,Sound_R,57.095110822914954
1511691841185,Temperature_1,24.49
1511691841192,Humidity_1,18.712025283994745
1511691841195,Brightness_1,70.0
1511691841198,Temperature_2,24.02
1511691841200,Humidity_2,18.712025283994745
1511691841203,Brightness_2,80.0
1511691844767,Sound_P,59.341519288975356
1511691844770,PodiumIR,94
1511691847726,Temperature_1,24.49
1511691847732,Humidity_1,18.712025283994745
1511691847734,Brightness_1,70.0
1511691847737,Temperature_2,24.02
1511691847740,Humidity_2,18.83534516459557
1511691847748,Brightness_2,80.0
1511691849073,Sound_R,61.2194357623946
1511691854387,Temperature_1,24.49
1511691854393,Humidity_1,18.712025283994745
1511691854396,Brightness_1,70.0
1511691854399,Temperature_2,24.02
1511691854401,Humidity_2,18.83534516459557
1511691854408,Brightness_2,80.0
1511691854773,Sound_P,61.80460425887306
1511691854776,PodiumIR,69
1511691859073,Sound_R,61.323174375184884
1511691861137,Temperature_1,24.49
1511691861142,Humidity_1,18.712025283994745
1511691861145,Brightness_1,70.0
1511691861148,Temperature_2,24.02
1511691861150,Humidity_2,18.83534516459557
1511691861157,Brightness_2,80.0
1511691864779,Sound_P,68.61682354019833
1511691864782,PodiumIR,122
1511691867696,Temperature_1,24.49
1511691867702,Humidity_1,18.712025283994745
1511691867705,Brightness_1,70.0
1511691867708,Temperature_2,24.02
1511691867715,Humidity_2,18.83534516459557
1511691867718,Brightness_2,80.0
1511691869073,Sound_R,60.180999398256915
1511691874369,Temperature_1,24.49
1511691874375,Humidity_1,18.712025283994745
1511691874388,Brightness_1,70.0
1511691874391,Temperature_2,24.02
1511691874394,Humidity_2,18.83534516459557
1511691874396,Brightness_2,80.0
1511691874784,Sound_P,60.20329792798059
1511691874788,PodiumIR,81
1511691879073,Sound_R,57.36020398686412
1511691881148,Temperature_1,24.49
1511691881154,Humidity_1,18.712025283994745
1511691881157,Brightness_1,70.0
1511691881160,Temperature_2,24.02
1511691881168,Humidity_2,18.83534516459557
1511691881171,Brightness_2,80.0
1511691884790,Sound_P,59.341519288975356
1511691884793,PodiumIR,87
1511691888472,Temperature_1,24.49
1511691888478,Humidity_1,18.712025283994745
1511691888481,Brightness_1,72.0
1511691888483,Temperature_2,24.02
1511691888486,Humidity_2,18.83534516459557
1511691888489,Brightness_2,80.0
1511691889073,Sound_R,54.09808048281625
1511691894796,Sound_P,61.023021476191225
1511691894799,PodiumIR,124
1511691894900,Temperature_1,24.49
1511691894907,Humidity_1,18.712025283994745
1511691894910,Brightness_1,72.0
1511691894912,Temperature_2,24.02
1511691894915,Humidity_2,18.83534516459557
1511691894918,Brightness_2,80.0
1511691899073,Sound_R,55.63384116601545
1511691901372,Temperature_1,24.49
1511691901377,Humidity_1,18.712025283994745
1511691901380,Brightness_1,72.0
1511691901383,Temperature_2,24.02
1511691901391,Humidity_2,18.83534516459557
1511691901393,Brightness_2,80.0
1511691904802,Sound_P,58.433135904413454
1511691904805,PodiumIR,81
1511691907792,Temperature_1,24.49
1511691907799,Humidity_1,18.712025283994745
1511691907802,Brightness_1,72.0
1511691907804,Temperature_2,24.02
1511691907807,Humidity_2,18.83534516459557
1511691907810,Brightness_2,84.0
1511691909073,Sound_R,57.21354418851829
1511691914377,Temperature_1,24.49
1511691914387,Humidity_1,18.712025283994745
1511691914390,Brightness_1,72.0
1511691914392,Temperature_2,24.02
1511691914394,Humidity_2,18.83534516459557
1511691914397,Brightness_2,84.0
1511691914808,Sound_P,57.472817393488484
1511691914811,PodiumIR,90
1511691919073,Sound_R,55.06553765460913
1511691920833,Temperature_1,24.49
1511691920839,Humidity_1,18.712025283994745
1511691920841,Brightness_1,72.0
1511691920843,Temperature_2,24.02
1511691920846,Humidity_2,18.83534516459557
1511691920853,Brightness_2,84.0
1511691924814,Sound_P,61.80460425887306
1511691924817,PodiumIR,96
1511691927300,Temperature_1,24.49
1511691927314,Humidity_1,18.712025283994745
1511691927317,Brightness_1,72.0
1511691927319,Temperature_2,24.02
1511691927328,Humidity_2,18.83534516459557
1511691927330,Brightness_2,84.0
1511691929073,Sound_R,54.00305785985841
1511691933747,Temperature_1,24.49
1511691933754,Humidity_1,18.712025283994745
1511691933757,Brightness_1,72.0
1511691933759,Temperature_2,24.02
1511691933761,Humidity_2,18.83534516459557
1511691933763,Brightness_2,84.0
1511691934823,Sound_P,60.20329792798059
1511691934826,PodiumIR,98
1511691939073,Sound_R,57.19799587809461
1511691940149,Temperature_1,24.49
1511691940155,Humidity_1,18.712025283994745
1511691940158,Brightness_1,72.0
1511691940160,Temperature_2,24.02
1511691940162,Humidity_2,18.83534516459557
1511691940164,Brightness_2,84.0
1511691944832,Sound_P,64.61127993529891
1511691944835,PodiumIR,78
1511691946713,Temperature_1,24.49
1511691946719,Humidity_1,18.712025283994745
1511691946722,Brightness_1,72.0
1511691946724,Temperature_2,24.02
1511691946726,Humidity_2,18.83534516459557
1511691946728,Brightness_2,84.0
1511691949073,Sound_R,61.322203301920354
1511691953445,Temperature_1,24.49
1511691953451,Humidity_1,18.58870540339392
1511691953454,Brightness_1,72.0
1511691953456,Temperature_2,24.02
1511691953463,Humidity_2,18.83534516459557
1511691953466,Brightness_2,84.0
1511691954840,Sound_P,62.551438321825636
1511691954843,PodiumIR,69
1511691959073,Sound_R,63.3033345736674
1511691960155,Temperature_1,24.49
1511691960161,Humidity_1,18.58870540339392
1511691960164,Brightness_1,72.0
1511691960166,Temperature_2,24.02
1511691960172,Humidity_2,18.83534516459557
1511691960175,Brightness_2,84.0
1511691964848,Sound_P,64.61127993529891
1511691964852,PodiumIR,98
1511691966603,Temperature_1,24.49
1511691966609,Humidity_1,18.58870540339392
1511691966612,Brightness_1,72.0
1511691966614,Temperature_2,24.02
1511691966617,Humidity_2,18.83534516459557
1511691966623,Brightness_2,84.0
1511691969073,Sound_R,61.0780729076078
1511691973067,Temperature_1,24.49
1511691973073,Humidity_1,18.58870540339392
1511691973076,Brightness_1,72.0
1511691973078,Temperature_2,24.02
1511691973080,Humidity_2,18.83534516459557
1511691973082,Brightness_2,81.0
1511691974854,Sound_P,59.341519288975356
1511691974857,PodiumIR,86
1511691979073,Sound_R,56.9442836397757
1511691979714,Temperature_1,24.49
1511691979719,Humidity_1,18.58870540339392
1511691979722,Brightness_1,72.0
1511691979725,Temperature_2,24.02
1511691979731,Humidity_2,18.83534516459557
1511691979734,Brightness_2,81.0
1511691984860,Sound_P,57.472817393488484
1511691984868,PodiumIR,88
1511691986168,Temperature_1,24.49
1511691986173,Humidity_1,18.58870540339392
1511691986176,Brightness_1,72.0
1511691986178,Temperature_2,24.02
1511691986181,Humidity_2,18.83534516459557
1511691986183,Brightness_2,81.0
1511691989073,Sound_R,55.12674269813592
1511691992574,Temperature_1,24.49
1511691992580,Humidity_1,18.58870540339392
1511691992582,Brightness_1,72.0
1511691992584,Temperature_2,24.02
1511691992587,Humidity_2,18.83534516459557
1511691992595,Brightness_2,81.0
1511691994877,Sound_P,65.8563679754536
1511691994880,PodiumIR,78
1511691999073,Sound_R,55.60305354706892
1511691999267,Temperature_1,24.49
1511691999273,Humidity_1,18.58870540339392
1511691999276,Brightness_1,72.0
1511691999278,Temperature_2,24.02
1511691999280,Humidity_2,18.83534516459557
1511691999282,Brightness_2,81.0
1511692004884,Sound_P,64.61127993529891
1511692004887,PodiumIR,91
1511692006026,Temperature_1,24.49
1511692006031,Humidity_1,18.58870540339392
1511692006034,Brightness_1,72.0
1511692006036,Temperature_2,24.02
1511692006039,Humidity_2,18.83534516459557
1511692006042,Brightness_2,81.0
1511692009073,Sound_R,59.12562413805028
1511692012437,Temperature_1,24.49
1511692012443,Humidity_1,18.712025283994745
1511692012446,Brightness_1,74.0
1511692012449,Temperature_2,24.02
1511692012451,Humidity_2,18.83534516459557
1511692012458,Brightness_2,81.0
1511692014896,Sound_P,58.433135904413454
1511692014899,PodiumIR,88
1511692019073,Sound_R,58.50054452971881
1511692019257,Temperature_1,24.49
1511692019263,Humidity_1,18.712025283994745
1511692019265,Brightness_1,74.0
1511692019268,Temperature_2,24.02
1511692019270,Humidity_2,18.83534516459557
1511692019272,Brightness_2,81.0
1511692024905,Sound_P,59.341519288975356
1511692024909,PodiumIR,95
1511692025698,Temperature_1,24.49
1511692025704,Humidity_1,18.712025283994745
1511692025708,Brightness_1,74.0
1511692025714,Temperature_2,24.02
1511692025717,Humidity_2,18.83534516459557
1511692025720,Brightness_2,81.0
1511692029073,Sound_R,54.12510403224019
1511692032384,Temperature_1,24.49
1511692032390,Humidity_1,18.712025283994745
1511692032392,Brightness_1,74.0
1511692032395,Temperature_2,24.02
1511692032397,Humidity_2,18.83534516459557
1511692032399,Brightness_2,81.0
1511692034915,Sound_P,61.023021476191225
1511692034918,PodiumIR,108
1511692039073,Sound_R,55.73332853480459
1511692039102,Temperature_1,24.49
1511692039107,Humidity_1,18.712025283994745
1511692039110,Brightness_1,74.0
1511692039112,Temperature_2,24.02
1511692039119,Humidity_2,18.712025283994745
1511692039122,Brightness_2,79.0
1511692044924,Sound_P,62.551438321825636
1511692044927,PodiumIR,89
1511692045671,Temperature_1,24.49
1511692045677,Humidity_1,18.712025283994745
1511692045680,Brightness_1,74.0
1511692045682,Temperature_2,24.02
1511692045684,Humidity_2,18.712025283994745
1511692045687,Brightness_2,79.0
1511692046520,Door,activate
1511692049073,Sound_R,59.734034838374136
1511692052118,Temperature_1,24.49
1511692052124,Humidity_1,18.712025283994745
1511692052127,Brightness_1,74.0
1511692052129,Temperature_2,24.02
1511692052138,Humidity_2,18.712025283994745
1511692052140,Brightness_2,79.0
1511692054933,Sound_P,59.341519288975356
1511692054937,PodiumIR,77
1511692058540,Temperature_1,24.49
1511692058546,Humidity_1,18.712025283994745
1511692058549,Brightness_1,74.0
1511692058551,Temperature_2,24.02
1511692058558,Humidity_2,18.712025283994745
1511692058561,Brightness_2,79.0
1511692059073,Sound_R,59.26617191876857
1511692064944,Sound_P,60.20329792798059
1511692064947,PodiumIR,79
1511692064976,Temperature_1,24.49
1511692064982,Humidity_1,18.712025283994745
1511692064985,Brightness_1,74.0
1511692064987,Temperature_2,24.02
1511692064989,Humidity_2,18.712025283994745
1511692064991,Brightness_2,79.0
1511692069073,Sound_R,58.31329795756978
1511692071403,Temperature_1,24.49
1511692071409,Humidity_1,18.712025283994745
1511692071412,Brightness_1,74.0
1511692071414,Temperature_2,24.02
1511692071422,Humidity_2,18.712025283994745
1511692071424,Brightness_2,79.0
1511692074954,Sound_P,61.023021476191225
1511692074964,PodiumIR,99
1511692078124,Temperature_1,24.49
1511692078130,Humidity_1,18.712025283994745
1511692078133,Brightness_1,70.0
1511692078135,Temperature_2,24.02
1511692078137,Humidity_2,18.712025283994745
1511692078139,Brightness_2,79.0
1511692079073,Sound_R,59.24831331431276
1511692084554,Temperature_1,24.49
1511692084561,Humidity_1,18.712025283994745
1511692084564,Brightness_1,70.0
1511692084566,Temperature_2,24.02
1511692084574,Humidity_2,18.712025283994745
1511692084577,Brightness_2,79.0
1511692084970,Sound_P,60.20329792798059
1511692084973,PodiumIR,82
1511692089073,Sound_R,55.69467738927986
1511692091326,Temperature_1,24.49
1511692091332,Humidity_1,18.712025283994745
1511692091335,Brightness_1,70.0
1511692091337,Temperature_2,24.02
1511692091339,Humidity_2,18.712025283994745
1511692091347,Brightness_2,79.0
1511692094978,Sound_P,60.20329792798059
1511692094981,PodiumIR,88
1511692097808,Temperature_1,24.49
1511692097813,Humidity_1,18.712025283994745
1511692097816,Brightness_1,70.0
1511692097819,Temperature_2,24.02
1511692097821,Humidity_2,18.712025283994745
1511692097828,Brightness_2,79.0
1511692099073,Sound_R,54.599761242231914
1511692104381,Temperature_1,24.49
1511692104388,Humidity_1,18.712025283994745
1511692104391,Brightness_1,70.0
1511692104393,Temperature_2,24.02
1511692104400,Humidity_2,18.712025283994745
1511692104402,Brightness_2,79.0
1511692104989,Sound_P,61.023021476191225
1511692104992,PodiumIR,88
1511692109073,Sound_R,57.2608004933382
1511692111092,Temperature_1,24.49
1511692111099,Humidity_1,18.712025283994745
1511692111101,Brightness_1,70.0
1511692111103,Temperature_2,24.02
1511692111105,Humidity_2,18.712025283994745
1511692111113,Brightness_2,79.0
1511692114995,Sound_P,58.433135904413454
1511692114998,PodiumIR,76
1511692117541,Temperature_1,24.49
1511692117547,Humidity_1,18.712025283994745
1511692117550,Brightness_1,70.0
1511692117552,Temperature_2,24.02
1511692117560,Humidity_2,18.712025283994745
1511692117562,Brightness_2,79.0
1511692119073,Sound_R,57.79898597376633
1511692124004,Temperature_1,24.49
1511692124010,Humidity_1,18.712025283994745
1511692124013,Brightness_1,70.0
1511692124015,Temperature_2,24.02
1511692124017,Humidity_2,18.712025283994745
1511692124019,Brightness_2,79.0
1511692125001,Sound_P,61.023021476191225
1511692125004,PodiumIR,87
1511692129073,Sound_R,61.335753087905026
1511692130459,Temperature_1,24.49
1511692130465,Humidity_1,18.712025283994745
1511692130468,Brightness_1,70.0
1511692130470,Temperature_2,24.02
1511692130472,Humidity_2,18.712025283994745
1511692130480,Brightness_2,79.0
1511692135006,Sound_P,61.80460425887306
1511692135010,PodiumIR,76
1511692137100,Temperature_1,24.49
1511692137106,Humidity_1,18.712025283994745
1511692137109,Brightness_1,70.0
1511692137111,Temperature_2,24.02
1511692137119,Humidity_2,18.712025283994745
1511692137122,Brightness_2,79.0
1511692139073,Sound_R,61.04087990945982
1511692143562,Temperature_1,24.49
1511692143568,Humidity_1,18.58870540339392
1511692143571,Brightness_1,72.0
1511692143573,Temperature_2,24.02
1511692143575,Humidity_2,18.712025283994745
1511692143577,Brightness_2,79.0
1511692145012,Sound_P,61.80460425887306
1511692145015,PodiumIR,86
1511692149073,Sound_R,58.687218222152204
1511692150059,Temperature_1,24.49
1511692150064,Humidity_1,18.58870540339392
1511692150067,Brightness_1,72.0
1511692150069,Temperature_2,24.02
1511692150071,Humidity_2,18.712025283994745
1511692150073,Brightness_2,79.0
1511692155018,Sound_P,61.023021476191225
1511692155022,PodiumIR,89
1511692156477,Temperature_1,24.49
1511692156483,Humidity_1,18.58870540339392
1511692156486,Brightness_1,72.0
1511692156488,Temperature_2,24.02
1511692156495,Humidity_2,18.712025283994745
1511692156499,Brightness_2,79.0
1511692159073,Sound_R,58.700912299925385
1511692163275,Temperature_1,24.49
1511692163282,Humidity_1,18.58870540339392
1511692163284,Brightness_1,72.0
1511692163287,Temperature_2,24.02
1511692163289,Humidity_2,18.712025283994745
1511692163292,Brightness_2,77.0
1511692165024,Sound_P,61.023021476191225
1511692165027,PodiumIR,78
1511692169073,Sound_R,58.42831455530493
1511692169706,Temperature_1,24.49
1511692169712,Humidity_1,18.58870540339392
1511692169714,Brightness_1,72.0
1511692169717,Temperature_2,24.02
1511692169724,Humidity_2,18.712025283994745
1511692169726,Brightness_2,77.0
1511692175050,Sound_P,62.551438321825636
1511692175062,PodiumIR,97
1511692176219,Temperature_1,24.49
1511692176225,Humidity_1,18.58870540339392
1511692176228,Brightness_1,72.0
1511692176230,Temperature_2,24.02
1511692176232,Humidity_2,18.712025283994745
1511692176234,Brightness_2,77.0
1511692179073,Sound_R,60.85092052577199
1511692182626,Temperature_1,24.49
1511692182632,Humidity_1,18.58870540339392
1511692182634,Brightness_1,72.0
1511692182637,Temperature_2,24.02
1511692182639,Humidity_2,18.712025283994745
1511692182647,Brightness_2,77.0
1511692185067,Sound_P,61.80460425887306
1511692185070,PodiumIR,100
1511692189043,Temperature_1,24.49
1511692189049,Humidity_1,18.58870540339392
1511692189052,Brightness_1,72.0
1511692189054,Temperature_2,24.02
1511692189056,Humidity_2,18.712025283994745
1511692189059,Brightness_2,77.0
1511692189073,Sound_R,61.10278089925753
1511692195073,Sound_P,62.551438321825636
1511692195076,PodiumIR,97
1511692195816,Temperature_1,24.49
1511692195822,Humidity_1,18.58870540339392
1511692195824,Brightness_1,72.0
1511692195827,Temperature_2,24.02
1511692195829,Humidity_2,18.712025283994745
1511692195831,Brightness_2,77.0
1511692199073,Sound_R,59.23205673847738
1511692202297,Temperature_1,24.37
1511692202302,Humidity_1,18.712025283994745
1511692202305,Brightness_1,70.0
1511692202307,Temperature_2,24.02
1511692202309,Humidity_2,18.712025283994745
1511692202312,Brightness_2,77.0
1511692205088,Sound_P,65.24535518573873
1511692205091,PodiumIR,90
1511692208697,Temperature_1,24.37
1511692208703,Humidity_1,18.712025283994745
1511692208706,Brightness_1,70.0
1511692208708,Temperature_2,24.02
1511692208716,Humidity_2,18.712025283994745
1511692208727,Brightness_2,77.0
1511692209073,Sound_R,58.095102743684144
1511692215094,Sound_P,62.551438321825636
1511692215097,PodiumIR,80
1511692215129,Temperature_1,24.37
1511692215135,Humidity_1,18.712025283994745
1511692215138,Brightness_1,70.0
1511692215140,Temperature_2,24.02
1511692215149,Humidity_2,18.712025283994745
1511692215152,Brightness_2,77.0
1511692219073,Sound_R,60.41619905666107
1511692221598,Temperature_1,24.37
1511692221603,Humidity_1,18.712025283994745
1511692221606,Brightness_1,70.0
1511692221608,Temperature_2,24.02
1511692221616,Humidity_2,18.712025283994745
1511692221620,Brightness_2,77.0
1511692225100,Sound_P,62.551438321825636
1511692225103,PodiumIR,105
1511692228012,Temperature_1,24.37
1511692228018,Humidity_1,18.712025283994745
1511692228021,Brightness_1,70.0
1511692228023,Temperature_2,24.02
1511692228025,Humidity_2,18.712025283994745
1511692228028,Brightness_2,80.0
1511692229073,Sound_R,61.181673435773824
1511692234429,Temperature_1,24.37
1511692234435,Humidity_1,18.712025283994745
1511692234438,Brightness_1,70.0
1511692234440,Temperature_2,24.02
1511692234442,Humidity_2,18.712025283994745
1511692234454,Brightness_2,80.0
1511692235106,Sound_P,65.24535518573873
1511692235109,PodiumIR,100
1511692239073,Sound_R,57.813835412145885
1511692241140,Temperature_1,24.37
1511692241146,Humidity_1,18.712025283994745
1511692241149,Brightness_1,70.0
1511692241151,Temperature_2,24.02
1511692241158,Humidity_2,18.712025283994745
1511692241161,Brightness_2,80.0
1511692245112,Sound_P,61.023021476191225
1511692245115,PodiumIR,88
1511692247909,Temperature_1,24.37
1511692247915,Humidity_1,18.712025283994745
1511692247918,Brightness_1,70.0
1511692247920,Temperature_2,24.02
1511692247922,Humidity_2,18.712025283994745
1511692247924,Brightness_2,80.0
1511692249073,Sound_R,55.797703916261106
1511692254316,Temperature_1,24.37
1511692254322,Humidity_1,18.712025283994745
1511692254325,Brightness_1,70.0
1511692254327,Temperature_2,24.02
1511692254336,Humidity_2,18.712025283994745
1511692254338,Brightness_2,80.0
1511692255118,Sound_P,59.341519288975356
1511692255121,PodiumIR,82
1511692259073,Sound_R,55.61000761239759
1511692260786,Temperature_1,24.37
1511692260792,Humidity_1,18.712025283994745
1511692260794,Brightness_1,70.0
1511692260802,Temperature_2,24.02
1511692260804,Humidity_2,18.712025283994745
1511692260807,Brightness_2,80.0
1511692265123,Sound_P,59.341519288975356
1511692265133,PodiumIR,129
1511692267747,Temperature_1,24.37
1511692267753,Humidity_1,18.712025283994745
1511692267755,Brightness_1,76.0
1511692267758,Temperature_2,24.02
1511692267766,Humidity_2,18.712025283994745
1511692267769,Brightness_2,80.0
1511692269073,Sound_R,54.10200976326106
1511692274220,Temperature_1,24.37
1511692274226,Humidity_1,18.712025283994745
1511692274229,Brightness_1,76.0
1511692274231,Temperature_2,24.02
1511692274233,Humidity_2,18.712025283994745
1511692274242,Brightness_2,80.0
1511692275138,Sound_P,59.341519288975356
1511692275141,PodiumIR,98
1511692279073,Sound_R,54.03314798819747
1511692280640,Temperature_1,24.37
1511692280646,Humidity_1,18.712025283994745
1511692280649,Brightness_1,76.0
1511692280651,Temperature_2,24.02
1511692280653,Humidity_2,18.712025283994745
1511692280655,Brightness_2,80.0
1511692285143,Sound_P,59.341519288975356
1511692285147,PodiumIR,94
1511692287225,Temperature_1,24.37
1511692287231,Humidity_1,18.712025283994745
1511692287234,Brightness_1,76.0
1511692287237,Temperature_2,24.02
1511692287239,Humidity_2,18.712025283994745
1511692287241,Brightness_2,82.0
1511692289073,Sound_R,57.33760722541405
1511692293673,Temperature_1,24.37
1511692293679,Humidity_1,18.712025283994745
1511692293682,Brightness_1,76.0
1511692293684,Temperature_2,24.02
1511692293686,Humidity_2,18.712025283994745
1511692293695,Brightness_2,82.0
1511692295149,Sound_P,62.551438321825636
1511692295153,PodiumIR,94
1511692299073,Sound_R,61.02459681117325
1511692300328,Temperature_1,24.37
1511692300335,Humidity_1,18.712025283994745
1511692300338,Brightness_1,76.0
1511692300340,Temperature_2,24.02
1511692300348,Humidity_2,18.712025283994745
1511692300351,Brightness_2,82.0
1511692305155,Sound_P,61.023021476191225
1511692305159,PodiumIR,89
1511692306741,Temperature_1,24.37
1511692306747,Humidity_1,18.712025283994745
1511692306750,Brightness_1,76.0
1511692306752,Temperature_2,24.02
1511692306754,Humidity_2,18.712025283994745
1511692306762,Brightness_2,82.0
1511692309073,Sound_R,61.14058752338182
1511692313435,Temperature_1,24.37
1511692313441,Humidity_1,18.712025283994745
1511692313444,Brightness_1,76.0
1511692313447,Temperature_2,24.02
1511692313449,Humidity_2,18.712025283994745
1511692313451,Brightness_2,82.0
1511692315170,Sound_P,61.023021476191225
1511692315173,PodiumIR,82
1511692319073,Sound_R,61.00188816826722
1511692320092,Temperature_1,24.37
1511692320099,Humidity_1,18.712025283994745
1511692320101,Brightness_1,76.0
1511692320104,Temperature_2,24.02
1511692320106,Humidity_2,18.712025283994745
1511692320109,Brightness_2,82.0
1511692325175,Sound_P,59.341519288975356
1511692325187,PodiumIR,132
1511692326503,Temperature_1,24.37
1511692326509,Humidity_1,18.712025283994745
1511692326512,Brightness_1,76.0
1511692326514,Temperature_2,24.02
1511692326516,Humidity_2,18.712025283994745
1511692326518,Brightness_2,82.0
1511692329073,Sound_R,62.36975666331143
1511692333204,Temperature_1,24.37
1511692333210,Humidity_1,18.58870540339392
1511692333212,Brightness_1,70.0
1511692333214,Temperature_2,24.02
1511692333216,Humidity_2,18.712025283994745
1511692333219,Brightness_2,82.0
1511692335198,Sound_P,66.44593723960276
1511692335201,PodiumIR,88
1511692339073,Sound_R,63.737811270986604
1511692339659,Temperature_1,24.37
1511692339666,Humidity_1,18.58870540339392
1511692339669,Brightness_1,70.0
1511692339671,Temperature_2,24.02
1511692339673,Humidity_2,18.712025283994745
1511692339681,Brightness_2,82.0
1511692345204,Sound_P,63.95233273361063
1511692345212,PodiumIR,85
1511692346101,Temperature_1,24.37
1511692346108,Humidity_1,18.58870540339392
1511692346111,Brightness_1,70.0
1511692346113,Temperature_2,24.02
1511692346120,Humidity_2,18.712025283994745
1511692346122,Brightness_2,82.0
1511692349073,Sound_R,65.07432499214046
1511692352512,Temperature_1,24.37
1511692352515,Humidity_1,18.58870540339392
1511692352519,Brightness_1,70.0
1511692352521,Temperature_2,24.02
1511692352524,Humidity_2,18.712025283994745
1511692352526,Brightness_2,81.0
1511692355223,Sound_P,60.20329792798059
1511692355233,PodiumIR,89
1511692359073,Sound_R,62.447460106195365
1511692359225,Temperature_1,24.37
1511692359228,Humidity_1,18.58870540339392
1511692359231,Brightness_1,70.0
1511692359234,Temperature_2,24.02
1511692359236,Humidity_2,18.712025283994745
1511692359238,Brightness_2,81.0
1511692365235,Sound_P,59.341519288975356
1511692365238,PodiumIR,96
1511692365791,Temperature_1,24.37
1511692365794,Humidity_1,18.58870540339392
1511692365797,Brightness_1,70.0
1511692365799,Temperature_2,24.02
1511692365801,Humidity_2,18.712025283994745
1511692365804,Brightness_2,81.0
1511692369073,Sound_R,62.052478322141276
1511692372384,Temperature_1,24.37
1511692372388,Humidity_1,18.58870540339392
1511692372391,Brightness_1,70.0
1511692372393,Temperature_2,24.02
1511692372395,Humidity_2,18.712025283994745
1511692372399,Brightness_2,81.0
1511692375241,Sound_P,60.20329792798059
1511692375244,PodiumIR,75
1511692379073,Sound_R,61.52295244657473
1511692379091,Temperature_1,24.37
1511692379094,Humidity_1,18.58870540339392
1511692379098,Brightness_1,70.0
1511692379100,Temperature_2,24.02
1511692379102,Humidity_2,18.712025283994745
1511692379104,Brightness_2,81.0
1511692385255,Sound_P,63.26648240367583
1511692385258,PodiumIR,126
1511692385743,Temperature_1,24.37
1511692385746,Humidity_1,18.58870540339392
1511692385749,Brightness_1,70.0
1511692385752,Temperature_2,24.02
1511692385754,Humidity_2,18.712025283994745
1511692385759,Brightness_2,81.0
1511692389073,Sound_R,57.31296677456393
1511692392371,Temperature_1,24.37
1511692392374,Humidity_1,18.58870540339392
1511692392384,Brightness_1,70.0
1511692392388,Temperature_2,24.02
1511692392391,Humidity_2,18.712025283994745
1511692392393,Brightness_2,81.0
1511692395267,Sound_P,59.341519288975356
1511692395270,PodiumIR,93
1511692399043,Temperature_1,24.37
1511692399046,Humidity_1,18.712025283994745
1511692399050,Brightness_1,76.0
1511692399052,Temperature_2,24.02
1511692399054,Humidity_2,18.712025283994745
1511692399059,Brightness_2,81.0
1511692399073,Sound_R,54.085016560669146
1511692405273,Sound_P,58.433135904413454
1511692405276,PodiumIR,105
1511692405802,Temperature_1,24.37
1511692405806,Humidity_1,18.712025283994745
1511692405810,Brightness_1,76.0
1511692405812,Temperature_2,24.02
1511692405814,Humidity_2,18.712025283994745
1511692405818,Brightness_2,81.0
1511692409073,Sound_R,53.638101555127434
1511692412384,Temperature_1,24.37
1511692412387,Humidity_1,18.712025283994745
1511692412390,Brightness_1,76.0
1511692412392,Temperature_2,24.02
1511692412396,Humidity_2,18.712025283994745
1511692412400,Brightness_2,81.0
1511692415279,Sound_P,58.433135904413454
1511692415282,PodiumIR,102
1511692419073,Sound_R,53.80080836561198
1511692419114,Temperature_1,24.37
1511692419117,Humidity_1,18.712025283994745
1511692419120,Brightness_1,76.0
1511692419123,Temperature_2,24.02
1511692419125,Humidity_2,18.83534516459557
1511692419131,Brightness_2,77.0
1511692425284,Sound_P,58.433135904413454
1511692425288,PodiumIR,90
1511692425770,Temperature_1,24.37
1511692425773,Humidity_1,18.712025283994745
1511692425776,Brightness_1,76.0
1511692425779,Temperature_2,24.02
1511692425781,Humidity_2,18.83534516459557
1511692425783,Brightness_2,77.0
1511692429073,Sound_R,53.95732370606975
1511692432222,Temperature_1,24.37
1511692432225,Humidity_1,18.712025283994745
1511692432228,Brightness_1,76.0
1511692432231,Temperature_2,24.02
1511692432233,Humidity_2,18.83534516459557
1511692432235,Brightness_2,77.0
1511692435290,Sound_P,59.341519288975356
1511692435294,PodiumIR,57
1511692438640,Temperature_1,24.37
1511692438643,Humidity_1,18.712025283994745
1511692438647,Brightness_1,76.0
1511692438649,Temperature_2,24.02
1511692438651,Humidity_2,18.83534516459557
1511692438656,Brightness_2,77.0
1511692439073,Sound_R,55.25363920248416
1511692445296,Sound_P,57.472817393488484
1511692445299,PodiumIR,88
1511692445326,Temperature_1,24.37
1511692445329,Humidity_1,18.712025283994745
1511692445332,Brightness_1,76.0
1511692445334,Temperature_2,24.02
1511692445337,Humidity_2,18.83534516459557
1511692445341,Brightness_2,77.0
1511692449073,Sound_R,55.09773718955709
1511692452097,Temperature_1,24.37
1511692452100,Humidity_1,18.712025283994745
1511692452104,Brightness_1,76.0
1511692452106,Temperature_2,24.02
1511692452108,Humidity_2,18.83534516459557
1511692452111,Brightness_2,77.0
1511692455302,Sound_P,59.341519288975356
1511692455306,PodiumIR,103
1511692458501,Temperature_1,24.37
1511692458504,Humidity_1,18.58870540339392
1511692458508,Brightness_1,76.0
1511692458510,Temperature_2,24.02
1511692458512,Humidity_2,18.83534516459557
1511692458515,Brightness_2,77.0
1511692459073,Sound_R,54.4618215980011
1511692464920,Temperature_1,24.37
1511692464923,Humidity_1,18.58870540339392
1511692464926,Brightness_1,76.0
1511692464929,Temperature_2,24.02
1511692464931,Humidity_2,18.83534516459557
1511692464936,Brightness_2,77.0
1511692465308,Sound_P,61.023021476191225
1511692465311,PodiumIR,78
1511692469073,Sound_R,53.97150930860568
1511692471670,Temperature_1,24.37
1511692471673,Humidity_1,18.58870540339392
1511692471677,Brightness_1,76.0
1511692471681,Temperature_2,24.02
1511692471684,Humidity_2,18.83534516459557
1511692471686,Brightness_2,77.0
1511692475314,Sound_P,57.472817393488484
1511692475318,PodiumIR,96
1511692478307,Temperature_1,24.37
1511692478325,Humidity_1,18.58870540339392
1511692478329,Brightness_1,76.0
1511692478331,Temperature_2,24.02
1511692478334,Humidity_2,18.83534516459557
1511692478340,Brightness_2,79.0
1511692479073,Sound_R,53.5522170763734
1511692484743,Temperature_1,24.37
1511692484746,Humidity_1,18.58870540339392
1511692484749,Brightness_1,76.0
1511692484752,Temperature_2,24.02
1511692484755,Humidity_2,18.83534516459557
1511692484759,Brightness_2,79.0
1511692485335,Sound_P,59.341519288975356
1511692485338,PodiumIR,86
1511692489073,Sound_R,52.581747800270826
1511692491159,Temperature_1,24.37
1511692491162,Humidity_1,18.58870540339392
1511692491166,Brightness_1,76.0
1511692491168,Temperature_2,24.02
1511692491170,Humidity_2,18.83534516459557
1511692491174,Brightness_2,79.0
1511692495341,Sound_P,61.023021476191225
1511692495344,PodiumIR,93
1511692497861,Temperature_1,24.37
1511692497864,Humidity_1,18.58870540339392
1511692497867,Brightness_1,76.0
1511692497870,Temperature_2,24.02
1511692497872,Humidity_2,18.83534516459557
1511692497874,Brightness_2,79.0
1511692499073,Sound_R,53.76284545721285
1511692504312,Temperature_1,24.37
1511692504315,Humidity_1,18.58870540339392
1511692504319,Brightness_1,76.0
1511692504321,Temperature_2,24.02
1511692504323,Humidity_2,18.83534516459557
1511692504328,Brightness_2,79.0
1511692505346,Sound_P,60.20329792798059
1511692505349,PodiumIR,94
1511692509073,Sound_R,56.179469466829325
1511692510743,Temperature_1,24.37
1511692510746,Humidity_1,18.58870540339392
1511692510749,Brightness_1,76.0
1511692510752,Temperature_2,24.02
1511692510754,Humidity_2,18.83534516459557
1511692510756,Brightness_2,79.0
1511692515360,Sound_P,59.341519288975356
1511692515364,PodiumIR,80
1511692517264,Temperature_1,24.37
1511692517267,Humidity_1,18.58870540339392
1511692517270,Brightness_1,76.0
1511692517273,Temperature_2,24.02
1511692517275,Humidity_2,18.83534516459557
1511692517279,Brightness_2,79.0
1511692519073,Sound_R,58.2428281513999
1511692523981,Temperature_1,24.37
1511692523984,Humidity_1,18.712025283994745
1511692523988,Brightness_1,72.0
1511692523990,Temperature_2,24.02
1511692523992,Humidity_2,18.83534516459557
1511692523994,Brightness_2,79.0
1511692525366,Sound_P,61.80460425887306
1511692525370,PodiumIR,97
1511692529073,Sound_R,62.48483484919766
1511692530393,Temperature_1,24.37
1511692530396,Humidity_1,18.712025283994745
1511692530399,Brightness_1,72.0
1511692530402,Temperature_2,24.02
1511692530404,Humidity_2,18.83534516459557
1511692530406,Brightness_2,79.0
1511692535372,Sound_P,63.26648240367583
1511692535375,PodiumIR,91
1511692536839,Temperature_1,24.37
1511692536842,Humidity_1,18.712025283994745
1511692536846,Brightness_1,72.0
1511692536848,Temperature_2,24.02
1511692536851,Humidity_2,18.83534516459557
1511692536853,Brightness_2,79.0
1511692539073,Sound_R,63.164798404822726
1511692543537,Temperature_1,24.37
1511692543540,Humidity_1,18.712025283994745
1511692543544,Brightness_1,72.0
1511692543546,Temperature_2,24.02
1511692543549,Humidity_2,18.712025283994745
1511692543551,Brightness_2,79.0
1511692545378,Sound_P,63.95233273361063
1511692545381,PodiumIR,81
1511692549073,Sound_R,63.791492077457974
1511692550020,Temperature_1,24.37
1511692550023,Humidity_1,18.712025283994745
1511692550027,Brightness_1,72.0
1511692550029,Temperature_2,24.02
1511692550031,Humidity_2,18.712025283994745
1511692550033,Brightness_2,79.0
1511692555383,Sound_P,63.95233273361063
1511692555386,PodiumIR,109
1511692556422,Temperature_1,24.37
1511692556425,Humidity_1,18.712025283994745
1511692556429,Brightness_1,72.0
1511692556432,Temperature_2,24.02
1511692556434,Humidity_2,18.712025283994745
1511692556439,Brightness_2,79.0
1511692559073,Sound_R,63.23773832658452
1511692563100,Temperature_1,24.37
1511692563103,Humidity_1,18.712025283994745
1511692563107,Brightness_1,72.0
1511692563109,Temperature_2,24.02
1511692563111,Humidity_2,18.712025283994745
1511692563113,Brightness_2,79.0
1511692565389,Sound_P,60.20329792798059
1511692565392,PodiumIR,92
1511692569073,Sound_R,57.95157359931861
1511692569543,Temperature_1,24.37
1511692569546,Humidity_1,18.712025283994745
1511692569549,Brightness_1,72.0
1511692569552,Temperature_2,24.02
1511692569555,Humidity_2,18.712025283994745
1511692569559,Brightness_2,79.0
1511692575395,Sound_P,59.341519288975356
1511692575398,PodiumIR,81
1511692576205,Temperature_1,24.37
1511692576208,Humidity_1,18.712025283994745
1511692576211,Brightness_1,72.0
1511692576213,Temperature_2,24.02
1511692576215,Humidity_2,18.712025283994745
1511692576218,Brightness_2,79.0
1511692579073,Sound_R,54.639199842912866
1511692582641,Temperature_1,24.37
1511692582644,Humidity_1,18.712025283994745
1511692582648,Brightness_1,72.0
1511692582651,Temperature_2,24.02
1511692582653,Humidity_2,18.712025283994745
1511692582655,Brightness_2,79.0
1511692585401,Sound_P,59.341519288975356
1511692585404,PodiumIR,62
1511692589073,Sound_R,52.676394342939325
1511692589522,Temperature_1,24.37
1511692589525,Humidity_1,18.712025283994745
1511692589528,Brightness_1,73.0
1511692589531,Temperature_2,24.02
1511692589535,Humidity_2,18.712025283994745
1511692589539,Brightness_2,79.0
1511692595407,Sound_P,59.341519288975356
1511692595410,PodiumIR,118
1511692596283,Temperature_1,24.37
1511692596286,Humidity_1,18.712025283994745
1511692596290,Brightness_1,73.0
1511692596292,Temperature_2,24.02
1511692596294,Humidity_2,18.712025283994745
1511692596296,Brightness_2,79.0
1511692599073,Sound_R,52.71141358154615
1511692602703,Temperature_1,24.37
1511692602706,Humidity_1,18.712025283994745
1511692602710,Brightness_1,73.0
1511692602712,Temperature_2,24.02
1511692602714,Humidity_2,18.712025283994745
1511692602719,Brightness_2,79.0
1511692605413,Sound_P,61.023021476191225
1511692605416,PodiumIR,102
1511692609073,Sound_R,55.47045606246842
1511692609181,Temperature_1,24.37
1511692609184,Humidity_1,18.712025283994745
1511692609188,Brightness_1,73.0
1511692609190,Temperature_2,24.02
1511692609192,Humidity_2,18.712025283994745
1511692609194,Brightness_2,83.0
1511692615418,Sound_P,59.341519288975356
1511692615422,PodiumIR,94
1511692615936,Temperature_1,24.37
1511692615939,Humidity_1,18.712025283994745
1511692615946,Brightness_1,73.0
1511692615949,Temperature_2,24.02
1511692615954,Humidity_2,18.712025283994745
1511692615957,Brightness_2,83.0
1511692619073,Sound_R,54.04144762424763
1511692622371,Temperature_1,24.37
1511692622375,Humidity_1,18.712025283994745
1511692622384,Brightness_1,73.0
1511692622390,Temperature_2,24.02
1511692622393,Humidity_2,18.712025283994745
1511692622396,Brightness_2,83.0
1511692625424,Sound_P,57.472817393488484
1511692625428,PodiumIR,89
1511692628843,Temperature_1,24.37
1511692628846,Humidity_1,18.712025283994745
1511692628850,Brightness_1,73.0
1511692628852,Temperature_2,24.02
1511692628854,Humidity_2,18.712025283994745
1511692628857,Brightness_2,83.0
1511692629073,Sound_R,49.955742026536285
1511692635431,Sound_P,60.20329792798059
1511692635434,PodiumIR,71
1511692635454,Temperature_1,24.37
1511692635458,Humidity_1,18.712025283994745
1511692635462,Brightness_1,73.0
1511692635464,Temperature_2,24.02
1511692635471,Humidity_2,18.712025283994745
1511692635477,Brightness_2,83.0
1511692639073,Sound_R,49.3413971483895
1511692642169,Temperature_1,24.37
1511692642172,Humidity_1,18.712025283994745
1511692642175,Brightness_1,73.0
1511692642179,Temperature_2,24.02
1511692642183,Humidity_2,18.712025283994745
1511692642187,Brightness_2,83.0
1511692645437,Sound_P,59.341519288975356
1511692645440,PodiumIR,111
1511692648583,Temperature_1,24.37
1511692648587,Humidity_1,18.712025283994745
1511692648591,Brightness_1,70.0
1511692648594,Temperature_2,24.02
1511692648599,Humidity_2,18.712025283994745
1511692648602,Brightness_2,83.0
1511692649073,Sound_R,49.563167314302945
1511692655360,Temperature_1,24.37
1511692655364,Humidity_1,18.712025283994745
1511692655367,Brightness_1,70.0
1511692655371,Temperature_2,24.02
1511692655375,Humidity_2,18.712025283994745
1511692655379,Brightness_2,83.0
1511692655443,Sound_P,59.341519288975356
1511692655446,PodiumIR,75
1511692659073,Sound_R,50.35093092529832
1511692661830,Temperature_1,24.37
1511692661833,Humidity_1,18.712025283994745
1511692661837,Brightness_1,70.0
1511692661840,Temperature_2,24.02
1511692661843,Humidity_2,18.712025283994745
1511692661848,Brightness_2,83.0
1511692665449,Sound_P,59.341519288975356
1511692665452,PodiumIR,93
1511692668360,Temperature_1,24.37
1511692668363,Humidity_1,18.712025283994745
1511692668367,Brightness_1,70.0
1511692668370,Temperature_2,24.02
1511692668373,Humidity_2,18.83534516459557
1511692668383,Brightness_2,81.0
1511692669073,Sound_R,53.16883977054582
1511692674811,Temperature_1,24.37
1511692674814,Humidity_1,18.712025283994745
1511692674818,Brightness_1,70.0
1511692674821,Temperature_2,24.02
1511692674824,Humidity_2,18.83534516459557
1511692674827,Brightness_2,81.0
1511692675455,Sound_P,60.20329792798059
1511692675458,PodiumIR,84
1511692679073,Sound_R,54.58099435014444
1511692681467,Temperature_1,24.37
1511692681471,Humidity_1,18.712025283994745
1511692681475,Brightness_1,70.0
1511692681477,Temperature_2,24.02
1511692681480,Humidity_2,18.83534516459557
1511692681485,Brightness_2,81.0
1511692685461,Sound_P,61.023021476191225
1511692685464,PodiumIR,84
1511692687919,Temperature_1,24.37
1511692687922,Humidity_1,18.712025283994745
1511692687926,Brightness_1,70.0
1511692687929,Temperature_2,24.02
1511692687935,Humidity_2,18.83534516459557
1511692687938,Brightness_2,81.0
1511692689073,Sound_R,53.05949175402214
1511692694374,Temperature_1,24.37
1511692694383,Humidity_1,18.712025283994745
1511692694387,Brightness_1,70.0
1511692694392,Temperature_2,24.02
1511692694395,Humidity_2,18.83534516459557
1511692694398,Brightness_2,81.0
1511692695474,Sound_P,59.341519288975356
1511692695477,PodiumIR,81
1511692699073,Sound_R,53.60188542884436
1511692700828,Temperature_1,24.37
1511692700831,Humidity_1,18.712025283994745
1511692700835,Brightness_1,70.0
1511692700838,Temperature_2,24.02
1511692700841,Humidity_2,18.83534516459557
1511692700845,Brightness_2,81.0
1511692705480,Sound_P,58.433135904413454
1511692705483,PodiumIR,89
1511692708001,Temperature_1,24.37
1511692708005,Humidity_1,18.712025283994745
1511692708008,Brightness_1,70.0
1511692708012,Temperature_2,24.02
1511692708014,Humidity_2,18.83534516459557
1511692708019,Brightness_2,81.0
1511692709073,Sound_R,56.007016953464266
1511692714412,Temperature_1,24.37
1511692714416,Humidity_1,18.58870540339392
1511692714420,Brightness_1,72.0
1511692714422,Temperature_2,24.02
1511692714427,Humidity_2,18.83534516459557
1511692714431,Brightness_2,81.0
1511692715486,Sound_P,61.023021476191225
1511692715489,PodiumIR,71
1511692719073,Sound_R,55.08834708822806
1511692721115,Temperature_1,24.37
1511692721119,Humidity_1,18.58870540339392
1511692721122,Brightness_1,72.0
1511692721126,Temperature_2,24.02
1511692721131,Humidity_2,18.83534516459557
1511692721134,Brightness_2,81.0
1511692725500,Sound_P,59.341519288975356
1511692725504,PodiumIR,75
1511692727650,Temperature_1,24.37
1511692727654,Humidity_1,18.58870540339392
1511692727658,Brightness_1,72.0
1511692727660,Temperature_2,24.02
1511692727665,Humidity_2,18.83534516459557
1511692727668,Brightness_2,81.0
1511692729073,Sound_R,52.94894341995761
1511692734103,Temperature_1,24.37
1511692734107,Humidity_1,18.58870540339392
1511692734111,Brightness_1,72.0
1511692734114,Temperature_2,24.02
1511692734116,Humidity_2,18.712025283994745
1511692734128,Brightness_2,77.0
1511692735516,Sound_P,61.023021476191225
1511692735519,PodiumIR,77
1511692739073,Sound_R,53.09468686559359
1511692740545,Temperature_1,24.37
1511692740549,Humidity_1,18.58870540339392
1511692740553,Brightness_1,72.0
1511692740555,Temperature_2,24.02
1511692740558,Humidity_2,18.712025283994745
1511692740561,Brightness_2,77.0
1511692745529,Sound_P,58.433135904413454
1511692745532,PodiumIR,90
1511692747004,Temperature_1,24.37
1511692747008,Humidity_1,18.58870540339392
1511692747012,Brightness_1,72.0
1511692747015,Temperature_2,24.02
1511692747019,Humidity_2,18.712025283994745
1511692747023,Brightness_2,77.0
1511692749073,Sound_R,53.27129901427421
1511692753492,Temperature_1,24.37
1511692753495,Humidity_1,18.58870540339392
1511692753499,Brightness_1,72.0
1511692753502,Temperature_2,24.02
1511692753505,Humidity_2,18.712025283994745
1511692753510,Brightness_2,77.0
1511692755546,Sound_P,57.472817393488484
1511692755550,PodiumIR,88
1511692759073,Sound_R,51.744064104444455
1511692759898,Temperature_1,24.37
1511692759901,Humidity_1,18.58870540339392
1511692759903,Brightness_1,72.0
1511692759905,Temperature_2,24.02
1511692759910,Humidity_2,18.712025283994745
1511692759913,Brightness_2,77.0
1511692765555,Sound_P,58.433135904413454
1511692765560,PodiumIR,88
1511692766382,Temperature_1,24.37
1511692766387,Humidity_1,18.58870540339392
1511692766391,Brightness_1,72.0
1511692766394,Temperature_2,24.02
1511692766399,Humidity_2,18.712025283994745
1511692766402,Brightness_2,77.0
1511692769073,Sound_R,50.419878672474844
1511692773117,Temperature_1,24.37
1511692773120,Humidity_1,18.58870540339392
1511692773124,Brightness_1,72.0
1511692773127,Temperature_2,24.02
1511692773132,Humidity_2,18.712025283994745
1511692773135,Brightness_2,77.0
1511692775569,Sound_P,60.20329792798059
1511692775572,PodiumIR,82
1511692779073,Sound_R,51.00687307670798
1511692779568,Temperature_1,24.37
1511692779572,Humidity_1,18.58870540339392
1511692779575,Brightness_1,74.0
1511692779578,Temperature_2,24.02
1511692779581,Humidity_2,18.712025283994745
1511692779587,Brightness_2,77.0
1511692785578,Sound_P,59.341519288975356
1511692785582,PodiumIR,93
1511692786021,Temperature_1,24.37
1511692786024,Humidity_1,18.58870540339392
1511692786028,Brightness_1,74.0
1511692786031,Temperature_2,24.02
1511692786034,Humidity_2,18.712025283994745
1511692786037,Brightness_2,77.0
1511692789073,Sound_R,52.85157790483127
1511692792446,Temperature_1,24.37
1511692792449,Humidity_1,18.58870540339392
1511692792453,Brightness_1,74.0
1511692792456,Temperature_2,24.02
1511692792461,Humidity_2,18.712025283994745
1511692792464,Brightness_2,77.0
1511692795587,Sound_P,60.20329792798059
1511692795591,PodiumIR,83
1511692799073,Sound_R,53.188355824442446
1511692799127,Temperature_1,24.37
1511692799130,Humidity_1,18.58870540339392
1511692799134,Brightness_1,74.0
1511692799137,Temperature_2,24.02
1511692799141,Humidity_2,18.712025283994745
1511692799145,Brightness_2,83.0
1511692805538,Temperature_1,24.37
1511692805541,Humidity_1,18.58870540339392
1511692805545,Brightness_1,74.0
1511692805548,Temperature_2,24.02
1511692805551,Humidity_2,18.712025283994745
1511692805555,Brightness_2,83.0
1511692805595,Sound_P,61.023021476191225
1511692805600,PodiumIR,87
1511692809073,Sound_R,52.32061660007967
1511692812256,Temperature_1,24.37
1511692812259,Humidity_1,18.58870540339392
1511692812262,Brightness_1,74.0
1511692812265,Temperature_2,24.02
1511692812267,Humidity_2,18.712025283994745
1511692812272,Brightness_2,83.0
1511692815604,Sound_P,59.341519288975356
1511692815609,PodiumIR,77
1511692818683,Temperature_1,24.37
1511692818685,Humidity_1,18.58870540339392
1511692818689,Brightness_1,74.0
1511692818691,Temperature_2,24.02
1511692818693,Humidity_2,18.712025283994745
1511692818698,Brightness_2,83.0
1511692819073,Sound_R,52.817540244397655
1511692825248,Temperature_1,24.37
1511692825251,Humidity_1,18.58870540339392
1511692825254,Brightness_1,74.0
1511692825257,Temperature_2,24.02
1511692825259,Humidity_2,18.712025283994745
1511692825261,Brightness_2,83.0
1511692825613,Sound_P,57.472817393488484
1511692825617,PodiumIR,87
1511692829073,Sound_R,53.34602659830716
1511692832011,Temperature_1,24.37
1511692832014,Humidity_1,18.58870540339392
1511692832018,Brightness_1,74.0
1511692832020,Temperature_2,24.02
1511692832022,Humidity_2,18.712025283994745
1511692832024,Brightness_2,83.0
1511692835621,Sound_P,59.341519288975356
1511692835625,PodiumIR,86
1511692838434,Temperature_1,24.37
1511692838437,Humidity_1,18.712025283994745
1511692838440,Brightness_1,76.0
1511692838443,Temperature_2,24.02
1511692838448,Humidity_2,18.712025283994745
1511692838451,Brightness_2,83.0
1511692839073,Sound_R,55.05408625859888
1511692844877,Temperature_1,24.37
1511692844879,Humidity_1,18.712025283994745
1511692844883,Brightness_1,76.0
1511692844885,Temperature_2,24.02
1511692844887,Humidity_2,18.712025283994745
1511692844889,Brightness_2,83.0
1511692845630,Sound_P,61.80460425887306
1511692845633,PodiumIR,83
1511692849073,Sound_R,57.96271409519279
1511692851567,Temperature_1,24.37
1511692851570,Humidity_1,18.712025283994745
1511692851574,Brightness_1,76.0
1511692851576,Temperature_2,24.02
1511692851578,Humidity_2,18.712025283994745
1511692851583,Brightness_2,83.0
1511692855639,Sound_P,60.20329792798059
1511692855643,PodiumIR,124
1511692858376,Temperature_1,24.37
1511692858385,Humidity_1,18.712025283994745
1511692858388,Brightness_1,76.0
1511692858391,Temperature_2,24.02
1511692858393,Humidity_2,18.712025283994745
1511692858395,Brightness_2,83.0
1511692859073,Sound_R,57.68600846873792
1511692865074,Temperature_1,24.37
1511692865077,Humidity_1,18.712025283994745
1511692865080,Brightness_1,76.0
1511692865082,Temperature_2,24.02
1511692865085,Humidity_2,18.712025283994745
1511692865090,Brightness_2,79.0
1511692865648,Sound_P,58.433135904413454
1511692865652,PodiumIR,108
1511692869073,Sound_R,58.98112782098213
1511692871729,Temperature_1,24.37
1511692871732,Humidity_1,18.712025283994745
1511692871736,Brightness_1,76.0
1511692871738,Temperature_2,24.02
1511692871740,Humidity_2,18.712025283994745
1511692871742,Brightness_2,79.0
1511692875658,Sound_P,61.80460425887306
1511692875662,PodiumIR,99
1511692878181,Temperature_1,24.37
1511692878184,Humidity_1,18.712025283994745
1511692878189,Brightness_1,76.0
1511692878192,Temperature_2,24.02
1511692878198,Humidity_2,18.712025283994745
1511692878200,Brightness_2,79.0
1511692879073,Sound_R,60.11182873724909
1511692884585,Temperature_1,24.37
1511692884592,Humidity_1,18.712025283994745
1511692884595,Brightness_1,76.0
1511692884597,Temperature_2,24.02
1511692884599,Humidity_2,18.712025283994745
1511692884602,Brightness_2,79.0
1511692885672,Sound_P,60.20329792798059
1511692885675,PodiumIR,93
1511692889073,Sound_R,58.0961410439117
1511692891300,Temperature_1,24.37
1511692891307,Humidity_1,18.712025283994745
1511692891309,Brightness_1,76.0
1511692891312,Temperature_2,24.02
1511692891314,Humidity_2,18.712025283994745
1511692891316,Brightness_2,79.0
1511692895684,Sound_P,58.433135904413454
1511692895687,PodiumIR,96
1511692897949,Temperature_1,24.37
1511692897954,Humidity_1,18.712025283994745
1511692897957,Brightness_1,76.0
1511692897959,Temperature_2,24.02
1511692897962,Humidity_2,18.712025283994745
1511692897966,Brightness_2,79.0
1511692899073,Sound_R,57.55311088798828
1511692904378,Temperature_1,24.37
1511692904381,Humidity_1,18.58870540339392
1511692904387,Brightness_1,70.0
1511692904389,Temperature_2,24.02
1511692904391,Humidity_2,18.712025283994745
1511692904395,Brightness_2,79.0
1511692905695,Sound_P,60.20329792798059
1511692905700,PodiumIR,90
1511692909073,Sound_R,56.30251659449922
1511692911060,Temperature_1,24.37
1511692911063,Humidity_1,18.58870540339392
1511692911067,Brightness_1,70.0
1511692911069,Temperature_2,24.02
1511692911071,Humidity_2,18.712025283994745
1511692911073,Brightness_2,79.0
1511692915705,Sound_P,58.433135904413454
1511692915710,PodiumIR,88
1511692917465,Temperature_1,24.37
1511692917468,Humidity_1,18.58870540339392
1511692917472,Brightness_1,70.0
1511692917474,Temperature_2,24.02
1511692917477,Humidity_2,18.712025283994745
1511692917481,Brightness_2,79.0
1511692919073,Sound_R,55.94672773466085
1511692924170,Temperature_1,24.37
1511692924173,Humidity_1,18.58870540339392
1511692924177,Brightness_1,70.0
1511692924179,Temperature_2,24.02
1511692924181,Humidity_2,18.712025283994745
1511692924183,Brightness_2,82.0
1511692925715,Sound_P,58.433135904413454
1511692925719,PodiumIR,67
1511692929073,Sound_R,55.757944613437
1511692930576,Temperature_1,24.37
1511692930579,Humidity_1,18.58870540339392
1511692930583,Brightness_1,70.0
1511692930585,Temperature_2,24.02
1511692930587,Humidity_2,18.712025283994745
1511692930590,Brightness_2,82.0
1511692935722,Sound_P,60.20329792798059
1511692935733,PodiumIR,82
1511692937275,Temperature_1,24.37
1511692937278,Humidity_1,18.58870540339392
1511692937282,Brightness_1,70.0
1511692937285,Temperature_2,24.02
1511692937287,Humidity_2,18.712025283994745
1511692937289,Brightness_2,82.0
1511692939073,Sound_R,56.622488156515836
1511692943724,Temperature_1,24.37
1511692943727,Humidity_1,18.58870540339392
1511692943731,Brightness_1,70.0
1511692943733,Temperature_2,24.02
1511692943735,Humidity_2,18.712025283994745
1511692943739,Brightness_2,82.0
1511692945738,Sound_P,61.80460425887306
1511692945741,PodiumIR,107
1511692949073,Sound_R,56.675241592955864
1511692950178,Temperature_1,24.37
1511692950181,Humidity_1,18.58870540339392
1511692950185,Brightness_1,70.0
1511692950187,Temperature_2,24.02
1511692950189,Humidity_2,18.712025283994745
1511692950191,Brightness_2,82.0
1511692955744,Sound_P,70.0787016850011
1511692955747,PodiumIR,84
1511692956603,Temperature_1,24.37
1511692956605,Humidity_1,18.58870540339392
1511692956610,Brightness_1,70.0
1511692956612,Temperature_2,24.02
1511692956614,Humidity_2,18.712025283994745
1511692956616,Brightness_2,82.0
1511692959073,Sound_R,57.14329611445796
1511692963093,Temperature_1,24.37
1511692963096,Humidity_1,18.58870540339392
1511692963100,Brightness_1,70.0
1511692963102,Temperature_2,24.02
1511692963104,Humidity_2,18.712025283994745
1511692963107,Brightness_2,82.0
1511692965750,Sound_P,59.341519288975356
1511692965755,PodiumIR,88
1511692969073,Sound_R,56.50906885361372
1511692969626,Temperature_1,24.37
1511692969629,Humidity_1,18.58870540339392
1511692969633,Brightness_1,72.0
1511692969635,Temperature_2,24.02
1511692969637,Humidity_2,18.712025283994745
1511692969640,Brightness_2,82.0
1511692975760,Sound_P,60.20329792798059
1511692975764,PodiumIR,101
1511692976370,Temperature_1,24.37
1511692976373,Humidity_1,18.58870540339392
1511692976377,Brightness_1,72.0
1511692976380,Temperature_2,24.02
1511692976382,Humidity_2,18.712025283994745
1511692976385,Brightness_2,82.0
1511692979073,Sound_R,56.16312466068205
1511692983040,Temperature_1,24.37
1511692983043,Humidity_1,18.58870540339392
1511692983047,Brightness_1,72.0
1511692983049,Temperature_2,24.02
1511692983051,Humidity_2,18.712025283994745
1511692983054,Brightness_2,82.0
1511692985766,Sound_P,63.26648240367583
1511692985769,PodiumIR,88
1511692989073,Sound_R,59.22360879777823
1511692989491,Temperature_1,24.37
1511692989495,Humidity_1,18.58870540339392
1511692989499,Brightness_1,72.0
1511692989501,Temperature_2,24.02
1511692989503,Humidity_2,18.712025283994745
1511692989507,Brightness_2,79.0
1511692995772,Sound_P,61.023021476191225
1511692995775,PodiumIR,84
1511692996250,Temperature_1,24.37
1511692996253,Humidity_1,18.58870540339392
1511692996257,Brightness_1,72.0
1511692996259,Temperature_2,24.02
1511692996262,Humidity_2,18.712025283994745
1511692996264,Brightness_2,79.0
1511692999073,Sound_R,58.07089718400008
1511693002675,Temperature_1,24.37
1511693002678,Humidity_1,18.58870540339392
1511693002682,Brightness_1,72.0
1511693002684,Temperature_2,24.02
1511693002686,Humidity_2,18.712025283994745
1511693002690,Brightness_2,79.0
1511693005778,Sound_P,60.20329792798059
1511693005781,PodiumIR,106
1511693009073,Sound_R,56.349753345973
1511693009155,Temperature_1,24.37
1511693009158,Humidity_1,18.58870540339392
1511693009162,Brightness_1,72.0
1511693009164,Temperature_2,24.02
1511693009166,Humidity_2,18.712025283994745
1511693009168,Brightness_2,79.0
1511693015618,Temperature_1,24.37
1511693015621,Humidity_1,18.58870540339392
1511693015625,Brightness_1,72.0
1511693015627,Temperature_2,24.02
1511693015629,Humidity_2,18.712025283994745
1511693015634,Brightness_2,79.0
1511693015784,Sound_P,59.341519288975356
1511693015787,PodiumIR,86
1511693019073,Sound_R,61.20827835047157
1511693022362,Temperature_1,24.37
1511693022365,Humidity_1,18.58870540339392
1511693022369,Brightness_1,72.0
1511693022372,Temperature_2,24.02
1511693022374,Humidity_2,18.712025283994745
1511693022376,Brightness_2,79.0
1511693025789,Sound_P,61.023021476191225
1511693025793,PodiumIR,97
1511693029073,Sound_R,61.83939772731546
1511693029148,Temperature_1,24.37
1511693029151,Humidity_1,18.58870540339392
1511693029154,Brightness_1,76.0
1511693029157,Temperature_2,24.02
1511693029159,Humidity_2,18.712025283994745
1511693029161,Brightness_2,79.0
1511693035795,Sound_P,60.20329792798059
1511693035798,PodiumIR,63
1511693035827,Temperature_1,24.37
1511693035829,Humidity_1,18.58870540339392
1511693035832,Brightness_1,76.0
1511693035834,Temperature_2,24.02
1511693035836,Humidity_2,18.712025283994745
1511693035838,Brightness_2,79.0
1511693039073,Sound_R,58.807175684387936
1511693042410,Temperature_1,24.37
1511693042413,Humidity_1,18.58870540339392
1511693042417,Brightness_1,76.0
1511693042419,Temperature_2,24.02
1511693042421,Humidity_2,18.712025283994745
1511693042423,Brightness_2,79.0
1511693045801,Sound_P,61.023021476191225
1511693045804,PodiumIR,84
1511693049073,Sound_R,58.79113821076019
1511693049092,Temperature_1,24.37
1511693049095,Humidity_1,18.58870540339392
1511693049099,Brightness_1,76.0
1511693049101,Temperature_2,24.02
1511693049103,Humidity_2,18.712025283994745
1511693049105,Brightness_2,79.0
1511693055540,Temperature_1,24.37
1511693055544,Humidity_1,18.58870540339392
1511693055547,Brightness_1,76.0
1511693055550,Temperature_2,24.02
1511693055552,Humidity_2,18.712025283994745
1511693055555,Brightness_2,80.0
1511693055807,Sound_P,70.987085069563
1511693055810,PodiumIR,82
1511693059073,Sound_R,58.231731895906876
1511693062198,Temperature_1,24.37
1511693062201,Humidity_1,18.58870540339392
1511693062204,Brightness_1,76.0
1511693062207,Temperature_2,24.02
1511693062209,Humidity_2,18.712025283994745
1511693062212,Brightness_2,80.0
1511693065813,Sound_P,67.56641902255494
1511693065816,PodiumIR,85
1511693068624,Temperature_1,24.37
1511693068627,Humidity_1,18.58870540339392
1511693068630,Brightness_1,76.0
1511693068632,Temperature_2,24.02
1511693068634,Humidity_2,18.712025283994745
1511693068638,Brightness_2,80.0
1511693069073,Sound_R,62.85725904159605
1511693075408,Temperature_1,24.37
1511693075411,Humidity_1,18.58870540339392
1511693075415,Brightness_1,76.0
1511693075417,Temperature_2,24.02
1511693075420,Humidity_2,18.712025283994745
1511693075423,Brightness_2,80.0
1511693075822,Sound_P,65.8563679754536
1511693075825,PodiumIR,101
1511693079073,Sound_R,66.22392284034798
1511693081877,Temperature_1,24.37
1511693081880,Humidity_1,18.58870540339392
1511693081883,Brightness_1,76.0
1511693081886,Temperature_2,24.02
1511693081888,Humidity_2,18.712025283994745
1511693081890,Brightness_2,80.0
1511693085828,Sound_P,61.023021476191225
1511693085831,PodiumIR,70
1511693088369,Temperature_1,24.37
1511693088372,Humidity_1,18.58870540339392
1511693088375,Brightness_1,76.0
1511693088378,Temperature_2,24.02
1511693088381,Humidity_2,18.712025283994745
1511693088383,Brightness_2,80.0
1511693089073,Sound_R,64.77299267366482
1511693095078,Temperature_1,24.37
1511693095081,Humidity_1,18.58870540339392
1511693095084,Brightness_1,73.0
1511693095087,Temperature_2,24.02
1511693095090,Humidity_2,18.712025283994745
1511693095092,Brightness_2,80.0
1511693095834,Sound_P,63.26648240367583
1511693095837,PodiumIR,93
1511693099073,Sound_R,63.62863934540715
1511693101835,Temperature_1,24.37
1511693101838,Humidity_1,18.58870540339392
1511693101841,Brightness_1,73.0
1511693101844,Temperature_2,24.02
1511693101846,Humidity_2,18.712025283994745
1511693101849,Brightness_2,80.0
1511693105841,Sound_P,60.20329792798059
1511693105845,PodiumIR,85
1511693108287,Temperature_1,24.37
1511693108290,Humidity_1,18.58870540339392
1511693108293,Brightness_1,73.0
1511693108296,Temperature_2,24.02
1511693108298,Humidity_2,18.712025283994745
1511693108300,Brightness_2,80.0
1511693109073,Sound_R,63.7666010341263
1511693114716,Temperature_1,24.37
1511693114719,Humidity_1,18.58870540339392
1511693114723,Brightness_1,73.0
1511693114725,Temperature_2,24.02
1511693114727,Humidity_2,18.712025283994745
1511693114730,Brightness_2,79.0
1511693115847,Sound_P,58.433135904413454
1511693115851,PodiumIR,104
1511693119073,Sound_R,61.74060340272863
1511693121193,Temperature_1,24.37
1511693121199,Humidity_1,18.58870540339392
1511693121202,Brightness_1,73.0
1511693121204,Temperature_2,24.02
1511693121206,Humidity_2,18.712025283994745
1511693121209,Brightness_2,79.0
1511693125853,Sound_P,59.341519288975356
1511693125857,PodiumIR,94
1511693127953,Temperature_1,24.37
1511693127960,Humidity_1,18.58870540339392
1511693127962,Brightness_1,73.0
1511693127964,Temperature_2,24.02
1511693127967,Humidity_2,18.712025283994745
1511693127973,Brightness_2,79.0
1511693129073,Sound_R,60.43372942109814
1511693134376,Temperature_1,24.37
1511693134383,Humidity_1,18.58870540339392
1511693134386,Brightness_1,73.0
1511693134393,Temperature_2,24.02
1511693134395,Humidity_2,18.712025283994745
1511693134397,Brightness_2,79.0
1511693135859,Sound_P,59.341519288975356
1511693135862,PodiumIR,89
1511693139073,Sound_R,60.34566703123365
1511693141881,Temperature_1,24.37
1511693141887,Humidity_1,18.58870540339392
1511693141890,Brightness_1,73.0
1511693141892,Temperature_2,24.02
1511693141894,Humidity_2,18.712025283994745
1511693141898,Brightness_2,79.0
1511693145865,Sound_P,58.433135904413454
1511693145868,PodiumIR,88
1511693148370,Temperature_1,24.37
1511693148373,Humidity_1,18.58870540339392
1511693148376,Brightness_1,73.0
1511693148379,Temperature_2,24.02
1511693148382,Humidity_2,18.712025283994745
1511693148384,Brightness_2,79.0
1511693149073,Sound_R,58.81642968472224
1511693155085,Temperature_1,24.37
1511693155088,Humidity_1,18.58870540339392
1511693155092,Brightness_1,72.0
1511693155094,Temperature_2,24.02
1511693155096,Humidity_2,18.712025283994745
1511693155098,Brightness_2,79.0
1511693155871,Sound_P,59.341519288975356
1511693155874,PodiumIR,104
1511693159073,Sound_R,59.29587328875048
1511693161847,Temperature_1,24.37
1511693161850,Humidity_1,18.58870540339392
1511693161854,Brightness_1,72.0
1511693161857,Temperature_2,24.02
1511693161859,Humidity_2,18.712025283994745
1511693161861,Brightness_2,79.0
1511693165878,Sound_P,62.551438321825636
1511693165881,PodiumIR,97
1511693168375,Temperature_1,24.37
1511693168378,Humidity_1,18.58870540339392
1511693168385,Brightness_1,72.0
1511693168388,Temperature_2,24.02
1511693168391,Humidity_2,18.712025283994745
1511693168393,Brightness_2,79.0
1511693169073,Sound_R,58.08346435036592
1511693174857,Temperature_1,24.37
1511693174860,Humidity_1,18.58870540339392
1511693174864,Brightness_1,72.0
1511693174866,Temperature_2,24.02
1511693174869,Humidity_2,18.712025283994745
1511693174873,Brightness_2,79.0
1511693175883,Sound_P,64.61127993529891
1511693175887,PodiumIR,92
1511693179073,Sound_R,57.00883877046264
1511693181612,Temperature_1,24.37
1511693181615,Humidity_1,18.58870540339392
1511693181619,Brightness_1,72.0
1511693181621,Temperature_2,24.02
1511693181623,Humidity_2,18.712025283994745
1511693181626,Brightness_2,79.0
1511693185889,Sound_P,60.20329792798059
1511693185892,PodiumIR,73
1511693188015,Temperature_1,24.37
1511693188018,Humidity_1,18.58870540339392
1511693188022,Brightness_1,72.0
1511693188024,Temperature_2,24.02
1511693188026,Humidity_2,18.712025283994745
1511693188028,Brightness_2,79.0
1511693189073,Sound_R,56.97495922766394
1511693194431,Temperature_1,24.37
1511693194434,Humidity_1,18.58870540339392
1511693194438,Brightness_1,72.0
1511693194441,Temperature_2,24.02
1511693194443,Humidity_2,18.712025283994745
1511693194445,Brightness_2,79.0
1511693195895,Sound_P,61.80460425887306
1511693195898,PodiumIR,87
1511693199073,Sound_R,58.24438333420091
1511693201165,Temperature_1,24.37
1511693201168,Humidity_1,18.58870540339392
1511693201172,Brightness_1,72.0
1511693201175,Temperature_2,24.02
1511693201177,Humidity_2,18.712025283994745
1511693201179,Brightness_2,79.0
1511693205901,Sound_P,58.433135904413454
1511693205904,PodiumIR,64
1511693207607,Temperature_1,24.37
1511693207610,Humidity_1,18.58870540339392
1511693207614,Brightness_1,72.0
1511693207616,Temperature_2,24.02
1511693207619,Humidity_2,18.712025283994745
1511693207621,Brightness_2,79.0
1511693209073,Sound_R,59.04513923386522
1511693214074,Temperature_1,24.37
1511693214077,Humidity_1,18.58870540339392
1511693214081,Brightness_1,72.0
1511693214083,Temperature_2,24.02
1511693214085,Humidity_2,18.712025283994745
1511693214088,Brightness_2,79.0
1511693215907,Sound_P,60.20329792798059
1511693215910,PodiumIR,97
1511693219073,Sound_R,57.65450641239823
1511693220496,Temperature_1,24.37
1511693220499,Humidity_1,18.58870540339392
1511693220503,Brightness_1,72.0
1511693220505,Temperature_2,24.02
1511693220508,Humidity_2,18.712025283994745
1511693220512,Brightness_2,79.0
1511693225912,Sound_P,59.341519288975356
1511693225916,PodiumIR,95
1511693226961,Temperature_1,24.37
1511693226964,Humidity_1,18.58870540339392
1511693226968,Brightness_1,72.0
1511693226970,Temperature_2,24.02
1511693226972,Humidity_2,18.712025283994745
1511693226975,Brightness_2,79.0
1511693229073,Sound_R,58.18993632683623
1511693233439,Temperature_1,24.37
1511693233442,Humidity_1,18.58870540339392
1511693233446,Brightness_1,72.0
1511693233448,Temperature_2,24.02
1511693233451,Humidity_2,18.712025283994745
1511693233453,Brightness_2,79.0
1511693235923,Sound_P,60.20329792798059
1511693235927,PodiumIR,86
1511693239073,Sound_R,60.11754779812293
1511693240072,Temperature_1,24.37
1511693240075,Humidity_1,18.58870540339392
1511693240079,Brightness_1,72.0
1511693240081,Temperature_2,24.02
1511693240083,Humidity_2,18.712025283994745
1511693240086,Brightness_2,84.0
1511693245929,Sound_P,60.20329792798059
1511693245932,PodiumIR,96
1511693246487,Temperature_1,24.37
1511693246489,Humidity_1,18.58870540339392
1511693246493,Brightness_1,72.0
1511693246495,Temperature_2,24.02
1511693246498,Humidity_2,18.712025283994745
1511693246500,Brightness_2,84.0
1511693249073,Sound_R,62.05375062240582
1511693253177,Temperature_1,24.37
1511693253180,Humidity_1,18.58870540339392
1511693253184,Brightness_1,72.0
1511693253186,Temperature_2,24.02
1511693253188,Humidity_2,18.712025283994745
1511693253192,Brightness_2,84.0
1511693255935,Sound_P,61.023021476191225
1511693255938,PodiumIR,85
1511693259073,Sound_R,60.63972197242035
1511693259645,Temperature_1,24.37
1511693259649,Humidity_1,18.58870540339392
1511693259652,Brightness_1,72.0
1511693259655,Temperature_2,24.02
1511693259657,Humidity_2,18.712025283994745
1511693259661,Brightness_2,84.0
1511693265941,Sound_P,57.472817393488484
1511693265944,PodiumIR,113
1511693266368,Temperature_1,24.37
1511693266371,Humidity_1,18.58870540339392
1511693266375,Brightness_1,72.0
1511693266378,Temperature_2,24.02
1511693266380,Humidity_2,18.712025283994745
1511693266383,Brightness_2,84.0
1511693269073,Sound_R,55.41214170880179
1511693272837,Temperature_1,24.37
1511693272840,Humidity_1,18.58870540339392
1511693272844,Brightness_1,72.0
1511693272846,Temperature_2,24.02
1511693272848,Humidity_2,18.712025283994745
1511693272852,Brightness_2,84.0
1511693275947,Sound_P,61.023021476191225
1511693275950,PodiumIR,113
1511693279073,Sound_R,52.304176153086665
1511693279244,Temperature_1,24.37
1511693279247,Humidity_1,18.58870540339392
1511693279251,Brightness_1,72.0
1511693279253,Temperature_2,24.02
1511693279255,Humidity_2,18.712025283994745
1511693279257,Brightness_2,84.0
1511693285945,Temperature_1,24.37
1511693285948,Humidity_1,18.58870540339392
1511693285952,Brightness_1,76.0
1511693285953,Sound_P,66.44593723960276
1511693285954,Temperature_2,24.02
1511693285956,PodiumIR,78
1511693285957,Humidity_2,18.712025283994745
1511693285962,Brightness_2,84.0
1511693289073,Sound_R,57.09981873029301
1511693292387,Temperature_1,24.37
1511693292390,Humidity_1,18.58870540339392
1511693292394,Brightness_1,76.0
1511693292396,Temperature_2,24.02
1511693292399,Humidity_2,18.712025283994745
1511693292401,Brightness_2,84.0
1511693295960,Sound_P,64.61127993529891
1511693295963,PodiumIR,94
1511693299052,Temperature_1,24.37
1511693299054,Humidity_1,18.58870540339392
1511693299058,Brightness_1,76.0
1511693299060,Temperature_2,24.02
1511693299063,Humidity_2,18.712025283994745
1511693299065,Brightness_2,84.0
1511693299073,Sound_R,58.94268231340112
1511693305521,Temperature_1,24.37
1511693305524,Humidity_1,18.58870540339392
1511693305528,Brightness_1,76.0
1511693305530,Temperature_2,24.02
1511693305532,Humidity_2,18.712025283994745
1511693305535,Brightness_2,83.0
1511693305966,Sound_P,61.80460425887306
1511693305969,PodiumIR,65
1511693309073,Sound_R,57.17200783050361
1511693312263,Temperature_1,24.37
1511693312266,Humidity_1,18.58870540339392
1511693312269,Brightness_1,76.0
1511693312272,Temperature_2,24.02
1511693312274,Humidity_2,18.712025283994745
1511693312278,Brightness_2,83.0
1511693315971,Sound_P,58.433135904413454
1511693315974,PodiumIR,93
1511693318684,Temperature_1,24.37
1511693318688,Humidity_1,18.58870540339392
1511693318691,Brightness_1,76.0
1511693318694,Temperature_2,24.02
1511693318696,Humidity_2,18.712025283994745
1511693318698,Brightness_2,83.0
1511693319073,Sound_R,57.23034698804798
1511693325977,Sound_P,60.20329792798059
1511693325980,PodiumIR,88
1511693328108,Temperature_1,24.37
1511693328111,Humidity_1,18.58870540339392
1511693328114,Brightness_1,76.0
1511693328117,Temperature_2,24.02
1511693328119,Humidity_2,18.712025283994745
1511693328121,Brightness_2,83.0
1511693329073,Sound_R,57.55615388239639
1511693334521,Temperature_1,24.37
1511693334524,Humidity_1,18.58870540339392
1511693334528,Brightness_1,76.0
1511693334530,Temperature_2,24.02
1511693334532,Humidity_2,18.712025283994745
1511693334536,Brightness_2,83.0
1511693335982,Sound_P,59.341519288975356
1511693335986,PodiumIR,87
1511693339073,Sound_R,57.15860700444296
1511693341254,Temperature_1,24.37
1511693341257,Humidity_1,18.58870540339392
1511693341261,Brightness_1,76.0
1511693341264,Temperature_2,24.02
1511693341266,Humidity_2,18.712025283994745
1511693341268,Brightness_2,83.0
1511693345988,Sound_P,62.551438321825636
1511693345992,PodiumIR,74
1511693347701,Temperature_1,24.37
1511693347704,Humidity_1,18.58870540339392
1511693347708,Brightness_1,72.0
1511693347710,Temperature_2,24.02
1511693347712,Humidity_2,18.712025283994745
1511693347714,Brightness_2,83.0
1511693349073,Sound_R,59.30945411010057
1511693354387,Temperature_1,24.37
1511693354390,Humidity_1,18.58870540339392
1511693354394,Brightness_1,72.0
1511693354396,Temperature_2,24.02
1511693354398,Humidity_2,18.712025283994745
1511693354402,Brightness_2,83.0
1511693355994,Sound_P,59.341519288975356
1511693355998,PodiumIR,89
1511693359073,Sound_R,63.43620273339539
1511693360800,Temperature_1,24.37
1511693360803,Humidity_1,18.58870540339392
1511693360807,Brightness_1,72.0
1511693360809,Temperature_2,24.02
1511693360811,Humidity_2,18.712025283994745
1511693360813,Brightness_2,83.0
1511693366000,Sound_P,68.0998289029382
1511693366008,PodiumIR,142
1511693367312,Temperature_1,24.37
1511693367315,Humidity_1,18.58870540339392
1511693367319,Brightness_1,72.0
1511693367321,Temperature_2,24.02
1511693367324,Humidity_2,18.712025283994745
1511693367326,Brightness_2,82.0
1511693369073,Sound_R,62.71325021317774
1511693374023,Temperature_1,24.37
1511693374026,Humidity_1,18.58870540339392
1511693374030,Brightness_1,72.0
1511693374032,Temperature_2,24.02
1511693374034,Humidity_2,18.712025283994745
1511693374038,Brightness_2,82.0
1511693376012,Sound_P,68.0998289029382
1511693376015,PodiumIR,90
1511693379073,Sound_R,63.35912789286217
1511693380435,Temperature_1,24.37
1511693380438,Humidity_1,18.58870540339392
1511693380443,Brightness_1,72.0
1511693380445,Temperature_2,24.02
1511693380447,Humidity_2,18.712025283994745
1511693380450,Brightness_2,82.0
1511693386019,Sound_P,58.433135904413454
1511693386022,PodiumIR,82
1511693387219,Temperature_1,24.37
1511693387223,Humidity_1,18.58870540339392
1511693387226,Brightness_1,72.0
1511693387228,Temperature_2,24.02
1511693387231,Humidity_2,18.712025283994745
1511693387234,Brightness_2,82.0
1511693389073,Sound_R,62.050947132463484
1511693393715,Temperature_1,24.37
1511693393718,Humidity_1,18.58870540339392
1511693393730,Brightness_1,72.0
1511693393732,Temperature_2,24.02
1511693393735,Humidity_2,18.712025283994745
1511693393738,Brightness_2,82.0
1511693396024,Sound_P,66.44593723960276
1511693396028,PodiumIR,90
1511693399073,Sound_R,62.807055273918365
1511693400385,Temperature_1,24.37
1511693400388,Humidity_1,18.58870540339392
1511693400391,Brightness_1,72.0
1511693400393,Temperature_2,24.02
1511693400396,Humidity_2,18.712025283994745
1511693400398,Brightness_2,82.0
1511693406030,Sound_P,65.24535518573873
1511693406033,PodiumIR,81
1511693406877,Temperature_1,24.37
1511693406880,Humidity_1,18.58870540339392
1511693406884,Brightness_1,72.0
1511693406886,Temperature_2,24.02
1511693406888,Humidity_2,18.712025283994745
1511693406892,Brightness_2,82.0
1511693409073,Sound_R,65.49007288711488
1511693413332,Temperature_1,24.37
1511693413335,Humidity_1,18.58870540339392
1511693413339,Brightness_1,74.0
1511693413341,Temperature_2,24.02
1511693413343,Humidity_2,18.712025283994745
1511693413347,Brightness_2,82.0
1511693416036,Sound_P,62.551438321825636
1511693416039,PodiumIR,92
1511693419073,Sound_R,60.577698296166716
1511693420099,Temperature_1,24.37
1511693420102,Humidity_1,18.58870540339392
1511693420106,Brightness_1,74.0
1511693420108,Temperature_2,24.02
1511693420111,Humidity_2,18.712025283994745
1511693420113,Brightness_2,82.0
1511693426042,Sound_P,61.80460425887306
1511693426045,PodiumIR,88
1511693426509,Temperature_1,24.37
1511693426512,Humidity_1,18.58870540339392
1511693426515,Brightness_1,74.0
1511693426518,Temperature_2,24.02
1511693426520,Humidity_2,18.712025283994745
1511693426522,Brightness_2,82.0
1511693429073,Sound_R,58.295084266934566
1511693433015,Temperature_1,24.37
1511693433018,Humidity_1,18.58870540339392
1511693433022,Brightness_1,74.0
1511693433024,Temperature_2,24.02
1511693433027,Humidity_2,18.712025283994745
1511693433030,Brightness_2,79.0
1511693436048,Sound_P,61.80460425887306
1511693436051,PodiumIR,96
1511693439073,Sound_R,60.79895878540646
1511693439752,Temperature_1,24.37
1511693439755,Humidity_1,18.58870540339392
1511693439758,Brightness_1,74.0
1511693439761,Temperature_2,24.02
1511693439763,Humidity_2,18.712025283994745
1511693439765,Brightness_2,79.0
1511693446053,Sound_P,63.26648240367583
1511693446057,PodiumIR,69
1511693446374,Temperature_1,24.37
1511693446377,Humidity_1,18.58870540339392
1511693446383,Brightness_1,74.0
1511693446386,Temperature_2,24.02
1511693446389,Humidity_2,18.712025283994745
1511693446391,Brightness_2,79.0
1511693449073,Sound_R,59.149472528204576
1511693453177,Temperature_1,24.37
1511693453180,Humidity_1,18.58870540339392
1511693453183,Brightness_1,74.0
1511693453185,Temperature_2,24.02
1511693453188,Humidity_2,18.712025283994745
1511693453190,Brightness_2,79.0
1511693456059,Sound_P,61.023021476191225
1511693456062,PodiumIR,124
1511693459073,Sound_R,58.20647638766701
1511693459627,Temperature_1,24.37
1511693459630,Humidity_1,18.58870540339392
1511693459633,Brightness_1,74.0
1511693459636,Temperature_2,24.02
1511693459638,Humidity_2,18.712025283994745
1511693459641,Brightness_2,79.0
1511693466065,Temperature_1,24.37
1511693466065,Sound_P,60.20329792798059
1511693466069,Humidity_1,18.58870540339392
1511693466069,PodiumIR,80
1511693466074,Brightness_1,74.0
1511693466077,Temperature_2,24.02
1511693466080,Humidity_2,18.712025283994745
1511693466083,Brightness_2,79.0
1511693469073,Sound_R,58.857232539380306
1511693472529,Temperature_1,24.37
1511693472532,Humidity_1,18.58870540339392
1511693472536,Brightness_1,72.0
1511693472538,Temperature_2,24.02
1511693472541,Humidity_2,18.712025283994745
1511693472543,Brightness_2,79.0
1511693476072,Sound_P,60.20329792798059
1511693476075,PodiumIR,90
1511693478983,Temperature_1,24.37
1511693478985,Humidity_1,18.58870540339392
1511693478989,Brightness_1,72.0
1511693478991,Temperature_2,24.02
1511693478993,Humidity_2,18.712025283994745
1511693478995,Brightness_2,79.0
1511693479073,Sound_R,58.268556500061514
1511693485437,Temperature_1,24.37
1511693485440,Humidity_1,18.58870540339392
1511693485443,Brightness_1,72.0
1511693485446,Temperature_2,24.02
1511693485448,Humidity_2,18.712025283994745
1511693485450,Brightness_2,79.0
1511693486078,Sound_P,58.433135904413454
1511693486081,PodiumIR,90
1511693489073,Sound_R,59.646780181676725
1511693491902,Temperature_1,24.37
1511693491905,Humidity_1,18.58870540339392
1511693491909,Brightness_1,72.0
1511693491911,Temperature_2,24.02
1511693491913,Humidity_2,18.712025283994745
1511693491916,Brightness_2,79.0
1511693496084,Sound_P,61.023021476191225
1511693496087,PodiumIR,83
1511693498376,Temperature_1,24.37
1511693498379,Humidity_1,18.58870540339392
1511693498383,Brightness_1,72.0
1511693498386,Temperature_2,24.02
1511693498388,Humidity_2,18.58870540339392
1511693498390,Brightness_2,84.0
1511693499073,Sound_R,59.336820126067344
1511693505103,Temperature_1,24.37
1511693505106,Humidity_1,18.58870540339392
1511693505109,Brightness_1,72.0
1511693505111,Temperature_2,24.02
1511693505114,Humidity_2,18.58870540339392
1511693505116,Brightness_2,84.0
1511693506090,Sound_P,61.023021476191225
1511693506093,PodiumIR,99
1511693509073,Sound_R,62.13156306889136
1511693511750,Temperature_1,24.37
1511693511753,Humidity_1,18.58870540339392
1511693511757,Brightness_1,72.0
1511693511759,Temperature_2,24.02
1511693511761,Humidity_2,18.58870540339392
1511693511765,Brightness_2,84.0
1511693516096,Sound_P,64.61127993529891
1511693516099,PodiumIR,89
1511693518162,Temperature_1,24.37
1511693518165,Humidity_1,18.58870540339392
1511693518169,Brightness_1,72.0
1511693518171,Temperature_2,24.02
1511693518174,Humidity_2,18.58870540339392
1511693518178,Brightness_2,84.0
1511693519073,Sound_R,66.04259675459043
1511693524576,Temperature_1,24.37
1511693524580,Humidity_1,18.58870540339392
1511693524583,Brightness_1,72.0
1511693524585,Temperature_2,24.02
1511693524588,Humidity_2,18.58870540339392
1511693524590,Brightness_2,84.0
1511693526101,Sound_P,58.433135904413454
1511693526105,PodiumIR,102
1511693529073,Sound_R,62.18588484881121
1511693531313,Temperature_1,24.37
1511693531316,Humidity_1,18.58870540339392
1511693531320,Brightness_1,72.0
1511693531322,Temperature_2,24.02
1511693531325,Humidity_2,18.58870540339392
1511693531327,Brightness_2,84.0
1511693536111,Sound_P,61.023021476191225
1511693536125,PodiumIR,74
1511693538180,Temperature_1,24.37
1511693538182,Humidity_1,18.58870540339392
1511693538186,Brightness_1,73.0
1511693538189,Temperature_2,24.02
1511693538191,Humidity_2,18.58870540339392
1511693538193,Brightness_2,84.0
1511693539073,Sound_R,59.671023383073454
1511693544655,Temperature_1,24.37
1511693544658,Humidity_1,18.58870540339392
1511693544662,Brightness_1,73.0
1511693544664,Temperature_2,24.02
1511693544666,Humidity_2,18.58870540339392
1511693544669,Brightness_2,84.0
1511693546128,Sound_P,61.80460425887306
1511693546131,PodiumIR,95
1511693549073,Sound_R,60.2736999664096
1511693551381,Temperature_1,24.37
1511693551384,Humidity_1,18.58870540339392
1511693551387,Brightness_1,73.0
1511693551389,Temperature_2,24.02
1511693551392,Humidity_2,18.58870540339392
1511693551394,Brightness_2,84.0
1511693556133,Sound_P,60.20329792798059
1511693556137,PodiumIR,69
1511693558140,Temperature_1,24.37
1511693558144,Humidity_1,18.58870540339392
1511693558147,Brightness_1,73.0
1511693558149,Temperature_2,24.02
1511693558152,Humidity_2,18.58870540339392
1511693558154,Brightness_2,79.0
1511693559073,Sound_R,58.61849082908865
1511693564641,Temperature_1,24.37
1511693564644,Humidity_1,18.58870540339392
1511693564648,Brightness_1,73.0
1511693564650,Temperature_2,24.02
1511693564652,Humidity_2,18.58870540339392
1511693564656,Brightness_2,79.0
1511693566141,Sound_P,58.433135904413454
1511693566144,PodiumIR,94
1511693569073,Sound_R,57.79810882665424
1511693571366,Temperature_1,24.37
1511693571369,Humidity_1,18.58870540339392
1511693571373,Brightness_1,73.0
1511693571375,Temperature_2,24.02
1511693571377,Humidity_2,18.58870540339392
1511693571380,Brightness_2,79.0
1511693576149,Sound_P,61.023021476191225
1511693576162,PodiumIR,91
1511693578095,Temperature_1,24.37
1511693578098,Humidity_1,18.58870540339392
1511693578102,Brightness_1,73.0
1511693578104,Temperature_2,24.02
1511693578106,Humidity_2,18.58870540339392
1511693578109,Brightness_2,79.0
1511693579073,Sound_R,62.34629500925697
1511693584502,Temperature_1,24.37
1511693584505,Humidity_1,18.58870540339392
1511693584509,Brightness_1,73.0
1511693584511,Temperature_2,24.02
1511693584513,Humidity_2,18.58870540339392
1511693584515,Brightness_2,79.0
1511693586167,Sound_P,60.20329792798059
1511693586170,PodiumIR,96
1511693589073,Sound_R,64.14377223999382
1511693591208,Temperature_1,24.37
1511693591211,Humidity_1,18.58870540339392
1511693591215,Brightness_1,73.0
1511693591217,Temperature_2,24.02
1511693591220,Humidity_2,18.58870540339392
1511693591222,Brightness_2,79.0
1511693596175,Sound_P,60.20329792798059
1511693596186,PodiumIR,89
1511693597612,Temperature_1,24.37
1511693597615,Humidity_1,18.58870540339392
1511693597619,Brightness_1,73.0
1511693597622,Temperature_2,24.02
1511693597624,Humidity_2,18.58870540339392
1511693597627,Brightness_2,79.0
1511693599073,Sound_R,58.908216937169755
1511693604327,Temperature_1,24.37
1511693604330,Humidity_1,18.58870540339392
1511693604334,Brightness_1,70.0
1511693604336,Temperature_2,24.02
1511693604339,Humidity_2,18.58870540339392
1511693604343,Brightness_2,79.0
1511693606191,Sound_P,58.433135904413454
1511693606194,PodiumIR,89
1511693609073,Sound_R,56.558779960999516
1511693610766,Temperature_1,24.37
1511693610769,Humidity_1,18.58870540339392
1511693610773,Brightness_1,70.0
1511693610775,Temperature_2,24.02
1511693610777,Humidity_2,18.58870540339392
1511693610779,Brightness_2,79.0
1511693616199,Sound_P,60.20329792798059
1511693616212,PodiumIR,101
1511693617432,Temperature_1,24.37
1511693617435,Humidity_1,18.58870540339392
1511693617439,Brightness_1,70.0
1511693617441,Temperature_2,24.02
1511693617443,Humidity_2,18.58870540339392
1511693617445,Brightness_2,79.0
1511693619073,Sound_R,57.27854254800707
1511693623822,Temperature_1,24.37
1511693623825,Humidity_1,18.58870540339392
1511693623829,Brightness_1,70.0
1511693623831,Temperature_2,24.02
1511693623833,Humidity_2,18.58870540339392
1511693623835,Brightness_2,79.0
1511693626216,Sound_P,65.8563679754536
1511693626219,PodiumIR,96
1511693629073,Sound_R,58.34197994874585
1511693630369,Temperature_1,24.37
1511693630371,Humidity_1,18.58870540339392
1511693630375,Brightness_1,70.0
1511693630378,Temperature_2,24.02
1511693630380,Humidity_2,18.58870540339392
1511693630383,Brightness_2,79.0
1511693636224,Sound_P,59.341519288975356
1511693636234,PodiumIR,92
1511693636825,Temperature_1,24.37
1511693636828,Humidity_1,18.58870540339392
1511693636831,Brightness_1,70.0
1511693636834,Temperature_2,24.02
1511693636836,Humidity_2,18.58870540339392
1511693636838,Brightness_2,79.0
1511693639073,Sound_R,59.005495629199686
1511693643555,Temperature_1,24.37
1511693643558,Humidity_1,18.58870540339392
1511693643562,Brightness_1,70.0
1511693643564,Temperature_2,24.02
1511693643566,Humidity_2,18.58870540339392
1511693643569,Brightness_2,79.0
1511693646239,Sound_P,59.341519288975356
1511693646242,PodiumIR,92
1511693649073,Sound_R,57.52801019592092
1511693649958,Temperature_1,24.37
1511693649961,Humidity_1,18.58870540339392
1511693649965,Brightness_1,70.0
1511693649967,Temperature_2,24.02
1511693649969,Humidity_2,18.58870540339392
1511693649973,Brightness_2,79.0
1511693656247,Sound_P,59.341519288975356
1511693656251,PodiumIR,115
1511693656375,Temperature_1,24.37
1511693656378,Humidity_1,18.58870540339392
1511693656384,Brightness_1,70.0
1511693656387,Temperature_2,24.02
1511693656390,Humidity_2,18.58870540339392
1511693656392,Brightness_2,79.0
1511693659073,Sound_R,57.399728962238214
1511693663099,Temperature_1,24.37
1511693663102,Humidity_1,18.58870540339392
1511693663106,Brightness_1,70.0
1511693663108,Temperature_2,24.02
1511693663110,Humidity_2,18.58870540339392
1511693663113,Brightness_2,79.0
1511693666254,Sound_P,61.80460425887306
1511693666257,PodiumIR,104
1511693669073,Sound_R,57.63050531285453
1511693669541,Temperature_1,24.13
1511693669544,Humidity_1,18.712025283994745
1511693669548,Brightness_1,74.0
1511693669550,Temperature_2,24.02
1511693669552,Humidity_2,18.58870540339392
1511693669554,Brightness_2,79.0
1511693675951,Temperature_1,24.13
1511693675954,Humidity_1,18.712025283994745
1511693675958,Brightness_1,74.0
1511693675960,Temperature_2,24.02
1511693675962,Humidity_2,18.58870540339392
1511693675964,Brightness_2,79.0
1511693676262,Sound_P,61.80460425887306
1511693676265,PodiumIR,95
1511693679073,Sound_R,56.803071556464026
1511693682389,Temperature_1,24.13
1511693682395,Humidity_1,18.712025283994745
1511693682398,Brightness_1,74.0
1511693682400,Temperature_2,24.02
1511693682402,Humidity_2,18.58870540339392
1511693682410,Brightness_2,79.0
1511693686274,Sound_P,59.341519288975356
1511693686288,PodiumIR,71
1511693689073,Sound_R,57.846404287733016
1511693689118,Temperature_1,24.13
1511693689123,Humidity_1,18.712025283994745
1511693689126,Brightness_1,74.0
1511693689129,Temperature_2,24.02
1511693689131,Humidity_2,18.712025283994745
1511693689133,Brightness_2,79.0
1511693695756,Temperature_1,24.13
1511693695761,Humidity_1,18.712025283994745
1511693695764,Brightness_1,74.0
1511693695767,Temperature_2,24.02
1511693695774,Humidity_2,18.712025283994745
1511693695777,Brightness_2,79.0
1511693696299,Sound_P,61.80460425887306
1511693696302,PodiumIR,103
1511693699073,Sound_R,57.91858788991808
1511693702179,Temperature_1,24.13
1511693702185,Humidity_1,18.712025283994745
1511693702187,Brightness_1,74.0
1511693702190,Temperature_2,24.02
1511693702192,Humidity_2,18.712025283994745
1511693702200,Brightness_2,79.0
1511693706314,Sound_P,61.023021476191225
1511693706318,PodiumIR,99
1511693708582,Temperature_1,24.13
1511693708588,Humidity_1,18.712025283994745
1511693708591,Brightness_1,74.0
1511693708593,Temperature_2,24.02
1511693708600,Humidity_2,18.712025283994745
1511693708603,Brightness_2,79.0
1511693709073,Sound_R,60.53525868695319
1511693715017,Temperature_1,24.13
1511693715023,Humidity_1,18.712025283994745
1511693715026,Brightness_1,74.0
1511693715028,Temperature_2,24.02
1511693715030,Humidity_2,18.712025283994745
1511693715032,Brightness_2,79.0
1511693716330,Sound_P,62.551438321825636
1511693716334,PodiumIR,90
1511693719073,Sound_R,62.04834155249754
1511693721670,Temperature_1,24.13
1511693721676,Humidity_1,18.712025283994745
1511693721679,Brightness_1,74.0
1511693721681,Temperature_2,24.02
1511693721683,Humidity_2,18.712025283994745
1511693721685,Brightness_2,79.0
1511693726342,Sound_P,59.341519288975356
1511693726345,PodiumIR,66
1511693728119,Temperature_1,24.25
1511693728125,Humidity_1,18.58870540339392
1511693728128,Brightness_1,72.0
1511693728130,Temperature_2,24.02
1511693728132,Humidity_2,18.712025283994745
1511693728134,Brightness_2,79.0
1511693729073,Sound_R,60.678266099846134
1511693734551,Temperature_1,24.25
1511693734557,Humidity_1,18.58870540339392
1511693734560,Brightness_1,72.0
1511693734562,Temperature_2,24.02
1511693734565,Humidity_2,18.712025283994745
1511693734567,Brightness_2,79.0
1511693736354,Sound_P,60.20329792798059
1511693736360,PodiumIR,112
1511693739073,Sound_R,59.19707482248325
1511693741232,Temperature_1,24.25
1511693741238,Humidity_1,18.58870540339392
1511693741240,Brightness_1,72.0
1511693741242,Temperature_2,24.02
1511693741245,Humidity_2,18.712025283994745
1511693741247,Brightness_2,79.0
1511693746368,Sound_P,60.20329792798059
1511693746371,PodiumIR,82
1511693748090,Temperature_1,24.25
1511693748095,Humidity_1,18.58870540339392
1511693748098,Brightness_1,72.0
1511693748100,Temperature_2,24.02
1511693748102,Humidity_2,18.712025283994745
1511693748110,Brightness_2,79.0
1511693749073,Sound_R,55.8477480701107
1511693755776,Temperature_1,24.25
1511693755782,Humidity_1,18.58870540339392
1511693755784,Brightness_1,72.0
1511693755788,Temperature_2,24.02
1511693755790,Humidity_2,18.58870540339392
1511693755796,Brightness_2,83.0
1511693756378,Sound_P,61.023021476191225
1511693756383,PodiumIR,93
1511693759073,Sound_R,55.95854917787003
1511693762369,Temperature_1,24.25
1511693762375,Humidity_1,18.58870540339392
1511693762384,Brightness_1,72.0
1511693762387,Temperature_2,24.02
1511693762395,Humidity_2,18.58870540339392
1511693762397,Brightness_2,83.0
1511693766389,Sound_P,58.433135904413454
1511693766392,PodiumIR,97
1511693768798,Temperature_1,24.25
1511693768804,Humidity_1,18.58870540339392
1511693768807,Brightness_1,72.0
1511693768809,Temperature_2,24.02
1511693768811,Humidity_2,18.58870540339392
1511693768818,Brightness_2,83.0
1511693769073,Sound_R,58.05607623795777
1511693775216,Temperature_1,24.25
1511693775222,Humidity_1,18.58870540339392
1511693775224,Brightness_1,72.0
1511693775226,Temperature_2,24.02
1511693775234,Humidity_2,18.58870540339392
1511693775238,Brightness_2,83.0
1511693776395,Sound_P,61.80460425887306
1511693776398,PodiumIR,129
1511693779073,Sound_R,58.031764532352874
1511693781685,Temperature_1,24.25
1511693781692,Humidity_1,18.58870540339392
1511693781694,Brightness_1,72.0
1511693781697,Temperature_2,24.02
1511693781699,Humidity_2,18.58870540339392
1511693781706,Brightness_2,83.0
1511693786401,Sound_P,61.80460425887306
1511693786404,PodiumIR,75
1511693788137,Temperature_1,24.25
1511693788143,Humidity_1,18.58870540339392
1511693788145,Brightness_1,72.0
1511693788147,Temperature_2,24.02
1511693788150,Humidity_2,18.58870540339392
1511693788157,Brightness_2,83.0
1511693789073,Sound_R,60.056950165216826
1511693794551,Temperature_1,24.02
1511693794558,Humidity_1,18.58870540339392
1511693794560,Brightness_1,73.0
1511693794562,Temperature_2,24.02
1511693794564,Humidity_2,18.58870540339392
1511693794568,Brightness_2,83.0
1511693796407,Sound_P,59.341519288975356
1511693796411,PodiumIR,87
1511693799073,Sound_R,61.24634508063542
1511693801231,Temperature_1,24.02
1511693801236,Humidity_1,18.58870540339392
1511693801239,Brightness_1,73.0
1511693801241,Temperature_2,24.02
1511693801243,Humidity_2,18.58870540339392
1511693801252,Brightness_2,83.0
1511693806415,Sound_P,61.023021476191225
1511693806420,PodiumIR,87
1511693807905,Temperature_1,24.02
1511693807911,Humidity_1,18.58870540339392
1511693807914,Brightness_1,73.0
1511693807916,Temperature_2,24.02
1511693807919,Humidity_2,18.58870540339392
1511693807921,Brightness_2,83.0
1511693809073,Sound_R,58.19851516770376
1511693814394,Temperature_1,24.02
1511693814400,Humidity_1,18.58870540339392
1511693814403,Brightness_1,73.0
1511693814405,Temperature_2,24.02
1511693814407,Humidity_2,18.58870540339392
1511693814409,Brightness_2,80.0
1511693816424,Sound_P,61.023021476191225
1511693816429,PodiumIR,129
1511693819073,Sound_R,57.529140787831544
1511693821110,Temperature_1,24.02
1511693821116,Humidity_1,18.58870540339392
1511693821119,Brightness_1,73.0
1511693821121,Temperature_2,24.02
1511693821123,Humidity_2,18.58870540339392
1511693821125,Brightness_2,80.0
1511693826433,Sound_P,61.023021476191225
1511693826437,PodiumIR,102
1511693827766,Temperature_1,24.02
1511693827772,Humidity_1,18.58870540339392
1511693827775,Brightness_1,73.0
1511693827777,Temperature_2,24.02
1511693827779,Humidity_2,18.58870540339392
1511693827786,Brightness_2,80.0
1511693829073,Sound_R,58.41230126654049
1511693834384,Temperature_1,24.02
1511693834390,Humidity_1,18.58870540339392
1511693834393,Brightness_1,73.0
1511693834396,Temperature_2,24.02
1511693834398,Humidity_2,18.58870540339392
1511693834400,Brightness_2,80.0
1511693836445,Sound_P,58.433135904413454
1511693836448,PodiumIR,96
1511693839073,Sound_R,59.237284517295585
1511693841064,Temperature_1,24.02
1511693841070,Humidity_1,18.58870540339392
1511693841073,Brightness_1,73.0
1511693841075,Temperature_2,24.02
1511693841081,Humidity_2,18.58870540339392
1511693841084,Brightness_2,80.0
1511693846455,Sound_P,59.341519288975356
1511693846459,PodiumIR,83
1511693847750,Temperature_1,24.02
1511693847756,Humidity_1,18.58870540339392
1511693847759,Brightness_1,73.0
1511693847761,Temperature_2,24.02
1511693847763,Humidity_2,18.58870540339392
1511693847765,Brightness_2,80.0
1511693849073,Sound_R,58.588925327632694
1511693854373,Temperature_1,24.37
1511693854383,Humidity_1,18.58870540339392
1511693854385,Brightness_1,72.0
1511693854388,Temperature_2,24.02
1511693854397,Humidity_2,18.58870540339392
1511693854399,Brightness_2,80.0
1511693856461,Sound_P,61.023021476191225
1511693856464,PodiumIR,69
1511693859073,Sound_R,57.17857303788708
1511693860828,Temperature_1,24.37
1511693860834,Humidity_1,18.58870540339392
1511693860837,Brightness_1,72.0
1511693860839,Temperature_2,24.02
1511693860841,Humidity_2,18.58870540339392
1511693860849,Brightness_2,80.0
1511693866466,Sound_P,61.023021476191225
1511693866470,PodiumIR,109
1511693867300,Temperature_1,24.37
1511693867306,Humidity_1,18.58870540339392
1511693867309,Brightness_1,72.0
1511693867311,Temperature_2,24.02
1511693867313,Humidity_2,18.58870540339392
1511693867315,Brightness_2,80.0
1511693869073,Sound_R,58.55688430601614
1511693873747,Temperature_1,24.37
1511693873753,Humidity_1,18.58870540339392
1511693873756,Brightness_1,72.0
1511693873758,Temperature_2,24.02
1511693873766,Humidity_2,18.58870540339392
1511693873769,Brightness_2,80.0
1511693876472,Sound_P,61.80460425887306
1511693876477,PodiumIR,95
1511693879073,Sound_R,59.867982106225064
1511693880181,Temperature_1,24.37
1511693880187,Humidity_1,18.58870540339392
1511693880190,Brightness_1,72.0
1511693880192,Temperature_2,24.02
1511693880194,Humidity_2,18.712025283994745
1511693880203,Brightness_2,79.0
1511693886483,Sound_P,61.023021476191225
1511693886486,PodiumIR,102
1511693886591,Temperature_1,24.37
1511693886597,Humidity_1,18.58870540339392
1511693886622,Brightness_1,72.0
1511693886625,Temperature_2,24.02
1511693886632,Humidity_2,18.712025283994745
1511693886635,Brightness_2,79.0
1511693889073,Sound_R,60.20788492845512
1511693893328,Temperature_1,24.37
1511693893334,Humidity_1,18.58870540339392
1511693893336,Brightness_1,72.0
1511693893339,Temperature_2,24.02
1511693893346,Humidity_2,18.712025283994745
1511693893349,Brightness_2,79.0
1511693896494,Sound_P,60.20329792798059
1511693896497,PodiumIR,89
1511693899073,Sound_R,57.994220076803906
1511693900053,Temperature_1,24.37
1511693900059,Humidity_1,18.58870540339392
1511693900062,Brightness_1,72.0
1511693900064,Temperature_2,24.02
1511693900071,Humidity_2,18.712025283994745
1511693900075,Brightness_2,79.0
1511693906479,Temperature_1,24.37
1511693906484,Humidity_1,18.58870540339392
1511693906487,Brightness_1,72.0
1511693906489,Temperature_2,24.02
1511693906491,Humidity_2,18.712025283994745
1511693906494,Brightness_2,79.0
1511693906505,Sound_P,61.023021476191225
1511693906508,PodiumIR,77
1511693909073,Sound_R,57.03985143071543
1511693913166,Temperature_1,24.37
1511693913171,Humidity_1,18.58870540339392
1511693913174,Brightness_1,72.0
1511693913177,Temperature_2,24.02
1511693913184,Humidity_2,18.712025283994745
1511693913187,Brightness_2,79.0
1511693916511,Sound_P,61.80460425887306
1511693916514,PodiumIR,123
1511693919073,Sound_R,59.37517669286506
1511693919919,Temperature_1,24.25
1511693919925,Humidity_1,18.58870540339392
1511693919928,Brightness_1,72.0
1511693919930,Temperature_2,24.02
1511693919932,Humidity_2,18.712025283994745
1511693919934,Brightness_2,79.0
1511693926369,Temperature_1,24.25
1511693926376,Humidity_1,18.58870540339392
1511693926381,Brightness_1,72.0
1511693926384,Temperature_2,24.02
1511693926392,Humidity_2,18.712025283994745
1511693926394,Brightness_2,79.0
1511693926521,Sound_P,60.20329792798059
1511693926524,PodiumIR,89
1511693929073,Sound_R,60.34400809161789
1511693932831,Temperature_1,24.25
1511693932837,Humidity_1,18.58870540339392
1511693932840,Brightness_1,72.0
1511693932842,Temperature_2,24.02
1511693932844,Humidity_2,18.712025283994745
1511693932847,Brightness_2,79.0
1511693936527,Sound_P,59.341519288975356
1511693936530,PodiumIR,86
1511693939073,Sound_R,57.3109698841104
1511693939245,Temperature_1,24.25
1511693939252,Humidity_1,18.58870540339392
1511693939254,Brightness_1,72.0
1511693939257,Temperature_2,24.02
1511693939259,Humidity_2,18.58870540339392
1511693939261,Brightness_2,79.0
1511693945923,Temperature_1,24.25
1511693945929,Humidity_1,18.58870540339392
1511693945932,Brightness_1,72.0
1511693945934,Temperature_2,24.02
1511693945936,Humidity_2,18.58870540339392
1511693945944,Brightness_2,79.0
1511693946534,Sound_P,61.80460425887306
1511693946537,PodiumIR,92
1511693949073,Sound_R,58.15761988689628
1511693952385,Temperature_1,24.25
1511693952391,Humidity_1,18.58870540339392
1511693952394,Brightness_1,72.0
1511693952396,Temperature_2,24.02
1511693952398,Humidity_2,18.58870540339392
1511693952405,Brightness_2,79.0
1511693956542,Sound_P,61.023021476191225
1511693956545,PodiumIR,105
1511693959073,Sound_R,62.59882020398977
1511693959139,Temperature_1,24.25
1511693959146,Humidity_1,18.58870540339392
1511693959148,Brightness_1,72.0
1511693959150,Temperature_2,24.02
1511693959152,Humidity_2,18.58870540339392
1511693959161,Brightness_2,79.0
1511693965595,Temperature_1,24.25
1511693965601,Humidity_1,18.58870540339392
1511693965604,Brightness_1,72.0
1511693965606,Temperature_2,24.02
1511693965608,Humidity_2,18.58870540339392
1511693965617,Brightness_2,79.0
1511693966550,Sound_P,66.44593723960276
1511693966554,PodiumIR,97
1511693969073,Sound_R,64.82213049449814
1511693972051,Temperature_1,24.25
1511693972056,Humidity_1,18.58870540339392
1511693972059,Brightness_1,72.0
1511693972061,Temperature_2,24.02
1511693972063,Humidity_2,18.58870540339392
1511693972066,Brightness_2,79.0
1511693976561,Sound_P,61.023021476191225
1511693976564,PodiumIR,72
1511693978468,Temperature_1,24.25
1511693978474,Humidity_1,18.58870540339392
1511693978477,Brightness_1,72.0
1511693978479,Temperature_2,24.02
1511693978481,Humidity_2,18.58870540339392
1511693978483,Brightness_2,79.0
1511693979073,Sound_R,65.78561050775988
1511693985153,Temperature_1,24.25
1511693985159,Humidity_1,18.58870540339392
1511693985162,Brightness_1,76.0
1511693985164,Temperature_2,24.02
1511693985166,Humidity_2,18.58870540339392
1511693985168,Brightness_2,79.0
1511693986570,Sound_P,65.8563679754536
1511693986573,PodiumIR,91
1511693989073,Sound_R,65.37688448969537
1511693991604,Temperature_1,24.25
1511693991610,Humidity_1,18.58870540339392
1511693991613,Brightness_1,76.0
1511693991615,Temperature_2,24.02
1511693991622,Humidity_2,18.58870540339392
1511693991624,Brightness_2,79.0
1511693996576,Sound_P,61.80460425887306
1511693996579,PodiumIR,115
1511693998264,Temperature_1,24.25
1511693998271,Humidity_1,18.58870540339392
1511693998273,Brightness_1,76.0
1511693998275,Temperature_2,24.02
1511693998283,Humidity_2,18.58870540339392
1511693998286,Brightness_2,79.0
1511693999073,Sound_R,61.550565140221714
1511694004710,Temperature_1,24.25
1511694004716,Humidity_1,18.58870540339392
1511694004719,Brightness_1,76.0
1511694004721,Temperature_2,24.02
1511694004729,Humidity_2,18.58870540339392
1511694004732,Brightness_2,79.0
1511694006582,Sound_P,60.20329792798059
1511694006585,PodiumIR,94
1511694009073,Sound_R,58.36707479039902
1511694011460,Temperature_1,24.25
1511694011467,Humidity_1,18.58870540339392
1511694011469,Brightness_1,76.0
1511694011471,Temperature_2,24.02
1511694011479,Humidity_2,18.58870540339392
1511694011481,Brightness_2,79.0
1511694016588,Sound_P,61.80460425887306
1511694016601,PodiumIR,90
1511694017932,Temperature_1,24.25
1511694017936,Humidity_1,18.58870540339392
1511694017939,Brightness_1,76.0
1511694017942,Temperature_2,24.02
1511694017945,Humidity_2,18.58870540339392
1511694017948,Brightness_2,79.0
1511694019073,Sound_R,56.406991366826134
1511694024338,Temperature_1,24.25
1511694024341,Humidity_1,18.58870540339392
1511694024345,Brightness_1,76.0
1511694024348,Temperature_2,24.02
1511694024350,Humidity_2,18.58870540339392
1511694024353,Brightness_2,79.0
1511694026609,Sound_P,59.341519288975356
1511694026613,PodiumIR,80
1511694029073,Sound_R,56.56125028853402
1511694030814,Temperature_1,24.25
1511694030818,Humidity_1,18.58870540339392
1511694030821,Brightness_1,76.0
1511694030824,Temperature_2,24.02
1511694030827,Humidity_2,18.58870540339392
1511694030830,Brightness_2,79.0
1511694036615,Sound_P,70.5390318503356
1511694036619,PodiumIR,83
1511694037470,Temperature_1,24.25
1511694037474,Humidity_1,18.58870540339392
1511694037477,Brightness_1,76.0
1511694037480,Temperature_2,24.02
1511694037483,Humidity_2,18.58870540339392
1511694037487,Brightness_2,79.0
1511694039073,Sound_R,62.470299701323235
1511694043928,Temperature_1,24.25
1511694043932,Humidity_1,18.58870540339392
1511694043935,Brightness_1,76.0
1511694043938,Temperature_2,24.02
1511694043941,Humidity_2,18.58870540339392
1511694043944,Brightness_2,79.0
1511694046621,Sound_P,60.20329792798059
1511694046625,PodiumIR,87
1511694049073,Sound_R,62.68298938568095
1511694050369,Temperature_1,24.25
1511694050372,Humidity_1,18.58870540339392
1511694050376,Brightness_1,76.0
1511694050379,Temperature_2,24.02
1511694050382,Humidity_2,18.58870540339392
1511694050385,Brightness_2,79.0
1511694056627,Sound_P,63.26648240367583
1511694056631,PodiumIR,84
1511694057131,Temperature_1,24.25
1511694057135,Humidity_1,18.58870540339392
1511694057138,Brightness_1,76.0
1511694057141,Temperature_2,24.02
1511694057144,Humidity_2,18.58870540339392
1511694057147,Brightness_2,79.0
1511694059073,Sound_R,58.50408633619568
1511694063583,Temperature_1,24.25
1511694063586,Humidity_1,18.58870540339392
1511694063590,Brightness_1,76.0
1511694063593,Temperature_2,24.02
1511694063595,Humidity_2,18.58870540339392
1511694063599,Brightness_2,79.0
1511694066633,Sound_P,58.433135904413454
1511694066637,PodiumIR,63
1511694069073,Sound_R,57.51031702285358
1511694069990,Temperature_1,24.25
1511694069993,Humidity_1,18.58870540339392
1511694069997,Brightness_1,76.0
1511694070000,Temperature_2,24.02
1511694070003,Humidity_2,18.58870540339392
1511694070006,Brightness_2,84.0
1511694076398,Temperature_1,24.25
1511694076401,Humidity_1,18.58870540339392
1511694076405,Brightness_1,76.0
1511694076407,Temperature_2,24.02
1511694076410,Humidity_2,18.58870540339392
1511694076414,Brightness_2,84.0
1511694076639,Sound_P,60.20329792798059
1511694076643,PodiumIR,111
1511694079073,Sound_R,59.29170646398678
1511694082956,Temperature_1,24.25
1511694082960,Humidity_1,18.58870540339392
1511694082963,Brightness_1,76.0
1511694082966,Temperature_2,24.02
1511694082969,Humidity_2,18.58870540339392
1511694082972,Brightness_2,84.0
1511694086645,Sound_P,60.20329792798059
1511694086648,PodiumIR,93
1511694089073,Sound_R,57.16175288103492
1511694089608,Temperature_1,24.25
1511694089611,Humidity_1,18.58870540339392
1511694089614,Brightness_1,76.0
1511694089617,Temperature_2,24.02
1511694089620,Humidity_2,18.58870540339392
1511694089623,Brightness_2,84.0
1511694096146,Temperature_1,24.25
1511694096150,Humidity_1,18.58870540339392
1511694096154,Brightness_1,76.0
1511694096156,Temperature_2,24.02
1511694096159,Humidity_2,18.58870540339392
1511694096162,Brightness_2,84.0
1511694096651,Sound_P,60.20329792798059
1511694096654,PodiumIR,95
1511694099073,Sound_R,52.23308899379263
1511694102572,Temperature_1,24.25
1511694102575,Humidity_1,18.58870540339392
1511694102579,Brightness_1,76.0
1511694102582,Temperature_2,24.02
1511694102585,Humidity_2,18.58870540339392
1511694102588,Brightness_2,84.0
1511694106657,Sound_P,58.433135904413454
1511694106660,PodiumIR,72
1511694109019,Temperature_1,24.25
1511694109022,Humidity_1,18.58870540339392
1511694109025,Brightness_1,75.0
1511694109028,Temperature_2,24.02
1511694109031,Humidity_2,18.58870540339392
1511694109034,Brightness_2,84.0
1511694109073,Sound_R,51.441314913195185
1511694115431,Temperature_1,24.25
1511694115434,Humidity_1,18.58870540339392
1511694115438,Brightness_1,75.0
1511694115441,Temperature_2,24.02
1511694115443,Humidity_2,18.58870540339392
1511694115446,Brightness_2,84.0
1511694116663,Sound_P,62.551438321825636
1511694116666,PodiumIR,122
1511694119073,Sound_R,55.716135533543195
1511694122357,Temperature_1,24.25
1511694122360,Humidity_1,18.58870540339392
1511694122364,Brightness_1,75.0
1511694122367,Temperature_2,24.02
1511694122369,Humidity_2,18.58870540339392
1511694122372,Brightness_2,84.0
1511694126669,Sound_P,58.433135904413454
1511694126672,PodiumIR,73
1511694129026,Temperature_1,24.25
1511694129030,Humidity_1,18.58870540339392
1511694129033,Brightness_1,75.0
1511694129036,Temperature_2,24.02
1511694129039,Humidity_2,18.58870540339392
1511694129041,Brightness_2,84.0
1511694129073,Sound_R,60.86916105414559
1511694135481,Temperature_1,24.25
1511694135484,Humidity_1,18.58870540339392
1511694135485,Brightness_1,75.0
1511694135489,Temperature_2,24.02
1511694135491,Humidity_2,18.58870540339392
1511694135494,Brightness_2,82.0
1511694136675,Sound_P,63.26648240367583
1511694136678,PodiumIR,88
1511694139073,Sound_R,62.93865601752352
1511694141961,Temperature_1,24.25
1511694141963,Humidity_1,18.58870540339392
1511694141965,Brightness_1,75.0
1511694141966,Temperature_2,24.02
1511694141970,Humidity_2,18.58870540339392
1511694141978,Brightness_2,82.0
1511694146681,Sound_P,58.433135904413454
1511694146684,PodiumIR,89
1511694148371,Temperature_1,24.25
1511694148374,Humidity_1,18.58870540339392
1511694148378,Brightness_1,75.0
1511694148382,Temperature_2,24.02
1511694148387,Humidity_2,18.58870540339392
1511694148389,Brightness_2,82.0
1511694149073,Sound_R,62.090939552494085
1511694154822,Temperature_1,24.25
1511694154826,Humidity_1,18.58870540339392
1511694154829,Brightness_1,75.0
1511694154831,Temperature_2,24.02
1511694154833,Humidity_2,18.58870540339392
1511694154836,Brightness_2,82.0
1511694156687,Sound_P,59.341519288975356
1511694156690,PodiumIR,99
1511694159073,Sound_R,63.07809479991448
1511694161290,Temperature_1,24.25
1511694161292,Humidity_1,18.58870540339392
1511694161295,Brightness_1,75.0
1511694161297,Temperature_2,24.02
1511694161299,Humidity_2,18.58870540339392
1511694161302,Brightness_2,82.0
1511694166697,Sound_P,60.20329792798059
1511694166704,PodiumIR,102
1511694168048,Temperature_1,24.25
1511694168051,Humidity_1,18.58870540339392
1511694168054,Brightness_1,75.0
1511694168057,Temperature_2,24.02
1511694168059,Humidity_2,18.58870540339392
1511694168062,Brightness_2,82.0
1511694169073,Sound_R,65.46998256384673
1511694174488,Temperature_1,24.25
1511694174491,Humidity_1,18.58870540339392
1511694174494,Brightness_1,70.0
1511694174497,Temperature_2,24.02
1511694174499,Humidity_2,18.58870540339392
1511694174502,Brightness_2,82.0
1511694176709,Sound_P,61.80460425887306
1511694176713,PodiumIR,91
1511694179073,Sound_R,64.53598901322185
1511694181254,Temperature_1,24.25
1511694181257,Humidity_1,18.58870540339392
1511694181261,Brightness_1,70.0
1511694181263,Temperature_2,24.02
1511694181265,Humidity_2,18.58870540339392
1511694181267,Brightness_2,82.0
1511694186719,Sound_P,66.44593723960276
1511694186723,PodiumIR,90
1511694187702,Temperature_1,24.25
1511694187705,Humidity_1,18.58870540339392
1511694187708,Brightness_1,70.0
1511694187711,Temperature_2,24.02
1511694187713,Humidity_2,18.58870540339392
1511694187715,Brightness_2,82.0
1511694189073,Sound_R,63.31883389422946
1511694194145,Temperature_1,24.25
1511694194148,Humidity_1,18.58870540339392
1511694194151,Brightness_1,70.0
1511694194154,Temperature_2,24.02
1511694194156,Humidity_2,18.58870540339392
1511694194158,Brightness_2,79.0
1511694196729,Sound_P,62.551438321825636
1511694196734,PodiumIR,132
1511694199073,Sound_R,63.26461002111038
1511694200558,Temperature_1,24.25
1511694200560,Humidity_1,18.58870540339392
1511694200564,Brightness_1,70.0
1511694200566,Temperature_2,24.02
1511694200569,Humidity_2,18.58870540339392
1511694200571,Brightness_2,79.0
1511694206739,Sound_P,61.023021476191225
1511694206742,PodiumIR,86
1511694207047,Temperature_1,24.25
1511694207050,Humidity_1,18.58870540339392
1511694207053,Brightness_1,70.0
1511694207055,Temperature_2,24.02
1511694207058,Humidity_2,18.58870540339392
1511694207062,Brightness_2,79.0
1511694209073,Sound_R,61.79687723526752
1511694213499,Temperature_1,24.25
1511694213502,Humidity_1,18.58870540339392
1511694213505,Brightness_1,70.0
1511694213507,Temperature_2,24.02
1511694213510,Humidity_2,18.58870540339392
1511694213512,Brightness_2,79.0
1511694216745,Sound_P,58.433135904413454
1511694216749,PodiumIR,94
1511694219073,Sound_R,59.568525391750164
1511694220072,Temperature_1,24.25
1511694220075,Humidity_1,18.58870540339392
1511694220078,Brightness_1,70.0
1511694220080,Temperature_2,24.02
1511694220082,Humidity_2,18.58870540339392
1511694220085,Brightness_2,79.0
1511694226498,Temperature_1,24.25
1511694226501,Humidity_1,18.58870540339392
1511694226504,Brightness_1,70.0
1511694226507,Temperature_2,24.02
1511694226509,Humidity_2,18.58870540339392
1511694226511,Brightness_2,79.0
1511694226754,Sound_P,60.20329792798059
1511694226758,PodiumIR,87
1511694229073,Sound_R,57.09191595352258
1511694233273,Temperature_1,24.25
1511694233276,Humidity_1,18.58870540339392
1511694233280,Brightness_1,70.0
1511694233282,Temperature_2,24.02
1511694233284,Humidity_2,18.58870540339392
1511694233287,Brightness_2,79.0
1511694236764,Sound_P,58.433135904413454
1511694236768,PodiumIR,83
1511694239073,Sound_R,54.79400806443874
1511694239728,Temperature_1,24.25
1511694239730,Humidity_1,18.58870540339392
1511694239733,Brightness_1,70.0
1511694239735,Temperature_2,24.02
1511694239737,Humidity_2,18.58870540339392
1511694239739,Brightness_2,79.0
1511694246165,Temperature_1,24.25
1511694246168,Humidity_1,18.58870540339392
1511694246171,Brightness_1,70.0
1511694246174,Temperature_2,24.02
1511694246176,Humidity_2,18.58870540339392
1511694246178,Brightness_2,79.0
1511694246773,Sound_P,59.341519288975356
1511694246784,PodiumIR,91
1511694249073,Sound_R,52.982518102369426
1511694252596,Temperature_1,24.25
1511694252599,Humidity_1,18.58870540339392
1511694252602,Brightness_1,70.0
1511694252604,Temperature_2,24.02
1511694252607,Humidity_2,18.58870540339392
1511694252610,Brightness_2,79.0
1511694256789,Sound_P,59.341519288975356
1511694256793,PodiumIR,89
1511694258990,Temperature_1,24.25
1511694258993,Humidity_1,18.58870540339392
1511694258996,Brightness_1,70.0
1511694258998,Temperature_2,24.02
1511694259000,Humidity_2,18.58870540339392
1511694259003,Brightness_2,82.0
1511694259073,Sound_R,56.59452100300121
1511694266335,Temperature_1,24.25
1511694266338,Humidity_1,18.58870540339392
1511694266341,Brightness_1,70.0
1511694266343,Temperature_2,24.02
1511694266345,Humidity_2,18.58870540339392
1511694266348,Brightness_2,82.0
1511694266799,Sound_P,61.023021476191225
1511694266802,PodiumIR,104
1511694269073,Sound_R,61.27378867978783
1511694272808,Temperature_1,24.25
1511694272811,Humidity_1,18.58870540339392
1511694272814,Brightness_1,70.0
1511694272817,Temperature_2,24.02
1511694272819,Humidity_2,18.58870540339392
1511694272822,Brightness_2,82.0
1511694276807,Sound_P,61.023021476191225
1511694276810,PodiumIR,84
1511694279073,Sound_R,62.33006460754226
1511694279352,Temperature_1,24.25
1511694279355,Humidity_1,18.58870540339392
1511694279359,Brightness_1,70.0
1511694279361,Temperature_2,24.02
1511694279363,Humidity_2,18.58870540339392
1511694279365,Brightness_2,82.0
1511694285795,Temperature_1,24.25
1511694285798,Humidity_1,18.58870540339392
1511694285801,Brightness_1,70.0
1511694285803,Temperature_2,24.02
1511694285805,Humidity_2,18.58870540339392
1511694285808,Brightness_2,82.0
1511694286817,Sound_P,61.80460425887306
1511694286820,PodiumIR,95
1511694289073,Sound_R,58.54751526619136
1511694292253,Temperature_1,24.25
1511694292255,Humidity_1,18.58870540339392
1511694292259,Brightness_1,70.0
1511694292261,Temperature_2,24.02
1511694292263,Humidity_2,18.58870540339392
1511694292266,Brightness_2,82.0
1511694296823,Sound_P,60.20329792798059
1511694296825,PodiumIR,92
1511694298645,Temperature_1,24.25
1511694298648,Humidity_1,18.465385522793095
1511694298651,Brightness_1,70.0
1511694298653,Temperature_2,24.02
1511694298655,Humidity_2,18.58870540339392
1511694298658,Brightness_2,82.0
1511694299073,Sound_R,55.96404163394175
1511694305361,Temperature_1,24.25
1511694305364,Humidity_1,18.465385522793095
1511694305368,Brightness_1,70.0
1511694305370,Temperature_2,24.02
1511694305372,Humidity_2,18.58870540339392
1511694305374,Brightness_2,82.0
1511694306831,Sound_P,61.023021476191225
1511694306835,PodiumIR,96
1511694309073,Sound_R,59.038463734644644
1511694311805,Temperature_1,24.25
1511694311808,Humidity_1,18.465385522793095
1511694311811,Brightness_1,70.0
1511694311813,Temperature_2,24.02
1511694311815,Humidity_2,18.58870540339392
1511694311818,Brightness_2,82.0
1511694316841,Sound_P,61.80460425887306
1511694316849,PodiumIR,82
1511694318381,Temperature_1,24.25
1511694318385,Humidity_1,18.465385522793095
1511694318388,Brightness_1,70.0
1511694318390,Temperature_2,24.02
1511694318392,Humidity_2,18.58870540339392
1511694318395,Brightness_2,82.0
1511694319073,Sound_R,58.419931838202636
1511694324922,Temperature_1,24.25
1511694324925,Humidity_1,18.465385522793095
1511694324928,Brightness_1,70.0
1511694324930,Temperature_2,24.02
1511694324933,Humidity_2,18.58870540339392
1511694324935,Brightness_2,77.0
1511694326857,Sound_P,59.341519288975356
1511694326860,PodiumIR,93
1511694329073,Sound_R,56.183687390072954
1511694331380,Temperature_1,24.25
1511694331383,Humidity_1,18.465385522793095
1511694331386,Brightness_1,70.0
1511694331388,Temperature_2,24.02
1511694331390,Humidity_2,18.58870540339392
1511694331393,Brightness_2,77.0
1511694336862,Sound_P,60.20329792798059
1511694336866,PodiumIR,110
1511694338122,Temperature_1,24.25
1511694338125,Humidity_1,18.465385522793095
1511694338128,Brightness_1,70.0
1511694338131,Temperature_2,24.02
1511694338133,Humidity_2,18.58870540339392
1511694338136,Brightness_2,77.0
1511694339073,Sound_R,55.61555075078039
1511694344514,Temperature_1,24.25
1511694344517,Humidity_1,18.465385522793095
1511694344521,Brightness_1,70.0
1511694344523,Temperature_2,24.02
1511694344525,Humidity_2,18.58870540339392
1511694344528,Brightness_2,77.0
1511694346868,Sound_P,62.551438321825636
1511694346872,PodiumIR,94
1511694349073,Sound_R,58.736239949183535
1511694351239,Temperature_1,24.25
1511694351242,Humidity_1,18.465385522793095
1511694351245,Brightness_1,70.0
1511694351248,Temperature_2,24.02
1511694351250,Humidity_2,18.58870540339392
1511694351252,Brightness_2,77.0
1511694356874,Sound_P,61.023021476191225
1511694356881,PodiumIR,90
1511694357680,Temperature_1,24.25
1511694357683,Humidity_1,18.465385522793095
1511694357686,Brightness_1,70.0
1511694357689,Temperature_2,24.02
1511694357691,Humidity_2,18.58870540339392
1511694357694,Brightness_2,77.0
1511694359073,Sound_R,61.99014691957413
1511694364350,Temperature_1,24.25
1511694364353,Humidity_1,18.58870540339392
1511694364357,Brightness_1,72.0
1511694364360,Temperature_2,24.02
1511694364362,Humidity_2,18.58870540339392
1511694364365,Brightness_2,77.0
1511694366884,Sound_P,58.433135904413454
1511694366887,PodiumIR,129
1511694369073,Sound_R,59.50536022763695
1511694370796,Temperature_1,24.25
1511694370799,Humidity_1,18.58870540339392
1511694370802,Brightness_1,72.0
1511694370805,Temperature_2,24.02
1511694370807,Humidity_2,18.58870540339392
1511694370810,Brightness_2,77.0
1511694376890,Sound_P,61.023021476191225
1511694376893,PodiumIR,90
1511694377555,Temperature_1,24.25
1511694377558,Humidity_1,18.58870540339392
1511694377561,Brightness_1,72.0
1511694377563,Temperature_2,24.02
1511694377566,Humidity_2,18.58870540339392
1511694377568,Brightness_2,77.0
1511694379073,Sound_R,59.57764122356419
1511694384009,Temperature_1,24.25
1511694384012,Humidity_1,18.58870540339392
1511694384015,Brightness_1,72.0
1511694384018,Temperature_2,24.02
1511694384020,Humidity_2,18.58870540339392
1511694384022,Brightness_2,80.0
1511694386896,Sound_P,61.023021476191225
1511694386899,PodiumIR,80
1511694389073,Sound_R,61.07397110071502
1511694390429,Temperature_1,24.25
1511694390432,Humidity_1,18.58870540339392
1511694390435,Brightness_1,72.0
1511694390438,Temperature_2,24.02
1511694390440,Humidity_2,18.58870540339392
1511694390442,Brightness_2,80.0
1511694396902,Sound_P,60.20329792798059
1511694396905,PodiumIR,123
1511694396915,Temperature_1,24.25
1511694396918,Humidity_1,18.58870540339392
1511694396921,Brightness_1,72.0
1511694396923,Temperature_2,24.02
1511694396926,Humidity_2,18.58870540339392
1511694396929,Brightness_2,80.0
1511694399073,Sound_R,59.294327099173366
1511694403361,Temperature_1,24.25
1511694403363,Humidity_1,18.58870540339392
1511694403367,Brightness_1,72.0
1511694403369,Temperature_2,24.02
1511694403371,Humidity_2,18.58870540339392
1511694403373,Brightness_2,80.0
1511694406908,Sound_P,61.023021476191225
1511694406911,PodiumIR,71
1511694409073,Sound_R,57.82712630727289
1511694410111,Temperature_1,24.25
1511694410114,Humidity_1,18.58870540339392
1511694410117,Brightness_1,72.0
1511694410120,Temperature_2,24.02
1511694410122,Humidity_2,18.58870540339392
1511694410124,Brightness_2,80.0
1511694416504,Temperature_1,24.25
1511694416507,Humidity_1,18.58870540339392
1511694416510,Brightness_1,72.0
1511694416512,Temperature_2,24.02
1511694416514,Humidity_2,18.58870540339392
1511694416517,Brightness_2,80.0
1511694416914,Sound_P,61.023021476191225
1511694416917,PodiumIR,73
1511694419073,Sound_R,56.864872856313866
1511694423226,Temperature_1,24.25
1511694423229,Humidity_1,18.58870540339392
1511694423232,Brightness_1,72.0
1511694423234,Temperature_2,24.02
1511694423237,Humidity_2,18.58870540339392
1511694423239,Brightness_2,80.0
1511694426920,Sound_P,59.341519288975356
1511694426923,PodiumIR,83
1511694429073,Sound_R,56.72042950261547
1511694429675,Temperature_1,24.25
1511694429679,Humidity_1,18.58870540339392
1511694429682,Brightness_1,75.0
1511694429684,Temperature_2,24.02
1511694429687,Humidity_2,18.58870540339392
1511694429690,Brightness_2,80.0
1511694436120,Temperature_1,24.25
1511694436123,Humidity_1,18.58870540339392
1511694436127,Brightness_1,75.0
1511694436129,Temperature_2,24.02
1511694436131,Humidity_2,18.58870540339392
1511694436134,Brightness_2,80.0
1511694436926,Sound_P,60.20329792798059
1511694436929,PodiumIR,77
1511694439073,Sound_R,57.06646933048504
1511694442522,Temperature_1,24.25
1511694442525,Humidity_1,18.58870540339392
1511694442528,Brightness_1,75.0
1511694442530,Temperature_2,24.02
1511694442532,Humidity_2,18.58870540339392
1511694442535,Brightness_2,80.0
1511694446932,Sound_P,58.433135904413454
1511694446935,PodiumIR,77
1511694449073,Sound_R,61.15753376052991
1511694449236,Temperature_1,24.25
1511694449239,Humidity_1,18.58870540339392
1511694449242,Brightness_1,75.0
1511694449244,Temperature_2,24.02
1511694449247,Humidity_2,18.58870540339392
1511694449250,Brightness_2,79.0
1511694455692,Temperature_1,24.25
1511694455695,Humidity_1,18.58870540339392
1511694455698,Brightness_1,75.0
1511694455700,Temperature_2,24.02
1511694455703,Humidity_2,18.58870540339392
1511694455705,Brightness_2,79.0
1511694456938,Sound_P,60.20329792798059
1511694456941,PodiumIR,91
1511694459073,Sound_R,63.29681553799782
1511694462141,Temperature_1,24.25
1511694462144,Humidity_1,18.58870540339392
1511694462148,Brightness_1,75.0
1511694462150,Temperature_2,24.02
1511694462152,Humidity_2,18.58870540339392
1511694462154,Brightness_2,79.0
1511694466944,Sound_P,61.80460425887306
1511694466947,PodiumIR,98
1511694468579,Temperature_1,24.25
1511694468582,Humidity_1,18.58870540339392
1511694468585,Brightness_1,75.0
1511694468587,Temperature_2,24.02
1511694468590,Humidity_2,18.58870540339392
1511694468592,Brightness_2,79.0
1511694469073,Sound_R,60.62649518994106
1511694475007,Temperature_1,24.25
1511694475010,Humidity_1,18.58870540339392
1511694475013,Brightness_1,75.0
1511694475016,Temperature_2,24.02
1511694475018,Humidity_2,18.58870540339392
1511694475020,Brightness_2,79.0
1511694476950,Sound_P,61.023021476191225
1511694476953,PodiumIR,95
1511694479073,Sound_R,60.63883220372221
1511694481490,Temperature_1,24.25
1511694481493,Humidity_1,18.58870540339392
1511694481496,Brightness_1,75.0
1511694481499,Temperature_2,24.02
1511694481501,Humidity_2,18.58870540339392
1511694481503,Brightness_2,79.0
1511694486956,Sound_P,61.80460425887306
1511694486963,PodiumIR,98
1511694487940,Temperature_1,24.25
1511694487943,Humidity_1,18.58870540339392
1511694487946,Brightness_1,75.0
1511694487949,Temperature_2,24.02
1511694487951,Humidity_2,18.58870540339392
1511694487953,Brightness_2,79.0
1511694489073,Sound_R,61.35918838453812
1511694494375,Temperature_1,24.25
1511694494378,Humidity_1,18.465385522793095
1511694494382,Brightness_1,74.0
1511694494384,Temperature_2,24.02
1511694494386,Humidity_2,18.58870540339392
1511694494388,Brightness_2,79.0
1511694496968,Sound_P,63.26648240367583
1511694496972,PodiumIR,91
1511694499073,Sound_R,60.94415425711594
1511694501052,Temperature_1,24.25
1511694501055,Humidity_1,18.465385522793095
1511694501059,Brightness_1,74.0
1511694501061,Temperature_2,24.02
1511694501063,Humidity_2,18.58870540339392
1511694501065,Brightness_2,79.0
1511694506974,Sound_P,61.023021476191225
1511694506978,PodiumIR,93
1511694507731,Temperature_1,24.25
1511694507733,Humidity_1,18.465385522793095
1511694507736,Brightness_1,74.0
1511694507739,Temperature_2,24.02
1511694507741,Humidity_2,18.58870540339392
1511694507743,Brightness_2,79.0
1511694509073,Sound_R,59.037342382974025
1511694514374,Temperature_1,24.25
1511694514378,Humidity_1,18.465385522793095
1511694514381,Brightness_1,74.0
1511694514384,Temperature_2,24.02
1511694514386,Humidity_2,18.58870540339392
1511694514390,Brightness_2,79.0
1511694516981,Sound_P,57.472817393488484
1511694516984,PodiumIR,66
1511694519073,Sound_R,57.80775520992437
1511694520799,Temperature_1,24.25
1511694520802,Humidity_1,18.465385522793095
1511694520805,Brightness_1,74.0
1511694520807,Temperature_2,24.02
1511694520809,Humidity_2,18.58870540339392
1511694520812,Brightness_2,79.0
1511694526990,Sound_P,59.341519288975356
1511694526994,PodiumIR,92
1511694527483,Temperature_1,24.25
1511694527486,Humidity_1,18.465385522793095
1511694527489,Brightness_1,74.0
1511694527492,Temperature_2,24.02
1511694527494,Humidity_2,18.58870540339392
1511694527497,Brightness_2,79.0
1511694529073,Sound_R,58.15535974644413
1511694534231,Temperature_1,24.25
1511694534234,Humidity_1,18.465385522793095
1511694534238,Brightness_1,74.0
1511694534240,Temperature_2,24.02
1511694534242,Humidity_2,18.58870540339392
1511694534244,Brightness_2,79.0
1511694537001,Sound_P,59.341519288975356
1511694537004,PodiumIR,97
1511694539073,Sound_R,56.65800940749708
1511694540642,Temperature_1,24.25
1511694540645,Humidity_1,18.465385522793095
1511694540648,Brightness_1,74.0
1511694540650,Temperature_2,24.02
1511694540653,Humidity_2,18.58870540339392
1511694540655,Brightness_2,79.0
1511694547009,Sound_P,65.24535518573873
1511694547012,PodiumIR,104
1511694547545,Temperature_1,24.25
1511694547548,Humidity_1,18.465385522793095
1511694547551,Brightness_1,74.0
1511694547553,Temperature_2,24.02
1511694547555,Humidity_2,18.58870540339392
1511694547558,Brightness_2,79.0
1511694549073,Sound_R,56.95980859021872
1511694553997,Temperature_1,24.25
1511694554000,Humidity_1,18.465385522793095
1511694554003,Brightness_1,76.0
1511694554005,Temperature_2,24.02
1511694554007,Humidity_2,18.58870540339392
1511694554010,Brightness_2,79.0
1511694557017,Sound_P,61.023021476191225
1511694557020,PodiumIR,75
1511694559073,Sound_R,58.15059803309085
1511694560403,Temperature_1,24.25
1511694560406,Humidity_1,18.465385522793095
1511694560409,Brightness_1,76.0
1511694560411,Temperature_2,24.02
1511694560413,Humidity_2,18.58870540339392
1511694560416,Brightness_2,79.0
1511694567024,Sound_P,61.023021476191225
1511694567028,PodiumIR,90
1511694567049,Temperature_1,24.25
1511694567052,Humidity_1,18.465385522793095
1511694567056,Brightness_1,76.0
1511694567059,Temperature_2,24.02
1511694567061,Humidity_2,18.58870540339392
1511694567063,Brightness_2,79.0
1511694569073,Sound_R,58.66540319121041
1511694573753,Temperature_1,24.25
1511694573756,Humidity_1,18.465385522793095
1511694573759,Brightness_1,76.0
1511694573761,Temperature_2,24.02
1511694573764,Humidity_2,18.58870540339392
1511694573766,Brightness_2,79.0
1511694577037,Sound_P,61.023021476191225
1511694577041,PodiumIR,97
1511694579073,Sound_R,60.04470324662061
1511694580210,Temperature_1,24.25
1511694580212,Humidity_1,18.465385522793095
1511694580216,Brightness_1,76.0
1511694580218,Temperature_2,24.02
1511694580220,Humidity_2,18.58870540339392
1511694580222,Brightness_2,79.0
1511694586628,Temperature_1,24.25
1511694586630,Humidity_1,18.465385522793095
1511694586634,Brightness_1,76.0
1511694586636,Temperature_2,24.02
1511694586638,Humidity_2,18.58870540339392
1511694586640,Brightness_2,79.0
1511694587052,Sound_P,61.023021476191225
1511694587056,PodiumIR,91
1511694589073,Sound_R,61.05916082329018
1511694593371,Temperature_1,24.25
1511694593374,Humidity_1,18.465385522793095
1511694593377,Brightness_1,76.0
1511694593380,Temperature_2,24.02
1511694593382,Humidity_2,18.58870540339392
1511694593384,Brightness_2,79.0
1511694597067,Sound_P,60.20329792798059
1511694597070,PodiumIR,94
1511694599073,Sound_R,61.00245729569568
1511694600071,Temperature_1,24.25
1511694600074,Humidity_1,18.465385522793095
1511694600077,Brightness_1,76.0
1511694600079,Temperature_2,24.02
1511694600081,Humidity_2,18.58870540339392
1511694600084,Brightness_2,79.0
1511694606468,Temperature_1,24.25
1511694606471,Humidity_1,18.465385522793095
1511694606474,Brightness_1,76.0
1511694606477,Temperature_2,24.02
1511694606479,Humidity_2,18.58870540339392
1511694606482,Brightness_2,79.0
1511694607081,Sound_P,59.341519288975356
1511694607085,PodiumIR,86
1511694609073,Sound_R,59.24838503779427
1511694613190,Temperature_1,24.25
1511694613193,Humidity_1,18.465385522793095
1511694613196,Brightness_1,76.0
1511694613199,Temperature_2,24.02
1511694613201,Humidity_2,18.58870540339392
1511694613203,Brightness_2,79.0
1511694617096,Sound_P,60.20329792798059
1511694617099,PodiumIR,95
1511694619073,Sound_R,56.85272368540725
1511694619631,Temperature_1,24.25
1511694619634,Humidity_1,18.58870540339392
1511694619637,Brightness_1,74.0
1511694619639,Temperature_2,24.02
1511694619642,Humidity_2,18.58870540339392
1511694619644,Brightness_2,79.0
1511694626301,Temperature_1,24.25
1511694626304,Humidity_1,18.58870540339392
1511694626307,Brightness_1,74.0
1511694626310,Temperature_2,24.02
1511694626312,Humidity_2,18.58870540339392
1511694626315,Brightness_2,79.0
1511694627110,Sound_P,59.341519288975356
1511694627114,PodiumIR,89
1511694629073,Sound_R,58.35933741841012
1511694632709,Temperature_1,24.25
1511694632712,Humidity_1,18.58870540339392
1511694632715,Brightness_1,74.0
1511694632717,Temperature_2,24.02
1511694632720,Humidity_2,18.58870540339392
1511694632722,Brightness_2,79.0
1511694637123,Sound_P,61.023021476191225
1511694637128,PodiumIR,94
1511694639073,Sound_R,60.175844823225304
1511694639415,Temperature_1,24.25
1511694639418,Humidity_1,18.58870540339392
1511694639421,Brightness_1,74.0
1511694639424,Temperature_2,24.02
1511694639426,Humidity_2,18.58870540339392
1511694639428,Brightness_2,83.0
1511694646156,Temperature_1,24.25
1511694646159,Humidity_1,18.58870540339392
1511694646162,Brightness_1,74.0
1511694646164,Temperature_2,24.02
1511694646166,Humidity_2,18.58870540339392
1511694646169,Brightness_2,83.0
1511694647139,Sound_P,61.023021476191225
1511694647142,PodiumIR,90
1511694649073,Sound_R,60.709246801567836
1511694652568,Temperature_1,24.25
1511694652571,Humidity_1,18.58870540339392
1511694652574,Brightness_1,74.0
1511694652577,Temperature_2,24.02
1511694652579,Humidity_2,18.58870540339392
1511694652581,Brightness_2,83.0
1511694657154,Sound_P,60.20329792798059
1511694657157,PodiumIR,62
1511694659073,Sound_R,58.97173079808669
1511694659263,Temperature_1,24.25
1511694659266,Humidity_1,18.58870540339392
1511694659270,Brightness_1,74.0
1511694659272,Temperature_2,24.02
1511694659274,Humidity_2,18.58870540339392
1511694659276,Brightness_2,83.0
1511694665716,Temperature_1,24.25
1511694665719,Humidity_1,18.58870540339392
1511694665722,Brightness_1,74.0
1511694665724,Temperature_2,24.02
1511694665727,Humidity_2,18.58870540339392
1511694665729,Brightness_2,83.0
1511694667169,Sound_P,58.433135904413454
1511694667172,PodiumIR,99
1511694669073,Sound_R,57.70542686328947
1511694672404,Temperature_1,24.25
1511694672407,Humidity_1,18.58870540339392
1511694672410,Brightness_1,74.0
1511694672413,Temperature_2,24.02
1511694672415,Humidity_2,18.58870540339392
1511694672417,Brightness_2,83.0
1511694677183,Sound_P,61.023021476191225
1511694677187,PodiumIR,92
1511694678808,Temperature_1,24.25
1511694678811,Humidity_1,18.58870540339392
1511694678814,Brightness_1,74.0
1511694678817,Temperature_2,24.02
1511694678820,Humidity_2,18.58870540339392
1511694678823,Brightness_2,83.0
1511694679073,Sound_R,60.659184325286965
1511694685276,Temperature_1,24.25
1511694685279,Humidity_1,18.58870540339392
1511694685282,Brightness_1,72.0
1511694685284,Temperature_2,24.02
1511694685287,Humidity_2,18.58870540339392
1511694685289,Brightness_2,83.0
1511694687198,Sound_P,61.023021476191225
1511694687201,PodiumIR,89
1511694689073,Sound_R,59.85053294865056
1511694692052,Temperature_1,24.25
1511694692055,Humidity_1,18.58870540339392
1511694692058,Brightness_1,72.0
1511694692061,Temperature_2,24.02
1511694692063,Humidity_2,18.58870540339392
1511694692065,Brightness_2,83.0
1511694697227,Sound_P,61.80460425887306
1511694697236,PodiumIR,100
1511694698489,Temperature_1,24.25
1511694698492,Humidity_1,18.58870540339392
1511694698495,Brightness_1,72.0
1511694698498,Temperature_2,24.02
1511694698500,Humidity_2,18.58870540339392
1511694698502,Brightness_2,83.0
1511694699073,Sound_R,58.774680899644125
1511694704931,Temperature_1,24.25
1511694704934,Humidity_1,18.58870540339392
1511694704938,Brightness_1,72.0
1511694704940,Temperature_2,23.9
1511694704942,Humidity_2,18.58870540339392
1511694704944,Brightness_2,79.0
1511694707248,Sound_P,63.95233273361063
1511694707251,PodiumIR,133
1511694709073,Sound_R,61.301976539002936
1511694711600,Temperature_1,24.25
1511694711603,Humidity_1,18.58870540339392
1511694711606,Brightness_1,72.0
1511694711609,Temperature_2,23.9
1511694711611,Humidity_2,18.58870540339392
1511694711614,Brightness_2,79.0
1511694717262,Sound_P,62.551438321825636
1511694717266,PodiumIR,98
1511694718145,Temperature_1,24.25
1511694718148,Humidity_1,18.58870540339392
1511694718151,Brightness_1,72.0
1511694718153,Temperature_2,23.9
1511694718156,Humidity_2,18.58870540339392
1511694718158,Brightness_2,79.0
1511694719073,Sound_R,62.10079615286216
1511694724570,Temperature_1,24.25
1511694724573,Humidity_1,18.58870540339392
1511694724576,Brightness_1,72.0
1511694724578,Temperature_2,23.9
1511694724581,Humidity_2,18.58870540339392
1511694724583,Brightness_2,79.0
1511694727276,Sound_P,61.80460425887306
1511694727280,PodiumIR,91
1511694729073,Sound_R,60.47727875242888
1511694731048,Temperature_1,24.25
1511694731051,Humidity_1,18.58870540339392
1511694731054,Brightness_1,72.0
1511694731057,Temperature_2,23.9
1511694731059,Humidity_2,18.58870540339392
1511694731061,Brightness_2,79.0
1511694737290,Sound_P,59.341519288975356
1511694737293,PodiumIR,78
1511694737804,Temperature_1,24.25
1511694737807,Humidity_1,18.58870540339392
1511694737810,Brightness_1,72.0
1511694737813,Temperature_2,23.9
1511694737815,Humidity_2,18.58870540339392
1511694737818,Brightness_2,79.0
1511694739073,Sound_R,57.99661415606521
1511694744222,Temperature_1,24.25
1511694744225,Humidity_1,18.465385522793095
1511694744229,Brightness_1,75.0
1511694744231,Temperature_2,23.9
1511694744233,Humidity_2,18.58870540339392
1511694744236,Brightness_2,79.0
1511694747304,Sound_P,63.26648240367583
1511694747308,PodiumIR,97
1511694749073,Sound_R,57.652016833289906
1511694750631,Temperature_1,24.25
1511694750633,Humidity_1,18.465385522793095
1511694750637,Brightness_1,75.0
1511694750639,Temperature_2,23.9
1511694750641,Humidity_2,18.58870540339392
1511694750644,Brightness_2,79.0
1511694757319,Sound_P,60.20329792798059
1511694757323,PodiumIR,81
1511694757344,Temperature_1,24.25
1511694757347,Humidity_1,18.465385522793095
1511694757350,Brightness_1,75.0
1511694757352,Temperature_2,23.9
1511694757354,Humidity_2,18.58870540339392
1511694757357,Brightness_2,79.0
1511694759073,Sound_R,60.27293503772366
1511694763806,Temperature_1,24.25
1511694763809,Humidity_1,18.465385522793095
1511694763812,Brightness_1,75.0
1511694763814,Temperature_2,23.9
1511694763816,Humidity_2,18.58870540339392
1511694763819,Brightness_2,79.0
1511694767337,Sound_P,61.023021476191225
1511694767341,PodiumIR,76
1511694769073,Sound_R,59.831650331054696
1511694770369,Temperature_1,24.25
1511694770372,Humidity_1,18.465385522793095
1511694770375,Brightness_1,75.0
1511694770379,Temperature_2,23.9
1511694770383,Humidity_2,18.58870540339392
1511694770387,Brightness_2,84.0
1511694776820,Temperature_1,24.25
1511694776822,Humidity_1,18.465385522793095
1511694776825,Brightness_1,75.0
1511694776828,Temperature_2,23.9
1511694776830,Humidity_2,18.58870540339392
1511694776832,Brightness_2,84.0
1511694777357,Sound_P,61.023021476191225
1511694777360,PodiumIR,111
1511694779073,Sound_R,58.99074839634505
1511694783467,Temperature_1,24.25
1511694783469,Humidity_1,18.465385522793095
1511694783472,Brightness_1,75.0
1511694783474,Temperature_2,23.9
1511694783477,Humidity_2,18.58870540339392
1511694783479,Brightness_2,84.0
1511694787371,Sound_P,60.20329792798059
1511694787374,PodiumIR,82
1511694789073,Sound_R,59.8670728126913
1511694789909,Temperature_1,24.25
1511694789912,Humidity_1,18.465385522793095
1511694789915,Brightness_1,75.0
1511694789918,Temperature_2,23.9
1511694789920,Humidity_2,18.58870540339392
1511694789923,Brightness_2,84.0
1511694796370,Temperature_1,24.25
1511694796373,Humidity_1,18.465385522793095
1511694796376,Brightness_1,75.0
1511694796379,Temperature_2,23.9
1511694796381,Humidity_2,18.58870540339392
1511694796383,Brightness_2,84.0
1511694797386,Sound_P,63.26648240367583
1511694797390,PodiumIR,81
1511694799073,Sound_R,59.18921523517084
1511694803136,Temperature_1,24.25
1511694803139,Humidity_1,18.465385522793095
1511694803142,Brightness_1,75.0
1511694803144,Temperature_2,23.9
1511694803147,Humidity_2,18.58870540339392
1511694803149,Brightness_2,84.0
1511694807401,Sound_P,61.023021476191225
1511694807404,PodiumIR,98
1511694809073,Sound_R,58.70575062367188
1511694809560,Temperature_1,24.25
1511694809563,Humidity_1,18.58870540339392
1511694809566,Brightness_1,72.0
1511694809569,Temperature_2,23.9
1511694809571,Humidity_2,18.58870540339392
1511694809573,Brightness_2,84.0
1511694816236,Temperature_1,24.25
1511694816238,Humidity_1,18.58870540339392
1511694816242,Brightness_1,72.0
1511694816244,Temperature_2,23.9
1511694816246,Humidity_2,18.58870540339392
1511694816249,Brightness_2,84.0
1511694817416,Sound_P,60.20329792798059
1511694817419,PodiumIR,91
1511694819073,Sound_R,57.8590618087351
1511694822648,Temperature_1,24.25
1511694822651,Humidity_1,18.58870540339392
1511694822654,Brightness_1,72.0
1511694822657,Temperature_2,23.9
1511694822659,Humidity_2,18.58870540339392
1511694822661,Brightness_2,84.0
1511694827430,Sound_P,61.023021476191225
1511694827434,PodiumIR,94
1511694829073,Sound_R,59.43705665554548
1511694829353,Temperature_1,24.25
1511694829356,Humidity_1,18.58870540339392
1511694829360,Brightness_1,72.0
1511694829362,Temperature_2,23.9
1511694829364,Humidity_2,18.58870540339392
1511694829366,Brightness_2,79.0
1511694835802,Temperature_1,24.25
1511694835805,Humidity_1,18.58870540339392
1511694835809,Brightness_1,72.0
1511694835811,Temperature_2,23.9
1511694835813,Humidity_2,18.58870540339392
1511694835815,Brightness_2,79.0
1511694837445,Sound_P,59.341519288975356
1511694837448,PodiumIR,85
1511694839073,Sound_R,60.88387628538538
1511694842246,Temperature_1,24.25
1511694842249,Humidity_1,18.58870540339392
1511694842253,Brightness_1,72.0
1511694842255,Temperature_2,23.9
1511694842257,Humidity_2,18.58870540339392
1511694842260,Brightness_2,79.0
1511694847465,Sound_P,59.341519288975356
1511694847471,PodiumIR,93
1511694848658,Temperature_1,24.25
1511694848661,Humidity_1,18.58870540339392
1511694848664,Brightness_1,72.0
1511694848667,Temperature_2,23.9
1511694848669,Humidity_2,18.58870540339392
1511694848672,Brightness_2,79.0
1511694849073,Sound_R,58.10370568261542
1511694855362,Temperature_1,24.25
1511694855365,Humidity_1,18.58870540339392
1511694855368,Brightness_1,72.0
1511694855370,Temperature_2,23.9
1511694855372,Humidity_2,18.58870540339392
1511694855374,Brightness_2,79.0
1511694857482,Sound_P,58.433135904413454
1511694857485,PodiumIR,83
1511694859073,Sound_R,56.20097332427472
1511694861819,Temperature_1,24.25
1511694861822,Humidity_1,18.58870540339392
1511694861825,Brightness_1,72.0
1511694861828,Temperature_2,23.9
1511694861830,Humidity_2,18.58870540339392
1511694861832,Brightness_2,79.0
1511694867496,Sound_P,57.472817393488484
1511694867499,PodiumIR,106
1511694868367,Temperature_1,24.25
1511694868370,Humidity_1,18.58870540339392
1511694868374,Brightness_1,72.0
1511694868376,Temperature_2,23.9
1511694868378,Humidity_2,18.58870540339392
1511694868381,Brightness_2,79.0
1511694869073,Sound_R,59.82685135916865
1511694875022,Temperature_1,24.25
1511694875025,Humidity_1,18.465385522793095
1511694875028,Brightness_1,76.0
1511694875031,Temperature_2,23.9
1511694875033,Humidity_2,18.58870540339392
1511694875035,Brightness_2,79.0
1511694877511,Sound_P,58.433135904413454
1511694877514,PodiumIR,87
1511694879073,Sound_R,62.97961005052958
1511694881432,Temperature_1,24.25
1511694881435,Humidity_1,18.465385522793095
1511694881438,Brightness_1,76.0
1511694881441,Temperature_2,23.9
1511694881443,Humidity_2,18.58870540339392
1511694881445,Brightness_2,79.0
1511694887524,Sound_P,61.80460425887306
1511694887527,PodiumIR,90
1511694888126,Temperature_1,24.25
1511694888129,Humidity_1,18.465385522793095
1511694888132,Brightness_1,76.0
1511694888134,Temperature_2,23.9
1511694888137,Humidity_2,18.58870540339392
1511694888139,Brightness_2,79.0
1511694889073,Sound_R,61.216120401489775
1511694894539,Temperature_1,24.25
1511694894542,Humidity_1,18.465385522793095
1511694894545,Brightness_1,76.0
1511694894548,Temperature_2,23.9
1511694894550,Humidity_2,18.58870540339392
1511694894552,Brightness_2,79.0
1511694897537,Sound_P,57.472817393488484
1511694897540,PodiumIR,88
1511694899073,Sound_R,59.656604288956
1511694901235,Temperature_1,24.25
1511694901238,Humidity_1,18.465385522793095
1511694901241,Brightness_1,76.0
1511694901243,Temperature_2,23.9
1511694901245,Humidity_2,18.58870540339392
1511694901248,Brightness_2,79.0
1511694907551,Sound_P,58.433135904413454
1511694907555,PodiumIR,60
1511694907646,Temperature_1,24.25
1511694907649,Humidity_1,18.465385522793095
1511694907652,Brightness_1,76.0
1511694907654,Temperature_2,23.9
1511694907657,Humidity_2,18.58870540339392
1511694907660,Brightness_2,79.0
1511694909073,Sound_R,61.73780286153376
1511694914375,Temperature_1,24.25
1511694914379,Humidity_1,18.465385522793095
1511694914382,Brightness_1,76.0
1511694914385,Temperature_2,23.9
1511694914387,Humidity_2,18.58870540339392
1511694914389,Brightness_2,79.0
1511694917566,Sound_P,61.023021476191225
1511694917569,PodiumIR,109
1511694919073,Sound_R,63.47031449927408
1511694920800,Temperature_1,24.25
1511694920803,Humidity_1,18.465385522793095
1511694920806,Brightness_1,76.0
1511694920809,Temperature_2,23.9
1511694920811,Humidity_2,18.58870540339392
1511694920813,Brightness_2,79.0
1511694927210,Temperature_1,24.25
1511694927213,Humidity_1,18.465385522793095
1511694927217,Brightness_1,76.0
1511694927219,Temperature_2,23.9
1511694927221,Humidity_2,18.58870540339392
1511694927225,Brightness_2,79.0
1511694927580,Sound_P,61.80460425887306
1511694927584,PodiumIR,89
1511694929073,Sound_R,65.08406863153625
1511694933897,Temperature_1,24.25
1511694933900,Humidity_1,18.465385522793095
1511694933903,Brightness_1,76.0
1511694933905,Temperature_2,23.9
1511694933908,Humidity_2,18.58870540339392
1511694933910,Brightness_2,79.0
1511694937595,Sound_P,58.433135904413454
1511694937598,PodiumIR,96
1511694939073,Sound_R,62.68033477728321
1511694940351,Temperature_1,24.25
1511694940354,Humidity_1,18.465385522793095
1511694940357,Brightness_1,72.0
1511694940360,Temperature_2,23.9
1511694940362,Humidity_2,18.58870540339392
1511694940364,Brightness_2,79.0
1511694946809,Temperature_1,24.25
1511694946812,Humidity_1,18.465385522793095
1511694946815,Brightness_1,72.0
1511694946818,Temperature_2,23.9
1511694946820,Humidity_2,18.58870540339392
1511694946822,Brightness_2,79.0
1511694947609,Sound_P,59.341519288975356
1511694947613,PodiumIR,90
1511694949073,Sound_R,58.77596060008725
1511694953275,Temperature_1,24.25
1511694953278,Humidity_1,18.465385522793095
1511694953281,Brightness_1,72.0
1511694953284,Temperature_2,23.9
1511694953286,Humidity_2,18.58870540339392
1511694953289,Brightness_2,79.0
1511694957624,Sound_P,61.80460425887306
1511694957628,PodiumIR,90
1511694959073,Sound_R,59.49684302205373
1511694959676,Temperature_1,24.25
1511694959679,Humidity_1,18.465385522793095
1511694959682,Brightness_1,72.0
1511694959684,Temperature_2,23.9
1511694959687,Humidity_2,18.58870540339392
1511694959689,Brightness_2,83.0
1511694966370,Temperature_1,24.25
1511694966373,Humidity_1,18.465385522793095
1511694966376,Brightness_1,72.0
1511694966379,Temperature_2,23.9
1511694966381,Humidity_2,18.58870540339392
1511694966383,Brightness_2,83.0
1511694967639,Sound_P,61.80460425887306
1511694967642,PodiumIR,93
1511694969073,Sound_R,60.67273948681352
1511694972812,Temperature_1,24.25
1511694972815,Humidity_1,18.465385522793095
1511694972818,Brightness_1,72.0
1511694972821,Temperature_2,23.9
1511694972823,Humidity_2,18.58870540339392
1511694972825,Brightness_2,83.0
1511694977654,Sound_P,59.341519288975356
1511694977657,PodiumIR,83
1511694979073,Sound_R,59.17563319149941
1511694979258,Temperature_1,24.25
1511694979261,Humidity_1,18.465385522793095
1511694979265,Brightness_1,72.0
1511694979267,Temperature_2,23.9
1511694979269,Humidity_2,18.58870540339392
1511694979272,Brightness_2,83.0
1511694985720,Temperature_1,24.25
1511694985723,Humidity_1,18.465385522793095
1511694985726,Brightness_1,72.0
1511694985729,Temperature_2,23.9
1511694985731,Humidity_2,18.58870540339392
1511694985733,Brightness_2,83.0
1511694987668,Sound_P,58.433135904413454
1511694987672,PodiumIR,89
1511694989073,Sound_R,56.72891556942087
1511694992206,Temperature_1,24.25
1511694992209,Humidity_1,18.465385522793095
1511694992212,Brightness_1,72.0
1511694992214,Temperature_2,23.9
1511694992217,Humidity_2,18.58870540339392
1511694992219,Brightness_2,83.0
1511694997683,Sound_P,62.551438321825636
1511694997689,PodiumIR,89
1511694998609,Temperature_1,24.25
1511694998612,Humidity_1,18.465385522793095
1511694998615,Brightness_1,70.0
1511694998617,Temperature_2,23.9
1511694998620,Humidity_2,18.58870540339392
1511694998622,Brightness_2,83.0
1511694999073,Sound_R,57.74553686278244
1511695005270,Temperature_1,24.25
1511695005273,Humidity_1,18.465385522793095
1511695005277,Brightness_1,70.0
1511695005279,Temperature_2,23.9
1511695005281,Humidity_2,18.58870540339392
1511695005283,Brightness_2,83.0
1511695007699,Sound_P,61.023021476191225
1511695007702,PodiumIR,98
1511695009073,Sound_R,58.50776579017207
1511695011730,Temperature_1,24.25
1511695011733,Humidity_1,18.465385522793095
1511695011736,Brightness_1,70.0
1511695011738,Temperature_2,23.9
1511695011740,Humidity_2,18.58870540339392
1511695011744,Brightness_2,83.0
1511695017711,Sound_P,61.023021476191225
1511695017714,PodiumIR,96
1511695018275,Temperature_1,24.25
1511695018278,Humidity_1,18.465385522793095
1511695018281,Brightness_1,70.0
1511695018284,Temperature_2,23.9
1511695018286,Humidity_2,18.58870540339392
1511695018288,Brightness_2,83.0
1511695019073,Sound_R,59.54817876179059
1511695024689,Temperature_1,24.25
1511695024692,Humidity_1,18.465385522793095
1511695024695,Brightness_1,70.0
1511695024698,Temperature_2,23.9
1511695024700,Humidity_2,18.58870540339392
1511695024702,Brightness_2,82.0
1511695027725,Sound_P,60.20329792798059
1511695027729,PodiumIR,90
1511695029073,Sound_R,58.546297177774115
1511695031390,Temperature_1,24.25
1511695031392,Humidity_1,18.465385522793095
1511695031395,Brightness_1,70.0
1511695031397,Temperature_2,23.9
1511695031399,Humidity_2,18.58870540339392
1511695031401,Brightness_2,82.0
1511695037738,Sound_P,58.433135904413454
1511695037742,PodiumIR,94
1511695037807,Temperature_1,24.25
1511695037809,Humidity_1,18.465385522793095
1511695037813,Brightness_1,70.0
1511695037815,Temperature_2,23.9
1511695037817,Humidity_2,18.58870540339392
1511695037819,Brightness_2,82.0
1511695039073,Sound_R,57.46205232240094
1511695044372,Temperature_1,24.25
1511695044375,Humidity_1,18.465385522793095
1511695044378,Brightness_1,70.0
1511695044381,Temperature_2,23.9
1511695044384,Humidity_2,18.58870540339392
1511695044387,Brightness_2,82.0
1511695047750,Sound_P,57.472817393488484
1511695047754,PodiumIR,88
1511695049073,Sound_R,56.802497267238984
1511695051053,Temperature_1,24.25
1511695051056,Humidity_1,18.465385522793095
1511695051059,Brightness_1,70.0
1511695051062,Temperature_2,23.9
1511695051064,Humidity_2,18.58870540339392
1511695051066,Brightness_2,82.0
1511695057766,Sound_P,62.551438321825636
1511695057769,PodiumIR,90
1511695057833,Temperature_1,24.25
1511695057836,Humidity_1,18.465385522793095
1511695057839,Brightness_1,70.0
1511695057841,Temperature_2,23.9
1511695057843,Humidity_2,18.58870540339392
1511695057845,Brightness_2,82.0
1511695059073,Sound_R,58.44075016794193
1511695064381,Temperature_1,24.25
1511695064384,Humidity_1,18.465385522793095
1511695064388,Brightness_1,76.0
1511695064390,Temperature_2,23.9
1511695064392,Humidity_2,18.58870540339392
1511695064394,Brightness_2,82.0
1511695067780,Sound_P,63.26648240367583
1511695067783,PodiumIR,87
1511695069073,Sound_R,58.86602830138023
1511695071114,Temperature_1,24.25
1511695071117,Humidity_1,18.465385522793095
1511695071121,Brightness_1,76.0
1511695071123,Temperature_2,23.9
1511695071125,Humidity_2,18.58870540339392
1511695071127,Brightness_2,82.0
1511695077794,Sound_P,61.80460425887306
1511695077797,PodiumIR,86
1511695077831,Temperature_1,24.25
1511695077834,Humidity_1,18.465385522793095
1511695077838,Brightness_1,76.0
1511695077840,Temperature_2,23.9
1511695077843,Humidity_2,18.58870540339392
1511695077846,Brightness_2,82.0
1511695079073,Sound_R,57.38889305542903
1511695084264,Temperature_1,24.25
1511695084267,Humidity_1,18.465385522793095
1511695084270,Brightness_1,76.0
1511695084272,Temperature_2,23.9
1511695084275,Humidity_2,18.58870540339392
1511695084277,Brightness_2,82.0
1511695087809,Sound_P,61.023021476191225
1511695087813,PodiumIR,81
1511695089073,Sound_R,56.51368343554961
1511695090673,Temperature_1,24.25
1511695090676,Humidity_1,18.465385522793095
1511695090679,Brightness_1,76.0
1511695090681,Temperature_2,23.9
1511695090684,Humidity_2,18.58870540339392
1511695090686,Brightness_2,82.0
1511695097135,Temperature_1,24.25
1511695097138,Humidity_1,18.465385522793095
1511695097141,Brightness_1,76.0
1511695097143,Temperature_2,23.9
1511695097145,Humidity_2,18.58870540339392
1511695097148,Brightness_2,82.0
1511695097824,Sound_P,58.433135904413454
1511695097828,PodiumIR,87
1511695099073,Sound_R,56.64922147152452
1511695103579,Temperature_1,24.25
1511695103582,Humidity_1,18.465385522793095
1511695103585,Brightness_1,76.0
1511695103588,Temperature_2,23.9
1511695103590,Humidity_2,18.58870540339392
1511695103592,Brightness_2,82.0
1511695107839,Sound_P,59.341519288975356
1511695107842,PodiumIR,81
1511695109073,Sound_R,57.7735768427417
1511695110036,Temperature_1,24.25
1511695110039,Humidity_1,18.465385522793095
1511695110042,Brightness_1,76.0
1511695110044,Temperature_2,23.9
1511695110047,Humidity_2,18.58870540339392
1511695110050,Brightness_2,82.0
1511695116467,Temperature_1,24.25
1511695116470,Humidity_1,18.465385522793095
1511695116474,Brightness_1,76.0
1511695116476,Temperature_2,23.9
1511695116478,Humidity_2,18.58870540339392
1511695116480,Brightness_2,82.0
1511695117854,Sound_P,60.20329792798059
1511695117857,PodiumIR,97
1511695119073,Sound_R,58.64324004440679
1511695123133,Temperature_1,24.25
1511695123136,Humidity_1,18.465385522793095
1511695123140,Brightness_1,76.0
1511695123142,Temperature_2,23.9
1511695123144,Humidity_2,18.58870540339392
1511695123147,Brightness_2,82.0
1511695127868,Sound_P,60.20329792798059
1511695127872,PodiumIR,88
1511695129073,Sound_R,57.203766788320785
1511695129808,Temperature_1,24.25
1511695129811,Humidity_1,18.465385522793095
1511695129814,Brightness_1,72.0
1511695129817,Temperature_2,23.9
1511695129819,Humidity_2,18.58870540339392
1511695129821,Brightness_2,82.0
1511695136384,Temperature_1,24.25
1511695136388,Humidity_1,18.465385522793095
1511695136391,Brightness_1,72.0
1511695136393,Temperature_2,23.9
1511695136396,Humidity_2,18.58870540339392
1511695136398,Brightness_2,82.0
1511695137883,Sound_P,61.023021476191225
1511695137887,PodiumIR,96
1511695139073,Sound_R,54.19212245844935
1511695143110,Temperature_1,24.25
1511695143113,Humidity_1,18.465385522793095
1511695143116,Brightness_1,72.0
1511695143119,Temperature_2,23.9
1511695143121,Humidity_2,18.58870540339392
1511695143123,Brightness_2,82.0
1511695147897,Sound_P,58.433135904413454
1511695147900,PodiumIR,73
1511695149073,Sound_R,55.05087947123082
1511695149666,Temperature_1,24.25
1511695149669,Humidity_1,18.465385522793095
1511695149672,Brightness_1,72.0
1511695149675,Temperature_2,23.9
1511695149677,Humidity_2,18.58870540339392
1511695149680,Brightness_2,79.0
1511695156107,Temperature_1,24.25
1511695156110,Humidity_1,18.465385522793095
1511695156113,Brightness_1,72.0
1511695156115,Temperature_2,23.9
1511695156118,Humidity_2,18.58870540339392
1511695156120,Brightness_2,79.0
1511695157912,Sound_P,61.80460425887306
1511695157916,PodiumIR,87
1511695159073,Sound_R,55.552812377342626
1511695162516,Temperature_1,24.25
1511695162519,Humidity_1,18.465385522793095
1511695162522,Brightness_1,72.0
1511695162525,Temperature_2,23.9
1511695162527,Humidity_2,18.58870540339392
1511695162529,Brightness_2,79.0
1511695167927,Sound_P,59.341519288975356
1511695167933,PodiumIR,104
1511695168928,Temperature_1,24.25
1511695168931,Humidity_1,18.465385522793095
1511695168934,Brightness_1,72.0
1511695168937,Temperature_2,23.9
1511695168939,Humidity_2,18.58870540339392
1511695168941,Brightness_2,79.0
1511695169073,Sound_R,59.24607229525424
1511695175573,Temperature_1,24.25
1511695175575,Humidity_1,18.465385522793095
1511695175578,Brightness_1,72.0
1511695175581,Temperature_2,23.9
1511695175583,Humidity_2,18.58870540339392
1511695175585,Brightness_2,79.0
1511695177945,Sound_P,58.433135904413454
1511695177948,PodiumIR,79
1511695179073,Sound_R,60.64493650437519
1511695182376,Temperature_1,24.25
1511695182379,Humidity_1,18.465385522793095
1511695182383,Brightness_1,72.0
1511695182385,Temperature_2,23.9
1511695182388,Humidity_2,18.58870540339392
1511695182390,Brightness_2,79.0
1511695187960,Sound_P,60.20329792798059
1511695187970,PodiumIR,92
1511695189073,Sound_R,58.544464486044895
1511695189080,Temperature_1,24.25
1511695189083,Humidity_1,18.465385522793095
1511695189086,Brightness_1,73.0
1511695189089,Temperature_2,23.9
1511695189091,Humidity_2,18.58870540339392
1511695189093,Brightness_2,79.0
1511695195547,Temperature_1,24.25
1511695195550,Humidity_1,18.465385522793095
1511695195553,Brightness_1,73.0
1511695195555,Temperature_2,23.9
1511695195558,Humidity_2,18.58870540339392
1511695195561,Brightness_2,79.0
1511695197982,Sound_P,60.20329792798059
1511695197985,PodiumIR,127
1511695199073,Sound_R,58.03594168366508
1511695202023,Temperature_1,24.25
1511695202026,Humidity_1,18.465385522793095
1511695202029,Brightness_1,73.0
1511695202031,Temperature_2,23.9
1511695202034,Humidity_2,18.58870540339392
1511695202036,Brightness_2,79.0
1511695207997,Sound_P,59.341519288975356
1511695208000,PodiumIR,95
1511695208455,Temperature_1,24.25
1511695208458,Humidity_1,18.465385522793095
1511695208462,Brightness_1,73.0
1511695208464,Temperature_2,23.9
1511695208466,Humidity_2,18.58870540339392
1511695208469,Brightness_2,79.0
1511695209073,Sound_R,57.78806768519194
1511695214894,Temperature_1,24.25
1511695214897,Humidity_1,18.465385522793095
1511695214900,Brightness_1,73.0
1511695214902,Temperature_2,23.9
1511695214905,Humidity_2,18.58870540339392
1511695214908,Brightness_2,79.0
1511695218009,Sound_P,60.20329792798059
1511695218012,PodiumIR,92
1511695219073,Sound_R,58.59733719458324
1511695221343,Temperature_1,24.25
1511695221346,Humidity_1,18.465385522793095
1511695221349,Brightness_1,73.0
1511695221351,Temperature_2,23.9
1511695221353,Humidity_2,18.58870540339392
1511695221356,Brightness_2,79.0
1511695227793,Temperature_1,24.25
1511695227796,Humidity_1,18.465385522793095
1511695227800,Brightness_1,73.0
1511695227802,Temperature_2,23.9
1511695227805,Humidity_2,18.58870540339392
1511695227807,Brightness_2,79.0
1511695228023,Sound_P,61.023021476191225
1511695228026,PodiumIR,74
1511695229073,Sound_R,58.584932554949454
1511695234199,Temperature_1,24.25
1511695234203,Humidity_1,18.465385522793095
1511695234206,Brightness_1,73.0
1511695234209,Temperature_2,23.9
1511695234211,Humidity_2,18.58870540339392
1511695234213,Brightness_2,79.0
1511695238037,Sound_P,58.433135904413454
1511695238040,PodiumIR,120
1511695239073,Sound_R,58.40963541412671
1511695240607,Temperature_1,24.25
1511695240610,Humidity_1,18.465385522793095
1511695240613,Brightness_1,73.0
1511695240615,Temperature_2,23.9
1511695240617,Humidity_2,18.58870540339392
1511695240619,Brightness_2,79.0
1511695247354,Temperature_1,24.25
1511695247357,Humidity_1,18.465385522793095
1511695247360,Brightness_1,73.0
1511695247362,Temperature_2,23.9
1511695247364,Humidity_2,18.58870540339392
1511695247367,Brightness_2,79.0
1511695248051,Sound_P,59.341519288975356
1511695248054,PodiumIR,93
1511695249073,Sound_R,56.56985647703886
1511695253902,Temperature_1,24.25
1511695253905,Humidity_1,18.465385522793095
1511695253908,Brightness_1,73.0
1511695253910,Temperature_2,23.9
1511695253912,Humidity_2,18.58870540339392
1511695253914,Brightness_2,79.0
1511695258064,Sound_P,58.433135904413454
1511695258068,PodiumIR,82
1511695259073,Sound_R,55.08598516646384
1511695260362,Temperature_1,24.25
1511695260365,Humidity_1,18.465385522793095
1511695260368,Brightness_1,73.0
1511695260370,Temperature_2,23.9
1511695260372,Humidity_2,18.58870540339392
1511695260375,Brightness_2,79.0
1511695266805,Temperature_1,24.25
1511695266808,Humidity_1,18.465385522793095
1511695266811,Brightness_1,73.0
1511695266814,Temperature_2,23.9
1511695266816,Humidity_2,18.58870540339392
1511695266818,Brightness_2,79.0
1511695268077,Sound_P,60.20329792798059
1511695268080,PodiumIR,92
1511695269073,Sound_R,55.34911564255069
1511695273259,Temperature_1,24.25
1511695273262,Humidity_1,18.465385522793095
1511695273265,Brightness_1,73.0
1511695273268,Temperature_2,23.9
1511695273270,Humidity_2,18.58870540339392
1511695273273,Brightness_2,81.0
1511695278088,Sound_P,59.341519288975356
1511695278092,PodiumIR,91
1511695279073,Sound_R,54.68229037811219
1511695279723,Temperature_1,24.25
1511695279726,Humidity_1,18.465385522793095
1511695279730,Brightness_1,73.0
1511695279732,Temperature_2,23.9
1511695279734,Humidity_2,18.58870540339392
1511695279737,Brightness_2,81.0
1511695286161,Temperature_1,24.25
1511695286164,Humidity_1,18.465385522793095
1511695286167,Brightness_1,73.0
1511695286170,Temperature_2,23.9
1511695286172,Humidity_2,18.58870540339392
1511695286174,Brightness_2,81.0
1511695288103,Sound_P,61.023021476191225
1511695288106,PodiumIR,89
1511695289073,Sound_R,54.27133699210206
1511695292553,Temperature_1,24.25
1511695292556,Humidity_1,18.465385522793095
1511695292560,Brightness_1,73.0
1511695292562,Temperature_2,23.9
1511695292564,Humidity_2,18.58870540339392
1511695292566,Brightness_2,81.0
1511695298118,Sound_P,61.023021476191225
1511695298125,PodiumIR,128
1511695298967,Temperature_1,24.25
1511695298970,Humidity_1,18.465385522793095
1511695298973,Brightness_1,73.0
1511695298976,Temperature_2,23.9
1511695298978,Humidity_2,18.58870540339392
1511695298980,Brightness_2,81.0
1511695299073,Sound_R,56.7773729375779
1511695305417,Temperature_1,24.25
1511695305420,Humidity_1,18.465385522793095
1511695305423,Brightness_1,73.0
1511695305425,Temperature_2,23.9
1511695305428,Humidity_2,18.58870540339392
1511695305431,Brightness_2,81.0
1511695308135,Sound_P,59.341519288975356
1511695308139,PodiumIR,74
1511695309073,Sound_R,58.61993158505671
1511695312273,Temperature_1,24.25
1511695312276,Humidity_1,18.465385522793095
1511695312279,Brightness_1,73.0
1511695312282,Temperature_2,23.9
1511695312284,Humidity_2,18.58870540339392
1511695312287,Brightness_2,81.0
1511695318150,Sound_P,61.80460425887306
1511695318158,PodiumIR,96
1511695318682,Temperature_1,24.13
1511695318685,Humidity_1,18.58870540339392
1511695318689,Brightness_1,72.0
1511695318691,Temperature_2,23.9
1511695318693,Humidity_2,18.58870540339392
1511695318695,Brightness_2,81.0
1511695319073,Sound_R,56.88577981375164
1511695325094,Temperature_1,24.13
1511695325097,Humidity_1,18.58870540339392
1511695325101,Brightness_1,72.0
1511695325103,Temperature_2,23.9
1511695325105,Humidity_2,18.58870540339392
1511695325108,Brightness_2,81.0
1511695328169,Sound_P,64.61127993529891
1511695328172,PodiumIR,109
1511695329073,Sound_R,57.334787580424624
1511695331631,Temperature_1,24.13
1511695331634,Humidity_1,18.58870540339392
1511695331637,Brightness_1,72.0
1511695331639,Temperature_2,23.9
1511695331642,Humidity_2,18.58870540339392
1511695331644,Brightness_2,81.0
1511695338074,Temperature_1,24.13
1511695338077,Humidity_1,18.58870540339392
1511695338080,Brightness_1,72.0
1511695338083,Temperature_2,23.9
1511695338085,Humidity_2,18.58870540339392
1511695338087,Brightness_2,79.0
1511695338182,Sound_P,61.023021476191225
1511695338185,PodiumIR,94
1511695339073,Sound_R,55.6935018569965
1511695344499,Temperature_1,24.13
1511695344502,Humidity_1,18.58870540339392
1511695344505,Brightness_1,72.0
1511695344508,Temperature_2,23.9
1511695344510,Humidity_2,18.58870540339392
1511695344512,Brightness_2,79.0
1511695348197,Sound_P,63.95233273361063
1511695348200,PodiumIR,97
1511695349073,Sound_R,53.41944668699557
1511695351205,Temperature_1,24.13
1511695351209,Humidity_1,18.58870540339392
1511695351212,Brightness_1,72.0
1511695351214,Temperature_2,23.9
1511695351216,Humidity_2,18.58870540339392
1511695351218,Brightness_2,79.0
1511695357635,Temperature_1,24.13
1511695357638,Humidity_1,18.58870540339392
1511695357641,Brightness_1,72.0
1511695357644,Temperature_2,23.9
1511695357646,Humidity_2,18.58870540339392
1511695357648,Brightness_2,79.0
1511695358212,Sound_P,58.433135904413454
1511695358215,PodiumIR,81
1511695359073,Sound_R,54.551264034226904
1511695364304,Temperature_1,24.13
1511695364307,Humidity_1,18.58870540339392
1511695364311,Brightness_1,72.0
1511695364313,Temperature_2,23.9
1511695364315,Humidity_2,18.58870540339392
1511695364318,Brightness_2,79.0
1511695368226,Sound_P,60.20329792798059
1511695368230,PodiumIR,90
1511695369073,Sound_R,57.69151993751539
1511695370722,Temperature_1,24.13
1511695370725,Humidity_1,18.58870540339392
1511695370729,Brightness_1,72.0
1511695370731,Temperature_2,23.9
1511695370733,Humidity_2,18.58870540339392
1511695370735,Brightness_2,79.0
1511695378045,Temperature_1,24.13
1511695378048,Humidity_1,18.58870540339392
1511695378051,Brightness_1,72.0
1511695378054,Temperature_2,23.9
1511695378056,Humidity_2,18.58870540339392
1511695378058,Brightness_2,79.0
1511695378239,Sound_P,57.472817393488484
1511695378243,PodiumIR,87
1511695379073,Sound_R,58.190663001901186
1511695384444,Temperature_1,24.25
1511695384447,Humidity_1,18.465385522793095
1511695384450,Brightness_1,73.0
1511695384452,Temperature_2,23.9
1511695384454,Humidity_2,18.58870540339392
1511695384457,Brightness_2,79.0
1511695388254,Sound_P,64.61127993529891
1511695388257,PodiumIR,69
1511695389073,Sound_R,56.47039466164177
1511695391155,Temperature_1,24.25
1511695391158,Humidity_1,18.465385522793095
1511695391161,Brightness_1,73.0
1511695391164,Temperature_2,23.9
1511695391166,Humidity_2,18.58870540339392
1511695391168,Brightness_2,79.0
1511695397892,Temperature_1,24.25
1511695397895,Humidity_1,18.465385522793095
1511695397898,Brightness_1,73.0
1511695397901,Temperature_2,23.9
1511695397903,Humidity_2,18.58870540339392
1511695397905,Brightness_2,79.0
1511695398268,Sound_P,68.61682354019833
1511695398272,PodiumIR,90
1511695399073,Sound_R,59.40787994479097
1511695404397,Temperature_1,24.25
1511695404399,Humidity_1,18.465385522793095
1511695404403,Brightness_1,73.0
1511695404406,Temperature_2,23.9
1511695404408,Humidity_2,18.58870540339392
1511695404410,Brightness_2,80.0
1511695408283,Sound_P,69.60540278108363
1511695408286,PodiumIR,101
1511695409073,Sound_R,64.05168633671349
1511695410823,Temperature_1,24.25
1511695410826,Humidity_1,18.465385522793095
1511695410830,Brightness_1,73.0
1511695410832,Temperature_2,23.9
1511695410834,Humidity_2,18.58870540339392
1511695410836,Brightness_2,80.0
1511695417342,Temperature_1,24.25
1511695417345,Humidity_1,18.465385522793095
1511695417349,Brightness_1,73.0
1511695417351,Temperature_2,23.9
1511695417353,Humidity_2,18.58870540339392
1511695417355,Brightness_2,80.0
1511695418297,Sound_P,69.11838317407611
1511695418300,PodiumIR,87
1511695419073,Sound_R,66.42655381520647
1511695423788,Temperature_1,24.25
1511695423791,Humidity_1,18.465385522793095
1511695423794,Brightness_1,73.0
1511695423796,Temperature_2,23.9
1511695423799,Humidity_2,18.58870540339392
1511695423801,Brightness_2,80.0
1511695428310,Sound_P,65.8563679754536
1511695428313,PodiumIR,70
1511695429073,Sound_R,65.08881030966272
1511695430250,Temperature_1,24.25
1511695430253,Humidity_1,18.465385522793095
1511695430256,Brightness_1,73.0
1511695430259,Temperature_2,23.9
1511695430261,Humidity_2,18.58870540339392
1511695430263,Brightness_2,80.0
1511695436653,Temperature_1,24.25
1511695436655,Humidity_1,18.465385522793095
1511695436658,Brightness_1,73.0
1511695436661,Temperature_2,23.9
1511695436663,Humidity_2,18.58870540339392
1511695436666,Brightness_2,80.0
1511695438323,Sound_P,60.20329792798059
1511695438327,PodiumIR,108
1511695439073,Sound_R,62.494969675096065
1511695443344,Temperature_1,24.25
1511695443347,Humidity_1,18.465385522793095
1511695443350,Brightness_1,70.0
1511695443353,Temperature_2,23.9
1511695443355,Humidity_2,18.58870540339392
1511695443357,Brightness_2,80.0
1511695448338,Sound_P,68.0998289029382
1511695448348,PodiumIR,92
1511695449073,Sound_R,62.45335412669016
1511695449804,Temperature_1,24.25
1511695449807,Humidity_1,18.465385522793095
1511695449810,Brightness_1,70.0
1511695449813,Temperature_2,23.9
1511695449815,Humidity_2,18.58870540339392
1511695449817,Brightness_2,80.0
1511695456268,Temperature_1,24.25
1511695456271,Humidity_1,18.465385522793095
1511695456274,Brightness_1,70.0
1511695456276,Temperature_2,23.9
1511695456279,Humidity_2,18.58870540339392
1511695456282,Brightness_2,80.0
1511695458364,Sound_P,65.8563679754536
1511695458367,PodiumIR,87
1511695459073,Sound_R,65.80327126565494
1511695462663,Temperature_1,24.25
1511695462666,Humidity_1,18.465385522793095
1511695462669,Brightness_1,70.0
1511695462672,Temperature_2,23.9
1511695462674,Humidity_2,18.58870540339392
1511695462676,Brightness_2,80.0
1511695468378,Sound_P,62.551438321825636
1511695468382,PodiumIR,98
1511695469073,Sound_R,64.74335758433376
1511695469354,Temperature_1,24.25
1511695469357,Humidity_1,18.465385522793095
1511695469360,Brightness_1,70.0
1511695469363,Temperature_2,23.9
1511695469365,Humidity_2,18.58870540339392
1511695469368,Brightness_2,79.0
1511695476112,Temperature_1,24.25
1511695476115,Humidity_1,18.465385522793095
1511695476118,Brightness_1,70.0
1511695476121,Temperature_2,23.9
1511695476123,Humidity_2,18.58870540339392
1511695476125,Brightness_2,79.0
1511695478393,Sound_P,61.023021476191225
1511695478396,PodiumIR,92
1511695479073,Sound_R,62.122037915264066
1511695482515,Temperature_1,24.25
1511695482518,Humidity_1,18.465385522793095
1511695482521,Brightness_1,70.0
1511695482523,Temperature_2,23.9
1511695482526,Humidity_2,18.58870540339392
1511695482529,Brightness_2,79.0
1511695488405,Sound_P,60.20329792798059
1511695488409,PodiumIR,96
1511695489073,Sound_R,63.94389857123764
1511695489224,Temperature_1,24.25
1511695489227,Humidity_1,18.465385522793095
1511695489231,Brightness_1,70.0
1511695489233,Temperature_2,23.9
1511695489235,Humidity_2,18.58870540339392
1511695489237,Brightness_2,79.0
1511695495987,Temperature_1,24.25
1511695495990,Humidity_1,18.465385522793095
1511695495993,Brightness_1,70.0
1511695495995,Temperature_2,23.9
1511695495997,Humidity_2,18.58870540339392
1511695496000,Brightness_2,79.0
1511695498420,Sound_P,61.80460425887306
1511695498423,PodiumIR,91
1511695499073,Sound_R,66.09051211290927
1511695502384,Temperature_1,24.25
1511695502387,Humidity_1,18.465385522793095
1511695502390,Brightness_1,70.0
1511695502393,Temperature_2,23.9
1511695502395,Humidity_2,18.58870540339392
1511695502397,Brightness_2,79.0
1511695508435,Sound_P,62.551438321825636
1511695508438,PodiumIR,80
1511695509073,Sound_R,65.39709764917411
1511695509085,Temperature_1,24.13
1511695509088,Humidity_1,18.465385522793095
1511695509091,Brightness_1,70.0
1511695509094,Temperature_2,23.9
1511695509096,Humidity_2,18.58870540339392
1511695509098,Brightness_2,79.0
1511695515536,Temperature_1,24.13
1511695515539,Humidity_1,18.465385522793095
1511695515542,Brightness_1,70.0
1511695515544,Temperature_2,23.9
1511695515547,Humidity_2,18.58870540339392
1511695515549,Brightness_2,79.0
1511695518449,Sound_P,61.023021476191225
1511695518452,PodiumIR,87
1511695519073,Sound_R,64.19220838606806
1511695522203,Temperature_1,24.13
1511695522206,Humidity_1,18.465385522793095
1511695522209,Brightness_1,70.0
1511695522211,Temperature_2,23.9
1511695522213,Humidity_2,18.58870540339392
1511695522216,Brightness_2,79.0
1511695528461,Sound_P,60.20329792798059
1511695528464,PodiumIR,94
1511695528617,Temperature_1,24.13
1511695528620,Humidity_1,18.465385522793095
1511695528623,Brightness_1,70.0
1511695528626,Temperature_2,23.9
1511695528628,Humidity_2,18.58870540339392
1511695528632,Brightness_2,79.0
1511695529073,Sound_R,63.53632737216378
1511695535300,Temperature_1,24.13
1511695535303,Humidity_1,18.465385522793095
1511695535306,Brightness_1,70.0
1511695535309,Temperature_2,23.9
1511695535311,Humidity_2,18.58870540339392
1511695535313,Brightness_2,79.0
1511695538475,Sound_P,68.0998289029382
1511695538479,PodiumIR,89
1511695539073,Sound_R,62.679728678614744
1511695541718,Temperature_1,24.13
1511695541721,Humidity_1,18.465385522793095
1511695541725,Brightness_1,70.0
1511695541727,Temperature_2,23.9
1511695541729,Humidity_2,18.58870540339392
1511695541732,Brightness_2,79.0
1511695548408,Temperature_1,24.13
1511695548411,Humidity_1,18.465385522793095
1511695548414,Brightness_1,70.0
1511695548416,Temperature_2,23.9
1511695548418,Humidity_2,18.58870540339392
1511695548421,Brightness_2,79.0
1511695548490,Sound_P,59.341519288975356
1511695548494,PodiumIR,89
1511695549073,Sound_R,62.97593471445208
1511695554858,Temperature_1,24.13
1511695554861,Humidity_1,18.465385522793095
1511695554864,Brightness_1,70.0
1511695554867,Temperature_2,23.9
1511695554869,Humidity_2,18.58870540339392
1511695554871,Brightness_2,79.0
1511695558505,Sound_P,60.20329792798059
1511695558508,PodiumIR,83
1511695559073,Sound_R,63.56429896926307
1511695561333,Temperature_1,24.13
1511695561336,Humidity_1,18.465385522793095
1511695561339,Brightness_1,70.0
1511695561341,Temperature_2,23.9
1511695561344,Humidity_2,18.58870540339392
1511695561346,Brightness_2,79.0
1511695567768,Temperature_1,24.13
1511695567772,Humidity_1,18.465385522793095
1511695567775,Brightness_1,70.0
1511695567777,Temperature_2,23.9
1511695567779,Humidity_2,18.58870540339392
1511695567782,Brightness_2,79.0
1511695568519,Sound_P,61.023021476191225
1511695568523,PodiumIR,95
1511695569073,Sound_R,62.57473960429214
1511695574375,Temperature_1,24.13
1511695574378,Humidity_1,18.465385522793095
1511695574382,Brightness_1,75.0
1511695574384,Temperature_2,23.9
1511695574387,Humidity_2,18.58870540339392
1511695574390,Brightness_2,79.0
1511695578534,Sound_P,60.20329792798059
1511695578538,PodiumIR,91
1511695579073,Sound_R,60.13720182895989
1511695581078,Temperature_1,24.13
1511695581081,Humidity_1,18.465385522793095
1511695581084,Brightness_1,75.0
1511695581087,Temperature_2,23.9
1511695581089,Humidity_2,18.58870540339392
1511695581091,Brightness_2,79.0
1511695587729,Temperature_1,24.13
1511695587732,Humidity_1,18.465385522793095
1511695587735,Brightness_1,75.0
1511695587738,Temperature_2,23.9
1511695587740,Humidity_2,18.58870540339392
1511695587742,Brightness_2,79.0
1511695588549,Sound_P,61.023021476191225
1511695588552,PodiumIR,96
1511695589073,Sound_R,60.10805333756366
1511695594390,Temperature_1,24.13
1511695594393,Humidity_1,18.465385522793095
1511695594396,Brightness_1,75.0
1511695594399,Temperature_2,23.9
1511695594401,Humidity_2,18.58870540339392
1511695594403,Brightness_2,80.0
1511695598563,Sound_P,59.341519288975356
1511695598567,PodiumIR,71
1511695599073,Sound_R,63.377441891128626
1511695601041,Temperature_1,24.13
1511695601045,Humidity_1,18.465385522793095
1511695601048,Brightness_1,75.0
1511695601050,Temperature_2,23.9
1511695601052,Humidity_2,18.58870540339392
1511695601055,Brightness_2,80.0
1511695607704,Temperature_1,24.13
1511695607707,Humidity_1,18.465385522793095
1511695607711,Brightness_1,75.0
1511695607713,Temperature_2,23.9
1511695607715,Humidity_2,18.58870540339392
1511695607717,Brightness_2,80.0
1511695608578,Sound_P,61.80460425887306
1511695608581,PodiumIR,91
1511695609073,Sound_R,66.33687073676356
1511695614259,Temperature_1,24.13
1511695614262,Humidity_1,18.465385522793095
1511695614265,Brightness_1,75.0
1511695614267,Temperature_2,23.9
1511695614270,Humidity_2,18.58870540339392
1511695614272,Brightness_2,80.0
1511695618593,Sound_P,65.24535518573873
1511695618596,PodiumIR,89
1511695619073,Sound_R,65.03645982161112
1511695620668,Temperature_1,24.13
1511695620671,Humidity_1,18.465385522793095
1511695620674,Brightness_1,75.0
1511695620676,Temperature_2,23.9
1511695620678,Humidity_2,18.58870540339392
1511695620682,Brightness_2,80.0
1511695627368,Temperature_1,24.13
1511695627371,Humidity_1,18.465385522793095
1511695627374,Brightness_1,75.0
1511695627377,Temperature_2,23.9
1511695627379,Humidity_2,18.58870540339392
1511695627381,Brightness_2,80.0
1511695628606,Sound_P,60.20329792798059
1511695628610,PodiumIR,70
1511695629073,Sound_R,60.803204260509766
1511695633828,Temperature_1,24.13
1511695633831,Humidity_1,18.58870540339392
1511695633835,Brightness_1,76.0
1511695633837,Temperature_2,23.9
1511695633840,Humidity_2,18.58870540339392
1511695633842,Brightness_2,80.0
1511695638619,Sound_P,68.61682354019833
1511695638622,PodiumIR,107
1511695639073,Sound_R,60.20443790545952
1511695640384,Temperature_1,24.13
1511695640387,Humidity_1,18.58870540339392
1511695640391,Brightness_1,76.0
1511695640393,Temperature_2,23.9
1511695640395,Humidity_2,18.58870540339392
1511695640398,Brightness_2,80.0
1511695646981,Temperature_1,24.13
1511695646983,Humidity_1,18.58870540339392
1511695646987,Brightness_1,76.0
1511695646989,Temperature_2,23.9
1511695646991,Humidity_2,18.58870540339392
1511695646993,Brightness_2,80.0
1511695648629,Sound_P,64.61127993529891
1511695648632,PodiumIR,76
1511695649073,Sound_R,62.46393855439012
1511695653688,Temperature_1,24.13
1511695653691,Humidity_1,18.58870540339392
1511695653694,Brightness_1,76.0
1511695653697,Temperature_2,23.9
1511695653699,Humidity_2,18.58870540339392
1511695653702,Brightness_2,80.0
1511695658634,Sound_P,60.20329792798059
1511695658638,PodiumIR,127
1511695659073,Sound_R,62.15141222962924
1511695660385,Temperature_1,24.13
1511695660389,Humidity_1,18.58870540339392
1511695660392,Brightness_1,76.0
1511695660394,Temperature_2,23.9
1511695660397,Humidity_2,18.58870540339392
1511695660399,Brightness_2,80.0
1511695667094,Temperature_1,24.13
1511695667097,Humidity_1,18.58870540339392
1511695667100,Brightness_1,76.0
1511695667103,Temperature_2,23.9
1511695667105,Humidity_2,18.58870540339392
1511695667107,Brightness_2,80.0
1511695668640,Sound_P,63.26648240367583
1511695668643,PodiumIR,84
1511695669073,Sound_R,63.06899411337603
1511695673542,Temperature_1,24.13
1511695673545,Humidity_1,18.58870540339392
1511695673549,Brightness_1,76.0
1511695673551,Temperature_2,23.9
1511695673553,Humidity_2,18.58870540339392
1511695673555,Brightness_2,80.0
1511695678646,Sound_P,71.42349921662418
1511695678651,PodiumIR,84
1511695679073,Sound_R,63.648721804640495
1511695680220,Temperature_1,24.13
1511695680224,Humidity_1,18.58870540339392
1511695680227,Brightness_1,76.0
1511695680230,Temperature_2,23.9
1511695680239,Humidity_2,18.58870540339392
1511695680241,Brightness_2,80.0
1511695686658,Temperature_1,24.13
1511695686661,Humidity_1,18.58870540339392
1511695686665,Brightness_1,76.0
1511695686667,Temperature_2,23.9
1511695686669,Humidity_2,18.58870540339392
1511695686671,Brightness_2,80.0
1511695688655,Sound_P,58.433135904413454
1511695688658,PodiumIR,85
1511695689073,Sound_R,63.617484905750096
1511695693105,Temperature_1,24.13
1511695693108,Humidity_1,18.58870540339392
1511695693111,Brightness_1,76.0
1511695693113,Temperature_2,23.9
1511695693116,Humidity_2,18.58870540339392
1511695693118,Brightness_2,80.0
1511695698661,Sound_P,60.20329792798059
1511695698664,PodiumIR,50
1511695699073,Sound_R,64.32248411044229
1511695699553,Temperature_1,24.13
1511695699556,Humidity_1,18.58870540339392
1511695699560,Brightness_1,75.0
1511695699562,Temperature_2,23.9
1511695699564,Humidity_2,18.58870540339392
1511695699566,Brightness_2,80.0
1511695705974,Temperature_1,24.13
1511695705976,Humidity_1,18.58870540339392
1511695705980,Brightness_1,75.0
1511695705983,Temperature_2,23.9
1511695705985,Humidity_2,18.58870540339392
1511695705989,Brightness_2,80.0
1511695708666,Sound_P,64.61127993529891
1511695708669,PodiumIR,87
1511695709073,Sound_R,67.22675309104308
1511695712394,Temperature_1,24.13
1511695712398,Humidity_1,18.58870540339392
1511695712402,Brightness_1,75.0
1511695712405,Temperature_2,23.9
1511695712409,Humidity_2,18.58870540339392
1511695712414,Brightness_2,80.0
1511695718673,Sound_P,60.20329792798059
1511695718677,PodiumIR,72
1511695719073,Sound_R,67.7254354051854
1511695719111,Temperature_1,24.13
1511695719114,Humidity_1,18.58870540339392
1511695719118,Brightness_1,75.0
1511695719120,Temperature_2,23.9
1511695719122,Humidity_2,18.58870540339392
1511695719124,Brightness_2,82.0
1511695725576,Temperature_1,24.13
1511695725579,Humidity_1,18.58870540339392
1511695725583,Brightness_1,75.0
1511695725585,Temperature_2,23.9
1511695725587,Humidity_2,18.58870540339392
1511695725589,Brightness_2,82.0
1511695728681,Sound_P,60.20329792798059
1511695728684,PodiumIR,91
1511695729073,Sound_R,61.98114754748866
1511695732046,Temperature_1,24.13
1511695732049,Humidity_1,18.58870540339392
1511695732053,Brightness_1,75.0
1511695732055,Temperature_2,23.9
1511695732057,Humidity_2,18.58870540339392
1511695732059,Brightness_2,82.0
1511695738448,Temperature_1,24.13
1511695738450,Humidity_1,18.58870540339392
1511695738454,Brightness_1,75.0
1511695738457,Temperature_2,23.9
1511695738459,Humidity_2,18.58870540339392
1511695738463,Brightness_2,82.0
1511695738689,Sound_P,59.341519288975356
1511695738692,PodiumIR,94
1511695739073,Sound_R,61.441038596917906
1511695745121,Temperature_1,24.13
1511695745124,Humidity_1,18.58870540339392
1511695745127,Brightness_1,75.0
1511695745130,Temperature_2,23.9
1511695745132,Humidity_2,18.58870540339392
1511695745134,Brightness_2,82.0
1511695748699,Sound_P,60.20329792798059
1511695748702,PodiumIR,90
1511695749073,Sound_R,61.26351876891971
1511695751537,Temperature_1,24.13
1511695751540,Humidity_1,18.58870540339392
1511695751543,Brightness_1,75.0
1511695751546,Temperature_2,23.9
1511695751548,Humidity_2,18.58870540339392
1511695751550,Brightness_2,82.0
1511695758242,Temperature_1,24.13
1511695758245,Humidity_1,18.58870540339392
1511695758249,Brightness_1,75.0
1511695758251,Temperature_2,23.9
1511695758253,Humidity_2,18.58870540339392
1511695758255,Brightness_2,82.0
1511695758705,Sound_P,62.551438321825636
1511695758712,PodiumIR,104
1511695759073,Sound_R,58.744038043593854
1511695764637,Temperature_1,24.13
1511695764640,Humidity_1,18.465385522793095
1511695764643,Brightness_1,74.0
1511695764646,Temperature_2,23.9
1511695764648,Humidity_2,18.58870540339392
1511695764651,Brightness_2,82.0
1511695768716,Sound_P,58.433135904413454
1511695768720,PodiumIR,103
1511695769073,Sound_R,59.23474921337069
1511695771352,Temperature_1,24.13
1511695771355,Humidity_1,18.465385522793095
1511695771359,Brightness_1,74.0
1511695771361,Temperature_2,23.9
1511695771364,Humidity_2,18.58870540339392
1511695771368,Brightness_2,82.0
1511695777801,Temperature_1,24.13
1511695777804,Humidity_1,18.465385522793095
1511695777808,Brightness_1,74.0
1511695777810,Temperature_2,23.9
1511695777812,Humidity_2,18.58870540339392
1511695777816,Brightness_2,82.0
1511695778728,Sound_P,57.472817393488484
1511695778731,PodiumIR,75
1511695779073,Sound_R,59.5939474114195
1511695784369,Temperature_1,24.13
1511695784372,Humidity_1,18.465385522793095
1511695784375,Brightness_1,74.0
1511695784378,Temperature_2,23.9
1511695784380,Humidity_2,18.58870540339392
1511695784383,Brightness_2,80.0
1511695788739,Sound_P,61.023021476191225
1511695788742,PodiumIR,68
1511695789073,Sound_R,58.0240089600056
1511695790778,Temperature_1,24.13
1511695790781,Humidity_1,18.465385522793095
1511695790785,Brightness_1,74.0
1511695790787,Temperature_2,23.9
1511695790789,Humidity_2,18.58870540339392
1511695790791,Brightness_2,80.0
1511695797454,Temperature_1,24.13
1511695797457,Humidity_1,18.465385522793095
1511695797460,Brightness_1,74.0
1511695797462,Temperature_2,23.9
1511695797465,Humidity_2,18.58870540339392
1511695797467,Brightness_2,80.0
1511695798748,Sound_P,65.24535518573873
1511695798752,PodiumIR,53
1511695799073,Sound_R,59.7373373047507
1511695803915,Temperature_1,24.13
1511695803919,Humidity_1,18.465385522793095
1511695803922,Brightness_1,74.0
1511695803924,Temperature_2,23.9
1511695803927,Humidity_2,18.58870540339392
1511695803931,Brightness_2,80.0
1511695808754,Sound_P,61.023021476191225
1511695808758,PodiumIR,80
1511695809073,Sound_R,63.17251518018211
1511695810382,Temperature_1,24.13
1511695810385,Humidity_1,18.465385522793095
1511695810389,Brightness_1,74.0
1511695810391,Temperature_2,23.9
1511695810394,Humidity_2,18.58870540339392
1511695810396,Brightness_2,80.0
1511695817114,Temperature_1,24.13
1511695817117,Humidity_1,18.465385522793095
1511695817121,Brightness_1,74.0
1511695817123,Temperature_2,23.9
1511695817125,Humidity_2,18.58870540339392
1511695817128,Brightness_2,80.0
1511695818760,Sound_P,60.20329792798059
1511695818763,PodiumIR,87
1511695819073,Sound_R,60.38553681039421
1511695823584,Temperature_1,24.13
1511695823587,Humidity_1,18.58870540339392
1511695823591,Brightness_1,72.0
1511695823593,Temperature_2,23.9
1511695823595,Humidity_2,18.58870540339392
1511695823598,Brightness_2,80.0
1511695828766,Sound_P,58.433135904413454
1511695828811,PodiumIR,103
1511695829073,Sound_R,57.80148530836937
1511695830331,Temperature_1,24.13
1511695830334,Humidity_1,18.58870540339392
1511695830338,Brightness_1,72.0
1511695830340,Temperature_2,23.9
1511695830342,Humidity_2,18.58870540339392
1511695830345,Brightness_2,80.0
1511695836770,Temperature_1,24.13
1511695836773,Humidity_1,18.58870540339392
1511695836778,Brightness_1,72.0
1511695836780,Temperature_2,23.9
1511695836782,Humidity_2,18.58870540339392
1511695836784,Brightness_2,80.0
1511695838813,Sound_P,58.433135904413454
1511695838817,PodiumIR,134
1511695839073,Sound_R,58.366951471561094
1511695843427,Temperature_1,24.13
1511695843430,Humidity_1,18.58870540339392
1511695843434,Brightness_1,72.0
1511695843436,Temperature_2,23.9
1511695843438,Humidity_2,18.58870540339392
1511695843440,Brightness_2,80.0
1511695848820,Sound_P,59.341519288975356
1511695848826,PodiumIR,90
1511695849073,Sound_R,56.76044338081104
1511695849885,Temperature_1,24.13
1511695849888,Humidity_1,18.58870540339392
1511695849891,Brightness_1,72.0
1511695849893,Temperature_2,23.9
1511695849895,Humidity_2,18.58870540339392
1511695849898,Brightness_2,84.0
1511695856378,Temperature_1,24.13
1511695856381,Humidity_1,18.58870540339392
1511695856385,Brightness_1,72.0
1511695856388,Temperature_2,23.9
1511695856390,Humidity_2,18.58870540339392
1511695856393,Brightness_2,84.0
1511695858831,Sound_P,61.023021476191225
1511695858834,PodiumIR,86
1511695859073,Sound_R,56.22900384761686
1511695863105,Temperature_1,24.13
1511695863109,Humidity_1,18.58870540339392
1511695863112,Brightness_1,72.0
1511695863114,Temperature_2,23.9
1511695863117,Humidity_2,18.58870540339392
1511695863119,Brightness_2,84.0
1511695868840,Sound_P,62.551438321825636
1511695868843,PodiumIR,58
1511695869073,Sound_R,57.12714061307335
1511695869744,Temperature_1,24.13
1511695869747,Humidity_1,18.58870540339392
1511695869751,Brightness_1,72.0
1511695869753,Temperature_2,23.9
1511695869755,Humidity_2,18.58870540339392
1511695869758,Brightness_2,84.0
1511695876385,Temperature_1,24.13
1511695876388,Humidity_1,18.58870540339392
1511695876392,Brightness_1,72.0
1511695876394,Temperature_2,23.9
1511695876397,Humidity_2,18.58870540339392
1511695876399,Brightness_2,84.0
1511695878845,Sound_P,61.023021476191225
1511695878849,PodiumIR,86
1511695879073,Sound_R,56.50082611692894
1511695883076,Temperature_1,24.13
1511695883079,Humidity_1,18.58870540339392
1511695883082,Brightness_1,72.0
1511695883084,Temperature_2,23.9
1511695883087,Humidity_2,18.58870540339392
1511695883089,Brightness_2,84.0
1511695888852,Sound_P,58.433135904413454
1511695888855,PodiumIR,85
1511695889073,Sound_R,53.716434835665176
1511695889716,Temperature_1,24.13
1511695889719,Humidity_1,18.465385522793095
1511695889723,Brightness_1,70.0
1511695889725,Temperature_2,23.9
1511695889727,Humidity_2,18.58870540339392
1511695889729,Brightness_2,84.0
1511695896164,Temperature_1,24.13
1511695896167,Humidity_1,18.465385522793095
1511695896170,Brightness_1,70.0
1511695896173,Temperature_2,23.9
1511695896175,Humidity_2,18.58870540339392
1511695896177,Brightness_2,84.0
1511695898862,Sound_P,61.023021476191225
1511695898865,PodiumIR,91
1511695899073,Sound_R,52.80154304120986
1511695902578,Temperature_1,24.13
1511695902581,Humidity_1,18.465385522793095
1511695902584,Brightness_1,70.0
1511695902587,Temperature_2,23.9
1511695902589,Humidity_2,18.58870540339392
1511695902592,Brightness_2,84.0
1511695908868,Sound_P,60.20329792798059
1511695908872,PodiumIR,75
1511695909073,Sound_R,55.093196772417635
1511695909402,Temperature_1,24.13
1511695909404,Humidity_1,18.465385522793095
1511695909408,Brightness_1,70.0
1511695909411,Temperature_2,23.9
1511695909413,Humidity_2,18.58870540339392
1511695909417,Brightness_2,79.0
1511695915820,Temperature_1,24.13
1511695915823,Humidity_1,18.465385522793095
1511695915827,Brightness_1,70.0
1511695915829,Temperature_2,23.9
1511695915832,Humidity_2,18.58870540339392
1511695915834,Brightness_2,79.0
1511695918874,Sound_P,60.20329792798059
1511695918878,PodiumIR,66
1511695919073,Sound_R,58.19615927676184
1511695922374,Temperature_1,24.13
1511695922377,Humidity_1,18.465385522793095
1511695922381,Brightness_1,70.0
1511695922384,Temperature_2,23.9
1511695922386,Humidity_2,18.58870540339392
1511695922389,Brightness_2,79.0
1511695928880,Sound_P,61.023021476191225
1511695928883,PodiumIR,73
1511695928909,Temperature_1,24.13
1511695928912,Humidity_1,18.465385522793095
1511695928915,Brightness_1,70.0
1511695928918,Temperature_2,23.9
1511695928920,Humidity_2,18.58870540339392
1511695928922,Brightness_2,79.0
1511695929073,Sound_R,60.68488956247054
1511695935608,Temperature_1,24.13
1511695935611,Humidity_1,18.465385522793095
1511695935615,Brightness_1,70.0
1511695935617,Temperature_2,23.9
1511695935619,Humidity_2,18.58870540339392
1511695935622,Brightness_2,79.0
1511695938886,Sound_P,60.20329792798059
1511695938889,PodiumIR,96
1511695939073,Sound_R,59.44892675225403
1511695942057,Temperature_1,24.13
1511695942060,Humidity_1,18.465385522793095
1511695942063,Brightness_1,70.0
1511695942066,Temperature_2,23.9
1511695942068,Humidity_2,18.58870540339392
1511695942071,Brightness_2,79.0
1511695948463,Temperature_1,24.13
1511695948466,Humidity_1,18.465385522793095
1511695948470,Brightness_1,70.0
1511695948472,Temperature_2,23.9
1511695948474,Humidity_2,18.58870540339392
1511695948479,Brightness_2,79.0
1511695948892,Sound_P,62.551438321825636
1511695948895,PodiumIR,87
1511695949073,Sound_R,57.19553819876848
1511695955150,Temperature_1,24.13
1511695955153,Humidity_1,18.465385522793095
1511695955156,Brightness_1,74.0
1511695955159,Temperature_2,23.9
1511695955161,Humidity_2,18.58870540339392
1511695955163,Brightness_2,79.0
1511695958903,Sound_P,60.20329792798059
1511695958906,PodiumIR,100
1511695959073,Sound_R,56.926796278341875
1511695961905,Temperature_1,24.13
1511695961908,Humidity_1,18.465385522793095
1511695961912,Brightness_1,74.0
1511695961914,Temperature_2,23.9
1511695961917,Humidity_2,18.58870540339392
1511695961919,Brightness_2,79.0
1511695968311,Temperature_1,24.13
1511695968314,Humidity_1,18.465385522793095
1511695968318,Brightness_1,74.0
1511695968320,Temperature_2,23.9
1511695968322,Humidity_2,18.58870540339392
1511695968326,Brightness_2,79.0
1511695968909,Sound_P,61.023021476191225
1511695968912,PodiumIR,88
1511695969073,Sound_R,60.46270520434513
1511695974717,Temperature_1,24.13
1511695974720,Humidity_1,18.465385522793095
1511695974723,Brightness_1,74.0
1511695974726,Temperature_2,23.78
1511695974728,Humidity_2,18.58870540339392
1511695974730,Brightness_2,80.0
1511695978914,Sound_P,58.433135904413454
1511695978918,PodiumIR,105
1511695979073,Sound_R,61.39029310910461
1511695981166,Temperature_1,24.13
1511695981169,Humidity_1,18.465385522793095
1511695981173,Brightness_1,74.0
1511695981175,Temperature_2,23.78
1511695981177,Humidity_2,18.58870540339392
1511695981181,Brightness_2,80.0
1511695987659,Temperature_1,24.13
1511695987662,Humidity_1,18.465385522793095
1511695987665,Brightness_1,74.0
1511695987668,Temperature_2,23.78
1511695987670,Humidity_2,18.58870540339392
1511695987673,Brightness_2,80.0
1511695988920,Sound_P,62.551438321825636
1511695988924,PodiumIR,96
1511695989073,Sound_R,58.68410241918465
1511695994072,Temperature_1,24.13
1511695994075,Humidity_1,18.465385522793095
1511695994079,Brightness_1,74.0
1511695994081,Temperature_2,23.78
1511695994083,Humidity_2,18.58870540339392
1511695994085,Brightness_2,80.0
1511695998926,Sound_P,64.61127993529891
1511695998930,PodiumIR,106
1511695999073,Sound_R,60.61666810796066
1511696000476,Temperature_1,24.13
1511696000479,Humidity_1,18.465385522793095
1511696000483,Brightness_1,74.0
1511696000485,Temperature_2,23.78
1511696000487,Humidity_2,18.58870540339392
1511696000490,Brightness_2,80.0
1511696006979,Temperature_1,24.13
1511696006982,Humidity_1,18.465385522793095
1511696006986,Brightness_1,74.0
1511696006988,Temperature_2,23.78
1511696006990,Humidity_2,18.58870540339392
1511696006992,Brightness_2,80.0
1511696008932,Sound_P,60.20329792798059
1511696008935,PodiumIR,118
1511696009073,Sound_R,63.14639143580795
1511696013536,Temperature_1,24.13
1511696013539,Humidity_1,18.465385522793095
1511696013543,Brightness_1,74.0
1511696013545,Temperature_2,23.78
1511696013548,Humidity_2,18.58870540339392
1511696013552,Brightness_2,80.0
1511696018938,Sound_P,59.341519288975356
1511696018941,PodiumIR,110
1511696019073,Sound_R,60.83521844343782
1511696019989,Temperature_1,24.13
1511696020000,Humidity_1,18.465385522793095
1511696020004,Brightness_1,70.0
1511696020007,Temperature_2,23.78
1511696020009,Humidity_2,18.58870540339392
1511696020011,Brightness_2,80.0
1511696026428,Temperature_1,24.13
1511696026431,Humidity_1,18.465385522793095
1511696026434,Brightness_1,70.0
1511696026437,Temperature_2,23.78
1511696026439,Humidity_2,18.58870540339392
1511696026441,Brightness_2,80.0
1511696028944,Sound_P,63.26648240367583
1511696028947,PodiumIR,80
1511696029073,Sound_R,62.80506438176055
1511696032870,Temperature_1,24.13
1511696032873,Humidity_1,18.465385522793095
1511696032877,Brightness_1,70.0
1511696032879,Temperature_2,23.78
1511696032881,Humidity_2,18.58870540339392
1511696032883,Brightness_2,80.0
1511696038950,Sound_P,69.11838317407611
1511696038953,PodiumIR,95
1511696039073,Sound_R,67.2067946115551
1511696039424,Temperature_1,24.13
1511696039427,Humidity_1,18.465385522793095
1511696039431,Brightness_1,70.0
1511696039433,Temperature_2,23.78
1511696039435,Humidity_2,18.58870540339392
1511696039437,Brightness_2,77.0
1511696045838,Temperature_1,24.13
1511696045840,Humidity_1,18.465385522793095
1511696045844,Brightness_1,70.0
1511696045847,Temperature_2,23.78
1511696045849,Humidity_2,18.58870540339392
1511696045851,Brightness_2,77.0
1511696048956,Sound_P,61.023021476191225
1511696048959,PodiumIR,84
1511696049073,Sound_R,67.9429631580702
1511696052369,Temperature_1,24.13
1511696052371,Humidity_1,18.465385522793095
1511696052375,Brightness_1,70.0
1511696052378,Temperature_2,23.78
1511696052380,Humidity_2,18.58870540339392
1511696052383,Brightness_2,77.0
1511696058962,Sound_P,63.95233273361063
1511696058965,PodiumIR,88
1511696059012,Temperature_1,24.13
1511696059015,Humidity_1,18.465385522793095
1511696059019,Brightness_1,70.0
1511696059021,Temperature_2,23.78
1511696059024,Humidity_2,18.58870540339392
1511696059026,Brightness_2,77.0
1511696059073,Sound_R,64.6761012512192
1511696065750,Temperature_1,24.13
1511696065753,Humidity_1,18.465385522793095
1511696065756,Brightness_1,70.0
1511696065759,Temperature_2,23.78
1511696065761,Humidity_2,18.58870540339392
1511696065763,Brightness_2,77.0
1511696068968,Sound_P,59.341519288975356
1511696068971,PodiumIR,73
1511696069073,Sound_R,62.178176704484976
1511696072237,Temperature_1,24.13
1511696072240,Humidity_1,18.465385522793095
1511696072244,Brightness_1,70.0
1511696072246,Temperature_2,23.78
1511696072248,Humidity_2,18.58870540339392
1511696072250,Brightness_2,77.0
1511696078654,Temperature_1,24.13
1511696078657,Humidity_1,18.465385522793095
1511696078661,Brightness_1,74.0
1511696078664,Temperature_2,23.78
1511696078666,Humidity_2,18.58870540339392
1511696078669,Brightness_2,77.0
1511696078974,Sound_P,72.26372429269907
1511696078977,PodiumIR,94
1511696079073,Sound_R,62.99457925121674
1511696085299,Temperature_1,24.13
1511696085302,Humidity_1,18.465385522793095
1511696085306,Brightness_1,74.0
1511696085309,Temperature_2,23.78
1511696085311,Humidity_2,18.58870540339392
1511696085313,Brightness_2,77.0
1511696088980,Sound_P,59.341519288975356
1511696088983,PodiumIR,91
1511696089073,Sound_R,64.25909643781426
1511696091755,Temperature_1,24.13
1511696091758,Humidity_1,18.465385522793095
1511696091762,Brightness_1,74.0
1511696091764,Temperature_2,23.78
1511696091766,Humidity_2,18.58870540339392
1511696091768,Brightness_2,77.0
1511696098390,Temperature_1,24.13
1511696098392,Humidity_1,18.465385522793095
1511696098396,Brightness_1,74.0
1511696098399,Temperature_2,23.78
1511696098401,Humidity_2,18.58870540339392
1511696098405,Brightness_2,77.0
1511696098986,Sound_P,61.023021476191225
1511696098989,PodiumIR,62
1511696099073,Sound_R,63.24773751136794
1511696104875,Temperature_1,24.13
1511696104878,Humidity_1,18.465385522793095
1511696104882,Brightness_1,74.0
1511696104884,Temperature_2,23.78
1511696104886,Humidity_2,18.58870540339392
1511696104889,Brightness_2,79.0
1511696108992,Sound_P,59.341519288975356
1511696108995,PodiumIR,102
1511696109072,Sound_R,59.6830334923977
1511696111423,Temperature_1,24.13
1511696111426,Humidity_1,18.465385522793095
1511696111430,Brightness_1,74.0
1511696111432,Temperature_2,23.78
1511696111434,Humidity_2,18.58870540339392
1511696111436,Brightness_2,79.0
1511696117869,Temperature_1,24.13
1511696117872,Humidity_1,18.465385522793095
1511696117876,Brightness_1,74.0
1511696117878,Temperature_2,23.78
1511696117880,Humidity_2,18.58870540339392
1511696117883,Brightness_2,79.0
1511696118998,Sound_P,65.24535518573873
1511696119001,PodiumIR,73
1511696119073,Sound_R,57.98082928503052
1511696124337,Temperature_1,24.13
1511696124340,Humidity_1,18.465385522793095
1511696124343,Brightness_1,74.0
1511696124346,Temperature_2,23.78
1511696124348,Humidity_2,18.58870540339392
1511696124350,Brightness_2,79.0
1511696129018,Sound_P,58.433135904413454
1511696129021,PodiumIR,94
1511696129073,Sound_R,57.321778812568404
1511696130785,Temperature_1,24.13
1511696130788,Humidity_1,18.465385522793095
1511696130792,Brightness_1,74.0
1511696130794,Temperature_2,23.78
1511696130796,Humidity_2,18.58870540339392
1511696130799,Brightness_2,79.0
1511696137838,Temperature_1,24.13
1511696137841,Humidity_1,18.465385522793095
1511696137845,Brightness_1,74.0
1511696137847,Temperature_2,23.78
1511696137849,Humidity_2,18.58870540339392
1511696137852,Brightness_2,79.0
1511696139024,Sound_P,60.20329792798059
1511696139027,PodiumIR,101
1511696139073,Sound_R,57.727927491166135
1511696144369,Temperature_1,24.13
1511696144372,Humidity_1,18.465385522793095
1511696144376,Brightness_1,70.0
1511696144379,Temperature_2,23.78
1511696144382,Humidity_2,18.58870540339392
1511696144386,Brightness_2,79.0
1511696149030,Sound_P,60.20329792798059
1511696149033,PodiumIR,92
1511696149073,Sound_R,59.29541572059801
1511696151159,Temperature_1,24.13
1511696151162,Humidity_1,18.465385522793095
1511696151165,Brightness_1,70.0
1511696151168,Temperature_2,23.78
1511696151170,Humidity_2,18.58870540339392
1511696151173,Brightness_2,79.0
1511696157602,Temperature_1,24.13
1511696157605,Humidity_1,18.465385522793095
1511696157609,Brightness_1,70.0
1511696157611,Temperature_2,23.78
1511696157614,Humidity_2,18.58870540339392
1511696157617,Brightness_2,79.0
1511696159036,Sound_P,64.61127993529891
1511696159039,PodiumIR,96
1511696159073,Sound_R,60.62559999450215
1511696164046,Temperature_1,24.13
1511696164049,Humidity_1,18.465385522793095
1511696164053,Brightness_1,70.0
1511696164055,Temperature_2,23.78
1511696164057,Humidity_2,18.58870540339392
1511696164059,Brightness_2,77.0
1511696169042,Sound_P,60.20329792798059
1511696169045,PodiumIR,94
1511696169073,Sound_R,60.34597325851788
1511696170464,Temperature_1,24.13
1511696170467,Humidity_1,18.465385522793095
1511696170471,Brightness_1,70.0
1511696170473,Temperature_2,23.78
1511696170475,Humidity_2,18.58870540339392
1511696170478,Brightness_2,77.0
1511696177162,Temperature_1,24.13
1511696177165,Humidity_1,18.465385522793095
1511696177169,Brightness_1,70.0
1511696177171,Temperature_2,23.78
1511696177174,Humidity_2,18.58870540339392
1511696177177,Brightness_2,77.0
1511696179063,Sound_P,59.341519288975356
1511696179066,PodiumIR,94
1511696179073,Sound_R,60.41918034103475
1511696183615,Temperature_1,24.13
1511696183618,Humidity_1,18.465385522793095
1511696183621,Brightness_1,70.0
1511696183624,Temperature_2,23.78
1511696183626,Humidity_2,18.58870540339392
1511696183630,Brightness_2,77.0
1511696189069,Sound_P,61.80460425887306
1511696189073,Sound_R,57.397969522976744
1511696189078,PodiumIR,96
1511696190063,Temperature_1,24.13
1511696190066,Humidity_1,18.465385522793095
1511696190070,Brightness_1,70.0
1511696190072,Temperature_2,23.78
1511696190074,Humidity_2,18.58870540339392
1511696190077,Brightness_2,77.0
1511696196474,Temperature_1,24.13
1511696196477,Humidity_1,18.465385522793095
1511696196481,Brightness_1,70.0
1511696196483,Temperature_2,23.78
1511696196485,Humidity_2,18.58870540339392
1511696196488,Brightness_2,77.0
1511696199073,Sound_R,58.07242382736453
1511696199083,Sound_P,63.26648240367583
1511696199086,PodiumIR,97
1511696203173,Temperature_1,24.13
1511696203177,Humidity_1,18.465385522793095
1511696203180,Brightness_1,70.0
1511696203182,Temperature_2,23.78
1511696203184,Humidity_2,18.58870540339392
1511696203188,Brightness_2,77.0
1511696209073,Sound_R,62.772837895131964
1511696209089,Sound_P,61.023021476191225
1511696209092,PodiumIR,102
1511696209620,Temperature_1,24.13
1511696209623,Humidity_1,18.465385522793095
1511696209626,Brightness_1,73.0
1511696209629,Temperature_2,23.78
1511696209631,Humidity_2,18.58870540339392
1511696209634,Brightness_2,77.0
1511696216071,Temperature_1,24.13
1511696216074,Humidity_1,18.465385522793095
1511696216078,Brightness_1,73.0
1511696216080,Temperature_2,23.78
1511696216082,Humidity_2,18.58870540339392
1511696216085,Brightness_2,77.0
1511696219073,Sound_R,60.56746309082075
1511696219095,Sound_P,61.023021476191225
1511696219098,PodiumIR,113
1511696222488,Temperature_1,24.13
1511696222491,Humidity_1,18.465385522793095
1511696222494,Brightness_1,73.0
1511696222497,Temperature_2,23.78
1511696222499,Humidity_2,18.58870540339392
1511696222502,Brightness_2,77.0
1511696229073,Sound_R,56.876116517212175
1511696229101,Sound_P,61.023021476191225
1511696229104,PodiumIR,92
1511696229134,Temperature_1,24.13
1511696229137,Humidity_1,18.465385522793095
1511696229141,Brightness_1,73.0
1511696229144,Temperature_2,23.78
1511696229146,Humidity_2,18.58870540339392
1511696229150,Brightness_2,79.0
1511696235835,Temperature_1,24.13
1511696235838,Humidity_1,18.465385522793095
1511696235842,Brightness_1,73.0
1511696235844,Temperature_2,23.78
1511696235846,Humidity_2,18.58870540339392
1511696235849,Brightness_2,79.0
1511696239073,Sound_R,60.24077224741162
1511696239107,Sound_P,75.25847282855663
1511696239110,PodiumIR,113
1511696242380,Temperature_1,24.13
1511696242383,Humidity_1,18.465385522793095
1511696242387,Brightness_1,73.0
1511696242390,Temperature_2,23.78
1511696242392,Humidity_2,18.58870540339392
1511696242394,Brightness_2,79.0
1511696249047,Temperature_1,24.13
1511696249050,Humidity_1,18.465385522793095
1511696249053,Brightness_1,73.0
1511696249055,Temperature_2,23.78
1511696249058,Humidity_2,18.58870540339392
1511696249060,Brightness_2,79.0
1511696249073,Sound_R,62.93121818013355
1511696249113,Sound_P,57.472817393488484
1511696249116,PodiumIR,78
1511696255469,Temperature_1,24.13
1511696255472,Humidity_1,18.465385522793095
1511696255476,Brightness_1,73.0
1511696255478,Temperature_2,23.78
1511696255480,Humidity_2,18.58870540339392
1511696255482,Brightness_2,79.0
1511696259073,Sound_R,62.13010388973324
1511696259119,Sound_P,59.341519288975356
1511696259122,PodiumIR,110
1511696262149,Temperature_1,24.13
1511696262152,Humidity_1,18.465385522793095
1511696262156,Brightness_1,73.0
1511696262158,Temperature_2,23.78
1511696262160,Humidity_2,18.58870540339392
1511696262162,Brightness_2,79.0
1511696268548,Temperature_1,24.13
1511696268551,Humidity_1,18.465385522793095
1511696268554,Brightness_1,76.0
1511696268557,Temperature_2,23.78
1511696268559,Humidity_2,18.58870540339392
1511696268561,Brightness_2,79.0
1511696269073,Sound_R,63.09591864890305
1511696269125,Sound_P,63.26648240367583
1511696269128,PodiumIR,105
1511696275284,Temperature_1,24.13
1511696275287,Humidity_1,18.465385522793095
1511696275291,Brightness_1,76.0
1511696275293,Temperature_2,23.78
1511696275295,Humidity_2,18.58870540339392
1511696275298,Brightness_2,79.0
1511696279073,Sound_R,64.97091415561648
1511696279131,Sound_P,59.341519288975356
1511696279134,PodiumIR,81
1511696281726,Temperature_1,24.13
1511696281729,Humidity_1,18.465385522793095
1511696281732,Brightness_1,76.0
1511696281735,Temperature_2,23.78
1511696281737,Humidity_2,18.58870540339392
1511696281739,Brightness_2,79.0
1511696288167,Temperature_1,24.13
1511696288170,Humidity_1,18.465385522793095
1511696288174,Brightness_1,76.0
1511696288176,Temperature_2,23.78
1511696288178,Humidity_2,18.58870540339392
1511696288182,Brightness_2,79.0
1511696289073,Sound_R,63.04624000953681
1511696289137,Sound_P,63.26648240367583
1511696289140,PodiumIR,130
1511696294578,Temperature_1,24.13
1511696294581,Humidity_1,18.465385522793095
1511696294585,Brightness_1,76.0
1511696294587,Temperature_2,23.78
1511696294589,Humidity_2,18.58870540339392
1511696294592,Brightness_2,79.0
1511696299073,Sound_R,62.661713105900255
1511696299143,Sound_P,63.95233273361063
1511696299146,PodiumIR,87
1511696301279,Temperature_1,24.13
1511696301282,Humidity_1,18.465385522793095
1511696301285,Brightness_1,76.0
1511696301288,Temperature_2,23.78
1511696301290,Humidity_2,18.58870540339392
1511696301292,Brightness_2,79.0
1511696308031,Temperature_1,24.13
1511696308034,Humidity_1,18.465385522793095
1511696308038,Brightness_1,76.0
1511696308040,Temperature_2,23.78
1511696308042,Humidity_2,18.58870540339392
1511696308045,Brightness_2,79.0
1511696309073,Sound_R,66.94317269843219
1511696309149,Sound_P,61.023021476191225
1511696309152,PodiumIR,114
1511696314456,Temperature_1,24.13
1511696314459,Humidity_1,18.465385522793095
1511696314462,Brightness_1,76.0
1511696314465,Temperature_2,23.78
1511696314467,Humidity_2,18.58870540339392
1511696314469,Brightness_2,79.0
1511696319073,Sound_R,63.1602470386855
1511696319155,Sound_P,61.023021476191225
1511696319158,PodiumIR,98
1511696321140,Temperature_1,24.13
1511696321143,Humidity_1,18.465385522793095
1511696321147,Brightness_1,76.0
1511696321149,Temperature_2,23.78
1511696321151,Humidity_2,18.58870540339392
1511696321153,Brightness_2,79.0
1511696327592,Temperature_1,24.13
1511696327599,Humidity_1,18.465385522793095
1511696327603,Brightness_1,76.0
1511696327606,Temperature_2,23.78
1511696327609,Humidity_2,18.58870540339392
1511696327613,Brightness_2,79.0
1511696329073,Sound_R,59.66405782437832
1511696329161,Sound_P,59.341519288975356
1511696329164,PodiumIR,89
1511696334368,Temperature_1,24.13
1511696334371,Humidity_1,18.465385522793095
1511696334375,Brightness_1,76.0
1511696334377,Temperature_2,23.78
1511696334380,Humidity_2,18.58870540339392
1511696334383,Brightness_2,79.0
1511696339073,Sound_R,60.05759327045627
1511696339167,Sound_P,59.341519288975356
1511696339170,PodiumIR,88
1511696341109,Temperature_1,24.13
1511696341112,Humidity_1,18.465385522793095
1511696341116,Brightness_1,76.0
1511696341118,Temperature_2,23.78
1511696341121,Humidity_2,18.58870540339392
1511696341125,Brightness_2,79.0
1511696347555,Temperature_1,24.13
1511696347558,Humidity_1,18.465385522793095
1511696347562,Brightness_1,76.0
1511696347564,Temperature_2,23.78
1511696347567,Humidity_2,18.58870540339392
1511696347569,Brightness_2,79.0
1511696349073,Sound_R,59.00366946299596
1511696349173,Sound_P,61.023021476191225
1511696349181,PodiumIR,91
1511696354318,Temperature_1,24.13
1511696354321,Humidity_1,18.465385522793095
1511696354325,Brightness_1,76.0
1511696354327,Temperature_2,23.78
1511696354330,Humidity_2,18.58870540339392
1511696354332,Brightness_2,80.0
1511696359073,Sound_R,62.11726042402455
1511696359185,Sound_P,68.0998289029382
1511696359189,PodiumIR,116
1511696360728,Temperature_1,24.13
1511696360731,Humidity_1,18.465385522793095
1511696360735,Brightness_1,76.0
1511696360737,Temperature_2,23.78
1511696360739,Humidity_2,18.58870540339392
1511696360743,Brightness_2,80.0
1511696367213,Temperature_1,24.13
1511696367216,Humidity_1,18.465385522793095
1511696367220,Brightness_1,76.0
1511696367222,Temperature_2,23.78
1511696367224,Humidity_2,18.58870540339392
1511696367228,Brightness_2,80.0
1511696369073,Sound_R,64.55762013895104
1511696369192,Sound_P,60.20329792798059
1511696369195,PodiumIR,96
1511696373770,Temperature_1,24.13
1511696373773,Humidity_1,18.465385522793095
1511696373777,Brightness_1,76.0
1511696373780,Temperature_2,23.78
1511696373782,Humidity_2,18.58870540339392
1511696373784,Brightness_2,80.0
1511696379073,Sound_R,60.66126857001981
1511696379198,Sound_P,62.551438321825636
1511696379211,PodiumIR,112
1511696380222,Temperature_1,24.13
1511696380225,Humidity_1,18.465385522793095
1511696380228,Brightness_1,76.0
1511696380231,Temperature_2,23.78
1511696380233,Humidity_2,18.58870540339392
1511696380237,Brightness_2,80.0
1511696386627,Temperature_1,24.13
1511696386630,Humidity_1,18.465385522793095
1511696386634,Brightness_1,76.0
1511696386636,Temperature_2,23.78
1511696386639,Humidity_2,18.58870540339392
1511696386641,Brightness_2,80.0
1511696389073,Sound_R,62.11959391454365
1511696389216,Sound_P,65.24535518573873
1511696389219,PodiumIR,98
1511696393330,Temperature_1,24.13
1511696393333,Humidity_1,18.465385522793095
1511696393336,Brightness_1,76.0
1511696393339,Temperature_2,23.78
1511696393341,Humidity_2,18.58870540339392
1511696393343,Brightness_2,80.0
1511696399073,Sound_R,66.5673380224513
1511696399222,Sound_P,62.551438321825636
1511696399225,PodiumIR,88
1511696399780,Temperature_1,24.13
1511696399783,Humidity_1,18.465385522793095
1511696399787,Brightness_1,74.0
1511696399789,Temperature_2,23.78
1511696399791,Humidity_2,18.58870540339392
1511696399794,Brightness_2,80.0
1511696406185,Temperature_1,24.13
1511696406188,Humidity_1,18.465385522793095
1511696406192,Brightness_1,74.0
1511696406194,Temperature_2,23.78
1511696406196,Humidity_2,18.58870540339392
1511696406199,Brightness_2,80.0
1511696409073,Sound_R,64.27482173198437
1511696409228,Sound_P,64.61127993529891
1511696409231,PodiumIR,77
1511696412585,Temperature_1,24.13
1511696412588,Humidity_1,18.465385522793095
1511696412592,Brightness_1,74.0
1511696412594,Temperature_2,23.78
1511696412596,Humidity_2,18.58870540339392
1511696412600,Brightness_2,80.0
1511696419044,Temperature_1,24.13
1511696419047,Humidity_1,18.465385522793095
1511696419051,Brightness_1,74.0
1511696419053,Temperature_2,23.78
1511696419055,Humidity_2,18.58870540339392
1511696419058,Brightness_2,79.0
1511696419073,Sound_R,63.00603018687667
1511696419234,Sound_P,60.20329792798059
1511696419237,PodiumIR,84
1511696425580,Temperature_1,24.13
1511696425583,Humidity_1,18.465385522793095
1511696425587,Brightness_1,74.0
1511696425589,Temperature_2,23.78
1511696425591,Humidity_2,18.58870540339392
1511696425593,Brightness_2,79.0
1511696429073,Sound_R,65.17624801665379
1511696429240,Sound_P,65.8563679754536
1511696429243,PodiumIR,94
1511696432241,Temperature_1,24.13
1511696432244,Humidity_1,18.465385522793095
1511696432248,Brightness_1,74.0
1511696432250,Temperature_2,23.78
1511696432252,Humidity_2,18.58870540339392
1511696432254,Brightness_2,79.0
1511696438647,Temperature_1,24.13
1511696438650,Humidity_1,18.465385522793095
1511696438654,Brightness_1,74.0
1511696438656,Temperature_2,23.78
1511696438658,Humidity_2,18.58870540339392
1511696438660,Brightness_2,79.0
1511696439073,Sound_R,61.448714748306706
1511696439246,Sound_P,59.341519288975356
1511696439249,PodiumIR,82
1511696445349,Temperature_1,24.13
1511696445352,Humidity_1,18.465385522793095
1511696445356,Brightness_1,74.0
1511696445359,Temperature_2,23.78
1511696445361,Humidity_2,18.58870540339392
1511696445363,Brightness_2,79.0
1511696449073,Sound_R,58.11755710154824
1511696449252,Sound_P,57.472817393488484
1511696449255,PodiumIR,83
1511696452031,Temperature_1,24.13
1511696452034,Humidity_1,18.465385522793095
1511696452038,Brightness_1,74.0
1511696452040,Temperature_2,23.78
1511696452042,Humidity_2,18.58870540339392
1511696452045,Brightness_2,79.0
1511696458458,Temperature_1,24.13
1511696458461,Humidity_1,18.58870540339392
1511696458464,Brightness_1,74.0
1511696458467,Temperature_2,23.78
1511696458469,Humidity_2,18.58870540339392
1511696458472,Brightness_2,79.0
1511696459073,Sound_R,62.23936377280128
1511696459258,Sound_P,64.61127993529891
1511696459261,PodiumIR,84
1511696465723,Temperature_1,24.13
1511696465726,Humidity_1,18.58870540339392
1511696465730,Brightness_1,74.0
1511696465732,Temperature_2,23.78
1511696465734,Humidity_2,18.58870540339392
1511696465737,Brightness_2,79.0
1511696469073,Sound_R,65.61819527644106
1511696469264,Sound_P,70.0787016850011
1511696469267,PodiumIR,72
1511696472375,Temperature_1,24.13
1511696472378,Humidity_1,18.58870540339392
1511696472382,Brightness_1,74.0
1511696472385,Temperature_2,23.78
1511696472387,Humidity_2,18.58870540339392
1511696472391,Brightness_2,79.0
1511696479073,Sound_R,65.72654802809667
1511696479166,Temperature_1,24.13
1511696479168,Humidity_1,18.58870540339392
1511696479172,Brightness_1,74.0
1511696479175,Temperature_2,23.78
1511696479177,Humidity_2,18.58870540339392
1511696479181,Brightness_2,79.0
1511696479270,Sound_P,57.472817393488484
1511696479273,PodiumIR,130
1511696485576,Temperature_1,24.13
1511696485579,Humidity_1,18.58870540339392
1511696485583,Brightness_1,74.0
1511696485585,Temperature_2,23.78
1511696485588,Humidity_2,18.58870540339392
1511696485590,Brightness_2,82.0
1511696489073,Sound_R,63.56724979432209
1511696489276,Sound_P,59.341519288975356
1511696489279,PodiumIR,77
1511696492258,Temperature_1,24.13
1511696492261,Humidity_1,18.58870540339392
1511696492265,Brightness_1,74.0
1511696492267,Temperature_2,23.78
1511696492269,Humidity_2,18.58870540339392
1511696492272,Brightness_2,82.0
1511696498684,Temperature_1,24.13
1511696498687,Humidity_1,18.58870540339392
1511696498691,Brightness_1,74.0
1511696498693,Temperature_2,23.78
1511696498695,Humidity_2,18.58870540339392
1511696498697,Brightness_2,82.0
1511696499073,Sound_R,57.97059030389653
1511696499282,Sound_P,66.44593723960276
1511696499285,PodiumIR,87
1511696505368,Temperature_1,24.13
1511696505371,Humidity_1,18.58870540339392
1511696505374,Brightness_1,74.0
1511696505377,Temperature_2,23.78
1511696505379,Humidity_2,18.58870540339392
1511696505383,Brightness_2,82.0
1511696509073,Sound_R,58.93422690725017
1511696509295,Sound_P,61.023021476191225
1511696509299,PodiumIR,84
1511696511801,Temperature_1,24.13
1511696511804,Humidity_1,18.58870540339392
1511696511808,Brightness_1,74.0
1511696511810,Temperature_2,23.78
1511696511812,Humidity_2,18.58870540339392
1511696511814,Brightness_2,82.0
1511696518268,Temperature_1,24.13
1511696518271,Humidity_1,18.58870540339392
1511696518274,Brightness_1,74.0
1511696518277,Temperature_2,23.78
1511696518279,Humidity_2,18.58870540339392
1511696518283,Brightness_2,82.0
1511696519073,Sound_R,63.85818793879039
1511696519301,Sound_P,63.26648240367583
1511696519304,PodiumIR,93
1511696524702,Temperature_1,24.13
1511696524705,Humidity_1,18.58870540339392
1511696524709,Brightness_1,75.0
1511696524711,Temperature_2,23.78
1511696524713,Humidity_2,18.58870540339392
1511696524715,Brightness_2,82.0
1511696529073,Sound_R,61.11533795624268
1511696529307,Sound_P,66.44593723960276
1511696529310,PodiumIR,69
1511696531189,Temperature_1,24.13
1511696531192,Humidity_1,18.58870540339392
1511696531196,Brightness_1,75.0
1511696531198,Temperature_2,23.78
1511696531200,Humidity_2,18.58870540339392
1511696531204,Brightness_2,82.0
1511696538034,Temperature_1,24.13
1511696538037,Humidity_1,18.58870540339392
1511696538041,Brightness_1,75.0
1511696538043,Temperature_2,23.78
1511696538045,Humidity_2,18.58870540339392
1511696538047,Brightness_2,82.0
1511696539073,Sound_R,61.499812460971135
1511696539313,Sound_P,62.551438321825636
1511696539322,PodiumIR,99
1511696544445,Temperature_1,24.13
1511696544448,Humidity_1,18.58870540339392
1511696544452,Brightness_1,75.0
1511696544454,Temperature_2,23.78
1511696544457,Humidity_2,18.58870540339392
1511696544461,Brightness_2,79.0
1511696549073,Sound_R,64.19081382802233
1511696549326,Sound_P,61.023021476191225
1511696549330,PodiumIR,92
1511696550922,Temperature_1,24.13
1511696550925,Humidity_1,18.58870540339392
1511696550929,Brightness_1,75.0
1511696550931,Temperature_2,23.78
1511696550933,Humidity_2,18.58870540339392
1511696550936,Brightness_2,79.0
1511696557608,Temperature_1,24.13
1511696557611,Humidity_1,18.58870540339392
1511696557614,Brightness_1,75.0
1511696557617,Temperature_2,23.78
1511696557619,Humidity_2,18.58870540339392
1511696557621,Brightness_2,79.0
1511696559073,Sound_R,59.404088889401294
1511696559332,Sound_P,59.341519288975356
1511696559335,PodiumIR,95
1511696564028,Temperature_1,24.13
1511696564031,Humidity_1,18.58870540339392
1511696564035,Brightness_1,75.0
1511696564037,Temperature_2,23.78
1511696564039,Humidity_2,18.58870540339392
1511696564041,Brightness_2,79.0
1511696569073,Sound_R,55.076947582865124
1511696569338,Sound_P,60.20329792798059
1511696569341,PodiumIR,91
1511696570454,Temperature_1,24.13
1511696570457,Humidity_1,18.58870540339392
1511696570461,Brightness_1,75.0
1511696570463,Temperature_2,23.78
1511696570465,Humidity_2,18.58870540339392
1511696570468,Brightness_2,79.0
1511696576932,Temperature_1,24.13
1511696576935,Humidity_1,18.58870540339392
1511696576939,Brightness_1,75.0
1511696576941,Temperature_2,23.78
1511696576943,Humidity_2,18.58870540339392
1511696576946,Brightness_2,79.0
1511696579073,Sound_R,57.0787184443521
1511696579344,Sound_P,60.20329792798059
1511696579347,PodiumIR,105
1511696583432,Temperature_1,24.13
1511696583435,Humidity_1,18.58870540339392
1511696583439,Brightness_1,75.0
1511696583441,Temperature_2,23.78
1511696583443,Humidity_2,18.58870540339392
1511696583446,Brightness_2,79.0
1511696589073,Sound_R,57.809764397666775
1511696589350,Sound_P,67.01551720930587
1511696589353,PodiumIR,100
1511696589833,Temperature_1,24.13
1511696589836,Humidity_1,18.465385522793095
1511696589840,Brightness_1,70.0
1511696589842,Temperature_2,23.78
1511696589844,Humidity_2,18.58870540339392
1511696589847,Brightness_2,79.0
1511696596369,Temperature_1,24.13
1511696596372,Humidity_1,18.465385522793095
1511696596376,Brightness_1,70.0
1511696596380,Temperature_2,23.78
1511696596384,Humidity_2,18.58870540339392
1511696596388,Brightness_2,79.0
1511696599073,Sound_R,59.54879823301666
1511696599356,Sound_P,58.433135904413454
1511696599359,PodiumIR,70
1511696603047,Temperature_1,24.13
1511696603050,Humidity_1,18.465385522793095
1511696603053,Brightness_1,70.0
1511696603056,Temperature_2,23.78
1511696603058,Humidity_2,18.58870540339392
1511696603060,Brightness_2,79.0
1511696609073,Sound_R,61.16096522839357
1511696609377,Sound_P,61.023021476191225
1511696609380,PodiumIR,83
1511696609476,Temperature_1,24.13
1511696609479,Humidity_1,18.465385522793095
1511696609483,Brightness_1,70.0
1511696609485,Temperature_2,23.78
1511696609488,Humidity_2,18.58870540339392
1511696609490,Brightness_2,81.0
1511696615878,Temperature_1,24.13
1511696615881,Humidity_1,18.465385522793095
1511696615885,Brightness_1,70.0
1511696615887,Temperature_2,23.78
1511696615889,Humidity_2,18.58870540339392
1511696615895,Brightness_2,81.0
1511696619073,Sound_R,62.36708052863107
1511696619382,Sound_P,59.341519288975356
1511696619386,PodiumIR,96
1511696622370,Temperature_1,24.13
1511696622373,Humidity_1,18.465385522793095
1511696622377,Brightness_1,70.0
1511696622381,Temperature_2,23.78
1511696622385,Humidity_2,18.58870540339392
1511696622389,Brightness_2,81.0
1511696629073,Sound_R,65.14709946947949
1511696629179,Temperature_1,24.13
1511696629182,Humidity_1,18.465385522793095
1511696629186,Brightness_1,70.0
1511696629188,Temperature_2,23.78
1511696629190,Humidity_2,18.58870540339392
1511696629194,Brightness_2,81.0
1511696629389,Sound_P,70.0787016850011
1511696629392,PodiumIR,91
1511696635608,Temperature_1,24.13
1511696635611,Humidity_1,18.465385522793095
1511696635615,Brightness_1,70.0
1511696635617,Temperature_2,23.78
1511696635619,Humidity_2,18.58870540339392
1511696635621,Brightness_2,81.0
1511696639073,Sound_R,62.730772056831974
1511696639395,Sound_P,57.472817393488484
1511696639398,PodiumIR,85
1511696642059,Temperature_1,24.13
1511696642061,Humidity_1,18.465385522793095
1511696642066,Brightness_1,70.0
1511696642068,Temperature_2,23.78
1511696642070,Humidity_2,18.58870540339392
1511696642073,Brightness_2,81.0
1511696648487,Temperature_1,24.13
1511696648490,Humidity_1,18.465385522793095
1511696648493,Brightness_1,70.0
1511696648496,Temperature_2,23.78
1511696648499,Humidity_2,18.58870540339392
1511696648501,Brightness_2,81.0
1511696649073,Sound_R,60.6371236268399
1511696649406,Sound_P,60.20329792798059
1511696649409,PodiumIR,86
1511696655175,Temperature_1,24.13
1511696655178,Humidity_1,18.465385522793095
1511696655181,Brightness_1,74.0
1511696655184,Temperature_2,23.78
1511696655186,Humidity_2,18.58870540339392
1511696655188,Brightness_2,81.0
1511696659073,Sound_R,60.39862923798517
1511696659412,Sound_P,61.023021476191225
1511696659415,PodiumIR,89
1511696661738,Temperature_1,24.13
1511696661741,Humidity_1,18.465385522793095
1511696661745,Brightness_1,74.0
1511696661747,Temperature_2,23.78
1511696661749,Humidity_2,18.58870540339392
1511696661751,Brightness_2,81.0
1511696668386,Temperature_1,24.13
1511696668389,Humidity_1,18.465385522793095
1511696668392,Brightness_1,74.0
1511696668394,Temperature_2,23.78
1511696668397,Humidity_2,18.58870540339392
1511696668401,Brightness_2,81.0
1511696669073,Sound_R,58.922847982854954
1511696669418,Sound_P,59.341519288975356
1511696669422,PodiumIR,73
1511696674829,Temperature_1,24.13
1511696674832,Humidity_1,18.465385522793095
1511696674836,Brightness_1,74.0
1511696674838,Temperature_2,23.78
1511696674841,Humidity_2,18.58870540339392
1511696674844,Brightness_2,79.0
1511696679073,Sound_R,58.99980363141126
1511696679427,Sound_P,61.80460425887306
1511696679430,PodiumIR,92
1511696681589,Temperature_1,24.13
1511696681592,Humidity_1,18.465385522793095
1511696681595,Brightness_1,74.0
1511696681598,Temperature_2,23.78
1511696681600,Humidity_2,18.58870540339392
1511696681602,Brightness_2,79.0
1511696688062,Temperature_1,24.13
1511696688065,Humidity_1,18.465385522793095
1511696688069,Brightness_1,74.0
1511696688071,Temperature_2,23.78
1511696688073,Humidity_2,18.58870540339392
1511696688076,Brightness_2,79.0
1511696689073,Sound_R,55.67205993054555
1511696689433,Sound_P,59.341519288975356
1511696689437,PodiumIR,79
1511696694566,Temperature_1,24.13
1511696694569,Humidity_1,18.465385522793095
1511696694572,Brightness_1,74.0
1511696694574,Temperature_2,23.78
1511696694577,Humidity_2,18.58870540339392
1511696694579,Brightness_2,79.0
1511696699073,Sound_R,55.79152206885869
1511696699442,Sound_P,62.551438321825636
1511696699445,PodiumIR,70
1511696700976,Temperature_1,24.13
1511696700979,Humidity_1,18.465385522793095
1511696700982,Brightness_1,74.0
1511696700985,Temperature_2,23.78
1511696700987,Humidity_2,18.58870540339392
1511696700989,Brightness_2,79.0
1511696707654,Temperature_1,24.13
1511696707657,Humidity_1,18.465385522793095
1511696707661,Brightness_1,74.0
1511696707663,Temperature_2,23.78
1511696707665,Humidity_2,18.58870540339392
1511696707667,Brightness_2,79.0
1511696709073,Sound_R,61.77849053836974
1511696709448,Sound_P,68.0998289029382
1511696709451,PodiumIR,77
1511696714365,Temperature_1,24.13
1511696714368,Humidity_1,18.465385522793095
1511696714372,Brightness_1,76.0
1511696714375,Temperature_2,23.78
1511696714377,Humidity_2,18.58870540339392
1511696714382,Brightness_2,79.0
1511696719073,Sound_R,60.2390759293472
1511696719454,Sound_P,59.341519288975356
1511696719474,PodiumIR,97
1511696720809,Temperature_1,24.13
1511696720812,Humidity_1,18.465385522793095
1511696720816,Brightness_1,76.0
1511696720818,Temperature_2,23.78
1511696720821,Humidity_2,18.58870540339392
1511696720823,Brightness_2,79.0
1511696727259,Temperature_1,24.13
1511696727262,Humidity_1,18.465385522793095
1511696727266,Brightness_1,76.0
1511696727268,Temperature_2,23.78
1511696727270,Humidity_2,18.58870540339392
1511696727273,Brightness_2,79.0
1511696729073,Sound_R,59.55832651321907
1511696729482,Sound_P,60.20329792798059
1511696729485,PodiumIR,95
1511696733707,Temperature_1,24.13
1511696733710,Humidity_1,18.465385522793095
1511696733713,Brightness_1,76.0
1511696733715,Temperature_2,23.78
1511696733718,Humidity_2,18.58870540339392
1511696733720,Brightness_2,79.0
1511696739073,Sound_R,58.50355105351324
1511696739488,Sound_P,61.023021476191225
1511696739491,PodiumIR,85
1511696740369,Temperature_1,24.13
1511696740372,Humidity_1,18.465385522793095
1511696740376,Brightness_1,76.0
1511696740381,Temperature_2,23.78
1511696740384,Humidity_2,18.58870540339392
1511696740386,Brightness_2,81.0
1511696746834,Temperature_1,24.13
1511696746837,Humidity_1,18.465385522793095
1511696746840,Brightness_1,76.0
1511696746843,Temperature_2,23.78
1511696746845,Humidity_2,18.58870540339392
1511696746849,Brightness_2,81.0
1511696749073,Sound_R,56.197049817267725
1511696749494,Sound_P,61.023021476191225
1511696749497,PodiumIR,88
1511696753270,Temperature_1,24.13
1511696753273,Humidity_1,18.465385522793095
1511696753277,Brightness_1,76.0
1511696753279,Temperature_2,23.78
1511696753281,Humidity_2,18.58870540339392
1511696753284,Brightness_2,81.0
1511696759073,Sound_R,59.20920118343208
1511696759499,Sound_P,62.551438321825636
1511696759503,PodiumIR,123
1511696760029,Temperature_1,24.13
1511696760032,Humidity_1,18.465385522793095
1511696760036,Brightness_1,76.0
1511696760038,Temperature_2,23.78
1511696760040,Humidity_2,18.58870540339392
1511696760042,Brightness_2,81.0
1511696766449,Temperature_1,24.13
1511696766452,Humidity_1,18.465385522793095
1511696766455,Brightness_1,76.0
1511696766458,Temperature_2,23.78
1511696766460,Humidity_2,18.58870540339392
1511696766462,Brightness_2,81.0
1511696769073,Sound_R,60.900423111420075
1511696769505,Sound_P,62.551438321825636
1511696769509,PodiumIR,88
1511696773143,Temperature_1,24.13
1511696773146,Humidity_1,18.465385522793095
1511696773150,Brightness_1,76.0
1511696773152,Temperature_2,23.78
1511696773154,Humidity_2,18.58870540339392
1511696773158,Brightness_2,81.0
1511696779073,Sound_R,62.03015149126765
1511696779511,Sound_P,67.01551720930587
1511696779514,PodiumIR,86
1511696779557,Temperature_1,24.13
1511696779559,Humidity_1,18.465385522793095
1511696779563,Brightness_1,72.0
1511696779566,Temperature_2,23.78
1511696779569,Humidity_2,18.58870540339392
1511696779572,Brightness_2,81.0
1511696786244,Temperature_1,24.13
1511696786247,Humidity_1,18.465385522793095
1511696786250,Brightness_1,72.0
1511696786253,Temperature_2,23.78
1511696786255,Humidity_2,18.58870540339392
1511696786258,Brightness_2,81.0
1511696789073,Sound_R,64.00302004032493
1511696789517,Sound_P,61.80460425887306
1511696789520,PodiumIR,93
1511696792666,Temperature_1,24.13
1511696792669,Humidity_1,18.465385522793095
1511696792672,Brightness_1,72.0
1511696792674,Temperature_2,23.78
1511696792677,Humidity_2,18.58870540339392
1511696792679,Brightness_2,81.0
1511696799073,Sound_R,63.41254126950788
1511696799346,Temperature_1,24.13
1511696799349,Humidity_1,18.465385522793095
1511696799353,Brightness_1,72.0
1511696799355,Temperature_2,23.78
1511696799358,Humidity_2,18.465385522793095
1511696799362,Brightness_2,79.0
1511696799523,Sound_P,60.20329792798059
1511696799526,PodiumIR,86
1511696805809,Temperature_1,24.13
1511696805812,Humidity_1,18.465385522793095
1511696805816,Brightness_1,72.0
1511696805818,Temperature_2,23.78
1511696805821,Humidity_2,18.465385522793095
1511696805823,Brightness_2,79.0
1511696809073,Sound_R,61.95571317681678
1511696809529,Sound_P,57.472817393488484
1511696809532,PodiumIR,90
1511696812260,Temperature_1,24.13
1511696812263,Humidity_1,18.465385522793095
1511696812267,Brightness_1,72.0
1511696812269,Temperature_2,23.78
1511696812271,Humidity_2,18.465385522793095
1511696812274,Brightness_2,79.0
1511696818704,Temperature_1,24.13
1511696818708,Humidity_1,18.465385522793095
1511696818711,Brightness_1,72.0
1511696818714,Temperature_2,23.78
1511696818716,Humidity_2,18.465385522793095
1511696818719,Brightness_2,79.0
1511696819073,Sound_R,63.27781771816373
1511696819535,Sound_P,73.45017003946069
1511696819538,PodiumIR,66
1511696825165,Temperature_1,24.13
1511696825168,Humidity_1,18.465385522793095
1511696825172,Brightness_1,72.0
1511696825174,Temperature_2,23.78
1511696825176,Humidity_2,18.465385522793095
1511696825179,Brightness_2,79.0
1511696829073,Sound_R,68.36401154848026
1511696829541,Sound_P,69.11838317407611
1511696829544,PodiumIR,79
1511696831692,Temperature_1,24.13
1511696831695,Humidity_1,18.465385522793095
1511696831699,Brightness_1,72.0
1511696831701,Temperature_2,23.78
1511696831703,Humidity_2,18.465385522793095
1511696831706,Brightness_2,79.0
1511696838370,Temperature_1,24.13
1511696838373,Humidity_1,18.465385522793095
1511696838377,Brightness_1,72.0
1511696838382,Temperature_2,23.78
1511696838385,Humidity_2,18.465385522793095
1511696838387,Brightness_2,79.0
1511696839073,Sound_R,70.22885235576103
1511696839547,Sound_P,57.472817393488484
1511696839550,PodiumIR,93
1511696844787,Temperature_1,24.02
1511696844790,Humidity_1,18.58870540339392
1511696844794,Brightness_1,72.0
1511696844796,Temperature_2,23.78
1511696844798,Humidity_2,18.465385522793095
1511696844802,Brightness_2,79.0
1511696849073,Sound_R,69.9980438088166
1511696849552,Sound_P,63.26648240367583
1511696849556,PodiumIR,113
1511696851587,Temperature_1,24.02
1511696851590,Humidity_1,18.58870540339392
1511696851593,Brightness_1,72.0
1511696851595,Temperature_2,23.78
1511696851598,Humidity_2,18.465385522793095
1511696851600,Brightness_2,79.0
1511696858227,Temperature_1,24.02
1511696858230,Humidity_1,18.58870540339392
1511696858234,Brightness_1,72.0
1511696858236,Temperature_2,23.78
1511696858238,Humidity_2,18.465385522793095
1511696858241,Brightness_2,79.0
1511696859073,Sound_R,72.13180572275678
1511696859558,Sound_P,63.95233273361063
1511696859562,PodiumIR,95
1511696864640,Temperature_1,24.02
1511696864643,Humidity_1,18.58870540339392
1511696864647,Brightness_1,72.0
1511696864649,Temperature_2,23.78
1511696864651,Humidity_2,18.58870540339392
1511696864653,Brightness_2,77.0
1511696869073,Sound_R,69.70317184290322
1511696869566,Sound_P,63.26648240367583
1511696869569,PodiumIR,84
1511696871372,Temperature_1,24.02
1511696871375,Humidity_1,18.58870540339392
1511696871379,Brightness_1,72.0
1511696871381,Temperature_2,23.78
1511696871383,Humidity_2,18.58870540339392
1511696871385,Brightness_2,77.0
1511696877888,Temperature_1,24.02
1511696877891,Humidity_1,18.58870540339392
1511696877895,Brightness_1,72.0
1511696877898,Temperature_2,23.78
1511696877900,Humidity_2,18.58870540339392
1511696877902,Brightness_2,77.0
1511696879073,Sound_R,72.01132970565584
1511696879571,Sound_P,61.80460425887306
1511696879575,PodiumIR,88
1511696884343,Temperature_1,24.02
1511696884346,Humidity_1,18.58870540339392
1511696884350,Brightness_1,72.0
1511696884352,Temperature_2,23.78
1511696884355,Humidity_2,18.58870540339392
1511696884359,Brightness_2,77.0
1511696889073,Sound_R,68.54487380728855
1511696889577,Sound_P,60.20329792798059
1511696889580,PodiumIR,88
1511696890758,Temperature_1,24.02
1511696890761,Humidity_1,18.58870540339392
1511696890765,Brightness_1,72.0
1511696890767,Temperature_2,23.78
1511696890769,Humidity_2,18.58870540339392
1511696890773,Brightness_2,77.0
1511696897278,Temperature_1,24.02
1511696897281,Humidity_1,18.58870540339392
1511696897285,Brightness_1,72.0
1511696897287,Temperature_2,23.78
1511696897289,Humidity_2,18.58870540339392
1511696897292,Brightness_2,77.0
1511696899073,Sound_R,60.05709984529358
1511696899583,Sound_P,59.341519288975356
1511696899586,PodiumIR,86
1511696904006,Temperature_1,24.02
1511696904009,Humidity_1,18.465385522793095
1511696904012,Brightness_1,72.0
1511696904015,Temperature_2,23.78
1511696904017,Humidity_2,18.58870540339392
1511696904019,Brightness_2,77.0
1511696909073,Sound_R,59.511824224091505
1511696909589,Sound_P,59.341519288975356
1511696909592,PodiumIR,78
1511696910432,Temperature_1,24.02
1511696910435,Humidity_1,18.465385522793095
1511696910439,Brightness_1,72.0
1511696910441,Temperature_2,23.78
1511696910443,Humidity_2,18.58870540339392
1511696910445,Brightness_2,77.0
1511696917108,Temperature_1,24.02
1511696917111,Humidity_1,18.465385522793095
1511696917115,Brightness_1,72.0
1511696917117,Temperature_2,23.78
1511696917120,Humidity_2,18.58870540339392
1511696917122,Brightness_2,77.0
1511696919073,Sound_R,61.29236576437595
1511696919594,Sound_P,61.023021476191225
1511696919598,PodiumIR,132
1511696923873,Temperature_1,24.02
1511696923876,Humidity_1,18.465385522793095
1511696923879,Brightness_1,72.0
1511696923882,Temperature_2,23.78
1511696923884,Humidity_2,18.58870540339392
1511696923887,Brightness_2,77.0
1511696929073,Sound_R,66.01156917621246
1511696929600,Sound_P,71.42349921662418
1511696929603,PodiumIR,113
1511696930319,Temperature_1,24.02
1511696930322,Humidity_1,18.465385522793095
1511696930326,Brightness_1,72.0
1511696930328,Temperature_2,23.78
1511696930330,Humidity_2,18.465385522793095
1511696930332,Brightness_2,82.0
1511696936741,Temperature_1,24.02
1511696936744,Humidity_1,18.465385522793095
1511696936748,Brightness_1,72.0
1511696936750,Temperature_2,23.78
1511696936752,Humidity_2,18.465385522793095
1511696936755,Brightness_2,82.0
1511696939073,Sound_R,65.19039310994067
1511696939606,Sound_P,58.433135904413454
1511696939609,PodiumIR,82
1511696943238,Temperature_1,24.02
1511696943241,Humidity_1,18.465385522793095
1511696943245,Brightness_1,72.0
1511696943247,Temperature_2,23.78
1511696943249,Humidity_2,18.465385522793095
1511696943253,Brightness_2,82.0
1511696949073,Sound_R,64.99414796199382
1511696949612,Sound_P,63.26648240367583
1511696949615,PodiumIR,96
1511696949649,Temperature_1,24.02
1511696949652,Humidity_1,18.465385522793095
1511696949656,Brightness_1,72.0
1511696949658,Temperature_2,23.78
1511696949661,Humidity_2,18.465385522793095
1511696949664,Brightness_2,82.0
1511696956334,Temperature_1,24.02
1511696956337,Humidity_1,18.465385522793095
1511696956341,Brightness_1,72.0
1511696956343,Temperature_2,23.78
1511696956345,Humidity_2,18.465385522793095
1511696956349,Brightness_2,82.0
1511696959073,Sound_R,65.1260739618254
1511696959618,Sound_P,66.44593723960276
1511696959621,PodiumIR,89
1511696962793,Temperature_1,24.02
1511696962796,Humidity_1,18.465385522793095
1511696962799,Brightness_1,72.0
1511696962802,Temperature_2,23.78
1511696962804,Humidity_2,18.465385522793095
1511696962806,Brightness_2,82.0
1511696969073,Sound_R,63.48320837882819
1511696969564,Temperature_1,24.13
1511696969567,Humidity_1,18.465385522793095
1511696969571,Brightness_1,70.0
1511696969573,Temperature_2,23.78
1511696969575,Humidity_2,18.465385522793095
1511696969578,Brightness_2,82.0
1511696969623,Sound_P,59.341519288975356
1511696969627,PodiumIR,88
1511696976301,Temperature_1,24.13
1511696976304,Humidity_1,18.465385522793095
1511696976308,Brightness_1,70.0
1511696976310,Temperature_2,23.78
1511696976313,Humidity_2,18.465385522793095
1511696976315,Brightness_2,82.0
1511696979073,Sound_R,67.08657031575153
1511696979629,Sound_P,74.55832985633069
1511696979633,PodiumIR,86
1511696982718,Temperature_1,24.13
1511696982720,Humidity_1,18.465385522793095
1511696982724,Brightness_1,70.0
1511696982727,Temperature_2,23.78
1511696982729,Humidity_2,18.465385522793095
1511696982731,Brightness_2,82.0
1511696989073,Sound_R,66.82515246699029
1511696989615,Temperature_1,24.13
1511696989618,Humidity_1,18.465385522793095
1511696989622,Brightness_1,70.0
1511696989624,Temperature_2,23.78
1511696989626,Humidity_2,18.465385522793095
1511696989631,Brightness_2,80.0
1511696989635,Sound_P,59.341519288975356
1511696989639,PodiumIR,86
1511696996028,Temperature_1,24.13
1511696996031,Humidity_1,18.465385522793095
1511696996034,Brightness_1,70.0
1511696996036,Temperature_2,23.78
1511696996038,Humidity_2,18.465385522793095
1511696996040,Brightness_2,80.0
1511696999073,Sound_R,59.79636507718744
1511696999642,Sound_P,61.023021476191225
1511696999645,PodiumIR,89
1511697002443,Temperature_1,24.13
1511697002446,Humidity_1,18.465385522793095
1511697002450,Brightness_1,70.0
1511697002452,Temperature_2,23.78
1511697002454,Humidity_2,18.465385522793095
1511697002457,Brightness_2,80.0
1511697008861,Temperature_1,24.13
1511697008864,Humidity_1,18.465385522793095
1511697008868,Brightness_1,70.0
1511697008870,Temperature_2,23.78
1511697008873,Humidity_2,18.465385522793095
1511697008875,Brightness_2,80.0
1511697009073,Sound_R,55.92707073289617
1511697009648,Sound_P,65.24535518573873
1511697009651,PodiumIR,96
1511697015637,Temperature_1,24.13
1511697015640,Humidity_1,18.465385522793095
1511697015644,Brightness_1,70.0
1511697015647,Temperature_2,23.78
1511697015650,Humidity_2,18.465385522793095
1511697015654,Brightness_2,80.0
1511697019073,Sound_R,58.50255495369414
1511697019654,Sound_P,61.023021476191225
1511697019657,PodiumIR,86
1511697022390,Temperature_1,24.13
1511697022393,Humidity_1,18.465385522793095
1511697022397,Brightness_1,70.0
1511697022400,Temperature_2,23.78
1511697022403,Humidity_2,18.465385522793095
1511697022405,Brightness_2,80.0
1511697028936,Temperature_1,24.13
1511697028939,Humidity_1,18.465385522793095
1511697028943,Brightness_1,70.0
1511697028946,Temperature_2,23.78
1511697028948,Humidity_2,18.465385522793095
1511697028951,Brightness_2,80.0
1511697029073,Sound_R,56.27256514484702
1511697029659,Sound_P,68.0998289029382
1511697029663,PodiumIR,95
1511697035382,Temperature_1,24.13
1511697035385,Humidity_1,18.465385522793095
1511697035389,Brightness_1,75.0
1511697035392,Temperature_2,23.78
1511697035394,Humidity_2,18.465385522793095
1511697035398,Brightness_2,80.0
1511697039073,Sound_R,56.11653958236051
1511697039665,Sound_P,60.20329792798059
1511697039669,PodiumIR,89
1511697042045,Temperature_1,24.13
1511697042048,Humidity_1,18.465385522793095
1511697042052,Brightness_1,75.0
1511697042055,Temperature_2,23.78
1511697042057,Humidity_2,18.465385522793095
1511697042061,Brightness_2,80.0
1511697048458,Temperature_1,24.13
1511697048461,Humidity_1,18.465385522793095
1511697048465,Brightness_1,75.0
1511697048468,Temperature_2,23.78
1511697048471,Humidity_2,18.465385522793095
1511697048473,Brightness_2,80.0
1511697049073,Sound_R,62.51096302344786
1511697049671,Sound_P,63.26648240367583
1511697049674,PodiumIR,94
1511697055159,Temperature_1,24.13
1511697055163,Humidity_1,18.465385522793095
1511697055167,Brightness_1,75.0
1511697055169,Temperature_2,23.78
1511697055173,Humidity_2,18.465385522793095
1511697055177,Brightness_2,80.0
1511697059073,Sound_R,64.97897096233308
1511697059677,Sound_P,59.341519288975356
1511697059680,PodiumIR,90
1511697061579,Temperature_1,24.13
1511697061582,Humidity_1,18.465385522793095
1511697061586,Brightness_1,75.0
1511697061589,Temperature_2,23.78
1511697061591,Humidity_2,18.465385522793095
1511697061594,Brightness_2,80.0
1511697068064,Temperature_1,24.13
1511697068067,Humidity_1,18.465385522793095
1511697068071,Brightness_1,75.0
1511697068074,Temperature_2,23.78
1511697068077,Humidity_2,18.465385522793095
1511697068079,Brightness_2,80.0
1511697069073,Sound_R,63.131072971026505
1511697069683,Sound_P,60.20329792798059
1511697069686,PodiumIR,94
1511697074491,Temperature_1,24.13
1511697074494,Humidity_1,18.465385522793095
1511697074498,Brightness_1,75.0
1511697074501,Temperature_2,23.78
1511697074503,Humidity_2,18.465385522793095
1511697074506,Brightness_2,80.0
1511697079073,Sound_R,58.79590137933449
1511697079689,Sound_P,67.01551720930587
1511697079704,PodiumIR,83
1511697081258,Temperature_1,24.13
1511697081261,Humidity_1,18.465385522793095
1511697081265,Brightness_1,75.0
1511697081268,Temperature_2,23.78
1511697081271,Humidity_2,18.465385522793095
1511697081275,Brightness_2,80.0
1511697088124,Temperature_1,24.13
1511697088127,Humidity_1,18.465385522793095
1511697088131,Brightness_1,75.0
1511697088134,Temperature_2,23.78
1511697088137,Humidity_2,18.465385522793095
1511697088139,Brightness_2,80.0
1511697089073,Sound_R,59.15982911546433
1511697089712,Sound_P,59.341519288975356
1511697089715,PodiumIR,135
1511697094544,Temperature_1,24.13
1511697094547,Humidity_1,18.465385522793095
1511697094551,Brightness_1,74.0
1511697094554,Temperature_2,23.78
1511697094556,Humidity_2,18.465385522793095
1511697094561,Brightness_2,80.0
1511697099073,Sound_R,60.5186226412879
1511697099718,Sound_P,59.341519288975356
1511697099729,PodiumIR,128
1511697100975,Temperature_1,24.13
1511697100978,Humidity_1,18.465385522793095
1511697100982,Brightness_1,74.0
1511697100985,Temperature_2,23.78
1511697100988,Humidity_2,18.465385522793095
1511697100990,Brightness_2,80.0
1511697107793,Temperature_1,24.13
1511697107797,Humidity_1,18.465385522793095
1511697107801,Brightness_1,74.0
1511697107803,Temperature_2,23.78
1511697107806,Humidity_2,18.465385522793095
1511697107809,Brightness_2,80.0
1511697109073,Sound_R,59.31947982515004
1511697109734,Sound_P,58.433135904413454
1511697109738,PodiumIR,97
1511697114383,Temperature_1,24.13
1511697114387,Humidity_1,18.465385522793095
1511697114391,Brightness_1,74.0
1511697114393,Temperature_2,23.78
1511697114396,Humidity_2,18.465385522793095
1511697114398,Brightness_2,80.0
1511697119073,Sound_R,60.12595364525873
1511697119740,Sound_P,58.433135904413454
1511697119752,PodiumIR,102
1511697120807,Temperature_1,24.13
1511697120810,Humidity_1,18.465385522793095
1511697120814,Brightness_1,74.0
1511697120817,Temperature_2,23.78
1511697120820,Humidity_2,18.58870540339392
1511697120822,Brightness_2,83.0
1511697127548,Temperature_1,24.13
1511697127551,Humidity_1,18.465385522793095
1511697127555,Brightness_1,74.0
1511697127558,Temperature_2,23.78
1511697127560,Humidity_2,18.58870540339392
1511697127564,Brightness_2,83.0
1511697129073,Sound_R,61.80827617015358
1511697129758,Sound_P,60.20329792798059
1511697129761,PodiumIR,83
1511697134016,Temperature_1,24.13
1511697134019,Humidity_1,18.465385522793095
1511697134023,Brightness_1,74.0
1511697134026,Temperature_2,23.78
1511697134029,Humidity_2,18.58870540339392
1511697134033,Brightness_2,83.0
1511697139073,Sound_R,63.288596218923466
1511697139764,Sound_P,65.8563679754536
1511697139769,PodiumIR,78
1511697140434,Temperature_1,24.13
1511697140437,Humidity_1,18.465385522793095
1511697140441,Brightness_1,74.0
1511697140444,Temperature_2,23.78
1511697140447,Humidity_2,18.58870540339392
1511697140451,Brightness_2,83.0
1511697147129,Temperature_1,24.13
1511697147133,Humidity_1,18.465385522793095
1511697147137,Brightness_1,74.0
1511697147139,Temperature_2,23.78
1511697147142,Humidity_2,18.58870540339392
1511697147144,Brightness_2,83.0
1511697149073,Sound_R,64.80962877171073
1511697149775,Sound_P,70.987085069563
1511697149778,PodiumIR,86
1511697153544,Temperature_1,24.13
1511697153548,Humidity_1,18.465385522793095
1511697153552,Brightness_1,74.0
1511697153555,Temperature_2,23.78
1511697153559,Humidity_2,18.58870540339392
1511697153562,Brightness_2,83.0
1511697159073,Sound_R,65.43371537156935
1511697159781,Sound_P,68.0998289029382
1511697159784,PodiumIR,86
1511697160334,Temperature_1,24.13
1511697160338,Humidity_1,18.465385522793095
1511697160342,Brightness_1,72.0
1511697160344,Temperature_2,23.78
1511697160347,Humidity_2,18.58870540339392
1511697160351,Brightness_2,83.0
1511697167072,Temperature_1,24.13
1511697167076,Humidity_1,18.465385522793095
1511697167080,Brightness_1,72.0
1511697167083,Temperature_2,23.78
1511697167085,Humidity_2,18.58870540339392
1511697167088,Brightness_2,83.0
1511697169073,Sound_R,64.84304056731463
1511697169787,Sound_P,64.61127993529891
1511697169790,PodiumIR,103
1511697173536,Temperature_1,24.13
1511697173539,Humidity_1,18.465385522793095
1511697173543,Brightness_1,72.0
1511697173546,Temperature_2,23.78
1511697173550,Humidity_2,18.58870540339392
1511697173553,Brightness_2,83.0
1511697179073,Sound_R,66.93493859374858
1511697179792,Sound_P,65.24535518573873
1511697179796,PodiumIR,88
1511697179949,Temperature_1,24.13
1511697179952,Humidity_1,18.465385522793095
1511697179956,Brightness_1,72.0
1511697179959,Temperature_2,23.78
1511697179962,Humidity_2,18.58870540339392
1511697179966,Brightness_2,84.0
1511697186380,Temperature_1,24.13
1511697186384,Humidity_1,18.465385522793095
1511697186389,Brightness_1,72.0
1511697186391,Temperature_2,23.78
1511697186394,Humidity_2,18.58870540339392
1511697186397,Brightness_2,84.0
1511697189073,Sound_R,70.77192063524473
1511697189798,Sound_P,58.433135904413454
1511697189801,PodiumIR,97
1511697193097,Temperature_1,24.13
1511697193100,Humidity_1,18.465385522793095
1511697193104,Brightness_1,72.0
1511697193107,Temperature_2,23.78
1511697193110,Humidity_2,18.58870540339392
1511697193114,Brightness_2,84.0
1511697199073,Sound_R,70.00331678342098
1511697199743,Temperature_1,24.13
1511697199746,Humidity_1,18.465385522793095
1511697199750,Brightness_1,72.0
1511697199753,Temperature_2,23.78
1511697199755,Humidity_2,18.58870540339392
1511697199758,Brightness_2,84.0
1511697199804,Sound_P,65.8563679754536
1511697199808,PodiumIR,90
1511697206160,Temperature_1,24.13
1511697206163,Humidity_1,18.465385522793095
1511697206167,Brightness_1,72.0
1511697206170,Temperature_2,23.78
1511697206172,Humidity_2,18.58870540339392
1511697206175,Brightness_2,84.0
1511697209073,Sound_R,67.21152279317457
1511697209811,Sound_P,63.26648240367583
1511697209814,PodiumIR,85
1511697212602,Temperature_1,24.13
1511697212606,Humidity_1,18.465385522793095
1511697212610,Brightness_1,72.0
1511697212613,Temperature_2,23.78
1511697212615,Humidity_2,18.58870540339392
1511697212619,Brightness_2,84.0
1511697219073,Sound_R,64.25055915043764
1511697219313,Temperature_1,24.13
1511697219316,Humidity_1,18.465385522793095
1511697219320,Brightness_1,72.0
1511697219323,Temperature_2,23.78
1511697219325,Humidity_2,18.58870540339392
1511697219328,Brightness_2,84.0
1511697219817,Sound_P,62.551438321825636
1511697219820,PodiumIR,96
1511697226054,Temperature_1,24.13
1511697226057,Humidity_1,18.465385522793095
1511697226061,Brightness_1,72.0
1511697226064,Temperature_2,23.78
1511697226067,Humidity_2,18.58870540339392
1511697226069,Brightness_2,84.0
1511697229073,Sound_R,61.49464329096566
1511697229822,Sound_P,64.61127993529891
1511697229826,PodiumIR,94
1511697232497,Temperature_1,24.13
1511697232500,Humidity_1,18.465385522793095
1511697232504,Brightness_1,72.0
1511697232506,Temperature_2,23.78
1511697232509,Humidity_2,18.58870540339392
1511697232512,Brightness_2,84.0
1511697238958,Temperature_1,24.13
1511697238961,Humidity_1,18.465385522793095
1511697238965,Brightness_1,72.0
1511697238968,Temperature_2,23.78
1511697238970,Humidity_2,18.58870540339392
1511697238973,Brightness_2,84.0
1511697239073,Sound_R,61.28823895751015
1511697239829,Sound_P,71.84886370856825
1511697239832,PodiumIR,87
1511697245642,Temperature_1,24.13
1511697245646,Humidity_1,18.465385522793095
1511697245650,Brightness_1,72.0
1511697245652,Temperature_2,23.78
1511697245655,Humidity_2,18.58870540339392
1511697245658,Brightness_2,77.0
1511697249073,Sound_R,64.3138277506016
1511697249834,Sound_P,59.341519288975356
1511697249839,PodiumIR,77
1511697252385,Temperature_1,24.13
1511697252389,Humidity_1,18.465385522793095
1511697252393,Brightness_1,72.0
1511697252395,Temperature_2,23.78
1511697252398,Humidity_2,18.58870540339392
1511697252402,Brightness_2,77.0
1511697258823,Temperature_1,24.13
1511697258826,Humidity_1,18.465385522793095
1511697258830,Brightness_1,72.0
1511697258833,Temperature_2,23.78
1511697258835,Humidity_2,18.58870540339392
1511697258839,Brightness_2,77.0
1511697259073,Sound_R,64.82381697664137
1511697259843,Sound_P,59.341519288975356
1511697259846,PodiumIR,84
1511697265490,Temperature_1,24.13
1511697265493,Humidity_1,18.465385522793095
1511697265497,Brightness_1,72.0
1511697265500,Temperature_2,23.78
1511697265502,Humidity_2,18.58870540339392
1511697265506,Brightness_2,77.0
1511697269073,Sound_R,61.65861286832296
1511697269849,Sound_P,58.433135904413454
1511697269852,PodiumIR,86
1511697271942,Temperature_1,24.13
1511697271945,Humidity_1,18.465385522793095
1511697271949,Brightness_1,72.0
1511697271952,Temperature_2,23.78
1511697271954,Humidity_2,18.58870540339392
1511697271957,Brightness_2,77.0
1511697278440,Temperature_1,24.13
1511697278444,Humidity_1,18.465385522793095
1511697278448,Brightness_1,72.0
1511697278450,Temperature_2,23.78
1511697278453,Humidity_2,18.58870540339392
1511697278455,Brightness_2,77.0
1511697279073,Sound_R,62.05276395879793
1511697279854,Sound_P,58.433135904413454
1511697279862,PodiumIR,86
1511697285152,Temperature_1,24.13
1511697285155,Humidity_1,18.465385522793095
1511697285159,Brightness_1,75.0
1511697285162,Temperature_2,23.78
1511697285165,Humidity_2,18.58870540339392
1511697285169,Brightness_2,77.0
1511697289073,Sound_R,61.41958997716392
1511697289867,Sound_P,68.0998289029382
1511697289880,PodiumIR,83
1511697291937,Temperature_1,24.13
1511697291940,Humidity_1,18.465385522793095
1511697291944,Brightness_1,75.0
1511697291947,Temperature_2,23.78
1511697291949,Humidity_2,18.58870540339392
1511697291952,Brightness_2,77.0
1511697298383,Temperature_1,24.13
1511697298387,Humidity_1,18.465385522793095
1511697298391,Brightness_1,75.0
1511697298393,Temperature_2,23.78
1511697298396,Humidity_2,18.58870540339392
1511697298398,Brightness_2,77.0
1511697299073,Sound_R,58.99641435710979
1511697299889,Sound_P,60.20329792798059
1511697299892,PodiumIR,93
1511697305110,Temperature_1,24.13
1511697305113,Humidity_1,18.465385522793095
1511697305117,Brightness_1,75.0
1511697305119,Temperature_2,23.78
1511697305122,Humidity_2,18.58870540339392
1511697305126,Brightness_2,77.0
1511697309073,Sound_R,59.18045212384019
1511697309895,Sound_P,63.26648240367583
1511697309899,PodiumIR,60
1511697311560,Temperature_1,24.13
1511697311563,Humidity_1,18.465385522793095
1511697311567,Brightness_1,75.0
1511697311570,Temperature_2,23.78
1511697311572,Humidity_2,18.465385522793095
1511697311575,Brightness_2,77.0
1511697318015,Temperature_1,24.13
1511697318019,Humidity_1,18.465385522793095
1511697318023,Brightness_1,75.0
1511697318025,Temperature_2,23.78
1511697318028,Humidity_2,18.465385522793095
1511697318031,Brightness_2,77.0
1511697319073,Sound_R,62.922739333197306
1511697319901,Sound_P,62.551438321825636
1511697319905,PodiumIR,89
1511697324440,Temperature_1,24.13
1511697324443,Humidity_1,18.465385522793095
1511697324447,Brightness_1,75.0
1511697324450,Temperature_2,23.78
1511697324452,Humidity_2,18.465385522793095
1511697324455,Brightness_2,77.0
1511697329073,Sound_R,62.59898036474187
1511697329907,Sound_P,64.61127993529891
1511697329919,PodiumIR,93
1511697330858,Temperature_1,24.13
1511697330862,Humidity_1,18.465385522793095
1511697330866,Brightness_1,75.0
1511697330868,Temperature_2,23.78
1511697330871,Humidity_2,18.465385522793095
1511697330873,Brightness_2,77.0
1511697337606,Temperature_1,24.13
1511697337609,Humidity_1,18.465385522793095
1511697337613,Brightness_1,75.0
1511697337615,Temperature_2,23.78
1511697337618,Humidity_2,18.465385522793095
1511697337622,Brightness_2,77.0
1511697339073,Sound_R,62.22821776355325
1511697339923,Sound_P,61.023021476191225
1511697339927,PodiumIR,93
1511697344378,Temperature_1,24.13
1511697344383,Humidity_1,18.465385522793095
1511697344387,Brightness_1,75.0
1511697344390,Temperature_2,23.78
1511697344392,Humidity_2,18.465385522793095
1511697344395,Brightness_2,77.0
1511697349073,Sound_R,66.45036384751127
1511697349929,Sound_P,62.551438321825636
1511697349937,PodiumIR,107
1511697351197,Temperature_1,24.13
1511697351200,Humidity_1,18.465385522793095
1511697351204,Brightness_1,70.0
1511697351207,Temperature_2,23.78
1511697351209,Humidity_2,18.465385522793095
1511697351212,Brightness_2,77.0
1511697357641,Temperature_1,24.13
1511697357644,Humidity_1,18.465385522793095
1511697357649,Brightness_1,70.0
1511697357651,Temperature_2,23.78
1511697357654,Humidity_2,18.465385522793095
1511697357658,Brightness_2,77.0
1511697359073,Sound_R,61.602270515709385
1511697359940,Sound_P,60.20329792798059
1511697359943,PodiumIR,78
1511697364094,Temperature_1,24.13
1511697364098,Humidity_1,18.465385522793095
1511697364102,Brightness_1,70.0
1511697364104,Temperature_2,23.78
1511697364107,Humidity_2,18.465385522793095
1511697364110,Brightness_2,77.0
1511697369073,Sound_R,57.18672795648359
1511697369946,Sound_P,62.551438321825636
1511697369949,PodiumIR,94
1511697370519,Temperature_1,24.13
1511697370522,Humidity_1,18.465385522793095
1511697370526,Brightness_1,70.0
1511697370529,Temperature_2,23.78
1511697370531,Humidity_2,18.465385522793095
1511697370534,Brightness_2,79.0
1511697377202,Temperature_1,24.13
1511697377205,Humidity_1,18.465385522793095
1511697377209,Brightness_1,70.0
1511697377212,Temperature_2,23.78
1511697377215,Humidity_2,18.465385522793095
1511697377219,Brightness_2,79.0
1511697379073,Sound_R,58.6291135422862
1511697379952,Sound_P,60.20329792798059
1511697379955,PodiumIR,93
1511697383966,Temperature_1,24.13
1511697383969,Humidity_1,18.465385522793095
1511697383973,Brightness_1,70.0
1511697383976,Temperature_2,23.78
1511697383979,Humidity_2,18.465385522793095
1511697383983,Brightness_2,79.0
1511697389073,Sound_R,58.0251248389653
1511697389958,Sound_P,60.20329792798059
1511697389972,PodiumIR,90
1511697390412,Temperature_1,24.13
1511697390415,Humidity_1,18.465385522793095
1511697390419,Brightness_1,70.0
1511697390422,Temperature_2,23.78
1511697390425,Humidity_2,18.465385522793095
1511697390429,Brightness_2,79.0
1511697397175,Temperature_1,24.13
1511697397178,Humidity_1,18.465385522793095
1511697397182,Brightness_1,70.0
1511697397185,Temperature_2,23.78
1511697397188,Humidity_2,18.465385522793095
1511697397191,Brightness_2,79.0
1511697399073,Sound_R,57.9914741583861
1511697399981,Sound_P,59.341519288975356
1511697399984,PodiumIR,87
1511697403577,Temperature_1,24.13
1511697403580,Humidity_1,18.465385522793095
1511697403584,Brightness_1,70.0
1511697403587,Temperature_2,23.78
1511697403589,Humidity_2,18.465385522793095
1511697403593,Brightness_2,79.0
1511697409073,Sound_R,59.72811101069242
1511697409995,Sound_P,61.023021476191225
1511697409999,PodiumIR,69
1511697410088,Temperature_1,24.13
1511697410091,Humidity_1,18.465385522793095
1511697410095,Brightness_1,70.0
1511697410098,Temperature_2,23.78
1511697410100,Humidity_2,18.465385522793095
1511697410103,Brightness_2,79.0
1511697416489,Temperature_1,24.13
1511697416492,Humidity_1,18.465385522793095
1511697416496,Brightness_1,76.0
1511697416499,Temperature_2,23.78
1511697416502,Humidity_2,18.465385522793095
1511697416504,Brightness_2,79.0
1511697419073,Sound_R,58.661795447516475
1511697420001,Sound_P,61.023021476191225
1511697420004,PodiumIR,88
1511697422977,Temperature_1,24.13
1511697422980,Humidity_1,18.465385522793095
1511697422984,Brightness_1,76.0
1511697422987,Temperature_2,23.78
1511697422990,Humidity_2,18.465385522793095
1511697422994,Brightness_2,79.0
1511697429073,Sound_R,57.15085442480318
1511697429438,Temperature_1,24.13
1511697429441,Humidity_1,18.465385522793095
1511697429445,Brightness_1,76.0
1511697429448,Temperature_2,23.78
1511697429451,Humidity_2,18.465385522793095
1511697429453,Brightness_2,79.0
1511697430007,Sound_P,58.433135904413454
1511697430011,PodiumIR,81
1511697436112,Temperature_1,24.13
1511697436115,Humidity_1,18.465385522793095
1511697436120,Brightness_1,76.0
1511697436122,Temperature_2,23.78
1511697436125,Humidity_2,18.58870540339392
1511697436129,Brightness_2,80.0
1511697439073,Sound_R,61.02870287481841
1511697440013,Sound_P,60.20329792798059
1511697440016,PodiumIR,80
1511697442507,Temperature_1,24.13
1511697442510,Humidity_1,18.465385522793095
1511697442514,Brightness_1,76.0
1511697442517,Temperature_2,23.78
1511697442520,Humidity_2,18.58870540339392
1511697442522,Brightness_2,80.0
1511697449073,Sound_R,63.58918507663979
1511697449248,Temperature_1,24.13
1511697449251,Humidity_1,18.465385522793095
1511697449255,Brightness_1,76.0
1511697449258,Temperature_2,23.78
1511697449260,Humidity_2,18.58870540339392
1511697449263,Brightness_2,80.0
1511697450019,Sound_P,60.20329792798059
1511697450023,PodiumIR,79
1511697456063,Temperature_1,24.13
1511697456067,Humidity_1,18.465385522793095
1511697456071,Brightness_1,76.0
1511697456074,Temperature_2,23.78
1511697456076,Humidity_2,18.58870540339392
1511697456079,Brightness_2,80.0
1511697459073,Sound_R,62.32840528524088
1511697460025,Sound_P,59.341519288975356
1511697460029,PodiumIR,90
1511697462481,Temperature_1,24.13
1511697462484,Humidity_1,18.465385522793095
1511697462489,Brightness_1,76.0
1511697462491,Temperature_2,23.78
1511697462493,Humidity_2,18.58870540339392
1511697462496,Brightness_2,80.0
1511697469073,Sound_R,60.91585018844511
1511697469158,Temperature_1,24.13
1511697469162,Humidity_1,18.465385522793095
1511697469165,Brightness_1,76.0
1511697469168,Temperature_2,23.78
1511697469171,Humidity_2,18.58870540339392
1511697469175,Brightness_2,80.0
1511697470031,Sound_P,62.551438321825636
1511697470035,PodiumIR,86
1511697475713,Temperature_1,24.13
1511697475716,Humidity_1,18.34206564219227
1511697475720,Brightness_1,70.0
1511697475722,Temperature_2,23.78
1511697475725,Humidity_2,18.58870540339392
1511697475729,Brightness_2,80.0
1511697479073,Sound_R,63.64076495498362
1511697480038,Sound_P,61.80460425887306
1511697480041,PodiumIR,91
1511697482178,Temperature_1,24.13
1511697482181,Humidity_1,18.34206564219227
1511697482185,Brightness_1,70.0
1511697482188,Temperature_2,23.78
1511697482191,Humidity_2,18.58870540339392
1511697482195,Brightness_2,80.0
1511697488577,Temperature_1,24.13
1511697488580,Humidity_1,18.34206564219227
1511697488584,Brightness_1,70.0
1511697488587,Temperature_2,23.78
1511697488591,Humidity_2,18.58870540339392
1511697488594,Brightness_2,80.0
1511697489073,Sound_R,62.39082096432883
1511697490043,Sound_P,62.551438321825636
1511697490047,PodiumIR,93
1511697495285,Temperature_1,24.13
1511697495288,Humidity_1,18.34206564219227
1511697495293,Brightness_1,70.0
1511697495295,Temperature_2,23.78
1511697495298,Humidity_2,18.58870540339392
1511697495302,Brightness_2,80.0
1511697499073,Sound_R,60.39484131668965
1511697500050,Sound_P,61.80460425887306
1511697500053,PodiumIR,102
1511697501732,Temperature_1,24.13
1511697501735,Humidity_1,18.34206564219227
1511697501739,Brightness_1,70.0
1511697501742,Temperature_2,23.78
1511697501744,Humidity_2,18.58870540339392
1511697501747,Brightness_2,79.0
1511697508276,Temperature_1,24.13
1511697508279,Humidity_1,18.34206564219227
1511697508283,Brightness_1,70.0
1511697508286,Temperature_2,23.78
1511697508288,Humidity_2,18.58870540339392
1511697508292,Brightness_2,79.0
1511697509073,Sound_R,62.71350816829298
1511697510056,Sound_P,61.023021476191225
1511697510059,PodiumIR,97
1511697514697,Temperature_1,24.13
1511697514700,Humidity_1,18.34206564219227
1511697514705,Brightness_1,70.0
1511697514707,Temperature_2,23.78
1511697514710,Humidity_2,18.58870540339392
1511697514714,Brightness_2,79.0
1511697519073,Sound_R,62.20699406758212
1511697520061,Sound_P,59.341519288975356
1511697520070,PodiumIR,77
1511697521383,Temperature_1,24.13
1511697521386,Humidity_1,18.34206564219227
1511697521390,Brightness_1,70.0
1511697521393,Temperature_2,23.78
1511697521395,Humidity_2,18.58870540339392
1511697521399,Brightness_2,79.0
1511697528077,Temperature_1,24.13
1511697528080,Humidity_1,18.34206564219227
1511697528084,Brightness_1,70.0
1511697528087,Temperature_2,23.78
1511697528089,Humidity_2,18.58870540339392
1511697528093,Brightness_2,79.0
1511697529073,Sound_R,58.05904898085806
1511697530072,Sound_P,63.95233273361063
1511697530075,PodiumIR,95
1511697534500,Temperature_1,24.13
1511697534504,Humidity_1,18.34206564219227
1511697534508,Brightness_1,70.0
1511697534510,Temperature_2,23.78
1511697534513,Humidity_2,18.58870540339392
1511697534517,Brightness_2,79.0
1511697539073,Sound_R,57.247110266905985
1511697540078,Sound_P,58.433135904413454
1511697540090,PodiumIR,89
1511697540967,Temperature_1,24.02
1511697540970,Humidity_1,18.465385522793095
1511697540974,Brightness_1,72.0
1511697540977,Temperature_2,23.78
1511697540980,Humidity_2,18.58870540339392
1511697540982,Brightness_2,79.0
1511697547700,Temperature_1,24.02
1511697547704,Humidity_1,18.465385522793095
1511697547708,Brightness_1,72.0
1511697547710,Temperature_2,23.78
1511697547713,Humidity_2,18.58870540339392
1511697547715,Brightness_2,79.0
1511697549073,Sound_R,59.866854132080505
1511697550095,Sound_P,57.472817393488484
1511697550099,PodiumIR,86
1511697557429,Temperature_1,24.02
1511697557432,Humidity_1,18.465385522793095
1511697557437,Brightness_1,72.0
1511697557439,Temperature_2,23.78
1511697557442,Humidity_2,18.58870540339392
1511697557446,Brightness_2,79.0
1511697559073,Sound_R,63.83087716443176
1511697560101,Sound_P,63.26648240367583
1511697560105,PodiumIR,124
1511697563899,Temperature_1,24.02
1511697563902,Humidity_1,18.465385522793095
1511697563906,Brightness_1,72.0
1511697563909,Temperature_2,23.78
1511697563912,Humidity_2,18.58870540339392
1511697563917,Brightness_2,83.0
1511697569073,Sound_R,65.49533552090172
1511697570115,Sound_P,59.341519288975356
1511697570119,PodiumIR,86
1511697570369,Temperature_1,24.02
1511697570372,Humidity_1,18.465385522793095
1511697570376,Brightness_1,72.0
1511697570381,Temperature_2,23.78
1511697570386,Humidity_2,18.58870540339392
1511697570388,Brightness_2,83.0
1511697577142,Temperature_1,24.02
1511697577146,Humidity_1,18.465385522793095
1511697577150,Brightness_1,72.0
1511697577152,Temperature_2,23.78
1511697577155,Humidity_2,18.58870540339392
1511697577157,Brightness_2,83.0
1511697579073,Sound_R,62.908465507868556
1511697580121,Sound_P,70.0787016850011
1511697580124,PodiumIR,89
1511697583849,Temperature_1,24.02
1511697583852,Humidity_1,18.465385522793095
1511697583857,Brightness_1,72.0
1511697583859,Temperature_2,23.78
1511697583862,Humidity_2,18.58870540339392
1511697583866,Brightness_2,83.0
1511697589073,Sound_R,62.15528646071948
1511697590136,Sound_P,62.551438321825636
1511697590140,PodiumIR,83
1511697590266,Temperature_1,24.02
1511697590269,Humidity_1,18.465385522793095
1511697590273,Brightness_1,72.0
1511697590276,Temperature_2,23.78
1511697590279,Humidity_2,18.58870540339392
1511697590281,Brightness_2,83.0
1511697596678,Temperature_1,24.02
1511697596681,Humidity_1,18.465385522793095
1511697596685,Brightness_1,72.0
1511697596688,Temperature_2,23.78
1511697596691,Humidity_2,18.58870540339392
1511697596694,Brightness_2,83.0
1511697599073,Sound_R,61.59673500415559
1511697600142,Sound_P,61.023021476191225
1511697600146,PodiumIR,94
1511697603212,Temperature_1,24.02
1511697603215,Humidity_1,18.465385522793095
1511697603219,Brightness_1,75.0
1511697603222,Temperature_2,23.78
1511697603224,Humidity_2,18.58870540339392
1511697603227,Brightness_2,83.0
1511697609073,Sound_R,64.03616257103967
1511697609973,Temperature_1,24.02
1511697609976,Humidity_1,18.465385522793095
1511697609980,Brightness_1,75.0
1511697609983,Temperature_2,23.78
1511697609986,Humidity_2,18.58870540339392
1511697609990,Brightness_2,83.0
1511697610148,Sound_P,67.56641902255494
1511697610152,PodiumIR,122
1511697616418,Temperature_1,24.02
1511697616421,Humidity_1,18.465385522793095
1511697616426,Brightness_1,75.0
1511697616428,Temperature_2,23.78
1511697616431,Humidity_2,18.58870540339392
1511697616435,Brightness_2,83.0
1511697619073,Sound_R,64.65988663151289
1511697620154,Sound_P,61.023021476191225
1511697620158,PodiumIR,107
1511697622897,Temperature_1,24.02
1511697622901,Humidity_1,18.465385522793095
1511697622905,Brightness_1,75.0
1511697622908,Temperature_2,23.78
1511697622910,Humidity_2,18.58870540339392
1511697622913,Brightness_2,83.0
1511697629073,Sound_R,62.608373902366345
1511697629641,Temperature_1,24.02
1511697629645,Humidity_1,18.465385522793095
1511697629649,Brightness_1,75.0
1511697629651,Temperature_2,23.78
1511697629654,Humidity_2,18.465385522793095
1511697629657,Brightness_2,79.0
1511697630160,Sound_P,68.0998289029382
1511697630164,PodiumIR,89
1511697636094,Temperature_1,24.02
1511697636097,Humidity_1,18.465385522793095
1511697636101,Brightness_1,75.0
1511697636104,Temperature_2,23.78
1511697636107,Humidity_2,18.465385522793095
1511697636111,Brightness_2,79.0
1511697639073,Sound_R,62.506013255578644
1511697640166,Sound_P,57.472817393488484
1511697640170,PodiumIR,105
1511697642508,Temperature_1,24.02
1511697642512,Humidity_1,18.465385522793095
1511697642515,Brightness_1,75.0
1511697642518,Temperature_2,23.78
1511697642521,Humidity_2,18.465385522793095
1511697642523,Brightness_2,79.0
1511697649019,Temperature_1,24.02
1511697649022,Humidity_1,18.465385522793095
1511697649026,Brightness_1,75.0
1511697649029,Temperature_2,23.78
1511697649032,Humidity_2,18.465385522793095
1511697649036,Brightness_2,79.0
1511697649073,Sound_R,62.72661003888317
1511697650172,Sound_P,61.023021476191225
1511697650175,PodiumIR,83
1511697655734,Temperature_1,24.02
1511697655737,Humidity_1,18.465385522793095
1511697655741,Brightness_1,75.0
1511697655744,Temperature_2,23.78
1511697655746,Humidity_2,18.465385522793095
1511697655751,Brightness_2,79.0
1511697659073,Sound_R,65.79131901763488
1511697660178,Sound_P,61.023021476191225
1511697660181,PodiumIR,84
1511697662682,Temperature_1,24.02
1511697662685,Humidity_1,18.465385522793095
1511697662689,Brightness_1,75.0
1511697662692,Temperature_2,23.78
1511697662694,Humidity_2,18.465385522793095
1511697662697,Brightness_2,79.0
1511697669073,Sound_R,65.68071548920345
1511697669355,Temperature_1,24.02
1511697669359,Humidity_1,18.465385522793095
1511697669363,Brightness_1,77.0
1511697669365,Temperature_2,23.78
1511697669368,Humidity_2,18.465385522793095
1511697669373,Brightness_2,79.0
1511697670184,Sound_P,58.433135904413454
1511697670188,PodiumIR,93
1511697675775,Temperature_1,24.02
1511697675778,Humidity_1,18.465385522793095
1511697675782,Brightness_1,77.0
1511697675785,Temperature_2,23.78
1511697675788,Humidity_2,18.465385522793095
1511697675790,Brightness_2,79.0
1511697679073,Sound_R,60.09099100935419
1511697680190,Sound_P,61.023021476191225
1511697680193,PodiumIR,87
1511697682369,Temperature_1,24.02
1511697682372,Humidity_1,18.465385522793095
1511697682376,Brightness_1,77.0
1511697682379,Temperature_2,23.78
1511697682382,Humidity_2,18.465385522793095
1511697682387,Brightness_2,79.0
1511697689073,Sound_R,58.249977445912926
1511697689128,Temperature_1,24.02
1511697689131,Humidity_1,18.465385522793095
1511697689135,Brightness_1,77.0
1511697689138,Temperature_2,23.78
1511697689141,Humidity_2,18.465385522793095
1511697689143,Brightness_2,79.0
1511697690196,Sound_P,61.023021476191225
1511697690199,PodiumIR,49
1511697695883,Temperature_1,24.02
1511697695886,Humidity_1,18.465385522793095
1511697695890,Brightness_1,77.0
1511697695893,Temperature_2,23.78
1511697695896,Humidity_2,18.465385522793095
1511697695900,Brightness_2,79.0
1511697699073,Sound_R,56.562063985069635
1511697700202,Sound_P,61.023021476191225
1511697700205,PodiumIR,86
1511697702371,Temperature_1,24.02
1511697702374,Humidity_1,18.465385522793095
1511697702378,Brightness_1,77.0
1511697702381,Temperature_2,23.78
1511697702384,Humidity_2,18.465385522793095
1511697702388,Brightness_2,79.0
1511697709073,Sound_R,53.22775637822944
1511697709085,Temperature_1,24.02
1511697709089,Humidity_1,18.465385522793095
1511697709093,Brightness_1,77.0
1511697709096,Temperature_2,23.78
1511697709099,Humidity_2,18.465385522793095
1511697709102,Brightness_2,79.0
1511697710208,Sound_P,60.20329792798059
1511697710211,PodiumIR,91
1511697715742,Temperature_1,24.02
1511697715745,Humidity_1,18.465385522793095
1511697715749,Brightness_1,77.0
1511697715752,Temperature_2,23.78
1511697715754,Humidity_2,18.465385522793095
1511697715757,Brightness_2,79.0
1511697719073,Sound_R,54.57122431769991
1511697720214,Sound_P,64.61127993529891
1511697720217,PodiumIR,102
1511697722370,Temperature_1,24.02
1511697722374,Humidity_1,18.465385522793095
1511697722378,Brightness_1,77.0
1511697722381,Temperature_2,23.78
1511697722384,Humidity_2,18.465385522793095
1511697722388,Brightness_2,79.0
1511697729067,Temperature_1,24.02
1511697729070,Humidity_1,18.465385522793095
1511697729073,Sound_R,60.34512696626814
1511697729074,Brightness_1,77.0
1511697729077,Temperature_2,23.78
1511697729080,Humidity_2,18.465385522793095
1511697729084,Brightness_2,79.0
1511697730220,Sound_P,63.26648240367583
1511697730223,PodiumIR,95
1511697735617,Temperature_1,24.13
1511697735620,Humidity_1,18.34206564219227
1511697735624,Brightness_1,70.0
1511697735627,Temperature_2,23.78
1511697735630,Humidity_2,18.465385522793095
1511697735634,Brightness_2,79.0
1511697739073,Sound_R,61.91541029939245
1511697740226,Sound_P,59.341519288975356
1511697740229,PodiumIR,92
1511697742364,Temperature_1,24.13
1511697742367,Humidity_1,18.34206564219227
1511697742371,Brightness_1,70.0
1511697742374,Temperature_2,23.78
1511697742377,Humidity_2,18.465385522793095
1511697742381,Brightness_2,79.0
1511697748825,Temperature_1,24.13
1511697748828,Humidity_1,18.34206564219227
1511697748832,Brightness_1,70.0
1511697748835,Temperature_2,23.78
1511697748838,Humidity_2,18.465385522793095
1511697748842,Brightness_2,79.0
1511697749073,Sound_R,61.309819986322054
1511697750232,Sound_P,61.80460425887306
1511697750235,PodiumIR,93
1511697755274,Temperature_1,24.13
1511697755278,Humidity_1,18.34206564219227
1511697755282,Brightness_1,70.0
1511697755284,Temperature_2,23.78
1511697755287,Humidity_2,18.465385522793095
1511697755289,Brightness_2,81.0
1511697759073,Sound_R,58.12372694354557
1511697760238,Sound_P,61.80460425887306
1511697760241,PodiumIR,127
1511697761748,Temperature_1,24.13
1511697761751,Humidity_1,18.34206564219227
1511697761755,Brightness_1,70.0
1511697761758,Temperature_2,23.78
1511697761761,Humidity_2,18.465385522793095
1511697761763,Brightness_2,81.0
1511697768171,Temperature_1,24.13
1511697768175,Humidity_1,18.34206564219227
1511697768179,Brightness_1,70.0
1511697768181,Temperature_2,23.78
1511697768184,Humidity_2,18.465385522793095
1511697768195,Brightness_2,81.0
1511697769073,Sound_R,55.58908767009009
1511697770244,Sound_P,61.80460425887306
1511697770247,PodiumIR,77
1511697774585,Temperature_1,24.13
1511697774588,Humidity_1,18.34206564219227
1511697774592,Brightness_1,70.0
1511697774595,Temperature_2,23.78
1511697774597,Humidity_2,18.465385522793095
1511697774600,Brightness_2,81.0
