timestamp,sensor_name,value
1513022594013,Door,activate
1513022595856,Temperature_1,21.32
1513022595862,Humidity_1,10.202953522537785
1513022595865,Brightness_1,14.0
1513022595868,Temperature_2,21.44
1513022595871,Humidity_2,8.846434835928704
1513022595877,Brightness_2,109.0
1513022596485,Sound_P,67.56641902255494
1513022596488,PodiumIR,100
1513022602581,Temperature_1,21.32
1513022602588,Humidity_1,10.202953522537785
1513022602591,Brightness_1,14.0
1513022602593,Temperature_2,21.44
1513022602600,Humidity_2,8.846434835928704
1513022602602,Brightness_2,109.0
1513022606491,Sound_P,63.26648240367583
1513022606494,PodiumIR,94
1513022609253,Temperature_1,21.32
1513022609259,Humidity_1,10.202953522537785
1513022609262,Brightness_1,14.0
1513022609264,Temperature_2,21.44
1513022609267,Humidity_2,8.846434835928704
1513022609269,Brightness_2,109.0
1513022616012,Temperature_1,21.32
1513022616018,Humidity_1,10.202953522537785
1513022616021,Brightness_1,14.0
1513022616023,Temperature_2,21.44
1513022616026,Humidity_2,8.846434835928704
1513022616031,Brightness_2,111.0
1513022616497,Sound_P,65.24535518573873
1513022616500,PodiumIR,102
1513022622449,Temperature_1,21.32
1513022622455,Humidity_1,10.202953522537785
1513022622458,Brightness_1,14.0
1513022622461,Temperature_2,21.44
1513022622463,Humidity_2,8.846434835928704
1513022622466,Brightness_2,111.0
1513022626502,Sound_P,61.80460425887306
1513022626505,PodiumIR,73
1513022628861,Temperature_1,21.32
1513022628867,Humidity_1,10.202953522537785
1513022628870,Brightness_1,14.0
1513022628872,Temperature_2,21.44
1513022628875,Humidity_2,8.846434835928704
1513022628881,Brightness_2,111.0
1513022635685,Temperature_1,21.32
1513022635691,Humidity_1,10.202953522537785
1513022635693,Brightness_1,14.0
1513022635696,Temperature_2,21.44
1513022635702,Humidity_2,8.846434835928704
1513022635705,Brightness_2,111.0
1513022636508,Sound_P,61.80460425887306
1513022636512,PodiumIR,94
1513022642443,Temperature_1,21.32
1513022642449,Humidity_1,10.202953522537785
1513022642452,Brightness_1,14.0
1513022642455,Temperature_2,21.44
1513022642457,Humidity_2,8.846434835928704
1513022642460,Brightness_2,111.0
1513022646514,Sound_P,60.20329792798059
1513022646517,PodiumIR,89
1513022648848,Temperature_1,21.32
1513022648854,Humidity_1,10.202953522537785
1513022648857,Brightness_1,14.0
1513022648859,Temperature_2,21.44
1513022648866,Humidity_2,8.846434835928704
1513022648869,Brightness_2,111.0
1513022655539,Temperature_1,21.32
1513022655545,Humidity_1,10.202953522537785
1513022655548,Brightness_1,14.0
1513022655551,Temperature_2,21.44
1513022655557,Humidity_2,8.846434835928704
1513022655560,Brightness_2,111.0
1513022656520,Sound_P,62.551438321825636
1513022656523,PodiumIR,97
1513022661973,Temperature_1,21.32
1513022661979,Humidity_1,10.202953522537785
1513022661982,Brightness_1,14.0
1513022661986,Temperature_2,21.44
1513022661989,Humidity_2,8.846434835928704
1513022661992,Brightness_2,111.0
1513022666526,Sound_P,60.20329792798059
1513022666529,PodiumIR,101
1513022668569,Temperature_1,21.32
1513022668572,Humidity_1,10.202953522537785
1513022668576,Brightness_1,14.0
1513022668579,Temperature_2,21.44
1513022668582,Humidity_2,8.846434835928704
1513022668586,Brightness_2,111.0
1513022675311,Temperature_1,21.32
1513022675314,Humidity_1,10.202953522537785
1513022675319,Brightness_1,14.0
1513022675321,Temperature_2,21.44
1513022675324,Humidity_2,8.846434835928704
1513022675326,Brightness_2,111.0
1513022676532,Sound_P,61.80460425887306
1513022676535,PodiumIR,92
1513022682262,Temperature_1,21.32
1513022682265,Humidity_1,10.202953522537785
1513022682270,Brightness_1,14.0
1513022682273,Temperature_2,21.44
1513022682275,Humidity_2,8.846434835928704
1513022682278,Brightness_2,111.0
1513022686539,Sound_P,61.023021476191225
1513022686542,PodiumIR,86
1513022688708,Temperature_1,21.32
1513022688712,Humidity_1,10.202953522537785
1513022688716,Brightness_1,14.0
1513022688719,Temperature_2,21.44
1513022688721,Humidity_2,8.846434835928704
1513022688724,Brightness_2,111.0
1513022695178,Temperature_1,21.32
1513022695181,Humidity_1,10.202953522537785
1513022695185,Brightness_1,14.0
1513022695188,Temperature_2,21.44
1513022695190,Humidity_2,8.846434835928704
1513022695194,Brightness_2,111.0
1513022696545,Sound_P,63.26648240367583
1513022696548,PodiumIR,88
1513022701820,Temperature_1,21.32
1513022701823,Humidity_1,10.202953522537785
1513022701828,Brightness_1,14.0
1513022701830,Temperature_2,21.44
1513022701833,Humidity_2,8.846434835928704
1513022701837,Brightness_2,111.0
1513022706551,Sound_P,63.26648240367583
1513022706567,PodiumIR,103
1513022708492,Temperature_1,21.32
1513022708495,Humidity_1,10.202953522537785
1513022708499,Brightness_1,14.0
1513022708502,Temperature_2,21.44
1513022708504,Humidity_2,8.846434835928704
1513022708508,Brightness_2,111.0
1513022714929,Temperature_1,21.32
1513022714933,Humidity_1,10.202953522537785
1513022714937,Brightness_1,14.0
1513022714939,Temperature_2,21.44
1513022714942,Humidity_2,8.846434835928704
1513022714946,Brightness_2,111.0
1513022716576,Sound_P,61.80460425887306
1513022716579,PodiumIR,103
1513022721710,Temperature_1,21.32
1513022721712,Humidity_1,10.202953522537785
1513022721714,Brightness_1,14.0
1513022721715,Temperature_2,21.44
1513022721720,Humidity_2,8.846434835928704
1513022721722,Brightness_2,111.0
1513022726586,Sound_P,62.551438321825636
1513022726599,PodiumIR,80
1513022728193,Temperature_1,21.32
1513022728199,Humidity_1,10.202953522537785
1513022728202,Brightness_1,14.0
1513022728205,Temperature_2,21.44
1513022728212,Humidity_2,8.846434835928704
1513022728215,Brightness_2,111.0
1513022734632,Temperature_1,21.32
1513022734638,Humidity_1,10.202953522537785
1513022734641,Brightness_1,14.0
1513022734644,Temperature_2,21.44
1513022734646,Humidity_2,8.846434835928704
1513022734649,Brightness_2,111.0
1513022736605,Sound_P,61.80460425887306
1513022736608,PodiumIR,107
1513022741363,Temperature_1,21.32
1513022741369,Humidity_1,10.202953522537785
1513022741372,Brightness_1,14.0
1513022741374,Temperature_2,21.44
1513022741377,Humidity_2,8.969754716529529
1513022741380,Brightness_2,109.0
1513022746611,Sound_P,61.80460425887306
1513022746629,PodiumIR,95
1513022747965,Temperature_1,21.32
1513022747972,Humidity_1,10.202953522537785
1513022747975,Brightness_1,14.0
1513022747978,Temperature_2,21.44
1513022747981,Humidity_2,8.969754716529529
1513022747983,Brightness_2,109.0
1513022754459,Temperature_1,21.32
1513022754465,Humidity_1,10.202953522537785
1513022754469,Brightness_1,14.0
1513022754471,Temperature_2,21.44
1513022754474,Humidity_2,8.969754716529529
1513022754477,Brightness_2,109.0
1513022756632,Sound_P,61.80460425887306
1513022756635,PodiumIR,91
1513022760872,Temperature_1,21.32
1513022760878,Humidity_1,10.202953522537785
1513022760881,Brightness_1,14.0
1513022760883,Temperature_2,21.44
1513022760891,Humidity_2,8.969754716529529
1513022760893,Brightness_2,109.0
1513022766638,Sound_P,62.551438321825636
1513022766640,PodiumIR,68
1513022767572,Temperature_1,21.32
1513022767578,Humidity_1,10.202953522537785
1513022767581,Brightness_1,14.0
1513022767583,Temperature_2,21.44
1513022767592,Humidity_2,8.969754716529529
1513022767594,Brightness_2,109.0
1513022774019,Temperature_1,21.32
1513022774025,Humidity_1,10.202953522537785
1513022774028,Brightness_1,14.0
1513022774031,Temperature_2,21.44
1513022774037,Humidity_2,8.969754716529529
1513022774039,Brightness_2,109.0
1513022776642,Sound_P,62.551438321825636
1513022776646,PodiumIR,81
1513022780584,Temperature_1,21.32
1513022780590,Humidity_1,10.202953522537785
1513022780593,Brightness_1,14.0
1513022780595,Temperature_2,21.44
1513022780601,Humidity_2,8.969754716529529
1513022780603,Brightness_2,109.0
1513022786648,Sound_P,62.551438321825636
1513022786652,PodiumIR,93
1513022787136,Temperature_1,21.32
1513022787141,Humidity_1,10.202953522537785
1513022787144,Brightness_1,14.0
1513022787146,Temperature_2,21.44
1513022787149,Humidity_2,8.969754716529529
1513022787155,Brightness_2,109.0
1513022793561,Temperature_1,21.32
1513022793567,Humidity_1,10.202953522537785
1513022793570,Brightness_1,15.0
1513022793573,Temperature_2,21.44
1513022793580,Humidity_2,8.969754716529529
1513022793583,Brightness_2,109.0
1513022796654,Sound_P,61.023021476191225
1513022796672,PodiumIR,83
1513022800359,Temperature_1,21.32
1513022800365,Humidity_1,10.202953522537785
1513022800368,Brightness_1,15.0
1513022800370,Temperature_2,21.44
1513022800373,Humidity_2,8.969754716529529
1513022800376,Brightness_2,109.0
1513022806677,Sound_P,61.023021476191225
1513022806681,PodiumIR,119
1513022806931,Temperature_1,21.32
1513022806937,Humidity_1,10.202953522537785
1513022806940,Brightness_1,15.0
1513022806942,Temperature_2,21.44
1513022806944,Humidity_2,8.846434835928704
1513022806947,Brightness_2,110.0
1513022813648,Temperature_1,21.32
1513022813654,Humidity_1,10.202953522537785
1513022813657,Brightness_1,15.0
1513022813659,Temperature_2,21.44
1513022813661,Humidity_2,8.846434835928704
1513022813669,Brightness_2,110.0
1513022816693,Sound_P,61.80460425887306
1513022816697,PodiumIR,95
1513022820404,Temperature_1,21.32
1513022820410,Humidity_1,10.202953522537785
1513022820412,Brightness_1,15.0
1513022820414,Temperature_2,21.44
1513022820416,Humidity_2,8.846434835928704
1513022820424,Brightness_2,110.0
1513022826701,Sound_P,61.80460425887306
1513022826706,PodiumIR,108
1513022826857,Temperature_1,21.32
1513022826862,Humidity_1,10.202953522537785
1513022826865,Brightness_1,15.0
1513022826868,Temperature_2,21.44
1513022826872,Humidity_2,8.846434835928704
1513022826876,Brightness_2,110.0
1513022833619,Temperature_1,21.32
1513022833622,Humidity_1,10.202953522537785
1513022833626,Brightness_1,15.0
1513022833629,Temperature_2,21.44
1513022833632,Humidity_2,8.846434835928704
1513022833634,Brightness_2,110.0
1513022836710,Sound_P,61.80460425887306
1513022836713,PodiumIR,92
1513022840067,Temperature_1,21.32
1513022840070,Humidity_1,10.202953522537785
1513022840074,Brightness_1,15.0
1513022840077,Temperature_2,21.44
1513022840079,Humidity_2,8.846434835928704
1513022840082,Brightness_2,110.0
1513022846520,Temperature_1,21.32
1513022846523,Humidity_1,10.202953522537785
1513022846527,Brightness_1,15.0
1513022846529,Temperature_2,21.44
1513022846532,Humidity_2,8.846434835928704
1513022846536,Brightness_2,110.0
1513022846715,Sound_P,61.023021476191225
1513022846719,PodiumIR,95
1513022853281,Temperature_1,21.32
1513022853284,Humidity_1,10.202953522537785
1513022853288,Brightness_1,15.0
1513022853291,Temperature_2,21.44
1513022853293,Humidity_2,8.846434835928704
1513022853296,Brightness_2,110.0
1513022856314,Motion_1,False
1513022856314,Motion_2,False
1513022856319,Seat_3,False
1513022856722,Sound_P,63.26648240367583
1513022856724,PodiumIR,99
1513022859737,Temperature_1,21.32
1513022859741,Humidity_1,10.07963364193696
1513022859745,Brightness_1,14.0
1513022859748,Temperature_2,21.44
1513022859753,Humidity_2,8.846434835928704
1513022859756,Brightness_2,110.0
1513022866505,Temperature_1,21.32
1513022866511,Humidity_1,10.07963364193696
1513022866513,Brightness_1,14.0
1513022866515,Temperature_2,21.44
1513022866518,Humidity_2,8.846434835928704
1513022866520,Brightness_2,110.0
1513022866727,Sound_P,63.26648240367583
1513022866730,PodiumIR,94
1513022872927,Temperature_1,21.32
1513022872932,Humidity_1,10.07963364193696
1513022872935,Brightness_1,14.0
1513022872937,Temperature_2,21.44
1513022872940,Humidity_2,8.969754716529529
1513022872945,Brightness_2,109.0
1513022876732,Sound_P,61.023021476191225
1513022876736,PodiumIR,75
1513022879599,Temperature_1,21.32
1513022879605,Humidity_1,10.07963364193696
1513022879608,Brightness_1,14.0
1513022879610,Temperature_2,21.44
1513022879612,Humidity_2,8.969754716529529
1513022879614,Brightness_2,109.0
1513022886046,Temperature_1,21.32
1513022886049,Humidity_1,10.07963364193696
1513022886052,Brightness_1,14.0
1513022886055,Temperature_2,21.44
1513022886057,Humidity_2,8.969754716529529
1513022886059,Brightness_2,109.0
1513022886738,Sound_P,61.80460425887306
1513022886743,PodiumIR,93
1513022892458,Temperature_1,21.32
1513022892461,Humidity_1,10.07963364193696
1513022892464,Brightness_1,14.0
1513022892467,Temperature_2,21.44
1513022892469,Humidity_2,8.969754716529529
1513022892471,Brightness_2,109.0
1513022896748,Sound_P,62.551438321825636
1513022896752,PodiumIR,101
1513022898861,Temperature_1,21.32
1513022898864,Humidity_1,10.07963364193696
1513022898867,Brightness_1,14.0
1513022898869,Temperature_2,21.44
1513022898872,Humidity_2,8.969754716529529
1513022898874,Brightness_2,109.0
1513022905502,Temperature_1,21.32
1513022905505,Humidity_1,10.07963364193696
1513022905508,Brightness_1,14.0
1513022905510,Temperature_2,21.44
1513022905513,Humidity_2,8.969754716529529
1513022905515,Brightness_2,109.0
1513022906758,Sound_P,61.023021476191225
1513022906761,PodiumIR,91
1513022912361,Temperature_1,21.32
1513022912364,Humidity_1,10.07963364193696
1513022912368,Brightness_1,14.0
1513022912370,Temperature_2,21.44
1513022912372,Humidity_2,8.969754716529529
1513022912374,Brightness_2,109.0
1513022916767,Sound_P,60.20329792798059
1513022916783,PodiumIR,95
1513022919026,Temperature_1,21.32
1513022919029,Humidity_1,10.07963364193696
1513022919032,Brightness_1,14.0
1513022919034,Temperature_2,21.44
1513022919036,Humidity_2,8.969754716529529
1513022919039,Brightness_2,109.0
1513022925773,Temperature_1,21.32
1513022925776,Humidity_1,10.07963364193696
1513022925779,Brightness_1,14.0
1513022925781,Temperature_2,21.44
1513022925783,Humidity_2,8.969754716529529
1513022925786,Brightness_2,109.0
1513022926788,Sound_P,62.551438321825636
1513022926791,PodiumIR,88
1513022932571,Temperature_1,21.32
1513022932574,Humidity_1,10.07963364193696
1513022932579,Brightness_1,14.0
1513022932583,Temperature_2,21.44
1513022932588,Humidity_2,8.72311495532788
1513022932590,Brightness_2,104.0
1513022936794,Sound_P,62.551438321825636
1513022936798,PodiumIR,129
1513022939089,Temperature_1,21.32
1513022939092,Humidity_1,10.07963364193696
1513022939095,Brightness_1,14.0
1513022939097,Temperature_2,21.44
1513022939099,Humidity_2,8.72311495532788
1513022939101,Brightness_2,104.0
1513022945550,Temperature_1,21.32
1513022945552,Humidity_1,10.07963364193696
1513022945556,Brightness_1,14.0
1513022945558,Temperature_2,21.44
1513022945560,Humidity_2,8.72311495532788
1513022945563,Brightness_2,104.0
1513022946800,Sound_P,59.341519288975356
1513022946804,PodiumIR,111
1513022952308,Temperature_1,21.32
1513022952311,Humidity_1,10.07963364193696
1513022952313,Brightness_1,14.0
1513022952315,Temperature_2,21.44
1513022952327,Humidity_2,8.72311495532788
1513022952330,Brightness_2,104.0
1513022956807,Sound_P,63.26648240367583
1513022956810,PodiumIR,103
1513022958742,Temperature_1,21.32
1513022958745,Humidity_1,10.07963364193696
1513022958749,Brightness_1,14.0
1513022958752,Temperature_2,21.44
1513022958754,Humidity_2,8.72311495532788
1513022958758,Brightness_2,104.0
1513022965205,Temperature_1,21.32
1513022965208,Humidity_1,10.07963364193696
1513022965211,Brightness_1,14.0
1513022965214,Temperature_2,21.44
1513022965217,Humidity_2,8.72311495532788
1513022965219,Brightness_2,104.0
1513022966812,Sound_P,61.80460425887306
1513022966816,PodiumIR,95
1513022971962,Temperature_1,21.32
1513022971965,Humidity_1,10.07963364193696
1513022971969,Brightness_1,14.0
1513022971971,Temperature_2,21.44
1513022971973,Humidity_2,8.72311495532788
1513022971976,Brightness_2,104.0
1513022976824,Sound_P,61.023021476191225
1513022976827,PodiumIR,89
1513022978568,Temperature_1,21.32
1513022978571,Humidity_1,10.07963364193696
1513022978574,Brightness_1,14.0
1513022978577,Temperature_2,21.44
1513022978582,Humidity_2,8.72311495532788
1513022978586,Brightness_2,104.0
1513022985268,Temperature_1,21.32
1513022985272,Humidity_1,10.202953522537785
1513022985275,Brightness_1,14.0
1513022985278,Temperature_2,21.44
1513022985280,Humidity_2,8.72311495532788
1513022985282,Brightness_2,104.0
1513022986837,Sound_P,58.433135904413454
1513022986840,PodiumIR,96
1513022991937,Temperature_1,21.32
1513022991940,Humidity_1,10.202953522537785
1513022991943,Brightness_1,14.0
1513022991946,Temperature_2,21.44
1513022991948,Humidity_2,8.72311495532788
1513022991951,Brightness_2,104.0
1513022996843,Sound_P,62.551438321825636
1513022996846,PodiumIR,89
1513022998345,Temperature_1,21.32
1513022998348,Humidity_1,10.202953522537785
1513022998351,Brightness_1,14.0
1513022998354,Temperature_2,21.44
1513022998356,Humidity_2,8.846434835928704
1513022998359,Brightness_2,104.0
1513023004778,Temperature_1,21.32
1513023004781,Humidity_1,10.202953522537785
1513023004784,Brightness_1,14.0
1513023004787,Temperature_2,21.44
1513023004789,Humidity_2,8.846434835928704
1513023004791,Brightness_2,104.0
1513023006849,Sound_P,63.26648240367583
1513023006852,PodiumIR,87
1513023011888,Temperature_1,21.32
1513023011891,Humidity_1,10.202953522537785
1513023011894,Brightness_1,14.0
1513023011897,Temperature_2,21.44
1513023011899,Humidity_2,8.846434835928704
1513023011902,Brightness_2,104.0
1513023016855,Sound_P,60.20329792798059
1513023016858,PodiumIR,85
1513023018572,Temperature_1,21.32
1513023018575,Humidity_1,10.202953522537785
1513023018580,Brightness_1,14.0
1513023018584,Temperature_2,21.44
1513023018587,Humidity_2,8.846434835928704
1513023018590,Brightness_2,104.0
1513023025307,Temperature_1,21.32
1513023025310,Humidity_1,10.202953522537785
1513023025314,Brightness_1,14.0
1513023025316,Temperature_2,21.44
1513023025319,Humidity_2,8.846434835928704
1513023025321,Brightness_2,104.0
1513023026861,Sound_P,63.26648240367583
1513023026864,PodiumIR,82
1513023031759,Temperature_1,21.32
1513023031762,Humidity_1,10.202953522537785
1513023031765,Brightness_1,14.0
1513023031768,Temperature_2,21.44
1513023031770,Humidity_2,8.846434835928704
1513023031772,Brightness_2,104.0
1513023036867,Sound_P,61.80460425887306
1513023036872,PodiumIR,77
1513023038420,Temperature_1,21.32
1513023038423,Humidity_1,10.202953522537785
1513023038427,Brightness_1,14.0
1513023038429,Temperature_2,21.44
1513023038431,Humidity_2,8.846434835928704
1513023038434,Brightness_2,104.0
1513023044964,Temperature_1,21.32
1513023044967,Humidity_1,10.202953522537785
1513023044970,Brightness_1,14.0
1513023044973,Temperature_2,21.44
1513023044975,Humidity_2,8.846434835928704
1513023044977,Brightness_2,104.0
1513023046875,Sound_P,60.20329792798059
1513023046878,PodiumIR,92
1513023051757,Temperature_1,21.32
1513023051760,Humidity_1,10.202953522537785
1513023051764,Brightness_1,14.0
1513023051766,Temperature_2,21.44
1513023051768,Humidity_2,8.846434835928704
1513023051771,Brightness_2,104.0
1513023056881,Sound_P,61.023021476191225
1513023056889,PodiumIR,94
1513023058522,Temperature_1,21.32
1513023058525,Humidity_1,10.202953522537785
1513023058529,Brightness_1,14.0
1513023058531,Temperature_2,21.44
1513023058533,Humidity_2,8.969754716529529
1513023058536,Brightness_2,110.0
1513023060027,Seat_9,True
1513023064933,Temperature_1,21.32
1513023064935,Humidity_1,10.202953522537785
1513023064938,Brightness_1,14.0
1513023064941,Temperature_2,21.44
1513023064943,Humidity_2,8.969754716529529
1513023064945,Brightness_2,110.0
1513023066894,Sound_P,61.023021476191225
1513023066897,PodiumIR,91
1513023071352,Temperature_1,21.32
1513023071355,Humidity_1,10.202953522537785
1513023071358,Brightness_1,14.0
1513023071360,Temperature_2,21.44
1513023071363,Humidity_2,8.969754716529529
1513023071365,Brightness_2,110.0
1513023076906,Sound_P,61.023021476191225
1513023076914,PodiumIR,93
1513023078159,Temperature_1,21.32
1513023078161,Humidity_1,10.202953522537785
1513023078165,Brightness_1,14.0
1513023078167,Temperature_2,21.44
1513023078169,Humidity_2,8.969754716529529
1513023078171,Brightness_2,110.0
1513023084595,Temperature_1,21.32
1513023084598,Humidity_1,10.202953522537785
1513023084601,Brightness_1,14.0
1513023084603,Temperature_2,21.44
1513023084605,Humidity_2,8.969754716529529
1513023084607,Brightness_2,110.0
1513023086922,Sound_P,61.023021476191225
1513023086926,PodiumIR,96
1513023091103,Temperature_1,21.32
1513023091106,Humidity_1,10.202953522537785
1513023091109,Brightness_1,14.0
1513023091111,Temperature_2,21.44
1513023091113,Humidity_2,8.969754716529529
1513023091115,Brightness_2,110.0
1513023096932,Sound_P,63.95233273361063
1513023096935,PodiumIR,120
1513023097829,Temperature_1,21.32
1513023097832,Humidity_1,10.202953522537785
1513023097835,Brightness_1,14.0
1513023097838,Temperature_2,21.44
1513023097840,Humidity_2,8.969754716529529
1513023097842,Brightness_2,110.0
1513023104374,Temperature_1,21.32
1513023104377,Humidity_1,10.202953522537785
1513023104380,Brightness_1,14.0
1513023104382,Temperature_2,21.44
1513023104385,Humidity_2,8.969754716529529
1513023104387,Brightness_2,110.0
1513023106943,Sound_P,63.26648240367583
1513023106947,PodiumIR,77
1513023110802,Temperature_1,21.32
1513023110805,Humidity_1,10.202953522537785
1513023110808,Brightness_1,14.0
1513023110811,Temperature_2,21.44
1513023110813,Humidity_2,8.969754716529529
1513023110815,Brightness_2,110.0
1513023116949,Sound_P,61.80460425887306
1513023116952,PodiumIR,124
1513023117488,Temperature_1,21.32
1513023117491,Humidity_1,10.202953522537785
1513023117494,Brightness_1,14.0
1513023117496,Temperature_2,21.44
1513023117498,Humidity_2,8.969754716529529
1513023117501,Brightness_2,110.0
1513023124232,Temperature_1,21.32
1513023124235,Humidity_1,10.202953522537785
1513023124238,Brightness_1,14.0
1513023124241,Temperature_2,21.44
1513023124243,Humidity_2,8.969754716529529
1513023124245,Brightness_2,111.0
1513023126955,Sound_P,63.26648240367583
1513023126959,PodiumIR,104
1513023130415,Motion_2,True
1513023130624,Temperature_1,21.32
1513023130627,Humidity_1,10.202953522537785
1513023130631,Brightness_1,14.0
1513023130633,Temperature_2,21.44
1513023130635,Humidity_2,8.969754716529529
1513023130637,Brightness_2,111.0
1513023136961,Sound_P,63.26648240367583
1513023136964,PodiumIR,99
1513023137028,Temperature_1,21.32
1513023137030,Humidity_1,10.202953522537785
1513023137034,Brightness_1,14.0
1513023137036,Temperature_2,21.44
1513023137038,Humidity_2,8.969754716529529
1513023137041,Brightness_2,111.0
1513023143494,Temperature_1,21.32
1513023143497,Humidity_1,10.202953522537785
1513023143501,Brightness_1,14.0
1513023143503,Temperature_2,21.44
1513023143505,Humidity_2,8.969754716529529
1513023143508,Brightness_2,111.0
1513023146967,Sound_P,61.80460425887306
1513023146970,PodiumIR,89
1513023149953,Temperature_1,21.32
1513023149956,Humidity_1,10.202953522537785
1513023149959,Brightness_1,14.0
1513023149961,Temperature_2,21.44
1513023149963,Humidity_2,8.969754716529529
1513023149965,Brightness_2,111.0
1513023156381,Temperature_1,21.32
1513023156384,Humidity_1,10.202953522537785
1513023156387,Brightness_1,14.0
1513023156389,Temperature_2,21.44
1513023156392,Humidity_2,8.969754716529529
1513023156394,Brightness_2,111.0
1513023156973,Sound_P,61.80460425887306
1513023156977,PodiumIR,96
1513023162792,Temperature_1,21.32
1513023162794,Humidity_1,10.202953522537785
1513023162798,Brightness_1,14.0
1513023162800,Temperature_2,21.44
1513023162802,Humidity_2,8.969754716529529
1513023162805,Brightness_2,111.0
1513023166979,Sound_P,63.26648240367583
1513023166982,PodiumIR,129
1513023169496,Temperature_1,21.32
1513023169499,Humidity_1,10.202953522537785
1513023169502,Brightness_1,14.0
1513023169505,Temperature_2,21.44
1513023169507,Humidity_2,8.969754716529529
1513023169509,Brightness_2,111.0
1513023175942,Temperature_1,21.32
1513023175945,Humidity_1,10.07963364193696
1513023175948,Brightness_1,14.0
1513023175950,Temperature_2,21.44
1513023175952,Humidity_2,8.969754716529529
1513023175955,Brightness_2,111.0
1513023176985,Sound_P,61.80460425887306
1513023176989,PodiumIR,96
1513023182393,Temperature_1,21.32
1513023182395,Humidity_1,10.07963364193696
1513023182398,Brightness_1,14.0
1513023182400,Temperature_2,21.44
1513023182403,Humidity_2,8.969754716529529
1513023182405,Brightness_2,111.0
1513023186998,Sound_P,63.95233273361063
1513023187002,PodiumIR,106
1513023188823,Temperature_1,21.32
1513023188826,Humidity_1,10.07963364193696
1513023188829,Brightness_1,14.0
1513023188831,Temperature_2,21.44
1513023188833,Humidity_2,8.846434835928704
1513023188835,Brightness_2,109.0
1513023194764,Motion_2,False
1513023195501,Temperature_1,21.32
1513023195503,Humidity_1,10.07963364193696
1513023195506,Brightness_1,14.0
1513023195508,Temperature_2,21.44
1513023195510,Humidity_2,8.846434835928704
1513023195513,Brightness_2,109.0
1513023197009,Sound_P,65.8563679754536
1513023197012,PodiumIR,84
1513023202158,Temperature_1,21.32
1513023202161,Humidity_1,10.07963364193696
1513023202164,Brightness_1,14.0
1513023202166,Temperature_2,21.44
1513023202169,Humidity_2,8.846434835928704
1513023202171,Brightness_2,109.0
1513023207015,Sound_P,61.023021476191225
1513023207018,PodiumIR,87
1513023208581,Temperature_1,21.32
1513023208585,Humidity_1,10.07963364193696
1513023208589,Brightness_1,14.0
1513023208591,Temperature_2,21.44
1513023208593,Humidity_2,8.846434835928704
1513023208595,Brightness_2,109.0
1513023215264,Temperature_1,21.32
1513023215267,Humidity_1,10.07963364193696
1513023215271,Brightness_1,14.0
1513023215273,Temperature_2,21.44
1513023215275,Humidity_2,8.846434835928704
1513023215277,Brightness_2,109.0
1513023217021,Sound_P,63.95233273361063
1513023217024,PodiumIR,142
1513023221919,Temperature_1,21.32
1513023221922,Humidity_1,10.07963364193696
1513023221926,Brightness_1,14.0
1513023221928,Temperature_2,21.44
1513023221930,Humidity_2,8.846434835928704
1513023221932,Brightness_2,109.0
1513023227027,Sound_P,61.80460425887306
1513023227036,PodiumIR,93
1513023228370,Temperature_1,21.32
1513023228373,Humidity_1,10.07963364193696
1513023228377,Brightness_1,14.0
1513023228379,Temperature_2,21.44
1513023228381,Humidity_2,8.846434835928704
1513023228384,Brightness_2,109.0
1513023234817,Temperature_1,21.32
1513023234820,Humidity_1,10.07963364193696
1513023234823,Brightness_1,14.0
1513023234826,Temperature_2,21.44
1513023234828,Humidity_2,8.846434835928704
1513023234831,Brightness_2,109.0
1513023237040,Sound_P,61.023021476191225
1513023237051,PodiumIR,97
1513023241482,Temperature_1,21.32
1513023241485,Humidity_1,10.202953522537785
1513023241488,Brightness_1,14.0
1513023241491,Temperature_2,21.44
1513023241493,Humidity_2,8.846434835928704
1513023241496,Brightness_2,109.0
1513023247054,Sound_P,61.023021476191225
1513023247069,PodiumIR,84
1513023247928,Temperature_1,21.32
1513023247931,Humidity_1,10.202953522537785
1513023247934,Brightness_1,14.0
1513023247937,Temperature_2,21.44
1513023247939,Humidity_2,8.846434835928704
1513023247941,Brightness_2,111.0
1513023254392,Temperature_1,21.32
1513023254395,Humidity_1,10.202953522537785
1513023254398,Brightness_1,14.0
1513023254400,Temperature_2,21.44
1513023254402,Humidity_2,8.846434835928704
1513023254405,Brightness_2,111.0
1513023257072,Sound_P,57.472817393488484
1513023257075,PodiumIR,117
1513023260798,Temperature_1,21.32
1513023260801,Humidity_1,10.202953522537785
1513023260804,Brightness_1,14.0
1513023260805,Temperature_2,21.44
1513023260807,Humidity_2,8.846434835928704
1513023260810,Brightness_2,111.0
1513023267079,Sound_P,60.20329792798059
1513023267083,PodiumIR,94
1513023267194,Temperature_1,21.32
1513023267198,Humidity_1,10.202953522537785
1513023267201,Brightness_1,14.0
1513023267203,Temperature_2,21.44
1513023267206,Humidity_2,8.846434835928704
1513023267210,Brightness_2,111.0
1513023273938,Temperature_1,21.32
1513023273941,Humidity_1,10.202953522537785
1513023273944,Brightness_1,14.0
1513023273946,Temperature_2,21.44
1513023273948,Humidity_2,8.846434835928704
1513023273950,Brightness_2,111.0
1513023277085,Sound_P,65.8563679754536
1513023277089,PodiumIR,113
1513023280590,Temperature_1,21.32
1513023280593,Humidity_1,10.202953522537785
1513023280597,Brightness_1,14.0
1513023280599,Temperature_2,21.44
1513023280601,Humidity_2,8.846434835928704
1513023280603,Brightness_2,111.0
1513023287091,Sound_P,60.20329792798059
1513023287094,PodiumIR,99
1513023287119,Temperature_1,21.32
1513023287122,Humidity_1,10.202953522537785
1513023287125,Brightness_1,14.0
1513023287126,Temperature_2,21.44
1513023287128,Humidity_2,8.846434835928704
1513023287130,Brightness_2,111.0
1513023293907,Temperature_1,21.32
1513023293910,Humidity_1,10.202953522537785
1513023293913,Brightness_1,14.0
1513023293915,Temperature_2,21.44
1513023293918,Humidity_2,8.846434835928704
1513023293920,Brightness_2,111.0
1513023297097,Sound_P,59.341519288975356
1513023297100,PodiumIR,88
1513023300562,Temperature_1,21.32
1513023300565,Humidity_1,10.202953522537785
1513023300568,Brightness_1,15.0
1513023300571,Temperature_2,21.44
1513023300573,Humidity_2,8.846434835928704
1513023300577,Brightness_2,111.0
1513023307101,Sound_P,57.472817393488484
1513023307104,PodiumIR,97
1513023307129,Temperature_1,21.32
1513023307132,Humidity_1,10.202953522537785
1513023307135,Brightness_1,15.0
1513023307138,Temperature_2,21.44
1513023307140,Humidity_2,8.846434835928704
1513023307144,Brightness_2,111.0
1513023313545,Temperature_1,21.32
1513023313547,Humidity_1,10.202953522537785
1513023313551,Brightness_1,15.0
1513023313553,Temperature_2,21.44
1513023313555,Humidity_2,8.846434835928704
1513023313557,Brightness_2,103.0
1513023315515,Motion_2,False
1513023317106,Sound_P,57.472817393488484
1513023317110,PodiumIR,87
1513023320224,Temperature_1,21.32
1513023320227,Humidity_1,10.202953522537785
1513023320230,Brightness_1,15.0
1513023320232,Temperature_2,21.44
1513023320234,Humidity_2,8.846434835928704
1513023320237,Brightness_2,103.0
1513023326670,Temperature_1,21.32
1513023326673,Humidity_1,10.202953522537785
1513023326676,Brightness_1,15.0
1513023326679,Temperature_2,21.44
1513023326681,Humidity_2,8.846434835928704
1513023326683,Brightness_2,103.0
1513023327113,Sound_P,59.341519288975356
1513023327116,PodiumIR,104
1513023333331,Temperature_1,21.32
1513023333334,Humidity_1,10.202953522537785
1513023333337,Brightness_1,15.0
1513023333340,Temperature_2,21.44
1513023333342,Humidity_2,8.846434835928704
1513023333345,Brightness_2,103.0
1513023337122,Sound_P,57.472817393488484
1513023337125,PodiumIR,100
1513023340199,Temperature_1,21.32
1513023340202,Humidity_1,10.202953522537785
1513023340205,Brightness_1,15.0
1513023340207,Temperature_2,21.44
1513023340210,Humidity_2,8.846434835928704
1513023340212,Brightness_2,103.0
1513023346637,Temperature_1,21.32
1513023346640,Humidity_1,10.202953522537785
1513023346643,Brightness_1,15.0
1513023346645,Temperature_2,21.44
1513023346647,Humidity_2,8.846434835928704
1513023346650,Brightness_2,103.0
1513023347131,Sound_P,65.24535518573873
1513023347135,PodiumIR,112
1513023353299,Temperature_1,21.32
1513023353302,Humidity_1,10.202953522537785
1513023353305,Brightness_1,15.0
1513023353306,Temperature_2,21.44
1513023353308,Humidity_2,8.846434835928704
1513023353310,Brightness_2,103.0
1513023357140,Sound_P,58.433135904413454
1513023357143,PodiumIR,93
1513023359704,Temperature_1,21.32
1513023359707,Humidity_1,10.202953522537785
1513023359710,Brightness_1,15.0
1513023359712,Temperature_2,21.44
1513023359715,Humidity_2,8.846434835928704
1513023359717,Brightness_2,103.0
1513023366412,Temperature_1,21.32
1513023366415,Humidity_1,10.202953522537785
1513023366418,Brightness_1,14.0
1513023366421,Temperature_2,21.44
1513023366423,Humidity_2,8.846434835928704
1513023366426,Brightness_2,103.0
1513023367145,Sound_P,61.80460425887306
1513023367149,PodiumIR,97
1513023372920,Temperature_1,21.32
1513023372923,Humidity_1,10.202953522537785
1513023372926,Brightness_1,14.0
1513023372928,Temperature_2,21.44
1513023372931,Humidity_2,8.846434835928704
1513023372933,Brightness_2,103.0
1513023377154,Sound_P,57.472817393488484
1513023377159,PodiumIR,77
1513023379644,Temperature_1,21.32
1513023379647,Humidity_1,10.202953522537785
1513023379650,Brightness_1,14.0
1513023379653,Temperature_2,21.44
1513023379655,Humidity_2,8.969754716529529
1513023379658,Brightness_2,104.0
1513023383797,Motion_2,False
1513023386068,Temperature_1,21.32
1513023386071,Humidity_1,10.202953522537785
1513023386074,Brightness_1,14.0
1513023386076,Temperature_2,21.44
1513023386079,Humidity_2,8.969754716529529
1513023386081,Brightness_2,104.0
1513023387164,Sound_P,62.551438321825636
1513023387168,PodiumIR,96
1513023392571,Temperature_1,21.32
1513023392574,Humidity_1,10.202953522537785
1513023392577,Brightness_1,14.0
1513023392581,Temperature_2,21.44
1513023392584,Humidity_2,8.969754716529529
1513023392587,Brightness_2,104.0
1513023397173,Sound_P,59.341519288975356
1513023397177,PodiumIR,98
1513023398967,Temperature_1,21.32
1513023398970,Humidity_1,10.202953522537785
1513023398973,Brightness_1,14.0
1513023398975,Temperature_2,21.44
1513023398977,Humidity_2,8.969754716529529
1513023398979,Brightness_2,104.0
1513023405422,Temperature_1,21.32
1513023405425,Humidity_1,10.202953522537785
1513023405428,Brightness_1,14.0
1513023405430,Temperature_2,21.44
1513023405432,Humidity_2,8.969754716529529
1513023405435,Brightness_2,104.0
1513023407184,Sound_P,59.341519288975356
1513023407188,PodiumIR,74
1513023412078,Temperature_1,21.32
1513023412080,Humidity_1,10.202953522537785
1513023412083,Brightness_1,14.0
1513023412085,Temperature_2,21.44
1513023412088,Humidity_2,8.969754716529529
1513023412090,Brightness_2,104.0
1513023417190,Sound_P,57.472817393488484
1513023417197,PodiumIR,93
1513023418529,Temperature_1,21.32
1513023418532,Humidity_1,10.202953522537785
1513023418535,Brightness_1,14.0
1513023418537,Temperature_2,21.44
1513023418539,Humidity_2,8.969754716529529
1513023418542,Brightness_2,104.0
1513023425060,Temperature_1,21.32
1513023425062,Humidity_1,10.202953522537785
1513023425065,Brightness_1,14.0
1513023425067,Temperature_2,21.44
1513023425069,Humidity_2,8.969754716529529
1513023425071,Brightness_2,104.0
1513023427203,Sound_P,59.341519288975356
1513023427207,PodiumIR,75
1513023431740,Temperature_1,21.32
1513023431743,Humidity_1,10.07963364193696
1513023431746,Brightness_1,14.0
1513023431749,Temperature_2,21.44
1513023431751,Humidity_2,8.969754716529529
1513023431754,Brightness_2,104.0
1513023437209,Sound_P,57.472817393488484
1513023437222,PodiumIR,90
1513023438190,Temperature_1,21.32
1513023438193,Humidity_1,10.07963364193696
1513023438196,Brightness_1,14.0
1513023438198,Temperature_2,21.44
1513023438201,Humidity_2,8.846434835928704
1513023438203,Brightness_2,103.0
1513023444629,Temperature_1,21.32
1513023444631,Humidity_1,10.07963364193696
1513023444634,Brightness_1,14.0
1513023444637,Temperature_2,21.44
1513023444640,Humidity_2,8.846434835928704
1513023444643,Brightness_2,103.0
1513023447233,Sound_P,60.20329792798059
1513023447236,PodiumIR,93
1513023451039,Temperature_1,21.32
1513023451042,Humidity_1,10.07963364193696
1513023451046,Brightness_1,14.0
1513023451048,Temperature_2,21.44
1513023451050,Humidity_2,8.846434835928704
1513023451052,Brightness_2,103.0
1513023457246,Sound_P,59.341519288975356
1513023457249,PodiumIR,89
1513023457751,Temperature_1,21.32
1513023457754,Humidity_1,10.07963364193696
1513023457758,Brightness_1,14.0
1513023457760,Temperature_2,21.44
1513023457762,Humidity_2,8.846434835928704
1513023457766,Brightness_2,103.0
1513023464200,Temperature_1,21.32
1513023464203,Humidity_1,10.07963364193696
1513023464207,Brightness_1,14.0
1513023464209,Temperature_2,21.44
1513023464211,Humidity_2,8.846434835928704
1513023464213,Brightness_2,103.0
1513023467254,Sound_P,62.551438321825636
1513023467258,PodiumIR,95
1513023470639,Temperature_1,21.32
1513023470641,Humidity_1,10.07963364193696
1513023470644,Brightness_1,14.0
1513023470647,Temperature_2,21.44
1513023470650,Humidity_2,8.846434835928704
1513023470653,Brightness_2,103.0
1513023477264,Sound_P,61.80460425887306
1513023477267,PodiumIR,78
1513023477287,Temperature_1,21.32
1513023477290,Humidity_1,10.07963364193696
1513023477293,Brightness_1,14.0
1513023477296,Temperature_2,21.44
1513023477299,Humidity_2,8.846434835928704
1513023477303,Brightness_2,103.0
1513023483964,Temperature_1,21.32
1513023483967,Humidity_1,10.07963364193696
1513023483971,Brightness_1,14.0
1513023483973,Temperature_2,21.44
1513023483975,Humidity_2,8.846434835928704
1513023483978,Brightness_2,103.0
1513023487270,Sound_P,59.341519288975356
1513023487273,PodiumIR,99
1513023490568,Temperature_1,21.32
1513023490571,Humidity_1,10.202953522537785
1513023490575,Brightness_1,14.0
1513023490577,Temperature_2,21.44
1513023490580,Humidity_2,8.846434835928704
1513023490584,Brightness_2,103.0
1513023497276,Temperature_1,21.32
1513023497276,Sound_P,63.26648240367583
1513023497279,PodiumIR,85
1513023497279,Humidity_1,10.202953522537785
1513023497282,Brightness_1,14.0
1513023497287,Temperature_2,21.44
1513023497291,Humidity_2,8.846434835928704
1513023497297,Brightness_2,103.0
1513023503727,Temperature_1,21.32
1513023503730,Humidity_1,10.202953522537785
1513023503733,Brightness_1,14.0
1513023503735,Temperature_2,21.32
1513023503739,Humidity_2,8.969754716529529
1513023503743,Brightness_2,106.0
1513023507283,Sound_P,60.20329792798059
1513023507286,PodiumIR,101
1513023510179,Temperature_1,21.32
1513023510182,Humidity_1,10.202953522537785
1513023510186,Brightness_1,14.0
1513023510189,Temperature_2,21.32
1513023510194,Humidity_2,8.969754716529529
1513023510198,Brightness_2,106.0
1513023516598,Temperature_1,21.32
1513023516601,Humidity_1,10.202953522537785
1513023516605,Brightness_1,14.0
1513023516608,Temperature_2,21.32
1513023516614,Humidity_2,8.969754716529529
1513023516617,Brightness_2,106.0
1513023517291,Sound_P,59.341519288975356
1513023517294,PodiumIR,92
1513023524209,Temperature_1,21.32
1513023524212,Humidity_1,10.202953522537785
1513023524216,Brightness_1,14.0
1513023524219,Temperature_2,21.32
1513023524224,Humidity_2,8.969754716529529
1513023524228,Brightness_2,106.0
1513023527297,Sound_P,60.20329792798059
1513023527300,PodiumIR,142
1513023530629,Temperature_1,21.32
1513023530632,Humidity_1,10.202953522537785
1513023530636,Brightness_1,14.0
1513023530639,Temperature_2,21.32
1513023530642,Humidity_2,8.969754716529529
1513023530644,Brightness_2,106.0
1513023537306,Sound_P,58.433135904413454
1513023537310,PodiumIR,84
1513023537316,Temperature_1,21.32
1513023537321,Humidity_1,10.202953522537785
1513023537325,Brightness_1,14.0
1513023537328,Temperature_2,21.32
1513023537334,Humidity_2,8.969754716529529
1513023537337,Brightness_2,106.0
1513023543779,Temperature_1,21.32
1513023543782,Humidity_1,10.202953522537785
1513023543786,Brightness_1,14.0
1513023543789,Temperature_2,21.32
1513023543793,Humidity_2,8.969754716529529
1513023543797,Brightness_2,106.0
1513023547316,Sound_P,61.023021476191225
1513023547319,PodiumIR,87
1513023550220,Temperature_1,21.32
1513023550223,Humidity_1,10.202953522537785
1513023550227,Brightness_1,14.0
1513023550229,Temperature_2,21.32
1513023550232,Humidity_2,8.969754716529529
1513023550237,Brightness_2,106.0
1513023556660,Temperature_1,21.32
1513023556663,Humidity_1,10.07963364193696
1513023556667,Brightness_1,14.0
1513023556669,Temperature_2,21.32
1513023556672,Humidity_2,8.969754716529529
1513023556678,Brightness_2,106.0
1513023557325,Sound_P,58.433135904413454
1513023557328,PodiumIR,89
1513023563325,Temperature_1,21.32
1513023563329,Humidity_1,10.07963364193696
1513023563333,Brightness_1,14.0
1513023563335,Temperature_2,21.44
1513023563340,Humidity_2,8.846434835928704
1513023563342,Brightness_2,104.0
1513023567332,Sound_P,60.20329792798059
1513023567336,PodiumIR,66
1513023569787,Temperature_1,21.32
1513023569790,Humidity_1,10.07963364193696
1513023569793,Brightness_1,14.0
1513023569796,Temperature_2,21.44
1513023569801,Humidity_2,8.846434835928704
1513023569804,Brightness_2,104.0
1513023576330,Temperature_1,21.32
1513023576334,Humidity_1,10.07963364193696
1513023576337,Brightness_1,14.0
1513023576339,Temperature_2,21.44
1513023576343,Humidity_2,8.846434835928704
1513023576347,Brightness_2,104.0
1513023577338,Sound_P,58.433135904413454
1513023577342,PodiumIR,90
1513023582748,Temperature_1,21.32
1513023582751,Humidity_1,10.07963364193696
1513023582754,Brightness_1,14.0
1513023582757,Temperature_2,21.44
1513023582761,Humidity_2,8.846434835928704
1513023582765,Brightness_2,104.0
1513023587344,Sound_P,59.341519288975356
1513023587347,PodiumIR,93
1513023589148,Temperature_1,21.32
1513023589152,Humidity_1,10.07963364193696
1513023589155,Brightness_1,14.0
1513023589158,Temperature_2,21.44
1513023589163,Humidity_2,8.846434835928704
1513023589165,Brightness_2,104.0
1513023595889,Temperature_1,21.32
1513023595892,Humidity_1,10.07963364193696
1513023595896,Brightness_1,14.0
1513023595899,Temperature_2,21.44
1513023595903,Humidity_2,8.846434835928704
1513023595906,Brightness_2,104.0
1513023597350,Sound_P,62.551438321825636
1513023597353,PodiumIR,117
1513023602340,Temperature_1,21.32
1513023602343,Humidity_1,10.07963364193696
1513023602347,Brightness_1,14.0
1513023602350,Temperature_2,21.44
1513023602355,Humidity_2,8.846434835928704
1513023602358,Brightness_2,104.0
1513023607356,Sound_P,61.023021476191225
1513023607364,PodiumIR,88
1513023608768,Temperature_1,21.32
1513023608771,Humidity_1,10.07963364193696
1513023608774,Brightness_1,14.0
1513023608777,Temperature_2,21.44
1513023608780,Humidity_2,8.846434835928704
1513023608785,Brightness_2,104.0
1513023615243,Temperature_1,21.32
1513023615246,Humidity_1,10.202953522537785
1513023615249,Brightness_1,15.0
1513023615252,Temperature_2,21.44
1513023615255,Humidity_2,8.846434835928704
1513023615260,Brightness_2,104.0
1513023617369,Sound_P,59.341519288975356
1513023617372,PodiumIR,107
1513023621695,Temperature_1,21.32
1513023621698,Humidity_1,10.202953522537785
1513023621702,Brightness_1,15.0
1513023621704,Temperature_2,21.44
1513023621707,Humidity_2,8.846434835928704
1513023621712,Brightness_2,104.0
1513023627375,Sound_P,58.433135904413454
1513023627378,PodiumIR,96
1513023628108,Temperature_1,21.32
1513023628111,Humidity_1,10.202953522537785
1513023628114,Brightness_1,15.0
1513023628117,Temperature_2,21.44
1513023628121,Humidity_2,8.846434835928704
1513023628125,Brightness_2,103.0
1513023634572,Temperature_1,21.32
1513023634575,Humidity_1,10.202953522537785
1513023634584,Brightness_1,15.0
1513023634588,Temperature_2,21.44
1513023634592,Humidity_2,8.846434835928704
1513023634595,Brightness_2,103.0
1513023637381,Sound_P,60.20329792798059
1513023637384,PodiumIR,100
1513023641258,Temperature_1,21.32
1513023641262,Humidity_1,10.202953522537785
1513023641265,Brightness_1,15.0
1513023641268,Temperature_2,21.44
1513023641271,Humidity_2,8.846434835928704
1513023641276,Brightness_2,103.0
1513023647387,Sound_P,60.20329792798059
1513023647390,PodiumIR,98
1513023647921,Temperature_1,21.32
1513023647924,Humidity_1,10.202953522537785
1513023647928,Brightness_1,15.0
1513023647930,Temperature_2,21.44
1513023647934,Humidity_2,8.846434835928704
1513023647938,Brightness_2,103.0
1513023648964,Motion_2,False
1513023654361,Temperature_1,21.32
1513023654364,Humidity_1,10.202953522537785
1513023654367,Brightness_1,15.0
1513023654370,Temperature_2,21.44
1513023654374,Humidity_2,8.846434835928704
1513023654378,Brightness_2,103.0
1513023655567,Seat_9,True
1513023657394,Sound_P,62.551438321825636
1513023657397,PodiumIR,128
1513023660777,Temperature_1,21.32
1513023660780,Humidity_1,10.202953522537785
1513023660784,Brightness_1,15.0
1513023660786,Temperature_2,21.44
1513023660791,Humidity_2,8.846434835928704
1513023660794,Brightness_2,103.0
1513023667400,Sound_P,59.341519288975356
1513023667411,PodiumIR,93
1513023667430,Temperature_1,21.32
1513023667433,Humidity_1,10.202953522537785
1513023667437,Brightness_1,15.0
1513023667440,Temperature_2,21.44
1513023667446,Humidity_2,8.846434835928704
1513023667449,Brightness_2,103.0
1513023673837,Temperature_1,21.32
1513023673840,Humidity_1,10.202953522537785
1513023673844,Brightness_1,15.0
1513023673846,Temperature_2,21.44
1513023673851,Humidity_2,8.846434835928704
1513023673854,Brightness_2,103.0
1513023677414,Sound_P,61.023021476191225
1513023677418,PodiumIR,84
1513023680486,Temperature_1,21.32
1513023680489,Humidity_1,10.202953522537785
1513023680493,Brightness_1,14.0
1513023680495,Temperature_2,21.44
1513023680499,Humidity_2,8.846434835928704
1513023680503,Brightness_2,103.0
1513023686917,Temperature_1,21.32
1513023686920,Humidity_1,10.202953522537785
1513023686923,Brightness_1,14.0
1513023686926,Temperature_2,21.44
1513023686929,Humidity_2,8.846434835928704
1513023686931,Brightness_2,103.0
1513023687423,Sound_P,58.433135904413454
1513023687426,PodiumIR,118
1513023693375,Temperature_1,21.32
1513023693378,Humidity_1,10.202953522537785
1513023693382,Brightness_1,14.0
1513023693385,Temperature_2,21.32
1513023693389,Humidity_2,8.72311495532788
1513023693392,Brightness_2,111.0
1513023697429,Sound_P,59.341519288975356
1513023697432,PodiumIR,100
1513023700134,Temperature_1,21.32
1513023700137,Humidity_1,10.202953522537785
1513023700141,Brightness_1,14.0
1513023700143,Temperature_2,21.32
1513023700148,Humidity_2,8.72311495532788
1513023700151,Brightness_2,111.0
1513023706582,Temperature_1,21.32
1513023706586,Humidity_1,10.202953522537785
1513023706590,Brightness_1,14.0
1513023706593,Temperature_2,21.32
1513023706595,Humidity_2,8.72311495532788
1513023706600,Brightness_2,111.0
1513023707435,Sound_P,61.023021476191225
1513023707438,PodiumIR,77
1513023713241,Temperature_1,21.32
1513023713244,Humidity_1,10.202953522537785
1513023713248,Brightness_1,14.0
1513023713250,Temperature_2,21.32
1513023713254,Humidity_2,8.72311495532788
1513023713258,Brightness_2,111.0
1513023717441,Sound_P,58.433135904413454
1513023717444,PodiumIR,96
1513023719673,Temperature_1,21.32
1513023719676,Humidity_1,10.202953522537785
1513023719679,Brightness_1,14.0
1513023719682,Temperature_2,21.32
1513023719684,Humidity_2,8.72311495532788
1513023719688,Brightness_2,111.0
1513023726355,Temperature_1,21.32
1513023726358,Humidity_1,10.202953522537785
1513023726362,Brightness_1,14.0
1513023726364,Temperature_2,21.32
1513023726368,Humidity_2,8.72311495532788
1513023726372,Brightness_2,111.0
1513023727447,Sound_P,63.95233273361063
1513023727450,PodiumIR,88
1513023732777,Temperature_1,21.32
1513023732780,Humidity_1,10.202953522537785
1513023732784,Brightness_1,14.0
1513023732786,Temperature_2,21.32
1513023732789,Humidity_2,8.72311495532788
1513023732791,Brightness_2,111.0
1513023737452,Sound_P,59.341519288975356
1513023737456,PodiumIR,105
1513023739457,Temperature_1,21.32
1513023739460,Humidity_1,10.202953522537785
1513023739464,Brightness_1,14.0
1513023739466,Temperature_2,21.32
1513023739470,Humidity_2,8.72311495532788
1513023739474,Brightness_2,111.0
1513023745907,Temperature_1,21.32
1513023745910,Humidity_1,10.202953522537785
1513023745913,Brightness_1,14.0
1513023745916,Temperature_2,21.32
1513023745920,Humidity_2,8.72311495532788
1513023745924,Brightness_2,111.0
1513023747459,Sound_P,58.433135904413454
1513023747470,PodiumIR,96
1513023752358,Temperature_1,21.32
1513023752361,Humidity_1,10.202953522537785
1513023752364,Brightness_1,14.0
1513023752367,Temperature_2,21.32
1513023752369,Humidity_2,8.846434835928704
1513023752375,Brightness_2,111.0
1513023757473,Sound_P,59.341519288975356
1513023757481,PodiumIR,88
1513023758783,Temperature_1,21.32
1513023758789,Humidity_1,10.202953522537785
1513023758791,Brightness_1,14.0
1513023758794,Temperature_2,21.32
1513023758796,Humidity_2,8.846434835928704
1513023758798,Brightness_2,111.0
1513023765475,Temperature_1,21.32
1513023765481,Humidity_1,10.202953522537785
1513023765484,Brightness_1,14.0
1513023765486,Temperature_2,21.32
1513023765492,Humidity_2,8.846434835928704
1513023765495,Brightness_2,111.0
1513023767484,Sound_P,64.61127993529891
1513023767488,PodiumIR,106
1513023772235,Temperature_1,21.32
1513023772241,Humidity_1,10.202953522537785
1513023772244,Brightness_1,14.0
1513023772246,Temperature_2,21.32
1513023772251,Humidity_2,8.846434835928704
1513023772253,Brightness_2,111.0
1513023777490,Sound_P,57.472817393488484
1513023777493,PodiumIR,82
1513023778674,Temperature_1,21.32
1513023778680,Humidity_1,10.202953522537785
1513023778683,Brightness_1,14.0
1513023778685,Temperature_2,21.32
1513023778687,Humidity_2,8.846434835928704
1513023778690,Brightness_2,111.0
1513023785135,Temperature_1,21.32
1513023785138,Humidity_1,10.202953522537785
1513023785141,Brightness_1,14.0
1513023785143,Temperature_2,21.32
1513023785145,Humidity_2,8.846434835928704
1513023785148,Brightness_2,111.0
1513023787496,Sound_P,57.472817393488484
1513023787499,PodiumIR,94
1513023791578,Temperature_1,21.32
1513023791581,Humidity_1,10.202953522537785
1513023791584,Brightness_1,14.0
1513023791587,Temperature_2,21.32
1513023791589,Humidity_2,8.846434835928704
1513023791592,Brightness_2,111.0
1513023797502,Sound_P,58.433135904413454
1513023797505,PodiumIR,96
1513023798038,Temperature_1,21.32
1513023798041,Humidity_1,10.202953522537785
1513023798044,Brightness_1,14.0
1513023798047,Temperature_2,21.32
1513023798049,Humidity_2,8.846434835928704
1513023798052,Brightness_2,111.0
1513023804481,Temperature_1,21.32
1513023804484,Humidity_1,10.202953522537785
1513023804487,Brightness_1,14.0
1513023804490,Temperature_2,21.32
1513023804492,Humidity_2,8.846434835928704
1513023804495,Brightness_2,111.0
1513023807508,Sound_P,61.80460425887306
1513023807511,PodiumIR,93
1513023810923,Temperature_1,21.32
1513023810926,Humidity_1,10.202953522537785
1513023810929,Brightness_1,14.0
1513023810932,Temperature_2,21.32
1513023810934,Humidity_2,8.846434835928704
1513023810936,Brightness_2,111.0
1513023817513,Sound_P,59.341519288975356
1513023817516,PodiumIR,90
1513023817541,Temperature_1,21.32
1513023817543,Humidity_1,10.202953522537785
1513023817546,Brightness_1,14.0
1513023817549,Temperature_2,21.32
1513023817551,Humidity_2,8.969754716529529
1513023817553,Brightness_2,104.0
1513023824244,Temperature_1,21.32
1513023824247,Humidity_1,10.202953522537785
1513023824250,Brightness_1,14.0
1513023824253,Temperature_2,21.32
1513023824255,Humidity_2,8.969754716529529
1513023824257,Brightness_2,104.0
1513023827525,Sound_P,61.023021476191225
1513023827528,PodiumIR,74
1513023830645,Temperature_1,21.32
1513023830648,Humidity_1,10.202953522537785
1513023830651,Brightness_1,14.0
1513023830654,Temperature_2,21.32
1513023830656,Humidity_2,8.969754716529529
1513023830658,Brightness_2,104.0
1513023837352,Temperature_1,21.32
1513023837355,Humidity_1,10.202953522537785
1513023837358,Brightness_1,14.0
1513023837360,Temperature_2,21.32
1513023837363,Humidity_2,8.969754716529529
1513023837365,Brightness_2,104.0
1513023837530,Sound_P,61.023021476191225
1513023837534,PodiumIR,105
1513023844213,Temperature_1,21.32
1513023844216,Humidity_1,10.202953522537785
1513023844219,Brightness_1,14.0
1513023844221,Temperature_2,21.32
1513023844224,Humidity_2,8.969754716529529
1513023844226,Brightness_2,104.0
1513023847536,Sound_P,61.023021476191225
1513023847539,PodiumIR,91
1513023850612,Temperature_1,21.32
1513023850615,Humidity_1,10.202953522537785
1513023850619,Brightness_1,14.0
1513023850621,Temperature_2,21.32
1513023850623,Humidity_2,8.969754716529529
1513023850625,Brightness_2,104.0
1513023857320,Temperature_1,21.32
1513023857323,Humidity_1,10.202953522537785
1513023857326,Brightness_1,14.0
1513023857328,Temperature_2,21.32
1513023857330,Humidity_2,8.969754716529529
1513023857332,Brightness_2,104.0
1513023857542,Sound_P,58.433135904413454
1513023857545,PodiumIR,69
1513023863771,Temperature_1,21.32
1513023863774,Humidity_1,10.202953522537785
1513023863778,Brightness_1,14.0
1513023863780,Temperature_2,21.32
1513023863782,Humidity_2,8.969754716529529
1513023863784,Brightness_2,104.0
1513023867548,Sound_P,59.341519288975356
1513023867551,PodiumIR,100
1513023870223,Temperature_1,21.32
1513023870226,Humidity_1,10.07963364193696
1513023870229,Brightness_1,14.0
1513023870232,Temperature_2,21.32
1513023870234,Humidity_2,8.969754716529529
1513023870237,Brightness_2,104.0
1513023876665,Temperature_1,21.32
1513023876668,Humidity_1,10.07963364193696
1513023876671,Brightness_1,14.0
1513023876673,Temperature_2,21.32
1513023876675,Humidity_2,8.969754716529529
1513023876678,Brightness_2,104.0
1513023877554,Sound_P,59.341519288975356
1513023877557,PodiumIR,102
1513023883330,Temperature_1,21.32
1513023883333,Humidity_1,10.07963364193696
1513023883336,Brightness_1,14.0
1513023883339,Temperature_2,21.32
1513023883341,Humidity_2,8.969754716529529
1513023883344,Brightness_2,104.0
1513023887561,Sound_P,57.472817393488484
1513023887564,PodiumIR,105
1513023887881,Motion_2,False
1513023890191,Temperature_1,21.32
1513023890194,Humidity_1,10.07963364193696
1513023890197,Brightness_1,14.0
1513023890200,Temperature_2,21.32
1513023890202,Humidity_2,8.969754716529529
1513023890205,Brightness_2,104.0
1513023896639,Temperature_1,21.32
1513023896642,Humidity_1,10.07963364193696
1513023896645,Brightness_1,14.0
1513023896648,Temperature_2,21.32
1513023896650,Humidity_2,8.969754716529529
1513023896652,Brightness_2,104.0
1513023897567,Sound_P,57.472817393488484
1513023897570,PodiumIR,97
1513023903304,Temperature_1,21.32
1513023903307,Humidity_1,10.07963364193696
1513023903310,Brightness_1,14.0
1513023903313,Temperature_2,21.32
1513023903315,Humidity_2,8.969754716529529
1513023903317,Brightness_2,104.0
1513023907572,Sound_P,61.80460425887306
1513023907575,PodiumIR,85
1513023909725,Temperature_1,21.32
1513023909728,Humidity_1,10.07963364193696
1513023909731,Brightness_1,14.0
1513023909733,Temperature_2,21.32
1513023909736,Humidity_2,8.969754716529529
1513023909739,Brightness_2,104.0
1513023916201,Temperature_1,21.32
1513023916203,Humidity_1,10.07963364193696
1513023916206,Brightness_1,14.0
1513023916208,Temperature_2,21.32
1513023916211,Humidity_2,8.969754716529529
1513023916213,Brightness_2,104.0
1513023917578,Sound_P,61.023021476191225
1513023917582,PodiumIR,116
1513023922625,Temperature_1,21.32
1513023922628,Humidity_1,10.07963364193696
1513023922631,Brightness_1,14.0
1513023922634,Temperature_2,21.32
1513023922636,Humidity_2,8.969754716529529
1513023922638,Brightness_2,104.0
1513023927584,Sound_P,59.341519288975356
1513023927588,PodiumIR,93
1513023929015,Temperature_1,21.32
1513023929018,Humidity_1,10.07963364193696
1513023929021,Brightness_1,14.0
1513023929024,Temperature_2,21.32
1513023929025,Humidity_2,8.969754716529529
1513023929028,Brightness_2,104.0
1513023935459,Temperature_1,21.32
1513023935461,Humidity_1,10.202953522537785
1513023935464,Brightness_1,14.0
1513023935466,Temperature_2,21.32
1513023935468,Humidity_2,8.969754716529529
1513023935470,Brightness_2,104.0
1513023937590,Sound_P,61.023021476191225
1513023937593,PodiumIR,105
1513023942319,Temperature_1,21.32
1513023942321,Humidity_1,10.202953522537785
1513023942325,Brightness_1,14.0
1513023942327,Temperature_2,21.32
1513023942330,Humidity_2,8.846434835928704
1513023942332,Brightness_2,103.0
1513023947595,Sound_P,61.023021476191225
1513023947598,PodiumIR,94
1513023948737,Temperature_1,21.32
1513023948740,Humidity_1,10.202953522537785
1513023948743,Brightness_1,14.0
1513023948745,Temperature_2,21.32
1513023948748,Humidity_2,8.846434835928704
1513023948750,Brightness_2,103.0
1513023955221,Temperature_1,21.32
1513023955224,Humidity_1,10.202953522537785
1513023955227,Brightness_1,14.0
1513023955229,Temperature_2,21.32
1513023955232,Humidity_2,8.846434835928704
1513023955234,Brightness_2,103.0
1513023957601,Sound_P,60.20329792798059
1513023957604,PodiumIR,109
1513023961673,Temperature_1,21.32
1513023961676,Humidity_1,10.202953522537785
1513023961679,Brightness_1,14.0
1513023961681,Temperature_2,21.32
1513023961683,Humidity_2,8.846434835928704
1513023961685,Brightness_2,103.0
1513023967607,Sound_P,60.20329792798059
1513023967610,PodiumIR,97
1513023968128,Temperature_1,21.32
1513023968131,Humidity_1,10.202953522537785
1513023968134,Brightness_1,14.0
1513023968137,Temperature_2,21.32
1513023968139,Humidity_2,8.846434835928704
1513023968142,Brightness_2,103.0
1513023974575,Temperature_1,21.32
1513023974578,Humidity_1,10.202953522537785
1513023974585,Brightness_1,14.0
1513023974587,Temperature_2,21.32
1513023974590,Humidity_2,8.846434835928704
1513023974592,Brightness_2,103.0
1513023977613,Sound_P,60.20329792798059
1513023977616,PodiumIR,89
1513023981168,Temperature_1,21.32
1513023981171,Humidity_1,10.202953522537785
1513023981174,Brightness_1,14.0
1513023981177,Temperature_2,21.32
1513023981179,Humidity_2,8.846434835928704
1513023981181,Brightness_2,103.0
1513023987627,Sound_P,58.433135904413454
1513023987630,PodiumIR,91
1513023987879,Temperature_1,21.32
1513023987882,Humidity_1,10.202953522537785
1513023987889,Brightness_1,14.0
1513023987899,Temperature_2,21.32
1513023987901,Humidity_2,8.846434835928704
1513023987904,Brightness_2,103.0
1513023994339,Temperature_1,21.32
1513023994342,Humidity_1,10.202953522537785
1513023994345,Brightness_1,14.0
1513023994348,Temperature_2,21.32
1513023994351,Humidity_2,8.846434835928704
1513023994354,Brightness_2,103.0
1513023997632,Sound_P,58.433135904413454
1513023997635,PodiumIR,82
1513024000751,Temperature_1,21.32
1513024000754,Humidity_1,10.202953522537785
1513024000758,Brightness_1,14.0
1513024000761,Temperature_2,21.32
1513024000763,Humidity_2,8.846434835928704
1513024000766,Brightness_2,103.0
1513024007638,Sound_P,58.433135904413454
1513024007641,PodiumIR,114
1513024017643,Sound_P,64.61127993529891
1513024017648,PodiumIR,93
1513024022502,Temperature_1,21.32
1513024022505,Humidity_1,10.202953522537785
1513024022509,Brightness_1,14.0
1513024022512,Temperature_2,21.32
1513024022515,Humidity_2,8.846434835928704
1513024022519,Brightness_2,111.0
1513024027655,Sound_P,60.20329792798059
1513024027658,PodiumIR,104
1513024028913,Temperature_1,21.32
1513024028917,Humidity_1,10.202953522537785
1513024028920,Brightness_1,14.0
1513024028923,Temperature_2,21.32
1513024028926,Humidity_2,8.846434835928704
1513024028929,Brightness_2,111.0
1513024035607,Temperature_1,21.32
1513024035610,Humidity_1,10.202953522537785
1513024035614,Brightness_1,14.0
1513024035617,Temperature_2,21.32
1513024035620,Humidity_2,8.846434835928704
1513024035623,Brightness_2,111.0
1513024037668,Sound_P,60.20329792798059
1513024037671,PodiumIR,94
1513024042064,Temperature_1,21.32
1513024042068,Humidity_1,10.202953522537785
1513024042071,Brightness_1,14.0
1513024042074,Temperature_2,21.32
1513024042077,Humidity_2,8.846434835928704
1513024042079,Brightness_2,111.0
1513024047681,Sound_P,61.023021476191225
1513024047684,PodiumIR,111
1513024048569,Temperature_1,21.32
1513024048571,Humidity_1,10.202953522537785
1513024048573,Brightness_1,14.0
1513024048574,Temperature_2,21.32
1513024048575,Humidity_2,8.846434835928704
1513024048589,Brightness_2,111.0
1513024055268,Temperature_1,21.32
1513024055270,Humidity_1,10.202953522537785
1513024055274,Brightness_1,14.0
1513024055276,Temperature_2,21.32
1513024055278,Humidity_2,8.846434835928704
1513024055280,Brightness_2,111.0
1513024057694,Sound_P,61.80460425887306
1513024057697,PodiumIR,92
1513024061925,Temperature_1,21.2
1513024061928,Humidity_1,10.202953522537785
1513024061931,Brightness_1,14.0
1513024061933,Temperature_2,21.32
1513024061935,Humidity_2,8.846434835928704
1513024061938,Brightness_2,111.0
1513024067700,Sound_P,59.341519288975356
1513024067703,PodiumIR,136
1513024068379,Temperature_1,21.2
1513024068382,Humidity_1,10.202953522537785
1513024068386,Brightness_1,14.0
1513024068389,Temperature_2,21.32
1513024068392,Humidity_2,8.846434835928704
1513024068396,Brightness_2,110.0
1513024074797,Temperature_1,21.2
1513024074800,Humidity_1,10.202953522537785
1513024074804,Brightness_1,14.0
1513024074807,Temperature_2,21.32
1513024074809,Humidity_2,8.846434835928704
1513024074812,Brightness_2,110.0
1513024077706,Sound_P,60.20329792798059
1513024077709,PodiumIR,98
1513024081483,Temperature_1,21.2
1513024081485,Humidity_1,10.202953522537785
1513024081488,Brightness_1,14.0
1513024081491,Temperature_2,21.32
1513024081493,Humidity_2,8.846434835928704
1513024081495,Brightness_2,110.0
1513024087712,Sound_P,58.433135904413454
1513024087715,PodiumIR,130
1513024088279,Temperature_1,21.2
1513024088281,Humidity_1,10.202953522537785
1513024088282,Brightness_1,14.0
1513024088284,Temperature_2,21.32
1513024088285,Humidity_2,8.846434835928704
1513024088290,Brightness_2,110.0
1513024094700,Temperature_1,21.2
1513024094710,Humidity_1,10.202953522537785
1513024094713,Brightness_1,14.0
1513024094715,Temperature_2,21.32
1513024094723,Humidity_2,8.846434835928704
1513024094726,Brightness_2,110.0
1513024097724,Sound_P,65.24535518573873
1513024097728,PodiumIR,84
1513024101447,Temperature_1,21.2
1513024101453,Humidity_1,10.202953522537785
1513024101455,Brightness_1,14.0
1513024101458,Temperature_2,21.32
1513024101465,Humidity_2,8.846434835928704
1513024101468,Brightness_2,110.0
1513024107737,Sound_P,57.472817393488484
1513024107740,PodiumIR,117
1513024108200,Temperature_1,21.2
1513024108205,Humidity_1,10.202953522537785
1513024108208,Brightness_1,14.0
1513024108211,Temperature_2,21.32
1513024108218,Humidity_2,8.846434835928704
1513024108221,Brightness_2,110.0
1513024114615,Temperature_1,21.2
1513024114621,Humidity_1,10.202953522537785
1513024114624,Brightness_1,14.0
1513024114626,Temperature_2,21.32
1513024114628,Humidity_2,8.846434835928704
1513024114634,Brightness_2,110.0
1513024117743,Sound_P,58.433135904413454
1513024117746,PodiumIR,86
1513024121317,Temperature_1,21.2
1513024121322,Humidity_1,10.202953522537785
1513024121325,Brightness_1,14.0
1513024121327,Temperature_2,21.32
1513024121335,Humidity_2,8.846434835928704
1513024121337,Brightness_2,110.0
1513024127749,Sound_P,58.433135904413454
1513024127756,PodiumIR,108
1513024127778,Temperature_1,21.32
1513024127785,Humidity_1,10.07963364193696
1513024127788,Brightness_1,14.0
1513024127797,Temperature_2,21.32
1513024127799,Humidity_2,8.846434835928704
1513024127802,Brightness_2,110.0
1513024134419,Temperature_1,21.32
1513024134425,Humidity_1,10.07963364193696
1513024134428,Brightness_1,14.0
1513024134430,Temperature_2,21.32
1513024134438,Humidity_2,8.846434835928704
1513024134440,Brightness_2,108.0
1513024137759,Sound_P,61.80460425887306
1513024137762,PodiumIR,98
1513024140824,Temperature_1,21.32
1513024140830,Humidity_1,10.07963364193696
1513024140833,Brightness_1,14.0
1513024140835,Temperature_2,21.32
1513024140843,Humidity_2,8.846434835928704
1513024140846,Brightness_2,108.0
1513024147527,Temperature_1,21.32
1513024147533,Humidity_1,10.07963364193696
1513024147535,Brightness_1,14.0
1513024147538,Temperature_2,21.32
1513024147545,Humidity_2,8.846434835928704
1513024147547,Brightness_2,108.0
1513024147764,Sound_P,61.80460425887306
1513024147768,PodiumIR,95
1513024153991,Temperature_1,21.32
1513024153997,Humidity_1,10.07963364193696
1513024154000,Brightness_1,14.0
1513024154002,Temperature_2,21.32
1513024154004,Humidity_2,8.846434835928704
1513024154006,Brightness_2,108.0
1513024157770,Sound_P,61.80460425887306
1513024157774,PodiumIR,99
1513024160568,Temperature_1,21.32
1513024160574,Humidity_1,10.07963364193696
1513024160581,Brightness_1,14.0
1513024160591,Temperature_2,21.32
1513024160593,Humidity_2,8.846434835928704
1513024160600,Brightness_2,108.0
1513024167309,Temperature_1,21.32
1513024167315,Humidity_1,10.07963364193696
1513024167318,Brightness_1,14.0
1513024167320,Temperature_2,21.32
1513024167322,Humidity_2,8.846434835928704
1513024167324,Brightness_2,108.0
1513024167777,Sound_P,61.80460425887306
1513024167780,PodiumIR,90
1513024173724,Temperature_1,21.32
1513024173730,Humidity_1,10.07963364193696
1513024173733,Brightness_1,14.0
1513024173740,Temperature_2,21.32
1513024173743,Humidity_2,8.846434835928704
1513024173746,Brightness_2,108.0
1513024177782,Sound_P,60.20329792798059
1513024177786,PodiumIR,94
1513024178363,Motion_2,False
1513024178363,Motion_1,True
1513024180516,Temperature_1,21.32
1513024180521,Humidity_1,10.07963364193696
1513024180524,Brightness_1,14.0
1513024180526,Temperature_2,21.32
1513024180534,Humidity_2,8.846434835928704
1513024180536,Brightness_2,108.0
1513024187524,Temperature_1,21.32
1513024187530,Humidity_1,10.07963364193696
1513024187533,Brightness_1,14.0
1513024187535,Temperature_2,21.32
1513024187539,Humidity_2,8.846434835928704
1513024187542,Brightness_2,108.0
1513024187789,Sound_P,59.341519288975356
1513024187792,PodiumIR,113
1513024194221,Temperature_1,21.32
1513024194224,Humidity_1,10.07963364193696
1513024194228,Brightness_1,14.0
1513024194230,Temperature_2,21.32
1513024194232,Humidity_2,8.846434835928704
1513024194236,Brightness_2,108.0
1513024197794,Sound_P,57.472817393488484
1513024197798,PodiumIR,90
1513024200666,Temperature_1,21.32
1513024200669,Humidity_1,10.07963364193696
1513024200673,Brightness_1,14.0
1513024200675,Temperature_2,21.32
1513024200677,Humidity_2,8.72311495532788
1513024200679,Brightness_2,107.0
1513024207329,Temperature_1,21.32
1513024207331,Humidity_1,10.07963364193696
1513024207335,Brightness_1,14.0
1513024207338,Temperature_2,21.32
1513024207340,Humidity_2,8.72311495532788
1513024207344,Brightness_2,107.0
1513024207801,Sound_P,65.24535518573873
1513024207804,PodiumIR,93
1513024213780,Temperature_1,21.32
1513024213783,Humidity_1,10.07963364193696
1513024213787,Brightness_1,14.0
1513024213789,Temperature_2,21.32
1513024213791,Humidity_2,8.72311495532788
1513024213794,Brightness_2,107.0
1513024217814,Sound_P,59.341519288975356
1513024217823,PodiumIR,124
1513024220246,Temperature_1,21.32
1513024220249,Humidity_1,10.07963364193696
1513024220253,Brightness_1,14.0
1513024220255,Temperature_2,21.32
1513024220257,Humidity_2,8.72311495532788
1513024220260,Brightness_2,107.0
1513024226683,Temperature_1,21.32
1513024226686,Humidity_1,10.07963364193696
1513024226690,Brightness_1,14.0
1513024226692,Temperature_2,21.32
1513024226694,Humidity_2,8.72311495532788
1513024226698,Brightness_2,107.0
1513024227828,Sound_P,58.433135904413454
1513024227831,PodiumIR,93
1513024233134,Temperature_1,21.32
1513024233137,Humidity_1,10.07963364193696
1513024233141,Brightness_1,14.0
1513024233144,Temperature_2,21.32
1513024233146,Humidity_2,8.72311495532788
1513024233150,Brightness_2,107.0
1513024237834,Sound_P,60.20329792798059
1513024237837,PodiumIR,85
1513024239791,Temperature_1,21.32
1513024239794,Humidity_1,10.07963364193696
1513024239798,Brightness_1,14.0
1513024239800,Temperature_2,21.32
1513024239802,Humidity_2,8.72311495532788
1513024239805,Brightness_2,107.0
1513024246241,Temperature_1,21.32
1513024246244,Humidity_1,10.07963364193696
1513024246247,Brightness_1,14.0
1513024246250,Temperature_2,21.32
1513024246252,Humidity_2,8.72311495532788
1513024246254,Brightness_2,107.0
1513024247849,Sound_P,62.551438321825636
1513024247852,PodiumIR,95
1513024251171,Motion_1,False
1513024251176,Motion_2,False
1513024251176,Seat_9,True
1513024252653,Temperature_1,21.2
1513024252656,Humidity_1,10.07963364193696
1513024252660,Brightness_1,14.0
1513024252662,Temperature_2,21.32
1513024252664,Humidity_2,8.72311495532788
1513024252666,Brightness_2,107.0
1513024257855,Sound_P,58.433135904413454
1513024257867,PodiumIR,91
1513024259042,Temperature_1,21.2
1513024259045,Humidity_1,10.07963364193696
1513024259049,Brightness_1,14.0
1513024259051,Temperature_2,21.32
1513024259054,Humidity_2,8.846434835928704
1513024259058,Brightness_2,104.0
1513024265493,Temperature_1,21.2
1513024265496,Humidity_1,10.07963364193696
1513024265499,Brightness_1,14.0
1513024265502,Temperature_2,21.32
1513024265504,Humidity_2,8.846434835928704
1513024265507,Brightness_2,104.0
1513024267872,Sound_P,57.472817393488484
1513024267875,PodiumIR,126
1513024272149,Temperature_1,21.2
1513024272152,Humidity_1,10.07963364193696
1513024272156,Brightness_1,14.0
1513024272158,Temperature_2,21.32
1513024272161,Humidity_2,8.846434835928704
1513024272164,Brightness_2,104.0
1513024277878,Sound_P,59.341519288975356
1513024277881,PodiumIR,99
1513024278569,Temperature_1,21.2
1513024278572,Humidity_1,10.07963364193696
1513024278575,Brightness_1,14.0
1513024278578,Temperature_2,21.32
1513024278580,Humidity_2,8.846434835928704
1513024278582,Brightness_2,104.0
1513024285257,Temperature_1,21.2
1513024285260,Humidity_1,10.07963364193696
1513024285263,Brightness_1,14.0
1513024285265,Temperature_2,21.32
1513024285267,Humidity_2,8.846434835928704
1513024285270,Brightness_2,104.0
1513024287883,Sound_P,60.20329792798059
1513024287887,PodiumIR,82
1513024291912,Temperature_1,21.2
1513024291915,Humidity_1,10.07963364193696
1513024291918,Brightness_1,14.0
1513024291921,Temperature_2,21.32
1513024291923,Humidity_2,8.846434835928704
1513024291927,Brightness_2,104.0
1513024297890,Sound_P,59.341519288975356
1513024297893,PodiumIR,92
1513024298569,Temperature_1,21.2
1513024298575,Humidity_1,10.07963364193696
1513024298588,Brightness_1,14.0
1513024298590,Temperature_2,21.32
1513024298592,Humidity_2,8.846434835928704
1513024298599,Brightness_2,104.0
1513024305225,Temperature_1,21.2
1513024305231,Humidity_1,10.07963364193696
1513024305234,Brightness_1,14.0
1513024305236,Temperature_2,21.32
1513024305244,Humidity_2,8.846434835928704
1513024305246,Brightness_2,104.0
1513024307895,Sound_P,61.023021476191225
1513024307899,PodiumIR,99
1513024312093,Temperature_1,21.2
1513024312098,Humidity_1,10.07963364193696
1513024312110,Brightness_1,14.0
1513024312113,Temperature_2,21.32
1513024312115,Humidity_2,8.846434835928704
1513024312117,Brightness_2,104.0
1513024317902,Sound_P,58.433135904413454
1513024317905,PodiumIR,125
1513024318573,Temperature_1,21.32
1513024318576,Humidity_1,10.07963364193696
1513024318581,Brightness_1,14.0
1513024318584,Temperature_2,21.32
1513024318586,Humidity_2,8.846434835928704
1513024318588,Brightness_2,104.0
1513024324988,Temperature_1,21.32
1513024324991,Humidity_1,10.07963364193696
1513024324994,Brightness_1,14.0
1513024324997,Temperature_2,21.32
1513024324999,Humidity_2,8.846434835928704
1513024325001,Brightness_2,103.0
1513024327908,Sound_P,60.20329792798059
1513024327911,PodiumIR,99
1513024331751,Temperature_1,21.32
1513024331754,Humidity_1,10.07963364193696
1513024331757,Brightness_1,14.0
1513024331760,Temperature_2,21.32
1513024331762,Humidity_2,8.846434835928704
1513024331765,Brightness_2,103.0
1513024337914,Sound_P,56.45426312235056
1513024337920,PodiumIR,88
1513024338403,Temperature_1,21.32
1513024338406,Humidity_1,10.07963364193696
1513024338409,Brightness_1,14.0
1513024338410,Temperature_2,21.32
1513024338412,Humidity_2,8.846434835928704
1513024338413,Brightness_2,103.0
1513024344813,Temperature_1,21.32
1513024344820,Humidity_1,10.07963364193696
1513024344822,Brightness_1,14.0
1513024344825,Temperature_2,21.32
1513024344831,Humidity_2,8.846434835928704
1513024344834,Brightness_2,103.0
1513024347925,Sound_P,60.20329792798059
1513024347929,PodiumIR,95
1513024350319,Motion_2,True
1513024351511,Temperature_1,21.32
1513024351516,Humidity_1,10.07963364193696
1513024351519,Brightness_1,14.0
1513024351521,Temperature_2,21.32
1513024351524,Humidity_2,8.846434835928704
1513024351527,Brightness_2,103.0
1513024357939,Sound_P,58.433135904413454
1513024357942,PodiumIR,94
1513024357962,Temperature_1,21.32
1513024357964,Humidity_1,10.07963364193696
1513024357968,Brightness_1,14.0
1513024357971,Temperature_2,21.32
1513024357974,Humidity_2,8.846434835928704
1513024357976,Brightness_2,103.0
1513024364413,Temperature_1,21.32
1513024364416,Humidity_1,10.07963364193696
1513024364419,Brightness_1,14.0
1513024364422,Temperature_2,21.32
1513024364424,Humidity_2,8.846434835928704
1513024364427,Brightness_2,103.0
1513024366273,Motion_2,False
1513024367945,Sound_P,58.433135904413454
1513024367948,PodiumIR,66
1513024370815,Temperature_1,21.32
1513024370819,Humidity_1,10.07963364193696
1513024370822,Brightness_1,14.0
1513024370824,Temperature_2,21.32
1513024370826,Humidity_2,8.846434835928704
1513024370829,Brightness_2,103.0
1513024377521,Temperature_1,21.2
1513024377524,Humidity_1,10.07963364193696
1513024377527,Brightness_1,14.0
1513024377529,Temperature_2,21.32
1513024377531,Humidity_2,8.846434835928704
1513024377534,Brightness_2,103.0
1513024377951,Sound_P,61.023021476191225
1513024377954,PodiumIR,98
1513024384396,Temperature_1,21.2
1513024384399,Humidity_1,10.07963364193696
1513024384402,Brightness_1,14.0
1513024384404,Temperature_2,21.32
1513024384407,Humidity_2,8.846434835928704
1513024384410,Brightness_2,103.0
1513024387959,Sound_P,58.433135904413454
1513024387962,PodiumIR,97
1513024390794,Temperature_1,21.2
1513024390797,Humidity_1,10.07963364193696
1513024390801,Brightness_1,14.0
1513024390803,Temperature_2,21.32
1513024390805,Humidity_2,8.846434835928704
1513024390809,Brightness_2,110.0
1513024397488,Temperature_1,21.2
1513024397491,Humidity_1,10.07963364193696
1513024397494,Brightness_1,14.0
1513024397497,Temperature_2,21.32
1513024397499,Humidity_2,8.846434835928704
1513024397502,Brightness_2,110.0
1513024397964,Sound_P,65.24535518573873
1513024397968,PodiumIR,128
1513024404145,Temperature_1,21.2
1513024404148,Humidity_1,10.07963364193696
1513024404151,Brightness_1,14.0
1513024404154,Temperature_2,21.32
1513024404156,Humidity_2,8.846434835928704
1513024404158,Brightness_2,110.0
1513024407971,Sound_P,61.80460425887306
1513024407974,PodiumIR,100
1513024410621,Temperature_1,21.2
1513024410624,Humidity_1,10.07963364193696
1513024410628,Brightness_1,14.0
1513024410630,Temperature_2,21.32
1513024410632,Humidity_2,8.846434835928704
1513024410635,Brightness_2,110.0
1513024417150,Temperature_1,21.2
1513024417153,Humidity_1,10.07963364193696
1513024417156,Brightness_1,14.0
1513024417159,Temperature_2,21.32
1513024417161,Humidity_2,8.846434835928704
1513024417164,Brightness_2,110.0
1513024417977,Sound_P,60.20329792798059
1513024417980,PodiumIR,95
1513024423571,Temperature_1,21.2
1513024423574,Humidity_1,10.07963364193696
1513024423577,Brightness_1,14.0
1513024423580,Temperature_2,21.32
1513024423582,Humidity_2,8.846434835928704
1513024423585,Brightness_2,110.0
1513024427983,Sound_P,64.61127993529891
1513024427986,PodiumIR,94
1513024430265,Temperature_1,21.2
1513024430268,Humidity_1,10.07963364193696
1513024430271,Brightness_1,14.0
1513024430274,Temperature_2,21.32
1513024430276,Humidity_2,8.846434835928704
1513024430279,Brightness_2,110.0
1513024436704,Temperature_1,21.2
1513024436707,Humidity_1,10.07963364193696
1513024436711,Brightness_1,14.0
1513024436713,Temperature_2,21.32
1513024436715,Humidity_2,8.846434835928704
1513024436717,Brightness_2,110.0
1513024437989,Sound_P,56.45426312235056
1513024437992,PodiumIR,89
1513024443364,Temperature_1,21.32
1513024443367,Humidity_1,10.07963364193696
1513024443371,Brightness_1,14.0
1513024443373,Temperature_2,21.32
1513024443375,Humidity_2,8.846434835928704
1513024443378,Brightness_2,110.0
1513024447995,Sound_P,63.95233273361063
1513024447998,PodiumIR,83
1513024450020,Temperature_1,21.32
1513024450024,Humidity_1,10.07963364193696
1513024450027,Brightness_1,14.0
1513024450030,Temperature_2,21.44
1513024450032,Humidity_2,8.969754716529529
1513024450035,Brightness_2,103.0
1513024456483,Temperature_1,21.32
1513024456485,Humidity_1,10.07963364193696
1513024456489,Brightness_1,14.0
1513024456491,Temperature_2,21.44
1513024456493,Humidity_2,8.969754716529529
1513024456497,Brightness_2,103.0
1513024458001,Sound_P,60.20329792798059
1513024458004,PodiumIR,97
1513024462881,Temperature_1,21.32
1513024462884,Humidity_1,10.07963364193696
1513024462887,Brightness_1,14.0
1513024462890,Temperature_2,21.44
1513024462892,Humidity_2,8.969754716529529
1513024462894,Brightness_2,103.0
1513024468006,Sound_P,64.61127993529891
1513024468010,PodiumIR,90
1513024468081,Motion_2,False
1513024469584,Temperature_1,21.32
1513024469587,Humidity_1,10.07963364193696
1513024469590,Brightness_1,14.0
1513024469593,Temperature_2,21.44
1513024469595,Humidity_2,8.969754716529529
1513024469598,Brightness_2,103.0
1513024476041,Temperature_1,21.32
1513024476044,Humidity_1,10.07963364193696
1513024476046,Brightness_1,14.0
1513024476049,Temperature_2,21.44
1513024476051,Humidity_2,8.969754716529529
1513024476054,Brightness_2,103.0
1513024478015,Sound_P,59.341519288975356
1513024478019,PodiumIR,117
1513024482482,Temperature_1,21.32
1513024482485,Humidity_1,10.07963364193696
1513024482489,Brightness_1,14.0
1513024482491,Temperature_2,21.44
1513024482493,Humidity_2,8.969754716529529
1513024482496,Brightness_2,103.0
1513024488021,Sound_P,59.341519288975356
1513024488025,PodiumIR,87
1513024488891,Temperature_1,21.32
1513024488894,Humidity_1,10.07963364193696
1513024488897,Brightness_1,14.0
1513024488900,Temperature_2,21.44
1513024488902,Humidity_2,8.969754716529529
1513024488904,Brightness_2,103.0
1513024495589,Temperature_1,21.32
1513024495592,Humidity_1,10.07963364193696
1513024495595,Brightness_1,14.0
1513024495598,Temperature_2,21.44
1513024495600,Humidity_2,8.969754716529529
1513024495603,Brightness_2,103.0
1513024498028,Sound_P,57.472817393488484
1513024498031,PodiumIR,104
1513024502245,Temperature_1,21.2
1513024502248,Humidity_1,10.07963364193696
1513024502251,Brightness_1,14.0
1513024502254,Temperature_2,21.44
1513024502256,Humidity_2,8.969754716529529
1513024502259,Brightness_2,103.0
1513024502370,Motion_2,False
1513024502370,Seat_7,False
1513024508033,Sound_P,63.26648240367583
1513024508037,PodiumIR,91
1513024508671,Temperature_1,21.2
1513024508674,Humidity_1,10.07963364193696
1513024508677,Brightness_1,14.0
1513024508680,Temperature_2,21.44
1513024508682,Humidity_2,8.969754716529529
1513024508684,Brightness_2,103.0
1513024515353,Temperature_1,21.2
1513024515356,Humidity_1,10.07963364193696
1513024515359,Brightness_1,14.0
1513024515361,Temperature_2,21.32
1513024515364,Humidity_2,8.969754716529529
1513024515366,Brightness_2,107.0
1513024518040,Sound_P,59.341519288975356
1513024518043,PodiumIR,98
1513024522009,Temperature_1,21.2
1513024522012,Humidity_1,10.07963364193696
1513024522015,Brightness_1,14.0
1513024522018,Temperature_2,21.32
1513024522020,Humidity_2,8.969754716529529
1513024522023,Brightness_2,107.0
1513024528045,Sound_P,59.341519288975356
1513024528049,PodiumIR,92
1513024528563,Temperature_1,21.2
1513024528566,Humidity_1,10.07963364193696
1513024528570,Brightness_1,14.0
1513024528572,Temperature_2,21.32
1513024528575,Humidity_2,8.969754716529529
1513024528579,Brightness_2,107.0
1513024535014,Temperature_1,21.2
1513024535018,Humidity_1,10.07963364193696
1513024535021,Brightness_1,14.0
1513024535024,Temperature_2,21.32
1513024535027,Humidity_2,8.969754716529529
1513024535029,Brightness_2,107.0
1513024538052,Sound_P,60.20329792798059
1513024538055,PodiumIR,93
1513024539375,Motion_2,True
1513024541466,Temperature_1,21.2
1513024541469,Humidity_1,10.07963364193696
1513024541473,Brightness_1,14.0
1513024541475,Temperature_2,21.32
1513024541478,Humidity_2,8.969754716529529
1513024541482,Brightness_2,107.0
1513024547917,Temperature_1,21.2
1513024547920,Humidity_1,10.07963364193696
1513024547924,Brightness_1,14.0
1513024547926,Temperature_2,21.32
1513024547929,Humidity_2,8.969754716529529
1513024547933,Brightness_2,107.0
1513024548058,Sound_P,59.341519288975356
1513024548061,PodiumIR,99
1513024554368,Temperature_1,21.2
1513024554371,Humidity_1,10.07963364193696
1513024554375,Brightness_1,14.0
1513024554378,Temperature_2,21.32
1513024554381,Humidity_2,8.969754716529529
1513024554384,Brightness_2,107.0
1513024558064,Sound_P,60.20329792798059
1513024558067,PodiumIR,94
1513024560771,Temperature_1,21.2
1513024560775,Humidity_1,10.07963364193696
1513024560778,Brightness_1,14.0
1513024560781,Temperature_2,21.32
1513024560784,Humidity_2,8.969754716529529
1513024560788,Brightness_2,107.0
1513024567476,Temperature_1,21.2
1513024567479,Humidity_1,10.07963364193696
1513024567483,Brightness_1,14.0
1513024567485,Temperature_2,21.32
1513024567488,Humidity_2,8.969754716529529
1513024567492,Brightness_2,107.0
1513024568070,Sound_P,60.20329792798059
1513024568073,PodiumIR,93
1513024574137,Temperature_1,21.2
1513024574140,Humidity_1,10.07963364193696
1513024574144,Brightness_1,14.0
1513024574147,Temperature_2,21.44
1513024574150,Humidity_2,8.846434835928704
1513024574153,Brightness_2,104.0
1513024578076,Sound_P,61.023021476191225
1513024578079,PodiumIR,101
1513024580530,Temperature_1,21.2
1513024580533,Humidity_1,10.07963364193696
1513024580537,Brightness_1,14.0
1513024580540,Temperature_2,21.44
1513024580543,Humidity_2,8.846434835928704
1513024580546,Brightness_2,104.0
1513024587260,Temperature_1,21.2
1513024587263,Humidity_1,10.07963364193696
1513024587267,Brightness_1,14.0
1513024587270,Temperature_2,21.44
1513024587273,Humidity_2,8.846434835928704
1513024587275,Brightness_2,104.0
1513024588083,Sound_P,59.341519288975356
1513024588087,PodiumIR,111
1513024593895,Temperature_1,21.2
1513024593899,Humidity_1,10.07963364193696
1513024593902,Brightness_1,14.0
1513024593905,Temperature_2,21.44
1513024593908,Humidity_2,8.846434835928704
1513024593912,Brightness_2,104.0
1513024598089,Sound_P,57.472817393488484
1513024598093,PodiumIR,95
1513024600583,Temperature_1,21.2
1513024600586,Humidity_1,10.07963364193696
1513024600590,Brightness_1,14.0
1513024600592,Temperature_2,21.44
1513024600595,Humidity_2,8.846434835928704
1513024600599,Brightness_2,104.0
1513024607309,Temperature_1,21.2
1513024607313,Humidity_1,10.07963364193696
1513024607317,Brightness_1,14.0
1513024607319,Temperature_2,21.44
1513024607322,Humidity_2,8.846434835928704
1513024607326,Brightness_2,104.0
1513024608095,Sound_P,63.95233273361063
1513024608099,PodiumIR,77
1513024613723,Temperature_1,21.2
1513024613725,Humidity_1,10.07963364193696
1513024613728,Brightness_1,14.0
1513024613731,Temperature_2,21.44
1513024613733,Humidity_2,8.846434835928704
1513024613735,Brightness_2,104.0
1513024618101,Sound_P,59.341519288975356
1513024618104,PodiumIR,93
1513024620417,Temperature_1,21.2
1513024620420,Humidity_1,10.07963364193696
1513024620423,Brightness_1,14.0
1513024620426,Temperature_2,21.44
1513024620428,Humidity_2,8.846434835928704
1513024620430,Brightness_2,104.0
1513024626854,Temperature_1,21.2
1513024626857,Humidity_1,10.07963364193696
1513024626860,Brightness_1,14.0
1513024626863,Temperature_2,21.44
1513024626866,Humidity_2,8.846434835928704
1513024626869,Brightness_2,104.0
1513024628107,Sound_P,64.61127993529891
1513024628111,PodiumIR,99
1513024633524,Temperature_1,21.2
1513024633527,Humidity_1,10.07963364193696
1513024633530,Brightness_1,14.0
1513024633533,Temperature_2,21.44
1513024633535,Humidity_2,8.846434835928704
1513024633538,Brightness_2,104.0
1513024638113,Sound_P,60.20329792798059
1513024638116,PodiumIR,92
1513024639975,Temperature_1,21.2
1513024639978,Humidity_1,10.07963364193696
1513024639981,Brightness_1,14.0
1513024639984,Temperature_2,21.32
1513024639986,Humidity_2,8.846434835928704
1513024639988,Brightness_2,111.0
1513024646427,Temperature_1,21.2
1513024646430,Humidity_1,10.07963364193696
1513024646433,Brightness_1,14.0
1513024646436,Temperature_2,21.32
1513024646438,Humidity_2,8.846434835928704
1513024646441,Brightness_2,111.0
1513024648121,Sound_P,62.551438321825636
1513024648124,PodiumIR,94
1513024652841,Temperature_1,21.2
1513024652843,Humidity_1,10.07963364193696
1513024652846,Brightness_1,14.0
1513024652849,Temperature_2,21.32
1513024652851,Humidity_2,8.846434835928704
1513024652853,Brightness_2,111.0
1513024658130,Sound_P,60.20329792798059
1513024658139,PodiumIR,129
1513024659534,Temperature_1,21.2
1513024659537,Humidity_1,10.07963364193696
1513024659540,Brightness_1,14.0
1513024659543,Temperature_2,21.32
1513024659545,Humidity_2,8.846434835928704
1513024659547,Brightness_2,111.0
1513024666190,Temperature_1,21.2
1513024666193,Humidity_1,10.07963364193696
1513024666196,Brightness_1,14.0
1513024666198,Temperature_2,21.32
1513024666200,Humidity_2,8.846434835928704
1513024666203,Brightness_2,111.0
1513024668145,Sound_P,59.341519288975356
1513024668149,PodiumIR,95
1513024672619,Temperature_1,21.2
1513024672622,Humidity_1,10.07963364193696
1513024672625,Brightness_1,14.0
1513024672628,Temperature_2,21.32
1513024672631,Humidity_2,8.846434835928704
1513024672633,Brightness_2,111.0
1513024678154,Sound_P,58.433135904413454
1513024678161,PodiumIR,78
1513024679014,Temperature_1,21.2
1513024679017,Humidity_1,10.07963364193696
1513024679020,Brightness_1,14.0
1513024679022,Temperature_2,21.32
1513024679024,Humidity_2,8.846434835928704
1513024679027,Brightness_2,111.0
1513024679989,Motion_2,False
1513024679989,Motion_1,True
1513024682085,Motion_8,True
1513024685544,Temperature_1,21.2
1513024685547,Humidity_1,10.07963364193696
1513024685550,Brightness_1,14.0
1513024685553,Temperature_2,21.32
1513024685555,Humidity_2,8.846434835928704
1513024685558,Brightness_2,111.0
1513024688168,Sound_P,63.95233273361063
1513024688172,PodiumIR,90
1513024692055,Temperature_1,21.2
1513024692058,Humidity_1,10.07963364193696
1513024692062,Brightness_1,14.0
1513024692064,Temperature_2,21.32
1513024692066,Humidity_2,8.846434835928704
1513024692069,Brightness_2,111.0
1513024696888,Seat_12,False
1513024696888,Motion_2,False
1513024696888,Motion_1,False
1513024696888,Motion_8,False
1513024698175,Sound_P,58.433135904413454
1513024698178,PodiumIR,95
1513024698577,Temperature_1,21.2
1513024698580,Humidity_1,10.07963364193696
1513024698586,Brightness_1,14.0
1513024698588,Temperature_2,21.32
1513024698591,Humidity_2,8.846434835928704
1513024698593,Brightness_2,111.0
1513024701705,Motion_1,True
1513024705308,Temperature_1,21.2
1513024705311,Humidity_1,10.07963364193696
1513024705314,Brightness_1,14.0
1513024705317,Temperature_2,21.32
1513024705319,Humidity_2,8.846434835928704
1513024705321,Brightness_2,109.0
1513024708181,Sound_P,59.341519288975356
1513024708184,PodiumIR,116
1513024711741,Temperature_1,21.2
1513024711744,Humidity_1,10.07963364193696
1513024711748,Brightness_1,14.0
1513024711750,Temperature_2,21.32
1513024711752,Humidity_2,8.846434835928704
1513024711755,Brightness_2,109.0
1513024716478,Motion_2,False
1513024716478,Motion_1,False
1513024718194,Sound_P,61.023021476191225
1513024718197,PodiumIR,99
1513024718217,Temperature_1,21.2
1513024718220,Humidity_1,10.07963364193696
1513024718224,Brightness_1,14.0
1513024718227,Temperature_2,21.32
1513024718230,Humidity_2,8.846434835928704
1513024718233,Brightness_2,109.0
1513024722206,Motion_1,True
1513024724641,Temperature_1,21.2
1513024724644,Humidity_1,10.07963364193696
1513024724647,Brightness_1,14.0
1513024724650,Temperature_2,21.32
1513024724652,Humidity_2,8.846434835928704
1513024724654,Brightness_2,109.0
1513024728200,Sound_P,63.26648240367583
1513024728203,PodiumIR,77
1513024731318,Temperature_1,21.2
1513024731321,Humidity_1,10.07963364193696
1513024731324,Brightness_1,14.0
1513024731327,Temperature_2,21.32
1513024731329,Humidity_2,8.846434835928704
1513024731333,Brightness_2,109.0
1513024738077,Temperature_1,21.2
1513024738080,Humidity_1,10.07963364193696
1513024738083,Brightness_1,14.0
1513024738085,Temperature_2,21.32
1513024738087,Humidity_2,8.846434835928704
1513024738090,Brightness_2,109.0
1513024738206,Sound_P,65.8563679754536
1513024738209,PodiumIR,96
1513024744528,Temperature_1,21.2
1513024744530,Humidity_1,10.07963364193696
1513024744534,Brightness_1,14.0
1513024744536,Temperature_2,21.32
1513024744538,Humidity_2,8.846434835928704
1513024744541,Brightness_2,109.0
1513024748212,Sound_P,59.341519288975356
1513024748215,PodiumIR,104
1513024750931,Temperature_1,21.2
1513024750934,Humidity_1,10.07963364193696
1513024750937,Brightness_1,14.0
1513024750940,Temperature_2,21.32
1513024750942,Humidity_2,8.846434835928704
1513024750944,Brightness_2,109.0
1513024757737,Temperature_1,21.2
1513024757740,Humidity_1,10.07963364193696
1513024757744,Brightness_1,14.0
1513024757746,Temperature_2,21.32
1513024757748,Humidity_2,8.846434835928704
1513024757751,Brightness_2,109.0
1513024758219,Sound_P,60.20329792798059
1513024758222,PodiumIR,117
1513024764130,Temperature_1,21.2
1513024764133,Humidity_1,10.07963364193696
1513024764137,Brightness_1,14.0
1513024764139,Temperature_2,21.32
1513024764141,Humidity_2,8.846434835928704
1513024764145,Brightness_2,110.0
1513024768225,Sound_P,56.45426312235056
1513024768228,PodiumIR,89
1513024770538,Temperature_1,21.2
1513024770541,Humidity_1,10.07963364193696
1513024770544,Brightness_1,14.0
1513024770547,Temperature_2,21.32
1513024770549,Humidity_2,8.846434835928704
1513024770552,Brightness_2,110.0
1513024777194,Temperature_1,21.2
1513024777197,Humidity_1,10.07963364193696
1513024777200,Brightness_1,14.0
1513024777202,Temperature_2,21.32
1513024777204,Humidity_2,8.846434835928704
1513024777207,Brightness_2,110.0
1513024778231,Sound_P,58.433135904413454
1513024778234,PodiumIR,65
1513024783850,Temperature_1,21.2
1513024783853,Humidity_1,10.07963364193696
1513024783856,Brightness_1,14.0
1513024783859,Temperature_2,21.32
1513024783861,Humidity_2,8.846434835928704
1513024783864,Brightness_2,110.0
1513024788238,Sound_P,64.61127993529891
1513024788241,PodiumIR,97
1513024789717,Motion_2,False
1513024789717,Motion_1,False
1513024790249,Temperature_1,21.2
1513024790252,Humidity_1,10.07963364193696
1513024790255,Brightness_1,14.0
1513024790258,Temperature_2,21.32
1513024790260,Humidity_2,8.846434835928704
1513024790262,Brightness_2,110.0
1513024796680,Temperature_1,21.2
1513024796683,Humidity_1,10.07963364193696
1513024796686,Brightness_1,14.0
1513024796688,Temperature_2,21.32
1513024796691,Humidity_2,8.846434835928704
1513024796694,Brightness_2,110.0
1513024797111,Motion_1,True
1513024798244,Sound_P,60.20329792798059
1513024798247,PodiumIR,93
1513024803408,Temperature_1,21.2
1513024803411,Humidity_1,10.07963364193696
1513024803414,Brightness_1,14.0
1513024803417,Temperature_2,21.32
1513024803419,Humidity_2,8.846434835928704
1513024803422,Brightness_2,110.0
1513024808250,Sound_P,59.341519288975356
1513024808253,PodiumIR,103
1513024809829,Temperature_1,21.2
1513024809832,Humidity_1,10.07963364193696
1513024809835,Brightness_1,14.0
1513024809838,Temperature_2,21.32
1513024809840,Humidity_2,8.846434835928704
1513024809842,Brightness_2,110.0
1513024812294,Motion_2,False
1513024812294,Motion_1,False
1513024816518,Temperature_1,21.2
1513024816521,Humidity_1,10.07963364193696
1513024816524,Brightness_1,14.0
1513024816527,Temperature_2,21.32
1513024816529,Humidity_2,8.846434835928704
1513024816532,Brightness_2,110.0
1513024818256,Sound_P,58.433135904413454
1513024818259,PodiumIR,96
1513024822919,Temperature_1,21.2
1513024822922,Humidity_1,10.07963364193696
1513024822925,Brightness_1,14.0
1513024822928,Temperature_2,21.32
1513024822930,Humidity_2,8.846434835928704
1513024822932,Brightness_2,110.0
1513024828262,Sound_P,60.20329792798059
1513024828270,PodiumIR,101
1513024829329,Temperature_1,21.2
1513024829332,Humidity_1,10.07963364193696
1513024829335,Brightness_1,14.0
1513024829338,Temperature_2,21.32
1513024829340,Humidity_2,8.846434835928704
1513024829342,Brightness_2,103.0
1513024835979,Temperature_1,21.2
1513024835982,Humidity_1,10.07963364193696
1513024835985,Brightness_1,14.0
1513024835988,Temperature_2,21.32
1513024835990,Humidity_2,8.846434835928704
1513024835993,Brightness_2,103.0
1513024838273,Sound_P,61.023021476191225
1513024838277,PodiumIR,88
1513024842423,Temperature_1,21.2
1513024842426,Humidity_1,10.07963364193696
1513024842430,Brightness_1,14.0
1513024842432,Temperature_2,21.32
1513024842434,Humidity_2,8.846434835928704
1513024842437,Brightness_2,103.0
1513024846743,Motion_2,False
1513024846743,Seat_9,True
1513024848279,Sound_P,58.433135904413454
1513024848283,PodiumIR,79
1513024848831,Temperature_1,21.2
1513024848834,Humidity_1,10.07963364193696
1513024848837,Brightness_1,14.0
1513024848840,Temperature_2,21.32
1513024848842,Humidity_2,8.846434835928704
1513024848844,Brightness_2,103.0
1513024855531,Temperature_1,21.2
1513024855534,Humidity_1,10.07963364193696
1513024855537,Brightness_1,14.0
1513024855540,Temperature_2,21.32
1513024855542,Humidity_2,8.846434835928704
1513024855545,Brightness_2,103.0
1513024858285,Sound_P,59.341519288975356
1513024858289,PodiumIR,97
1513024861911,Motion_1,True
1513024861911,Motion_2,True
1513024861988,Temperature_1,21.2
1513024861990,Humidity_1,10.07963364193696
1513024861994,Brightness_1,14.0
1513024861996,Temperature_2,21.32
1513024861999,Humidity_2,8.846434835928704
1513024862002,Brightness_2,103.0
1513024868292,Sound_P,59.341519288975356
1513024868295,PodiumIR,95
1513024868392,Temperature_1,21.2
1513024868395,Humidity_1,10.07963364193696
1513024868399,Brightness_1,14.0
1513024868401,Temperature_2,21.32
1513024868403,Humidity_2,8.846434835928704
1513024868406,Brightness_2,103.0
1513024874808,Temperature_1,21.2
1513024874811,Humidity_1,10.07963364193696
1513024874814,Brightness_1,14.0
1513024874817,Temperature_2,21.32
1513024874820,Humidity_2,8.846434835928704
1513024874822,Brightness_2,103.0
1513024875193,Motion_1,False
1513024875193,Motion_2,True
1513024878298,Sound_P,58.433135904413454
1513024878301,PodiumIR,130
1513024881440,Temperature_1,21.2
1513024881442,Humidity_1,10.07963364193696
1513024881446,Brightness_1,14.0
1513024881449,Temperature_2,21.32
1513024881451,Humidity_2,8.846434835928704
1513024881454,Brightness_2,103.0
1513024887839,Temperature_1,21.2
1513024887842,Humidity_1,10.07963364193696
1513024887846,Brightness_1,14.0
1513024887848,Temperature_2,21.32
1513024887850,Humidity_2,8.846434835928704
1513024887853,Brightness_2,103.0
1513024888304,Sound_P,58.433135904413454
1513024888307,PodiumIR,91
1513024894546,Temperature_1,21.2
1513024894549,Humidity_1,10.07963364193696
1513024894552,Brightness_1,14.0
1513024894554,Temperature_2,21.44
1513024894557,Humidity_2,8.846434835928704
1513024894560,Brightness_2,111.0
1513024898310,Sound_P,62.551438321825636
1513024898313,PodiumIR,103
1513024900997,Temperature_1,21.2
1513024901000,Humidity_1,10.07963364193696
1513024901003,Brightness_1,14.0
1513024901006,Temperature_2,21.44
1513024901008,Humidity_2,8.846434835928704
1513024901011,Brightness_2,111.0
1513024907653,Temperature_1,21.2
1513024907656,Humidity_1,10.07963364193696
1513024907659,Brightness_1,14.0
1513024907661,Temperature_2,21.44
1513024907662,Humidity_2,8.846434835928704
1513024907664,Brightness_2,111.0
1513024908316,Sound_P,58.433135904413454
1513024908319,PodiumIR,87
1513024914189,Temperature_1,21.2
1513024914192,Humidity_1,10.07963364193696
1513024914195,Brightness_1,14.0
1513024914198,Temperature_2,21.44
1513024914200,Humidity_2,8.846434835928704
1513024914202,Brightness_2,111.0
1513024918321,Sound_P,61.023021476191225
1513024918324,PodiumIR,91
1513024920599,Temperature_1,21.2
1513024920602,Humidity_1,10.07963364193696
1513024920606,Brightness_1,14.0
1513024920608,Temperature_2,21.44
1513024920610,Humidity_2,8.846434835928704
1513024920612,Brightness_2,111.0
1513024927314,Temperature_1,21.2
1513024927317,Humidity_1,10.07963364193696
1513024927321,Brightness_1,14.0
1513024927323,Temperature_2,21.44
1513024927326,Humidity_2,8.846434835928704
1513024927329,Brightness_2,111.0
1513024927857,Motion_2,False
1513024927857,Motion_8,True
1513024928329,Sound_P,58.433135904413454
1513024928333,PodiumIR,96
1513024929463,Motion_1,True
1513024929463,Motion_2,True
1513024933978,Temperature_1,21.2
1513024933981,Humidity_1,10.07963364193696
1513024933984,Brightness_1,14.0
1513024933987,Temperature_2,21.44
1513024933989,Humidity_2,8.846434835928704
1513024933991,Brightness_2,111.0
1513024938337,Sound_P,63.95233273361063
1513024938341,PodiumIR,88
1513024940379,Temperature_1,21.2
1513024940382,Humidity_1,10.07963364193696
1513024940385,Brightness_1,14.0
1513024940388,Temperature_2,21.44
1513024940390,Humidity_2,8.846434835928704
1513024940392,Brightness_2,111.0
1513024946930,Temperature_1,21.2
1513024946933,Humidity_1,10.07963364193696
1513024946936,Brightness_1,14.0
1513024946939,Temperature_2,21.44
1513024946941,Humidity_2,8.846434835928704
1513024946943,Brightness_2,111.0
1513024948344,Sound_P,59.341519288975356
1513024948347,PodiumIR,100
1513024953631,Temperature_1,21.2
1513024953634,Humidity_1,10.07963364193696
1513024953638,Brightness_1,14.0
1513024953640,Temperature_2,21.32
1513024953642,Humidity_2,8.846434835928704
1513024953645,Brightness_2,103.0
1513024958353,Sound_P,60.20329792798059
1513024958356,PodiumIR,79
1513024960083,Temperature_1,21.2
1513024960086,Humidity_1,10.07963364193696
1513024960089,Brightness_1,14.0
1513024960092,Temperature_2,21.32
1513024960094,Humidity_2,8.846434835928704
1513024960096,Brightness_2,103.0
1513024966479,Temperature_1,21.2
1513024966482,Humidity_1,10.07963364193696
1513024966486,Brightness_1,14.0
1513024966488,Temperature_2,21.32
1513024966490,Humidity_2,8.846434835928704
1513024966494,Brightness_2,103.0
1513024968361,Sound_P,59.341519288975356
1513024968365,PodiumIR,85
1513024972879,Temperature_1,21.2
1513024972882,Humidity_1,10.07963364193696
1513024972885,Brightness_1,14.0
1513024972888,Temperature_2,21.32
1513024972890,Humidity_2,8.846434835928704
1513024972893,Brightness_2,103.0
1513024978370,Sound_P,61.80460425887306
1513024978373,PodiumIR,96
1513024979296,Temperature_1,21.2
1513024979299,Humidity_1,10.07963364193696
1513024979302,Brightness_1,14.0
1513024979304,Temperature_2,21.32
1513024979306,Humidity_2,8.846434835928704
1513024979309,Brightness_2,103.0
1513024985786,Temperature_1,21.2
1513024985789,Humidity_1,10.07963364193696
1513024985792,Brightness_1,14.0
1513024985794,Temperature_2,21.32
1513024985797,Humidity_2,8.846434835928704
1513024985799,Brightness_2,103.0
1513024988379,Sound_P,59.341519288975356
1513024988382,PodiumIR,106
1513024992190,Temperature_1,21.2
1513024992193,Humidity_1,10.07963364193696
1513024992196,Brightness_1,14.0
1513024992199,Temperature_2,21.32
1513024992201,Humidity_2,8.846434835928704
1513024992203,Brightness_2,103.0
1513024998388,Sound_P,60.20329792798059
1513024998391,PodiumIR,88
1513024998619,Temperature_1,21.2
1513024998622,Humidity_1,10.07963364193696
1513024998625,Brightness_1,14.0
1513024998628,Temperature_2,21.32
1513024998630,Humidity_2,8.846434835928704
1513024998633,Brightness_2,103.0
1513025002857,Motion_8,False
1513025002857,Motion_1,False
1513025002857,Motion_2,False
1513025005148,Temperature_1,21.2
1513025005151,Humidity_1,10.07963364193696
1513025005154,Brightness_1,14.0
1513025005157,Temperature_2,21.32
1513025005159,Humidity_2,8.846434835928704
1513025005162,Brightness_2,103.0
1513025008394,Sound_P,61.023021476191225
1513025008398,PodiumIR,114
1513025011553,Temperature_1,21.2
1513025011556,Humidity_1,10.07963364193696
1513025011559,Brightness_1,14.0
1513025011561,Temperature_2,21.32
1513025011563,Humidity_2,8.846434835928704
1513025011566,Brightness_2,103.0
1513025018247,Temperature_1,21.2
1513025018250,Humidity_1,10.07963364193696
1513025018253,Brightness_1,14.0
1513025018255,Temperature_2,21.32
1513025018258,Humidity_2,8.846434835928704
1513025018261,Brightness_2,111.0
1513025018400,Sound_P,61.023021476191225
1513025018404,PodiumIR,89
1513025024689,Temperature_1,21.2
1513025024692,Humidity_1,10.07963364193696
1513025024695,Brightness_1,14.0
1513025024698,Temperature_2,21.32
1513025024700,Humidity_2,8.846434835928704
1513025024703,Brightness_2,111.0
1513025028407,Sound_P,60.20329792798059
1513025028411,PodiumIR,92
1513025031252,Temperature_1,21.2
1513025031255,Humidity_1,10.07963364193696
1513025031258,Brightness_1,14.0
1513025031261,Temperature_2,21.32
1513025031263,Humidity_2,8.846434835928704
1513025031266,Brightness_2,111.0
1513025037672,Temperature_1,21.2
1513025037675,Humidity_1,10.07963364193696
1513025037678,Brightness_1,14.0
1513025037681,Temperature_2,21.32
1513025037683,Humidity_2,8.846434835928704
1513025037686,Brightness_2,111.0
1513025038413,Sound_P,58.433135904413454
1513025038417,PodiumIR,66
1513025044565,Temperature_1,21.2
1513025044568,Humidity_1,10.07963364193696
1513025044571,Brightness_1,14.0
1513025044574,Temperature_2,21.32
1513025044576,Humidity_2,8.846434835928704
1513025044578,Brightness_2,111.0
1513025048422,Sound_P,60.20329792798059
1513025048425,PodiumIR,95
1513025051220,Temperature_1,21.2
1513025051223,Humidity_1,10.07963364193696
1513025051226,Brightness_1,14.0
1513025051229,Temperature_2,21.32
1513025051231,Humidity_2,8.846434835928704
1513025051233,Brightness_2,111.0
1513025057782,Temperature_1,21.2
1513025057785,Humidity_1,10.07963364193696
1513025057788,Brightness_1,14.0
1513025057791,Temperature_2,21.32
1513025057793,Humidity_2,8.846434835928704
1513025057796,Brightness_2,111.0
1513025058428,Sound_P,61.023021476191225
1513025058431,PodiumIR,74
1513025064225,Temperature_1,21.2
1513025064228,Humidity_1,10.07963364193696
1513025064231,Brightness_1,14.0
1513025064233,Temperature_2,21.32
1513025064236,Humidity_2,8.846434835928704
1513025064239,Brightness_2,111.0
1513025068434,Sound_P,61.023021476191225
1513025068438,PodiumIR,92
1513025070121,Motion_2,False
1513025070639,Temperature_1,21.2
1513025070642,Humidity_1,10.07963364193696
1513025070645,Brightness_1,14.0
1513025070648,Temperature_2,21.32
1513025070650,Humidity_2,8.846434835928704
1513025070652,Brightness_2,111.0
1513025071356,Motion_1,True
1513025077333,Temperature_1,21.2
1513025077336,Humidity_1,10.07963364193696
1513025077339,Brightness_1,14.0
1513025077341,Temperature_2,21.32
1513025077344,Humidity_2,8.846434835928704
1513025077347,Brightness_2,111.0
1513025078440,Sound_P,57.472817393488484
1513025078443,PodiumIR,79
1513025083989,Temperature_1,21.2
1513025083992,Humidity_1,10.07963364193696
1513025083996,Brightness_1,14.0
1513025083998,Temperature_2,21.32
1513025084000,Humidity_2,8.846434835928704
1513025084003,Brightness_2,109.0
1513025088446,Sound_P,62.551438321825636
1513025088449,PodiumIR,98
1513025090401,Temperature_1,21.2
1513025090404,Humidity_1,10.07963364193696
1513025090407,Brightness_1,14.0
1513025090410,Temperature_2,21.32
1513025090412,Humidity_2,8.846434835928704
1513025090414,Brightness_2,109.0
1513025096832,Temperature_1,21.2
1513025096835,Humidity_1,10.07963364193696
1513025096838,Brightness_1,14.0
1513025096841,Temperature_2,21.32
1513025096843,Humidity_2,8.846434835928704
1513025096845,Brightness_2,109.0
1513025098452,Sound_P,59.341519288975356
1513025098455,PodiumIR,79
1513025103250,Temperature_1,21.2
1513025103253,Humidity_1,10.07963364193696
1513025103256,Brightness_1,14.0
1513025103259,Temperature_2,21.32
1513025103261,Humidity_2,8.846434835928704
1513025103263,Brightness_2,109.0
1513025108381,Motion_2,False
1513025108381,Motion_1,False
1513025108458,Sound_P,59.341519288975356
1513025108461,PodiumIR,118
1513025109672,Temperature_1,21.2
1513025109675,Humidity_1,10.07963364193696
1513025109678,Brightness_1,14.0
1513025109681,Temperature_2,21.32
1513025109683,Humidity_2,8.846434835928704
1513025109685,Brightness_2,109.0
1513025116451,Temperature_1,21.2
1513025116454,Humidity_1,10.07963364193696
1513025116457,Brightness_1,14.0
1513025116459,Temperature_2,21.32
1513025116461,Humidity_2,8.846434835928704
1513025116464,Brightness_2,109.0
1513025118464,Sound_P,62.551438321825636
1513025118467,PodiumIR,94
1513025122851,Temperature_1,21.2
1513025122854,Humidity_1,10.07963364193696
1513025122858,Brightness_1,14.0
1513025122860,Temperature_2,21.32
1513025122862,Humidity_2,8.846434835928704
1513025122865,Brightness_2,109.0
1513025128470,Sound_P,60.20329792798059
1513025128473,PodiumIR,82
1513025129865,Temperature_1,21.2
1513025129868,Humidity_1,10.07963364193696
1513025129871,Brightness_1,14.0
1513025129874,Temperature_2,21.32
1513025129876,Humidity_2,8.846434835928704
1513025129879,Brightness_2,109.0
1513025136569,Temperature_1,21.2
1513025136572,Humidity_1,10.07963364193696
1513025136575,Brightness_1,14.0
1513025136578,Temperature_2,21.32
1513025136580,Humidity_2,8.846434835928704
1513025136583,Brightness_2,109.0
1513025138476,Sound_P,57.472817393488484
1513025138479,PodiumIR,102
1513025143077,Temperature_1,21.2
1513025143080,Humidity_1,10.07963364193696
1513025143083,Brightness_1,14.0
1513025143085,Temperature_2,21.32
1513025143088,Humidity_2,8.846434835928704
1513025143091,Brightness_2,106.0
1513025148482,Sound_P,62.551438321825636
1513025148485,PodiumIR,96
1513025149833,Temperature_1,21.2
1513025149836,Humidity_1,10.07963364193696
1513025149839,Brightness_1,14.0
1513025149842,Temperature_2,21.32
1513025149844,Humidity_2,8.846434835928704
1513025149846,Brightness_2,106.0
1513025156297,Temperature_1,21.2
1513025156300,Humidity_1,10.07963364193696
1513025156303,Brightness_1,14.0
1513025156306,Temperature_2,21.32
1513025156308,Humidity_2,8.846434835928704
1513025156311,Brightness_2,106.0
1513025158488,Sound_P,60.20329792798059
1513025158491,PodiumIR,106
1513025162710,Temperature_1,21.2
1513025162713,Humidity_1,10.07963364193696
1513025162716,Brightness_1,14.0
1513025162719,Temperature_2,21.32
1513025162721,Humidity_2,8.846434835928704
1513025162724,Brightness_2,106.0
1513025163676,Motion_1,False
1513025163676,Motion_2,False
1513025166217,Motion_2,True
1513025166217,Motion_1,True
1513025168494,Sound_P,59.341519288975356
1513025168497,PodiumIR,83
1513025169306,Temperature_1,21.2
1513025169309,Humidity_1,10.07963364193696
1513025169312,Brightness_1,14.0
1513025169315,Temperature_2,21.32
1513025169317,Humidity_2,8.846434835928704
1513025169320,Brightness_2,106.0
1513025175946,Temperature_1,21.2
1513025175949,Humidity_1,10.07963364193696
1513025175952,Brightness_1,14.0
1513025175955,Temperature_2,21.32
1513025175957,Humidity_2,8.846434835928704
1513025175960,Brightness_2,106.0
1513025178500,Sound_P,59.341519288975356
1513025178503,PodiumIR,83
1513025182408,Temperature_1,21.2
1513025182411,Humidity_1,10.07963364193696
1513025182414,Brightness_1,14.0
1513025182417,Temperature_2,21.32
1513025182419,Humidity_2,8.846434835928704
1513025182422,Brightness_2,106.0
1513025188506,Sound_P,61.80460425887306
1513025188509,PodiumIR,94
1513025188809,Temperature_1,21.2
1513025188812,Humidity_1,10.07963364193696
1513025188823,Brightness_1,14.0
1513025188826,Temperature_2,21.32
1513025188828,Humidity_2,8.846434835928704
1513025188832,Brightness_2,106.0
1513025195505,Temperature_1,21.2
1513025195508,Humidity_1,10.07963364193696
1513025195511,Brightness_1,14.0
1513025195513,Temperature_2,21.32
1513025195515,Humidity_2,8.846434835928704
1513025195519,Brightness_2,106.0
1513025198512,Sound_P,59.341519288975356
1513025198515,PodiumIR,95
1513025202263,Temperature_1,21.2
1513025202269,Humidity_1,10.07963364193696
1513025202272,Brightness_1,14.0
1513025202275,Temperature_2,21.32
1513025202281,Humidity_2,8.846434835928704
1513025202284,Brightness_2,106.0
1513025204356,Motion_2,False
1513025204356,Motion_1,False
1513025204356,Motion_8,True
1513025207718,Motion_2,True
1513025208521,Sound_P,56.45426312235056
1513025208524,PodiumIR,81
1513025208719,Temperature_1,21.2
1513025208725,Humidity_1,10.07963364193696
1513025208728,Brightness_1,14.0
1513025208730,Temperature_2,21.32
1513025208733,Humidity_2,8.969754716529529
1513025208738,Brightness_2,110.0
1513025215167,Temperature_1,21.2
1513025215172,Humidity_1,10.07963364193696
1513025215175,Brightness_1,14.0
1513025215178,Temperature_2,21.32
1513025215184,Humidity_2,8.969754716529529
1513025215187,Brightness_2,110.0
1513025218527,Sound_P,58.433135904413454
1513025218531,PodiumIR,100
1513025221617,Temperature_1,21.2
1513025221623,Humidity_1,10.07963364193696
1513025221626,Brightness_1,14.0
1513025221629,Temperature_2,21.32
1513025221634,Humidity_2,8.969754716529529
1513025221637,Brightness_2,110.0
1513025228174,Temperature_1,21.2
1513025228180,Humidity_1,10.07963364193696
1513025228183,Brightness_1,14.0
1513025228185,Temperature_2,21.32
1513025228189,Humidity_2,8.969754716529529
1513025228192,Brightness_2,110.0
1513025228533,Sound_P,61.80460425887306
1513025228537,PodiumIR,90
1513025233546,Motion_8,False
1513025233546,Motion_1,False
1513025233546,Motion_2,False
1513025233546,Motion_3,False
1513025234589,Temperature_1,21.2
1513025234592,Humidity_1,10.07963364193696
1513025234596,Brightness_1,14.0
1513025234599,Temperature_2,21.32
1513025234601,Humidity_2,8.969754716529529
1513025234606,Brightness_2,110.0
1513025234972,Motion_2,True
1513025238539,Sound_P,58.433135904413454
1513025238543,PodiumIR,125
1513025240993,Temperature_1,21.2
1513025240996,Humidity_1,10.07963364193696
1513025241000,Brightness_1,14.0
1513025241002,Temperature_2,21.32
1513025241005,Humidity_2,8.969754716529529
1513025241009,Brightness_2,110.0
1513025247423,Temperature_1,21.2
1513025247426,Humidity_1,10.07963364193696
1513025247430,Brightness_1,14.0
1513025247433,Temperature_2,21.32
1513025247435,Humidity_2,8.969754716529529
1513025247439,Brightness_2,110.0
1513025248545,Sound_P,58.433135904413454
1513025248549,PodiumIR,95
1513025253882,Temperature_1,21.2
1513025253885,Humidity_1,10.07963364193696
1513025253889,Brightness_1,14.0
1513025253892,Temperature_2,21.32
1513025253895,Humidity_2,8.969754716529529
1513025253898,Brightness_2,110.0
1513025258551,Sound_P,61.023021476191225
1513025258554,PodiumIR,99
1513025260326,Temperature_1,21.2
1513025260330,Humidity_1,10.07963364193696
1513025260333,Brightness_1,14.0
1513025260336,Temperature_2,21.32
1513025260339,Humidity_2,8.969754716529529
1513025260342,Brightness_2,110.0
1513025266759,Temperature_1,21.2
1513025266762,Humidity_1,10.07963364193696
1513025266765,Brightness_1,14.0
1513025266768,Temperature_2,21.32
1513025266771,Humidity_2,8.969754716529529
1513025266774,Brightness_2,110.0
1513025268557,Sound_P,58.433135904413454
1513025268561,PodiumIR,89
1513025273545,Temperature_1,21.2
1513025273549,Humidity_1,10.07963364193696
1513025273553,Brightness_1,14.0
1513025273555,Temperature_2,21.32
1513025273558,Humidity_2,8.72311495532788
1513025273561,Brightness_2,110.0
1513025278564,Sound_P,60.20329792798059
1513025278575,PodiumIR,94
1513025280294,Temperature_1,21.2
1513025280297,Humidity_1,10.07963364193696
1513025280301,Brightness_1,14.0
1513025280303,Temperature_2,21.32
1513025280306,Humidity_2,8.72311495532788
1513025280310,Brightness_2,110.0
1513025286745,Temperature_1,21.2
1513025286749,Humidity_1,10.07963364193696
1513025286752,Brightness_1,14.0
1513025286755,Temperature_2,21.32
1513025286758,Humidity_2,8.72311495532788
1513025286762,Brightness_2,110.0
1513025288582,Sound_P,59.341519288975356
1513025288585,PodiumIR,102
1513025293175,Temperature_1,21.2
1513025293178,Humidity_1,10.07963364193696
1513025293182,Brightness_1,14.0
1513025293185,Temperature_2,21.32
1513025293188,Humidity_2,8.72311495532788
1513025293191,Brightness_2,110.0
1513025298588,Sound_P,61.023021476191225
1513025298591,PodiumIR,100
1513025299602,Motion_1,False
1513025299602,Motion_2,False
1513025299852,Temperature_1,21.2
1513025299855,Humidity_1,10.07963364193696
1513025299856,Brightness_1,14.0
1513025299859,Temperature_2,21.32
1513025299862,Humidity_2,8.72311495532788
1513025299865,Brightness_2,110.0
1513025306568,Temperature_1,21.2
1513025306571,Humidity_1,10.07963364193696
1513025306574,Brightness_1,14.0
1513025306577,Temperature_2,21.32
1513025306580,Humidity_2,8.72311495532788
1513025306583,Brightness_2,110.0
1513025308594,Sound_P,60.20329792798059
1513025308597,PodiumIR,87
1513025313370,Temperature_1,21.2
1513025313373,Humidity_1,10.07963364193696
1513025313376,Brightness_1,14.0
1513025313377,Temperature_2,21.32
1513025313380,Humidity_2,8.72311495532788
1513025313382,Brightness_2,110.0
1513025318600,Sound_P,57.472817393488484
1513025318609,PodiumIR,91
1513025320031,Temperature_1,21.2
1513025320034,Humidity_1,10.07963364193696
1513025320038,Brightness_1,14.0
1513025320040,Temperature_2,21.32
1513025320042,Humidity_2,8.72311495532788
1513025320044,Brightness_2,110.0
1513025326477,Temperature_1,21.2
1513025326480,Humidity_1,10.07963364193696
1513025326483,Brightness_1,14.0
1513025326486,Temperature_2,21.32
1513025326488,Humidity_2,8.72311495532788
1513025326491,Brightness_2,110.0
1513025328617,Sound_P,60.20329792798059
1513025328620,PodiumIR,79
1513025332887,Temperature_1,21.2
1513025332890,Humidity_1,10.07963364193696
1513025332893,Brightness_1,14.0
1513025332896,Temperature_2,21.32
1513025332898,Humidity_2,8.846434835928704
1513025332901,Brightness_2,107.0
1513025338623,Sound_P,63.26648240367583
1513025338627,PodiumIR,94
1513025339289,Temperature_1,21.2
1513025339292,Humidity_1,10.07963364193696
1513025339295,Brightness_1,14.0
1513025339298,Temperature_2,21.32
1513025339300,Humidity_2,8.846434835928704
1513025339302,Brightness_2,107.0
1513025339748,Motion_2,False
1513025339748,Motion_1,True
1513025341039,Motion_2,True
1513025345688,Temperature_1,21.2
1513025345691,Humidity_1,10.07963364193696
1513025345694,Brightness_1,14.0
1513025345696,Temperature_2,21.32
1513025345698,Humidity_2,8.846434835928704
1513025345701,Brightness_2,107.0
1513025348629,Sound_P,57.472817393488484
1513025348632,PodiumIR,76
1513025352487,Temperature_1,21.2
1513025352490,Humidity_1,10.07963364193696
1513025352494,Brightness_1,14.0
1513025352496,Temperature_2,21.32
1513025352498,Humidity_2,8.846434835928704
1513025352501,Brightness_2,107.0
1513025352665,Motion_1,True
1513025358639,Sound_P,58.433135904413454
1513025358643,PodiumIR,95
1513025358908,Temperature_1,21.2
1513025358911,Humidity_1,10.07963364193696
1513025358914,Brightness_1,14.0
1513025358917,Temperature_2,21.32
1513025358919,Humidity_2,8.846434835928704
1513025358922,Brightness_2,107.0
1513025365396,Temperature_1,21.2
1513025365399,Humidity_1,10.07963364193696
1513025365402,Brightness_1,14.0
1513025365405,Temperature_2,21.32
1513025365407,Humidity_2,8.846434835928704
1513025365410,Brightness_2,107.0
1513025365571,Motion_2,False
1513025365571,Motion_1,True
1513025368645,Sound_P,58.433135904413454
1513025368649,PodiumIR,70
1513025372046,Temperature_1,21.2
1513025372049,Humidity_1,10.07963364193696
1513025372052,Brightness_1,14.0
1513025372055,Temperature_2,21.32
1513025372057,Humidity_2,8.846434835928704
1513025372060,Brightness_2,107.0
1513025378575,Temperature_1,21.2
1513025378578,Humidity_1,10.07963364193696
1513025378583,Brightness_1,14.0
1513025378585,Temperature_2,21.32
1513025378588,Humidity_2,8.846434835928704
1513025378590,Brightness_2,107.0
1513025378651,Sound_P,61.023021476191225
1513025378655,PodiumIR,91
1513025385468,Temperature_1,21.2
1513025385471,Humidity_1,10.07963364193696
1513025385474,Brightness_1,14.0
1513025385476,Temperature_2,21.32
1513025385479,Humidity_2,8.846434835928704
1513025385482,Brightness_2,107.0
1513025386082,Motion_4,False
1513025386082,Motion_1,False
1513025386082,Motion_5,False
1513025388658,Sound_P,60.20329792798059
1513025388661,PodiumIR,72
1513025392568,Temperature_1,21.2
1513025392571,Humidity_1,10.07963364193696
1513025392575,Brightness_1,14.0
1513025392577,Temperature_2,21.32
1513025392580,Humidity_2,8.846434835928704
1513025392584,Brightness_2,107.0
1513025398666,Sound_P,60.20329792798059
1513025398669,PodiumIR,98
1513025399098,Temperature_1,21.2
1513025399101,Humidity_1,10.07963364193696
1513025399104,Brightness_1,14.0
1513025399107,Temperature_2,21.32
1513025399109,Humidity_2,8.846434835928704
1513025399111,Brightness_2,104.0
1513025403286,Motion_1,False
1513025405745,Temperature_1,21.2
1513025405748,Humidity_1,10.07963364193696
1513025405751,Brightness_1,14.0
1513025405754,Temperature_2,21.32
1513025405756,Humidity_2,8.846434835928704
1513025405758,Brightness_2,104.0
1513025408672,Sound_P,63.95233273361063
1513025408675,PodiumIR,92
1513025412392,Temperature_1,21.2
1513025412395,Humidity_1,10.07963364193696
1513025412398,Brightness_1,14.0
1513025412401,Temperature_2,21.32
1513025412403,Humidity_2,8.846434835928704
1513025412405,Brightness_2,104.0
1513025418678,Sound_P,62.551438321825636
1513025418681,PodiumIR,113
1513025418807,Temperature_1,21.2
1513025418810,Humidity_1,10.07963364193696
1513025418814,Brightness_1,14.0
1513025418816,Temperature_2,21.32
1513025418818,Humidity_2,8.846434835928704
1513025418820,Brightness_2,104.0
1513025425211,Temperature_1,21.2
1513025425214,Humidity_1,10.07963364193696
1513025425217,Brightness_1,14.0
1513025425220,Temperature_2,21.32
1513025425222,Humidity_2,8.846434835928704
1513025425225,Brightness_2,104.0
1513025428684,Sound_P,61.023021476191225
1513025428687,PodiumIR,99
1513025431849,Temperature_1,21.2
1513025431852,Humidity_1,10.07963364193696
1513025431855,Brightness_1,14.0
1513025431858,Temperature_2,21.32
1513025431860,Humidity_2,8.846434835928704
1513025431863,Brightness_2,104.0
1513025438505,Temperature_1,21.2
1513025438508,Humidity_1,10.07963364193696
1513025438511,Brightness_1,14.0
1513025438514,Temperature_2,21.32
1513025438516,Humidity_2,8.846434835928704
1513025438519,Brightness_2,104.0
1513025438690,Sound_P,63.95233273361063
1513025438693,PodiumIR,106
1513025442677,Motion_1,False
1513025442677,Seat_9,True
1513025444921,Temperature_1,21.2
1513025444924,Humidity_1,10.07963364193696
1513025444927,Brightness_1,14.0
1513025444929,Temperature_2,21.32
1513025444932,Humidity_2,8.846434835928704
1513025444934,Brightness_2,104.0
1513025448696,Sound_P,63.26648240367583
1513025448699,PodiumIR,99
1513025451333,Temperature_1,21.2
1513025451336,Humidity_1,10.07963364193696
1513025451339,Brightness_1,14.0
1513025451340,Temperature_2,21.32
1513025451342,Humidity_2,8.846434835928704
1513025451344,Brightness_2,104.0
1513025458165,Temperature_1,21.2
1513025458168,Humidity_1,10.07963364193696
1513025458171,Brightness_1,14.0
1513025458173,Temperature_2,21.32
1513025458176,Humidity_2,8.846434835928704
1513025458178,Brightness_2,104.0
1513025458701,Sound_P,61.80460425887306
1513025458704,PodiumIR,94
1513025464576,Temperature_1,21.2
1513025464581,Humidity_1,10.07963364193696
1513025464586,Brightness_1,14.0
1513025464588,Temperature_2,21.32
1513025464590,Humidity_2,8.846434835928704
1513025464593,Brightness_2,111.0
1513025468707,Sound_P,61.80460425887306
1513025468710,PodiumIR,92
1513025470757,Motion_2,True
1513025471377,Temperature_1,21.2
1513025471379,Humidity_1,10.07963364193696
1513025471382,Brightness_1,14.0
1513025471385,Temperature_2,21.32
1513025471387,Humidity_2,8.846434835928704
1513025471390,Brightness_2,111.0
1513025477780,Temperature_1,21.2
1513025477782,Humidity_1,10.07963364193696
1513025477785,Brightness_1,14.0
1513025477788,Temperature_2,21.32
1513025477790,Humidity_2,8.846434835928704
1513025477793,Brightness_2,111.0
1513025478713,Sound_P,61.80460425887306
1513025478716,PodiumIR,90
1513025484483,Temperature_1,21.2
1513025484486,Humidity_1,10.07963364193696
1513025484489,Brightness_1,14.0
1513025484492,Temperature_2,21.32
1513025484494,Humidity_2,8.846434835928704
1513025484496,Brightness_2,111.0
1513025488724,Sound_P,66.44593723960276
1513025488727,PodiumIR,102
1513025490896,Temperature_1,21.2
1513025490899,Humidity_1,10.07963364193696
1513025490902,Brightness_1,14.0
1513025490904,Temperature_2,21.32
1513025490907,Humidity_2,8.846434835928704
1513025490909,Brightness_2,111.0
1513025497693,Temperature_1,21.2
1513025497696,Humidity_1,10.07963364193696
1513025497699,Brightness_1,14.0
1513025497702,Temperature_2,21.32
1513025497704,Humidity_2,8.846434835928704
1513025497706,Brightness_2,111.0
1513025498730,Sound_P,61.023021476191225
1513025498733,PodiumIR,95
1513025502019,Seat_10,False
1513025502019,Motion_2,False
1513025504097,Temperature_1,21.2
1513025504099,Humidity_1,10.07963364193696
1513025504102,Brightness_1,14.0
1513025504105,Temperature_2,21.32
1513025504107,Humidity_2,8.846434835928704
1513025504110,Brightness_2,111.0
1513025508736,Sound_P,58.433135904413454
1513025508739,PodiumIR,119
1513025510578,Temperature_1,21.2
1513025510582,Humidity_1,10.07963364193696
1513025510587,Brightness_1,14.0
1513025510590,Temperature_2,21.32
1513025510592,Humidity_2,8.846434835928704
1513025510594,Brightness_2,111.0
1513025517867,Temperature_1,21.2
1513025517869,Humidity_1,10.07963364193696
1513025517872,Brightness_1,14.0
1513025517875,Temperature_2,21.32
1513025517877,Humidity_2,8.846434835928704
1513025517880,Brightness_2,111.0
1513025518742,Sound_P,63.95233273361063
1513025518745,PodiumIR,91
1513025520249,Motion_2,False
1513025520249,Motion_1,True
1513025524318,Temperature_1,21.2
1513025524321,Humidity_1,10.07963364193696
1513025524324,Brightness_1,14.0
1513025524325,Temperature_2,21.44
1513025524327,Humidity_2,8.72311495532788
1513025524329,Brightness_2,108.0
1513025528748,Sound_P,59.341519288975356
1513025528751,PodiumIR,103
1513025530721,Temperature_1,21.2
1513025530724,Humidity_1,10.07963364193696
1513025530727,Brightness_1,14.0
1513025530730,Temperature_2,21.44
1513025530732,Humidity_2,8.72311495532788
1513025530734,Brightness_2,108.0
1513025537223,Temperature_1,21.2
1513025537225,Humidity_1,10.07963364193696
1513025537229,Brightness_1,14.0
1513025537231,Temperature_2,21.44
1513025537233,Humidity_2,8.72311495532788
1513025537235,Brightness_2,108.0
1513025538757,Sound_P,58.433135904413454
1513025538760,PodiumIR,99
1513025543985,Temperature_1,21.2
1513025543988,Humidity_1,10.07963364193696
1513025543991,Brightness_1,14.0
1513025543993,Temperature_2,21.44
1513025543995,Humidity_2,8.72311495532788
1513025543998,Brightness_2,108.0
1513025548765,Sound_P,61.023021476191225
1513025548768,PodiumIR,136
1513025550430,Temperature_1,21.2
1513025550433,Humidity_1,10.07963364193696
1513025550435,Motion_1,False
1513025550435,Motion_8,True
1513025550437,Brightness_1,14.0
1513025550439,Temperature_2,21.44
1513025550441,Humidity_2,8.72311495532788
1513025550443,Brightness_2,108.0
1513025556861,Temperature_1,21.2
1513025556864,Humidity_1,10.07963364193696
1513025556867,Brightness_1,14.0
1513025556869,Temperature_2,21.44
1513025556871,Humidity_2,8.72311495532788
1513025556873,Brightness_2,108.0
1513025558774,Sound_P,63.95233273361063
1513025558777,PodiumIR,102
1513025563339,Temperature_1,21.2
1513025563342,Humidity_1,10.07963364193696
1513025563345,Brightness_1,14.0
1513025563347,Temperature_2,21.44
1513025563350,Humidity_2,8.72311495532788
1513025563353,Brightness_2,108.0
1513025566384,Motion_1,False
1513025566384,Motion_8,False
1513025567484,Motion_2,True
1513025568782,Sound_P,59.341519288975356
1513025568786,PodiumIR,90
1513025569995,Temperature_1,21.2
1513025569998,Humidity_1,10.07963364193696
1513025570001,Brightness_1,14.0
1513025570003,Temperature_2,21.44
1513025570005,Humidity_2,8.72311495532788
1513025570008,Brightness_2,108.0
1513025576440,Temperature_1,21.2
1513025576443,Humidity_1,10.07963364193696
1513025576446,Brightness_1,14.0
1513025576449,Temperature_2,21.44
1513025576451,Humidity_2,8.72311495532788
1513025576454,Brightness_2,108.0
1513025578789,Sound_P,57.472817393488484
1513025578792,PodiumIR,84
1513025579320,Motion_1,True
1513025580406,Motion_2,True
1513025582851,Temperature_1,21.2
1513025582853,Humidity_1,10.07963364193696
1513025582856,Brightness_1,14.0
1513025582859,Temperature_2,21.44
1513025582861,Humidity_2,8.72311495532788
1513025582863,Brightness_2,108.0
1513025588802,Sound_P,59.341519288975356
1513025588805,PodiumIR,98
1513025589548,Temperature_1,21.2
1513025589551,Humidity_1,10.07963364193696
1513025589554,Brightness_1,14.0
1513025589557,Temperature_2,21.32
1513025589559,Humidity_2,8.72311495532788
1513025589561,Brightness_2,111.0
1513025595999,Temperature_1,21.2
1513025596002,Humidity_1,10.07963364193696
1513025596005,Brightness_1,14.0
1513025596007,Temperature_2,21.32
1513025596009,Humidity_2,8.72311495532788
1513025596012,Brightness_2,111.0
1513025598811,Sound_P,62.551438321825636
1513025598814,PodiumIR,124
1513025602568,Temperature_1,21.2
1513025602571,Humidity_1,10.07963364193696
1513025602574,Brightness_1,14.0
1513025602577,Temperature_2,21.32
1513025602581,Humidity_2,8.72311495532788
1513025602587,Brightness_2,111.0
1513025608816,Sound_P,58.433135904413454
1513025608819,PodiumIR,92
1513025608974,Temperature_1,21.2
1513025608976,Humidity_1,10.07963364193696
1513025608979,Brightness_1,14.0
1513025608981,Temperature_2,21.32
1513025608983,Humidity_2,8.72311495532788
1513025608985,Brightness_2,111.0
1513025611563,Motion_1,False
1513025611563,Motion_2,False
1513025615667,Temperature_1,21.2
1513025615670,Humidity_1,10.07963364193696
1513025615673,Brightness_1,14.0
1513025615675,Temperature_2,21.32
1513025615677,Humidity_2,8.72311495532788
1513025615680,Brightness_2,111.0
1513025618823,Sound_P,64.61127993529891
1513025618827,PodiumIR,99
1513025622521,Temperature_1,21.2
1513025622524,Humidity_1,10.07963364193696
1513025622528,Brightness_1,14.0
1513025622530,Temperature_2,21.32
1513025622532,Humidity_2,8.72311495532788
1513025622535,Brightness_2,111.0
1513025628832,Sound_P,64.61127993529891
1513025628835,PodiumIR,100
1513025628943,Temperature_1,21.2
1513025628945,Humidity_1,10.07963364193696
1513025628949,Brightness_1,14.0
1513025628951,Temperature_2,21.32
1513025628953,Humidity_2,8.72311495532788
1513025628955,Brightness_2,111.0
1513025635343,Temperature_1,21.2
1513025635346,Humidity_1,10.07963364193696
1513025635349,Brightness_1,14.0
1513025635352,Temperature_2,21.32
1513025635354,Humidity_2,8.72311495532788
1513025635356,Brightness_2,111.0
1513025637041,Motion_1,False
1513025637041,Motion_2,False
1513025637046,Motion_1,True
1513025638397,Motion_2,True
1513025638840,Sound_P,60.20329792798059
1513025638843,PodiumIR,91
1513025642189,Temperature_1,21.2
1513025642192,Humidity_1,10.07963364193696
1513025642195,Brightness_1,14.0
1513025642198,Temperature_2,21.32
1513025642200,Humidity_2,8.72311495532788
1513025642203,Brightness_2,111.0
1513025648592,Temperature_1,21.2
1513025648595,Humidity_1,10.07963364193696
1513025648598,Brightness_1,14.0
1513025648601,Temperature_2,21.32
1513025648603,Humidity_2,8.846434835928704
1513025648605,Brightness_2,111.0
1513025648851,Sound_P,63.95233273361063
1513025648855,PodiumIR,72
1513025655287,Temperature_1,21.2
1513025655290,Humidity_1,10.07963364193696
1513025655293,Brightness_1,14.0
1513025655295,Temperature_2,21.32
1513025655298,Humidity_2,8.846434835928704
1513025655301,Brightness_2,111.0
1513025658858,Sound_P,59.341519288975356
1513025658861,PodiumIR,136
1513025658883,Motion_1,False
1513025658883,Motion_2,False
1513025661726,Temperature_1,21.2
1513025661729,Humidity_1,10.07963364193696
1513025661732,Brightness_1,14.0
1513025661734,Temperature_2,21.32
1513025661737,Humidity_2,8.846434835928704
1513025661740,Brightness_2,111.0
1513025668190,Temperature_1,21.2
1513025668193,Humidity_1,10.07963364193696
1513025668196,Brightness_1,14.0
1513025668199,Temperature_2,21.32
1513025668201,Humidity_2,8.846434835928704
1513025668203,Brightness_2,111.0
1513025668863,Sound_P,62.551438321825636
1513025668866,PodiumIR,92
1513025674593,Temperature_1,21.2
1513025674596,Humidity_1,10.07963364193696
1513025674599,Brightness_1,14.0
1513025674601,Temperature_2,21.32
1513025674603,Humidity_2,8.846434835928704
1513025674606,Brightness_2,111.0
1513025676194,Motion_1,False
1513025676194,Motion_2,True
1513025678465,Motion_1,True
1513025678873,Sound_P,58.433135904413454
1513025678876,PodiumIR,93
1513025681297,Temperature_1,21.2
1513025681300,Humidity_1,10.07963364193696
1513025681303,Brightness_1,14.0
1513025681305,Temperature_2,21.32
1513025681306,Humidity_2,8.846434835928704
1513025681309,Brightness_2,111.0
1513025687749,Temperature_1,21.2
1513025687751,Humidity_1,10.07963364193696
1513025687754,Brightness_1,14.0
1513025687757,Temperature_2,21.32
1513025687759,Humidity_2,8.846434835928704
1513025687761,Brightness_2,111.0
1513025688880,Sound_P,60.20329792798059
1513025688884,PodiumIR,118
1513025692147,Motion_2,False
1513025694200,Temperature_1,21.2
1513025694203,Humidity_1,10.07963364193696
1513025694206,Brightness_1,14.0
1513025694208,Temperature_2,21.32
1513025694210,Humidity_2,8.846434835928704
1513025694213,Brightness_2,111.0
1513025698889,Sound_P,58.433135904413454
1513025698892,PodiumIR,93
1513025700603,Temperature_1,21.2
1513025700606,Humidity_1,10.07963364193696
1513025700609,Brightness_1,14.0
1513025700611,Temperature_2,21.32
1513025700613,Humidity_2,8.846434835928704
1513025700616,Brightness_2,111.0
1513025706990,Motion_1,False
1513025706990,Seat_5,False
1513025706990,Motion_2,False
1513025707655,Temperature_1,21.2
1513025707658,Humidity_1,10.07963364193696
1513025707661,Brightness_1,14.0
1513025707663,Temperature_2,21.32
1513025707665,Humidity_2,8.846434835928704
1513025707668,Brightness_2,111.0
1513025708899,Sound_P,64.61127993529891
1513025708902,PodiumIR,76
1513025714061,Temperature_1,21.2
1513025714064,Humidity_1,10.07963364193696
1513025714068,Brightness_1,14.0
1513025714070,Temperature_2,21.44
1513025714072,Humidity_2,8.846434835928704
1513025714075,Brightness_2,104.0
1513025718321,Motion_2,True
1513025718909,Sound_P,59.341519288975356
1513025718913,PodiumIR,127
1513025719902,Motion_1,True
1513025720517,Temperature_1,21.2
1513025720520,Humidity_1,10.07963364193696
1513025720523,Brightness_1,14.0
1513025720525,Temperature_2,21.44
1513025720528,Humidity_2,8.846434835928704
1513025720530,Brightness_2,104.0
1513025726934,Temperature_1,21.2
1513025726937,Humidity_1,10.07963364193696
1513025726941,Brightness_1,14.0
1513025726943,Temperature_2,21.44
1513025726945,Humidity_2,8.846434835928704
1513025726948,Brightness_2,104.0
1513025728921,Sound_P,59.341519288975356
1513025728924,PodiumIR,95
1513025733624,Temperature_1,21.2
1513025733628,Humidity_1,10.07963364193696
1513025733631,Brightness_1,14.0
1513025733633,Temperature_2,21.44
1513025733635,Humidity_2,8.846434835928704
1513025733638,Brightness_2,104.0
1513025738933,Sound_P,58.433135904413454
1513025738947,PodiumIR,76
1513025740052,Temperature_1,21.2
1513025740055,Humidity_1,10.07963364193696
1513025740058,Brightness_1,14.0
1513025740061,Temperature_2,21.44
1513025740063,Humidity_2,8.846434835928704
1513025740065,Brightness_2,104.0
1513025740668,Motion_2,False
1513025740668,Motion_1,False
1513025740668,Motion_8,True
1513025743745,Motion_1,True
1513025746568,Temperature_1,21.2
1513025746571,Humidity_1,10.07963364193696
1513025746575,Brightness_1,14.0
1513025746577,Temperature_2,21.44
1513025746581,Humidity_2,8.846434835928704
1513025746584,Brightness_2,104.0
1513025748951,Sound_P,61.80460425887306
1513025748955,PodiumIR,95
1513025753286,Temperature_1,21.2
1513025753289,Humidity_1,10.07963364193696
1513025753293,Brightness_1,14.0
1513025753295,Temperature_2,21.44
1513025753298,Humidity_2,8.846434835928704
1513025753301,Brightness_2,104.0
1513025758960,Sound_P,63.26648240367583
1513025758963,PodiumIR,93
1513025759737,Temperature_1,21.2
1513025759740,Humidity_1,10.07963364193696
1513025759743,Brightness_1,14.0
1513025759745,Temperature_2,21.44
1513025759748,Humidity_2,8.846434835928704
1513025759751,Brightness_2,104.0
1513025765781,Motion_2,False
1513025765781,Motion_8,False
1513025765781,Motion_1,False
1513025766145,Temperature_1,21.2
1513025766148,Humidity_1,10.07963364193696
1513025766151,Brightness_1,14.0
1513025766154,Temperature_2,21.44
1513025766156,Humidity_2,8.846434835928704
1513025766158,Brightness_2,104.0
1513025768968,Sound_P,63.26648240367583
1513025768971,PodiumIR,91
1513025772020,Motion_1,True
1513025772575,Temperature_1,21.2
1513025772579,Humidity_1,10.07963364193696
1513025772583,Brightness_1,14.0
1513025772586,Temperature_2,21.44
1513025772588,Humidity_2,8.846434835928704
1513025772598,Brightness_2,104.0
1513025778975,Sound_P,62.551438321825636
1513025778979,PodiumIR,97
1513025779014,Temperature_1,21.2
1513025779017,Humidity_1,10.07963364193696
1513025779020,Brightness_1,14.0
1513025779023,Temperature_2,21.44
1513025779025,Humidity_2,8.846434835928704
1513025779028,Brightness_2,106.0
1513025781745,Motion_2,False
1513025784932,Motion_1,True
1513025785440,Temperature_1,21.2
1513025785443,Humidity_1,10.07963364193696
1513025785446,Brightness_1,14.0
1513025785449,Temperature_2,21.44
1513025785451,Humidity_2,8.846434835928704
1513025785453,Brightness_2,106.0
1513025788985,Sound_P,65.24535518573873
1513025788990,PodiumIR,79
1513025791882,Temperature_1,21.2
1513025791885,Humidity_1,10.07963364193696
1513025791888,Brightness_1,14.0
1513025791891,Temperature_2,21.44
1513025791893,Humidity_2,8.846434835928704
1513025791895,Brightness_2,106.0
1513025797723,Motion_2,False
1513025797723,Motion_1,True
1513025798342,Temperature_1,21.2
1513025798345,Humidity_1,10.07963364193696
1513025798348,Brightness_1,14.0
1513025798351,Temperature_2,21.44
1513025798353,Humidity_2,8.846434835928704
1513025798355,Brightness_2,106.0
1513025798996,Sound_P,58.433135904413454
1513025799001,PodiumIR,124
1513025804771,Temperature_1,21.2
1513025804774,Humidity_1,10.07963364193696
1513025804777,Brightness_1,14.0
1513025804780,Temperature_2,21.44
1513025804782,Humidity_2,8.846434835928704
1513025804785,Brightness_2,106.0
1513025809007,Sound_P,61.80460425887306
1513025809010,PodiumIR,101
1513025811450,Temperature_1,21.2
1513025811453,Humidity_1,10.07963364193696
1513025811456,Brightness_1,14.0
1513025811458,Temperature_2,21.44
1513025811461,Humidity_2,8.846434835928704
1513025811463,Brightness_2,106.0
1513025813807,Motion_2,False
1513025813807,Motion_1,False
1513025818111,Temperature_1,21.2
1513025818113,Humidity_1,10.07963364193696
1513025818117,Brightness_1,14.0
1513025818119,Temperature_2,21.44
1513025818121,Humidity_2,8.846434835928704
1513025818124,Brightness_2,106.0
1513025819013,Sound_P,60.20329792798059
1513025819016,PodiumIR,86
1513025824569,Temperature_1,21.2
1513025824572,Humidity_1,10.07963364193696
1513025824575,Brightness_1,14.0
1513025824579,Temperature_2,21.44
1513025824583,Humidity_2,8.846434835928704
1513025824587,Brightness_2,106.0
1513025829024,Sound_P,61.80460425887306
1513025829027,PodiumIR,90
1513025830176,Motion_1,False
1513025830176,Motion_2,True
1513025831122,Temperature_1,21.2
1513025831125,Humidity_1,10.07963364193696
1513025831128,Brightness_1,14.0
1513025831131,Temperature_2,21.44
1513025831133,Humidity_2,8.846434835928704
1513025831135,Brightness_2,106.0
1513025837968,Temperature_1,21.2
1513025837970,Humidity_1,10.07963364193696
1513025837973,Brightness_1,14.0
1513025837975,Temperature_2,21.44
1513025837978,Humidity_2,8.846434835928704
1513025837980,Brightness_2,106.0
1513025839033,Sound_P,59.341519288975356
1513025839038,PodiumIR,103
1513025844384,Temperature_1,21.2
1513025844387,Humidity_1,10.07963364193696
1513025844390,Brightness_1,14.0
1513025844392,Temperature_2,21.44
1513025844395,Humidity_2,8.846434835928704
1513025844397,Brightness_2,110.0
1513025849044,Sound_P,61.80460425887306
1513025849047,PodiumIR,122
1513025850790,Temperature_1,21.2
1513025850793,Humidity_1,10.07963364193696
1513025850796,Brightness_1,14.0
1513025850799,Temperature_2,21.44
1513025850801,Humidity_2,8.846434835928704
1513025850803,Brightness_2,110.0
1513025851189,Motion_2,False
1513025857550,Temperature_1,21.2
1513025857553,Humidity_1,10.07963364193696
1513025857556,Brightness_1,14.0
1513025857558,Temperature_2,21.44
1513025857560,Humidity_2,8.846434835928704
1513025857563,Brightness_2,110.0
1513025859050,Sound_P,60.20329792798059
1513025859053,PodiumIR,96
1513025864289,Temperature_1,21.2
1513025864292,Humidity_1,10.07963364193696
1513025864295,Brightness_1,14.0
1513025864297,Temperature_2,21.44
1513025864300,Humidity_2,8.846434835928704
1513025864302,Brightness_2,110.0
1513025867143,Motion_2,False
1513025869056,Sound_P,62.551438321825636
1513025869059,PodiumIR,102
1513025870729,Temperature_1,21.2
1513025870732,Humidity_1,10.07963364193696
1513025870735,Brightness_1,14.0
1513025870738,Temperature_2,21.44
1513025870740,Humidity_2,8.846434835928704
1513025870742,Brightness_2,110.0
1513025879062,Sound_P,56.45426312235056
1513025879065,PodiumIR,108
1513025882481,Motion_2,False
1513025882481,Motion_1,True
1513025884273,Temperature_1,21.2
1513025884276,Humidity_1,10.07963364193696
1513025884279,Brightness_1,14.0
1513025884281,Temperature_2,21.44
1513025884283,Humidity_2,8.846434835928704
1513025884286,Brightness_2,110.0
1513025889029,Motion_2,True
1513025889068,Sound_P,58.433135904413454
1513025889083,PodiumIR,92
1513025890669,Temperature_1,21.2
1513025890672,Humidity_1,10.07963364193696
1513025890675,Brightness_1,14.0
1513025890677,Temperature_2,21.44
1513025890679,Humidity_2,8.846434835928704
1513025890681,Brightness_2,110.0
1513025897365,Temperature_1,21.2
1513025897368,Humidity_1,10.07963364193696
1513025897371,Brightness_1,14.0
1513025897373,Temperature_2,21.44
1513025897376,Humidity_2,8.846434835928704
1513025897378,Brightness_2,110.0
1513025899086,Sound_P,60.20329792798059
1513025899089,PodiumIR,98
1513025904021,Temperature_1,21.2
1513025904024,Humidity_1,10.07963364193696
1513025904027,Brightness_1,14.0
1513025904030,Temperature_2,21.44
1513025904032,Humidity_2,8.72311495532788
1513025904035,Brightness_2,107.0
1513025907980,Motion_1,False
1513025907980,Motion_2,False
1513025907985,Motion_1,True
1513025907990,Motion_8,True
1513025909094,Sound_P,60.20329792798059
1513025909105,PodiumIR,97
1513025909741,Motion_2,True
1513025910473,Temperature_1,21.2
1513025910475,Humidity_1,10.07963364193696
1513025910478,Brightness_1,14.0
1513025910480,Temperature_2,21.44
1513025910483,Humidity_2,8.72311495532788
1513025910485,Brightness_2,107.0
1513025911026,Motion_7,True
1513025911026,Motion_6,True
1513025916899,Temperature_1,21.2
1513025916902,Humidity_1,10.07963364193696
1513025916905,Brightness_1,14.0
1513025916908,Temperature_2,21.44
1513025916910,Humidity_2,8.72311495532788
1513025916913,Brightness_2,107.0
1513025919110,Sound_P,57.472817393488484
1513025919114,PodiumIR,89
1513025923319,Temperature_1,21.2
1513025923322,Humidity_1,10.07963364193696
1513025923325,Brightness_1,14.0
1513025923328,Temperature_2,21.44
1513025923330,Humidity_2,8.72311495532788
1513025923332,Brightness_2,107.0
1513025929118,Sound_P,57.472817393488484
1513025929133,PodiumIR,118
1513025930031,Temperature_1,21.2
1513025930034,Humidity_1,10.07963364193696
1513025930037,Brightness_1,14.0
1513025930039,Temperature_2,21.44
1513025930041,Humidity_2,8.72311495532788
1513025930043,Brightness_2,107.0
1513025936576,Temperature_1,21.2
1513025936580,Humidity_1,10.07963364193696
1513025936585,Brightness_1,14.0
1513025936587,Temperature_2,21.44
1513025936590,Humidity_2,8.72311495532788
1513025936593,Brightness_2,107.0
1513025939138,Sound_P,58.433135904413454
1513025939141,PodiumIR,95
1513025949145,Sound_P,60.20329792798059
1513025949164,PodiumIR,101
1513025950307,Temperature_1,21.2
1513025950310,Humidity_1,10.07963364193696
1513025950313,Brightness_1,14.0
1513025950315,Temperature_2,21.44
1513025950318,Humidity_2,8.72311495532788
1513025950320,Brightness_2,107.0
1513025956739,Temperature_1,21.2
1513025956741,Humidity_1,10.07963364193696
1513025956745,Brightness_1,14.0
1513025956747,Temperature_2,21.44
1513025956749,Humidity_2,8.72311495532788
1513025956751,Brightness_2,107.0
1513025959169,Sound_P,60.20329792798059
1513025959172,PodiumIR,89
1513025963414,Temperature_1,21.2
1513025963417,Humidity_1,10.07963364193696
1513025963420,Brightness_1,14.0
1513025963422,Temperature_2,21.44
1513025963424,Humidity_2,8.72311495532788
1513025963426,Brightness_2,107.0
1513025967968,Door,activate
