timestamp,sensor_name,value
1507525027034,Door,activate
1507525027403,Sound_C,58.56947817991207
1507525033049,Sound_P,57.472817393488484
1507525033056,PodiumIR,99
1507525033750,Light_2,On
1507525036638,Sound_R,63.01599141540331
1507525037403,Sound_C,61.085920526069685
1507525043063,Sound_P,58.433135904413454
1507525043065,PodiumIR,99
1507525046638,Sound_R,64.3914247955932
1507525047403,Sound_C,62.34326347577041
1507525050720,Light_1,On
1507525050809,Light_3,On
1507525053070,Sound_P,61.023021476191225
1507525053080,PodiumIR,103
1507525056638,Sound_R,67.01728310236534
1507525057290,Aircon_1,On
1507525057403,Sound_C,61.88127285797466
1507525063084,Sound_P,63.95233273361063
1507525063086,PodiumIR,97
1507525066638,Sound_R,67.49734636556771
1507525067403,Sound_C,62.687867403177194
1507525073088,Sound_P,65.8563679754536
1507525073091,PodiumIR,117
1507525076638,Sound_R,66.81050703288577
1507525077403,Sound_C,65.76065242801764
1507525083094,Sound_P,64.61127993529891
1507525083097,PodiumIR,93
1507525086638,Sound_R,68.11909054272269
1507525087403,Sound_C,66.5520319869122
1507525093100,Sound_P,67.01551720930587
1507525093103,PodiumIR,103
1507525096638,Sound_R,69.29702154544377
1507525097403,Sound_C,67.13432898908583
1507525103107,Sound_P,68.0998289029382
1507525103110,PodiumIR,105
1507525106638,Sound_R,69.93870732724037
1507525107403,Sound_C,66.08937054367696
1507525113122,Sound_P,59.341519288975356
1507525113125,PodiumIR,83
1507525116638,Sound_R,70.02771720744308
1507525117403,Sound_C,64.65784841133616
1507525123126,Sound_P,61.023021476191225
1507525123129,PodiumIR,97
1507525126638,Sound_R,67.98562179353371
1507525127403,Sound_C,65.68838088073727
1507525133132,Sound_P,64.61127993529891
1507525133134,PodiumIR,102
1507525136638,Sound_R,69.78094648893203
1507525137403,Sound_C,67.41512881165805
1507525143136,Sound_P,64.61127993529891
1507525143139,PodiumIR,104
1507525146638,Sound_R,72.61312522847511
1507525147403,Sound_C,68.14415412489667
1507525153141,Sound_P,66.44593723960276
1507525153144,PodiumIR,92
1507525156638,Sound_R,70.7701459735289
1507525157403,Sound_C,66.90608954198277
1507525163148,Sound_P,66.44593723960276
1507525163150,PodiumIR,96
1507525164735,Projector,On
1507525166638,Sound_R,67.49459327409032
1507525167403,Sound_C,66.09512654395556
1507525173152,Sound_P,61.80460425887306
1507525173155,PodiumIR,115
1507525176638,Sound_R,65.35886013970439
1507525177403,Sound_C,64.90788985250244
1507525183160,Sound_P,57.472817393488484
1507525183163,PodiumIR,100
1507525186638,Sound_R,65.4225149670606
1507525187403,Sound_C,63.117637491327535
1507525193167,Sound_P,61.023021476191225
1507525193169,PodiumIR,110
1507525196638,Sound_R,66.05899508974149
1507525197403,Sound_C,63.26961194173359
1507525203174,Sound_P,60.20329792798059
1507525203176,PodiumIR,220
1507525206638,Sound_R,66.94581128107232
1507525207403,Sound_C,64.74049947762289
1507525213178,Sound_P,61.80460425887306
1507525213180,PodiumIR,207
1507525216638,Sound_R,66.10032964294165
1507525217403,Sound_C,65.52725804805472
1507525223182,Sound_P,61.80460425887306
1507525223184,PodiumIR,148
1507525226638,Sound_R,64.86074966929893
1507525227403,Sound_C,65.16865895846172
1507525233186,Sound_P,62.551438321825636
1507525233188,PodiumIR,198
1507525236638,Sound_R,64.85933906842813
1507525237403,Sound_C,64.68129459906453
1507525243190,Sound_P,61.80460425887306
1507525243193,PodiumIR,199
1507525246638,Sound_R,64.66931187291492
1507525247403,Sound_C,64.42292877501286
1507525253196,Sound_P,59.341519288975356
1507525253198,PodiumIR,199
1507525256638,Sound_R,64.58075493981856
1507525257403,Sound_C,64.96390136585717
1507525263205,Sound_P,64.61127993529891
1507525263207,PodiumIR,213
1507525266638,Sound_R,64.79144832287916
1507525267403,Sound_C,64.84402417069565
1507525273219,Sound_P,63.95233273361063
1507525273221,PodiumIR,184
1507525276638,Sound_R,65.68404082940243
1507525277403,Sound_C,64.7086336797487
1507525283223,Sound_P,65.8563679754536
1507525283225,PodiumIR,186
1507525286638,Sound_R,65.73377700155551
1507525287403,Sound_C,66.4536525280801
1507525293227,Sound_P,58.433135904413454
1507525293229,PodiumIR,203
1507525296638,Sound_R,64.80449768248727
1507525297403,Sound_C,65.50609081108821
1507525303231,Sound_P,64.61127993529891
1507525303234,PodiumIR,208
1507525306638,Sound_R,65.57465071152286
1507525307403,Sound_C,65.70246246938362
1507525313236,Sound_P,63.26648240367583
1507525313238,PodiumIR,205
1507525316638,Sound_R,67.79906231873883
1507525317403,Sound_C,67.4278646919261
1507525323240,Sound_P,61.80460425887306
1507525323247,PodiumIR,237
1507525326638,Sound_R,68.22703853614537
1507525327403,Sound_C,66.78376998851455
1507525333249,Sound_P,61.023021476191225
1507525333252,PodiumIR,296
1507525336638,Sound_R,66.63441618162146
1507525337403,Sound_C,66.26005512046255
1507525343254,Sound_P,66.44593723960276
1507525343256,PodiumIR,152
1507525346638,Sound_R,65.5144752007858
1507525347403,Sound_C,65.78733541033846
1507525353257,Sound_P,65.8563679754536
1507525353260,PodiumIR,172
1507525356638,Sound_R,66.28810845696869
1507525357403,Sound_C,65.47318373535107
1507525363261,Sound_P,60.20329792798059
1507525363264,PodiumIR,207
1507525366638,Sound_R,66.8459890853534
1507525367403,Sound_C,65.70520906327532
1507525373266,Sound_P,65.24535518573873
1507525373268,PodiumIR,209
1507525376638,Sound_R,67.97275389189572
1507525377403,Sound_C,67.49867515247455
1507525383270,Sound_P,67.56641902255494
1507525383272,PodiumIR,205
1507525386638,Sound_R,68.11700621278676
1507525387403,Sound_C,68.78404073013606
1507525393274,Sound_P,59.341519288975356
1507525393277,PodiumIR,239
1507525396638,Sound_R,67.16725102676956
1507525397403,Sound_C,68.98145682005241
1507525403279,Sound_P,61.80460425887306
1507525403281,PodiumIR,242
1507525406638,Sound_R,66.85466773401936
1507525407403,Sound_C,68.2258977437117
1507525413283,Sound_P,57.472817393488484
1507525413285,PodiumIR,227
1507525416638,Sound_R,64.71236531752528
1507525417403,Sound_C,65.06431501652433
1507525423287,Sound_P,61.80460425887306
1507525423290,PodiumIR,181
1507525426638,Sound_R,63.15508481619821
1507525427403,Sound_C,63.97916854147841
1507525433292,Sound_P,61.80460425887306
1507525433294,PodiumIR,163
1507525436638,Sound_R,66.57791821685313
1507525437403,Sound_C,66.92362545823399
1507525443296,Sound_P,72.26372429269907
1507525443298,PodiumIR,187
1507525446638,Sound_R,70.20987050970315
1507525447403,Sound_C,69.69009900384798
1507525453300,Sound_P,57.472817393488484
1507525453302,PodiumIR,175
1507525456638,Sound_R,71.9785579552587
1507525457403,Sound_C,69.54483060896756
1507525463304,Sound_P,58.433135904413454
1507525463306,PodiumIR,200
1507525466638,Sound_R,70.61680500311462
1507525467403,Sound_C,68.02979764014562
1507525473308,Sound_P,65.8563679754536
1507525473311,PodiumIR,205
1507525476638,Sound_R,68.40888467154595
1507525477403,Sound_C,67.54938797360485
1507525483312,Sound_P,80.26238932078596
1507525483315,PodiumIR,204
1507525486638,Sound_R,69.62478162420112
1507525487403,Sound_C,69.19303995139221
1507525493316,Sound_P,61.80460425887306
1507525493319,PodiumIR,197
1507525496638,Sound_R,72.18144711709657
1507525497403,Sound_C,69.98311673978202
1507525503320,Sound_P,61.023021476191225
1507525503323,PodiumIR,160
1507525506638,Sound_R,73.9250001026313
1507525507403,Sound_C,69.67483723789353
1507525513325,Sound_P,75.93060245540138
1507525513338,PodiumIR,197
1507525516638,Sound_R,72.74576661969759
1507525517403,Sound_C,69.96781000674662
1507525523340,Sound_P,60.20329792798059
1507525523342,PodiumIR,203
1507525526638,Sound_R,70.50864430822867
1507525527403,Sound_C,69.07786495601788
1507525533344,Sound_P,69.11838317407611
1507525533346,PodiumIR,172
1507525536638,Sound_R,71.7971679726452
1507525537403,Sound_C,68.33604738033024
1507525543348,Sound_P,61.023021476191225
1507525543350,PodiumIR,171
1507525546638,Sound_R,73.4767247154558
1507525547403,Sound_C,67.52866453311522
1507525553354,Sound_P,78.9387917919758
1507525553356,PodiumIR,213
1507525556638,Sound_R,73.49870043610771
1507525557403,Sound_C,68.44073597253386
1507525563358,Sound_P,59.341519288975356
1507525563361,PodiumIR,177
1507525566638,Sound_R,72.26410501866059
1507525567403,Sound_C,69.59782956447098
1507525573362,Sound_P,65.8563679754536
1507525573365,PodiumIR,185
1507525576638,Sound_R,71.83851290976058
1507525577403,Sound_C,69.0588219596695
1507525583367,Sound_P,78.37870659506
1507525583369,PodiumIR,190
1507525586638,Sound_R,72.36304175455746
1507525587403,Sound_C,69.75441373469529
1507525593371,Sound_P,70.5390318503356
1507525593373,PodiumIR,188
1507525596638,Sound_R,71.68810931347438
1507525597403,Sound_C,70.29945761245416
1507525603380,Sound_P,78.37870659506
1507525603382,PodiumIR,161
1507525606638,Sound_R,71.69496648525083
1507525607403,Sound_C,70.2188494516932
1507525613384,Sound_P,77.19920484509075
1507525613394,PodiumIR,196
1507525616638,Sound_R,71.46457566826872
1507525617403,Sound_C,69.86791948320854
1507525623400,Sound_P,70.5390318503356
1507525623403,PodiumIR,204
1507525626638,Sound_R,71.39442215953268
1507525627403,Sound_C,70.33923706200152
1507525633405,Sound_P,72.26372429269907
1507525633407,PodiumIR,170
1507525636638,Sound_R,70.98647761483332
1507525637403,Sound_C,69.60001712207868
1507525643409,Sound_P,70.987085069563
1507525643412,PodiumIR,201
1507525646638,Sound_R,71.2124443679242
1507525647403,Sound_C,69.21087258430715
1507525653414,Sound_P,63.95233273361063
1507525653416,PodiumIR,158
1507525656638,Sound_R,69.89214811308189
1507525657403,Sound_C,68.4519612478394
1507525663418,Sound_P,68.61682354019833
1507525663420,PodiumIR,180
1507525666638,Sound_R,69.89506220363621
1507525667403,Sound_C,67.57168290548329
1507525673422,Sound_P,63.95233273361063
1507525673425,PodiumIR,206
1507525676638,Sound_R,71.16956763235494
1507525677403,Sound_C,68.41246578184739
1507525683426,Sound_P,62.551438321825636
1507525683429,PodiumIR,166
1507525686638,Sound_R,69.64718113558189
1507525687403,Sound_C,69.04089564026809
1507525693430,Sound_P,72.26372429269907
1507525693433,PodiumIR,192
1507525696638,Sound_R,70.80248087015646
1507525697403,Sound_C,70.56055282486689
1507525703434,Sound_P,74.91204818426347
1507525703437,PodiumIR,207
1507525706638,Sound_R,71.78987868323925
1507525707403,Sound_C,69.98077272142048
1507525713439,Sound_P,58.433135904413454
1507525713441,PodiumIR,167
1507525716638,Sound_R,71.13080575567153
1507525717403,Sound_C,67.46598299240138
1507525723443,Sound_P,76.25684571588656
1507525723445,PodiumIR,155
1507525726638,Sound_R,72.8468121587981
1507525727403,Sound_C,67.7084158524691
1507525733447,Sound_P,73.82773649063114
1507525733450,PodiumIR,159
1507525736638,Sound_R,73.72881976103707
1507525737403,Sound_C,69.55751193480457
1507525743452,Sound_P,61.80460425887306
1507525743454,PodiumIR,180
1507525746638,Sound_R,72.64829477413679
1507525747403,Sound_C,70.89191966094047
1507525753456,Sound_P,74.91204818426347
1507525753460,PodiumIR,173
1507525756638,Sound_R,71.60586059263525
1507525757403,Sound_C,70.82567144301242
1507525763462,Sound_P,71.42349921662418
1507525763464,PodiumIR,158
1507525766638,Sound_R,72.11780334862661
1507525767403,Sound_C,72.58042237018275
1507525773466,Sound_P,68.61682354019833
1507525773469,PodiumIR,163
1507525776638,Sound_R,74.0217959657116
1507525777403,Sound_C,73.53345924632337
1507525783470,Sound_P,58.433135904413454
1507525783473,PodiumIR,179
1507525786638,Sound_R,73.47994177114094
1507525787403,Sound_C,71.5203096233281
1507525793475,Sound_P,76.25684571588656
1507525793483,PodiumIR,170
1507525796638,Sound_R,72.06202524752173
1507525797403,Sound_C,70.22979621626908
1507525803486,Sound_P,65.8563679754536
1507525803488,PodiumIR,210
1507525806638,Sound_R,71.25244234051758
1507525807403,Sound_C,68.97026800915268
1507525813490,Sound_P,72.26372429269907
1507525813498,PodiumIR,169
1507525816638,Sound_R,71.67954331722298
1507525817403,Sound_C,69.84524861431463
1507525823504,Sound_P,80.00588052151659
1507525823507,PodiumIR,199
1507525826638,Sound_R,71.86754289150741
1507525827403,Sound_C,69.42172931391194
1507525833509,Sound_P,58.433135904413454
1507525833518,PodiumIR,207
1507525836638,Sound_R,71.73558980458247
1507525837403,Sound_C,67.8303595889392
1507525843523,Sound_P,80.26238932078596
1507525843526,PodiumIR,155
1507525846638,Sound_R,72.14332961329046
1507525847403,Sound_C,68.18093258815766
1507525853528,Sound_P,58.433135904413454
1507525853541,PodiumIR,184
1507525856638,Sound_R,69.67048047035284
1507525857403,Sound_C,67.439000876827
1507525863546,Sound_P,62.551438321825636
1507525863549,PodiumIR,178
1507525866638,Sound_R,69.73711622818031
1507525867403,Sound_C,68.13562588986
1507525873550,Sound_P,62.551438321825636
1507525873552,PodiumIR,177
1507525876638,Sound_R,70.02592857497434
1507525877403,Sound_C,67.59098762022792
1507525883554,Sound_P,74.19700410241327
1507525883557,PodiumIR,171
1507525886638,Sound_R,69.96848658057873
1507525887403,Sound_C,65.81069998008483
1507525893561,Sound_P,68.0998289029382
1507525893563,PodiumIR,208
1507525896638,Sound_R,71.48264668272817
1507525897403,Sound_C,65.90622231496239
1507525903565,Sound_P,64.61127993529891
1507525903568,PodiumIR,216
1507525906638,Sound_R,70.22212044970878
1507525907403,Sound_C,68.74654203022692
1507525913570,Sound_P,70.5390318503356
1507525913572,PodiumIR,204
1507525916638,Sound_R,68.5891143546505
1507525917403,Sound_C,70.31430645089942
1507525923574,Sound_P,67.01551720930587
1507525923576,PodiumIR,212
1507525926638,Sound_R,69.34819950575145
1507525927403,Sound_C,68.8877337311183
1507525933581,Sound_P,73.06392314376754
1507525933583,PodiumIR,207
1507525936638,Sound_R,70.80801950841447
1507525937403,Sound_C,70.23107730487578
1507525943585,Sound_P,62.551438321825636
1507525943588,PodiumIR,201
1507525946638,Sound_R,70.26789696972419
1507525947403,Sound_C,69.16154936314
1507525953589,Sound_P,61.023021476191225
1507525953592,PodiumIR,195
1507525956638,Sound_R,68.77759924582558
1507525957403,Sound_C,66.61651276121482
1507525963594,Sound_P,63.26648240367583
1507525963596,PodiumIR,174
1507525966638,Sound_R,69.52972268060182
1507525967403,Sound_C,65.8882581977836
1507525973598,Sound_P,67.01551720930587
1507525973600,PodiumIR,158
1507525976638,Sound_R,72.19892877834779
1507525977403,Sound_C,66.44580782014313
1507525983602,Sound_P,64.61127993529891
1507525983605,PodiumIR,154
1507525986638,Sound_R,72.58379047944725
1507525987403,Sound_C,68.05278849262358
1507525993607,Sound_P,75.59789851419828
1507525993609,PodiumIR,185
1507525996638,Sound_R,73.38564246408174
1507525997403,Sound_C,68.81056156343246
1507526003611,Sound_P,63.26648240367583
1507526003614,PodiumIR,185
1507526006638,Sound_R,71.9254075438271
1507526007403,Sound_C,68.50926107634558
1507526013616,Sound_P,62.551438321825636
1507526013618,PodiumIR,200
1507526016638,Sound_R,70.11581350383167
1507526017403,Sound_C,67.20750916861422
1507526023620,Sound_P,80.00588052151659
1507526023622,PodiumIR,161
1507526026638,Sound_R,70.41394979988132
1507526027403,Sound_C,67.3119826192775
1507526033624,Sound_P,63.95233273361063
1507526033626,PodiumIR,181
1507526036638,Sound_R,69.89364707763683
1507526037403,Sound_C,69.25465053195705
1507526043628,Sound_P,68.0998289029382
1507526043630,PodiumIR,174
1507526046638,Sound_R,69.31709950685762
1507526047403,Sound_C,67.10644145483941
1507526053632,Sound_P,60.20329792798059
1507526053635,PodiumIR,205
1507526056638,Sound_R,68.05619438238756
1507526057403,Sound_C,66.24406679014565
1507526063636,Sound_P,72.66858725677886
1507526063639,PodiumIR,176
1507526066638,Sound_R,69.51384474178433
1507526067403,Sound_C,68.44032724540354
1507526073641,Sound_P,66.44593723960276
1507526073643,PodiumIR,212
1507526076638,Sound_R,69.87767775828706
1507526077403,Sound_C,67.90883337240298
1507526083645,Sound_P,63.26648240367583
1507526083647,PodiumIR,214
1507526086638,Sound_R,67.76596430807147
1507526087403,Sound_C,66.3627852569145
1507526093654,Sound_P,74.55832985633069
1507526093656,PodiumIR,205
1507526096638,Sound_R,71.61719051933407
1507526097403,Sound_C,68.9230250194454
1507526103660,Sound_P,67.01551720930587
1507526103662,PodiumIR,212
1507526106638,Sound_R,74.49858217634788
1507526107403,Sound_C,72.47182352769222
1507526113664,Sound_P,70.987085069563
1507526113666,PodiumIR,224
1507526116638,Sound_R,74.78879179501111
1507526117403,Sound_C,70.89716651236333
1507526123668,Sound_P,60.20329792798059
1507526123671,PodiumIR,225
1507526126638,Sound_R,75.46666369587952
1507526127403,Sound_C,68.65417058634243
1507526133673,Sound_P,61.80460425887306
1507526133675,PodiumIR,211
1507526136638,Sound_R,73.57605066055203
1507526137403,Sound_C,69.80882805973808
1507526143677,Sound_P,70.5390318503356
1507526143679,PodiumIR,215
1507526146638,Sound_R,73.81036431391799
1507526147403,Sound_C,71.5120996505991
1507526153683,Sound_P,70.5390318503356
1507526153685,PodiumIR,218
1507526156638,Sound_R,75.67794862911285
1507526157403,Sound_C,70.88664843441903
1507526163687,Sound_P,58.433135904413454
1507526163690,PodiumIR,211
1507526166638,Sound_R,74.71271878467067
1507526167403,Sound_C,69.96254034514746
1507526173691,Sound_P,62.551438321825636
1507526173694,PodiumIR,212
1507526176638,Sound_R,73.25048980584097
1507526177403,Sound_C,68.8013336627053
1507526183696,Sound_P,61.80460425887306
1507526183698,PodiumIR,218
1507526186638,Sound_R,72.14497918978323
1507526187403,Sound_C,68.73193378435302
1507526193700,Sound_P,61.023021476191225
1507526193702,PodiumIR,216
1507526196638,Sound_R,69.73877726307875
1507526197403,Sound_C,67.87203643272987
1507526203704,Sound_P,68.0998289029382
1507526203706,PodiumIR,220
1507526206638,Sound_R,68.0620514993584
1507526207403,Sound_C,66.98684409135895
1507526213708,Sound_P,59.341519288975356
1507526213711,PodiumIR,207
1507526216638,Sound_R,67.5056989942335
1507526217403,Sound_C,68.1593220440962
1507526223712,Sound_P,61.023021476191225
1507526223715,PodiumIR,214
1507526226638,Sound_R,69.12943040114125
1507526227403,Sound_C,69.47878786213862
1507526233716,Sound_P,68.0998289029382
1507526233722,PodiumIR,204
1507526236638,Sound_R,71.60033623363013
1507526237403,Sound_C,70.14652573848895
1507526243725,Sound_P,63.26648240367583
1507526243728,PodiumIR,212
1507526246638,Sound_R,69.81670818393765
1507526247403,Sound_C,71.3840533876292
1507526253733,Sound_P,62.551438321825636
1507526253740,PodiumIR,205
1507526256638,Sound_R,69.71164994989303
1507526257403,Sound_C,72.43421195633273
1507526263744,Sound_P,57.472817393488484
1507526263746,PodiumIR,192
1507526266638,Sound_R,70.39246771119262
1507526267403,Sound_C,69.73700388958761
1507526273748,Sound_P,62.551438321825636
1507526273758,PodiumIR,197
1507526276638,Sound_R,73.05769789080487
1507526277403,Sound_C,70.4414329074323
1507526283763,Sound_P,64.61127993529891
1507526283765,PodiumIR,206
1507526286638,Sound_R,76.19880720735362
1507526287403,Sound_C,74.08103201778532
1507526293767,Sound_P,63.26648240367583
1507526293773,PodiumIR,212
1507526296638,Sound_R,74.91325612025511
1507526297403,Sound_C,71.63008861096732
1507526303778,Sound_P,75.93060245540138
1507526303780,PodiumIR,212
1507526306638,Sound_R,75.24957974157314
1507526307403,Sound_C,70.01099709030036
1507526313783,Sound_P,62.551438321825636
1507526313791,PodiumIR,218
1507526316638,Sound_R,74.76970428020356
1507526317403,Sound_C,70.76480129825491
1507526323797,Sound_P,75.25847282855663
1507526323799,PodiumIR,207
1507526326638,Sound_R,73.50545551871242
1507526327403,Sound_C,71.94171535796033
1507526333805,Sound_P,66.44593723960276
1507526333811,PodiumIR,211
1507526336638,Sound_R,73.92780729076252
1507526337403,Sound_C,73.77133712075697
1507526343814,Sound_P,66.44593723960276
1507526343820,PodiumIR,219
1507526346638,Sound_R,73.82665178198926
1507526347403,Sound_C,71.64272980214979
1507526353823,Sound_P,65.24535518573873
1507526353830,PodiumIR,220
1507526356638,Sound_R,73.4437225088639
1507526357403,Sound_C,70.34437580028911
1507526363833,Sound_P,72.66858725677886
1507526363836,PodiumIR,212
1507526366638,Sound_R,74.88253801066242
1507526367403,Sound_C,73.20544807000432
1507526373838,Sound_P,63.26648240367583
1507526373840,PodiumIR,223
1507526376638,Sound_R,75.457062413036
1507526377403,Sound_C,73.45948212363311
1507526383842,Sound_P,59.341519288975356
1507526383844,PodiumIR,221
1507526386638,Sound_R,72.11772372051703
1507526387403,Sound_C,70.1186138777503
1507526393846,Sound_P,65.8563679754536
1507526393849,PodiumIR,217
1507526396638,Sound_R,71.25925244701234
1507526397403,Sound_C,68.86969961224803
1507526403850,Sound_P,67.01551720930587
1507526403853,PodiumIR,216
1507526406638,Sound_R,71.53155530972812
1507526407403,Sound_C,70.32485845317285
1507526413854,Sound_P,65.8563679754536
1507526413857,PodiumIR,217
1507526416638,Sound_R,71.84347638305304
1507526417403,Sound_C,70.68417952475272
1507526423858,Sound_P,70.0787016850011
1507526423861,PodiumIR,213
1507526426638,Sound_R,72.31686238853395
1507526427403,Sound_C,69.77573757133548
1507526433864,Sound_P,67.01551720930587
1507526433866,PodiumIR,216
1507526436638,Sound_R,71.45966704604238
1507526437403,Sound_C,69.74964261505698
1507526443868,Sound_P,63.95233273361063
1507526443870,PodiumIR,213
1507526446638,Sound_R,73.08633839921116
1507526447403,Sound_C,73.38857324541303
1507526453872,Sound_P,69.11838317407611
1507526453875,PodiumIR,216
1507526456638,Sound_R,73.49067936407234
1507526457403,Sound_C,76.12209868095016
1507526463876,Sound_P,70.987085069563
1507526463879,PodiumIR,217
1507526466638,Sound_R,72.75990468923949
1507526467403,Sound_C,75.46041430473761
1507526473881,Sound_P,61.80460425887306
1507526473883,PodiumIR,217
1507526476638,Sound_R,76.39440323341101
1507526477403,Sound_C,76.9865543595504
1507526483884,Sound_P,66.44593723960276
1507526483887,PodiumIR,214
1507526486638,Sound_R,75.86954360730503
1507526487403,Sound_C,75.3662156365441
1507526493889,Sound_P,64.61127993529891
1507526493891,PodiumIR,216
1507526496638,Sound_R,73.58724454285101
1507526497403,Sound_C,71.66891980522807
1507526503893,Sound_P,68.0998289029382
1507526503895,PodiumIR,216
1507526506638,Sound_R,73.00736117057436
1507526507403,Sound_C,69.96070624435185
1507526513897,Sound_P,61.80460425887306
1507526513900,PodiumIR,218
1507526516638,Sound_R,71.49983440323699
1507526517403,Sound_C,69.54175302363575
1507526523901,Sound_P,63.26648240367583
1507526523904,PodiumIR,217
1507526526638,Sound_R,72.62475995589956
1507526527403,Sound_C,72.12513069794285
1507526533905,Sound_P,71.84886370856825
1507526533908,PodiumIR,217
1507526536638,Sound_R,72.9404117575192
1507526537403,Sound_C,72.13515258785065
1507526543910,Sound_P,61.023021476191225
1507526543912,PodiumIR,219
1507526546638,Sound_R,74.61029128912668
1507526547403,Sound_C,70.55672150478476
1507526553914,Sound_P,68.0998289029382
1507526553916,PodiumIR,216
1507526556638,Sound_R,76.42597971930515
1507526557403,Sound_C,70.99093884059054
1507526563918,Sound_P,74.91204818426347
1507526563921,PodiumIR,222
1507526566638,Sound_R,73.9201304607477
1507526567403,Sound_C,69.9911729598197
1507526573922,Sound_P,67.01551720930587
1507526573925,PodiumIR,220
1507526576638,Sound_R,70.46105781812838
1507526577403,Sound_C,67.88160354916708
1507526583927,Sound_P,68.0998289029382
1507526583929,PodiumIR,220
1507526586638,Sound_R,71.03140727233902
1507526587403,Sound_C,69.18435806874356
1507526593931,Sound_P,61.023021476191225
1507526593933,PodiumIR,207
1507526596638,Sound_R,72.09991939526007
1507526597403,Sound_C,70.50672401479387
1507526603935,Sound_P,63.95233273361063
1507526603937,PodiumIR,204
1507526606638,Sound_R,70.89289150901482
1507526607403,Sound_C,68.66089502341707
1507526613939,Sound_P,72.66858725677886
1507526613942,PodiumIR,219
1507526616638,Sound_R,72.62639712262762
1507526617403,Sound_C,70.88889741499374
1507526623951,Sound_P,63.95233273361063
1507526623953,PodiumIR,217
1507526626638,Sound_R,72.58941846503586
1507526627403,Sound_C,73.20530870256225
1507526633955,Sound_P,61.023021476191225
1507526633957,PodiumIR,215
1507526636638,Sound_R,73.63499266801243
1507526637403,Sound_C,72.29421897474766
1507526643966,Sound_P,61.023021476191225
1507526643969,PodiumIR,215
1507526646638,Sound_R,75.26046548497472
1507526647403,Sound_C,70.22030449009804
1507526653981,Sound_P,68.0998289029382
1507526653984,PodiumIR,211
1507526656638,Sound_R,73.88896699875242
1507526657403,Sound_C,70.83613028205585
1507526663993,Sound_P,59.341519288975356
1507526663996,PodiumIR,212
1507526666638,Sound_R,71.18856729562951
1507526667403,Sound_C,71.73081723747764
1507526673997,Sound_P,62.551438321825636
1507526674000,PodiumIR,213
1507526676638,Sound_R,69.46441643215516
1507526677403,Sound_C,70.46190690797283
1507526684001,Sound_P,57.472817393488484
1507526684004,PodiumIR,218
1507526686638,Sound_R,71.71243793981097
1507526687403,Sound_C,70.85758866139406
1507526694005,Sound_P,62.551438321825636
1507526694008,PodiumIR,222
1507526696638,Sound_R,70.27507913330241
1507526697403,Sound_C,68.41845881475176
1507526704010,Sound_P,58.433135904413454
1507526704012,PodiumIR,209
1507526706638,Sound_R,69.4180404865458
1507526707403,Sound_C,66.90443396864295
1507526714014,Sound_P,60.20329792798059
1507526714016,PodiumIR,216
1507526716638,Sound_R,75.07697565258847
1507526717403,Sound_C,70.27262433538071
1507526724018,Sound_P,62.551438321825636
1507526724021,PodiumIR,216
1507526726638,Sound_R,74.3306250009495
1507526727403,Sound_C,70.5252105753815
1507526734023,Sound_P,73.06392314376754
1507526734025,PodiumIR,218
1507526736638,Sound_R,71.72844459481014
1507526737403,Sound_C,69.04600464624012
1507526744026,Sound_P,60.20329792798059
1507526744030,PodiumIR,220
1507526746638,Sound_R,72.69431957255178
1507526747403,Sound_C,71.5378859330926
1507526754032,Sound_P,82.18459763092324
1507526754034,PodiumIR,205
1507526756638,Sound_R,75.43579377318277
1507526757403,Sound_C,73.03060787184045
1507526764036,Sound_P,63.26648240367583
1507526764038,PodiumIR,221
1507526766638,Sound_R,78.12183531951837
1507526767403,Sound_C,73.26161251410976
1507526774040,Sound_P,57.472817393488484
1507526774042,PodiumIR,215
1507526776638,Sound_R,76.14889541179095
1507526777403,Sound_C,71.48724560791862
1507526784044,Sound_P,74.19700410241327
1507526784054,PodiumIR,212
1507526786638,Sound_R,73.18317851061069
1507526787403,Sound_C,70.20659858413187
1507526794060,Sound_P,61.023021476191225
1507526794063,PodiumIR,209
1507526796638,Sound_R,73.915576036791
1507526797403,Sound_C,70.01731341726727
1507526804064,Sound_P,61.023021476191225
1507526804067,PodiumIR,208
1507526806638,Sound_R,72.88313181961583
1507526807403,Sound_C,68.33681754447055
1507526814068,Sound_P,67.01551720930587
1507526814070,PodiumIR,204
1507526816638,Sound_R,69.2791710588477
1507526817403,Sound_C,67.9736603315415
1507526824072,Sound_P,63.95233273361063
1507526824074,PodiumIR,205
1507526826638,Sound_R,68.14459513824066
1507526827403,Sound_C,68.8132959441577
1507526834076,Sound_P,60.20329792798059
1507526834096,PodiumIR,198
1507526836638,Sound_R,67.9107285768521
1507526837403,Sound_C,67.90047429544767
1507526844103,Sound_P,60.20329792798059
1507526844105,PodiumIR,185
1507526846638,Sound_R,69.87778382276771
1507526847403,Sound_C,66.47982604086361
1507526854106,Sound_P,67.56641902255494
1507526854116,PodiumIR,187
1507526856638,Sound_R,71.99987579909896
1507526857403,Sound_C,67.6633263039259
1507526864118,Sound_P,58.433135904413454
1507526864120,PodiumIR,204
1507526866638,Sound_R,70.85275628123284
1507526867403,Sound_C,68.1139651907689
1507526874122,Sound_P,69.11838317407611
1507526874124,PodiumIR,152
1507526876638,Sound_R,67.4352602502701
1507526877403,Sound_C,66.34987348647213
1507526884126,Sound_P,56.45426312235056
1507526884134,PodiumIR,204
1507526886638,Sound_R,65.37251578968448
1507526887403,Sound_C,66.30502084395441
1507526894137,Sound_P,59.341519288975356
1507526894140,PodiumIR,193
1507526896638,Sound_R,65.18345782829483
1507526897403,Sound_C,67.87413407252055
1507526904142,Sound_P,60.20329792798059
1507526904148,PodiumIR,148
1507526906638,Sound_R,65.99699670965428
1507526907403,Sound_C,67.8406508474591
1507526914150,Sound_P,59.341519288975356
1507526914152,PodiumIR,158
1507526916638,Sound_R,65.27078606933698
1507526917403,Sound_C,64.57801326621009
1507526924154,Sound_P,63.95233273361063
1507526924161,PodiumIR,163
1507526926638,Sound_R,63.84755284981347
1507526927403,Sound_C,62.77183705310615
1507526934165,Sound_P,61.023021476191225
1507526934167,PodiumIR,144
1507526936638,Sound_R,63.43596464591153
1507526937403,Sound_C,62.921004341002906
1507526944169,Sound_P,55.369951428718224
1507526944172,PodiumIR,148
1507526946638,Sound_R,62.0996353277487
1507526947403,Sound_C,62.7425412512826
1507526954173,Sound_P,58.433135904413454
1507526954176,PodiumIR,181
1507526956638,Sound_R,61.65871720910803
1507526957403,Sound_C,63.33021663176395
1507526964177,Sound_P,59.341519288975356
1507526964180,PodiumIR,169
1507526966638,Sound_R,62.55731071884312
1507526967403,Sound_C,64.16433276737713
1507526974182,Sound_P,61.80460425887306
1507526974184,PodiumIR,176
1507526976638,Sound_R,63.60905742743162
1507526977403,Sound_C,63.48263802412388
1507526984186,Sound_P,59.341519288975356
1507526984190,PodiumIR,148
1507526986638,Sound_R,63.35959588389644
1507526987403,Sound_C,61.601778186083436
1507526994192,Sound_P,61.023021476191225
1507526994194,PodiumIR,150
1507526996638,Sound_R,63.14612220432753
1507526997403,Sound_C,61.12793233421994
1507527004196,Sound_P,57.472817393488484
1507527004199,PodiumIR,171
1507527006638,Sound_R,62.75212899488982
1507527007403,Sound_C,61.72743981183905
1507527014201,Sound_P,65.8563679754536
1507527014203,PodiumIR,149
1507527016638,Sound_R,61.991720846367826
1507527017403,Sound_C,62.01076250778116
1507527024205,Sound_P,61.023021476191225
1507527024207,PodiumIR,166
1507527026638,Sound_R,62.22033889664872
1507527027403,Sound_C,62.466969173921804
1507527034209,Sound_P,59.341519288975356
1507527034212,PodiumIR,151
1507527036638,Sound_R,62.25846291545209
1507527037403,Sound_C,63.26193210562308
1507527044214,Sound_P,59.341519288975356
1507527044216,PodiumIR,174
1507527046638,Sound_R,62.61158573196104
1507527047403,Sound_C,64.46754738661352
1507527054218,Sound_P,58.433135904413454
1507527054223,PodiumIR,125
1507527056638,Sound_R,63.40550609171262
1507527057403,Sound_C,63.49204280182588
1507527064228,Sound_P,61.023021476191225
1507527064230,PodiumIR,121
1507527066638,Sound_R,64.12883054422949
1507527067403,Sound_C,61.68095920963242
1507527074232,Sound_P,58.433135904413454
1507527074235,PodiumIR,115
1507527076638,Sound_R,62.179662357794705
1507527077403,Sound_C,61.92696943194684
1507527084237,Sound_P,61.023021476191225
1507527084240,PodiumIR,137
1507527086638,Sound_R,59.981666914096586
1507527087403,Sound_C,62.004207548483436
1507527094241,Sound_P,64.61127993529891
1507527094244,PodiumIR,131
1507527096638,Sound_R,60.57450345625534
1507527097403,Sound_C,62.2096913529999
1507527104245,Sound_P,58.433135904413454
1507527104248,PodiumIR,123
1507527106638,Sound_R,61.188359458599486
1507527107403,Sound_C,62.197438845111
1507527114249,Sound_P,56.45426312235056
1507527114252,PodiumIR,130
1507527116638,Sound_R,61.64433899341484
1507527117403,Sound_C,62.06394998404537
1507527124253,Sound_P,59.341519288975356
1507527124256,PodiumIR,194
1507527126638,Sound_R,62.92858331590941
1507527127403,Sound_C,62.62229282985451
1507527134258,Sound_P,67.56641902255494
1507527134260,PodiumIR,136
1507527136638,Sound_R,63.42182433216461
1507527137403,Sound_C,63.65720910939175
1507527144262,Sound_P,61.80460425887306
1507527144265,PodiumIR,152
1507527146638,Sound_R,64.18292019238514
1507527147403,Sound_C,64.74503837521827
1507527154266,Sound_P,61.023021476191225
1507527154269,PodiumIR,105
1507527156638,Sound_R,64.56828873447786
1507527157403,Sound_C,64.08789723552552
1507527164271,Sound_P,64.61127993529891
1507527164273,PodiumIR,79
1507527166638,Sound_R,64.1209894350178
1507527167403,Sound_C,63.94971733266518
1507527174275,Sound_P,55.369951428718224
1507527174278,PodiumIR,96
1507527176638,Sound_R,63.54567501564825
1507527177403,Sound_C,64.50053320412663
1507527184280,Sound_P,61.023021476191225
1507527184282,PodiumIR,98
1507527186638,Sound_R,63.819444336880245
1507527187403,Sound_C,64.56725712010314
1507527194284,Sound_P,60.20329792798059
1507527194286,PodiumIR,89
1507527196638,Sound_R,63.51482551152669
1507527197403,Sound_C,64.46522764487365
1507527204287,Sound_P,57.472817393488484
1507527204290,PodiumIR,105
1507527206638,Sound_R,61.31684471979141
1507527207403,Sound_C,62.82998019115448
1507527214292,Sound_P,61.80460425887306
1507527214294,PodiumIR,171
1507527216638,Sound_R,62.73028721123223
1507527217403,Sound_C,62.8492558869421
1507527224296,Sound_P,61.023021476191225
1507527224299,PodiumIR,151
1507527226638,Sound_R,64.43844931735839
1507527227403,Sound_C,63.38794900505207
1507527234300,Sound_P,65.24535518573873
1507527234303,PodiumIR,124
1507527236638,Sound_R,63.223658366898185
1507527237403,Sound_C,62.650563291260404
1507527244305,Sound_P,57.472817393488484
1507527244307,PodiumIR,128
1507527246638,Sound_R,63.035729915784664
1507527247403,Sound_C,62.63705944808325
1507527254309,Sound_P,59.341519288975356
1507527254311,PodiumIR,161
1507527256638,Sound_R,63.394164016102906
1507527257403,Sound_C,62.90070571271658
1507527264313,Sound_P,70.5390318503356
1507527264316,PodiumIR,118
1507527266638,Sound_R,65.13893453058951
1507527267403,Sound_C,64.40881647993486
1507527274317,Sound_P,79.48080653810413
1507527274320,PodiumIR,122
1507527276638,Sound_R,70.78876227869104
1507527277403,Sound_C,67.32773448927952
1507527284321,Sound_P,78.37870659506
1507527284324,PodiumIR,130
1507527286638,Sound_R,76.15142225564176
1507527287403,Sound_C,68.64741232735712
1507527294326,Sound_P,74.55832985633069
1507527294328,PodiumIR,121
1507527296638,Sound_R,77.63968049764976
1507527297403,Sound_C,71.68486654307699
1507527304330,Sound_P,61.023021476191225
1507527304333,PodiumIR,110
1507527306638,Sound_R,75.044536013777
1507527307403,Sound_C,73.8980715508336
1507527314334,Sound_P,63.26648240367583
1507527314337,PodiumIR,127
1507527316638,Sound_R,73.78958983758656
1507527317403,Sound_C,69.66974263385863
1507527324338,Sound_P,76.25684571588656
1507527324341,PodiumIR,129
1507527326638,Sound_R,77.41788236720707
1507527327403,Sound_C,69.234698734993
1507527334348,Sound_P,67.01551720930587
1507527334350,PodiumIR,125
1507527336638,Sound_R,78.50827677564426
1507527337403,Sound_C,72.29444655795875
1507527344352,Sound_P,63.95233273361063
1507527344354,PodiumIR,132
1507527346638,Sound_R,74.82287681472671
1507527347403,Sound_C,71.40174722588398
1507527354356,Sound_P,68.0998289029382
1507527354359,PodiumIR,93
1507527356638,Sound_R,76.14941519988169
1507527357403,Sound_C,70.2434972715336
1507527364370,Sound_P,61.023021476191225
1507527364372,PodiumIR,172
1507527366638,Sound_R,74.01112678425785
1507527367403,Sound_C,68.32945374283106
1507527374374,Sound_P,64.61127993529891
1507527374377,PodiumIR,118
1507527376638,Sound_R,70.60563060089946
1507527377403,Sound_C,69.02169549240192
1507527384378,Sound_P,74.19700410241327
1507527384381,PodiumIR,124
1507527386638,Sound_R,73.1374869970685
1507527387403,Sound_C,73.91307987861362
1507527394382,Sound_P,66.44593723960276
1507527394385,PodiumIR,122
1507527396638,Sound_R,72.52601506047105
1507527397403,Sound_C,72.54543671289144
1507527404386,Sound_P,67.56641902255494
1507527404389,PodiumIR,129
1507527406639,Sound_R,74.50372931529733
1507527407403,Sound_C,71.00476284771977
1507527414406,Sound_P,61.80460425887306
1507527414409,PodiumIR,102
1507527416638,Sound_R,74.81391124606527
1507527417403,Sound_C,73.52039101263159
1507527424412,Sound_P,70.5390318503356
1507527424414,PodiumIR,116
1507527426638,Sound_R,74.01694970165705
1507527427403,Sound_C,73.4836061766987
1507527434416,Sound_P,59.341519288975356
1507527434418,PodiumIR,130
1507527436638,Sound_R,74.34310611906979
1507527437403,Sound_C,71.80767819983387
1507527444421,Sound_P,65.24535518573873
1507527444430,PodiumIR,148
1507527446638,Sound_R,72.33512737672994
1507527447403,Sound_C,71.94172927562369
1507527454433,Sound_P,74.55832985633069
1507527454436,PodiumIR,101
1507527456638,Sound_R,74.38915440785838
1507527457403,Sound_C,71.12061675284143
1507527464439,Sound_P,78.09150302019039
1507527464442,PodiumIR,109
1507527466638,Sound_R,75.51359291564452
1507527467403,Sound_C,72.29595394527782
1507527474445,Sound_P,79.48080653810413
1507527474448,PodiumIR,131
1507527476638,Sound_R,76.6822758880811
1507527477403,Sound_C,74.43844144204759
1507527484451,Sound_P,73.82773649063114
1507527484453,PodiumIR,126
1507527486638,Sound_R,76.8630082547442
1507527487403,Sound_C,70.85517623067615
1507527494457,Sound_P,70.987085069563
1507527494459,PodiumIR,126
1507527496638,Sound_R,75.76921450461383
1507527497403,Sound_C,71.65007176171763
1507527504467,Sound_P,80.00588052151659
1507527504470,PodiumIR,123
1507527506638,Sound_R,76.34617046039148
1507527507403,Sound_C,76.42158002856101
1507527514471,Sound_P,82.63265085015064
1507527514474,PodiumIR,112
1507527516638,Sound_R,75.03978240086795
1507527517403,Sound_C,73.54127315130641
1507527524476,Sound_P,60.20329792798059
1507527524478,PodiumIR,124
1507527526638,Sound_R,69.84103202396643
1507527527403,Sound_C,67.71058500577811
1507527534480,Sound_P,61.023021476191225
1507527534483,PodiumIR,114
1507527536638,Sound_R,70.7482764883382
1507527537403,Sound_C,68.4858662490531
1507527544484,Sound_P,62.551438321825636
1507527544487,PodiumIR,111
1507527546638,Sound_R,77.05824633380207
1507527547403,Sound_C,68.60848489221831
1507527554488,Sound_P,60.20329792798059
1507527554490,PodiumIR,128
1507527556638,Sound_R,75.19314787671205
1507527557403,Sound_C,69.61105260207339
1507527564492,Sound_P,62.551438321825636
1507527564494,PodiumIR,140
1507527566638,Sound_R,73.72045984638474
1507527567403,Sound_C,69.67712786038975
1507527574496,Sound_P,65.8563679754536
1507527574500,PodiumIR,153
1507527576638,Sound_R,75.21562113723506
1507527577403,Sound_C,69.78079222995443
1507527584502,Sound_P,61.80460425887306
1507527584504,PodiumIR,131
1507527586638,Sound_R,74.41176899958366
1507527587403,Sound_C,71.618085600634
1507527594506,Sound_P,72.66858725677886
1507527594509,PodiumIR,138
1507527596638,Sound_R,71.94019662335243
1507527597403,Sound_C,72.28844391250543
1507527604510,Sound_P,80.00588052151659
1507527604512,PodiumIR,137
1507527606638,Sound_R,70.92853693119513
1507527607403,Sound_C,73.04240902997357
1507527614514,Sound_P,60.20329792798059
1507527614516,PodiumIR,133
1507527616638,Sound_R,73.76185434926575
1507527617403,Sound_C,71.96707732611881
1507527624518,Sound_P,59.341519288975356
1507527624521,PodiumIR,100
1507527626638,Sound_R,74.50030019633994
1507527627403,Sound_C,70.1701706329826
1507527634523,Sound_P,61.023021476191225
1507527634525,PodiumIR,120
1507527636638,Sound_R,71.97622390401908
1507527637403,Sound_C,69.69780790747305
1507527644527,Sound_P,61.80460425887306
1507527644530,PodiumIR,124
1507527646638,Sound_R,71.49435688509008
1507527647403,Sound_C,70.78001709560178
1507527654531,Sound_P,72.66858725677886
1507527654534,PodiumIR,102
1507527656638,Sound_R,70.3481012133626
1507527657403,Sound_C,71.95268133885914
1507527664536,Sound_P,74.55832985633069
1507527664539,PodiumIR,89
1507527666638,Sound_R,72.95916941964144
1507527667403,Sound_C,72.63941894701959
1507527674543,Sound_P,60.20329792798059
1507527674545,PodiumIR,148
1507527676638,Sound_R,73.31937968995658
1507527677403,Sound_C,71.49268615168107
1507527684547,Sound_P,70.0787016850011
1507527684549,PodiumIR,129
1507527686638,Sound_R,70.12791071401931
1507527687403,Sound_C,68.42386971434262
1507527694551,Sound_P,71.84886370856825
1507527694554,PodiumIR,132
1507527696638,Sound_R,71.11851791783236
1507527697403,Sound_C,67.2908159832782
1507527704555,Sound_P,60.20329792798059
1507527704558,PodiumIR,129
1507527706638,Sound_R,69.83903817581371
1507527707403,Sound_C,68.16262079500537
1507527714567,Sound_P,63.26648240367583
1507527714570,PodiumIR,147
1507527716638,Sound_R,71.79957637566055
1507527717403,Sound_C,69.09738616529363
1507527724579,Sound_P,62.551438321825636
1507527724582,PodiumIR,142
1507527726638,Sound_R,71.80069109658928
1507527727403,Sound_C,71.12476895779287
1507527734583,Sound_P,58.433135904413454
1507527734585,PodiumIR,130
1507527736638,Sound_R,68.7190317409157
1507527737403,Sound_C,70.02613452954701
1507527744587,Sound_P,59.341519288975356
1507527744590,PodiumIR,148
1507527746638,Sound_R,66.98535285825487
1507527747403,Sound_C,66.81140187131784
1507527754591,Sound_P,58.433135904413454
1507527754594,PodiumIR,119
1507527756638,Sound_R,66.23786303613149
1507527757403,Sound_C,67.14591048955197
1507527764599,Sound_P,74.19700410241327
1507527764602,PodiumIR,122
1507527766638,Sound_R,68.76527505903128
1507527767403,Sound_C,67.47889338677244
1507527774603,Sound_P,59.341519288975356
1507527774605,PodiumIR,129
1507527776638,Sound_R,70.29515763342003
1507527777403,Sound_C,67.10312319535029
1507527784607,Sound_P,62.551438321825636
1507527784609,PodiumIR,117
1507527786638,Sound_R,71.91911297855162
1507527787403,Sound_C,68.61022787723506
1507527794611,Sound_P,74.91204818426347
1507527794614,PodiumIR,129
1507527796638,Sound_R,74.4137067084729
1507527797403,Sound_C,71.23687372288872
1507527804616,Sound_P,72.26372429269907
1507527804618,PodiumIR,135
1507527806638,Sound_R,74.32699441873184
1507527807403,Sound_C,70.7255862921195
1507527814620,Sound_P,62.551438321825636
1507527814623,PodiumIR,128
1507527816638,Sound_R,73.07889807994482
1507527817403,Sound_C,70.36866276007616
1507527824624,Sound_P,71.84886370856825
1507527824627,PodiumIR,123
1507527826638,Sound_R,74.27756162426978
1507527827403,Sound_C,70.59817424900915
1507527834629,Sound_P,61.023021476191225
1507527834631,PodiumIR,126
1507527836638,Sound_R,73.51486041734672
1507527837403,Sound_C,70.55048309434515
1507527844633,Sound_P,60.20329792798059
1507527844636,PodiumIR,122
1507527846638,Sound_R,72.35070293372013
1507527847403,Sound_C,71.14159639309757
1507527854637,Sound_P,68.61682354019833
1507527854640,PodiumIR,125
1507527856638,Sound_R,72.3908965798632
1507527857403,Sound_C,71.9744970912463
1507527864642,Sound_P,71.42349921662418
1507527864644,PodiumIR,126
1507527866638,Sound_R,72.80715945468853
1507527867403,Sound_C,71.84062330052187
1507527874646,Sound_P,75.59789851419828
1507527874649,PodiumIR,127
1507527876638,Sound_R,71.32910889895184
1507527877403,Sound_C,69.26587462770551
1507527884650,Sound_P,61.023021476191225
1507527884652,PodiumIR,150
1507527886638,Sound_R,70.29751502852842
1507527887403,Sound_C,67.8523745916615
1507527894654,Sound_P,61.80460425887306
1507527894656,PodiumIR,135
1507527896638,Sound_R,69.70976264658236
1507527897403,Sound_C,68.39872870307556
1507527904658,Sound_P,68.61682354019833
1507527904661,PodiumIR,137
1507527906638,Sound_R,67.68079911197604
1507527907403,Sound_C,68.97205735598804
1507527914662,Sound_P,72.26372429269907
1507527914665,PodiumIR,126
1507527916638,Sound_R,68.08105370341629
1507527917403,Sound_C,67.13339413568866
1507527924667,Sound_P,68.61682354019833
1507527924669,PodiumIR,143
1507527926638,Sound_R,71.11652954614367
1507527927403,Sound_C,67.9766561584088
1507527934671,Sound_P,71.84886370856825
1507527934674,PodiumIR,132
1507527936638,Sound_R,73.53072641683592
1507527937403,Sound_C,68.07513559578092
1507527944676,Sound_P,69.60540278108363
1507527944679,PodiumIR,127
1507527946638,Sound_R,74.81845017267186
1507527947403,Sound_C,69.01588742622758
1507527954681,Sound_P,69.60540278108363
1507527954683,PodiumIR,114
1507527956638,Sound_R,74.93031166041571
1507527957403,Sound_C,70.06315253206658
1507527964685,Sound_P,65.24535518573873
1507527964687,PodiumIR,112
1507527966638,Sound_R,72.63938402954739
1507527967403,Sound_C,68.47910146784372
1507527974689,Sound_P,62.551438321825636
1507527974691,PodiumIR,129
1507527976638,Sound_R,67.29458906769668
1507527977403,Sound_C,66.50041477995349
1507527984698,Sound_P,65.24535518573873
1507527984701,PodiumIR,124
1507527986638,Sound_R,66.89658432813707
1507527987403,Sound_C,68.22456262086602
1507527994702,Sound_P,66.44593723960276
1507527994705,PodiumIR,132
1507527996638,Sound_R,70.06180404463602
1507527997403,Sound_C,72.07872348066437
1507528004707,Sound_P,62.551438321825636
1507528004709,PodiumIR,130
1507528006638,Sound_R,72.1246945635674
1507528007403,Sound_C,73.5071396421273
1507528014711,Sound_P,65.24535518573873
1507528014713,PodiumIR,118
1507528016638,Sound_R,75.38676396274182
1507528017403,Sound_C,73.84378056641539
1507528024715,Sound_P,64.61127993529891
1507528024717,PodiumIR,124
1507528026638,Sound_R,76.72443100137964
1507528027403,Sound_C,73.54513270084948
1507528034722,Sound_P,60.20329792798059
1507528034724,PodiumIR,120
1507528036638,Sound_R,75.0512025784965
1507528037403,Sound_C,73.9151332309142
1507528044726,Sound_P,70.0787016850011
1507528044729,PodiumIR,114
1507528046638,Sound_R,74.3958957515788
1507528047403,Sound_C,75.01844596548341
1507528054731,Sound_P,68.61682354019833
1507528054733,PodiumIR,135
1507528056638,Sound_R,74.44491444083876
1507528057403,Sound_C,77.41158597679167
1507528064735,Sound_P,62.551438321825636
1507528064737,PodiumIR,129
1507528066638,Sound_R,72.05948178740616
1507528067403,Sound_C,75.11747769320361
1507528074739,Sound_P,60.20329792798059
1507528074742,PodiumIR,106
1507528076638,Sound_R,69.3367460290251
1507528077403,Sound_C,69.54372951437209
1507528084743,Sound_P,61.80460425887306
1507528084745,PodiumIR,129
1507528086638,Sound_R,67.39560839428528
1507528087403,Sound_C,66.196445788095
1507528094747,Sound_P,70.0787016850011
1507528094750,PodiumIR,113
1507528096638,Sound_R,69.61210267154179
1507528097403,Sound_C,67.79757963515551
1507528104751,Sound_P,70.5390318503356
1507528104754,PodiumIR,125
1507528106638,Sound_R,70.75532329382501
1507528107403,Sound_C,70.65637329030761
1507528114755,Sound_P,62.551438321825636
1507528114757,PodiumIR,108
1507528116638,Sound_R,71.73548105051519
1507528117403,Sound_C,71.67956556267761
1507528124759,Sound_P,61.80460425887306
1507528124761,PodiumIR,122
1507528126638,Sound_R,74.53792723863124
1507528127403,Sound_C,72.45421170101294
1507528134764,Sound_P,69.60540278108363
1507528134766,PodiumIR,129
1507528136638,Sound_R,74.40578762236277
1507528137403,Sound_C,71.5283284464365
1507528144772,Sound_P,60.20329792798059
1507528144775,PodiumIR,130
1507528146638,Sound_R,74.02650282964225
1507528147403,Sound_C,70.25636133236813
1507528154776,Sound_P,68.0998289029382
1507528154779,PodiumIR,113
1507528156638,Sound_R,74.40624029035256
1507528157403,Sound_C,70.43936917819461
1507528164781,Sound_P,63.26648240367583
1507528164783,PodiumIR,87
1507528166638,Sound_R,74.6329919449526
1507528167403,Sound_C,71.82838047810888
1507528174785,Sound_P,64.61127993529891
1507528174787,PodiumIR,142
1507528176638,Sound_R,74.73670397696996
1507528177403,Sound_C,71.04795775965077
1507528184789,Sound_P,69.11838317407611
1507528184792,PodiumIR,113
1507528186638,Sound_R,74.98853942824559
1507528187403,Sound_C,72.13032243275273
1507528194794,Sound_P,76.89092096632638
1507528194796,PodiumIR,93
1507528196638,Sound_R,73.97944249230355
1507528197403,Sound_C,73.0991140965009
1507528204802,Sound_P,76.89092096632638
1507528204815,PodiumIR,132
1507528206638,Sound_R,74.99557118350116
1507528207403,Sound_C,73.18920342492235
1507528214817,Sound_P,72.66858725677886
1507528214820,PodiumIR,132
1507528216638,Sound_R,74.73772409633432
1507528217403,Sound_C,73.47978486344476
1507528224822,Sound_P,74.19700410241327
1507528224825,PodiumIR,108
1507528226638,Sound_R,72.74318615544816
1507528227403,Sound_C,71.7665277485799
1507528234826,Sound_P,73.06392314376754
1507528234830,PodiumIR,133
1507528236638,Sound_R,70.53950304391397
1507528237403,Sound_C,67.97161326773876
1507528244832,Sound_P,76.25684571588656
1507528244834,PodiumIR,133
1507528246638,Sound_R,70.04701544896845
1507528247403,Sound_C,69.2402984893121
1507528254836,Sound_P,61.023021476191225
1507528254839,PodiumIR,128
1507528256638,Sound_R,72.5406809756402
1507528257403,Sound_C,72.72917212771223
1507528264840,Sound_P,70.987085069563
1507528264843,PodiumIR,121
1507528266638,Sound_R,72.44253546217179
1507528267403,Sound_C,71.34072243095427
1507528274844,Sound_P,68.0998289029382
1507528274847,PodiumIR,137
1507528276638,Sound_R,74.51358263946491
1507528277403,Sound_C,72.58592379060546
1507528284848,Sound_P,65.8563679754536
1507528284851,PodiumIR,103
1507528286638,Sound_R,75.77073146586895
1507528287403,Sound_C,72.76846089052475
1507528294853,Sound_P,61.023021476191225
1507528294855,PodiumIR,127
1507528296638,Sound_R,74.24380051094148
1507528297403,Sound_C,71.59598041050408
1507528304857,Sound_P,70.5390318503356
1507528304860,PodiumIR,123
1507528306638,Sound_R,71.81734552222419
1507528307403,Sound_C,69.55033923088831
1507528314861,Sound_P,64.61127993529891
1507528314872,PodiumIR,123
1507528316638,Sound_R,72.58473862061359
1507528317403,Sound_C,72.97464682604736
1507528324881,Sound_P,55.369951428718224
1507528324883,PodiumIR,153
1507528326638,Sound_R,74.14413298016369
1507528327403,Sound_C,76.22635189860148
1507528334885,Sound_P,58.433135904413454
1507528334888,PodiumIR,116
1507528336638,Sound_R,73.7747506573697
1507528337403,Sound_C,72.33043307254736
1507528344890,Sound_P,73.45017003946069
1507528344892,PodiumIR,98
1507528346638,Sound_R,73.23787993081713
1507528347403,Sound_C,70.3920721904725
1507528354894,Sound_P,71.42349921662418
1507528354897,PodiumIR,123
1507528356638,Sound_R,72.41351314240977
1507528357403,Sound_C,71.6350159144065
1507528364898,Sound_P,67.56641902255494
1507528364901,PodiumIR,125
1507528366638,Sound_R,71.0408930130406
1507528367403,Sound_C,72.5055922293556
1507528374910,Sound_P,70.987085069563
1507528374912,PodiumIR,89
1507528376638,Sound_R,72.42816770449535
1507528377403,Sound_C,70.24259785072748
1507528384914,Sound_P,70.5390318503356
1507528384917,PodiumIR,111
1507528386638,Sound_R,72.66696622525977
1507528387403,Sound_C,68.52320629306239
1507528394918,Sound_P,67.01551720930587
1507528394924,PodiumIR,123
1507528396638,Sound_R,74.67204721364367
1507528397403,Sound_C,69.93659243630208
1507528404927,Sound_P,68.0998289029382
1507528404929,PodiumIR,113
1507528406638,Sound_R,76.93207841588217
1507528407403,Sound_C,72.64814864066585
1507528414938,Sound_P,70.0787016850011
1507528414946,PodiumIR,125
1507528416638,Sound_R,75.74909573255955
1507528417403,Sound_C,73.71499130841492
1507528424948,Sound_P,70.0787016850011
1507528424951,PodiumIR,153
1507528426638,Sound_R,73.26510616912206
1507528427403,Sound_C,71.35773966241734
1507528434953,Sound_P,60.20329792798059
1507528434955,PodiumIR,136
1507528436638,Sound_R,69.95051557214293
1507528437403,Sound_C,68.05094339843194
1507528444957,Sound_P,73.06392314376754
1507528444959,PodiumIR,124
1507528446638,Sound_R,69.33873009040585
1507528447403,Sound_C,67.78684040797138
1507528454961,Sound_P,77.19920484509075
1507528454964,PodiumIR,110
1507528456638,Sound_R,73.67226771649051
1507528457403,Sound_C,71.49706242715389
1507528464965,Sound_P,67.01551720930587
1507528464977,PodiumIR,115
1507528466638,Sound_R,74.54386152873856
1507528467403,Sound_C,71.41994282046375
1507528474985,Sound_P,70.0787016850011
1507528474988,PodiumIR,120
1507528476638,Sound_R,73.23939515439022
1507528477403,Sound_C,70.46509507547118
1507528484990,Sound_P,61.023021476191225
1507528484992,PodiumIR,118
1507528486638,Sound_R,73.0461681112256
1507528487403,Sound_C,72.68231732288093
1507528494994,Sound_P,73.45017003946069
1507528494997,PodiumIR,97
1507528496638,Sound_R,72.99952604465682
1507528497403,Sound_C,72.97154259145556
1507528504999,Sound_P,84.5129837602938
1507528505001,PodiumIR,118
1507528506638,Sound_R,74.69879770245156
1507528507403,Sound_C,71.71903777975054
1507528515003,Sound_P,63.26648240367583
1507528515010,PodiumIR,126
1507528516638,Sound_R,77.78906852757878
1507528517403,Sound_C,71.7070415962041
1507528525012,Sound_P,72.66858725677886
1507528525016,PodiumIR,132
1507528526638,Sound_R,78.77453520328676
1507528527403,Sound_C,73.30281276590325
1507528535018,Sound_P,63.26648240367583
1507528535029,PodiumIR,124
1507528536638,Sound_R,74.51898837547107
1507528537403,Sound_C,71.40354726579295
1507528545031,Sound_P,68.0998289029382
1507528545033,PodiumIR,145
1507528546638,Sound_R,71.63483294087926
1507528547403,Sound_C,70.5080863269559
1507528555035,Sound_P,62.551438321825636
1507528555044,PodiumIR,147
1507528556638,Sound_R,72.78528083129886
1507528557403,Sound_C,72.55446231240133
1507528565053,Sound_P,58.433135904413454
1507528565056,PodiumIR,132
1507528566638,Sound_R,73.45199236311431
1507528567403,Sound_C,71.5296911849312
1507528575057,Sound_P,71.42349921662418
1507528575060,PodiumIR,128
1507528576638,Sound_R,71.74723600206623
1507528577403,Sound_C,71.78314982666558
1507528585062,Sound_P,65.24535518573873
1507528585064,PodiumIR,116
1507528586638,Sound_R,72.64068587189095
1507528587403,Sound_C,73.42486038906844
1507528595066,Sound_P,68.0998289029382
1507528595070,PodiumIR,118
1507528596638,Sound_R,73.18048996492628
1507528597403,Sound_C,72.36659057232454
1507528605072,Sound_P,70.0787016850011
1507528605075,PodiumIR,115
1507528606638,Sound_R,73.92963907679905
1507528607403,Sound_C,72.15282467257293
1507528615077,Sound_P,61.023021476191225
1507528615079,PodiumIR,118
1507528616638,Sound_R,74.71549977160167
1507528617403,Sound_C,70.85991346592895
1507528625081,Sound_P,76.25684571588656
1507528625084,PodiumIR,134
1507528626638,Sound_R,75.16864604451452
1507528627403,Sound_C,72.77001293175994
1507528635085,Sound_P,61.023021476191225
1507528635088,PodiumIR,123
1507528636638,Sound_R,75.87274136229485
1507528637403,Sound_C,73.52096260481433
1507528645096,Sound_P,61.80460425887306
1507528645099,PodiumIR,132
1507528646638,Sound_R,74.85451588751492
1507528647403,Sound_C,72.11991236063919
1507528655101,Sound_P,63.95233273361063
1507528655103,PodiumIR,122
1507528656638,Sound_R,72.29038274052313
1507528657403,Sound_C,70.17737997099131
1507528665105,Sound_P,68.61682354019833
1507528665113,PodiumIR,114
1507528666638,Sound_R,72.54932491726389
1507528667403,Sound_C,69.26284899677967
1507528675115,Sound_P,70.0787016850011
1507528675117,PodiumIR,137
1507528676638,Sound_R,72.48379541728248
1507528677403,Sound_C,70.3700889786628
1507528685119,Sound_P,64.61127993529891
1507528685121,PodiumIR,131
1507528686638,Sound_R,73.55029255136213
1507528687403,Sound_C,70.04412983056824
1507528695123,Sound_P,61.80460425887306
1507528695126,PodiumIR,119
1507528696638,Sound_R,76.20031951144766
1507528697403,Sound_C,73.31911362326541
1507528705128,Sound_P,79.48080653810413
1507528705150,PodiumIR,117
1507528706638,Sound_R,77.61730533961433
1507528707403,Sound_C,74.3925325370963
1507528715152,Sound_P,74.91204818426347
1507528715154,PodiumIR,109
1507528716638,Sound_R,77.38412116542457
1507528717403,Sound_C,72.12083000540953
1507528725156,Sound_P,74.19700410241327
1507528725164,PodiumIR,144
1507528726638,Sound_R,74.4601980216997
1507528727403,Sound_C,70.32192262365471
1507528735166,Sound_P,74.91204818426347
1507528735169,PodiumIR,127
1507528736638,Sound_R,70.40382569099101
1507528737403,Sound_C,69.8963557481795
1507528745171,Sound_P,71.84886370856825
1507528745173,PodiumIR,133
1507528746638,Sound_R,68.39512660550427
1507528747403,Sound_C,68.93664509784274
1507528755175,Sound_P,59.341519288975356
1507528755177,PodiumIR,113
1507528756638,Sound_R,68.72609683116796
1507528757403,Sound_C,67.36247002312892
1507528765179,Sound_P,72.26372429269907
1507528765182,PodiumIR,104
1507528766638,Sound_R,67.755130982371
1507528767403,Sound_C,67.18473324006656
1507528775183,Sound_P,63.26648240367583
1507528775186,PodiumIR,92
1507528776638,Sound_R,67.73621801903296
1507528777403,Sound_C,65.4715687637706
1507528785188,Sound_P,61.023021476191225
1507528785190,PodiumIR,88
1507528786638,Sound_R,69.71409658468453
1507528787403,Sound_C,68.3144171741046
1507528795192,Sound_P,68.0998289029382
1507528795195,PodiumIR,89
1507528796638,Sound_R,72.62134764209543
1507528797403,Sound_C,72.89954102261048
1507528805196,Sound_P,62.551438321825636
1507528805199,PodiumIR,101
1507528806638,Sound_R,71.62379787313925
1507528807403,Sound_C,71.13657279179542
1507528815200,Sound_P,60.20329792798059
1507528815203,PodiumIR,107
1507528816638,Sound_R,69.10080985576593
1507528817403,Sound_C,67.2945354512549
1507528825206,Sound_P,61.80460425887306
1507528825209,PodiumIR,117
1507528826638,Sound_R,67.65103803125345
1507528827403,Sound_C,64.98920374895691
1507528835211,Sound_P,71.42349921662418
1507528835213,PodiumIR,106
1507528836638,Sound_R,66.46990705192906
1507528837403,Sound_C,64.68245842043765
1507528845215,Sound_P,58.433135904413454
1507528845217,PodiumIR,119
1507528846638,Sound_R,65.64973628355324
1507528847403,Sound_C,64.1663670749734
1507528855219,Sound_P,71.42349921662418
1507528855222,PodiumIR,104
1507528856638,Sound_R,69.29343698820998
1507528857403,Sound_C,68.38130245970046
1507528865223,Sound_P,66.44593723960276
1507528865226,PodiumIR,106
1507528866638,Sound_R,72.33171928671267
1507528867403,Sound_C,72.06760063102625
1507528875228,Sound_P,60.20329792798059
1507528875230,PodiumIR,110
1507528876638,Sound_R,69.61144498900705
1507528877403,Sound_C,68.80579433832918
1507528885232,Sound_P,62.551438321825636
1507528885234,PodiumIR,186
1507528886638,Sound_R,68.65061837465697
1507528887403,Sound_C,66.16696086088915
1507528895236,Sound_P,60.20329792798059
1507528895239,PodiumIR,182
1507528896638,Sound_R,68.29793424040203
1507528897403,Sound_C,67.05901682646298
1507528905240,Sound_P,68.0998289029382
1507528905243,PodiumIR,159
1507528906638,Sound_R,67.41327924268974
1507528907403,Sound_C,70.0340577434945
1507528915244,Sound_P,66.44593723960276
1507528915247,PodiumIR,92
1507528916638,Sound_R,70.59427881082432
1507528917403,Sound_C,73.1769888653346
1507528925249,Sound_P,70.0787016850011
1507528925251,PodiumIR,104
1507528926638,Sound_R,71.4302412367765
1507528927403,Sound_C,72.77146952696063
1507528935253,Sound_P,67.01551720930587
1507528935256,PodiumIR,194
1507528936638,Sound_R,70.63942277941294
1507528937403,Sound_C,70.38033235767857
1507528945257,Sound_P,61.80460425887306
1507528945260,PodiumIR,179
1507528946638,Sound_R,67.44013057797152
1507528947403,Sound_C,66.90617463019096
1507528955262,Sound_P,59.341519288975356
1507528955264,PodiumIR,190
1507528956638,Sound_R,63.17542142628923
1507528957403,Sound_C,63.23794186885427
1507528965267,Sound_P,61.80460425887306
1507528965270,PodiumIR,179
1507528966638,Sound_R,63.40711656819306
1507528967403,Sound_C,62.77301719188338
1507528975272,Sound_P,58.433135904413454
1507528975275,PodiumIR,199
1507528976638,Sound_R,63.95529667396988
1507528977403,Sound_C,63.29556704223709
1507528985277,Sound_P,61.80460425887306
1507528985279,PodiumIR,207
1507528986638,Sound_R,63.16963914199035
1507528987403,Sound_C,62.79156241895618
1507528995281,Sound_P,61.023021476191225
1507528995283,PodiumIR,219
1507528996638,Sound_R,62.59287353252258
1507528997403,Sound_C,62.90782679402619
1507529005285,Sound_P,63.26648240367583
1507529005287,PodiumIR,196
1507529006638,Sound_R,63.63573463509973
1507529007403,Sound_C,63.624236151311116
1507529015289,Sound_P,74.19700410241327
1507529015291,PodiumIR,197
1507529016638,Sound_R,67.30279648542184
1507529017403,Sound_C,66.1885104773425
1507529025293,Sound_P,65.24535518573873
1507529025295,PodiumIR,138
1507529026638,Sound_R,71.41264265694592
1507529027403,Sound_C,69.50609151852733
1507529035297,Sound_P,62.551438321825636
1507529035300,PodiumIR,170
1507529036638,Sound_R,72.92440099373722
1507529037403,Sound_C,69.75279245433482
1507529045302,Sound_P,76.57687443958919
1507529045304,PodiumIR,173
1507529046638,Sound_R,71.45944200759305
1507529047403,Sound_C,70.4542239408692
1507529055306,Sound_P,75.25847282855663
1507529055317,PodiumIR,165
1507529056638,Sound_R,68.62998635705888
1507529057403,Sound_C,72.65979736437649
1507529065318,Sound_P,82.41011779552353
1507529065321,PodiumIR,169
1507529066638,Sound_R,71.47394637965238
1507529067403,Sound_C,72.41889185110695
1507529075323,Sound_P,73.45017003946069
1507529075325,PodiumIR,147
1507529076638,Sound_R,72.57272729183842
1507529077403,Sound_C,70.06430903626209
1507529085327,Sound_P,77.50193375604124
1507529085330,PodiumIR,179
1507529086638,Sound_R,70.19539163129129
1507529087403,Sound_C,69.03163292091399
1507529095331,Sound_P,72.26372429269907
1507529095334,PodiumIR,146
1507529096638,Sound_R,71.96896221015068
1507529097403,Sound_C,68.73557374680381
1507529105335,Sound_P,79.74539468352583
1507529105338,PodiumIR,153
1507529106639,Sound_R,71.33269388697165
1507529107403,Sound_C,68.82969895015749
1507529115346,Sound_P,59.341519288975356
1507529115349,PodiumIR,150
1507529116638,Sound_R,71.84007284382851
1507529117403,Sound_C,67.76529626030775
1507529125351,Sound_P,74.19700410241327
1507529125353,PodiumIR,158
1507529126638,Sound_R,72.26512090874265
1507529127403,Sound_C,67.39728328791996
1507529135355,Sound_P,73.45017003946069
1507529135357,PodiumIR,141
1507529136638,Sound_R,69.6170155448901
1507529137403,Sound_C,68.79549950927213
1507529145367,Sound_P,63.95233273361063
1507529145369,PodiumIR,185
1507529146638,Sound_R,69.07358221854724
1507529147403,Sound_C,68.87947682101448
1507529155371,Sound_P,70.0787016850011
1507529155374,PodiumIR,172
1507529156638,Sound_R,71.63403680976658
1507529157403,Sound_C,69.03797064950419
1507529165375,Sound_P,75.59789851419828
1507529165378,PodiumIR,169
1507529166638,Sound_R,73.92434839657503
1507529167403,Sound_C,67.97871436343446
1507529175380,Sound_P,70.987085069563
1507529175382,PodiumIR,178
1507529176638,Sound_R,72.62110237842089
1507529177403,Sound_C,67.28357409901253
1507529185384,Sound_P,72.66858725677886
1507529185386,PodiumIR,172
1507529186638,Sound_R,71.36338544313544
1507529187403,Sound_C,68.30944602443161
1507529195389,Sound_P,65.24535518573873
1507529195391,PodiumIR,187
1507529196638,Sound_R,72.59483906897844
1507529197403,Sound_C,67.55870962043755
1507529205400,Sound_P,71.42349921662418
1507529205402,PodiumIR,166
1507529206638,Sound_R,68.96955745346581
1507529207403,Sound_C,68.3231633748171
1507529215404,Sound_P,70.987085069563
1507529215406,PodiumIR,187
1507529216638,Sound_R,67.9389973369603
1507529217403,Sound_C,69.82096092522322
1507529225408,Sound_P,75.25847282855663
1507529225411,PodiumIR,175
1507529226638,Sound_R,73.20614699804368
1507529227403,Sound_C,69.1780100980223
1507529235412,Sound_P,61.80460425887306
1507529235415,PodiumIR,160
1507529236638,Sound_R,73.11590315931602
1507529237403,Sound_C,67.56159568080483
1507529245417,Sound_P,64.61127993529891
1507529245419,PodiumIR,175
1507529246638,Sound_R,73.17238906043166
1507529247403,Sound_C,67.70089956056955
1507529255421,Sound_P,61.023021476191225
1507529255423,PodiumIR,157
1507529256638,Sound_R,73.01708667910772
1507529257403,Sound_C,68.59290639520323
1507529265425,Sound_P,69.11838317407611
1507529265428,PodiumIR,165
1507529266638,Sound_R,70.10737391225929
1507529267403,Sound_C,67.7947128830095
1507529275429,Sound_P,74.91204818426347
1507529275432,PodiumIR,173
1507529276638,Sound_R,69.556734541773
1507529277403,Sound_C,68.17721731431156
1507529285434,Sound_P,76.25684571588656
1507529285436,PodiumIR,178
1507529286638,Sound_R,68.64515310239476
1507529287403,Sound_C,68.4334506094777
1507529295438,Sound_P,61.023021476191225
1507529295441,PodiumIR,190
1507529296638,Sound_R,69.35161809169803
1507529297403,Sound_C,68.13786719755689
1507529305443,Sound_P,68.0998289029382
1507529305446,PodiumIR,184
1507529306638,Sound_R,70.73320209322013
1507529307403,Sound_C,67.19845494847945
1507529315447,Sound_P,61.023021476191225
1507529315450,PodiumIR,187
1507529316638,Sound_R,69.89913865880025
1507529317403,Sound_C,66.55683406477546
1507529325452,Sound_P,72.66858725677886
1507529325455,PodiumIR,194
1507529326638,Sound_R,67.93653632635387
1507529327403,Sound_C,67.99916270822467
1507529335456,Sound_P,62.551438321825636
1507529335460,PodiumIR,186
1507529336638,Sound_R,68.23497178199743
1507529337403,Sound_C,67.11911921127205
1507529345462,Sound_P,64.61127993529891
1507529345464,PodiumIR,163
1507529346638,Sound_R,67.40436319285135
1507529347403,Sound_C,67.09613502740154
1507529355466,Sound_P,60.20329792798059
1507529355469,PodiumIR,194
1507529356638,Sound_R,67.74590109641115
1507529357403,Sound_C,67.67123413068425
1507529365471,Sound_P,61.80460425887306
1507529365473,PodiumIR,158
1507529366638,Sound_R,69.90924907034777
1507529367403,Sound_C,66.5237823479625
1507529375475,Sound_P,77.50193375604124
1507529375477,PodiumIR,172
1507529376638,Sound_R,68.58452511736857
1507529377403,Sound_C,66.10709027474091
1507529385479,Sound_P,58.433135904413454
1507529385482,PodiumIR,150
1507529386638,Sound_R,70.04997984175056
1507529387403,Sound_C,67.7673561492444
1507529395484,Sound_P,73.82773649063114
1507529395486,PodiumIR,189
1507529396638,Sound_R,70.92795377793544
1507529397403,Sound_C,69.015564124872
1507529405488,Sound_P,60.20329792798059
1507529405491,PodiumIR,171
1507529406638,Sound_R,70.26193615975208
1507529407403,Sound_C,67.72733687833863
1507529415492,Sound_P,59.341519288975356
1507529415495,PodiumIR,154
1507529416638,Sound_R,69.9254483601837
1507529417403,Sound_C,67.18879123550691
1507529425496,Sound_P,60.20329792798059
1507529425499,PodiumIR,178
1507529426638,Sound_R,69.73268026987768
1507529427403,Sound_C,66.09736374421105
1507529435501,Sound_P,66.44593723960276
1507529435503,PodiumIR,151
1507529436639,Sound_R,68.20233984575398
1507529437403,Sound_C,67.22397489547838
1507529445506,Sound_P,63.26648240367583
1507529445508,PodiumIR,187
1507529446638,Sound_R,68.85037111165374
1507529447403,Sound_C,68.11658607669638
1507529455510,Sound_P,75.25847282855663
1507529455512,PodiumIR,188
1507529456638,Sound_R,71.17929315076418
1507529457403,Sound_C,65.80419115637376
1507529465514,Sound_P,60.20329792798059
1507529465516,PodiumIR,165
1507529466638,Sound_R,70.40017411975383
1507529467403,Sound_C,65.07306958838545
1507529475518,Sound_P,68.0998289029382
1507529475520,PodiumIR,166
1507529476638,Sound_R,70.00100889877778
1507529477403,Sound_C,65.8176568585849
1507529485522,Sound_P,65.8563679754536
1507529485525,PodiumIR,176
1507529486638,Sound_R,70.21769780160113
1507529487403,Sound_C,66.54359983201198
1507529495527,Sound_P,73.06392314376754
1507529495529,PodiumIR,192
1507529496638,Sound_R,71.72967147665491
1507529497403,Sound_C,66.36468625104236
1507529505531,Sound_P,65.24535518573873
1507529505533,PodiumIR,175
1507529506638,Sound_R,73.13668580714135
1507529507403,Sound_C,67.88907334404685
1507529515535,Sound_P,61.80460425887306
1507529515537,PodiumIR,179
1507529516638,Sound_R,72.07357904339354
1507529517403,Sound_C,69.42512976161106
1507529525539,Sound_P,68.0998289029382
1507529525542,PodiumIR,178
1507529526638,Sound_R,70.81031357277641
1507529527403,Sound_C,68.84827253517095
1507529535544,Sound_P,80.51504069838761
1507529535546,PodiumIR,171
1507529536638,Sound_R,72.42449962272185
1507529537403,Sound_C,68.69585732437447
1507529545548,Sound_P,75.25847282855663
1507529545550,PodiumIR,168
1507529546638,Sound_R,70.8646036186414
1507529547403,Sound_C,69.76642769683475
1507529555552,Sound_P,75.93060245540138
1507529555554,PodiumIR,176
1507529556638,Sound_R,69.52778750379402
1507529557403,Sound_C,69.80311718790597
1507529565556,Sound_P,75.59789851419828
1507529565560,PodiumIR,171
1507529566638,Sound_R,70.19000121972036
1507529567403,Sound_C,68.54895351699173
1507529575562,Sound_P,67.56641902255494
1507529575564,PodiumIR,169
1507529576638,Sound_R,69.29172998690926
1507529577403,Sound_C,68.78615327118273
1507529585566,Sound_P,66.44593723960276
1507529585568,PodiumIR,183
1507529586638,Sound_R,68.6079547956404
1507529587403,Sound_C,69.08902031991637
1507529595570,Sound_P,58.433135904413454
1507529595573,PodiumIR,182
1507529596638,Sound_R,68.64146343650141
1507529597403,Sound_C,69.30335764451313
1507529605575,Sound_P,68.0998289029382
1507529605577,PodiumIR,195
1507529606638,Sound_R,66.89456022845646
1507529607403,Sound_C,67.86651914439705
1507529615579,Sound_P,61.80460425887306
1507529615581,PodiumIR,183
1507529616638,Sound_R,68.00048623423811
1507529617403,Sound_C,66.80328954354198
1507529625583,Sound_P,57.472817393488484
1507529625585,PodiumIR,183
1507529626638,Sound_R,69.82802487230818
1507529627403,Sound_C,67.63368569161489
1507529635587,Sound_P,73.06392314376754
1507529635589,PodiumIR,171
1507529636638,Sound_R,71.06709986610176
1507529637403,Sound_C,67.94941285523312
1507529645591,Sound_P,66.44593723960276
1507529645594,PodiumIR,173
1507529646638,Sound_R,70.98642154651556
1507529647403,Sound_C,68.60170573609706
1507529655595,Sound_P,69.60540278108363
1507529655598,PodiumIR,189
1507529656638,Sound_R,70.8309819200921
1507529657403,Sound_C,68.90330994732382
1507529665600,Sound_P,60.20329792798059
1507529665602,PodiumIR,194
1507529666638,Sound_R,72.1832772419851
1507529667403,Sound_C,68.78853714236213
1507529675605,Sound_P,63.95233273361063
1507529675607,PodiumIR,192
1507529676638,Sound_R,71.30593727352142
1507529677403,Sound_C,68.58570927606517
1507529685611,Sound_P,62.551438321825636
1507529685613,PodiumIR,195
1507529686638,Sound_R,71.16673853670792
1507529687403,Sound_C,69.70384599538761
1507529695618,Sound_P,62.551438321825636
1507529695621,PodiumIR,185
1507529696638,Sound_R,69.07666793055844
1507529697403,Sound_C,68.70452414503553
1507529705624,Sound_P,57.472817393488484
1507529705626,PodiumIR,187
1507529706638,Sound_R,67.0843666623188
1507529707403,Sound_C,66.4641491483748
1507529715630,Sound_P,57.472817393488484
1507529715632,PodiumIR,186
1507529716638,Sound_R,66.10281400768615
1507529717403,Sound_C,65.94744156647008
1507529725638,Sound_P,63.26648240367583
1507529725641,PodiumIR,187
1507529726638,Sound_R,65.80232410188925
1507529727403,Sound_C,65.38842651477187
1507529735644,Sound_P,63.26648240367583
1507529735646,PodiumIR,202
1507529736638,Sound_R,67.45176911826888
1507529737403,Sound_C,66.35311485431954
1507529745650,Sound_P,70.5390318503356
1507529745652,PodiumIR,181
1507529746638,Sound_R,70.63473639999205
1507529747403,Sound_C,68.55719826293999
1507529755659,Sound_P,59.341519288975356
1507529755661,PodiumIR,185
1507529756639,Sound_R,73.72252307041487
1507529757403,Sound_C,71.41729417637852
1507529765670,Sound_P,72.66858725677886
1507529765672,PodiumIR,186
1507529766638,Sound_R,73.88469660034085
1507529767403,Sound_C,69.7269906165658
1507529775674,Sound_P,69.11838317407611
1507529775676,PodiumIR,193
1507529776638,Sound_R,73.44170603792013
1507529777403,Sound_C,67.5974865726417
1507529785677,Sound_P,61.80460425887306
1507529785680,PodiumIR,176
1507529786638,Sound_R,73.58309538131316
1507529787403,Sound_C,69.06760993318053
1507529795682,Sound_P,63.95233273361063
1507529795687,PodiumIR,165
1507529796638,Sound_R,73.3805447917746
1507529797403,Sound_C,69.8906995883013
1507529805689,Sound_P,73.45017003946069
1507529805691,PodiumIR,170
1507529806638,Sound_R,73.63426125736449
1507529807403,Sound_C,71.0033076291695
1507529815693,Sound_P,62.551438321825636
1507529815696,PodiumIR,168
1507529816638,Sound_R,73.39633726656518
1507529817403,Sound_C,71.42930990530886
1507529825697,Sound_P,68.61682354019833
1507529825701,PodiumIR,188
1507529826638,Sound_R,73.0549065227713
1507529827403,Sound_C,70.75408142414108
1507529835704,Sound_P,74.19700410241327
1507529835707,PodiumIR,182
1507529836638,Sound_R,73.5878663322763
1507529837403,Sound_C,68.81891949385897
1507529845708,Sound_P,64.61127993529891
1507529845710,PodiumIR,184
1507529846638,Sound_R,72.10242638976061
1507529847403,Sound_C,68.59488443152593
1507529855712,Sound_P,69.11838317407611
1507529855716,PodiumIR,184
1507529856638,Sound_R,72.0011102445019
1507529857403,Sound_C,70.27741838324705
1507529865720,Sound_P,77.79930435088828
1507529865722,PodiumIR,178
1507529866638,Sound_R,74.3016415885325
1507529867403,Sound_C,72.02541039422216
1507529875724,Sound_P,76.57687443958919
1507529875727,PodiumIR,175
1507529876638,Sound_R,74.98030403345462
1507529877403,Sound_C,72.78652368337255
1507529885730,Sound_P,61.023021476191225
1507529885733,PodiumIR,188
1507529886638,Sound_R,74.48509799646828
1507529887403,Sound_C,73.69512026894411
1507529895744,Sound_P,70.987085069563
1507529895746,PodiumIR,180
1507529896638,Sound_R,76.14163845060317
1507529897403,Sound_C,74.34748049458172
1507529905748,Sound_P,75.59789851419828
1507529905751,PodiumIR,185
1507529906638,Sound_R,74.14018655492282
1507529907403,Sound_C,71.92675636897665
1507529915753,Sound_P,58.433135904413454
1507529915755,PodiumIR,182
1507529916638,Sound_R,70.9618618589371
1507529917403,Sound_C,69.90730741090191
1507529925758,Sound_P,73.82773649063114
1507529925761,PodiumIR,181
1507529926638,Sound_R,70.4733264489769
1507529927403,Sound_C,70.99379997604974
1507529935767,Sound_P,76.57687443958919
1507529935770,PodiumIR,180
1507529936638,Sound_R,69.32636306941193
1507529937403,Sound_C,70.34452987314455
1507529945771,Sound_P,59.341519288975356
1507529945774,PodiumIR,179
1507529946638,Sound_R,69.43962930830621
1507529947403,Sound_C,71.26060747001716
1507529955775,Sound_P,81.00922338373856
1507529955778,PodiumIR,178
1507529956638,Sound_R,72.79389044830832
1507529957403,Sound_C,71.97304452525466
1507529965780,Sound_P,70.0787016850011
1507529965782,PodiumIR,176
1507529966638,Sound_R,76.49178638644828
1507529967403,Sound_C,71.63241338966611
1507529975784,Sound_P,72.66858725677886
1507529975793,PodiumIR,178
1507529976638,Sound_R,77.7981267270776
1507529977403,Sound_C,71.25572114842366
1507529985802,Sound_P,75.93060245540138
1507529985805,PodiumIR,173
1507529986638,Sound_R,77.05850719771564
1507529987403,Sound_C,70.00645744450601
1507529995806,Sound_P,59.341519288975356
1507529995809,PodiumIR,179
1507529996638,Sound_R,73.44660983558137
1507529997403,Sound_C,69.98361018260272
1507530005811,Sound_P,58.433135904413454
1507530005813,PodiumIR,176
1507530006638,Sound_R,66.82020242829431
1507530007403,Sound_C,66.07875368241933
1507530015815,Sound_P,59.341519288975356
1507530015817,PodiumIR,207
1507530016638,Sound_R,63.474789233463184
1507530017403,Sound_C,63.57424062450539
1507530025819,Sound_P,63.26648240367583
1507530025822,PodiumIR,98
1507530026638,Sound_R,66.54642942640912
1507530027403,Sound_C,64.22479357492124
1507530035824,Sound_P,68.61682354019833
1507530035826,PodiumIR,94
1507530036638,Sound_R,72.81138530162404
1507530037403,Sound_C,68.14597045909848
1507530045828,Sound_P,58.433135904413454
1507530045830,PodiumIR,215
1507530046638,Sound_R,74.06347779253137
1507530047403,Sound_C,69.67844360307576
1507530055832,Sound_P,66.44593723960276
1507530055835,PodiumIR,180
1507530056638,Sound_R,69.34662393359766
1507530057403,Sound_C,66.26920359262031
1507530065836,Sound_P,61.80460425887306
1507530065839,PodiumIR,198
1507530066638,Sound_R,67.25334902199472
1507530067403,Sound_C,65.45496529636108
1507530075841,Sound_P,62.551438321825636
1507530075843,PodiumIR,136
1507530076638,Sound_R,67.92044929687546
1507530077403,Sound_C,67.90071761067053
1507530085845,Sound_P,62.551438321825636
1507530085847,PodiumIR,125
1507530086638,Sound_R,71.2407828684677
1507530087403,Sound_C,69.78437538898048
1507530095849,Sound_P,63.95233273361063
1507530095852,PodiumIR,109
1507530096638,Sound_R,68.15858535334868
1507530097403,Sound_C,66.987628150872
1507530105853,Sound_P,59.341519288975356
1507530105856,PodiumIR,206
1507530106638,Sound_R,64.89117176859352
1507530107403,Sound_C,63.85754770405854
1507530115858,Sound_P,61.80460425887306
1507530115860,PodiumIR,140
1507530116638,Sound_R,65.19128610893578
1507530117403,Sound_C,63.43227079925359
1507530125862,Sound_P,63.95233273361063
1507530125864,PodiumIR,126
1507530126638,Sound_R,65.95337202764223
1507530127403,Sound_C,65.9096855645025
1507530135866,Sound_P,60.20329792798059
1507530135869,PodiumIR,120
1507530136638,Sound_R,66.75509745032583
1507530137403,Sound_C,66.77567963929772
1507530145871,Sound_P,67.01551720930587
1507530145874,PodiumIR,164
1507530146638,Sound_R,67.0392245650735
1507530147403,Sound_C,65.54974101682956
1507530155876,Sound_P,70.0787016850011
1507530155878,PodiumIR,191
1507530156638,Sound_R,69.97819117800059
1507530157403,Sound_C,68.00603923547766
1507530165880,Sound_P,71.42349921662418
1507530165882,PodiumIR,193
1507530166638,Sound_R,73.82728670267899
1507530167403,Sound_C,70.70057205750287
1507530175891,Sound_P,61.80460425887306
1507530175894,PodiumIR,109
1507530176638,Sound_R,72.67434334315863
1507530177403,Sound_C,70.20576987478388
1507530185895,Sound_P,59.341519288975356
1507530185903,PodiumIR,117
1507530186638,Sound_R,68.89936219470829
1507530187403,Sound_C,68.55720563472185
1507530195905,Sound_P,74.19700410241327
1507530195907,PodiumIR,145
1507530196638,Sound_R,68.17025385105806
1507530197403,Sound_C,67.93214437460563
1507530205909,Sound_P,61.023021476191225
1507530205912,PodiumIR,164
1507530206638,Sound_R,68.97201402303084
1507530207403,Sound_C,68.48858005754495
1507530215914,Sound_P,60.20329792798059
1507530215926,PodiumIR,104
1507530216638,Sound_R,71.8638860712034
1507530217403,Sound_C,69.78572356328726
1507530225928,Sound_P,57.472817393488484
1507530225930,PodiumIR,90
1507530226638,Sound_R,72.6643704849406
1507530227403,Sound_C,68.75980202067939
1507530235932,Sound_P,65.24535518573873
1507530235935,PodiumIR,124
1507530236638,Sound_R,70.42869121121616
1507530237403,Sound_C,67.62377411118558
1507530245936,Sound_P,66.44593723960276
1507530245939,PodiumIR,120
1507530246638,Sound_R,71.21221512871854
1507530247403,Sound_C,68.74501270048944
1507530255940,Sound_P,70.987085069563
1507530255943,PodiumIR,117
1507530256638,Sound_R,73.12379208263843
1507530257403,Sound_C,69.47109074835063
1507530265952,Sound_P,62.551438321825636
1507530265954,PodiumIR,173
1507530266638,Sound_R,72.38881397044504
1507530267403,Sound_C,69.5574190316727
1507530275956,Sound_P,60.20329792798059
1507530275960,PodiumIR,159
1507530276638,Sound_R,70.39392170995016
1507530277403,Sound_C,68.80733025706405
1507530285961,Sound_P,61.023021476191225
1507530285967,PodiumIR,137
1507530286638,Sound_R,71.05022651695339
1507530287403,Sound_C,69.92139808438982
1507530295976,Sound_P,65.24535518573873
1507530295978,PodiumIR,155
1507530296638,Sound_R,73.44392906397833
1507530297403,Sound_C,71.92181947903241
1507530305980,Sound_P,70.0787016850011
1507530305983,PodiumIR,169
1507530306638,Sound_R,72.9434091220282
1507530307403,Sound_C,72.73529455276741
1507530315985,Sound_P,60.20329792798059
1507530315988,PodiumIR,178
1507530316638,Sound_R,71.51187493088166
1507530317403,Sound_C,70.6744580019501
1507530325990,Sound_P,61.023021476191225
1507530325997,PodiumIR,152
1507530326638,Sound_R,70.34117721210045
1507530327403,Sound_C,66.64881480847966
1507530336006,Sound_P,62.551438321825636
1507530336008,PodiumIR,192
1507530336638,Sound_R,68.80736266411576
1507530337403,Sound_C,64.60447106901817
1507530346010,Sound_P,76.89092096632638
1507530346013,PodiumIR,199
1507530346638,Sound_R,70.03182347847932
1507530347403,Sound_C,66.33962071865696
1507530356014,Sound_P,58.433135904413454
1507530356017,PodiumIR,199
1507530356638,Sound_R,74.11867622091894
1507530357403,Sound_C,68.61043902258099
1507530366019,Sound_P,73.06392314376754
1507530366021,PodiumIR,184
1507530366638,Sound_R,76.38020943891738
1507530367403,Sound_C,70.21485365282132
1507530376023,Sound_P,81.95600907073411
1507530376030,PodiumIR,156
1507530376638,Sound_R,72.4682715992955
1507530377403,Sound_C,70.34896075552871
1507530386032,Sound_P,67.01551720930587
1507530386034,PodiumIR,161
1507530386638,Sound_R,74.30571670053152
1507530387403,Sound_C,69.56229902018157
1507530396036,Sound_P,75.59789851419828
1507530396039,PodiumIR,167
1507530396638,Sound_R,78.99228743560987
1507530397403,Sound_C,70.49440074423491
1507530406040,Sound_P,61.80460425887306
1507530406042,PodiumIR,173
1507530406638,Sound_R,75.81660351606187
1507530407403,Sound_C,72.53016306622
1507530416044,Sound_P,61.023021476191225
1507530416047,PodiumIR,166
1507530416638,Sound_R,75.6014669546373
1507530417403,Sound_C,75.68853020241495
1507530426048,Sound_P,69.60540278108363
1507530426051,PodiumIR,204
1507530426638,Sound_R,78.82137743545154
1507530427403,Sound_C,77.11400466958219
1507530436052,Sound_P,61.023021476191225
1507530436055,PodiumIR,174
1507530436638,Sound_R,78.59962805561968
1507530437403,Sound_C,75.98558908021936
1507530446057,Sound_P,61.023021476191225
1507530446060,PodiumIR,193
1507530446638,Sound_R,75.7061185898436
1507530447403,Sound_C,74.38275735550188
1507530456069,Sound_P,78.6610829898935
1507530456072,PodiumIR,183
1507530456638,Sound_R,75.83925140333267
1507530457403,Sound_C,75.0069892494575
1507530466074,Sound_P,83.90929007328671
1507530466076,PodiumIR,181
1507530466638,Sound_R,78.30832128141486
1507530467403,Sound_C,72.35297769531383
1507530476079,Sound_P,59.341519288975356
1507530476081,PodiumIR,183
1507530476638,Sound_R,76.59849270870195
1507530477403,Sound_C,72.0400279133477
1507530486086,Sound_P,63.26648240367583
1507530486089,PodiumIR,182
1507530486638,Sound_R,75.57055424005887
1507530487403,Sound_C,73.69884200214385
1507530496095,Sound_P,77.19920484509075
1507530496097,PodiumIR,140
1507530496638,Sound_R,75.61692170306655
1507530497403,Sound_C,72.42326875993068
1507530506104,Sound_P,63.26648240367583
1507530506106,PodiumIR,113
1507530506638,Sound_R,75.79826569123446
1507530507403,Sound_C,72.60094291223818
1507530516108,Sound_P,89.59160468863095
1507530516111,PodiumIR,203
1507530516638,Sound_R,75.38220869462904
1507530517403,Sound_C,70.70879778660823
1507530526115,Sound_P,59.341519288975356
1507530526117,PodiumIR,125
1507530526638,Sound_R,74.22694285954509
1507530527403,Sound_C,70.05789883613727
1507530536119,Sound_P,62.551438321825636
1507530536122,PodiumIR,165
1507530536638,Sound_R,75.36025219397719
1507530537403,Sound_C,73.22218508039491
1507530546123,Sound_P,76.25684571588656
1507530546126,PodiumIR,173
1507530546638,Sound_R,77.81528620325189
1507530547403,Sound_C,75.03036301176213
1507530556128,Sound_P,61.80460425887306
1507530556130,PodiumIR,150
1507530556638,Sound_R,78.04308900562607
1507530557403,Sound_C,73.91884368816375
1507530566132,Sound_P,74.55832985633069
1507530566134,PodiumIR,174
1507530566638,Sound_R,75.11699197624533
1507530567403,Sound_C,72.7228283410337
1507530576136,Sound_P,89.59160468863095
1507530576138,PodiumIR,191
1507530576638,Sound_R,73.6931003783236
1507530577403,Sound_C,72.06446198785837
1507530586142,Sound_P,63.95233273361063
1507530586144,PodiumIR,187
1507530586638,Sound_R,75.21121051478245
1507530587403,Sound_C,72.69635523948148
1507530596147,Sound_P,63.26648240367583
1507530596150,PodiumIR,197
1507530596638,Sound_R,76.77474376471396
1507530597403,Sound_C,73.17437235121713
1507530606154,Sound_P,63.26648240367583
1507530606156,PodiumIR,178
1507530606638,Sound_R,75.60074021801323
1507530607403,Sound_C,72.4472769701028
1507530616161,Sound_P,59.341519288975356
1507530616163,PodiumIR,202
1507530616638,Sound_R,75.78341483611503
1507530617403,Sound_C,73.89214536697754
1507530626168,Sound_P,80.51504069838761
1507530626171,PodiumIR,181
1507530626638,Sound_R,76.60013983867822
1507530627403,Sound_C,73.7582357561883
1507530636176,Sound_P,61.80460425887306
1507530636178,PodiumIR,98
1507530636638,Sound_R,75.56493033745767
1507530637403,Sound_C,73.5790884134341
1507530646184,Sound_P,61.023021476191225
1507530646186,PodiumIR,104
1507530646638,Sound_R,76.93790805714333
1507530647403,Sound_C,75.52106969392919
1507530656189,Sound_P,79.48080653810413
1507530656191,PodiumIR,96
1507530656638,Sound_R,77.31447056410852
1507530657403,Sound_C,76.70562928779528
1507530666198,Sound_P,76.89092096632638
1507530666201,PodiumIR,94
1507530666638,Sound_R,74.080787105073
1507530667403,Sound_C,74.13456935511878
1507530676203,Sound_P,61.023021476191225
1507530676205,PodiumIR,134
1507530676638,Sound_R,72.9139916228521
1507530677403,Sound_C,71.37187420928247
1507530686207,Sound_P,76.25684571588656
1507530686210,PodiumIR,95
1507530686638,Sound_R,75.43826229455601
1507530687403,Sound_C,73.09461164668636
1507530696221,Sound_P,84.11294105159064
1507530696224,PodiumIR,155
1507530696638,Sound_R,75.71180666769988
1507530697403,Sound_C,73.90569092969314
1507530706225,Sound_P,81.48928461417114
1507530706227,PodiumIR,210
1507530706638,Sound_R,73.01669470741409
1507530707403,Sound_C,71.5121025066717
1507530716229,Sound_P,67.56641902255494
1507530716232,PodiumIR,177
1507530716638,Sound_R,71.78752317243129
1507530717403,Sound_C,71.41137066551478
1507530726234,Sound_P,57.472817393488484
1507530726236,PodiumIR,174
1507530726638,Sound_R,71.18311397749086
1507530727403,Sound_C,72.30425689438728
1507530736238,Sound_P,80.26238932078596
1507530736240,PodiumIR,95
1507530736638,Sound_R,71.63661712461871
1507530737403,Sound_C,71.74700453826013
1507530746242,Sound_P,59.341519288975356
1507530746245,PodiumIR,96
1507530746638,Sound_R,74.72670241596829
1507530747403,Sound_C,72.59044113537652
1507530756247,Sound_P,62.551438321825636
1507530756263,PodiumIR,116
1507530756638,Sound_R,77.69303148927956
1507530757403,Sound_C,74.11007576060439
1507530766265,Sound_P,68.0998289029382
1507530766268,PodiumIR,91
1507530766638,Sound_R,75.30027397020275
1507530767403,Sound_C,75.17252115434547
1507530776270,Sound_P,62.551438321825636
1507530776272,PodiumIR,153
1507530776638,Sound_R,74.22034216130241
1507530777403,Sound_C,75.55252030952839
1507530786274,Sound_P,63.26648240367583
1507530786276,PodiumIR,177
1507530786638,Sound_R,73.37824030254173
1507530787403,Sound_C,72.73043884169842
1507530796278,Sound_P,61.80460425887306
1507530796280,PodiumIR,89
1507530796638,Sound_R,72.4114199860103
1507530797403,Sound_C,69.67909338124177
1507530806282,Sound_P,61.80460425887306
1507530806285,PodiumIR,88
1507530806638,Sound_R,73.56926520588391
1507530807403,Sound_C,72.23470488361146
1507530816286,Sound_P,78.09150302019039
1507530816289,PodiumIR,88
1507530816638,Sound_R,75.15940274996797
1507530817403,Sound_C,74.97068147248007
1507530826291,Sound_P,78.6610829898935
1507530826293,PodiumIR,108
1507530826638,Sound_R,76.31700835952238
1507530827403,Sound_C,75.41212418880463
1507530836295,Sound_P,90.1660538077668
1507530836298,PodiumIR,108
1507530836638,Sound_R,74.01875354016401
1507530837403,Sound_C,73.44955587679453
1507530846300,Sound_P,59.341519288975356
1507530846302,PodiumIR,111
1507530846638,Sound_R,74.33794114546485
1507530847403,Sound_C,71.27758734133259
1507530856304,Sound_P,81.72426746558874
1507530856306,PodiumIR,102
1507530856638,Sound_R,76.51001484850411
1507530857403,Sound_C,71.64948740718474
1507530866313,Sound_P,72.26372429269907
1507530866316,PodiumIR,174
1507530866638,Sound_R,76.6858091067003
1507530867403,Sound_C,75.54912243376596
1507530876318,Sound_P,58.433135904413454
1507530876320,PodiumIR,178
1507530876638,Sound_R,77.06271604309318
1507530877403,Sound_C,74.47680523160358
1507530886329,Sound_P,76.89092096632638
1507530886332,PodiumIR,158
1507530886638,Sound_R,76.9400755455978
1507530887403,Sound_C,73.17887960691188
1507530896333,Sound_P,78.9387917919758
1507530896336,PodiumIR,165
1507530896638,Sound_R,76.87661498357586
1507530897403,Sound_C,75.1057234578228
1507530906338,Sound_P,76.89092096632638
1507530906340,PodiumIR,100
1507530906638,Sound_R,78.90302517687013
1507530907403,Sound_C,74.75618814796682
1507530916342,Sound_P,62.551438321825636
1507530916344,PodiumIR,118
1507530916638,Sound_R,80.71464987172855
1507530917403,Sound_C,75.78492121543066
1507530926346,Sound_P,67.56641902255494
1507530926350,PodiumIR,77
1507530926638,Sound_R,77.39785355427342
1507530927403,Sound_C,79.29334608697347
1507530936352,Sound_P,82.41011779552353
1507530936354,PodiumIR,94
1507530936638,Sound_R,75.12947327994577
1507530937403,Sound_C,80.23522932917838
1507530946356,Sound_P,76.89092096632638
1507530946360,PodiumIR,101
1507530946638,Sound_R,78.04365287666505
1507530947403,Sound_C,79.04944549392968
1507530956362,Sound_P,61.023021476191225
1507530956364,PodiumIR,116
1507530956638,Sound_R,80.72605582028625
1507530957403,Sound_C,77.55311810880838
1507530966366,Sound_P,70.987085069563
1507530966369,PodiumIR,104
1507530966638,Sound_R,80.39747655486696
1507530967403,Sound_C,75.7168897070443
1507530976371,Sound_P,78.9387917919758
1507530976373,PodiumIR,108
1507530976638,Sound_R,79.13689697338735
1507530977403,Sound_C,77.46227817065453
1507530986375,Sound_P,61.80460425887306
1507530986377,PodiumIR,94
1507530986638,Sound_R,80.12166549131264
1507530987403,Sound_C,77.86349011718097
1507530996379,Sound_P,61.023021476191225
1507530996382,PodiumIR,94
1507530996638,Sound_R,81.78400337424124
1507530997403,Sound_C,75.05489892330127
1507531006384,Sound_P,65.8563679754536
1507531006386,PodiumIR,162
1507531006638,Sound_R,79.96472069744904
1507531007403,Sound_C,74.93719571018286
1507531016388,Sound_P,58.433135904413454
1507531016391,PodiumIR,130
1507531016638,Sound_R,77.60452704920891
1507531017403,Sound_C,77.88789286137717
1507531026392,Sound_P,75.25847282855663
1507531026394,PodiumIR,102
1507531026638,Sound_R,78.72253497835378
1507531027403,Sound_C,76.3390844740224
1507531036396,Sound_P,65.8563679754536
1507531036399,PodiumIR,108
1507531036638,Sound_R,77.65077201149012
1507531037403,Sound_C,75.38267430628993
1507531046400,Sound_P,61.023021476191225
1507531046403,PodiumIR,158
1507531046638,Sound_R,77.05566585763513
1507531047403,Sound_C,75.38308554773067
1507531056404,Sound_P,81.72426746558874
1507531056407,PodiumIR,107
1507531056638,Sound_R,77.81157616818315
1507531057403,Sound_C,73.87788061770893
1507531066409,Sound_P,82.85227489256374
1507531066411,PodiumIR,103
1507531066638,Sound_R,77.91117295466755
1507531067403,Sound_C,75.42681736035168
1507531076413,Sound_P,73.06392314376754
1507531076416,PodiumIR,101
1507531076638,Sound_R,79.90499813092755
1507531077403,Sound_C,75.1429311737712
1507531086417,Sound_P,66.44593723960276
1507531086420,PodiumIR,91
1507531086638,Sound_R,79.28470385135381
1507531087403,Sound_C,73.99977141679567
1507531096422,Sound_P,79.74539468352583
1507531096424,PodiumIR,145
1507531096638,Sound_R,76.8216680699744
1507531097403,Sound_C,74.55259204459206
1507531106426,Sound_P,61.80460425887306
1507531106429,PodiumIR,156
1507531106638,Sound_R,76.52817072830209
1507531107403,Sound_C,75.9309471995128
1507531116430,Sound_P,58.433135904413454
1507531116433,PodiumIR,164
1507531116638,Sound_R,77.54401591531621
1507531117403,Sound_C,76.17812357850705
1507531126434,Sound_P,83.06906499721183
1507531126437,PodiumIR,174
1507531126638,Sound_R,80.42877133316613
1507531127403,Sound_C,75.71621707434396
1507531136438,Sound_P,71.84886370856825
1507531136440,PodiumIR,164
1507531136638,Sound_R,80.98865089714042
1507531137403,Sound_C,74.00385352250123
1507531146442,Sound_P,72.66858725677886
1507531146444,PodiumIR,148
1507531146638,Sound_R,76.83443060626
1507531147403,Sound_C,72.49192131749045
1507531156446,Sound_P,76.57687443958919
1507531156453,PodiumIR,130
1507531156638,Sound_R,75.69658803911626
1507531157403,Sound_C,73.41897031964476
1507531166455,Sound_P,61.80460425887306
1507531166458,PodiumIR,199
1507531166638,Sound_R,72.8465870408698
1507531167403,Sound_C,68.09850646642333
1507531176460,Sound_P,63.26648240367583
1507531176462,PodiumIR,145
1507531176638,Sound_R,65.29277339935446
1507531177403,Sound_C,62.43803518321124
1507531186464,Sound_P,63.95233273361063
1507531186467,PodiumIR,178
1507531186638,Sound_R,63.212158042319196
1507531187403,Sound_C,61.87532518049338
1507531196468,Sound_P,78.09150302019039
1507531196481,PodiumIR,198
1507531196638,Sound_R,66.75933872414267
1507531197403,Sound_C,66.14139141570219
1507531206483,Sound_P,61.023021476191225
1507531206486,PodiumIR,202
1507531206638,Sound_R,72.09114472340173
1507531207403,Sound_C,70.25982764525158
1507531216488,Sound_P,64.61127993529891
1507531216490,PodiumIR,211
1507531216638,Sound_R,71.09681049192206
1507531217403,Sound_C,68.38125291891852
1507531226492,Sound_P,79.74539468352583
1507531226494,PodiumIR,198
1507531226638,Sound_R,65.28526413377716
1507531227403,Sound_C,67.60319536215535
1507531236496,Sound_P,82.18459763092324
1507531236499,PodiumIR,184
1507531236638,Sound_R,71.64695592148607
1507531237403,Sound_C,70.72164065441784
1507531246500,Sound_P,62.551438321825636
1507531246503,PodiumIR,179
1507531246638,Sound_R,74.270789734563
1507531247403,Sound_C,69.58289764597363
1507531256505,Sound_P,61.80460425887306
1507531256507,PodiumIR,207
1507531256638,Sound_R,65.94098080710499
1507531257403,Sound_C,66.02251174997618
1507531266509,Sound_P,59.341519288975356
1507531266512,PodiumIR,201
1507531266638,Sound_R,65.91307895926565
1507531267403,Sound_C,65.04819705869205
1507531276513,Sound_P,65.8563679754536
1507531276515,PodiumIR,212
1507531276638,Sound_R,69.38446106917569
1507531277403,Sound_C,64.24153047081201
1507531286520,Sound_P,65.8563679754536
1507531286523,PodiumIR,213
1507531286638,Sound_R,69.68508733325636
1507531287403,Sound_C,66.1980631173815
1507531296525,Sound_P,66.44593723960276
1507531296527,PodiumIR,183
1507531296638,Sound_R,68.83501352186777
1507531297403,Sound_C,67.40559471049
1507531306529,Sound_P,65.8563679754536
1507531306531,PodiumIR,209
1507531306638,Sound_R,70.35520675328371
1507531307403,Sound_C,67.10023842100372
1507531316533,Sound_P,63.95233273361063
1507531316536,PodiumIR,188
1507531316638,Sound_R,70.95317531301758
1507531317403,Sound_C,67.76527825461427
1507531326537,Sound_P,69.60540278108363
1507531326542,PodiumIR,196
1507531326638,Sound_R,70.25351390017228
1507531327403,Sound_C,67.61173201061156
1507531336546,Sound_P,65.24535518573873
1507531336548,PodiumIR,184
1507531336638,Sound_R,70.2360518205936
1507531337403,Sound_C,68.16592660643896
1507531346557,Sound_P,66.44593723960276
1507531346559,PodiumIR,182
1507531346638,Sound_R,71.21294823206773
1507531347403,Sound_C,68.8413452128493
1507531356561,Sound_P,75.93060245540138
1507531356564,PodiumIR,213
1507531356638,Sound_R,71.52717007284299
1507531357403,Sound_C,70.60762256026487
1507531366567,Sound_P,65.24535518573873
1507531366570,PodiumIR,218
1507531366638,Sound_R,70.5658518483044
1507531367403,Sound_C,69.83869456086418
1507531376572,Sound_P,61.023021476191225
1507531376575,PodiumIR,209
1507531376638,Sound_R,70.53335379941403
1507531377403,Sound_C,65.7852674567267
1507531386576,Sound_P,64.61127993529891
1507531386579,PodiumIR,212
1507531386638,Sound_R,72.3609249143753
1507531387403,Sound_C,66.93442512564086
1507531396580,Sound_P,62.551438321825636
1507531396583,PodiumIR,121
1507531396638,Sound_R,71.7879744817532
1507531397403,Sound_C,68.90331762064476
1507531406584,Sound_P,65.8563679754536
1507531406587,PodiumIR,211
1507531406638,Sound_R,70.9732770223829
1507531407403,Sound_C,68.52760325880426
1507531416589,Sound_P,69.11838317407611
1507531416591,PodiumIR,206
1507531416638,Sound_R,69.57141002223419
1507531417403,Sound_C,66.91126797969447
1507531426593,Sound_P,71.42349921662418
1507531426595,PodiumIR,176
1507531426638,Sound_R,69.31536567751931
1507531427403,Sound_C,67.698754117734
1507531436597,Sound_P,59.341519288975356
1507531436600,PodiumIR,206
1507531436638,Sound_R,70.96657468353675
1507531437403,Sound_C,68.31523175200061
1507531446601,Sound_P,72.66858725677886
1507531446604,PodiumIR,115
1507531446638,Sound_R,71.45228515575376
1507531447403,Sound_C,66.56034831480828
1507531456605,Sound_P,67.01551720930587
1507531456608,PodiumIR,176
1507531456638,Sound_R,71.19018533342434
1507531457403,Sound_C,66.67678315333954
1507531466616,Sound_P,62.551438321825636
1507531466619,PodiumIR,191
1507531466638,Sound_R,69.77851300759876
1507531467403,Sound_C,68.41960626416343
1507531476621,Sound_P,68.61682354019833
1507531476633,PodiumIR,184
1507531476638,Sound_R,70.16185367115409
1507531477403,Sound_C,67.8954141696753
1507531486635,Sound_P,61.80460425887306
1507531486638,PodiumIR,209
1507531486638,Sound_R,71.08463635609142
1507531487403,Sound_C,66.59366069469928
1507531496638,Sound_R,70.9658704776573
1507531496640,Sound_P,67.56641902255494
1507531496642,PodiumIR,210
1507531497403,Sound_C,68.46442613206665
1507531506638,Sound_R,71.33570590437252
1507531506651,Sound_P,75.25847282855663
1507531506653,PodiumIR,203
1507531507403,Sound_C,70.45271688787768
1507531516638,Sound_R,71.94657905778911
1507531516665,Sound_P,67.01551720930587
1507531516668,PodiumIR,120
1507531517403,Sound_C,70.94523771202502
1507531526638,Sound_R,70.15742671921923
1507531526670,Sound_P,62.551438321825636
1507531526672,PodiumIR,220
1507531527403,Sound_C,68.92264220888372
1507531536638,Sound_R,69.01733514768132
1507531536674,Sound_P,58.433135904413454
1507531536676,PodiumIR,210
1507531537403,Sound_C,69.12356446174748
1507531546638,Sound_R,71.9944364784119
1507531546678,Sound_P,81.00922338373856
1507531546680,PodiumIR,113
1507531547403,Sound_C,71.97141609814868
1507531556638,Sound_R,72.85229464435469
1507531556682,Sound_P,70.0787016850011
1507531556685,PodiumIR,119
1507531557403,Sound_C,70.58263541927599
1507531566638,Sound_R,72.97571395009896
1507531566686,Sound_P,70.5390318503356
1507531566689,PodiumIR,186
1507531567403,Sound_C,69.0075754656264
1507531576638,Sound_R,71.60133769306208
1507531576690,Sound_P,72.26372429269907
1507531576693,PodiumIR,199
1507531577403,Sound_C,69.26389999597363
1507531586638,Sound_R,74.27153917526981
1507531586695,Sound_P,75.93060245540138
1507531586697,PodiumIR,98
1507531587403,Sound_C,71.90088289452457
1507531596638,Sound_R,76.4235652346606
1507531596699,Sound_P,67.01551720930587
1507531596701,PodiumIR,97
1507531597403,Sound_C,75.39984453917151
1507531606638,Sound_R,75.12439415246781
1507531606703,Sound_P,61.80460425887306
1507531606709,PodiumIR,116
1507531607403,Sound_C,73.73013598084307
1507531616638,Sound_R,74.10648947190937
1507531616711,Sound_P,73.82773649063114
1507531616713,PodiumIR,203
1507531617403,Sound_C,72.74460158320794
1507531626638,Sound_R,71.05009081079147
1507531626715,Sound_P,61.80460425887306
1507531626717,PodiumIR,229
1507531627403,Sound_C,71.78267824721877
1507531636638,Sound_R,70.23813093935756
1507531636719,Sound_P,61.023021476191225
1507531636722,PodiumIR,240
1507531637403,Sound_C,70.57855253555503
1507531646638,Sound_R,74.20762794914914
1507531646724,Sound_P,70.987085069563
1507531646726,PodiumIR,138
1507531647403,Sound_C,70.92880762124402
1507531656638,Sound_R,73.85153308851554
1507531656728,Sound_P,73.45017003946069
1507531656731,PodiumIR,113
1507531657403,Sound_C,69.2100804238486
1507531666638,Sound_R,71.71664650789889
1507531666732,Sound_P,65.8563679754536
1507531666735,PodiumIR,103
1507531667403,Sound_C,67.84870326840313
1507531676638,Sound_R,70.22683558848075
1507531676736,Sound_P,59.341519288975356
1507531676740,PodiumIR,214
1507531677403,Sound_C,68.36269366153128
1507531686638,Sound_R,70.30985873121028
1507531686742,Sound_P,68.0998289029382
1507531686744,PodiumIR,214
1507531687403,Sound_C,69.80516179743772
1507531696638,Sound_R,70.34235506273727
1507531696746,Sound_P,70.0787016850011
1507531696754,PodiumIR,151
1507531697403,Sound_C,68.45106760198433
1507531706638,Sound_R,69.33900983179682
1507531706756,Sound_P,70.5390318503356
1507531706760,PodiumIR,157
1507531707403,Sound_C,68.92805386926469
1507531716638,Sound_R,70.6341379745391
1507531716762,Sound_P,61.80460425887306
1507531716771,PodiumIR,163
1507531717403,Sound_C,68.89425280160296
1507531726638,Sound_R,71.09802742704964
1507531726774,Sound_P,67.56641902255494
1507531726776,PodiumIR,155
1507531727403,Sound_C,67.39276711734284
1507531736638,Sound_R,69.91319080308654
1507531736778,Sound_P,61.023021476191225
1507531736783,PodiumIR,200
1507531737403,Sound_C,66.89148778850308
1507531746638,Sound_R,69.97176656526828
1507531746786,Sound_P,67.01551720930587
1507531746788,PodiumIR,205
1507531747403,Sound_C,66.73090931418655
1507531756638,Sound_R,73.34740842406869
1507531756790,Sound_P,69.60540278108363
1507531756793,PodiumIR,165
1507531757403,Sound_C,70.2977510853885
1507531766638,Sound_R,73.7613217173423
1507531766794,Sound_P,60.20329792798059
1507531766797,PodiumIR,129
1507531767403,Sound_C,71.55534512474931
1507531776638,Sound_R,73.71649054360664
1507531776798,Sound_P,68.0998289029382
1507531776801,PodiumIR,214
1507531777403,Sound_C,71.20517162529039
1507531786638,Sound_R,74.17805924091563
1507531786803,Sound_P,66.44593723960276
1507531786805,PodiumIR,125
1507531787403,Sound_C,72.29142885866753
1507531796638,Sound_R,71.25907791635444
1507531796807,Sound_P,59.341519288975356
1507531796809,PodiumIR,123
1507531797403,Sound_C,70.34796191209966
1507531806638,Sound_R,71.19129586089623
1507531806811,Sound_P,65.8563679754536
1507531806814,PodiumIR,218
1507531807403,Sound_C,69.64528916177775
1507531816638,Sound_R,72.73269875392573
1507531816815,Sound_P,61.023021476191225
1507531816818,PodiumIR,117
1507531817403,Sound_C,71.61089698270025
1507531826638,Sound_R,70.19382733336748
1507531826819,Sound_P,76.89092096632638
1507531826822,PodiumIR,256
1507531827403,Sound_C,70.69086302953302
1507531836638,Sound_R,69.52666199215622
1507531836823,Sound_P,66.44593723960276
1507531836826,PodiumIR,179
1507531837403,Sound_C,68.74000250084895
1507531846638,Sound_R,70.25637113429768
1507531846835,Sound_P,63.95233273361063
1507531846837,PodiumIR,119
1507531847403,Sound_C,67.5459560463391
1507531856638,Sound_R,69.94337297562254
1507531856839,Sound_P,68.61682354019833
1507531856841,PodiumIR,120
1507531857403,Sound_C,67.54288589687995
1507531866638,Sound_R,72.39223529743124
1507531866843,Sound_P,62.551438321825636
1507531866846,PodiumIR,108
1507531867403,Sound_C,68.31113309919837
1507531876638,Sound_R,70.84146900789547
1507531876848,Sound_P,62.551438321825636
1507531876850,PodiumIR,136
1507531877403,Sound_C,68.07368766198104
1507531886638,Sound_R,66.79227333203346
1507531886852,Sound_P,69.60540278108363
1507531886863,PodiumIR,121
1507531887403,Sound_C,66.39397186587966
1507531896638,Sound_R,67.2381406032243
1507531896865,Sound_P,73.45017003946069
1507531896867,PodiumIR,120
1507531897403,Sound_C,66.76522429812606
1507531906638,Sound_R,70.36530110450565
1507531906869,Sound_P,58.433135904413454
1507531906878,PodiumIR,133
1507531907403,Sound_C,67.81287612957743
1507531916638,Sound_R,72.07978384425368
1507531916880,Sound_P,62.551438321825636
1507531916882,PodiumIR,192
1507531917403,Sound_C,68.51469423906228
1507531926638,Sound_R,70.00930604063241
1507531926884,Sound_P,67.56641902255494
1507531926887,PodiumIR,216
1507531927403,Sound_C,66.51084898914401
1507531936638,Sound_R,71.40874461466115
1507531936889,Sound_P,61.80460425887306
1507531936891,PodiumIR,120
1507531937403,Sound_C,67.6506988543329
1507531946638,Sound_R,73.89848743227259
1507531946893,Sound_P,78.6610829898935
1507531946896,PodiumIR,150
1507531947403,Sound_C,70.11215926503702
1507531956638,Sound_R,71.60311770455849
1507531956897,Sound_P,72.66858725677886
1507531956900,PodiumIR,129
1507531957403,Sound_C,70.11851489377801
1507531966638,Sound_R,72.11998977570242
1507531966901,Sound_P,73.06392314376754
1507531966903,PodiumIR,162
1507531967403,Sound_C,70.84291180116382
1507531976638,Sound_R,71.84447895206551
1507531976905,Sound_P,60.20329792798059
1507531976908,PodiumIR,162
1507531977403,Sound_C,69.56264881275858
1507531986638,Sound_R,71.97361549564748
1507531986917,Sound_P,73.45017003946069
1507531986919,PodiumIR,140
1507531987403,Sound_C,69.49807873330577
1507531996638,Sound_R,73.20902442138798
1507531996921,Sound_P,67.01551720930587
1507531996923,PodiumIR,128
1507531997403,Sound_C,69.18125269353294
1507532006638,Sound_R,71.64461048254931
1507532006925,Sound_P,68.0998289029382
1507532006928,PodiumIR,138
1507532007403,Sound_C,69.05559566269739
1507532016638,Sound_R,71.8633700469168
1507532016930,Sound_P,68.0998289029382
1507532016932,PodiumIR,140
1507532017403,Sound_C,71.00838154676707
1507532026638,Sound_R,72.4050772390931
1507532026934,Sound_P,74.91204818426347
1507532026936,PodiumIR,142
1507532027403,Sound_C,71.35081547736313
1507532036638,Sound_R,76.02403442206038
1507532036938,Sound_P,69.11838317407611
1507532036941,PodiumIR,260
1507532037403,Sound_C,73.36243056274255
1507532046638,Sound_R,75.50371120309507
1507532046942,Sound_P,67.01551720930587
1507532046945,PodiumIR,245
1507532047403,Sound_C,73.87703125385748
1507532056638,Sound_R,72.0082466641221
1507532056946,Sound_P,61.023021476191225
1507532056949,PodiumIR,251
1507532057403,Sound_C,70.32719328293949
1507532066640,Sound_R,68.55573213925854
1507532066951,Sound_P,58.433135904413454
1507532066953,PodiumIR,164
1507532067403,Sound_C,66.0645346365351
1507532076638,Sound_R,66.45517483639783
1507532076955,Sound_P,60.20329792798059
1507532076957,PodiumIR,172
1507532077403,Sound_C,66.35784356738276
1507532086638,Sound_R,67.86853556533094
1507532086959,Sound_P,60.20329792798059
1507532086962,PodiumIR,113
1507532087403,Sound_C,68.20340620503525
1507532096638,Sound_R,67.62322051038034
1507532096964,Sound_P,62.551438321825636
1507532096966,PodiumIR,110
1507532097403,Sound_C,67.1948941339707
1507532106638,Sound_R,69.65529522133795
1507532106968,Sound_P,72.66858725677886
1507532106970,PodiumIR,128
1507532107403,Sound_C,68.0208358390307
1507532116638,Sound_R,75.0417480493585
1507532116972,Sound_P,62.551438321825636
1507532116975,PodiumIR,96
1507532117403,Sound_C,73.85028254151142
1507532126638,Sound_R,76.42930711839622
1507532126976,Sound_P,69.60540278108363
1507532126979,PodiumIR,110
1507532127403,Sound_C,77.0030480090456
1507532136638,Sound_R,73.86000595872257
1507532136985,Sound_P,61.023021476191225
1507532136987,PodiumIR,118
1507532137403,Sound_C,73.11379635550361
1507532146638,Sound_R,71.59931087518896
1507532146995,Sound_P,71.84886370856825
1507532146997,PodiumIR,228
1507532147403,Sound_C,70.7545075378312
1507532156638,Sound_R,69.14243400207651
1507532156999,Sound_P,65.24535518573873
1507532157002,PodiumIR,229
1507532157403,Sound_C,69.18848312364014
1507532166638,Sound_R,71.20184411385772
1507532167004,Sound_P,65.8563679754536
1507532167006,PodiumIR,104
1507532167403,Sound_C,68.44284417410206
1507532176638,Sound_R,71.76117951501651
1507532177008,Sound_P,65.8563679754536
1507532177010,PodiumIR,104
1507532177403,Sound_C,69.40643194526906
1507532186638,Sound_R,71.83073989641268
1507532187012,Sound_P,65.24535518573873
1507532187015,PodiumIR,118
1507532187403,Sound_C,72.07687758101902
1507532196638,Sound_R,69.36252139373137
1507532197016,Sound_P,62.551438321825636
1507532197019,PodiumIR,113
1507532197403,Sound_C,69.68350924799081
1507532206638,Sound_R,66.6296368580228
1507532207021,Sound_P,76.25684571588656
1507532207023,PodiumIR,106
1507532207403,Sound_C,67.96969016418137
1507532216638,Sound_R,69.4257045971163
1507532217025,Sound_P,63.95233273361063
1507532217028,PodiumIR,158
1507532217403,Sound_C,70.39950184926721
1507532226638,Sound_R,69.56714767313916
1507532227030,Sound_P,69.60540278108363
1507532227032,PodiumIR,167
1507532227403,Sound_C,70.12991093662174
1507532236638,Sound_R,68.25145156164092
1507532237034,Sound_P,63.26648240367583
1507532237037,PodiumIR,169
1507532237403,Sound_C,68.87502693046851
1507532246638,Sound_R,69.59124836976198
1507532247044,Sound_P,73.45017003946069
1507532247046,PodiumIR,185
1507532247403,Sound_C,69.03246207087524
1507532256638,Sound_R,70.9458547930327
1507532257048,Sound_P,63.26648240367583
1507532257051,PodiumIR,183
1507532257403,Sound_C,70.27756321503097
1507532266638,Sound_R,70.2301227495571
1507532267053,Sound_P,68.61682354019833
1507532267055,PodiumIR,107
1507532267403,Sound_C,70.91672658885845
1507532276638,Sound_R,70.79869808532867
1507532277057,Sound_P,62.551438321825636
1507532277060,PodiumIR,105
1507532277403,Sound_C,69.8519448774524
1507532286638,Sound_R,69.39985793135342
1507532287061,Sound_P,72.26372429269907
1507532287063,PodiumIR,172
1507532287403,Sound_C,67.9384363197995
1507532296638,Sound_R,70.18361864535011
1507532297065,Sound_P,63.95233273361063
1507532297067,PodiumIR,106
1507532297403,Sound_C,70.26433821599107
1507532306638,Sound_R,72.6850443461051
1507532307069,Sound_P,68.0998289029382
1507532307072,PodiumIR,212
1507532316959,Door,activate
