timestamp,sensor_name,value
1512383380768,Temperature_1,24.49
1512383380772,Humidity_1,13.655910179360902
1512383380779,Temperature_2,24.37
1512383380781,Humidity_2,13.285950537558431
1512383380784,Brightness_2,22.0
1512383383837,Door,activate
1512383383944,Sound_P,78.9387917919758
1512383383948,PodiumIR,92
1512383387438,Temperature_1,24.49
1512383387442,Humidity_1,13.655910179360902
1512383387449,Temperature_2,24.37
1512383387452,Humidity_2,13.285950537558431
1512383387456,Brightness_2,22.0
1512383393950,Sound_P,78.09150302019039
1512383393953,PodiumIR,104
1512383398210,Temperature_1,24.49
1512383398214,Humidity_1,13.655910179360902
1512383398221,Temperature_2,24.37
1512383398223,Humidity_2,13.285950537558431
1512383398228,Brightness_2,21.0
1512383403956,Sound_P,82.63265085015064
1512383403959,PodiumIR,95
1512383404620,Temperature_1,24.49
1512383404623,Humidity_1,13.655910179360902
1512383404630,Temperature_2,24.37
1512383404633,Humidity_2,13.285950537558431
1512383404636,Brightness_2,21.0
1512383411298,Temperature_1,24.49
1512383411301,Humidity_1,13.655910179360902
1512383411309,Temperature_2,24.37
1512383411311,Humidity_2,13.285950537558431
1512383411315,Brightness_2,21.0
1512383413962,Sound_P,82.41011779552353
1512383413965,PodiumIR,134
1512383417954,Temperature_1,24.49
1512383417958,Humidity_1,13.655910179360902
1512383417965,Temperature_2,24.37
1512383417968,Humidity_2,13.285950537558431
1512383417972,Brightness_2,21.0
1512383423968,Sound_P,79.21198480314258
1512383423971,PodiumIR,81
1512383424473,Temperature_1,24.49
1512383424476,Humidity_1,13.655910179360902
1512383424484,Temperature_2,24.37
1512383424487,Humidity_2,13.285950537558431
1512383424491,Brightness_2,21.0
1512383427797,Door,activate
1512383431174,Temperature_1,24.49
1512383431178,Humidity_1,13.655910179360902
1512383431185,Temperature_2,24.37
1512383431188,Humidity_2,13.285950537558431
1512383431190,Brightness_2,21.0
1512383433974,Sound_P,81.48928461417114
1512383433977,PodiumIR,84
1512383440928,Temperature_1,24.49
1512383440931,Humidity_1,13.655910179360902
1512383440938,Temperature_2,24.37
1512383440941,Humidity_2,13.285950537558431
1512383440944,Brightness_2,21.0
1512383443980,Sound_P,78.6610829898935
1512383443983,PodiumIR,100
1512383447749,Temperature_1,24.49
1512383447753,Humidity_1,13.655910179360902
1512383447760,Temperature_2,24.37
1512383447762,Humidity_2,13.285950537558431
1512383447765,Brightness_2,21.0
1512383453986,Sound_P,78.37870659506
1512383453989,PodiumIR,98
1512383454521,Temperature_1,24.49
1512383454524,Humidity_1,13.655910179360902
1512383454531,Temperature_2,24.37
1512383454534,Humidity_2,13.285950537558431
1512383454537,Brightness_2,21.0
1512383461107,Temperature_1,24.49
1512383461110,Humidity_1,13.655910179360902
1512383461117,Temperature_2,24.37
1512383461120,Humidity_2,13.285950537558431
1512383461123,Brightness_2,21.0
1512383463992,Sound_P,79.48080653810413
1512383463995,PodiumIR,90
1512383467835,Temperature_1,24.49
1512383467839,Humidity_1,13.655910179360902
1512383467846,Temperature_2,24.37
1512383467849,Humidity_2,13.285950537558431
1512383467851,Brightness_2,21.0
1512383473998,Sound_P,78.37870659506
1512383474001,PodiumIR,95
1512383474492,Temperature_1,24.49
1512383474495,Humidity_1,13.655910179360902
1512383474502,Temperature_2,24.37
1512383474505,Humidity_2,13.285950537558431
1512383474508,Brightness_2,21.0
1512383481279,Temperature_1,24.49
1512383481283,Humidity_1,13.655910179360902
1512383481290,Temperature_2,24.37
1512383481293,Humidity_2,13.285950537558431
1512383481295,Brightness_2,21.0
1512383484004,Sound_P,79.21198480314258
1512383484007,PodiumIR,81
1512383487830,Temperature_1,24.49
1512383487833,Humidity_1,13.655910179360902
1512383487840,Temperature_2,24.37
1512383487842,Humidity_2,13.285950537558431
1512383487845,Brightness_2,21.0
1512383494009,Sound_P,79.48080653810413
1512383494013,PodiumIR,118
1512383499268,Temperature_1,24.49
1512383499272,Humidity_1,13.655910179360902
1512383499278,Temperature_2,24.37
1512383499281,Humidity_2,13.285950537558431
1512383499283,Brightness_2,21.0
1512383504015,Sound_P,80.00588052151659
1512383504019,PodiumIR,98
1512383505703,Temperature_1,24.49
1512383505706,Humidity_1,13.655910179360902
1512383505713,Temperature_2,24.37
1512383505716,Humidity_2,13.285950537558431
1512383505719,Brightness_2,21.0
1512383512515,Temperature_1,24.49
1512383512518,Humidity_1,13.655910179360902
1512383512524,Temperature_2,24.37
1512383512526,Humidity_2,13.285950537558431
1512383512528,Brightness_2,21.0
1512383514022,Sound_P,77.79930435088828
1512383514024,PodiumIR,106
1512383519749,Temperature_1,24.49
1512383519752,Humidity_1,13.655910179360902
1512383519759,Temperature_2,24.37
1512383519761,Humidity_2,13.285950537558431
1512383519764,Brightness_2,21.0
1512383524026,Sound_P,78.09150302019039
1512383524030,PodiumIR,102
1512383533796,Temperature_1,24.49
1512383533799,Humidity_1,13.655910179360902
1512383533805,Temperature_2,24.37
1512383533816,Humidity_2,13.285950537558431
1512383533818,Brightness_2,22.0
1512383534032,Sound_P,77.79930435088828
1512383534035,PodiumIR,104
1512383540429,Door,activate
1512383540506,Temperature_1,24.49
1512383540509,Humidity_1,13.655910179360902
1512383540515,Temperature_2,24.37
1512383540518,Humidity_2,13.285950537558431
1512383540521,Brightness_2,22.0
1512383542956,Door,activate
1512383544038,Sound_P,79.74539468352583
1512383544041,PodiumIR,88
1512383547380,Door,activate
1512383547469,Door,activate
1512383549921,Temperature_1,24.49
1512383549925,Humidity_1,13.655910179360902
1512383549932,Temperature_2,24.37
1512383549934,Humidity_2,13.285950537558431
1512383549938,Brightness_2,22.0
1512383554044,Sound_P,77.79930435088828
1512383554048,PodiumIR,105
1512383556338,Temperature_1,24.49
1512383556341,Humidity_1,13.655910179360902
1512383556348,Temperature_2,24.37
1512383556351,Humidity_2,13.285950537558431
1512383556354,Brightness_2,22.0
1512383562769,Temperature_1,24.49
1512383562772,Humidity_1,13.655910179360902
1512383562776,Temperature_2,24.37
1512383562780,Humidity_2,13.285950537558431
1512383562783,Brightness_2,22.0
1512383564050,Sound_P,77.19920484509075
1512383564053,PodiumIR,98
1512383569655,Temperature_1,24.49
1512383569659,Humidity_1,13.655910179360902
1512383569665,Temperature_2,24.37
1512383569668,Humidity_2,13.285950537558431
1512383569671,Brightness_2,22.0
1512383572572,Door,activate
1512383574056,Sound_P,77.79930435088828
1512383574059,PodiumIR,83
1512383576101,Temperature_1,24.49
1512383576104,Humidity_1,13.655910179360902
1512383576111,Temperature_2,24.37
1512383576114,Humidity_2,13.285950537558431
1512383576116,Brightness_2,22.0
1512383576692,Door,activate
1512383582514,Temperature_1,24.49
1512383582518,Humidity_1,13.655910179360902
1512383582525,Temperature_2,24.37
1512383582528,Humidity_2,13.285950537558431
1512383582532,Brightness_2,22.0
1512383584062,Sound_P,77.50193375604124
1512383584065,PodiumIR,108
1512383588969,Temperature_1,24.49
1512383588972,Humidity_1,13.655910179360902
1512383588979,Temperature_2,24.37
1512383588982,Humidity_2,13.285950537558431
1512383588985,Brightness_2,21.0
1512383591164,Door,activate
1512383594068,Sound_P,77.79930435088828
1512383594077,PodiumIR,99
1512383595377,Temperature_1,24.49
1512383595380,Humidity_1,13.655910179360902
1512383595387,Temperature_2,24.37
1512383595391,Humidity_2,13.285950537558431
1512383595394,Brightness_2,21.0
1512383602072,Temperature_1,24.49
1512383602076,Humidity_1,13.655910179360902
1512383602083,Temperature_2,24.37
1512383602086,Humidity_2,13.285950537558431
1512383602090,Brightness_2,21.0
1512383604080,Sound_P,78.09150302019039
1512383604083,PodiumIR,92
1512383608498,Temperature_1,24.49
1512383608502,Humidity_1,13.655910179360902
1512383608509,Temperature_2,24.37
1512383608511,Humidity_2,13.285950537558431
1512383608514,Brightness_2,21.0
1512383614086,Sound_P,77.79930435088828
1512383614094,PodiumIR,96
1512383614917,Temperature_1,24.49
1512383614920,Humidity_1,13.655910179360902
1512383614927,Temperature_2,24.37
1512383614930,Humidity_2,13.285950537558431
1512383614933,Brightness_2,21.0
1512383621638,Temperature_1,24.49
1512383621642,Humidity_1,13.655910179360902
1512383621648,Temperature_2,24.37
1512383621651,Humidity_2,13.285950537558431
1512383621654,Brightness_2,21.0
1512383624098,Sound_P,77.19920484509075
1512383624101,PodiumIR,88
1512383628082,Temperature_1,24.49
1512383628086,Humidity_1,13.532590298760072
1512383628093,Temperature_2,24.37
1512383628095,Humidity_2,13.285950537558431
1512383628098,Brightness_2,21.0
1512383634103,Sound_P,77.79930435088828
1512383634107,PodiumIR,99
1512383634501,Temperature_1,24.49
1512383634504,Humidity_1,13.532590298760072
1512383634511,Temperature_2,24.37
1512383634514,Humidity_2,13.285950537558431
1512383634518,Brightness_2,21.0
1512383641205,Temperature_1,24.49
1512383641208,Humidity_1,13.532590298760072
1512383641215,Temperature_2,24.37
1512383641218,Humidity_2,13.285950537558431
1512383641221,Brightness_2,21.0
1512383644113,Sound_P,77.50193375604124
1512383644117,PodiumIR,107
1512383647758,Temperature_1,24.49
1512383647761,Humidity_1,13.532590298760072
1512383647768,Temperature_2,24.37
1512383647771,Humidity_2,13.285950537558431
1512383647775,Brightness_2,21.0
1512383654122,Sound_P,76.89092096632638
1512383654125,PodiumIR,100
1512383654167,Temperature_1,24.49
1512383654171,Humidity_1,13.532590298760072
1512383654178,Temperature_2,24.37
1512383654181,Humidity_2,13.285950537558431
1512383654185,Brightness_2,22.0
1512383660586,Temperature_1,24.49
1512383660589,Humidity_1,13.532590298760072
1512383660596,Temperature_2,24.37
1512383660599,Humidity_2,13.285950537558431
1512383660602,Brightness_2,22.0
1512383664128,Sound_P,77.19920484509075
1512383664131,PodiumIR,100
1512383667329,Temperature_1,24.49
1512383667332,Humidity_1,13.532590298760072
1512383667339,Temperature_2,24.37
1512383667342,Humidity_2,13.285950537558431
1512383667346,Brightness_2,22.0
1512383674060,Temperature_1,24.49
1512383674064,Humidity_1,13.532590298760072
1512383674071,Temperature_2,24.37
1512383674074,Humidity_2,13.285950537558431
1512383674078,Brightness_2,22.0
1512383674134,Sound_P,78.09150302019039
1512383674137,PodiumIR,109
1512383680484,Temperature_1,24.49
1512383680487,Humidity_1,13.532590298760072
1512383680494,Temperature_2,24.37
1512383680497,Humidity_2,13.285950537558431
1512383680499,Brightness_2,22.0
1512383684140,Sound_P,77.19920484509075
1512383684143,PodiumIR,90
1512383686963,Temperature_1,24.49
1512383686967,Humidity_1,13.655910179360902
1512383686974,Temperature_2,24.37
1512383686977,Humidity_2,13.285950537558431
1512383686981,Brightness_2,22.0
1512383693370,Temperature_1,24.49
1512383693373,Humidity_1,13.655910179360902
1512383693380,Temperature_2,24.37
1512383693383,Humidity_2,13.285950537558431
1512383693385,Brightness_2,22.0
1512383694145,Sound_P,76.57687443958919
1512383694149,PodiumIR,99
1512383696867,Door,activate
1512383696990,Door,activate
1512383699858,Temperature_1,24.49
1512383699862,Humidity_1,13.655910179360902
1512383699868,Temperature_2,24.37
1512383699871,Humidity_2,13.285950537558431
1512383699874,Brightness_2,22.0
1512383702767,Projector,On
1512383704151,Sound_P,76.89092096632638
1512383704162,PodiumIR,97
1512383706271,Temperature_1,24.49
1512383706274,Humidity_1,13.655910179360902
1512383706281,Temperature_2,24.37
1512383706284,Humidity_2,13.285950537558431
1512383706286,Brightness_2,22.0
1512383712692,Temperature_1,24.49
1512383712695,Humidity_1,13.655910179360902
1512383712702,Temperature_2,24.37
1512383712704,Humidity_2,13.285950537558431
1512383712707,Brightness_2,22.0
1512383714166,Sound_P,80.26238932078596
1512383714177,PodiumIR,87
1512383719230,Temperature_1,24.49
1512383719234,Humidity_1,13.655910179360902
1512383719241,Temperature_2,24.37
1512383719243,Humidity_2,13.285950537558431
1512383719247,Brightness_2,21.0
1512383724182,Sound_P,82.18459763092324
1512383724185,PodiumIR,97
1512383725890,Temperature_1,24.49
1512383725894,Humidity_1,13.655910179360902
1512383725900,Temperature_2,24.37
1512383725903,Humidity_2,13.285950537558431
1512383725906,Brightness_2,21.0
1512383732429,Temperature_1,24.49
1512383732433,Humidity_1,13.655910179360902
1512383732440,Temperature_2,24.37
1512383732442,Humidity_2,13.285950537558431
1512383732445,Brightness_2,21.0
1512383734188,Sound_P,83.06906499721183
1512383734191,PodiumIR,117
1512383739237,Temperature_1,24.49
1512383739240,Humidity_1,13.655910179360902
1512383739247,Temperature_2,24.37
1512383739249,Humidity_2,13.285950537558431
1512383739252,Brightness_2,21.0
1512383744194,Sound_P,68.61682354019833
1512383744198,PodiumIR,198
1512383746051,Temperature_1,24.49
1512383746054,Humidity_1,13.655910179360902
1512383746061,Temperature_2,24.37
1512383746064,Humidity_2,13.285950537558431
1512383746067,Brightness_2,21.0
1512383752549,Temperature_1,24.49
1512383752553,Humidity_1,13.532590298760072
1512383752560,Temperature_2,24.37
1512383752563,Humidity_2,13.285950537558431
1512383752565,Brightness_2,21.0
1512383754203,Sound_P,65.24535518573873
1512383754206,PodiumIR,200
1512383759271,Temperature_1,24.49
1512383759274,Humidity_1,13.532590298760072
1512383759281,Temperature_2,24.37
1512383759283,Humidity_2,13.285950537558431
1512383759286,Brightness_2,21.0
1512383764209,Sound_P,68.0998289029382
1512383764212,PodiumIR,200
1512383765915,Temperature_1,24.49
1512383765918,Humidity_1,13.532590298760072
1512383765925,Temperature_2,24.37
1512383765928,Humidity_2,13.285950537558431
1512383765931,Brightness_2,21.0
1512383772487,Temperature_1,24.49
1512383772490,Humidity_1,13.532590298760072
1512383772497,Temperature_2,24.37
1512383772499,Humidity_2,13.285950537558431
1512383772502,Brightness_2,21.0
1512383774215,Sound_P,67.56641902255494
1512383774218,PodiumIR,210
1512383779346,Temperature_1,24.49
1512383779350,Humidity_1,13.532590298760072
1512383779356,Temperature_2,24.37
1512383779359,Humidity_2,13.285950537558431
1512383779362,Brightness_2,21.0
1512383784221,Sound_P,66.44593723960276
1512383784224,PodiumIR,190
1512383785756,Temperature_1,24.49
1512383785760,Humidity_1,13.532590298760072
1512383785767,Temperature_2,24.37
1512383785769,Humidity_2,13.285950537558431
1512383785772,Brightness_2,21.0
1512383792475,Temperature_1,24.49
1512383792480,Humidity_1,13.532590298760072
1512383792489,Temperature_2,24.37
1512383792492,Humidity_2,13.285950537558431
1512383792495,Brightness_2,21.0
1512383794228,Sound_P,70.0787016850011
1512383794231,PodiumIR,161
1512383798884,Temperature_1,24.49
1512383798888,Humidity_1,13.532590298760072
1512383798895,Temperature_2,24.37
1512383798897,Humidity_2,13.285950537558431
1512383798902,Brightness_2,21.0
1512383804234,Sound_P,68.61682354019833
1512383804237,PodiumIR,128
1512383805385,Temperature_1,24.49
1512383805388,Humidity_1,13.532590298760072
1512383805395,Temperature_2,24.37
1512383805398,Humidity_2,13.285950537558431
1512383805400,Brightness_2,21.0
1512383812140,Temperature_1,24.49
1512383812144,Humidity_1,13.532590298760072
1512383812151,Temperature_2,24.37
1512383812153,Humidity_2,13.285950537558431
1512383812156,Brightness_2,21.0
1512383814240,Sound_P,67.56641902255494
1512383814243,PodiumIR,193
1512383818555,Temperature_1,24.49
1512383818559,Humidity_1,13.532590298760072
1512383818566,Temperature_2,24.37
1512383818569,Humidity_2,13.285950537558431
1512383818571,Brightness_2,21.0
1512383824246,Sound_P,66.44593723960276
1512383824249,PodiumIR,276
1512383824967,Temperature_1,24.49
1512383824970,Humidity_1,13.532590298760072
1512383824977,Temperature_2,24.37
1512383824981,Humidity_2,13.285950537558431
1512383824985,Brightness_2,21.0
1512383831411,Temperature_1,24.49
1512383831414,Humidity_1,13.532590298760072
1512383831419,Temperature_2,24.37
1512383831421,Humidity_2,13.285950537558431
1512383831423,Brightness_2,21.0
1512383834252,Sound_P,68.0998289029382
1512383834255,PodiumIR,283
1512383837802,Temperature_1,24.49
1512383837805,Humidity_1,13.532590298760072
1512383837811,Temperature_2,24.37
1512383837813,Humidity_2,13.285950537558431
1512383837815,Brightness_2,21.0
1512383844258,Sound_P,74.19700410241327
1512383844261,PodiumIR,190
1512383844271,Temperature_1,24.49
1512383844274,Humidity_1,13.532590298760072
1512383844280,Temperature_2,24.37
1512383844282,Humidity_2,13.285950537558431
1512383844286,Brightness_2,21.0
1512383850678,Temperature_1,24.49
1512383850681,Humidity_1,13.532590298760072
1512383850687,Temperature_2,24.37
1512383850689,Humidity_2,13.285950537558431
1512383850693,Brightness_2,21.0
1512383854264,Sound_P,67.01551720930587
1512383854267,PodiumIR,198
1512383857360,Temperature_1,24.49
1512383857363,Humidity_1,13.532590298760072
1512383857369,Temperature_2,24.37
1512383857371,Humidity_2,13.285950537558431
1512383857374,Brightness_2,21.0
1512383863843,Temperature_1,24.49
1512383863846,Humidity_1,13.532590298760072
1512383863852,Temperature_2,24.37
1512383863854,Humidity_2,13.285950537558431
1512383863857,Brightness_2,21.0
1512383864269,Sound_P,75.25847282855663
1512383864273,PodiumIR,189
1512383870368,Temperature_1,24.49
1512383870371,Humidity_1,13.532590298760072
1512383870377,Temperature_2,24.37
1512383870380,Humidity_2,13.285950537558431
1512383870382,Brightness_2,21.0
1512383874275,Sound_P,73.82773649063114
1512383874279,PodiumIR,180
1512383876768,Temperature_1,24.49
1512383876771,Humidity_1,13.655910179360902
1512383876777,Temperature_2,24.37
1512383876780,Humidity_2,13.285950537558431
1512383876784,Brightness_2,21.0
1512383883480,Temperature_1,24.49
1512383883483,Humidity_1,13.655910179360902
1512383883490,Temperature_2,24.37
1512383883492,Humidity_2,13.285950537558431
1512383883495,Brightness_2,21.0
1512383884281,Sound_P,68.61682354019833
1512383884284,PodiumIR,193
1512383889888,Temperature_1,24.49
1512383889891,Humidity_1,13.655910179360902
1512383889900,Temperature_2,24.37
1512383889903,Humidity_2,13.285950537558431
1512383889907,Brightness_2,21.0
1512383894287,Sound_P,73.45017003946069
1512383894290,PodiumIR,222
1512383896469,Temperature_1,24.49
1512383896472,Humidity_1,13.655910179360902
1512383896480,Temperature_2,24.37
1512383896485,Humidity_2,13.285950537558431
1512383896489,Brightness_2,21.0
1512383902928,Temperature_1,24.49
1512383902931,Humidity_1,13.655910179360902
1512383902937,Temperature_2,24.37
1512383902940,Humidity_2,13.285950537558431
1512383902942,Brightness_2,21.0
1512383904293,Sound_P,81.00922338373856
1512383904296,PodiumIR,193
1512383909585,Temperature_1,24.49
1512383909588,Humidity_1,13.655910179360902
1512383909594,Temperature_2,24.37
1512383909597,Humidity_2,13.285950537558431
1512383909601,Brightness_2,21.0
1512383914299,Sound_P,78.37870659506
1512383914363,PodiumIR,189
1512383916251,Temperature_1,24.49
1512383916254,Humidity_1,13.655910179360902
1512383916260,Temperature_2,24.37
1512383916262,Humidity_2,13.285950537558431
1512383916266,Brightness_2,21.0
1512383922656,Temperature_1,24.49
1512383922659,Humidity_1,13.655910179360902
1512383922666,Temperature_2,24.37
1512383922669,Humidity_2,13.285950537558431
1512383922673,Brightness_2,21.0
1512383924368,Sound_P,76.57687443958919
1512383924371,PodiumIR,197
1512383929348,Temperature_1,24.49
1512383929351,Humidity_1,13.655910179360902
1512383929358,Temperature_2,24.37
1512383929361,Humidity_2,13.285950537558431
1512383929365,Brightness_2,21.0
1512383934380,Sound_P,76.57687443958919
1512383934391,PodiumIR,201
1512383935799,Temperature_1,24.49
1512383935802,Humidity_1,13.655910179360902
1512383935809,Temperature_2,24.37
1512383935812,Humidity_2,13.285950537558431
1512383935816,Brightness_2,21.0
1512383942470,Temperature_1,24.49
1512383942473,Humidity_1,13.532590298760072
1512383942483,Temperature_2,24.37
1512383942487,Humidity_2,13.285950537558431
1512383942490,Brightness_2,21.0
1512383944400,Sound_P,67.56641902255494
1512383944403,PodiumIR,196
1512383948907,Temperature_1,24.49
1512383948911,Humidity_1,13.532590298760072
1512383948918,Temperature_2,24.37
1512383948920,Humidity_2,13.285950537558431
1512383948924,Brightness_2,21.0
1512383954405,Sound_P,68.0998289029382
1512383954409,PodiumIR,180
1512383955347,Temperature_1,24.49
1512383955351,Humidity_1,13.532590298760072
1512383955357,Temperature_2,24.37
1512383955360,Humidity_2,13.285950537558431
1512383955363,Brightness_2,21.0
1512383962014,Temperature_1,24.49
1512383962018,Humidity_1,13.532590298760072
1512383962024,Temperature_2,24.37
1512383962027,Humidity_2,13.285950537558431
1512383962031,Brightness_2,21.0
1512383964411,Sound_P,67.56641902255494
1512383964414,PodiumIR,190
1512383968479,Temperature_1,24.49
1512383968484,Humidity_1,13.532590298760072
1512383968490,Temperature_2,24.37
1512383968493,Humidity_2,13.285950537558431
1512383968497,Brightness_2,21.0
1512383974419,Sound_P,68.0998289029382
1512383974422,PodiumIR,201
1512383974917,Temperature_1,24.49
1512383974920,Humidity_1,13.532590298760072
1512383974924,Temperature_2,24.37
1512383974926,Humidity_2,13.285950537558431
1512383974929,Brightness_2,21.0
1512383981317,Temperature_1,24.49
1512383981323,Humidity_1,13.532590298760072
1512383981328,Temperature_2,24.37
1512383981330,Humidity_2,13.285950537558431
1512383981333,Brightness_2,21.0
1512383984425,Sound_P,66.44593723960276
1512383984428,PodiumIR,194
1512383988024,Temperature_1,24.49
1512383988029,Humidity_1,13.532590298760072
1512383988034,Temperature_2,24.37
1512383988037,Humidity_2,13.285950537558431
1512383988039,Brightness_2,21.0
1512383994435,Sound_P,72.66858725677886
1512383994438,PodiumIR,182
1512383994457,Temperature_1,24.49
1512383994460,Humidity_1,13.532590298760072
1512383994466,Temperature_2,24.37
1512383994468,Humidity_2,13.285950537558431
1512383994470,Brightness_2,21.0
1512384001132,Temperature_1,24.49
1512384001135,Humidity_1,13.532590298760072
1512384001140,Temperature_2,24.37
1512384001142,Humidity_2,13.285950537558431
1512384001144,Brightness_2,21.0
1512384004441,Sound_P,75.59789851419828
1512384004444,PodiumIR,181
1512384008026,Temperature_1,24.49
1512384008029,Humidity_1,13.532590298760072
1512384008034,Temperature_2,24.37
1512384008036,Humidity_2,13.285950537558431
1512384008039,Brightness_2,21.0
1512384014447,Sound_P,67.01551720930587
1512384014450,PodiumIR,185
1512384014469,Temperature_1,24.49
1512384014472,Humidity_1,13.532590298760072
1512384014478,Temperature_2,24.37
1512384014482,Humidity_2,13.285950537558431
1512384014484,Brightness_2,21.0
1512384021004,Temperature_1,24.49
1512384021007,Humidity_1,13.532590298760072
1512384021013,Temperature_2,24.37
1512384021015,Humidity_2,13.285950537558431
1512384021018,Brightness_2,21.0
1512384024453,Sound_P,78.6610829898935
1512384024456,PodiumIR,187
1512384027449,Temperature_1,24.49
1512384027452,Humidity_1,13.532590298760072
1512384027457,Temperature_2,24.37
1512384027460,Humidity_2,13.285950537558431
1512384027462,Brightness_2,21.0
1512384033910,Temperature_1,24.49
1512384033913,Humidity_1,13.532590298760072
1512384033918,Temperature_2,24.37
1512384033921,Humidity_2,13.285950537558431
1512384033924,Brightness_2,22.0
1512384034465,Sound_P,73.82773649063114
1512384034469,PodiumIR,194
1512384040315,Temperature_1,24.49
1512384040318,Humidity_1,13.532590298760072
1512384040323,Temperature_2,24.37
1512384040325,Humidity_2,13.285950537558431
1512384040329,Brightness_2,22.0
1512384044471,Sound_P,80.26238932078596
1512384044474,PodiumIR,190
1512384046715,Temperature_1,24.49
1512384046718,Humidity_1,13.532590298760072
1512384046724,Temperature_2,24.37
1512384046727,Humidity_2,13.285950537558431
1512384046730,Brightness_2,22.0
1512384053465,Temperature_1,24.49
1512384053468,Humidity_1,13.532590298760072
1512384053474,Temperature_2,24.37
1512384053477,Humidity_2,13.285950537558431
1512384053480,Brightness_2,22.0
1512384054477,Sound_P,67.56641902255494
1512384054487,PodiumIR,210
1512384059917,Temperature_1,24.49
1512384059920,Humidity_1,13.532590298760072
1512384059926,Temperature_2,24.37
1512384059928,Humidity_2,13.285950537558431
1512384059931,Brightness_2,22.0
1512384064493,Sound_P,67.56641902255494
1512384064496,PodiumIR,192
1512384066389,Temperature_1,24.49
1512384066392,Humidity_1,13.532590298760072
1512384066398,Temperature_2,24.37
1512384066400,Humidity_2,13.285950537558431
1512384066402,Brightness_2,22.0
1512384072796,Temperature_1,24.49
1512384072799,Humidity_1,13.532590298760072
1512384072805,Temperature_2,24.37
1512384072807,Humidity_2,13.285950537558431
1512384072810,Brightness_2,22.0
1512384074499,Sound_P,68.61682354019833
1512384074502,PodiumIR,186
1512384079476,Temperature_1,24.49
1512384079479,Humidity_1,13.532590298760072
1512384079484,Temperature_2,24.37
1512384079487,Humidity_2,13.285950537558431
1512384079490,Brightness_2,22.0
1512384084505,Sound_P,68.0998289029382
1512384084508,PodiumIR,171
1512384085927,Temperature_1,24.49
1512384085930,Humidity_1,13.532590298760072
1512384085936,Temperature_2,24.37
1512384085938,Humidity_2,13.285950537558431
1512384085940,Brightness_2,22.0
1512384092378,Temperature_1,24.49
1512384092381,Humidity_1,13.532590298760072
1512384092387,Temperature_2,24.37
1512384092389,Humidity_2,13.285950537558431
1512384092392,Brightness_2,22.0
1512384094511,Sound_P,70.0787016850011
1512384094514,PodiumIR,200
1512384098795,Temperature_1,24.49
1512384098798,Humidity_1,13.532590298760072
1512384098803,Temperature_2,24.37
1512384098805,Humidity_2,13.285950537558431
1512384098808,Brightness_2,21.0
1512384104518,Sound_P,82.85227489256374
1512384104521,PodiumIR,210
1512384105480,Temperature_1,24.49
1512384105483,Humidity_1,13.532590298760072
1512384105488,Temperature_2,24.37
1512384105490,Humidity_2,13.285950537558431
1512384105494,Brightness_2,21.0
1512384111939,Temperature_1,24.49
1512384111942,Humidity_1,13.532590298760072
1512384111947,Temperature_2,24.37
1512384111949,Humidity_2,13.285950537558431
1512384111951,Brightness_2,21.0
1512384114525,Sound_P,74.19700410241327
1512384114528,PodiumIR,201
1512384118382,Temperature_1,24.49
1512384118385,Humidity_1,13.532590298760072
1512384118391,Temperature_2,24.37
1512384118393,Humidity_2,13.285950537558431
1512384118395,Brightness_2,21.0
1512384124533,Sound_P,68.0998289029382
1512384124536,PodiumIR,255
1512384124798,Temperature_1,24.49
1512384124801,Humidity_1,13.532590298760072
1512384124805,Temperature_2,24.37
1512384124819,Humidity_2,13.285950537558431
1512384124822,Brightness_2,21.0
1512384131490,Temperature_1,24.49
1512384131493,Humidity_1,13.655910179360902
1512384131500,Temperature_2,24.37
1512384131502,Humidity_2,13.285950537558431
1512384131508,Brightness_2,21.0
1512384134539,Sound_P,73.06392314376754
1512384134542,PodiumIR,191
1512384137940,Temperature_1,24.49
1512384137944,Humidity_1,13.655910179360902
1512384137950,Temperature_2,24.37
1512384137955,Humidity_2,13.285950537558431
1512384137958,Brightness_2,21.0
1512384144401,Temperature_1,24.49
1512384144404,Humidity_1,13.655910179360902
1512384144411,Temperature_2,24.37
1512384144414,Humidity_2,13.285950537558431
1512384144417,Brightness_2,21.0
1512384144545,Sound_P,67.56641902255494
1512384144556,PodiumIR,206
1512384150814,Temperature_1,24.49
1512384150818,Humidity_1,13.655910179360902
1512384150824,Temperature_2,24.37
1512384150829,Humidity_2,13.285950537558431
1512384150831,Brightness_2,21.0
1512384154559,Sound_P,66.44593723960276
1512384154563,PodiumIR,195
1512384157500,Temperature_1,24.49
1512384157503,Humidity_1,13.655910179360902
1512384157510,Temperature_2,24.37
1512384157515,Humidity_2,13.285950537558431
1512384157518,Brightness_2,21.0
1512384163967,Temperature_1,24.49
1512384163970,Humidity_1,13.655910179360902
1512384163977,Temperature_2,24.37
1512384163982,Humidity_2,13.285950537558431
1512384163985,Brightness_2,21.0
1512384164569,Sound_P,70.5390318503356
1512384164572,PodiumIR,197
1512384170374,Temperature_1,24.49
1512384170378,Humidity_1,13.655910179360902
1512384170385,Temperature_2,24.37
1512384170387,Humidity_2,13.285950537558431
1512384170390,Brightness_2,21.0
1512384174575,Sound_P,68.0998289029382
1512384174578,PodiumIR,189
1512384176784,Temperature_1,24.49
1512384176787,Humidity_1,13.655910179360902
1512384176796,Temperature_2,24.37
1512384176800,Humidity_2,13.285950537558431
1512384176803,Brightness_2,21.0
1512384183510,Temperature_1,24.49
1512384183513,Humidity_1,13.655910179360902
1512384183521,Temperature_2,24.37
1512384183526,Humidity_2,13.285950537558431
1512384183529,Brightness_2,21.0
1512384184581,Sound_P,75.25847282855663
1512384184585,PodiumIR,195
1512384189960,Temperature_1,24.49
1512384189964,Humidity_1,13.655910179360902
1512384189971,Temperature_2,24.37
1512384189976,Humidity_2,13.285950537558431
1512384189979,Brightness_2,21.0
1512384194587,Sound_P,68.61682354019833
1512384194598,PodiumIR,195
1512384196417,Temperature_1,24.49
1512384196420,Humidity_1,13.655910179360902
1512384196426,Temperature_2,24.37
1512384196431,Humidity_2,13.285950537558431
1512384196435,Brightness_2,21.0
1512384202834,Temperature_1,24.49
1512384202838,Humidity_1,13.655910179360902
1512384202845,Temperature_2,24.37
1512384202849,Humidity_2,13.285950537558431
1512384202852,Brightness_2,21.0
1512384204601,Sound_P,76.89092096632638
1512384204604,PodiumIR,190
1512384209520,Temperature_1,24.49
1512384209523,Humidity_1,13.655910179360902
1512384209530,Temperature_2,24.37
1512384209535,Humidity_2,13.285950537558431
1512384209538,Brightness_2,21.0
1512384214607,Sound_P,69.11838317407611
1512384214610,PodiumIR,221
1512384215971,Temperature_1,24.49
1512384215974,Humidity_1,13.655910179360902
1512384215981,Temperature_2,24.37
1512384215985,Humidity_2,13.285950537558431
1512384215989,Brightness_2,21.0
1512384222514,Temperature_1,24.49
1512384222518,Humidity_1,13.655910179360902
1512384222526,Temperature_2,24.37
1512384222532,Humidity_2,13.162630656957601
1512384222534,Brightness_2,21.0
1512384224613,Sound_P,81.25096856167129
1512384224616,PodiumIR,218
1512384229219,Temperature_1,24.49
1512384229222,Humidity_1,13.655910179360902
1512384229226,Temperature_2,24.37
1512384229230,Humidity_2,13.162630656957601
1512384229233,Brightness_2,21.0
1512384234626,Sound_P,69.11838317407611
1512384234630,PodiumIR,195
1512384235946,Temperature_1,24.49
1512384235950,Humidity_1,13.655910179360902
1512384235956,Temperature_2,24.37
1512384235961,Humidity_2,13.162630656957601
1512384235964,Brightness_2,21.0
1512384242469,Temperature_1,24.49
1512384242473,Humidity_1,13.655910179360902
1512384242488,Temperature_2,24.37
1512384242491,Humidity_2,13.162630656957601
1512384242494,Brightness_2,21.0
1512384244632,Sound_P,75.93060245540138
1512384244636,PodiumIR,191
1512384249149,Temperature_1,24.49
1512384249152,Humidity_1,13.655910179360902
1512384249159,Temperature_2,24.37
1512384249164,Humidity_2,13.162630656957601
1512384249168,Brightness_2,21.0
1512384254639,Sound_P,82.18459763092324
1512384254642,PodiumIR,199
1512384255573,Temperature_1,24.49
1512384255577,Humidity_1,13.655910179360902
1512384255582,Temperature_2,24.37
1512384255586,Humidity_2,13.162630656957601
1512384255590,Brightness_2,21.0
1512384262259,Temperature_1,24.49
1512384262262,Humidity_1,13.655910179360902
1512384262269,Temperature_2,24.37
1512384262273,Humidity_2,13.162630656957601
1512384262277,Brightness_2,21.0
1512384264645,Sound_P,62.551438321825636
1512384264648,PodiumIR,168
1512384268673,Temperature_1,24.49
1512384268677,Humidity_1,13.655910179360902
1512384268684,Temperature_2,24.37
1512384268689,Humidity_2,13.162630656957601
1512384268692,Brightness_2,21.0
1512384274651,Sound_P,63.95233273361063
1512384274654,PodiumIR,207
1512384275363,Temperature_1,24.49
1512384275367,Humidity_1,13.655910179360902
1512384275374,Temperature_2,24.37
1512384275378,Humidity_2,13.162630656957601
1512384275382,Brightness_2,21.0
1512384281815,Temperature_1,24.49
1512384281818,Humidity_1,13.655910179360902
1512384281824,Temperature_2,24.37
1512384281829,Humidity_2,13.162630656957601
1512384281832,Brightness_2,21.0
1512384284657,Sound_P,74.91204818426347
1512384284660,PodiumIR,201
1512384288471,Temperature_1,24.49
1512384288475,Humidity_1,13.655910179360902
1512384288490,Temperature_2,24.37
1512384288493,Humidity_2,13.285950537558431
1512384288498,Brightness_2,21.0
1512384294663,Sound_P,61.80460425887306
1512384294666,PodiumIR,205
1512384295128,Temperature_1,24.49
1512384295131,Humidity_1,13.655910179360902
1512384295138,Temperature_2,24.37
1512384295142,Humidity_2,13.285950537558431
1512384295146,Brightness_2,21.0
1512384301588,Temperature_1,24.49
1512384301591,Humidity_1,13.655910179360902
1512384301598,Temperature_2,24.37
1512384301603,Humidity_2,13.285950537558431
1512384301607,Brightness_2,21.0
1512384304669,Sound_P,68.0998289029382
1512384304672,PodiumIR,196
1512384308031,Temperature_1,24.49
1512384308034,Humidity_1,13.655910179360902
1512384308042,Temperature_2,24.37
1512384308045,Humidity_2,13.285950537558431
1512384308049,Brightness_2,21.0
1512384314473,Temperature_1,24.49
1512384314481,Humidity_1,13.655910179360902
1512384314491,Temperature_2,24.37
1512384314495,Humidity_2,13.285950537558431
1512384314498,Brightness_2,21.0
1512384314675,Sound_P,62.551438321825636
1512384314678,PodiumIR,204
1512384321342,Temperature_1,24.49
1512384321346,Humidity_1,13.655910179360902
1512384321353,Temperature_2,24.37
1512384321358,Humidity_2,13.285950537558431
1512384321361,Brightness_2,21.0
1512384324681,Sound_P,61.80460425887306
1512384324685,PodiumIR,201
1512384327745,Temperature_1,24.49
1512384327748,Humidity_1,13.532590298760072
1512384327755,Temperature_2,24.37
1512384327758,Humidity_2,13.285950537558431
1512384327763,Brightness_2,21.0
1512384334449,Temperature_1,24.49
1512384334453,Humidity_1,13.532590298760072
1512384334461,Temperature_2,24.37
1512384334467,Humidity_2,13.285950537558431
1512384334469,Brightness_2,21.0
1512384334687,Sound_P,64.61127993529891
1512384334691,PodiumIR,199
1512384340863,Temperature_1,24.49
1512384340865,Humidity_1,13.532590298760072
1512384340870,Temperature_2,24.37
1512384340872,Humidity_2,13.285950537558431
1512384340874,Brightness_2,21.0
1512384344693,Sound_P,84.5129837602938
1512384344697,PodiumIR,188
1512384347357,Temperature_1,24.49
1512384347360,Humidity_1,13.532590298760072
1512384347367,Temperature_2,24.37
1512384347372,Humidity_2,13.285950537558431
1512384347375,Brightness_2,21.0
1512384353804,Temperature_1,24.49
1512384353807,Humidity_1,13.532590298760072
1512384353815,Temperature_2,24.37
1512384353817,Humidity_2,13.162630656957601
1512384353821,Brightness_2,21.0
1512384354699,Sound_P,70.0787016850011
1512384354703,PodiumIR,189
1512384360459,Temperature_1,24.49
1512384360463,Humidity_1,13.532590298760072
1512384360470,Temperature_2,24.37
1512384360475,Humidity_2,13.162630656957601
1512384360487,Brightness_2,21.0
1512384364705,Sound_P,61.80460425887306
1512384364723,PodiumIR,187
1512384366891,Temperature_1,24.49
1512384366894,Humidity_1,13.532590298760072
1512384366900,Temperature_2,24.37
1512384366903,Humidity_2,13.162630656957601
1512384366908,Brightness_2,21.0
1512384373567,Temperature_1,24.49
1512384373570,Humidity_1,13.532590298760072
1512384373577,Temperature_2,24.37
1512384373580,Humidity_2,13.162630656957601
1512384373583,Brightness_2,21.0
1512384374728,Sound_P,66.44593723960276
1512384374731,PodiumIR,195
1512384380332,Temperature_1,24.49
1512384380335,Humidity_1,13.532590298760072
1512384380342,Temperature_2,24.37
1512384380348,Humidity_2,13.162630656957601
1512384380351,Brightness_2,21.0
1512384384734,Sound_P,63.26648240367583
1512384384747,PodiumIR,193
1512384386755,Temperature_1,24.49
1512384386758,Humidity_1,13.655910179360902
1512384386762,Temperature_2,24.37
1512384386765,Humidity_2,13.162630656957601
1512384386769,Brightness_2,21.0
1512384393542,Temperature_1,24.49
1512384393545,Humidity_1,13.655910179360902
1512384393552,Temperature_2,24.37
1512384393557,Humidity_2,13.162630656957601
1512384393560,Brightness_2,21.0
1512384394752,Sound_P,62.551438321825636
1512384394755,PodiumIR,208
1512384400191,Temperature_1,24.49
1512384400195,Humidity_1,13.655910179360902
1512384400201,Temperature_2,24.37
1512384400206,Humidity_2,13.162630656957601
1512384400209,Brightness_2,21.0
1512384404760,Sound_P,62.551438321825636
1512384404765,PodiumIR,208
1512384406610,Temperature_1,24.49
1512384406614,Humidity_1,13.655910179360902
1512384406621,Temperature_2,24.37
1512384406626,Humidity_2,13.162630656957601
1512384406629,Brightness_2,21.0
1512384413309,Temperature_1,24.49
1512384413312,Humidity_1,13.655910179360902
1512384413319,Temperature_2,24.37
1512384413324,Humidity_2,13.285950537558431
1512384413327,Brightness_2,22.0
1512384414770,Sound_P,77.79930435088828
1512384414779,PodiumIR,199
1512384419760,Temperature_1,24.49
1512384419763,Humidity_1,13.655910179360902
1512384419781,Temperature_2,24.37
1512384419784,Humidity_2,13.285950537558431
1512384419789,Brightness_2,22.0
1512384424782,Sound_P,63.95233273361063
1512384424793,PodiumIR,199
1512384426214,Temperature_1,24.49
1512384426218,Humidity_1,13.655910179360902
1512384426224,Temperature_2,24.37
1512384426229,Humidity_2,13.285950537558431
1512384426232,Brightness_2,22.0
1512384434799,Sound_P,61.80460425887306
1512384434804,PodiumIR,202
1512384439929,Temperature_1,24.49
1512384440060,Humidity_1,13.655910179360902
1512384440064,Temperature_2,24.37
1512384440067,Humidity_2,13.285950537558431
1512384440071,Brightness_2,22.0
1512384444810,Sound_P,61.80460425887306
1512384444814,PodiumIR,186
1512384446468,Temperature_1,24.49
1512384446472,Humidity_1,13.655910179360902
1512384446484,Temperature_2,24.37
1512384446486,Humidity_2,13.285950537558431
1512384446491,Brightness_2,22.0
1512384453133,Temperature_1,24.49
1512384453136,Humidity_1,13.655910179360902
1512384453143,Temperature_2,24.37
1512384453148,Humidity_2,13.285950537558431
1512384453151,Brightness_2,22.0
1512384454821,Sound_P,70.987085069563
1512384454825,PodiumIR,187
1512384459800,Temperature_1,24.49
1512384459804,Humidity_1,13.655910179360902
1512384459811,Temperature_2,24.37
1512384459816,Humidity_2,13.285950537558431
1512384459819,Brightness_2,22.0
1512384464831,Sound_P,64.61127993529891
1512384464842,PodiumIR,188
1512384466232,Temperature_1,24.49
1512384466236,Humidity_1,13.655910179360902
1512384466242,Temperature_2,24.37
1512384466247,Humidity_2,13.285950537558431
1512384466251,Brightness_2,22.0
1512384472645,Temperature_1,24.49
1512384472648,Humidity_1,13.655910179360902
1512384472656,Temperature_2,24.37
1512384472661,Humidity_2,13.285950537558431
1512384472664,Brightness_2,22.0
1512384474848,Sound_P,68.61682354019833
1512384474851,PodiumIR,180
1512384479352,Temperature_1,24.49
1512384479355,Humidity_1,13.655910179360902
1512384479363,Temperature_2,24.25
1512384479367,Humidity_2,13.285950537558431
1512384479372,Brightness_2,22.0
1512384484854,Sound_P,74.19700410241327
1512384484868,PodiumIR,153
1512384485803,Temperature_1,24.49
1512384485807,Humidity_1,13.655910179360902
1512384485814,Temperature_2,24.25
1512384485817,Humidity_2,13.285950537558431
1512384485820,Brightness_2,22.0
1512384492273,Temperature_1,24.49
1512384492276,Humidity_1,13.655910179360902
1512384492283,Temperature_2,24.25
1512384492288,Humidity_2,13.285950537558431
1512384492292,Brightness_2,22.0
1512384494874,Sound_P,68.61682354019833
1512384494877,PodiumIR,203
1512384498683,Temperature_1,24.49
1512384498686,Humidity_1,13.655910179360902
1512384498693,Temperature_2,24.25
1512384498699,Humidity_2,13.285950537558431
1512384498702,Brightness_2,22.0
1512384504880,Sound_P,63.95233273361063
1512384504883,PodiumIR,203
1512384505365,Temperature_1,24.49
1512384505369,Humidity_1,13.655910179360902
1512384505376,Temperature_2,24.25
1512384505382,Humidity_2,13.285950537558431
1512384505385,Brightness_2,22.0
1512384512134,Temperature_1,24.49
1512384512137,Humidity_1,13.532590298760072
1512384512141,Temperature_2,24.25
1512384512143,Humidity_2,13.285950537558431
1512384512145,Brightness_2,22.0
1512384514886,Sound_P,63.26648240367583
1512384514890,PodiumIR,152
1512384518542,Temperature_1,24.49
1512384518545,Humidity_1,13.532590298760072
1512384518549,Temperature_2,24.25
1512384518551,Humidity_2,13.285950537558431
1512384518553,Brightness_2,22.0
1512384524894,Sound_P,74.19700410241327
1512384524899,PodiumIR,93
1512384524987,Temperature_1,24.49
1512384524990,Humidity_1,13.532590298760072
1512384524998,Temperature_2,24.25
1512384525001,Humidity_2,13.285950537558431
1512384525005,Brightness_2,22.0
1512384531679,Temperature_1,24.49
1512384531682,Humidity_1,13.532590298760072
1512384531689,Temperature_2,24.25
1512384531694,Humidity_2,13.285950537558431
1512384531698,Brightness_2,22.0
1512384534904,Sound_P,68.0998289029382
1512384534909,PodiumIR,137
1512384538102,Temperature_1,24.49
1512384538105,Humidity_1,13.532590298760072
1512384538109,Temperature_2,24.25
1512384538111,Humidity_2,13.285950537558431
1512384538113,Brightness_2,22.0
1512384544502,Temperature_1,24.49
1512384544505,Humidity_1,13.532590298760072
1512384544509,Temperature_2,24.37
1512384544511,Humidity_2,13.162630656957601
1512384544513,Brightness_2,21.0
1512384544914,Sound_P,60.20329792798059
1512384544919,PodiumIR,172
1512384551249,Temperature_1,24.49
1512384551253,Humidity_1,13.532590298760072
1512384551260,Temperature_2,24.37
1512384551265,Humidity_2,13.162630656957601
1512384551268,Brightness_2,21.0
1512384554925,Sound_P,62.551438321825636
1512384554930,PodiumIR,178
1512384557890,Temperature_1,24.49
1512384557893,Humidity_1,13.532590298760072
1512384557900,Temperature_2,24.37
1512384557905,Humidity_2,13.162630656957601
1512384557908,Brightness_2,21.0
1512384564341,Temperature_1,24.49
1512384564345,Humidity_1,13.532590298760072
1512384564351,Temperature_2,24.37
1512384564357,Humidity_2,13.162630656957601
1512384564360,Brightness_2,21.0
1512384564935,Sound_P,61.80460425887306
1512384564938,PodiumIR,175
1512384570752,Temperature_1,24.49
1512384570755,Humidity_1,13.532590298760072
1512384570762,Temperature_2,24.37
1512384570767,Humidity_2,13.162630656957601
1512384570771,Brightness_2,21.0
1512384574941,Sound_P,61.80460425887306
1512384574943,PodiumIR,176
1512384577302,Temperature_1,24.49
1512384577305,Humidity_1,13.655910179360902
1512384577312,Temperature_2,24.37
1512384577317,Humidity_2,13.162630656957601
1512384577320,Brightness_2,21.0
1512384583712,Temperature_1,24.49
1512384583716,Humidity_1,13.655910179360902
1512384583723,Temperature_2,24.37
1512384583728,Humidity_2,13.162630656957601
1512384583731,Brightness_2,21.0
1512384584950,Sound_P,74.55832985633069
1512384584953,PodiumIR,174
1512384590460,Temperature_1,24.49
1512384590463,Humidity_1,13.655910179360902
1512384590470,Temperature_2,24.37
1512384590475,Humidity_2,13.162630656957601
1512384590485,Brightness_2,21.0
1512384594959,Sound_P,65.8563679754536
1512384594970,PodiumIR,179
1512384597287,Temperature_1,24.49
1512384597290,Humidity_1,13.655910179360902
1512384597294,Temperature_2,24.37
1512384597297,Humidity_2,13.162630656957601
1512384597301,Brightness_2,21.0
1512384603691,Temperature_1,24.49
1512384603695,Humidity_1,13.655910179360902
1512384603702,Temperature_2,24.37
1512384603705,Humidity_2,13.162630656957601
1512384603710,Brightness_2,22.0
1512384604975,Sound_P,62.551438321825636
1512384604978,PodiumIR,105
1512384610121,Temperature_1,24.49
1512384610125,Humidity_1,13.655910179360902
1512384610132,Temperature_2,24.37
1512384610136,Humidity_2,13.162630656957601
1512384610139,Brightness_2,22.0
1512384614980,Sound_P,70.0787016850011
1512384614984,PodiumIR,164
1512384616542,Temperature_1,24.49
1512384616545,Humidity_1,13.655910179360902
1512384616552,Temperature_2,24.37
1512384616557,Humidity_2,13.162630656957601
1512384616560,Brightness_2,22.0
1512384623022,Temperature_1,24.49
1512384623030,Humidity_1,13.655910179360902
1512384623035,Temperature_2,24.37
1512384623042,Humidity_2,13.162630656957601
1512384623044,Brightness_2,22.0
1512384624986,Sound_P,70.987085069563
1512384624989,PodiumIR,164
1512384629431,Temperature_1,24.49
1512384629437,Humidity_1,13.655910179360902
1512384629443,Temperature_2,24.37
1512384629448,Humidity_2,13.162630656957601
1512384629450,Brightness_2,22.0
1512384634992,Sound_P,65.24535518573873
1512384635005,PodiumIR,155
1512384636125,Temperature_1,24.49
1512384636131,Humidity_1,13.655910179360902
1512384636135,Temperature_2,24.37
1512384636141,Humidity_2,13.162630656957601
1512384636144,Brightness_2,22.0
1512384642572,Temperature_1,24.49
1512384642578,Humidity_1,13.655910179360902
1512384642583,Temperature_2,24.37
1512384642589,Humidity_2,13.162630656957601
1512384642591,Brightness_2,22.0
1512384645008,Sound_P,63.95233273361063
1512384645011,PodiumIR,156
1512384649032,Temperature_1,24.49
1512384649038,Humidity_1,13.655910179360902
1512384649043,Temperature_2,24.37
1512384649048,Humidity_2,13.162630656957601
1512384649051,Brightness_2,22.0
1512384655014,Sound_P,64.61127993529891
1512384655019,PodiumIR,156
1512384655479,Temperature_1,24.49
1512384655485,Humidity_1,13.655910179360902
1512384655490,Temperature_2,24.37
1512384655495,Humidity_2,13.162630656957601
1512384655497,Brightness_2,22.0
1512384661901,Temperature_1,24.49
1512384661907,Humidity_1,13.655910179360902
1512384661912,Temperature_2,24.37
1512384661915,Humidity_2,13.162630656957601
1512384661918,Brightness_2,22.0
1512384665025,Sound_P,65.8563679754536
1512384665028,PodiumIR,156
1512384668491,Temperature_1,24.49
1512384668494,Humidity_1,13.655910179360902
1512384668500,Temperature_2,24.37
1512384668502,Humidity_2,13.285950537558431
1512384668504,Brightness_2,21.0
1512384674935,Temperature_1,24.49
1512384674938,Humidity_1,13.655910179360902
1512384674944,Temperature_2,24.37
1512384674946,Humidity_2,13.285950537558431
1512384674948,Brightness_2,21.0
1512384675031,Sound_P,70.5390318503356
1512384675034,PodiumIR,160
1512384681386,Temperature_1,24.49
1512384681389,Humidity_1,13.655910179360902
1512384681395,Temperature_2,24.37
1512384681397,Humidity_2,13.285950537558431
1512384681401,Brightness_2,21.0
1512384685037,Sound_P,62.551438321825636
1512384685040,PodiumIR,152
1512384688145,Temperature_1,24.49
1512384688148,Humidity_1,13.655910179360902
1512384688154,Temperature_2,24.37
1512384688156,Humidity_2,13.285950537558431
1512384688159,Brightness_2,21.0
1512384694542,Temperature_1,24.49
1512384694545,Humidity_1,13.655910179360902
1512384694551,Temperature_2,24.37
1512384694553,Humidity_2,13.285950537558431
1512384694556,Brightness_2,21.0
1512384695043,Sound_P,72.66858725677886
1512384695046,PodiumIR,154
1512384701252,Temperature_1,24.49
1512384701255,Humidity_1,13.655910179360902
1512384701261,Temperature_2,24.37
1512384701263,Humidity_2,13.285950537558431
1512384701267,Brightness_2,21.0
1512384705049,Sound_P,78.09150302019039
1512384705052,PodiumIR,149
1512384707708,Temperature_1,24.49
1512384707711,Humidity_1,13.655910179360902
1512384707717,Temperature_2,24.37
1512384707719,Humidity_2,13.285950537558431
1512384707722,Brightness_2,21.0
1512384714160,Temperature_1,24.49
1512384714163,Humidity_1,13.655910179360902
1512384714169,Temperature_2,24.37
1512384714171,Humidity_2,13.285950537558431
1512384714174,Brightness_2,21.0
1512384715055,Sound_P,73.06392314376754
1512384715058,PodiumIR,155
1512384720562,Temperature_1,24.49
1512384720565,Humidity_1,13.655910179360902
1512384720570,Temperature_2,24.37
1512384720573,Humidity_2,13.285950537558431
1512384720575,Brightness_2,21.0
1512384725061,Sound_P,75.25847282855663
1512384725064,PodiumIR,152
1512384727013,Temperature_1,24.49
1512384727015,Humidity_1,13.655910179360902
1512384727021,Temperature_2,24.37
1512384727023,Humidity_2,13.285950537558431
1512384727028,Brightness_2,21.0
1512384733713,Temperature_1,24.49
1512384733720,Humidity_1,13.655910179360902
1512384733725,Temperature_2,24.25
1512384733728,Humidity_2,13.285950537558431
1512384733735,Brightness_2,21.0
1512384735067,Sound_P,73.82773649063114
1512384735070,PodiumIR,160
1512384740369,Temperature_1,24.49
1512384740376,Humidity_1,13.655910179360902
1512384740381,Temperature_2,24.25
1512384740383,Humidity_2,13.285950537558431
1512384740385,Brightness_2,21.0
1512384745080,Sound_P,77.19920484509075
1512384745083,PodiumIR,153
1512384746846,Temperature_1,24.49
1512384746852,Humidity_1,13.655910179360902
1512384746857,Temperature_2,24.25
1512384746859,Humidity_2,13.285950537558431
1512384746862,Brightness_2,21.0
1512384753627,Temperature_1,24.49
1512384753633,Humidity_1,13.655910179360902
1512384753638,Temperature_2,24.25
1512384753640,Humidity_2,13.285950537558431
1512384753642,Brightness_2,21.0
1512384755085,Sound_P,74.91204818426347
1512384755089,PodiumIR,154
1512384760046,Temperature_1,24.49
1512384760052,Humidity_1,13.655910179360902
1512384760059,Temperature_2,24.25
1512384760065,Humidity_2,13.285950537558431
1512384760068,Brightness_2,21.0
1512384765091,Sound_P,82.85227489256374
1512384765107,PodiumIR,159
1512384766604,Temperature_1,24.49
1512384766611,Humidity_1,13.655910179360902
1512384766616,Temperature_2,24.25
1512384766619,Humidity_2,13.285950537558431
1512384766621,Brightness_2,21.0
1512384773345,Temperature_1,24.49
1512384773350,Humidity_1,13.655910179360902
1512384773360,Temperature_2,24.25
1512384773363,Humidity_2,13.285950537558431
1512384773365,Brightness_2,21.0
1512384775111,Sound_P,67.56641902255494
1512384775115,PodiumIR,156
1512384780102,Temperature_1,24.49
1512384780109,Humidity_1,13.655910179360902
1512384780113,Temperature_2,24.25
1512384780115,Humidity_2,13.285950537558431
1512384780123,Brightness_2,21.0
1512384785132,Sound_P,65.8563679754536
1512384785143,PodiumIR,155
1512384786520,Temperature_1,24.49
1512384786527,Humidity_1,13.655910179360902
1512384786531,Temperature_2,24.25
1512384786540,Humidity_2,13.285950537558431
1512384786542,Brightness_2,21.0
1512384793210,Temperature_1,24.49
1512384793217,Humidity_1,13.655910179360902
1512384793221,Temperature_2,24.25
1512384793230,Humidity_2,13.285950537558431
1512384793233,Brightness_2,21.0
1512384795148,Sound_P,71.84886370856825
1512384795151,PodiumIR,151
1512384799669,Temperature_1,24.49
1512384799675,Humidity_1,13.655910179360902
1512384799680,Temperature_2,24.37
1512384799688,Humidity_2,13.285950537558431
1512384799690,Brightness_2,21.0
1512384805156,Sound_P,66.44593723960276
1512384805164,PodiumIR,161
1512384806419,Temperature_1,24.49
1512384806425,Humidity_1,13.655910179360902
1512384806430,Temperature_2,24.37
1512384806433,Humidity_2,13.285950537558431
1512384806435,Brightness_2,21.0
1512384813182,Temperature_1,24.49
1512384813189,Humidity_1,13.655910179360902
1512384813194,Temperature_2,24.37
1512384813202,Humidity_2,13.285950537558431
1512384813205,Brightness_2,21.0
1512384815169,Sound_P,75.59789851419828
1512384815172,PodiumIR,148
1512384819844,Temperature_1,24.49
1512384819850,Humidity_1,13.655910179360902
1512384819855,Temperature_2,24.37
1512384819857,Humidity_2,13.285950537558431
1512384819866,Brightness_2,21.0
1512384825178,Sound_P,70.5390318503356
1512384825184,PodiumIR,154
1512384826257,Temperature_1,24.49
1512384826263,Humidity_1,13.655910179360902
1512384826269,Temperature_2,24.37
1512384826271,Humidity_2,13.285950537558431
1512384826273,Brightness_2,21.0
1512384832670,Temperature_1,24.49
1512384832676,Humidity_1,13.655910179360902
1512384832681,Temperature_2,24.37
1512384832689,Humidity_2,13.285950537558431
1512384832692,Brightness_2,21.0
1512384835189,Sound_P,72.66858725677886
1512384835192,PodiumIR,163
1512384839401,Temperature_1,24.49
1512384839407,Humidity_1,13.655910179360902
1512384839412,Temperature_2,24.37
1512384839414,Humidity_2,13.285950537558431
1512384839422,Brightness_2,21.0
1512384845196,Sound_P,74.19700410241327
1512384845204,PodiumIR,152
1512384846051,Temperature_1,24.49
1512384846058,Humidity_1,13.655910179360902
1512384846062,Temperature_2,24.37
1512384846071,Humidity_2,13.285950537558431
1512384846073,Brightness_2,21.0
1512384852486,Temperature_1,24.49
1512384852492,Humidity_1,13.655910179360902
1512384852504,Temperature_2,24.37
1512384852506,Humidity_2,13.285950537558431
1512384852514,Brightness_2,21.0
1512384855209,Sound_P,67.01551720930587
1512384855212,PodiumIR,157
1512384859155,Temperature_1,24.49
1512384859162,Humidity_1,13.655910179360902
1512384859167,Temperature_2,24.37
1512384859176,Humidity_2,13.285950537558431
1512384859178,Brightness_2,22.0
1512384865217,Sound_P,77.79930435088828
1512384865221,PodiumIR,157
1512384865724,Temperature_1,24.49
1512384865730,Humidity_1,13.655910179360902
1512384865735,Temperature_2,24.37
1512384865738,Humidity_2,13.285950537558431
1512384865745,Brightness_2,22.0
1512384872161,Temperature_1,24.49
1512384872167,Humidity_1,13.655910179360902
1512384872172,Temperature_2,24.37
1512384872180,Humidity_2,13.285950537558431
1512384872183,Brightness_2,22.0
1512384875228,Sound_P,73.45017003946069
1512384875232,PodiumIR,153
1512384878589,Temperature_1,24.49
1512384878595,Humidity_1,13.655910179360902
1512384878600,Temperature_2,24.37
1512384878603,Humidity_2,13.285950537558431
1512384878612,Brightness_2,22.0
1512384885138,Temperature_1,24.49
1512384885145,Humidity_1,13.655910179360902
1512384885150,Temperature_2,24.37
1512384885158,Humidity_2,13.285950537558431
1512384885165,Brightness_2,22.0
1512384885234,Sound_P,82.63265085015064
1512384885238,PodiumIR,156
1512384891568,Temperature_1,24.49
1512384891574,Humidity_1,13.655910179360902
1512384891580,Temperature_2,24.37
1512384891582,Humidity_2,13.285950537558431
1512384891584,Brightness_2,22.0
1512384895245,Sound_P,78.6610829898935
1512384895254,PodiumIR,159
1512384898274,Temperature_1,24.49
1512384898280,Humidity_1,13.655910179360902
1512384898285,Temperature_2,24.37
1512384898287,Humidity_2,13.285950537558431
1512384898295,Brightness_2,22.0
1512384904683,Temperature_1,24.49
1512384904690,Humidity_1,13.655910179360902
1512384904694,Temperature_2,24.37
1512384904704,Humidity_2,13.285950537558431
1512384904706,Brightness_2,22.0
1512384905258,Sound_P,82.18459763092324
1512384905262,PodiumIR,154
1512384911380,Temperature_1,24.49
1512384911387,Humidity_1,13.655910179360902
1512384911392,Temperature_2,24.37
1512384911394,Humidity_2,13.285950537558431
1512384911396,Brightness_2,22.0
1512384915264,Sound_P,80.00588052151659
1512384915268,PodiumIR,154
1512384917832,Temperature_1,24.49
1512384917838,Humidity_1,13.655910179360902
1512384917843,Temperature_2,24.37
1512384917850,Humidity_2,13.285950537558431
1512384917852,Brightness_2,22.0
1512384924261,Temperature_1,24.49
1512384924268,Humidity_1,13.655910179360902
1512384924273,Temperature_2,24.37
1512384924275,Humidity_2,13.285950537558431
1512384924282,Brightness_2,22.0
1512384925271,Sound_P,73.45017003946069
1512384925274,PodiumIR,156
1512384930679,Temperature_1,24.49
1512384930685,Humidity_1,13.655910179360902
1512384930690,Temperature_2,24.37
1512384930699,Humidity_2,13.285950537558431
1512384930701,Brightness_2,22.0
1512384935277,Sound_P,73.45017003946069
1512384935280,PodiumIR,152
1512384937392,Temperature_1,24.49
1512384937398,Humidity_1,13.655910179360902
1512384937404,Temperature_2,24.37
1512384937412,Humidity_2,13.285950537558431
1512384937414,Brightness_2,22.0
1512384943958,Temperature_1,24.49
1512384943964,Humidity_1,13.655910179360902
1512384943969,Temperature_2,24.37
1512384943976,Humidity_2,13.285950537558431
1512384943979,Brightness_2,22.0
1512384945283,Sound_P,66.44593723960276
1512384945286,PodiumIR,156
1512384950470,Temperature_1,24.49
1512384950476,Humidity_1,13.655910179360902
1512384950493,Temperature_2,24.37
1512384950495,Humidity_2,13.285950537558431
1512384950497,Brightness_2,22.0
1512384955291,Sound_P,67.01551720930587
1512384955294,PodiumIR,155
1512384957154,Temperature_1,24.49
1512384957161,Humidity_1,13.655910179360902
1512384957166,Temperature_2,24.37
1512384957172,Humidity_2,13.285950537558431
1512384957181,Brightness_2,22.0
1512384963589,Temperature_1,24.49
1512384963592,Humidity_1,13.655910179360902
1512384963599,Temperature_2,24.37
1512384963602,Humidity_2,13.285950537558431
1512384963605,Brightness_2,22.0
1512384965297,Sound_P,77.79930435088828
1512384965300,PodiumIR,161
1512384970261,Temperature_1,24.49
1512384970265,Humidity_1,13.655910179360902
1512384970272,Temperature_2,24.37
1512384970274,Humidity_2,13.285950537558431
1512384970278,Brightness_2,22.0
1512384975303,Sound_P,69.11838317407611
1512384975306,PodiumIR,155
1512384976662,Temperature_1,24.49
1512384976665,Humidity_1,13.655910179360902
1512384976672,Temperature_2,24.37
1512384976675,Humidity_2,13.285950537558431
1512384976678,Brightness_2,22.0
1512384983369,Temperature_1,24.49
1512384983372,Humidity_1,13.655910179360902
1512384983379,Temperature_2,24.37
1512384983381,Humidity_2,13.285950537558431
1512384983385,Brightness_2,22.0
1512384985309,Sound_P,68.0998289029382
1512384985312,PodiumIR,157
1512384989820,Temperature_1,24.49
1512384989823,Humidity_1,13.655910179360902
1512384989830,Temperature_2,24.37
1512384989833,Humidity_2,13.285950537558431
1512384989837,Brightness_2,22.0
1512384995315,Sound_P,74.55832985633069
1512384995318,PodiumIR,160
1512384996271,Temperature_1,24.49
1512384996275,Humidity_1,13.655910179360902
1512384996281,Temperature_2,24.37
1512384996284,Humidity_2,13.285950537558431
1512384996288,Brightness_2,22.0
1512385002679,Temperature_1,24.49
1512385002682,Humidity_1,13.655910179360902
1512385002689,Temperature_2,24.37
1512385002692,Humidity_2,13.285950537558431
1512385002695,Brightness_2,22.0
1512385005321,Sound_P,75.25847282855663
1512385005324,PodiumIR,152
1512385009379,Temperature_1,24.49
1512385009382,Humidity_1,13.655910179360902
1512385009389,Temperature_2,24.37
1512385009392,Humidity_2,13.285950537558431
1512385009396,Brightness_2,22.0
1512385015327,Sound_P,67.56641902255494
1512385015330,PodiumIR,161
1512385015836,Temperature_1,24.49
1512385015840,Humidity_1,13.655910179360902
1512385015846,Temperature_2,24.37
1512385015849,Humidity_2,13.285950537558431
1512385015852,Brightness_2,22.0
1512385022474,Temperature_1,24.49
1512385022478,Humidity_1,13.655910179360902
1512385022486,Temperature_2,24.37
1512385022489,Humidity_2,13.285950537558431
1512385022492,Brightness_2,22.0
1512385025333,Sound_P,68.0998289029382
1512385025336,PodiumIR,155
1512385029250,Temperature_1,24.49
1512385029253,Humidity_1,13.655910179360902
1512385029260,Temperature_2,24.37
1512385029263,Humidity_2,13.285950537558431
1512385029267,Brightness_2,22.0
1512385035339,Sound_P,68.61682354019833
1512385035342,PodiumIR,160
1512385035798,Temperature_1,24.49
1512385035801,Humidity_1,13.655910179360902
1512385035804,Temperature_2,24.37
1512385035805,Humidity_2,13.285950537558431
1512385035818,Brightness_2,22.0
1512385042245,Temperature_1,24.49
1512385042249,Humidity_1,13.655910179360902
1512385042255,Temperature_2,24.37
1512385042258,Humidity_2,13.285950537558431
1512385042262,Brightness_2,22.0
1512385045351,Sound_P,72.66858725677886
1512385045354,PodiumIR,156
1512385048650,Temperature_1,24.49
1512385048653,Humidity_1,13.655910179360902
1512385048660,Temperature_2,24.37
1512385048662,Humidity_2,13.285950537558431
1512385048666,Brightness_2,22.0
1512385055357,Sound_P,69.60540278108363
1512385055358,Temperature_1,24.49
1512385055361,Humidity_1,13.655910179360902
1512385055363,PodiumIR,161
1512385055387,Temperature_2,24.37
1512385055390,Humidity_2,13.285950537558431
1512385055398,Brightness_2,22.0
1512385062116,Temperature_1,24.49
1512385062119,Humidity_1,13.655910179360902
1512385062126,Temperature_2,24.37
1512385062129,Humidity_2,13.285950537558431
1512385062132,Brightness_2,22.0
1512385065367,Sound_P,70.5390318503356
1512385065370,PodiumIR,162
1512385068518,Temperature_1,24.49
1512385068521,Humidity_1,13.655910179360902
1512385068528,Temperature_2,24.37
1512385068531,Humidity_2,13.285950537558431
1512385068534,Brightness_2,22.0
1512385075223,Temperature_1,24.49
1512385075226,Humidity_1,13.655910179360902
1512385075233,Temperature_2,24.37
1512385075236,Humidity_2,13.285950537558431
1512385075240,Brightness_2,22.0
1512385075374,Sound_P,67.56641902255494
1512385075378,PodiumIR,161
1512385081647,Temperature_1,24.49
1512385081650,Humidity_1,13.655910179360902
1512385081657,Temperature_2,24.37
1512385081659,Humidity_2,13.285950537558431
1512385081662,Brightness_2,22.0
1512385085380,Sound_P,68.0998289029382
1512385085384,PodiumIR,161
1512385088445,Temperature_1,24.49
1512385088448,Humidity_1,13.655910179360902
1512385088455,Temperature_2,24.37
1512385088459,Humidity_2,13.285950537558431
1512385088465,Brightness_2,22.0
1512385095098,Temperature_1,24.49
1512385095102,Humidity_1,13.655910179360902
1512385095109,Temperature_2,24.37
1512385095111,Humidity_2,13.285950537558431
1512385095115,Brightness_2,22.0
1512385095386,Sound_P,68.61682354019833
1512385095389,PodiumIR,155
1512385101549,Temperature_1,24.49
1512385101552,Humidity_1,13.655910179360902
1512385101559,Temperature_2,24.37
1512385101562,Humidity_2,13.285950537558431
1512385101566,Brightness_2,22.0
1512385105392,Sound_P,69.11838317407611
1512385105395,PodiumIR,155
1512385107991,Temperature_1,24.49
1512385107995,Humidity_1,13.655910179360902
1512385108001,Temperature_2,24.37
1512385108004,Humidity_2,13.285950537558431
1512385108008,Brightness_2,22.0
1512385114443,Temperature_1,24.49
1512385114447,Humidity_1,13.655910179360902
1512385114453,Temperature_2,24.37
1512385114455,Humidity_2,13.285950537558431
1512385114460,Brightness_2,22.0
1512385115398,Sound_P,69.60540278108363
1512385115401,PodiumIR,158
1512385121105,Temperature_1,24.49
1512385121108,Humidity_1,13.655910179360902
1512385121114,Temperature_2,24.37
1512385121117,Humidity_2,13.285950537558431
1512385121119,Brightness_2,22.0
1512385125404,Sound_P,74.55832985633069
1512385125407,PodiumIR,161
1512385127550,Temperature_1,24.49
1512385127554,Humidity_1,13.655910179360902
1512385127561,Temperature_2,24.37
1512385127564,Humidity_2,13.285950537558431
1512385127568,Brightness_2,22.0
1512385134001,Temperature_1,24.49
1512385134005,Humidity_1,13.655910179360902
1512385134012,Temperature_2,24.37
1512385134015,Humidity_2,13.285950537558431
1512385134019,Brightness_2,22.0
1512385135413,Sound_P,78.6610829898935
1512385135416,PodiumIR,159
1512385140627,Temperature_1,24.49
1512385140631,Humidity_1,13.655910179360902
1512385140638,Temperature_2,24.37
1512385140640,Humidity_2,13.285950537558431
1512385140645,Brightness_2,22.0
1512385145423,Sound_P,69.11838317407611
1512385145426,PodiumIR,154
1512385147105,Temperature_1,24.37
1512385147108,Humidity_1,13.655910179360902
1512385147115,Temperature_2,24.37
1512385147118,Humidity_2,13.285950537558431
1512385147122,Brightness_2,22.0
1512385153560,Temperature_1,24.37
1512385153563,Humidity_1,13.655910179360902
1512385153570,Temperature_2,24.37
1512385153573,Humidity_2,13.285950537558431
1512385153577,Brightness_2,22.0
1512385155432,Sound_P,78.6610829898935
1512385155435,PodiumIR,168
1512385160000,Temperature_1,24.37
1512385160003,Humidity_1,13.655910179360902
1512385160010,Temperature_2,24.37
1512385160013,Humidity_2,13.285950537558431
1512385160017,Brightness_2,22.0
1512385165441,Sound_P,74.91204818426347
1512385165444,PodiumIR,162
1512385166463,Temperature_1,24.37
1512385166466,Humidity_1,13.655910179360902
1512385166473,Temperature_2,24.37
1512385166476,Humidity_2,13.285950537558431
1512385166483,Brightness_2,22.0
1512385173119,Temperature_1,24.37
1512385173123,Humidity_1,13.655910179360902
1512385173130,Temperature_2,24.37
1512385173133,Humidity_2,13.285950537558431
1512385173137,Brightness_2,22.0
1512385175452,Sound_P,77.19920484509075
1512385175455,PodiumIR,165
1512385179570,Temperature_1,24.37
1512385179573,Humidity_1,13.655910179360902
1512385179580,Temperature_2,24.37
1512385179583,Humidity_2,13.162630656957601
1512385179588,Brightness_2,22.0
1512385185458,Sound_P,79.48080653810413
1512385185461,PodiumIR,155
1512385186021,Temperature_1,24.37
1512385186025,Humidity_1,13.655910179360902
1512385186032,Temperature_2,24.37
1512385186035,Humidity_2,13.162630656957601
1512385186039,Brightness_2,22.0
1512385192468,Temperature_1,24.37
1512385192472,Humidity_1,13.655910179360902
1512385192479,Temperature_2,24.37
1512385192483,Humidity_2,13.162630656957601
1512385192487,Brightness_2,22.0
1512385195464,Sound_P,68.0998289029382
1512385195467,PodiumIR,157
1512385198900,Temperature_1,24.37
1512385198903,Humidity_1,13.655910179360902
1512385198910,Temperature_2,24.37
1512385198913,Humidity_2,13.162630656957601
1512385198915,Brightness_2,22.0
1512385205402,Temperature_1,24.37
1512385205405,Humidity_1,13.655910179360902
1512385205412,Temperature_2,24.37
1512385205415,Humidity_2,13.162630656957601
1512385205419,Brightness_2,22.0
1512385205478,Sound_P,69.60540278108363
1512385205482,PodiumIR,157
1512385212156,Temperature_1,24.49
1512385212159,Humidity_1,13.655910179360902
1512385212165,Temperature_2,24.37
1512385212168,Humidity_2,13.162630656957601
1512385212170,Brightness_2,22.0
1512385215484,Sound_P,75.93060245540138
1512385215488,PodiumIR,156
1512385218556,Temperature_1,24.49
1512385218559,Humidity_1,13.655910179360902
1512385218565,Temperature_2,24.37
1512385218568,Humidity_2,13.162630656957601
1512385218570,Brightness_2,22.0
1512385225037,Temperature_1,24.49
1512385225040,Humidity_1,13.655910179360902
1512385225045,Temperature_2,24.37
1512385225048,Humidity_2,13.162630656957601
1512385225051,Brightness_2,22.0
1512385225493,Sound_P,68.61682354019833
1512385225496,PodiumIR,160
1512385231502,Temperature_1,24.49
1512385231506,Humidity_1,13.655910179360902
1512385231513,Temperature_2,24.37
1512385231515,Humidity_2,13.162630656957601
1512385231518,Brightness_2,22.0
1512385235501,Sound_P,67.56641902255494
1512385235504,PodiumIR,162
1512385238216,Temperature_1,24.49
1512385238220,Humidity_1,13.655910179360902
1512385238227,Temperature_2,24.37
1512385238230,Humidity_2,13.162630656957601
1512385238234,Brightness_2,22.0
1512385244646,Temperature_1,24.49
1512385244650,Humidity_1,13.655910179360902
1512385244656,Temperature_2,24.25
1512385244659,Humidity_2,13.285950537558431
1512385244662,Brightness_2,21.0
1512385245507,Sound_P,69.11838317407611
1512385245511,PodiumIR,169
1512385251354,Temperature_1,24.49
1512385251358,Humidity_1,13.655910179360902
1512385251364,Temperature_2,24.25
1512385251368,Humidity_2,13.285950537558431
1512385251372,Brightness_2,21.0
1512385255517,Sound_P,68.0998289029382
1512385255520,PodiumIR,143
1512385257767,Temperature_1,24.49
1512385257770,Humidity_1,13.655910179360902
1512385257777,Temperature_2,24.25
1512385257780,Humidity_2,13.285950537558431
1512385257783,Brightness_2,21.0
1512385264264,Temperature_1,24.49
1512385264267,Humidity_1,13.655910179360902
1512385264274,Temperature_2,24.25
1512385264277,Humidity_2,13.285950537558431
1512385264280,Brightness_2,21.0
1512385265526,Sound_P,69.60540278108363
1512385265529,PodiumIR,139
1512385270677,Temperature_1,24.49
1512385270680,Humidity_1,13.655910179360902
1512385270687,Temperature_2,24.25
1512385270690,Humidity_2,13.285950537558431
1512385270693,Brightness_2,21.0
1512385275534,Sound_P,74.19700410241327
1512385275537,PodiumIR,138
1512385277160,Temperature_1,24.49
1512385277164,Humidity_1,13.655910179360902
1512385277171,Temperature_2,24.25
1512385277174,Humidity_2,13.285950537558431
1512385277178,Brightness_2,21.0
1512385283611,Temperature_1,24.49
1512385283614,Humidity_1,13.655910179360902
1512385283634,Temperature_2,24.25
1512385283636,Humidity_2,13.285950537558431
1512385283639,Brightness_2,21.0
1512385285540,Sound_P,65.24535518573873
1512385285543,PodiumIR,143
1512385290369,Temperature_1,24.49
1512385290372,Humidity_1,13.655910179360902
1512385290377,Temperature_2,24.25
1512385290379,Humidity_2,13.285950537558431
1512385290382,Brightness_2,21.0
1512385295548,Sound_P,75.93060245540138
1512385295558,PodiumIR,144
1512385296772,Temperature_1,24.49
1512385296775,Humidity_1,13.655910179360902
1512385296782,Temperature_2,24.25
1512385296784,Humidity_2,13.285950537558431
1512385296786,Brightness_2,21.0
1512385303476,Temperature_1,24.49
1512385303479,Humidity_1,13.655910179360902
1512385303485,Temperature_2,24.25
1512385303487,Humidity_2,13.285950537558431
1512385303491,Brightness_2,22.0
1512385305562,Sound_P,65.8563679754536
1512385305566,PodiumIR,135
1512385309933,Temperature_1,24.49
1512385309936,Humidity_1,13.655910179360902
1512385309942,Temperature_2,24.25
1512385309944,Humidity_2,13.285950537558431
1512385309947,Brightness_2,22.0
1512385315571,Sound_P,70.0787016850011
1512385315574,PodiumIR,142
1512385316328,Temperature_1,24.49
1512385316331,Humidity_1,13.655910179360902
1512385316337,Temperature_2,24.25
1512385316339,Humidity_2,13.285950537558431
1512385316342,Brightness_2,22.0
1512385322729,Temperature_1,24.49
1512385322732,Humidity_1,13.655910179360902
1512385322737,Temperature_2,24.25
1512385322740,Humidity_2,13.285950537558431
1512385322743,Brightness_2,22.0
1512385325576,Sound_P,67.56641902255494
1512385325579,PodiumIR,132
1512385329185,Temperature_1,24.49
1512385329188,Humidity_1,13.655910179360902
1512385329194,Temperature_2,24.25
1512385329196,Humidity_2,13.285950537558431
1512385329199,Brightness_2,22.0
1512385335582,Sound_P,71.84886370856825
1512385335585,PodiumIR,137
1512385335619,Temperature_1,24.49
1512385335622,Humidity_1,13.655910179360902
1512385335628,Temperature_2,24.25
1512385335630,Humidity_2,13.285950537558431
1512385335633,Brightness_2,22.0
1512385342084,Temperature_1,24.49
1512385342087,Humidity_1,13.655910179360902
1512385342093,Temperature_2,24.25
1512385342095,Humidity_2,13.285950537558431
1512385342098,Brightness_2,22.0
1512385345592,Sound_P,70.5390318503356
1512385345595,PodiumIR,138
1512385348508,Temperature_1,24.49
1512385348511,Humidity_1,13.655910179360902
1512385348517,Temperature_2,24.25
1512385348519,Humidity_2,13.285950537558431
1512385348522,Brightness_2,22.0
1512385355192,Temperature_1,24.49
1512385355195,Humidity_1,13.655910179360902
1512385355201,Temperature_2,24.25
1512385355203,Humidity_2,13.285950537558431
1512385355205,Brightness_2,22.0
1512385355600,Sound_P,68.0998289029382
1512385355603,PodiumIR,147
1512385361641,Temperature_1,24.49
1512385361644,Humidity_1,13.655910179360902
1512385361650,Temperature_2,24.25
1512385361652,Humidity_2,13.285950537558431
1512385361655,Brightness_2,22.0
1512385365610,Sound_P,70.5390318503356
1512385365613,PodiumIR,152
1512385368098,Temperature_1,24.49
1512385368101,Humidity_1,13.655910179360902
1512385368107,Temperature_2,24.25
1512385368109,Humidity_2,13.162630656957601
1512385368112,Brightness_2,21.0
1512385374526,Temperature_1,24.49
1512385374529,Humidity_1,13.655910179360902
1512385374534,Temperature_2,24.25
1512385374537,Humidity_2,13.162630656957601
1512385374539,Brightness_2,21.0
1512385375615,Sound_P,68.0998289029382
1512385375619,PodiumIR,141
1512385381221,Temperature_1,24.49
1512385381224,Humidity_1,13.655910179360902
1512385381230,Temperature_2,24.25
1512385381232,Humidity_2,13.162630656957601
1512385381234,Brightness_2,21.0
1512385385622,Sound_P,69.60540278108363
1512385385625,PodiumIR,144
1512385387756,Temperature_1,24.49
1512385387759,Humidity_1,13.655910179360902
1512385387765,Temperature_2,24.25
1512385387767,Humidity_2,13.162630656957601
1512385387770,Brightness_2,21.0
1512385394184,Temperature_1,24.49
1512385394188,Humidity_1,13.655910179360902
1512385394194,Temperature_2,24.25
1512385394196,Humidity_2,13.162630656957601
1512385394198,Brightness_2,21.0
1512385395628,Sound_P,72.66858725677886
1512385395631,PodiumIR,141
1512385400709,Temperature_1,24.49
1512385400712,Humidity_1,13.655910179360902
1512385400718,Temperature_2,24.25
1512385400721,Humidity_2,13.162630656957601
1512385400724,Brightness_2,21.0
1512385405634,Sound_P,71.84886370856825
1512385405637,PodiumIR,141
1512385407516,Temperature_1,24.37
1512385407519,Humidity_1,13.655910179360902
1512385407525,Temperature_2,24.25
1512385407528,Humidity_2,13.162630656957601
1512385407531,Brightness_2,21.0
1512385414173,Temperature_1,24.37
1512385414176,Humidity_1,13.655910179360902
1512385414182,Temperature_2,24.25
1512385414184,Humidity_2,13.162630656957601
1512385414187,Brightness_2,21.0
1512385415640,Sound_P,68.0998289029382
1512385415643,PodiumIR,132
1512385420588,Temperature_1,24.37
1512385420590,Humidity_1,13.655910179360902
1512385420595,Temperature_2,24.25
1512385420597,Humidity_2,13.162630656957601
1512385420599,Brightness_2,21.0
1512385425646,Sound_P,69.11838317407611
1512385425663,PodiumIR,136
1512385427280,Temperature_1,24.37
1512385427283,Humidity_1,13.655910179360902
1512385427289,Temperature_2,24.25
1512385427291,Humidity_2,13.162630656957601
1512385427295,Brightness_2,21.0
1512385433674,Temperature_1,24.37
1512385433677,Humidity_1,13.655910179360902
1512385433683,Temperature_2,24.25
1512385433685,Humidity_2,13.162630656957601
1512385433688,Brightness_2,21.0
1512385435666,Sound_P,68.0998289029382
1512385435669,PodiumIR,144
1512385440388,Temperature_1,24.37
1512385440391,Humidity_1,13.655910179360902
1512385440397,Temperature_2,24.25
1512385440399,Humidity_2,13.162630656957601
1512385440403,Brightness_2,21.0
1512385445671,Sound_P,77.19920484509075
1512385445677,PodiumIR,155
1512385446793,Temperature_1,24.37
1512385446797,Humidity_1,13.655910179360902
1512385446803,Temperature_2,24.25
1512385446805,Humidity_2,13.162630656957601
1512385446807,Brightness_2,21.0
1512385453392,Temperature_1,24.37
1512385453395,Humidity_1,13.655910179360902
1512385453401,Temperature_2,24.25
1512385453403,Humidity_2,13.162630656957601
1512385453406,Brightness_2,21.0
1512385455681,Sound_P,74.91204818426347
1512385455684,PodiumIR,158
1512385459844,Temperature_1,24.37
1512385459847,Humidity_1,13.655910179360902
1512385459852,Temperature_2,24.25
1512385459854,Humidity_2,13.162630656957601
1512385459857,Brightness_2,21.0
1512385465687,Sound_P,66.44593723960276
1512385465690,PodiumIR,155
1512385466479,Temperature_1,24.49
1512385466482,Humidity_1,13.655910179360902
1512385466489,Temperature_2,24.25
1512385466491,Humidity_2,13.162630656957601
1512385466493,Brightness_2,21.0
1512385473156,Temperature_1,24.49
1512385473159,Humidity_1,13.655910179360902
1512385473165,Temperature_2,24.25
1512385473167,Humidity_2,13.162630656957601
1512385473170,Brightness_2,21.0
1512385475693,Sound_P,69.11838317407611
1512385475696,PodiumIR,152
1512385479919,Temperature_1,24.49
1512385479922,Humidity_1,13.655910179360902
1512385479928,Temperature_2,24.25
1512385479931,Humidity_2,13.162630656957601
1512385479934,Brightness_2,21.0
1512385485700,Sound_P,69.11838317407611
1512385485703,PodiumIR,159
1512385486469,Temperature_1,24.49
1512385486472,Humidity_1,13.655910179360902
1512385486478,Temperature_2,24.25
1512385486481,Humidity_2,13.162630656957601
1512385486484,Brightness_2,21.0
1512385492920,Temperature_1,24.49
1512385492924,Humidity_1,13.655910179360902
1512385492928,Temperature_2,24.25
1512385492931,Humidity_2,13.285950537558431
1512385492934,Brightness_2,21.0
1512385495706,Sound_P,73.45017003946069
1512385495709,PodiumIR,149
1512385499371,Temperature_1,24.49
1512385499374,Humidity_1,13.655910179360902
1512385499380,Temperature_2,24.25
1512385499382,Humidity_2,13.285950537558431
1512385499385,Brightness_2,21.0
1512385505712,Sound_P,67.01551720930587
1512385505715,PodiumIR,150
1512385505784,Temperature_1,24.49
1512385505787,Humidity_1,13.655910179360902
1512385505793,Temperature_2,24.25
1512385505795,Humidity_2,13.285950537558431
1512385505798,Brightness_2,21.0
1512385512233,Temperature_1,24.49
1512385512237,Humidity_1,13.655910179360902
1512385512242,Temperature_2,24.25
1512385512245,Humidity_2,13.285950537558431
1512385512248,Brightness_2,21.0
1512385515719,Sound_P,67.56641902255494
1512385515730,PodiumIR,161
1512385518644,Temperature_1,24.49
1512385518647,Humidity_1,13.655910179360902
1512385518653,Temperature_2,24.25
1512385518655,Humidity_2,13.285950537558431
1512385518659,Brightness_2,21.0
1512385525384,Temperature_1,24.49
1512385525387,Humidity_1,13.655910179360902
1512385525392,Temperature_2,24.25
1512385525394,Humidity_2,13.285950537558431
1512385525397,Brightness_2,21.0
1512385525732,Sound_P,70.5390318503356
1512385525736,PodiumIR,151
1512385531847,Temperature_1,24.49
1512385531850,Humidity_1,13.655910179360902
1512385531856,Temperature_2,24.25
1512385531858,Humidity_2,13.285950537558431
1512385531860,Brightness_2,21.0
1512385535739,Sound_P,69.11838317407611
1512385535742,PodiumIR,148
1512385538283,Temperature_1,24.49
1512385538286,Humidity_1,13.655910179360902
1512385538292,Temperature_2,24.25
1512385538294,Humidity_2,13.285950537558431
1512385538298,Brightness_2,21.0
1512385544693,Temperature_1,24.49
1512385544696,Humidity_1,13.655910179360902
1512385544702,Temperature_2,24.25
1512385544704,Humidity_2,13.285950537558431
1512385544706,Brightness_2,21.0
1512385545745,Sound_P,69.11838317407611
1512385545748,PodiumIR,157
1512385551103,Temperature_1,24.49
1512385551106,Humidity_1,13.655910179360902
1512385551111,Temperature_2,24.25
1512385551113,Humidity_2,13.285950537558431
1512385551114,Brightness_2,21.0
1512385555750,Sound_P,72.26372429269907
1512385555754,PodiumIR,156
1512385557851,Temperature_1,24.49
1512385557853,Humidity_1,13.655910179360902
1512385557858,Temperature_2,24.25
1512385557860,Humidity_2,13.162630656957601
1512385557862,Brightness_2,22.0
1512385564298,Temperature_1,24.49
1512385564303,Humidity_1,13.655910179360902
1512385564309,Temperature_2,24.25
1512385564313,Humidity_2,13.162630656957601
1512385564316,Brightness_2,22.0
1512385565763,Sound_P,74.91204818426347
1512385565767,PodiumIR,151
1512385570713,Temperature_1,24.49
1512385570717,Humidity_1,13.655910179360902
1512385570723,Temperature_2,24.25
1512385570725,Humidity_2,13.162630656957601
1512385570728,Brightness_2,22.0
1512385575769,Sound_P,73.06392314376754
1512385575780,PodiumIR,152
1512385577173,Temperature_1,24.49
1512385577176,Humidity_1,13.655910179360902
1512385577192,Temperature_2,24.25
1512385577194,Humidity_2,13.162630656957601
1512385577197,Brightness_2,22.0
1512385583954,Temperature_1,24.49
1512385583957,Humidity_1,13.655910179360902
1512385583963,Temperature_2,24.25
1512385583965,Humidity_2,13.162630656957601
1512385583969,Brightness_2,22.0
1512385585784,Sound_P,68.61682354019833
1512385585788,PodiumIR,151
1512385590469,Temperature_1,24.49
1512385590472,Humidity_1,13.655910179360902
1512385590478,Temperature_2,24.25
1512385590481,Humidity_2,13.162630656957601
1512385590484,Brightness_2,22.0
1512385595791,Sound_P,69.60540278108363
1512385595802,PodiumIR,153
1512385597164,Temperature_1,24.49
1512385597167,Humidity_1,13.655910179360902
1512385597173,Temperature_2,24.25
1512385597176,Humidity_2,13.162630656957601
1512385597178,Brightness_2,22.0
1512385603583,Temperature_1,24.49
1512385603586,Humidity_1,13.655910179360902
1512385603591,Temperature_2,24.25
1512385603592,Humidity_2,13.162630656957601
1512385603594,Brightness_2,22.0
1512385605810,Sound_P,66.44593723960276
1512385605813,PodiumIR,152
1512385610271,Temperature_1,24.49
1512385610277,Humidity_1,13.655910179360902
1512385610282,Temperature_2,24.25
1512385610288,Humidity_2,13.162630656957601
1512385610291,Brightness_2,22.0
1512385615822,Sound_P,80.51504069838761
1512385615831,PodiumIR,157
1512385616693,Temperature_1,24.49
1512385616699,Humidity_1,13.655910179360902
1512385616704,Temperature_2,24.25
1512385616707,Humidity_2,13.162630656957601
1512385616713,Brightness_2,22.0
1512385623379,Temperature_1,24.49
1512385623385,Humidity_1,13.655910179360902
1512385623390,Temperature_2,24.25
1512385623395,Humidity_2,13.162630656957601
1512385623398,Brightness_2,21.0
1512385625843,Sound_P,70.5390318503356
1512385625845,PodiumIR,162
1512385629797,Temperature_1,24.49
1512385629803,Humidity_1,13.655910179360902
1512385629808,Temperature_2,24.25
1512385629810,Humidity_2,13.162630656957601
1512385629813,Brightness_2,21.0
1512385635849,Sound_P,71.84886370856825
1512385635852,PodiumIR,161
1512385636468,Temperature_1,24.49
1512385636471,Humidity_1,13.655910179360902
1512385636477,Temperature_2,24.25
1512385636480,Humidity_2,13.162630656957601
1512385636482,Brightness_2,21.0
1512385643245,Temperature_1,24.49
1512385643248,Humidity_1,13.655910179360902
1512385643254,Temperature_2,24.25
1512385643256,Humidity_2,13.162630656957601
1512385643259,Brightness_2,21.0
1512385645859,Sound_P,73.82773649063114
1512385645863,PodiumIR,160
1512385649901,Temperature_1,24.49
1512385649904,Humidity_1,13.655910179360902
1512385649909,Temperature_2,24.25
1512385649911,Humidity_2,13.162630656957601
1512385649913,Brightness_2,21.0
1512385655865,Sound_P,67.01551720930587
1512385655869,PodiumIR,154
1512385656295,Temperature_1,24.37
1512385656298,Humidity_1,13.655910179360902
1512385656304,Temperature_2,24.25
1512385656307,Humidity_2,13.162630656957601
1512385656310,Brightness_2,21.0
1512385662710,Temperature_1,24.37
1512385662713,Humidity_1,13.655910179360902
1512385662720,Temperature_2,24.25
1512385662723,Humidity_2,13.162630656957601
1512385662726,Brightness_2,21.0
1512385665872,Sound_P,67.56641902255494
1512385665875,PodiumIR,159
1512385669152,Temperature_1,24.37
1512385669156,Humidity_1,13.655910179360902
1512385669162,Temperature_2,24.25
1512385669165,Humidity_2,13.162630656957601
1512385669168,Brightness_2,21.0
1512385675604,Temperature_1,24.37
1512385675608,Humidity_1,13.655910179360902
1512385675614,Temperature_2,24.25
1512385675617,Humidity_2,13.162630656957601
1512385675620,Brightness_2,21.0
1512385675878,Sound_P,73.06392314376754
1512385675881,PodiumIR,166
1512385682061,Temperature_1,24.37
1512385682064,Humidity_1,13.655910179360902
1512385682071,Temperature_2,24.25
1512385682073,Humidity_2,13.162630656957601
1512385682077,Brightness_2,21.0
1512385685884,Sound_P,65.8563679754536
1512385685887,PodiumIR,162
1512385688470,Temperature_1,24.37
1512385688473,Humidity_1,13.655910179360902
1512385688480,Temperature_2,24.25
1512385688483,Humidity_2,13.285950537558431
1512385688486,Brightness_2,21.0
1512385695184,Temperature_1,24.37
1512385695187,Humidity_1,13.655910179360902
1512385695194,Temperature_2,24.25
1512385695196,Humidity_2,13.285950537558431
1512385695199,Brightness_2,21.0
1512385695890,Sound_P,68.0998289029382
1512385695893,PodiumIR,164
1512385701716,Temperature_1,24.37
1512385701720,Humidity_1,13.655910179360902
1512385701726,Temperature_2,24.25
1512385701729,Humidity_2,13.285950537558431
1512385701734,Brightness_2,21.0
1512385705896,Sound_P,67.01551720930587
1512385705899,PodiumIR,163
1512385708146,Temperature_1,24.37
1512385708149,Humidity_1,13.655910179360902
1512385708155,Temperature_2,24.25
1512385708158,Humidity_2,13.285950537558431
1512385708161,Brightness_2,21.0
1512385714552,Temperature_1,24.37
1512385714555,Humidity_1,13.655910179360902
1512385714559,Temperature_2,24.25
1512385714562,Humidity_2,13.285950537558431
1512385714564,Brightness_2,21.0
1512385715902,Sound_P,76.25684571588656
1512385715905,PodiumIR,155
1512385721992,Temperature_1,24.49
1512385721994,Humidity_1,13.655910179360902
1512385722000,Temperature_2,24.25
1512385722002,Humidity_2,13.285950537558431
1512385722005,Brightness_2,21.0
1512385725907,Sound_P,74.91204818426347
1512385725911,PodiumIR,162
1512385728443,Temperature_1,24.49
1512385728446,Humidity_1,13.655910179360902
1512385728452,Temperature_2,24.25
1512385728454,Humidity_2,13.285950537558431
1512385728456,Brightness_2,21.0
1512385735100,Temperature_1,24.49
1512385735103,Humidity_1,13.655910179360902
1512385735109,Temperature_2,24.25
1512385735111,Humidity_2,13.285950537558431
1512385735113,Brightness_2,21.0
1512385735920,Sound_P,72.66858725677886
1512385735923,PodiumIR,160
1512385741760,Temperature_1,24.49
1512385741763,Humidity_1,13.655910179360902
1512385741768,Temperature_2,24.25
1512385741771,Humidity_2,13.285950537558431
1512385741774,Brightness_2,21.0
1512385745934,Sound_P,69.60540278108363
1512385745944,PodiumIR,159
1512385748234,Temperature_1,24.49
1512385748237,Humidity_1,13.655910179360902
1512385748242,Temperature_2,24.25
1512385748245,Humidity_2,13.285950537558431
1512385748247,Brightness_2,21.0
1512385754651,Temperature_1,24.49
1512385754654,Humidity_1,13.655910179360902
1512385754660,Temperature_2,24.25
1512385754662,Humidity_2,13.285950537558431
1512385754665,Brightness_2,21.0
1512385755956,Sound_P,75.25847282855663
1512385755959,PodiumIR,168
1512385761042,Temperature_1,24.49
1512385761045,Humidity_1,13.655910179360902
1512385761050,Temperature_2,24.25
1512385761053,Humidity_2,13.285950537558431
1512385761055,Brightness_2,21.0
1512385765971,Sound_P,73.06392314376754
1512385765975,PodiumIR,161
1512385767663,Temperature_1,24.49
1512385767666,Humidity_1,13.655910179360902
1512385767672,Temperature_2,24.25
1512385767674,Humidity_2,13.285950537558431
1512385767677,Brightness_2,21.0
1512385774319,Temperature_1,24.49
1512385774322,Humidity_1,13.655910179360902
1512385774328,Temperature_2,24.25
1512385774330,Humidity_2,13.285950537558431
1512385774333,Brightness_2,21.0
1512385775985,Sound_P,67.56641902255494
1512385775988,PodiumIR,182
1512385780741,Temperature_1,24.49
1512385780744,Humidity_1,13.655910179360902
1512385780749,Temperature_2,24.25
1512385780752,Humidity_2,13.285950537558431
1512385780755,Brightness_2,21.0
1512385786000,Sound_P,69.11838317407611
1512385786009,PodiumIR,207
1512385787181,Temperature_1,24.49
1512385787184,Humidity_1,13.655910179360902
1512385787190,Temperature_2,24.25
1512385787192,Humidity_2,13.285950537558431
1512385787194,Brightness_2,21.0
1512385793878,Temperature_1,24.49
1512385793881,Humidity_1,13.655910179360902
1512385793887,Temperature_2,24.25
1512385793889,Humidity_2,13.285950537558431
1512385793891,Brightness_2,21.0
1512385796021,Sound_P,68.0998289029382
1512385796025,PodiumIR,193
1512385800475,Temperature_1,24.49
1512385800478,Humidity_1,13.655910179360902
1512385800486,Temperature_2,24.25
1512385800488,Humidity_2,13.285950537558431
1512385800491,Brightness_2,21.0
1512385806037,Sound_P,68.61682354019833
1512385806051,PodiumIR,195
1512385807190,Temperature_1,24.49
1512385807193,Humidity_1,13.655910179360902
1512385807199,Temperature_2,24.25
1512385807201,Humidity_2,13.285950537558431
1512385807203,Brightness_2,21.0
1512385813846,Temperature_1,24.49
1512385813849,Humidity_1,13.655910179360902
1512385813854,Temperature_2,24.37
1512385813857,Humidity_2,13.285950537558431
1512385813859,Brightness_2,21.0
1512385816066,Sound_P,71.84886370856825
1512385816070,PodiumIR,186
1512385820299,Temperature_1,24.49
1512385820302,Humidity_1,13.655910179360902
1512385820308,Temperature_2,24.37
1512385820310,Humidity_2,13.285950537558431
1512385820312,Brightness_2,21.0
1512385826081,Sound_P,68.61682354019833
1512385826089,PodiumIR,187
1512385826713,Temperature_1,24.49
1512385826716,Humidity_1,13.655910179360902
1512385826722,Temperature_2,24.37
1512385826724,Humidity_2,13.285950537558431
1512385826726,Brightness_2,21.0
1512385833200,Temperature_1,24.49
1512385833203,Humidity_1,13.655910179360902
1512385833209,Temperature_2,24.37
1512385833211,Humidity_2,13.285950537558431
1512385833214,Brightness_2,21.0
1512385836096,Sound_P,68.61682354019833
1512385836100,PodiumIR,181
1512385839651,Temperature_1,24.49
1512385839654,Humidity_1,13.655910179360902
1512385839660,Temperature_2,24.37
1512385839662,Humidity_2,13.285950537558431
1512385839665,Brightness_2,21.0
1512385846102,Temperature_1,24.49
1512385846105,Sound_P,70.0787016850011
1512385846107,Humidity_1,13.655910179360902
1512385846113,Temperature_2,24.37
1512385846118,PodiumIR,185
1512385846125,Humidity_2,13.285950537558431
1512385846128,Brightness_2,21.0
1512385852530,Temperature_1,24.49
1512385852533,Humidity_1,13.655910179360902
1512385852538,Temperature_2,24.37
1512385852540,Humidity_2,13.285950537558431
1512385852543,Brightness_2,21.0
1512385856121,Sound_P,71.42349921662418
1512385856124,PodiumIR,193
1512385859210,Temperature_1,24.49
1512385859213,Humidity_1,13.655910179360902
1512385859219,Temperature_2,24.37
1512385859221,Humidity_2,13.285950537558431
1512385859223,Brightness_2,21.0
1512385865661,Temperature_1,24.49
1512385865664,Humidity_1,13.655910179360902
1512385865670,Temperature_2,24.37
1512385865681,Humidity_2,13.285950537558431
1512385865685,Brightness_2,21.0
1512385866130,Sound_P,71.42349921662418
1512385866133,PodiumIR,196
1512385872223,Temperature_1,24.49
1512385872226,Humidity_1,13.655910179360902
1512385872232,Temperature_2,24.37
1512385872234,Humidity_2,13.285950537558431
1512385872238,Brightness_2,21.0
1512385876139,Sound_P,69.11838317407611
1512385876142,PodiumIR,171
1512385878662,Temperature_1,24.49
1512385878665,Humidity_1,13.655910179360902
1512385878670,Temperature_2,24.25
1512385878673,Humidity_2,13.285950537558431
1512385878675,Brightness_2,22.0
1512385885323,Temperature_1,24.49
1512385885326,Humidity_1,13.655910179360902
1512385885332,Temperature_2,24.25
1512385885334,Humidity_2,13.285950537558431
1512385885336,Brightness_2,22.0
1512385886148,Sound_P,71.42349921662418
1512385886151,PodiumIR,117
1512385891978,Temperature_1,24.49
1512385891981,Humidity_1,13.655910179360902
1512385891986,Temperature_2,24.25
1512385891989,Humidity_2,13.285950537558431
1512385891991,Brightness_2,22.0
1512385896153,Sound_P,72.66858725677886
1512385896157,PodiumIR,101
1512385898469,Temperature_1,24.49
1512385898475,Humidity_1,13.655910179360902
1512385898481,Temperature_2,24.25
1512385898483,Humidity_2,13.285950537558431
1512385898489,Brightness_2,22.0
1512385904881,Temperature_1,24.49
1512385904887,Humidity_1,13.655910179360902
1512385904892,Temperature_2,24.25
1512385904895,Humidity_2,13.285950537558431
1512385904900,Brightness_2,22.0
1512385906159,Sound_P,72.26372429269907
1512385906162,PodiumIR,105
1512385911337,Temperature_1,24.49
1512385911343,Humidity_1,13.655910179360902
1512385911348,Temperature_2,24.25
1512385911350,Humidity_2,13.285950537558431
1512385911356,Brightness_2,22.0
1512385916165,Sound_P,79.48080653810413
1512385916169,PodiumIR,102
1512385917755,Temperature_1,24.49
1512385917761,Humidity_1,13.655910179360902
1512385917766,Temperature_2,24.25
1512385917772,Humidity_2,13.285950537558431
1512385917775,Brightness_2,22.0
1512385924444,Temperature_1,24.49
1512385924450,Humidity_1,13.655910179360902
1512385924454,Temperature_2,24.25
1512385924457,Humidity_2,13.285950537558431
1512385924463,Brightness_2,22.0
1512385926171,Sound_P,74.91204818426347
1512385926174,PodiumIR,116
1512385930993,Temperature_1,24.49
1512385931000,Humidity_1,13.655910179360902
1512385931004,Temperature_2,24.25
1512385931007,Humidity_2,13.285950537558431
1512385931010,Brightness_2,22.0
1512385936180,Sound_P,69.11838317407611
1512385936188,PodiumIR,79
1512385937855,Temperature_1,24.49
1512385937858,Humidity_1,13.655910179360902
1512385937864,Temperature_2,24.37
1512385937866,Humidity_2,13.409270418159247
1512385937870,Brightness_2,21.0
1512385946193,Sound_P,68.0998289029382
1512385946196,PodiumIR,99
1512385947301,Temperature_1,24.49
1512385947304,Humidity_1,13.655910179360902
1512385947310,Temperature_2,24.37
1512385947312,Humidity_2,13.409270418159247
1512385947315,Brightness_2,21.0
1512385953830,Temperature_1,24.49
1512385953833,Humidity_1,13.655910179360902
1512385953839,Temperature_2,24.37
1512385953841,Humidity_2,13.409270418159247
1512385953844,Brightness_2,21.0
1512385956199,Sound_P,69.60540278108363
1512385956201,PodiumIR,100
1512385960470,Temperature_1,24.49
1512385960473,Humidity_1,13.655910179360902
1512385960479,Temperature_2,24.37
1512385960482,Humidity_2,13.409270418159247
1512385960485,Brightness_2,21.0
1512385966208,Sound_P,68.0998289029382
1512385966210,PodiumIR,101
1512385967142,Temperature_1,24.49
1512385967145,Humidity_1,13.655910179360902
1512385967152,Temperature_2,24.37
1512385967155,Humidity_2,13.409270418159247
1512385967157,Brightness_2,21.0
1512385973597,Temperature_1,24.49
1512385973600,Humidity_1,13.655910179360902
1512385973606,Temperature_2,24.37
1512385973609,Humidity_2,13.409270418159247
1512385973612,Brightness_2,21.0
1512385976214,Sound_P,69.60540278108363
1512385976217,PodiumIR,96
1512385980001,Temperature_1,24.49
1512385980004,Humidity_1,13.655910179360902
1512385980010,Temperature_2,24.37
1512385980013,Humidity_2,13.409270418159247
1512385980015,Brightness_2,21.0
1512385986222,Sound_P,70.0787016850011
1512385986226,PodiumIR,112
1512385986476,Temperature_1,24.49
1512385986479,Humidity_1,13.655910179360902
1512385986486,Temperature_2,24.37
1512385986488,Humidity_2,13.409270418159247
1512385986490,Brightness_2,21.0
1512385992946,Temperature_1,24.49
1512385992949,Humidity_1,13.655910179360902
1512385992955,Temperature_2,24.37
1512385992957,Humidity_2,13.409270418159247
1512385992959,Brightness_2,21.0
1512385996231,Sound_P,66.44593723960276
1512385996234,PodiumIR,93
1512385999705,Temperature_1,24.49
1512385999708,Humidity_1,13.655910179360902
1512385999714,Temperature_2,24.37
1512385999716,Humidity_2,13.409270418159247
1512385999719,Brightness_2,21.0
1512386006241,Sound_P,68.61682354019833
1512386006246,PodiumIR,101
1512386006263,Temperature_1,24.49
1512386006266,Humidity_1,13.655910179360902
1512386006272,Temperature_2,24.37
1512386006275,Humidity_2,13.409270418159247
1512386006278,Brightness_2,22.0
1512386012671,Temperature_1,24.49
1512386012674,Humidity_1,13.655910179360902
1512386012679,Temperature_2,24.37
1512386012681,Humidity_2,13.409270418159247
1512386012684,Brightness_2,22.0
1512386016251,Sound_P,71.42349921662418
1512386016254,PodiumIR,251
1512386019366,Temperature_1,24.49
1512386019369,Humidity_1,13.655910179360902
1512386019374,Temperature_2,24.37
1512386019376,Humidity_2,13.409270418159247
1512386019379,Brightness_2,22.0
1512386025818,Temperature_1,24.49
1512386025821,Humidity_1,13.655910179360902
1512386025826,Temperature_2,24.37
1512386025829,Humidity_2,13.409270418159247
1512386025831,Brightness_2,22.0
1512386026263,Sound_P,74.55832985633069
1512386026266,PodiumIR,197
1512386032469,Temperature_1,24.49
1512386032472,Humidity_1,13.655910179360902
1512386032477,Temperature_2,24.37
1512386032479,Humidity_2,13.409270418159247
1512386032481,Brightness_2,22.0
1512386036269,Sound_P,68.0998289029382
1512386036272,PodiumIR,142
1512386039130,Temperature_1,24.49
1512386039132,Humidity_1,13.655910179360902
1512386039137,Temperature_2,24.37
1512386039139,Humidity_2,13.409270418159247
1512386039141,Brightness_2,22.0
1512386045540,Temperature_1,24.49
1512386045543,Humidity_1,13.655910179360902
1512386045549,Temperature_2,24.37
1512386045551,Humidity_2,13.409270418159247
1512386045554,Brightness_2,22.0
1512386046275,Sound_P,69.11838317407611
1512386046278,PodiumIR,162
1512386052237,Temperature_1,24.49
1512386052240,Humidity_1,13.655910179360902
1512386052245,Temperature_2,24.37
1512386052248,Humidity_2,13.409270418159247
1512386052251,Brightness_2,22.0
1512386056281,Sound_P,68.61682354019833
1512386056284,PodiumIR,170
1512386058641,Temperature_1,24.49
1512386058643,Humidity_1,13.655910179360902
1512386058649,Temperature_2,24.37
1512386058651,Humidity_2,13.409270418159247
1512386058653,Brightness_2,22.0
1512386065344,Temperature_1,24.49
1512386065348,Humidity_1,13.655910179360902
1512386065353,Temperature_2,24.37
1512386065355,Humidity_2,13.409270418159247
1512386065357,Brightness_2,22.0
1512386066287,Sound_P,68.0998289029382
1512386066291,PodiumIR,161
1512386072003,Temperature_1,24.49
1512386072006,Humidity_1,13.655910179360902
1512386072012,Temperature_2,24.37
1512386072014,Humidity_2,13.409270418159247
1512386072017,Brightness_2,22.0
1512386076293,Sound_P,69.60540278108363
1512386076297,PodiumIR,219
1512386078400,Temperature_1,24.49
1512386078403,Humidity_1,13.655910179360902
1512386078409,Temperature_2,24.37
1512386078412,Humidity_2,13.409270418159247
1512386078415,Brightness_2,22.0
1512386084811,Temperature_1,24.49
1512386084813,Humidity_1,13.655910179360902
1512386084818,Temperature_2,24.37
1512386084821,Humidity_2,13.409270418159247
1512386084823,Brightness_2,22.0
1512386086299,Sound_P,73.45017003946069
1512386086303,PodiumIR,230
1512386091252,Temperature_1,24.49
1512386091258,Humidity_1,13.655910179360902
1512386091263,Temperature_2,24.37
1512386091271,Humidity_2,13.409270418159247
1512386091274,Brightness_2,22.0
1512386096305,Sound_P,77.19920484509075
1512386096316,PodiumIR,234
1512386097719,Temperature_1,24.49
1512386097726,Humidity_1,13.655910179360902
1512386097731,Temperature_2,24.37
1512386097733,Humidity_2,13.409270418159247
1512386097740,Brightness_2,22.0
1512386104257,Temperature_1,24.49
1512386104263,Humidity_1,13.655910179360902
1512386104268,Temperature_2,24.37
1512386104276,Humidity_2,13.409270418159247
1512386104279,Brightness_2,22.0
1512386106322,Sound_P,73.82773649063114
1512386106325,PodiumIR,242
1512386110672,Temperature_1,24.49
1512386110678,Humidity_1,13.655910179360902
1512386110690,Temperature_2,24.37
1512386110692,Humidity_2,13.409270418159247
1512386110700,Brightness_2,22.0
1512386116328,Sound_P,74.55832985633069
1512386116339,PodiumIR,230
1512386117365,Temperature_1,24.49
1512386117371,Humidity_1,13.655910179360902
1512386117382,Temperature_2,24.37
1512386117385,Humidity_2,13.409270418159247
1512386117392,Brightness_2,22.0
1512386123816,Temperature_1,24.49
1512386123822,Humidity_1,13.655910179360902
1512386123834,Temperature_2,24.37
1512386123837,Humidity_2,13.409270418159247
1512386123845,Brightness_2,22.0
1512386126341,Sound_P,70.0787016850011
1512386126345,PodiumIR,205
1512386130267,Temperature_1,24.49
1512386130273,Humidity_1,13.655910179360902
1512386130279,Temperature_2,24.37
1512386130287,Humidity_2,13.409270418159247
1512386130290,Brightness_2,22.0
1512386136349,Sound_P,69.11838317407611
1512386136352,PodiumIR,246
1512386136681,Temperature_1,24.49
1512386136687,Humidity_1,13.655910179360902
1512386136693,Temperature_2,24.37
1512386136696,Humidity_2,13.409270418159247
1512386136699,Brightness_2,22.0
1512386143374,Temperature_1,24.49
1512386143381,Humidity_1,13.655910179360902
1512386143392,Temperature_2,24.37
1512386143395,Humidity_2,13.409270418159247
1512386143402,Brightness_2,22.0
1512386146355,Sound_P,76.25684571588656
1512386146359,PodiumIR,196
1512386149790,Temperature_1,24.49
1512386149793,Humidity_1,13.655910179360902
1512386149801,Temperature_2,24.37
1512386149805,Humidity_2,13.409270418159247
1512386149812,Brightness_2,22.0
1512386156361,Sound_P,74.91204818426347
1512386156364,PodiumIR,211
1512386156392,Temperature_1,24.49
1512386156398,Humidity_1,13.655910179360902
1512386156413,Temperature_2,24.37
1512386156416,Humidity_2,13.409270418159247
1512386156438,Brightness_2,22.0
1512386162950,Temperature_1,24.49
1512386162956,Humidity_1,13.655910179360902
1512386162967,Temperature_2,24.37
1512386162970,Humidity_2,13.409270418159247
1512386162972,Brightness_2,22.0
1512386166367,Sound_P,83.06906499721183
1512386166371,PodiumIR,249
1512386169385,Temperature_1,24.49
1512386169391,Humidity_1,13.655910179360902
1512386169396,Temperature_2,24.37
1512386169403,Humidity_2,13.409270418159247
1512386169406,Brightness_2,22.0
1512386175836,Temperature_1,24.49
1512386175842,Humidity_1,13.655910179360902
1512386175851,Temperature_2,24.37
1512386175854,Humidity_2,13.409270418159247
1512386175858,Brightness_2,22.0
1512386176373,Sound_P,80.26238932078596
1512386176377,PodiumIR,230
1512386182287,Temperature_1,24.49
1512386182293,Humidity_1,13.655910179360902
1512386182299,Temperature_2,24.37
1512386182302,Humidity_2,13.409270418159247
1512386182309,Brightness_2,22.0
1512386186379,Sound_P,82.18459763092324
1512386186382,PodiumIR,237
1512386188699,Temperature_1,24.49
1512386188702,Humidity_1,13.655910179360902
1512386188709,Temperature_2,24.37
1512386188712,Humidity_2,13.409270418159247
1512386188719,Brightness_2,22.0
1512386195120,Temperature_1,24.49
1512386195126,Humidity_1,13.655910179360902
1512386195132,Temperature_2,24.37
1512386195135,Humidity_2,13.409270418159247
1512386195142,Brightness_2,22.0
1512386196385,Sound_P,73.06392314376754
1512386196389,PodiumIR,205
1512386201846,Temperature_1,24.49
1512386201852,Humidity_1,13.655910179360902
1512386201861,Temperature_2,24.37
1512386201864,Humidity_2,13.409270418159247
1512386201871,Brightness_2,22.0
1512386206400,Sound_P,73.06392314376754
1512386206403,PodiumIR,200
1512386208474,Temperature_1,24.49
1512386208487,Humidity_1,13.655910179360902
1512386208498,Temperature_2,24.37
1512386208502,Humidity_2,13.409270418159247
1512386208508,Brightness_2,22.0
1512386214953,Temperature_1,24.49
1512386214959,Humidity_1,13.655910179360902
1512386214968,Temperature_2,24.37
1512386214972,Humidity_2,13.409270418159247
1512386214979,Brightness_2,22.0
1512386216406,Sound_P,74.91204818426347
1512386216409,PodiumIR,202
1512386221405,Temperature_1,24.49
1512386221411,Humidity_1,13.655910179360902
1512386221420,Temperature_2,24.37
1512386221423,Humidity_2,13.409270418159247
1512386221426,Brightness_2,22.0
1512386226412,Sound_P,70.0787016850011
1512386226415,PodiumIR,238
1512386228169,Temperature_1,24.49
1512386228174,Humidity_1,13.655910179360902
1512386228180,Temperature_2,24.37
1512386228187,Humidity_2,13.409270418159247
1512386228190,Brightness_2,22.0
1512386234610,Temperature_1,24.49
1512386234613,Humidity_1,13.655910179360902
1512386234621,Temperature_2,24.37
1512386234624,Humidity_2,13.409270418159247
1512386234632,Brightness_2,22.0
1512386236425,Sound_P,71.84886370856825
1512386236429,PodiumIR,241
1512386241029,Temperature_1,24.49
1512386241032,Humidity_1,13.655910179360902
1512386241039,Temperature_2,24.37
1512386241043,Humidity_2,13.409270418159247
1512386241050,Brightness_2,22.0
1512386246431,Sound_P,81.48928461417114
1512386246435,PodiumIR,211
1512386247441,Temperature_1,24.49
1512386247447,Humidity_1,13.655910179360902
1512386247453,Temperature_2,24.37
1512386247461,Humidity_2,13.409270418159247
1512386247464,Brightness_2,22.0
1512386254173,Temperature_1,24.49
1512386254179,Humidity_1,13.655910179360902
1512386254185,Temperature_2,24.37
1512386254192,Humidity_2,13.409270418159247
1512386254196,Brightness_2,22.0
1512386256445,Sound_P,82.85227489256374
1512386256449,PodiumIR,219
1512386260599,Temperature_1,24.49
1512386260602,Humidity_1,13.655910179360902
1512386260606,Temperature_2,24.37
1512386260613,Humidity_2,13.409270418159247
1512386260616,Brightness_2,21.0
1512386266451,Sound_P,74.55832985633069
1512386266455,PodiumIR,221
1512386267280,Temperature_1,24.49
1512386267287,Humidity_1,13.655910179360902
1512386267298,Temperature_2,24.37
1512386267301,Humidity_2,13.409270418159247
1512386267309,Brightness_2,21.0
1512386273732,Temperature_1,24.49
1512386273739,Humidity_1,13.655910179360902
1512386273750,Temperature_2,24.37
1512386273753,Humidity_2,13.409270418159247
1512386273761,Brightness_2,21.0
1512386276467,Sound_P,75.25847282855663
1512386276470,PodiumIR,217
1512386280388,Temperature_1,24.49
1512386280395,Humidity_1,13.655910179360902
1512386280405,Temperature_2,24.37
1512386280408,Humidity_2,13.409270418159247
1512386280416,Brightness_2,21.0
1512386286473,Sound_P,76.89092096632638
1512386286476,PodiumIR,215
1512386286835,Temperature_1,24.49
1512386286838,Humidity_1,13.655910179360902
1512386286842,Temperature_2,24.37
1512386286844,Humidity_2,13.409270418159247
1512386286846,Brightness_2,21.0
1512386293306,Temperature_1,24.49
1512386293312,Humidity_1,13.655910179360902
1512386293324,Temperature_2,24.37
1512386293327,Humidity_2,13.409270418159247
1512386293330,Brightness_2,21.0
1512386296479,Sound_P,70.5390318503356
1512386296490,PodiumIR,222
1512386299951,Temperature_1,24.49
1512386299958,Humidity_1,13.655910179360902
1512386299969,Temperature_2,24.37
1512386299972,Humidity_2,13.409270418159247
1512386299980,Brightness_2,21.0
1512386306474,Temperature_1,24.49
1512386306484,Humidity_1,13.655910179360902
1512386306493,Sound_P,73.45017003946069
1512386306496,PodiumIR,228
1512386306520,Temperature_2,24.37
1512386306524,Humidity_2,13.409270418159247
1512386306531,Brightness_2,21.0
1512386312952,Temperature_1,24.49
1512386312958,Humidity_1,13.655910179360902
1512386312968,Temperature_2,24.37
1512386312971,Humidity_2,13.409270418159247
1512386312979,Brightness_2,21.0
1512386316509,Sound_P,72.66858725677886
1512386316512,PodiumIR,220
1512386319429,Temperature_1,24.49
1512386319435,Humidity_1,13.655910179360902
1512386319440,Temperature_2,24.37
1512386319449,Humidity_2,13.409270418159247
1512386319452,Brightness_2,21.0
1512386326161,Temperature_1,24.49
1512386326168,Humidity_1,13.655910179360902
1512386326174,Temperature_2,24.37
1512386326177,Humidity_2,13.409270418159247
1512386326185,Brightness_2,21.0
1512386326515,Sound_P,83.06906499721183
1512386326518,PodiumIR,226
1512386332589,Temperature_1,24.49
1512386332595,Humidity_1,13.655910179360902
1512386332607,Temperature_2,24.37
1512386332609,Humidity_2,13.409270418159247
1512386332618,Brightness_2,21.0
1512386336521,Sound_P,79.21198480314258
1512386336524,PodiumIR,217
1512386339281,Temperature_1,24.49
1512386339288,Humidity_1,13.655910179360902
1512386339297,Temperature_2,24.37
1512386339300,Humidity_2,13.409270418159247
1512386339308,Brightness_2,21.0
1512386345825,Temperature_1,24.49
1512386345828,Humidity_1,13.655910179360902
1512386345832,Temperature_2,24.37
1512386345834,Humidity_2,13.409270418159247
1512386345841,Brightness_2,21.0
1512386346527,Sound_P,76.89092096632638
1512386346530,PodiumIR,223
1512386352277,Temperature_1,24.49
1512386352281,Humidity_1,13.655910179360902
1512386352297,Temperature_2,24.37
1512386352300,Humidity_2,13.409270418159247
1512386352303,Brightness_2,21.0
1512386356533,Sound_P,72.26372429269907
1512386356536,PodiumIR,223
1512386358698,Temperature_1,24.49
1512386358702,Humidity_1,13.779230059961726
1512386358708,Temperature_2,24.37
1512386358712,Humidity_2,13.409270418159247
1512386358716,Brightness_2,21.0
1512386365381,Temperature_1,24.49
1512386365385,Humidity_1,13.779230059961726
1512386365392,Temperature_2,24.37
1512386365394,Humidity_2,13.409270418159247
1512386365399,Brightness_2,21.0
1512386366542,Sound_P,73.45017003946069
1512386366546,PodiumIR,224
1512386371843,Temperature_1,24.49
1512386371846,Humidity_1,13.779230059961726
1512386371854,Temperature_2,24.37
1512386371859,Humidity_2,13.409270418159247
1512386371862,Brightness_2,21.0
1512386376551,Sound_P,70.5390318503356
1512386376554,PodiumIR,216
1512386378248,Temperature_1,24.49
1512386378252,Humidity_1,13.779230059961726
1512386378258,Temperature_2,24.37
1512386378261,Humidity_2,13.409270418159247
1512386378267,Brightness_2,21.0
1512386384668,Temperature_1,24.49
1512386384672,Humidity_1,13.779230059961726
1512386384679,Temperature_2,24.37
1512386384685,Humidity_2,13.409270418159247
1512386384688,Brightness_2,22.0
1512386386557,Sound_P,70.0787016850011
1512386386560,PodiumIR,213
1512386391086,Temperature_1,24.49
1512386391089,Humidity_1,13.779230059961726
1512386391097,Temperature_2,24.37
1512386391099,Humidity_2,13.409270418159247
1512386391102,Brightness_2,22.0
1512386396563,Sound_P,70.987085069563
1512386396566,PodiumIR,209
1512386397740,Temperature_1,24.49
1512386397744,Humidity_1,13.779230059961726
1512386397751,Temperature_2,24.37
1512386397756,Humidity_2,13.409270418159247
1512386397759,Brightness_2,22.0
1512386404191,Temperature_1,24.49
1512386404195,Humidity_1,13.779230059961726
1512386404203,Temperature_2,24.37
1512386404209,Humidity_2,13.409270418159247
1512386404211,Brightness_2,22.0
1512386406575,Sound_P,78.6610829898935
1512386406579,PodiumIR,217
1512386410609,Temperature_1,24.49
1512386410612,Humidity_1,13.779230059961726
1512386410619,Temperature_2,24.37
1512386410625,Humidity_2,13.409270418159247
1512386410628,Brightness_2,22.0
1512386416581,Sound_P,76.25684571588656
1512386416584,PodiumIR,252
1512386417309,Temperature_1,24.49
1512386417313,Humidity_1,13.655910179360902
1512386417320,Temperature_2,24.37
1512386417325,Humidity_2,13.409270418159247
1512386417328,Brightness_2,22.0
1512386423746,Temperature_1,24.49
1512386423750,Humidity_1,13.655910179360902
1512386423756,Temperature_2,24.37
1512386423759,Humidity_2,13.409270418159247
1512386423762,Brightness_2,22.0
1512386426587,Sound_P,70.987085069563
1512386426590,PodiumIR,242
1512386430406,Temperature_1,24.49
1512386430410,Humidity_1,13.655910179360902
1512386430417,Temperature_2,24.37
1512386430422,Humidity_2,13.409270418159247
1512386430425,Brightness_2,22.0
1512386436593,Sound_P,70.987085069563
1512386436597,PodiumIR,170
1512386436815,Temperature_1,24.49
1512386436818,Humidity_1,13.655910179360902
1512386436825,Temperature_2,24.37
1512386436830,Humidity_2,13.409270418159247
1512386436834,Brightness_2,22.0
1512386443514,Temperature_1,24.49
1512386443517,Humidity_1,13.655910179360902
1512386443524,Temperature_2,24.37
1512386443529,Humidity_2,13.409270418159247
1512386443533,Brightness_2,22.0
1512386446599,Sound_P,73.82773649063114
1512386446603,PodiumIR,258
1512386449965,Temperature_1,24.49
1512386449969,Humidity_1,13.655910179360902
1512386449978,Temperature_2,24.37
1512386449983,Humidity_2,13.532590298760072
1512386449985,Brightness_2,21.0
1512386456416,Temperature_1,24.49
1512386456420,Humidity_1,13.655910179360902
1512386456427,Temperature_2,24.37
1512386456433,Humidity_2,13.532590298760072
1512386456435,Brightness_2,21.0
1512386456605,Sound_P,76.57687443958919
1512386456609,PodiumIR,267
1512386462844,Temperature_1,24.49
1512386462848,Humidity_1,13.655910179360902
1512386462855,Temperature_2,24.37
1512386462863,Humidity_2,13.532590298760072
1512386462867,Brightness_2,21.0
1512386466611,Sound_P,74.55832985633069
1512386466615,PodiumIR,259
1512386469264,Temperature_1,24.49
1512386469267,Humidity_1,13.655910179360902
1512386469274,Temperature_2,24.37
1512386469277,Humidity_2,13.532590298760072
1512386469282,Brightness_2,21.0
1512386475977,Temperature_1,24.49
1512386475980,Humidity_1,13.655910179360902
1512386475987,Temperature_2,24.37
1512386475992,Humidity_2,13.532590298760072
1512386475995,Brightness_2,21.0
1512386476625,Sound_P,75.25847282855663
1512386476628,PodiumIR,259
1512386482476,Temperature_1,24.49
1512386482487,Humidity_1,13.779230059961726
1512386482494,Temperature_2,24.37
1512386482499,Humidity_2,13.532590298760072
1512386482502,Brightness_2,21.0
1512386486631,Sound_P,72.26372429269907
1512386486634,PodiumIR,263
1512386488894,Temperature_1,24.49
1512386488898,Humidity_1,13.779230059961726
1512386488904,Temperature_2,24.37
1512386488909,Humidity_2,13.532590298760072
1512386488912,Brightness_2,21.0
1512386495636,Temperature_1,24.49
1512386495639,Humidity_1,13.779230059961726
1512386495646,Temperature_2,24.37
1512386495651,Humidity_2,13.532590298760072
1512386495654,Brightness_2,21.0
1512386496637,Sound_P,73.06392314376754
1512386496640,PodiumIR,259
1512386502469,Temperature_1,24.49
1512386502472,Humidity_1,13.779230059961726
1512386502486,Temperature_2,24.37
1512386502489,Humidity_2,13.532590298760072
1512386502491,Brightness_2,21.0
1512386506643,Sound_P,70.0787016850011
1512386506646,PodiumIR,264
1512386509154,Temperature_1,24.49
1512386509157,Humidity_1,13.779230059961726
1512386509164,Temperature_2,24.37
1512386509167,Humidity_2,13.409270418159247
1512386509172,Brightness_2,22.0
1512386515810,Temperature_1,24.49
1512386515814,Humidity_1,13.779230059961726
1512386515821,Temperature_2,24.37
1512386515827,Humidity_2,13.409270418159247
1512386515829,Brightness_2,22.0
1512386516649,Sound_P,78.9387917919758
1512386516652,PodiumIR,214
1512386522469,Temperature_1,24.49
1512386522473,Humidity_1,13.779230059961726
1512386522485,Temperature_2,24.37
1512386522490,Humidity_2,13.409270418159247
1512386522494,Brightness_2,22.0
1512386526655,Sound_P,71.42349921662418
1512386526659,PodiumIR,231
1512386529249,Temperature_1,24.49
1512386529252,Humidity_1,13.779230059961726
1512386529259,Temperature_2,24.37
1512386529263,Humidity_2,13.409270418159247
1512386529268,Brightness_2,22.0
1512386535885,Temperature_1,24.49
1512386535889,Humidity_1,13.779230059961726
1512386535896,Temperature_2,24.37
1512386535900,Humidity_2,13.409270418159247
1512386535904,Brightness_2,22.0
1512386536661,Sound_P,70.987085069563
1512386536665,PodiumIR,237
1512386542331,Temperature_1,24.49
1512386542335,Humidity_1,13.779230059961726
1512386542342,Temperature_2,24.37
1512386542346,Humidity_2,13.409270418159247
1512386542350,Brightness_2,22.0
1512386546667,Sound_P,75.59789851419828
1512386546671,PodiumIR,240
1512386548735,Temperature_1,24.49
1512386548739,Humidity_1,13.779230059961726
1512386548743,Temperature_2,24.37
1512386548745,Humidity_2,13.409270418159247
1512386548748,Brightness_2,22.0
1512386555145,Temperature_1,24.49
1512386555148,Humidity_1,13.779230059961726
1512386555155,Temperature_2,24.37
1512386555158,Humidity_2,13.409270418159247
1512386555162,Brightness_2,22.0
1512386556673,Sound_P,70.0787016850011
1512386556677,PodiumIR,246
1512386561788,Temperature_1,24.49
1512386561791,Humidity_1,13.779230059961726
1512386561798,Temperature_2,24.37
1512386561801,Humidity_2,13.409270418159247
1512386561806,Brightness_2,22.0
1512386566679,Sound_P,71.42349921662418
1512386566683,PodiumIR,246
1512386568239,Temperature_1,24.49
1512386568242,Humidity_1,13.779230059961726
1512386568249,Temperature_2,24.37
1512386568254,Humidity_2,13.409270418159247
1512386568257,Brightness_2,22.0
1512386574643,Temperature_1,24.49
1512386574646,Humidity_1,13.779230059961726
1512386574653,Temperature_2,24.37
1512386574657,Humidity_2,13.532590298760072
1512386574659,Brightness_2,22.0
1512386576685,Sound_P,72.26372429269907
1512386576689,PodiumIR,251
1512386581105,Temperature_1,24.49
1512386581109,Humidity_1,13.779230059961726
1512386581116,Temperature_2,24.37
1512386581121,Humidity_2,13.532590298760072
1512386581124,Brightness_2,22.0
1512386586699,Sound_P,70.987085069563
1512386586703,PodiumIR,247
1512386587798,Temperature_1,24.49
1512386587802,Humidity_1,13.779230059961726
1512386587809,Temperature_2,24.37
1512386587813,Humidity_2,13.532590298760072
1512386587817,Brightness_2,22.0
1512386594250,Temperature_1,24.49
1512386594253,Humidity_1,13.779230059961726
1512386594260,Temperature_2,24.37
1512386594264,Humidity_2,13.532590298760072
1512386594268,Brightness_2,22.0
1512386596705,Sound_P,76.57687443958919
1512386596709,PodiumIR,254
1512386603982,Temperature_1,24.49
1512386603986,Humidity_1,13.779230059961726
1512386603992,Temperature_2,24.37
1512386603997,Humidity_2,13.532590298760072
1512386604001,Brightness_2,22.0
1512386606711,Sound_P,71.42349921662418
1512386606715,PodiumIR,255
1512386610431,Temperature_1,24.49
1512386610435,Humidity_1,13.655910179360902
1512386610442,Temperature_2,24.37
1512386610447,Humidity_2,13.532590298760072
1512386610450,Brightness_2,22.0
1512386616725,Sound_P,70.987085069563
1512386616728,PodiumIR,255
1512386616844,Temperature_1,24.49
1512386616848,Humidity_1,13.655910179360902
1512386616855,Temperature_2,24.37
1512386616858,Humidity_2,13.532590298760072
1512386616862,Brightness_2,22.0
1512386623539,Temperature_1,24.49
1512386623549,Humidity_1,13.655910179360902
1512386623556,Temperature_2,24.37
1512386623559,Humidity_2,13.532590298760072
1512386623562,Brightness_2,22.0
1512386626731,Sound_P,71.84886370856825
1512386626740,PodiumIR,253
1512386630092,Temperature_1,24.49
1512386630095,Humidity_1,13.655910179360902
1512386630102,Temperature_2,24.37
1512386630107,Humidity_2,13.532590298760072
1512386630110,Brightness_2,22.0
1512386636503,Temperature_1,24.49
1512386636506,Humidity_1,13.655910179360902
1512386636513,Temperature_2,24.37
1512386636518,Humidity_2,13.409270418159247
1512386636521,Brightness_2,21.0
1512386636744,Sound_P,70.5390318503356
1512386636748,PodiumIR,247
1512386642913,Temperature_1,24.49
1512386642916,Humidity_1,13.655910179360902
1512386642923,Temperature_2,24.37
1512386642926,Humidity_2,13.409270418159247
1512386642931,Brightness_2,21.0
1512386646750,Sound_P,71.42349921662418
1512386646754,PodiumIR,241
1512386649648,Temperature_1,24.49
1512386649651,Humidity_1,13.655910179360902
1512386649658,Temperature_2,24.37
1512386649663,Humidity_2,13.409270418159247
1512386649666,Brightness_2,21.0
1512386656108,Temperature_1,24.49
1512386656112,Humidity_1,13.655910179360902
1512386656119,Temperature_2,24.37
1512386656123,Humidity_2,13.409270418159247
1512386656127,Brightness_2,21.0
1512386656756,Sound_P,70.5390318503356
1512386656760,PodiumIR,237
1512386662502,Temperature_1,24.49
1512386662506,Humidity_1,13.655910179360902
1512386662512,Temperature_2,24.37
1512386662516,Humidity_2,13.409270418159247
1512386662519,Brightness_2,21.0
1512386666763,Sound_P,75.25847282855663
1512386666766,PodiumIR,245
1512386668923,Temperature_1,24.49
1512386668926,Humidity_1,13.655910179360902
1512386668933,Temperature_2,24.37
1512386668939,Humidity_2,13.409270418159247
1512386668941,Brightness_2,21.0
1512386675658,Temperature_1,24.49
1512386675662,Humidity_1,13.779230059961726
1512386675669,Temperature_2,24.37
1512386675671,Humidity_2,13.409270418159247
1512386675675,Brightness_2,21.0
1512386676768,Sound_P,74.55832985633069
1512386676772,PodiumIR,233
1512386682212,Temperature_1,24.49
1512386682215,Humidity_1,13.779230059961726
1512386682222,Temperature_2,24.37
1512386682227,Humidity_2,13.409270418159247
1512386682230,Brightness_2,21.0
1512386686774,Sound_P,71.84886370856825
1512386686778,PodiumIR,237
1512386688622,Temperature_1,24.49
1512386688625,Humidity_1,13.779230059961726
1512386688631,Temperature_2,24.37
1512386688634,Humidity_2,13.409270418159247
1512386688639,Brightness_2,21.0
1512386695326,Temperature_1,24.49
1512386695329,Humidity_1,13.779230059961726
1512386695336,Temperature_2,24.37
1512386695341,Humidity_2,13.409270418159247
1512386695345,Brightness_2,21.0
1512386696781,Sound_P,73.45017003946069
1512386696784,PodiumIR,237
1512386701773,Temperature_1,24.49
1512386701777,Humidity_1,13.779230059961726
1512386701784,Temperature_2,24.37
1512386701789,Humidity_2,13.532590298760072
1512386701793,Brightness_2,21.0
1512386706786,Sound_P,77.50193375604124
1512386706793,PodiumIR,225
1512386708222,Temperature_1,24.49
1512386708225,Humidity_1,13.779230059961726
1512386708233,Temperature_2,24.37
1512386708235,Humidity_2,13.532590298760072
1512386708240,Brightness_2,21.0
1512386714622,Temperature_1,24.49
1512386714625,Humidity_1,13.779230059961726
1512386714630,Temperature_2,24.37
1512386714632,Humidity_2,13.532590298760072
1512386714634,Brightness_2,21.0
1512386716804,Sound_P,80.76394895466376
1512386716813,PodiumIR,161
1512386721329,Temperature_1,24.49
1512386721333,Humidity_1,13.779230059961726
1512386721340,Temperature_2,24.37
1512386721345,Humidity_2,13.532590298760072
1512386721348,Brightness_2,21.0
1512386726823,Sound_P,74.55832985633069
1512386726835,PodiumIR,203
1512386727784,Temperature_1,24.49
1512386727787,Humidity_1,13.779230059961726
1512386727794,Temperature_2,24.37
1512386727799,Humidity_2,13.532590298760072
1512386727802,Brightness_2,21.0
1512386734250,Temperature_1,24.49
1512386734253,Humidity_1,13.779230059961726
1512386734258,Temperature_2,24.37
1512386734262,Humidity_2,13.532590298760072
1512386734274,Brightness_2,21.0
1512386736846,Sound_P,78.6610829898935
1512386736850,PodiumIR,204
1512386740668,Temperature_1,24.49
1512386740671,Humidity_1,13.779230059961726
1512386740679,Temperature_2,24.37
1512386740697,Humidity_2,13.532590298760072
1512386740705,Brightness_2,21.0
1512386746852,Sound_P,70.5390318503356
1512386746855,PodiumIR,236
1512386747344,Temperature_1,24.49
1512386747347,Humidity_1,13.779230059961726
1512386747354,Temperature_2,24.37
1512386747358,Humidity_2,13.532590298760072
1512386747362,Brightness_2,21.0
1512386753793,Temperature_1,24.49
1512386753797,Humidity_1,13.779230059961726
1512386753804,Temperature_2,24.37
1512386753809,Humidity_2,13.532590298760072
1512386753812,Brightness_2,21.0
1512386756859,Sound_P,78.6610829898935
1512386756863,PodiumIR,240
1512386760243,Temperature_1,24.49
1512386760246,Humidity_1,13.779230059961726
1512386760252,Temperature_2,24.37
1512386760257,Humidity_2,13.532590298760072
1512386760260,Brightness_2,21.0
1512386766865,Temperature_1,24.49
1512386766868,Humidity_1,13.779230059961726
1512386766869,Sound_P,70.987085069563
1512386766873,PodiumIR,242
1512386766883,Temperature_2,24.37
1512386766886,Humidity_2,13.409270418159247
1512386766890,Brightness_2,21.0
1512386773861,Temperature_1,24.49
1512386773865,Humidity_1,13.779230059961726
1512386773870,Temperature_2,24.37
1512386773873,Humidity_2,13.409270418159247
1512386773878,Brightness_2,21.0
1512386776875,Sound_P,70.987085069563
1512386776879,PodiumIR,237
1512386780266,Temperature_1,24.49
1512386780269,Humidity_1,13.779230059961726
1512386780277,Temperature_2,24.37
1512386780283,Humidity_2,13.409270418159247
1512386780285,Brightness_2,21.0
1512386786686,Temperature_1,24.49
1512386786689,Humidity_1,13.779230059961726
1512386786696,Temperature_2,24.37
1512386786700,Humidity_2,13.409270418159247
1512386786704,Brightness_2,21.0
1512386786882,Sound_P,77.19920484509075
1512386786885,PodiumIR,190
1512386793422,Temperature_1,24.49
1512386793426,Humidity_1,13.779230059961726
1512386793432,Temperature_2,24.37
1512386793437,Humidity_2,13.409270418159247
1512386793440,Brightness_2,21.0
1512386796888,Sound_P,70.5390318503356
1512386796891,PodiumIR,203
1512386800076,Temperature_1,24.49
1512386800080,Humidity_1,13.655910179360902
1512386800086,Temperature_2,24.37
1512386800090,Humidity_2,13.409270418159247
1512386800094,Brightness_2,21.0
1512386806495,Temperature_1,24.49
1512386806498,Humidity_1,13.655910179360902
1512386806505,Temperature_2,24.37
1512386806510,Humidity_2,13.409270418159247
1512386806513,Brightness_2,21.0
1512386806894,Sound_P,72.66858725677886
1512386806897,PodiumIR,100
1512386813183,Temperature_1,24.49
1512386813187,Humidity_1,13.655910179360902
1512386813194,Temperature_2,24.37
1512386813199,Humidity_2,13.409270418159247
1512386813202,Brightness_2,21.0
1512386816900,Sound_P,70.987085069563
1512386816903,PodiumIR,131
1512386819842,Temperature_1,24.49
1512386819845,Humidity_1,13.655910179360902
1512386819852,Temperature_2,24.37
1512386819857,Humidity_2,13.409270418159247
1512386819860,Brightness_2,21.0
1512386826305,Temperature_1,24.49
1512386826308,Humidity_1,13.655910179360902
1512386826321,Temperature_2,24.37
1512386826323,Humidity_2,13.409270418159247
1512386826326,Brightness_2,22.0
1512386826906,Sound_P,71.84886370856825
1512386826909,PodiumIR,98
1512386832819,Temperature_1,24.49
1512386832822,Humidity_1,13.655910179360902
1512386832829,Temperature_2,24.37
1512386832834,Humidity_2,13.409270418159247
1512386832837,Brightness_2,22.0
1512386836912,Sound_P,76.89092096632638
1512386836915,PodiumIR,107
1512386839501,Temperature_1,24.49
1512386839504,Humidity_1,13.655910179360902
1512386839511,Temperature_2,24.37
1512386839516,Humidity_2,13.409270418159247
1512386839519,Brightness_2,22.0
1512386846162,Temperature_1,24.49
1512386846165,Humidity_1,13.655910179360902
1512386846172,Temperature_2,24.37
1512386846177,Humidity_2,13.409270418159247
1512386846180,Brightness_2,22.0
1512386846918,Sound_P,73.06392314376754
1512386846922,PodiumIR,85
1512386852588,Temperature_1,24.49
1512386852590,Humidity_1,13.655910179360902
1512386852594,Temperature_2,24.37
1512386852597,Humidity_2,13.409270418159247
1512386852601,Brightness_2,22.0
1512386856924,Sound_P,71.42349921662418
1512386856928,PodiumIR,83
1512386858811,Door,activate
1512386858984,Temperature_1,24.49
1512386858988,Humidity_1,13.655910179360902
1512386858994,Temperature_2,24.37
1512386858997,Humidity_2,13.409270418159247
1512386859000,Brightness_2,22.0
1512386865616,Temperature_1,24.49
1512386865619,Humidity_1,13.779230059961726
1512386865626,Temperature_2,24.37
1512386865630,Humidity_2,13.409270418159247
1512386865634,Brightness_2,22.0
1512386865944,Projector,Off
1512386866933,Sound_P,77.19920484509075
1512386866936,PodiumIR,96
1512386872054,Temperature_1,24.49
1512386872057,Humidity_1,13.779230059961726
1512386872061,Temperature_2,24.37
1512386872063,Humidity_2,13.409270418159247
1512386872065,Brightness_2,22.0
1512386876948,Sound_P,72.26372429269907
1512386876951,PodiumIR,98
1512386878469,Temperature_1,24.49
1512386878472,Humidity_1,13.779230059961726
1512386878487,Temperature_2,24.37
1512386878490,Humidity_2,13.409270418159247
1512386878494,Brightness_2,22.0
1512386885174,Temperature_1,24.49
1512386885178,Humidity_1,13.779230059961726
1512386885184,Temperature_2,24.37
1512386885189,Humidity_2,13.409270418159247
1512386885192,Brightness_2,22.0
1512386886957,Sound_P,72.66858725677886
1512386886960,PodiumIR,101
1512386890709,Light_2,Off
1512386891839,Temperature_1,24.49
1512386891842,Humidity_1,13.779230059961726
1512386891849,Temperature_2,24.37
1512386891854,Humidity_2,13.409270418159247
1512386891857,Brightness_2,22.0
1512386892279,Light_2,On
1512386896962,Sound_P,71.84886370856825
1512386896968,PodiumIR,100
1512386898292,Temperature_1,24.49
1512386898296,Humidity_1,13.779230059961726
1512386898302,Temperature_2,24.37
1512386898307,Humidity_2,13.409270418159247
1512386898310,Brightness_2,22.0
1512386904935,Temperature_1,24.49
1512386904939,Humidity_1,13.779230059961726
1512386904946,Temperature_2,24.37
1512386904951,Humidity_2,13.409270418159247
1512386904954,Brightness_2,22.0
1512386906974,Sound_P,78.09150302019039
1512386906977,PodiumIR,88
1512386911491,Temperature_1,24.49
1512386911494,Humidity_1,13.779230059961726
1512386911501,Temperature_2,24.37
1512386911504,Humidity_2,13.409270418159247
1512386911507,Brightness_2,22.0
1512386916980,Sound_P,70.987085069563
1512386916983,PodiumIR,105
1512386917898,Temperature_1,24.49
1512386917901,Humidity_1,13.779230059961726
1512386917908,Temperature_2,24.37
1512386917913,Humidity_2,13.409270418159247
1512386917916,Brightness_2,22.0
1512386918218,Door,activate
1512386920123,Door,activate
1512386921027,Door,activate
1512386921665,Light_2,Off
1512386924187,Door,activate
1512386924313,Temperature_1,24.49
1512386924317,Humidity_1,13.779230059961726
1512386924324,Temperature_2,24.37
1512386924328,Humidity_2,13.409270418159247
1512386924332,Brightness_2,22.0
