timestamp,sensor_name,value
1511261391049,Door,activate
1511261394146,Temperature_1,25.07
1511261394149,Humidity_1,14.642469224167508
1511261394152,Brightness_1,70.0
1511261394154,Temperature_2,24.49
1511261394156,Humidity_2,14.765789104768333
1511261394158,Brightness_2,79.0
1511261398167,Sound_P,57.472817393488484
1511261398170,PodiumIR,103
1511261399073,Sound_R,57.21965796611718
1511261400584,Temperature_1,25.07
1511261400587,Humidity_1,14.642469224167508
1511261400590,Brightness_1,70.0
1511261400592,Temperature_2,24.49
1511261400594,Humidity_2,14.765789104768333
1511261400597,Brightness_2,79.0
1511261407469,Temperature_1,25.07
1511261407472,Humidity_1,14.642469224167508
1511261407475,Brightness_1,70.0
1511261407478,Temperature_2,24.49
1511261407480,Humidity_2,14.765789104768333
1511261407482,Brightness_2,79.0
1511261408172,Sound_P,61.023021476191225
1511261408175,PodiumIR,80
1511261409073,Sound_R,58.54370020926643
1511261413936,Temperature_1,25.07
1511261413938,Humidity_1,14.642469224167508
1511261413942,Brightness_1,70.0
1511261413944,Temperature_2,24.49
1511261413946,Humidity_2,14.765789104768333
1511261413949,Brightness_2,79.0
1511261418192,Sound_P,56.45426312235056
1511261418195,PodiumIR,89
1511261419073,Sound_R,60.95288930915299
1511261420367,Temperature_1,25.07
1511261420370,Humidity_1,14.642469224167508
1511261420373,Brightness_1,70.0
1511261420375,Temperature_2,24.49
1511261420378,Humidity_2,14.765789104768333
1511261420380,Brightness_2,79.0
1511261428204,Sound_P,58.433135904413454
1511261428208,PodiumIR,79
1511261429073,Sound_R,63.41728656528549
1511261430098,Temperature_1,25.07
1511261430100,Humidity_1,14.642469224167508
1511261430103,Brightness_1,70.0
1511261430106,Temperature_2,24.49
1511261430108,Humidity_2,14.765789104768333
1511261430110,Brightness_2,79.0
1511261436550,Temperature_1,25.07
1511261436553,Humidity_1,14.642469224167508
1511261436556,Brightness_1,70.0
1511261436558,Temperature_2,24.49
1511261436561,Humidity_2,14.765789104768333
1511261436563,Brightness_2,76.0
1511261438217,Sound_P,69.11838317407611
1511261438228,PodiumIR,95
1511261439073,Sound_R,66.23685679247103
1511261443294,Temperature_1,25.07
1511261443297,Humidity_1,14.642469224167508
1511261443300,Brightness_1,70.0
1511261443302,Temperature_2,24.49
1511261443304,Humidity_2,14.765789104768333
1511261443307,Brightness_2,76.0
1511261448233,Sound_P,61.023021476191225
1511261448236,PodiumIR,104
1511261449073,Sound_R,66.87646006356039
1511261449954,Temperature_1,25.07
1511261449957,Humidity_1,14.642469224167508
1511261449960,Brightness_1,70.0
1511261449962,Temperature_2,24.49
1511261449964,Humidity_2,14.765789104768333
1511261449967,Brightness_2,76.0
1511261456471,Temperature_1,25.07
1511261456474,Humidity_1,14.642469224167508
1511261456477,Brightness_1,70.0
1511261456479,Temperature_2,24.49
1511261456482,Humidity_2,14.765789104768333
1511261456485,Brightness_2,76.0
1511261458239,Sound_P,52.96571415471127
1511261458242,PodiumIR,84
1511261459073,Sound_R,62.56095840278329
1511261463170,Temperature_1,25.07
1511261463173,Humidity_1,14.642469224167508
1511261463176,Brightness_1,70.0
1511261463178,Temperature_2,24.49
1511261463180,Humidity_2,14.765789104768333
1511261463182,Brightness_2,76.0
1511261468245,Sound_P,64.61127993529891
1511261468251,PodiumIR,79
1511261469073,Sound_R,59.58173611928371
1511261472578,Temperature_1,25.07
1511261472581,Humidity_1,14.642469224167508
1511261472584,Brightness_1,70.0
1511261472586,Temperature_2,24.49
1511261472588,Humidity_2,14.765789104768333
1511261472590,Brightness_2,76.0
1511261478254,Sound_P,55.369951428718224
1511261478257,PodiumIR,102
1511261479045,Temperature_1,25.07
1511261479048,Humidity_1,14.642469224167508
1511261479051,Brightness_1,70.0
1511261479053,Temperature_2,24.49
1511261479055,Humidity_2,14.765789104768333
1511261479057,Brightness_2,76.0
1511261479073,Sound_R,61.184428315541915
1511261485506,Temperature_1,25.07
1511261485509,Humidity_1,14.642469224167508
1511261485513,Brightness_1,70.0
1511261485515,Temperature_2,24.49
1511261485517,Humidity_2,14.765789104768333
1511261485520,Brightness_2,76.0
1511261488259,Sound_P,54.210802194865956
1511261488263,PodiumIR,94
1511261489073,Sound_R,62.008043028356575
1511261492228,Temperature_1,25.07
1511261492231,Humidity_1,14.642469224167508
1511261492234,Brightness_1,70.0
1511261492237,Temperature_2,24.49
1511261492239,Humidity_2,14.765789104768333
1511261492242,Brightness_2,76.0
1511261498265,Sound_P,52.96571415471127
1511261498269,PodiumIR,85
1511261498823,Temperature_1,25.07
1511261498825,Humidity_1,14.642469224167508
1511261498828,Brightness_1,70.0
1511261498830,Temperature_2,24.49
1511261498833,Humidity_2,14.765789104768333
1511261498835,Brightness_2,74.0
1511261499073,Sound_R,59.271052520353415
1511261505554,Temperature_1,25.07
1511261505557,Humidity_1,14.642469224167508
1511261505560,Brightness_1,70.0
1511261505562,Temperature_2,24.49
1511261505564,Humidity_2,14.765789104768333
1511261505566,Brightness_2,74.0
1511261508272,Sound_P,61.80460425887306
1511261508275,PodiumIR,59
1511261509073,Sound_R,61.061427956776384
1511261512013,Temperature_1,25.07
1511261512016,Humidity_1,14.642469224167508
1511261512019,Brightness_1,70.0
1511261512021,Temperature_2,24.49
1511261512023,Humidity_2,14.765789104768333
1511261512025,Brightness_2,74.0
1511261518278,Sound_P,59.341519288975356
1511261518281,PodiumIR,101
1511261518424,Temperature_1,25.07
1511261518428,Humidity_1,14.642469224167508
1511261518431,Brightness_1,70.0
1511261518433,Temperature_2,24.49
1511261518435,Humidity_2,14.765789104768333
1511261518438,Brightness_2,74.0
1511261519073,Sound_R,66.18972411794594
1511261525142,Temperature_1,25.07
1511261525144,Humidity_1,14.642469224167508
1511261525148,Brightness_1,70.0
1511261525150,Temperature_2,24.49
1511261525152,Humidity_2,14.765789104768333
1511261525154,Brightness_2,74.0
1511261528283,Sound_P,55.369951428718224
1511261528293,PodiumIR,90
1511261529073,Sound_R,66.31076295692519
1511261531585,Temperature_1,25.07
1511261531588,Humidity_1,14.642469224167508
1511261531591,Brightness_1,70.0
1511261531593,Temperature_2,24.49
1511261531595,Humidity_2,14.765789104768333
1511261531598,Brightness_2,74.0
1511261538240,Temperature_1,25.07
1511261538243,Humidity_1,14.642469224167508
1511261538247,Brightness_1,70.0
1511261538249,Temperature_2,24.49
1511261538251,Humidity_2,14.765789104768333
1511261538253,Brightness_2,74.0
1511261538297,Sound_P,56.45426312235056
1511261538300,PodiumIR,91
1511261539073,Sound_R,61.53202034091594
1511261544989,Temperature_1,25.07
1511261544992,Humidity_1,14.642469224167508
1511261544995,Brightness_1,70.0
1511261544997,Temperature_2,24.49
1511261544999,Humidity_2,14.765789104768333
1511261545001,Brightness_2,74.0
1511261548303,Sound_P,56.45426312235056
1511261548306,PodiumIR,84
1511261549073,Sound_R,58.558055720937524
1511261551404,Temperature_1,25.07
1511261551408,Humidity_1,14.642469224167508
1511261551411,Brightness_1,70.0
1511261551413,Temperature_2,24.49
1511261551415,Humidity_2,14.765789104768333
1511261551417,Brightness_2,74.0
1511261558097,Temperature_1,25.07
1511261558100,Humidity_1,14.642469224167508
1511261558103,Brightness_1,70.0
1511261558105,Temperature_2,24.49
1511261558108,Humidity_2,14.765789104768333
1511261558110,Brightness_2,74.0
1511261558309,Sound_P,61.023021476191225
1511261558312,PodiumIR,92
1511261559073,Sound_R,58.30453631222983
1511261564534,Temperature_1,25.07
1511261564537,Humidity_1,14.642469224167508
1511261564540,Brightness_1,70.0
1511261564542,Temperature_2,24.49
1511261564544,Humidity_2,14.765789104768333
1511261564547,Brightness_2,74.0
1511261568314,Sound_P,61.023021476191225
1511261568318,PodiumIR,88
1511261569073,Sound_R,62.92938683951589
1511261571298,Temperature_1,25.07
1511261571301,Humidity_1,14.642469224167508
1511261571305,Brightness_1,70.0
1511261571307,Temperature_2,24.49
1511261571310,Humidity_2,14.765789104768333
1511261571312,Brightness_2,74.0
1511261577715,Temperature_1,25.07
1511261577719,Humidity_1,14.642469224167508
1511261577722,Brightness_1,70.0
1511261577725,Temperature_2,24.49
1511261577727,Humidity_2,14.765789104768333
1511261577730,Brightness_2,74.0
1511261578320,Sound_P,52.96571415471127
1511261578324,PodiumIR,83
1511261579073,Sound_R,65.85729277032061
1511261584232,Temperature_1,24.96
1511261584235,Humidity_1,14.642469224167508
1511261584239,Brightness_1,70.0
1511261584242,Temperature_2,24.49
1511261584245,Humidity_2,14.765789104768333
1511261584248,Brightness_2,74.0
1511261588326,Sound_P,57.472817393488484
1511261588329,PodiumIR,110
1511261589073,Sound_R,60.390578159166346
1511261590958,Temperature_1,24.96
1511261590961,Humidity_1,14.642469224167508
1511261590964,Brightness_1,70.0
1511261590967,Temperature_2,24.49
1511261590969,Humidity_2,14.765789104768333
1511261590973,Brightness_2,74.0
1511261597417,Temperature_1,24.96
1511261597420,Humidity_1,14.642469224167508
1511261597424,Brightness_1,70.0
1511261597426,Temperature_2,24.49
1511261597429,Humidity_2,14.765789104768333
1511261597431,Brightness_2,74.0
1511261598332,Sound_P,59.341519288975356
1511261598335,PodiumIR,96
1511261599073,Sound_R,58.94070843118962
1511261608338,Sound_P,64.61127993529891
1511261608341,PodiumIR,84
1511261608356,Temperature_1,24.96
1511261608360,Humidity_1,14.642469224167508
1511261608364,Brightness_1,70.0
1511261608367,Temperature_2,24.49
1511261608369,Humidity_2,14.765789104768333
1511261608372,Brightness_2,74.0
1511261609073,Sound_R,65.10336111049097
1511261614821,Temperature_1,24.96
1511261614824,Humidity_1,14.642469224167508
1511261614827,Brightness_1,70.0
1511261614830,Temperature_2,24.49
1511261614832,Humidity_2,14.765789104768333
1511261614835,Brightness_2,74.0
1511261618343,Sound_P,67.56641902255494
1511261618346,PodiumIR,100
1511261619073,Sound_R,70.57579735009439
1511261621473,Temperature_1,24.96
1511261621476,Humidity_1,14.642469224167508
1511261621480,Brightness_1,70.0
1511261621482,Temperature_2,24.49
1511261621485,Humidity_2,14.765789104768333
1511261621488,Brightness_2,74.0
1511261628135,Temperature_1,24.96
1511261628139,Humidity_1,14.642469224167508
1511261628142,Brightness_1,70.0
1511261628145,Temperature_2,24.49
1511261628148,Humidity_2,14.765789104768333
1511261628151,Brightness_2,74.0
1511261628349,Sound_P,56.45426312235056
1511261628352,PodiumIR,97
1511261629073,Sound_R,67.8582452408592
1511261634576,Temperature_1,24.96
1511261634579,Humidity_1,14.642469224167508
1511261634583,Brightness_1,70.0
1511261634585,Temperature_2,24.49
1511261634588,Humidity_2,14.765789104768333
1511261634591,Brightness_2,74.0
1511261638355,Sound_P,58.433135904413454
1511261638358,PodiumIR,68
1511261639073,Sound_R,66.31174855913395
1511261648231,Temperature_1,25.07
1511261648234,Humidity_1,14.642469224167508
1511261648238,Brightness_1,74.0
1511261648240,Temperature_2,24.49
1511261648242,Humidity_2,14.765789104768333
1511261648245,Brightness_2,74.0
1511261648360,Sound_P,52.96571415471127
1511261648364,PodiumIR,106
1511261649073,Sound_R,65.76268835625355
1511261654981,Temperature_1,25.07
1511261654984,Humidity_1,14.642469224167508
1511261654987,Brightness_1,74.0
1511261654990,Temperature_2,24.49
1511261654992,Humidity_2,14.765789104768333
1511261654995,Brightness_2,74.0
1511261658366,Sound_P,54.210802194865956
1511261658369,PodiumIR,97
1511261659073,Sound_R,63.81041125373731
1511261661745,Temperature_1,25.07
1511261661749,Humidity_1,14.642469224167508
1511261661752,Brightness_1,74.0
1511261661754,Temperature_2,24.49
1511261661757,Humidity_2,14.765789104768333
1511261661761,Brightness_2,74.0
1511261668230,Temperature_1,25.07
1511261668233,Humidity_1,14.642469224167508
1511261668237,Brightness_1,74.0
1511261668240,Temperature_2,24.49
1511261668242,Humidity_2,14.765789104768333
1511261668244,Brightness_2,74.0
1511261668372,Sound_P,55.369951428718224
1511261668375,PodiumIR,51
1511261669073,Sound_R,63.12654448441058
1511261674653,Temperature_1,25.07
1511261674656,Humidity_1,14.642469224167508
1511261674660,Brightness_1,74.0
1511261674662,Temperature_2,24.49
1511261674664,Humidity_2,14.765789104768333
1511261674667,Brightness_2,74.0
1511261678378,Sound_P,52.96571415471127
1511261678381,PodiumIR,75
1511261679073,Sound_R,62.69864327659485
1511261681391,Temperature_1,25.07
1511261681394,Humidity_1,14.642469224167508
1511261681398,Brightness_1,74.0
1511261681400,Temperature_2,24.49
1511261681402,Humidity_2,14.765789104768333
1511261681405,Brightness_2,74.0
1511261688034,Temperature_1,25.07
1511261688037,Humidity_1,14.642469224167508
1511261688041,Brightness_1,74.0
1511261688043,Temperature_2,24.49
1511261688045,Humidity_2,14.765789104768333
1511261688048,Brightness_2,74.0
1511261688384,Sound_P,54.210802194865956
1511261688387,PodiumIR,98
1511261689073,Sound_R,64.21751932443216
1511261694446,Temperature_1,25.07
1511261694450,Humidity_1,14.642469224167508
1511261694453,Brightness_1,74.0
1511261694455,Temperature_2,24.49
1511261694458,Humidity_2,14.765789104768333
1511261694461,Brightness_2,76.0
1511261698389,Sound_P,60.20329792798059
1511261698393,PodiumIR,114
1511261699073,Sound_R,65.57774485805601
1511261700944,Temperature_1,25.07
1511261700948,Humidity_1,14.642469224167508
1511261700951,Brightness_1,74.0
1511261700954,Temperature_2,24.49
1511261700957,Humidity_2,14.765789104768333
1511261700959,Brightness_2,76.0
1511261707402,Temperature_1,24.96
1511261707405,Humidity_1,14.642469224167508
1511261707408,Brightness_1,70.0
1511261707411,Temperature_2,24.49
1511261707413,Humidity_2,14.765789104768333
1511261707416,Brightness_2,76.0
1511261708395,Sound_P,55.369951428718224
1511261708399,PodiumIR,84
1511261709073,Sound_R,67.33413416703276
1511261714048,Temperature_1,24.96
1511261714051,Humidity_1,14.642469224167508
1511261714055,Brightness_1,70.0
1511261714057,Temperature_2,24.49
1511261714060,Humidity_2,14.765789104768333
1511261714062,Brightness_2,76.0
1511261718401,Sound_P,61.80460425887306
1511261718404,PodiumIR,82
1511261719073,Sound_R,65.59550606098549
1511261720485,Temperature_1,24.96
1511261720488,Humidity_1,14.642469224167508
1511261720492,Brightness_1,70.0
1511261720494,Temperature_2,24.49
1511261720497,Humidity_2,14.765789104768333
1511261720500,Brightness_2,76.0
1511261726947,Temperature_1,24.96
1511261726950,Humidity_1,14.642469224167508
1511261726953,Brightness_1,70.0
1511261726956,Temperature_2,24.49
1511261726959,Humidity_2,14.765789104768333
1511261726962,Brightness_2,76.0
1511261728414,Sound_P,57.472817393488484
1511261728418,PodiumIR,90
1511261729073,Sound_R,65.27543951348865
1511261733603,Temperature_1,24.96
1511261733607,Humidity_1,14.642469224167508
1511261733610,Brightness_1,70.0
1511261733613,Temperature_2,24.49
1511261733616,Humidity_2,14.765789104768333
1511261733618,Brightness_2,76.0
1511261738420,Sound_P,61.80460425887306
1511261738424,PodiumIR,70
1511261739073,Sound_R,67.19166025107337
1511261740232,Temperature_1,24.96
1511261740235,Humidity_1,14.642469224167508
1511261740239,Brightness_1,70.0
1511261740242,Temperature_2,24.49
1511261740244,Humidity_2,14.765789104768333
1511261740248,Brightness_2,76.0
1511261746919,Temperature_1,24.96
1511261746922,Humidity_1,14.642469224167508
1511261746926,Brightness_1,70.0
1511261746928,Temperature_2,24.49
1511261746931,Humidity_2,14.765789104768333
1511261746934,Brightness_2,76.0
1511261748426,Sound_P,59.341519288975356
1511261748429,PodiumIR,92
1511261749073,Sound_R,66.22627367154183
1511261753702,Temperature_1,24.96
1511261753706,Humidity_1,14.642469224167508
1511261753709,Brightness_1,70.0
1511261753711,Temperature_2,24.49
1511261753715,Humidity_2,14.765789104768333
1511261753718,Brightness_2,73.0
1511261758432,Sound_P,61.80460425887306
1511261758435,PodiumIR,70
1511261759073,Sound_R,64.28938140560656
1511261760260,Temperature_1,24.96
1511261760263,Humidity_1,14.642469224167508
1511261760266,Brightness_1,70.0
1511261760269,Temperature_2,24.49
1511261760271,Humidity_2,14.765789104768333
1511261760274,Brightness_2,73.0
1511261766986,Temperature_1,24.96
1511261766989,Humidity_1,14.642469224167508
1511261766993,Brightness_1,70.0
1511261766995,Temperature_2,24.49
1511261766998,Humidity_2,14.765789104768333
1511261767001,Brightness_2,73.0
1511261768438,Sound_P,61.80460425887306
1511261768441,PodiumIR,93
1511261769073,Sound_R,62.884523303385855
1511261773642,Temperature_1,24.96
1511261773645,Humidity_1,14.642469224167508
1511261773649,Brightness_1,69.0
1511261773651,Temperature_2,24.49
1511261773654,Humidity_2,14.765789104768333
1511261773657,Brightness_2,73.0
1511261778444,Sound_P,65.24535518573873
1511261778447,PodiumIR,91
1511261779073,Sound_R,66.24663282905145
1511261780123,Temperature_1,24.96
1511261780126,Humidity_1,14.642469224167508
1511261780130,Brightness_1,69.0
1511261780132,Temperature_2,24.49
1511261780134,Humidity_2,14.765789104768333
1511261780137,Brightness_2,73.0
1511261786569,Temperature_1,24.96
1511261786572,Humidity_1,14.642469224167508
1511261786576,Brightness_1,69.0
1511261786578,Temperature_2,24.49
1511261786581,Humidity_2,14.765789104768333
1511261786584,Brightness_2,73.0
1511261788449,Sound_P,59.341519288975356
1511261788453,PodiumIR,90
1511261789073,Sound_R,69.39721825471133
1511261793110,Temperature_1,24.96
1511261793113,Humidity_1,14.642469224167508
1511261793117,Brightness_1,69.0
1511261793119,Temperature_2,24.49
1511261793122,Humidity_2,14.765789104768333
1511261793124,Brightness_2,73.0
1511261798455,Sound_P,61.023021476191225
1511261798458,PodiumIR,93
1511261799073,Sound_R,71.14837660161196
1511261799857,Temperature_1,24.96
1511261799860,Humidity_1,14.642469224167508
1511261799863,Brightness_1,69.0
1511261799866,Temperature_2,24.49
1511261799868,Humidity_2,14.765789104768333
1511261799871,Brightness_2,73.0
1511261806262,Temperature_1,24.96
1511261806266,Humidity_1,14.642469224167508
1511261806269,Brightness_1,69.0
1511261806272,Temperature_2,24.49
1511261806274,Humidity_2,14.765789104768333
1511261806277,Brightness_2,73.0
1511261808461,Sound_P,63.95233273361063
1511261808464,PodiumIR,96
1511261809073,Sound_R,66.72425274206235
1511261812975,Temperature_1,24.96
1511261812978,Humidity_1,14.642469224167508
1511261812982,Brightness_1,69.0
1511261812984,Temperature_2,24.49
1511261812987,Humidity_2,14.765789104768333
1511261812989,Brightness_2,73.0
1511261818475,Sound_P,51.62091662308819
1511261818478,PodiumIR,78
1511261819073,Sound_R,63.391344102984114
1511261819727,Temperature_1,24.96
1511261819730,Humidity_1,14.642469224167508
1511261819734,Brightness_1,69.0
1511261819736,Temperature_2,24.49
1511261819739,Humidity_2,14.765789104768333
1511261819742,Brightness_2,74.0
1511261826230,Temperature_1,24.96
1511261826233,Humidity_1,14.642469224167508
1511261826237,Brightness_1,69.0
1511261826240,Temperature_2,24.49
1511261826242,Humidity_2,14.765789104768333
1511261826246,Brightness_2,74.0
1511261828489,Sound_P,55.369951428718224
1511261828493,PodiumIR,112
1511261829073,Sound_R,66.1236807484865
1511261832932,Temperature_1,24.96
1511261832935,Humidity_1,14.642469224167508
1511261832939,Brightness_1,69.0
1511261832942,Temperature_2,24.49
1511261832944,Humidity_2,14.765789104768333
1511261832947,Brightness_2,74.0
1511261838495,Sound_P,65.24535518573873
1511261838498,PodiumIR,93
1511261839073,Sound_R,66.76949892948477
1511261839589,Temperature_1,24.96
1511261839592,Humidity_1,14.642469224167508
1511261839596,Brightness_1,69.0
1511261839599,Temperature_2,24.49
1511261839601,Humidity_2,14.765789104768333
1511261839605,Brightness_2,74.0
1511261846055,Temperature_1,24.96
1511261846059,Humidity_1,14.642469224167508
1511261846062,Brightness_1,69.0
1511261846065,Temperature_2,24.49
1511261846067,Humidity_2,14.765789104768333
1511261846071,Brightness_2,74.0
1511261848501,Sound_P,55.369951428718224
1511261848504,PodiumIR,118
1511261849073,Sound_R,63.864481855217754
1511261852454,Temperature_1,24.96
1511261852458,Humidity_1,14.642469224167508
1511261852461,Brightness_1,69.0
1511261852464,Temperature_2,24.49
1511261852466,Humidity_2,14.765789104768333
1511261852469,Brightness_2,74.0
1511261858507,Sound_P,56.45426312235056
1511261858510,PodiumIR,86
1511261859073,Sound_R,60.993793988158295
1511261859152,Temperature_1,24.96
1511261859155,Humidity_1,14.642469224167508
1511261859159,Brightness_1,69.0
1511261859161,Temperature_2,24.49
1511261859163,Humidity_2,14.765789104768333
1511261859166,Brightness_2,74.0
1511261865599,Temperature_1,24.96
1511261865602,Humidity_1,14.642469224167508
1511261865606,Brightness_1,69.0
1511261865608,Temperature_2,24.49
1511261865611,Humidity_2,14.765789104768333
1511261865613,Brightness_2,74.0
1511261868512,Sound_P,56.45426312235056
1511261868516,PodiumIR,117
1511261869073,Sound_R,62.02972135088069
1511261872079,Temperature_1,24.96
1511261872082,Humidity_1,14.642469224167508
1511261872086,Brightness_1,69.0
1511261872089,Temperature_2,24.49
1511261872091,Humidity_2,14.765789104768333
1511261872094,Brightness_2,74.0
1511261878514,Temperature_1,24.96
1511261878517,Humidity_1,14.642469224167508
1511261878519,Sound_P,55.369951428718224
1511261878521,Brightness_1,69.0
1511261878523,PodiumIR,93
1511261878524,Temperature_2,24.49
1511261878527,Humidity_2,14.765789104768333
1511261878530,Brightness_2,74.0
1511261879073,Sound_R,60.48771836370016
1511261884942,Temperature_1,24.96
1511261884946,Humidity_1,14.642469224167508
1511261884949,Brightness_1,69.0
1511261884952,Temperature_2,24.49
1511261884955,Humidity_2,14.765789104768333
1511261884958,Brightness_2,79.0
1511261888526,Sound_P,56.45426312235056
1511261888529,PodiumIR,68
1511261889073,Sound_R,57.57453449823256
1511261891822,Temperature_1,24.96
1511261891825,Humidity_1,14.642469224167508
1511261891829,Brightness_1,69.0
1511261891831,Temperature_2,24.49
1511261891833,Humidity_2,14.765789104768333
1511261891836,Brightness_2,79.0
1511261898260,Temperature_1,24.96
1511261898264,Humidity_1,14.642469224167508
1511261898267,Brightness_1,75.0
1511261898270,Temperature_2,24.49
1511261898272,Humidity_2,14.765789104768333
1511261898275,Brightness_2,79.0
1511261898532,Sound_P,54.210802194865956
1511261898535,PodiumIR,79
1511261899073,Sound_R,58.571750049271564
1511261904721,Temperature_1,24.96
1511261904725,Humidity_1,14.642469224167508
1511261904728,Brightness_1,75.0
1511261904731,Temperature_2,24.49
1511261904733,Humidity_2,14.765789104768333
1511261904736,Brightness_2,79.0
1511261908537,Sound_P,51.62091662308819
1511261908541,PodiumIR,94
1511261909073,Sound_R,60.95535562984008
1511261911179,Temperature_1,24.96
1511261911182,Humidity_1,14.642469224167508
1511261911186,Brightness_1,75.0
1511261911188,Temperature_2,24.49
1511261911191,Humidity_2,14.765789104768333
1511261911194,Brightness_2,79.0
1511261917961,Temperature_1,24.96
1511261917965,Humidity_1,14.642469224167508
1511261917968,Brightness_1,75.0
1511261917971,Temperature_2,24.49
1511261917973,Humidity_2,14.765789104768333
1511261917976,Brightness_2,79.0
1511261918543,Sound_P,52.96571415471127
1511261918546,PodiumIR,80
1511261919073,Sound_R,59.58536422754609
1511261924373,Temperature_1,24.96
1511261924376,Humidity_1,14.642469224167508
1511261924380,Brightness_1,75.0
1511261924382,Temperature_2,24.49
1511261924384,Humidity_2,14.765789104768333
1511261924387,Brightness_2,79.0
1511261928549,Sound_P,54.210802194865956
1511261928552,PodiumIR,104
1511261929073,Sound_R,57.423452727243905
1511261930788,Temperature_1,24.96
1511261930791,Humidity_1,14.642469224167508
1511261930795,Brightness_1,75.0
1511261930797,Temperature_2,24.49
1511261930799,Humidity_2,14.765789104768333
1511261930802,Brightness_2,79.0
1511261937497,Temperature_1,24.96
1511261937501,Humidity_1,14.642469224167508
1511261937504,Brightness_1,75.0
1511261937507,Temperature_2,24.49
1511261937509,Humidity_2,14.765789104768333
1511261937512,Brightness_2,79.0
1511261938555,Sound_P,52.96571415471127
1511261938558,PodiumIR,83
1511261939073,Sound_R,57.42874168056574
1511261944248,Temperature_1,24.96
1511261944251,Humidity_1,14.642469224167508
1511261944255,Brightness_1,75.0
1511261944257,Temperature_2,24.49
1511261944260,Humidity_2,14.765789104768333
1511261944262,Brightness_2,74.0
1511261948561,Sound_P,55.369951428718224
1511261948564,PodiumIR,72
1511261949073,Sound_R,59.2923563668537
1511261950931,Temperature_1,24.96
1511261950934,Humidity_1,14.642469224167508
1511261950938,Brightness_1,75.0
1511261950940,Temperature_2,24.49
1511261950943,Humidity_2,14.765789104768333
1511261950946,Brightness_2,74.0
1511261957798,Temperature_1,24.96
1511261957801,Humidity_1,14.642469224167508
1511261957804,Brightness_1,75.0
1511261957807,Temperature_2,24.49
1511261957809,Humidity_2,14.765789104768333
1511261957812,Brightness_2,74.0
1511261958566,Sound_P,62.551438321825636
1511261958569,PodiumIR,93
1511261959073,Sound_R,61.93358378097182
1511261964223,Temperature_1,24.96
1511261964227,Humidity_1,14.642469224167508
1511261964230,Brightness_1,76.0
1511261964233,Temperature_2,24.49
1511261964235,Humidity_2,14.765789104768333
1511261964239,Brightness_2,74.0
1511261968572,Sound_P,55.369951428718224
1511261968575,PodiumIR,65
1511261969073,Sound_R,64.5739035841731
1511261970683,Temperature_1,24.96
1511261970686,Humidity_1,14.642469224167508
1511261970690,Brightness_1,76.0
1511261970693,Temperature_2,24.49
1511261970695,Humidity_2,14.765789104768333
1511261970698,Brightness_2,74.0
1511261977459,Temperature_1,24.96
1511261977462,Humidity_1,14.642469224167508
1511261977466,Brightness_1,76.0
1511261977469,Temperature_2,24.49
1511261977471,Humidity_2,14.765789104768333
1511261977474,Brightness_2,74.0
1511261978578,Sound_P,57.472817393488484
1511261978581,PodiumIR,72
1511261979073,Sound_R,61.27320966116614
1511261984236,Temperature_1,24.96
1511261984239,Humidity_1,14.642469224167508
1511261984246,Brightness_1,76.0
1511261984249,Temperature_2,24.49
1511261984252,Humidity_2,14.765789104768333
1511261984254,Brightness_2,74.0
1511261988592,Sound_P,60.20329792798059
1511261988595,PodiumIR,100
1511261989073,Sound_R,59.64954353873693
1511261990949,Temperature_1,24.96
1511261990952,Humidity_1,14.642469224167508
1511261990956,Brightness_1,76.0
1511261990958,Temperature_2,24.49
1511261990961,Humidity_2,14.765789104768333
1511261990963,Brightness_2,74.0
1511261997389,Temperature_1,24.96
1511261997393,Humidity_1,14.642469224167508
1511261997397,Brightness_1,76.0
1511261997399,Temperature_2,24.49
1511261997402,Humidity_2,14.765789104768333
1511261997406,Brightness_2,74.0
1511261998605,Sound_P,56.45426312235056
1511261998609,PodiumIR,95
1511261999073,Sound_R,62.599457727515436
1511262003795,Temperature_1,24.96
1511262003798,Humidity_1,14.642469224167508
1511262003802,Brightness_1,76.0
1511262003805,Temperature_2,24.49
1511262003807,Humidity_2,14.765789104768333
1511262003810,Brightness_2,74.0
1511262008611,Sound_P,63.26648240367583
1511262008614,PodiumIR,89
1511262009073,Sound_R,61.52531933033907
1511262010232,Temperature_1,24.96
1511262010235,Humidity_1,14.642469224167508
1511262010238,Brightness_1,76.0
1511262010241,Temperature_2,24.49
1511262010244,Humidity_2,14.765789104768333
1511262010246,Brightness_2,73.0
1511262016846,Temperature_1,24.96
1511262016849,Humidity_1,14.642469224167508
1511262016853,Brightness_1,76.0
1511262016855,Temperature_2,24.49
1511262016857,Humidity_2,14.765789104768333
1511262016859,Brightness_2,73.0
1511262018617,Sound_P,57.472817393488484
1511262018620,PodiumIR,95
1511262019073,Sound_R,62.107801405795215
1511262023708,Temperature_1,24.96
1511262023710,Humidity_1,14.642469224167508
1511262023714,Brightness_1,76.0
1511262023716,Temperature_2,24.49
1511262023718,Humidity_2,14.765789104768333
1511262023721,Brightness_2,73.0
1511262028623,Sound_P,54.210802194865956
1511262028626,PodiumIR,89
1511262029073,Sound_R,62.12225949462751
1511262030242,Temperature_1,24.96
1511262030245,Humidity_1,14.642469224167508
1511262030249,Brightness_1,72.0
1511262030251,Temperature_2,24.49
1511262030253,Humidity_2,14.765789104768333
1511262030255,Brightness_2,73.0
1511262036712,Temperature_1,24.96
1511262036715,Humidity_1,14.642469224167508
1511262036719,Brightness_1,72.0
1511262036721,Temperature_2,24.49
1511262036723,Humidity_2,14.765789104768333
1511262036726,Brightness_2,73.0
1511262038637,Sound_P,55.369951428718224
1511262038640,PodiumIR,89
1511262039073,Sound_R,63.978267958597336
1511262043110,Temperature_1,24.96
1511262043113,Humidity_1,14.642469224167508
1511262043117,Brightness_1,72.0
1511262043119,Temperature_2,24.49
1511262043121,Humidity_2,14.765789104768333
1511262043123,Brightness_2,73.0
1511262048642,Sound_P,52.96571415471127
1511262048646,PodiumIR,73
1511262049073,Sound_R,64.91959808244279
1511262049922,Temperature_1,24.96
1511262049925,Humidity_1,14.642469224167508
1511262049929,Brightness_1,72.0
1511262049931,Temperature_2,24.49
1511262049933,Humidity_2,14.765789104768333
1511262049936,Brightness_2,73.0
1511262056348,Temperature_1,24.96
1511262056351,Humidity_1,14.642469224167508
1511262056355,Brightness_1,72.0
1511262056357,Temperature_2,24.49
1511262056359,Humidity_2,14.765789104768333
1511262056362,Brightness_2,73.0
1511262058648,Sound_P,54.210802194865956
1511262058651,PodiumIR,84
1511262059073,Sound_R,59.27518356906639
1511262063029,Temperature_1,24.96
1511262063032,Humidity_1,14.642469224167508
1511262063036,Brightness_1,72.0
1511262063038,Temperature_2,24.49
1511262063040,Humidity_2,14.765789104768333
1511262063043,Brightness_2,73.0
1511262068654,Sound_P,65.8563679754536
1511262068657,PodiumIR,91
1511262069073,Sound_R,60.585726061537144
1511262069695,Temperature_1,24.96
1511262069698,Humidity_1,14.642469224167508
1511262069702,Brightness_1,72.0
1511262069704,Temperature_2,24.49
1511262069706,Humidity_2,14.765789104768333
1511262069708,Brightness_2,73.0
1511262076151,Temperature_1,24.96
1511262076154,Humidity_1,14.642469224167508
1511262076158,Brightness_1,72.0
1511262076160,Temperature_2,24.49
1511262076162,Humidity_2,14.765789104768333
1511262076167,Brightness_2,72.0
1511262078660,Sound_P,52.96571415471127
1511262078663,PodiumIR,83
1511262079073,Sound_R,65.21964262694185
1511262082539,Temperature_1,24.96
1511262082542,Humidity_1,14.642469224167508
1511262082545,Brightness_1,72.0
1511262082548,Temperature_2,24.49
1511262082550,Humidity_2,14.765789104768333
1511262082552,Brightness_2,72.0
1511262088666,Sound_P,63.95233273361063
1511262088669,PodiumIR,97
1511262089073,Sound_R,64.24623257100974
1511262089279,Temperature_1,24.96
1511262089282,Humidity_1,14.642469224167508
1511262089286,Brightness_1,75.0
1511262089288,Temperature_2,24.49
1511262089290,Humidity_2,14.765789104768333
1511262089292,Brightness_2,72.0
1511262096002,Temperature_1,24.96
1511262096005,Humidity_1,14.642469224167508
1511262096009,Brightness_1,75.0
1511262096011,Temperature_2,24.49
1511262096013,Humidity_2,14.765789104768333
1511262096016,Brightness_2,72.0
1511262098671,Sound_P,62.551438321825636
1511262098675,PodiumIR,84
1511262099073,Sound_R,61.10070889846862
1511262102413,Temperature_1,24.96
1511262102416,Humidity_1,14.642469224167508
1511262102419,Brightness_1,75.0
1511262102421,Temperature_2,24.49
1511262102424,Humidity_2,14.765789104768333
1511262102426,Brightness_2,72.0
1511262108677,Sound_P,57.472817393488484
1511262108681,PodiumIR,91
1511262109073,Sound_R,61.20243072398654
1511262109222,Temperature_1,24.96
1511262109224,Humidity_1,14.642469224167508
1511262109228,Brightness_1,75.0
1511262109231,Temperature_2,24.49
1511262109233,Humidity_2,14.765789104768333
1511262109235,Brightness_2,72.0
1511262115971,Temperature_1,24.96
1511262115973,Humidity_1,14.642469224167508
1511262115977,Brightness_1,75.0
1511262115979,Temperature_2,24.49
1511262115981,Humidity_2,14.765789104768333
1511262115992,Brightness_2,72.0
1511262118683,Sound_P,57.472817393488484
1511262118686,PodiumIR,90
1511262119073,Sound_R,59.189616510328925
1511262122380,Temperature_1,24.96
1511262122382,Humidity_1,14.642469224167508
1511262122386,Brightness_1,75.0
1511262122388,Temperature_2,24.49
1511262122390,Humidity_2,14.765789104768333
1511262122392,Brightness_2,72.0
1511262128689,Sound_P,52.96571415471127
1511262128692,PodiumIR,94
1511262128779,Temperature_1,24.96
1511262128782,Humidity_1,14.642469224167508
1511262128786,Brightness_1,75.0
1511262128788,Temperature_2,24.49
1511262128790,Humidity_2,14.765789104768333
1511262128792,Brightness_2,72.0
1511262129073,Sound_R,56.6916755661864
1511262135255,Temperature_1,24.96
1511262135258,Humidity_1,14.642469224167508
1511262135262,Brightness_1,75.0
1511262135264,Temperature_2,24.49
1511262135266,Humidity_2,14.765789104768333
1511262135270,Brightness_2,73.0
1511262138695,Sound_P,65.24535518573873
1511262138698,PodiumIR,92
1511262139073,Sound_R,60.43637543044749
1511262141801,Temperature_1,24.96
1511262141804,Humidity_1,14.642469224167508
1511262141808,Brightness_1,75.0
1511262141811,Temperature_2,24.49
1511262141814,Humidity_2,14.765789104768333
1511262141818,Brightness_2,73.0
1511262148236,Temperature_1,24.96
1511262148239,Humidity_1,14.642469224167508
1511262148244,Brightness_1,75.0
1511262148247,Temperature_2,24.49
1511262148250,Humidity_2,14.765789104768333
1511262148252,Brightness_2,73.0
1511262148709,Sound_P,60.20329792798059
1511262148712,PodiumIR,82
1511262149073,Sound_R,63.08245603048798
1511262154998,Temperature_1,24.96
1511262155000,Humidity_1,14.642469224167508
1511262155004,Brightness_1,75.0
1511262155007,Temperature_2,24.49
1511262155009,Humidity_2,14.765789104768333
1511262155011,Brightness_2,73.0
1511262158715,Sound_P,54.210802194865956
1511262158718,PodiumIR,105
1511262159073,Sound_R,62.52747291109494
1511262161549,Temperature_1,24.96
1511262161552,Humidity_1,14.642469224167508
1511262161555,Brightness_1,75.0
1511262161558,Temperature_2,24.49
1511262161560,Humidity_2,14.765789104768333
1511262161564,Brightness_2,73.0
1511262167975,Temperature_1,24.96
1511262167978,Humidity_1,14.642469224167508
1511262167982,Brightness_1,75.0
1511262167984,Temperature_2,24.49
1511262167987,Humidity_2,14.765789104768333
1511262167989,Brightness_2,73.0
1511262168721,Sound_P,52.96571415471127
1511262168724,PodiumIR,95
1511262169073,Sound_R,63.650527725978804
1511262174393,Temperature_1,24.96
1511262174396,Humidity_1,14.642469224167508
1511262174400,Brightness_1,75.0
1511262174402,Temperature_2,24.49
1511262174404,Humidity_2,14.765789104768333
1511262174408,Brightness_2,73.0
1511262178727,Sound_P,61.80460425887306
1511262178730,PodiumIR,91
1511262179073,Sound_R,63.757981812551385
1511262181100,Temperature_1,24.96
1511262181103,Humidity_1,14.642469224167508
1511262181107,Brightness_1,75.0
1511262181109,Temperature_2,24.49
1511262181111,Humidity_2,14.765789104768333
1511262181114,Brightness_2,73.0
1511262187501,Temperature_1,24.96
1511262187504,Humidity_1,14.642469224167508
1511262187508,Brightness_1,75.0
1511262187510,Temperature_2,24.49
1511262187512,Humidity_2,14.765789104768333
1511262187514,Brightness_2,73.0
1511262188732,Sound_P,56.45426312235056
1511262188735,PodiumIR,101
1511262189073,Sound_R,64.94687198629164
1511262194223,Temperature_1,24.96
1511262194226,Humidity_1,14.642469224167508
1511262194229,Brightness_1,75.0
1511262194231,Temperature_2,24.49
1511262194233,Humidity_2,14.765789104768333
1511262194236,Brightness_2,73.0
1511262198738,Sound_P,55.369951428718224
1511262198742,PodiumIR,73
1511262199073,Sound_R,66.3542155731253
1511262200871,Temperature_1,24.96
1511262200873,Humidity_1,14.642469224167508
1511262200877,Brightness_1,75.0
1511262200879,Temperature_2,24.49
1511262200881,Humidity_2,14.765789104768333
1511262200883,Brightness_2,73.0
1511262207336,Temperature_1,24.96
1511262207339,Humidity_1,14.642469224167508
1511262207343,Brightness_1,75.0
1511262207345,Temperature_2,24.49
1511262207348,Humidity_2,14.765789104768333
1511262207351,Brightness_2,73.0
1511262208744,Sound_P,65.24535518573873
1511262208747,PodiumIR,96
1511262209073,Sound_R,65.07252854697204
1511262213880,Temperature_1,24.96
1511262213883,Humidity_1,14.642469224167508
1511262213886,Brightness_1,75.0
1511262213888,Temperature_2,24.49
1511262213891,Humidity_2,14.765789104768333
1511262213894,Brightness_2,73.0
1511262218750,Sound_P,56.45426312235056
1511262218753,PodiumIR,82
1511262219073,Sound_R,65.19135818355822
1511262220289,Temperature_1,24.96
1511262220292,Humidity_1,14.642469224167508
1511262220295,Brightness_1,75.0
1511262220298,Temperature_2,24.49
1511262220300,Humidity_2,14.765789104768333
1511262220303,Brightness_2,73.0
1511262227013,Temperature_1,24.96
1511262227015,Humidity_1,14.642469224167508
1511262227019,Brightness_1,75.0
1511262227021,Temperature_2,24.49
1511262227023,Humidity_2,14.765789104768333
1511262227028,Brightness_2,73.0
1511262228764,Sound_P,77.79930435088828
1511262228767,PodiumIR,74
1511262229073,Sound_R,64.5963762251242
1511262233430,Temperature_1,24.96
1511262233433,Humidity_1,14.642469224167508
1511262233437,Brightness_1,75.0
1511262233439,Temperature_2,24.49
1511262233441,Humidity_2,14.765789104768333
1511262233443,Brightness_2,73.0
1511262238769,Sound_P,52.96571415471127
1511262238785,PodiumIR,90
1511262239073,Sound_R,64.27547281453344
1511262240115,Temperature_1,24.96
1511262240118,Humidity_1,14.642469224167508
1511262240121,Brightness_1,75.0
1511262240124,Temperature_2,24.49
1511262240126,Humidity_2,14.765789104768333
1511262240128,Brightness_2,73.0
1511262246522,Temperature_1,24.96
1511262246524,Humidity_1,14.642469224167508
1511262246529,Brightness_1,75.0
1511262246531,Temperature_2,24.49
1511262246533,Humidity_2,14.765789104768333
1511262246535,Brightness_2,73.0
1511262248789,Sound_P,57.472817393488484
1511262248793,PodiumIR,87
1511262249073,Sound_R,64.53896417828985
1511262253195,Temperature_1,24.96
1511262253198,Humidity_1,14.642469224167508
1511262253201,Brightness_1,75.0
1511262253203,Temperature_2,24.49
1511262253205,Humidity_2,14.765789104768333
1511262253207,Brightness_2,73.0
1511262258795,Sound_P,65.8563679754536
1511262258799,PodiumIR,90
1511262259073,Sound_R,64.80499910040707
1511262259646,Temperature_1,24.96
1511262259649,Humidity_1,14.642469224167508
1511262259653,Brightness_1,75.0
1511262259655,Temperature_2,24.49
1511262259657,Humidity_2,14.765789104768333
1511262259659,Brightness_2,73.0
1511262266472,Temperature_1,24.96
1511262266475,Humidity_1,14.642469224167508
1511262266479,Brightness_1,75.0
1511262266481,Temperature_2,24.49
1511262266483,Humidity_2,14.765789104768333
1511262266485,Brightness_2,73.0
1511262268801,Sound_P,57.472817393488484
1511262268804,PodiumIR,94
1511262269073,Sound_R,66.81747943725445
1511262273504,Temperature_1,24.96
1511262273507,Humidity_1,14.642469224167508
1511262273511,Brightness_1,75.0
1511262273513,Temperature_2,24.49
1511262273515,Humidity_2,14.765789104768333
1511262273518,Brightness_2,73.0
1511262278815,Sound_P,59.341519288975356
1511262278827,PodiumIR,90
1511262279073,Sound_R,66.92167493095717
1511262280023,Temperature_1,24.96
1511262280026,Humidity_1,14.642469224167508
1511262280030,Brightness_1,73.0
1511262280032,Temperature_2,24.49
1511262280034,Humidity_2,14.765789104768333
1511262280036,Brightness_2,73.0
1511262286481,Temperature_1,24.96
1511262286484,Humidity_1,14.642469224167508
1511262286488,Brightness_1,73.0
1511262286490,Temperature_2,24.49
1511262286492,Humidity_2,14.765789104768333
1511262286494,Brightness_2,73.0
1511262288831,Sound_P,61.80460425887306
1511262288834,PodiumIR,88
1511262289073,Sound_R,62.222172625840756
1511262293287,Temperature_1,24.96
1511262293290,Humidity_1,14.642469224167508
1511262293293,Brightness_1,73.0
1511262293295,Temperature_2,24.49
1511262293298,Humidity_2,14.765789104768333
1511262293300,Brightness_2,73.0
1511262298837,Sound_P,51.62091662308819
1511262298840,PodiumIR,138
1511262299073,Sound_R,59.08923946864417
1511262299734,Temperature_1,24.96
1511262299737,Humidity_1,14.642469224167508
1511262299740,Brightness_1,73.0
1511262299742,Temperature_2,24.49
1511262299745,Humidity_2,14.765789104768333
1511262299747,Brightness_2,73.0
1511262306323,Temperature_1,24.96
1511262306326,Humidity_1,14.642469224167508
1511262306330,Brightness_1,73.0
1511262306332,Temperature_2,24.49
1511262306334,Humidity_2,14.765789104768333
1511262306336,Brightness_2,73.0
1511262308843,Sound_P,61.023021476191225
1511262308846,PodiumIR,87
1511262309073,Sound_R,59.40781751496252
1511262313307,Temperature_1,24.96
1511262313310,Humidity_1,14.642469224167508
1511262313314,Brightness_1,73.0
1511262313316,Temperature_2,24.49
1511262313318,Humidity_2,14.765789104768333
1511262313320,Brightness_2,73.0
1511262318849,Sound_P,61.023021476191225
1511262318856,PodiumIR,82
1511262319073,Sound_R,61.22675847110778
1511262320170,Temperature_1,24.96
1511262320172,Humidity_1,14.642469224167508
1511262320176,Brightness_1,73.0
1511262320179,Temperature_2,24.49
1511262320181,Humidity_2,14.765789104768333
1511262320183,Brightness_2,73.0
1511262326579,Temperature_1,24.96
1511262326582,Humidity_1,14.642469224167508
1511262326586,Brightness_1,73.0
1511262326588,Temperature_2,24.49
1511262326590,Humidity_2,14.889108985369157
1511262326593,Brightness_2,77.0
1511262328859,Sound_P,62.551438321825636
1511262328862,PodiumIR,86
1511262329073,Sound_R,61.324950704055105
1511262333279,Temperature_1,24.96
1511262333282,Humidity_1,14.642469224167508
1511262333285,Brightness_1,73.0
1511262333288,Temperature_2,24.49
1511262333290,Humidity_2,14.889108985369157
1511262333292,Brightness_2,77.0
1511262338865,Sound_P,60.20329792798059
1511262338875,PodiumIR,103
1511262339073,Sound_R,60.71099438866437
1511262339728,Temperature_1,24.96
1511262339732,Humidity_1,14.642469224167508
1511262339735,Brightness_1,73.0
1511262339738,Temperature_2,24.49
1511262339740,Humidity_2,14.889108985369157
1511262339742,Brightness_2,77.0
1511262346129,Temperature_1,24.96
1511262346132,Humidity_1,14.642469224167508
1511262346136,Brightness_1,72.0
1511262346138,Temperature_2,24.49
1511262346140,Humidity_2,14.889108985369157
1511262346143,Brightness_2,77.0
1511262348886,Sound_P,55.369951428718224
1511262348889,PodiumIR,81
1511262349073,Sound_R,63.442099824872685
1511262352547,Temperature_1,24.96
1511262352550,Humidity_1,14.642469224167508
1511262352554,Brightness_1,72.0
1511262352556,Temperature_2,24.49
1511262352558,Humidity_2,14.889108985369157
1511262352560,Brightness_2,77.0
1511262358892,Sound_P,63.95233273361063
1511262358895,PodiumIR,89
1511262358971,Temperature_1,24.96
1511262358974,Humidity_1,14.642469224167508
1511262358978,Brightness_1,72.0
1511262358980,Temperature_2,24.49
1511262358982,Humidity_2,14.889108985369157
1511262358984,Brightness_2,77.0
1511262359073,Sound_R,63.67623065358361
1511262365832,Temperature_1,24.96
1511262365835,Humidity_1,14.642469224167508
1511262365839,Brightness_1,72.0
1511262365841,Temperature_2,24.49
1511262365843,Humidity_2,14.889108985369157
1511262365845,Brightness_2,77.0
1511262368898,Sound_P,52.96571415471127
1511262368901,PodiumIR,81
1511262369073,Sound_R,65.0635978108672
1511262372238,Temperature_1,24.96
1511262372241,Humidity_1,14.642469224167508
1511262372246,Brightness_1,72.0
1511262372248,Temperature_2,24.49
1511262372251,Humidity_2,14.889108985369157
1511262372253,Brightness_2,77.0
1511262378903,Sound_P,61.023021476191225
1511262378907,PodiumIR,89
1511262378927,Temperature_1,24.96
1511262378930,Humidity_1,14.642469224167508
1511262378934,Brightness_1,72.0
1511262378937,Temperature_2,24.49
1511262378940,Humidity_2,14.889108985369157
1511262378944,Brightness_2,77.0
1511262379073,Sound_R,63.44997588479574
1511262385608,Temperature_1,24.96
1511262385611,Humidity_1,14.642469224167508
1511262385614,Brightness_1,72.0
1511262385617,Temperature_2,24.49
1511262385619,Humidity_2,14.889108985369157
1511262385621,Brightness_2,77.0
1511262388910,Sound_P,56.45426312235056
1511262388913,PodiumIR,84
1511262389073,Sound_R,59.503265569505025
1511262392285,Temperature_1,24.96
1511262392288,Humidity_1,14.642469224167508
1511262392291,Brightness_1,72.0
1511262392294,Temperature_2,24.49
1511262392296,Humidity_2,14.765789104768333
1511262392298,Brightness_2,74.0
1511262398915,Sound_P,65.24535518573873
1511262398919,PodiumIR,89
1511262398941,Temperature_1,24.96
1511262398944,Humidity_1,14.642469224167508
1511262398948,Brightness_1,72.0
1511262398950,Temperature_2,24.49
1511262398952,Humidity_2,14.765789104768333
1511262398954,Brightness_2,74.0
1511262399073,Sound_R,59.73403365906713
1511262405337,Temperature_1,24.96
1511262405340,Humidity_1,14.642469224167508
1511262405344,Brightness_1,73.0
1511262405346,Temperature_2,24.49
1511262405348,Humidity_2,14.765789104768333
1511262405351,Brightness_2,74.0
1511262408921,Sound_P,57.472817393488484
1511262408924,PodiumIR,81
1511262409073,Sound_R,59.467936824534554
1511262412224,Temperature_1,24.96
1511262412227,Humidity_1,14.642469224167508
1511262412231,Brightness_1,73.0
1511262412233,Temperature_2,24.49
1511262412235,Humidity_2,14.765789104768333
1511262412238,Brightness_2,74.0
1511262418927,Sound_P,56.45426312235056
1511262418930,PodiumIR,89
1511262419073,Sound_R,60.51751363138103
1511262421626,Temperature_1,24.96
1511262421629,Humidity_1,14.642469224167508
1511262421633,Brightness_1,73.0
1511262421635,Temperature_2,24.49
1511262421639,Humidity_2,14.765789104768333
1511262421641,Brightness_2,74.0
1511262428236,Temperature_1,24.96
1511262428239,Humidity_1,14.642469224167508
1511262428247,Brightness_1,73.0
1511262428250,Temperature_2,24.49
1511262428258,Humidity_2,14.765789104768333
1511262428260,Brightness_2,74.0
1511262428933,Sound_P,72.66858725677886
1511262428936,PodiumIR,60
1511262429073,Sound_R,63.05466237572574
1511262434952,Temperature_1,24.96
1511262434958,Humidity_1,14.642469224167508
1511262434960,Brightness_1,73.0
1511262434963,Temperature_2,24.49
1511262434968,Humidity_2,14.765789104768333
1511262434970,Brightness_2,74.0
1511262438939,Sound_P,65.8563679754536
1511262438942,PodiumIR,86
1511262439073,Sound_R,64.69179043583723
1511262441403,Temperature_1,24.96
1511262441406,Humidity_1,14.642469224167508
1511262441408,Brightness_1,73.0
1511262441411,Temperature_2,24.49
1511262441414,Humidity_2,14.765789104768333
1511262441416,Brightness_2,74.0
1511262447855,Temperature_1,24.96
1511262447858,Humidity_1,14.642469224167508
1511262447861,Brightness_1,73.0
1511262447864,Temperature_2,24.49
1511262447866,Humidity_2,14.765789104768333
1511262447869,Brightness_2,74.0
1511262448944,Sound_P,52.96571415471127
1511262448947,PodiumIR,94
1511262449073,Sound_R,65.12039189043732
1511262454254,Temperature_1,24.96
1511262454257,Humidity_1,14.642469224167508
1511262454261,Brightness_1,73.0
1511262454263,Temperature_2,24.49
1511262454266,Humidity_2,14.765789104768333
1511262454269,Brightness_2,75.0
1511262458950,Sound_P,52.96571415471127
1511262458959,PodiumIR,96
1511262459073,Sound_R,61.82742261788098
1511262461597,Temperature_1,24.96
1511262461600,Humidity_1,14.642469224167508
1511262461604,Brightness_1,73.0
1511262461607,Temperature_2,24.49
1511262461609,Humidity_2,14.765789104768333
1511262461613,Brightness_2,75.0
1511262468242,Temperature_1,24.96
1511262468245,Humidity_1,14.642469224167508
1511262468249,Brightness_1,73.0
1511262468251,Temperature_2,24.49
1511262468253,Humidity_2,14.765789104768333
1511262468256,Brightness_2,75.0
1511262468963,Sound_P,65.24535518573873
1511262468967,PodiumIR,85
1511262469073,Sound_R,61.42784375901547
1511262475005,Temperature_1,24.96
1511262475008,Humidity_1,14.642469224167508
1511262475011,Brightness_1,69.0
1511262475014,Temperature_2,24.49
1511262475016,Humidity_2,14.765789104768333
1511262475019,Brightness_2,75.0
1511262478969,Sound_P,58.433135904413454
1511262478978,PodiumIR,71
1511262479073,Sound_R,65.193174694277
1511262481573,Temperature_1,24.96
1511262481576,Humidity_1,14.642469224167508
1511262481580,Brightness_1,69.0
1511262481583,Temperature_2,24.49
1511262481585,Humidity_2,14.765789104768333
1511262481589,Brightness_2,75.0
1511262488237,Temperature_1,24.96
1511262488241,Humidity_1,14.642469224167508
1511262488245,Brightness_1,69.0
1511262488247,Temperature_2,24.49
1511262488250,Humidity_2,14.765789104768333
1511262488253,Brightness_2,75.0
1511262488987,Sound_P,54.210802194865956
1511262488990,PodiumIR,90
1511262489073,Sound_R,63.45542674279077
1511262494662,Temperature_1,24.96
1511262494665,Humidity_1,14.642469224167508
1511262494669,Brightness_1,69.0
1511262494671,Temperature_2,24.49
1511262494674,Humidity_2,14.765789104768333
1511262494677,Brightness_2,75.0
1511262498998,Sound_P,54.210802194865956
1511262499002,PodiumIR,87
1511262499073,Sound_R,62.00001106583755
1511262501073,Temperature_1,24.96
1511262501076,Humidity_1,14.642469224167508
1511262501078,Brightness_1,69.0
1511262501081,Temperature_2,24.49
1511262501083,Humidity_2,14.765789104768333
1511262501085,Brightness_2,75.0
1511262507769,Temperature_1,24.96
1511262507772,Humidity_1,14.642469224167508
1511262507775,Brightness_1,69.0
1511262507778,Temperature_2,24.49
1511262507780,Humidity_2,14.765789104768333
1511262507782,Brightness_2,75.0
1511262509004,Sound_P,61.023021476191225
1511262509007,PodiumIR,104
1511262509073,Sound_R,63.44119911180354
1511262514218,Temperature_1,24.96
1511262514221,Humidity_1,14.642469224167508
1511262514224,Brightness_1,69.0
1511262514227,Temperature_2,24.49
1511262514229,Humidity_2,14.765789104768333
1511262514231,Brightness_2,75.0
1511262519013,Sound_P,60.20329792798059
1511262519016,PodiumIR,95
1511262519073,Sound_R,65.86253228459299
1511262520725,Temperature_1,24.96
1511262520728,Humidity_1,14.642469224167508
1511262520731,Brightness_1,69.0
1511262520733,Temperature_2,24.49
1511262520735,Humidity_2,14.765789104768333
1511262520739,Brightness_2,74.0
1511262527438,Temperature_1,24.96
1511262527441,Humidity_1,14.642469224167508
1511262527444,Brightness_1,69.0
1511262527447,Temperature_2,24.49
1511262527449,Humidity_2,14.765789104768333
1511262527451,Brightness_2,74.0
1511262529021,Sound_P,59.341519288975356
1511262529025,PodiumIR,96
1511262529073,Sound_R,66.61100856913727
1511262533897,Temperature_1,24.96
1511262533899,Humidity_1,14.642469224167508
1511262533902,Brightness_1,76.0
1511262533905,Temperature_2,24.49
1511262533907,Humidity_2,14.765789104768333
1511262533909,Brightness_2,74.0
1511262539032,Sound_P,61.023021476191225
1511262539039,PodiumIR,88
1511262539073,Sound_R,66.43644107428088
1511262540321,Temperature_1,24.96
1511262540324,Humidity_1,14.642469224167508
1511262540327,Brightness_1,76.0
1511262540330,Temperature_2,24.49
1511262540332,Humidity_2,14.765789104768333
1511262540334,Brightness_2,74.0
1511262546776,Temperature_1,24.96
1511262546779,Humidity_1,14.642469224167508
1511262546782,Brightness_1,76.0
1511262546784,Temperature_2,24.49
1511262546787,Humidity_2,14.765789104768333
1511262546789,Brightness_2,74.0
1511262549041,Sound_P,52.96571415471127
1511262549044,PodiumIR,89
1511262549073,Sound_R,68.82776907014909
1511262553196,Temperature_1,24.96
1511262553199,Humidity_1,14.642469224167508
1511262553202,Brightness_1,76.0
1511262553205,Temperature_2,24.49
1511262553207,Humidity_2,14.765789104768333
1511262553210,Brightness_2,74.0
1511262559047,Sound_P,58.433135904413454
1511262559050,PodiumIR,103
1511262559073,Sound_R,68.29751904452924
1511262559884,Temperature_1,24.96
1511262559887,Humidity_1,14.642469224167508
1511262559890,Brightness_1,76.0
1511262559892,Temperature_2,24.49
1511262559894,Humidity_2,14.765789104768333
1511262559896,Brightness_2,74.0
1511262566304,Temperature_1,24.96
1511262566307,Humidity_1,14.642469224167508
1511262566310,Brightness_1,76.0
1511262566312,Temperature_2,24.49
1511262566314,Humidity_2,14.765789104768333
1511262566317,Brightness_2,74.0
1511262569053,Sound_P,56.45426312235056
1511262569056,PodiumIR,87
1511262569073,Sound_R,69.2240307464989
1511262572996,Temperature_1,24.96
1511262572999,Humidity_1,14.642469224167508
1511262573002,Brightness_1,76.0
1511262573004,Temperature_2,24.49
1511262573006,Humidity_2,14.765789104768333
1511262573008,Brightness_2,74.0
1511262579064,Sound_P,52.96571415471127
1511262579067,PodiumIR,82
1511262579073,Sound_R,71.4235534113149
1511262579549,Temperature_1,24.96
1511262579552,Humidity_1,14.642469224167508
1511262579555,Brightness_1,76.0
1511262579558,Temperature_2,24.49
1511262579560,Humidity_2,14.765789104768333
1511262579562,Brightness_2,75.0
1511262585948,Temperature_1,24.96
1511262585951,Humidity_1,14.642469224167508
1511262585954,Brightness_1,76.0
1511262585956,Temperature_2,24.49
1511262585959,Humidity_2,14.765789104768333
1511262585962,Brightness_2,75.0
1511262589073,Sound_P,61.80460425887306
1511262589073,Sound_R,68.37532510339469
1511262589076,PodiumIR,114
1511262592367,Temperature_1,24.96
1511262592369,Humidity_1,14.642469224167508
1511262592373,Brightness_1,76.0
1511262592375,Temperature_2,24.49
1511262592377,Humidity_2,14.765789104768333
1511262592380,Brightness_2,75.0
1511262599073,Sound_R,66.93600604560318
1511262599079,Sound_P,62.551438321825636
1511262599082,PodiumIR,82
1511262599114,Temperature_1,24.84
1511262599117,Humidity_1,14.642469224167508
1511262599120,Brightness_1,70.0
1511262599122,Temperature_2,24.49
1511262599124,Humidity_2,14.765789104768333
1511262599127,Brightness_2,75.0
1511262605657,Temperature_1,24.84
1511262605659,Humidity_1,14.642469224167508
1511262605663,Brightness_1,70.0
1511262605665,Temperature_2,24.49
1511262605667,Humidity_2,14.765789104768333
1511262605670,Brightness_2,75.0
1511262609073,Sound_R,66.8537120015797
1511262609084,Sound_P,61.023021476191225
1511262609088,PodiumIR,53
1511262612244,Temperature_1,24.84
1511262612248,Humidity_1,14.642469224167508
1511262612251,Brightness_1,70.0
1511262612254,Temperature_2,24.49
1511262612256,Humidity_2,14.765789104768333
1511262612259,Brightness_2,75.0
1511262618993,Temperature_1,24.84
1511262618997,Humidity_1,14.642469224167508
1511262619000,Brightness_1,70.0
1511262619003,Temperature_2,24.49
1511262619006,Humidity_2,14.765789104768333
1511262619008,Brightness_2,75.0
1511262619073,Sound_R,69.9301387777604
1511262619091,Sound_P,58.433135904413454
1511262619094,PodiumIR,96
1511262625736,Temperature_1,24.84
1511262625740,Humidity_1,14.642469224167508
1511262625743,Brightness_1,70.0
1511262625746,Temperature_2,24.49
1511262625748,Humidity_2,14.765789104768333
1511262625751,Brightness_2,75.0
1511262629073,Sound_R,70.11192902426681
1511262629096,Sound_P,54.210802194865956
1511262629099,PodiumIR,95
1511262632192,Temperature_1,24.84
1511262632196,Humidity_1,14.642469224167508
1511262632200,Brightness_1,70.0
1511262632202,Temperature_2,24.49
1511262632205,Humidity_2,14.765789104768333
1511262632208,Brightness_2,75.0
1511262638996,Temperature_1,24.84
1511262638999,Humidity_1,14.642469224167508
1511262639003,Brightness_1,70.0
1511262639005,Temperature_2,24.49
1511262639008,Humidity_2,14.765789104768333
1511262639010,Brightness_2,75.0
1511262639073,Sound_R,67.28001532039907
1511262639102,Sound_P,52.96571415471127
1511262639105,PodiumIR,70
1511262645695,Temperature_1,24.84
1511262645699,Humidity_1,14.642469224167508
1511262645702,Brightness_1,70.0
1511262645705,Temperature_2,24.49
1511262645707,Humidity_2,14.765789104768333
1511262645710,Brightness_2,76.0
1511262649073,Sound_R,67.13098075460132
1511262649108,Sound_P,57.472817393488484
1511262649111,PodiumIR,89
1511262652142,Temperature_1,24.84
1511262652145,Humidity_1,14.642469224167508
1511262652149,Brightness_1,70.0
1511262652151,Temperature_2,24.49
1511262652154,Humidity_2,14.765789104768333
1511262652158,Brightness_2,76.0
1511262658646,Temperature_1,24.84
1511262658649,Humidity_1,14.642469224167508
1511262658652,Brightness_1,70.0
1511262658655,Temperature_2,24.49
1511262658658,Humidity_2,14.765789104768333
1511262658660,Brightness_2,76.0
1511262659073,Sound_R,64.43497973907252
1511262659113,Sound_P,58.433135904413454
1511262659117,PodiumIR,84
1511262665254,Temperature_1,24.96
1511262665257,Humidity_1,14.642469224167508
1511262665261,Brightness_1,74.0
1511262665263,Temperature_2,24.49
1511262665266,Humidity_2,14.765789104768333
1511262665270,Brightness_2,76.0
1511262669073,Sound_R,63.07886509679886
1511262669119,Sound_P,59.341519288975356
1511262669123,PodiumIR,84
1511262671712,Temperature_1,24.96
1511262671715,Humidity_1,14.642469224167508
1511262671719,Brightness_1,74.0
1511262671721,Temperature_2,24.49
1511262671724,Humidity_2,14.765789104768333
1511262671727,Brightness_2,76.0
1511262678229,Temperature_1,24.96
1511262678232,Humidity_1,14.642469224167508
1511262678236,Brightness_1,74.0
1511262678238,Temperature_2,24.49
1511262678241,Humidity_2,14.765789104768333
1511262678244,Brightness_2,76.0
1511262679073,Sound_R,63.12170669547215
1511262679125,Sound_P,64.61127993529891
1511262679128,PodiumIR,99
1511262684915,Temperature_1,24.96
1511262684918,Humidity_1,14.642469224167508
1511262684922,Brightness_1,74.0
1511262684924,Temperature_2,24.49
1511262684927,Humidity_2,14.765789104768333
1511262684931,Brightness_2,76.0
1511262689073,Sound_R,66.47097364372301
1511262689131,Sound_P,61.80460425887306
1511262689134,PodiumIR,122
1511262691397,Temperature_1,24.96
1511262691400,Humidity_1,14.642469224167508
1511262691404,Brightness_1,74.0
1511262691407,Temperature_2,24.49
1511262691409,Humidity_2,14.765789104768333
1511262691412,Brightness_2,76.0
1511262698135,Temperature_1,24.96
1511262698138,Humidity_1,14.642469224167508
1511262698142,Brightness_1,74.0
1511262698144,Temperature_2,24.49
1511262698147,Humidity_2,14.765789104768333
1511262698150,Brightness_2,76.0
1511262699073,Sound_R,69.77176824976424
1511262699137,Sound_P,58.433135904413454
1511262699140,PodiumIR,94
1511262704552,Temperature_1,24.96
1511262704555,Humidity_1,14.642469224167508
1511262704566,Brightness_1,74.0
1511262704569,Temperature_2,24.49
1511262704571,Humidity_2,14.765789104768333
1511262704575,Brightness_2,76.0
1511262709073,Sound_R,68.93979519598558
1511262709142,Sound_P,60.20329792798059
1511262709146,PodiumIR,100
1511262711242,Temperature_1,24.96
1511262711245,Humidity_1,14.642469224167508
1511262711249,Brightness_1,74.0
1511262711252,Temperature_2,24.49
1511262711254,Humidity_2,14.765789104768333
1511262711257,Brightness_2,74.0
1511262717995,Temperature_1,24.96
1511262717999,Humidity_1,14.642469224167508
1511262718002,Brightness_1,74.0
1511262718005,Temperature_2,24.49
1511262718007,Humidity_2,14.765789104768333
1511262718010,Brightness_2,74.0
1511262719073,Sound_R,67.31323286134061
1511262719148,Sound_P,54.210802194865956
1511262719152,PodiumIR,93
1511262724407,Temperature_1,24.96
1511262724409,Humidity_1,14.642469224167508
1511262724411,Brightness_1,69.0
1511262724412,Temperature_2,24.49
1511262724414,Humidity_2,14.765789104768333
1511262724415,Brightness_2,74.0
1511262729073,Sound_R,68.03288535122687
1511262729158,Sound_P,63.95233273361063
1511262729161,PodiumIR,92
1511262731102,Temperature_1,24.96
1511262731105,Humidity_1,14.642469224167508
1511262731108,Brightness_1,69.0
1511262731110,Temperature_2,24.49
1511262731112,Humidity_2,14.765789104768333
1511262731114,Brightness_2,74.0
1511262737570,Temperature_1,24.96
1511262737573,Humidity_1,14.642469224167508
1511262737576,Brightness_1,69.0
1511262737579,Temperature_2,24.49
1511262737581,Humidity_2,14.765789104768333
1511262737584,Brightness_2,74.0
1511262739073,Sound_R,68.29189158663583
1511262739164,Sound_P,63.26648240367583
1511262739167,PodiumIR,94
1511262744241,Temperature_1,24.96
1511262744244,Humidity_1,14.642469224167508
1511262744248,Brightness_1,69.0
1511262744250,Temperature_2,24.49
1511262744252,Humidity_2,14.765789104768333
1511262744255,Brightness_2,74.0
1511262749073,Sound_R,64.55708771802705
1511262749172,Sound_P,57.472817393488484
1511262749175,PodiumIR,81
1511262750670,Temperature_1,24.96
1511262750673,Humidity_1,14.642469224167508
1511262750676,Brightness_1,69.0
1511262750679,Temperature_2,24.49
1511262750681,Humidity_2,14.765789104768333
1511262750684,Brightness_2,74.0
1511262757212,Temperature_1,24.96
1511262757215,Humidity_1,14.642469224167508
1511262757218,Brightness_1,69.0
1511262757220,Temperature_2,24.49
1511262757222,Humidity_2,14.765789104768333
1511262757225,Brightness_2,74.0
1511262759073,Sound_R,64.82209130226244
1511262759178,Sound_P,59.341519288975356
1511262759181,PodiumIR,90
1511262763664,Temperature_1,24.96
1511262763666,Humidity_1,14.642469224167508
1511262763669,Brightness_1,69.0
1511262763671,Temperature_2,24.49
1511262763673,Humidity_2,14.765789104768333
1511262763676,Brightness_2,74.0
1511262769073,Sound_R,65.35082763133234
1511262769184,Sound_P,58.433135904413454
1511262769187,PodiumIR,91
1511262770740,Temperature_1,24.96
1511262770742,Humidity_1,14.642469224167508
1511262770745,Brightness_1,69.0
1511262770748,Temperature_2,24.49
1511262770750,Humidity_2,14.765789104768333
1511262770752,Brightness_2,74.0
1511262777200,Temperature_1,24.96
1511262777203,Humidity_1,14.642469224167508
1511262777206,Brightness_1,69.0
1511262777209,Temperature_2,24.49
1511262777211,Humidity_2,14.765789104768333
1511262777213,Brightness_2,74.0
1511262779073,Sound_R,63.0749126476062
1511262779190,Sound_P,54.210802194865956
1511262779193,PodiumIR,64
1511262783943,Temperature_1,24.96
1511262783946,Humidity_1,14.642469224167508
1511262783949,Brightness_1,69.0
1511262783952,Temperature_2,24.49
1511262783954,Humidity_2,14.765789104768333
1511262783956,Brightness_2,74.0
1511262789073,Sound_R,63.78985412978347
1511262789195,Sound_P,55.369951428718224
1511262789203,PodiumIR,93
1511262790359,Temperature_1,24.96
1511262790361,Humidity_1,14.642469224167508
1511262790364,Brightness_1,70.0
1511262790367,Temperature_2,24.49
1511262790369,Humidity_2,14.765789104768333
1511262790371,Brightness_2,74.0
1511262797075,Temperature_1,24.96
1511262797078,Humidity_1,14.642469224167508
1511262797081,Brightness_1,70.0
1511262797083,Temperature_2,24.49
1511262797085,Humidity_2,14.765789104768333
1511262797088,Brightness_2,74.0
1511262799073,Sound_R,62.508638563820085
1511262799206,Sound_P,55.369951428718224
1511262799209,PodiumIR,100
1511262803506,Temperature_1,24.96
1511262803509,Humidity_1,14.642469224167508
1511262803512,Brightness_1,70.0
1511262803514,Temperature_2,24.49
1511262803517,Humidity_2,14.765789104768333
1511262803519,Brightness_2,74.0
1511262809073,Sound_R,61.08149007550464
1511262809211,Sound_P,60.20329792798059
1511262809215,PodiumIR,131
1511262810160,Temperature_1,24.96
1511262810163,Humidity_1,14.642469224167508
1511262810166,Brightness_1,70.0
1511262810169,Temperature_2,24.49
1511262810171,Humidity_2,14.765789104768333
1511262810173,Brightness_2,74.0
1511262817030,Temperature_1,24.96
1511262817033,Humidity_1,14.642469224167508
1511262817036,Brightness_1,70.0
1511262817039,Temperature_2,24.49
1511262817040,Humidity_2,14.765789104768333
1511262817042,Brightness_2,74.0
1511262819073,Sound_R,61.38182434556873
1511262819217,Sound_P,61.023021476191225
1511262819220,PodiumIR,88
1511262823785,Temperature_1,24.96
1511262823788,Humidity_1,14.642469224167508
1511262823791,Brightness_1,70.0
1511262823793,Temperature_2,24.49
1511262823795,Humidity_2,14.765789104768333
1511262823797,Brightness_2,74.0
1511262829073,Sound_R,61.74770269783397
1511262829223,Sound_P,54.210802194865956
1511262829230,PodiumIR,88
1511262830229,Temperature_1,24.96
1511262830231,Humidity_1,14.642469224167508
1511262830235,Brightness_1,70.0
1511262830237,Temperature_2,24.49
1511262830241,Humidity_2,14.765789104768333
1511262830246,Brightness_2,74.0
1511262837365,Temperature_1,24.96
1511262837368,Humidity_1,14.642469224167508
1511262837371,Brightness_1,70.0
1511262837373,Temperature_2,24.49
1511262837375,Humidity_2,14.889108985369157
1511262837377,Brightness_2,74.0
1511262839073,Sound_R,61.90590442444045
1511262839233,Sound_P,62.551438321825636
1511262839236,PodiumIR,86
1511262844057,Temperature_1,24.96
1511262844060,Humidity_1,14.642469224167508
1511262844063,Brightness_1,70.0
1511262844065,Temperature_2,24.49
1511262844068,Humidity_2,14.889108985369157
1511262844070,Brightness_2,74.0
1511262849073,Sound_R,62.56095935423942
1511262849240,Sound_P,59.341519288975356
1511262849243,PodiumIR,72
1511262850536,Temperature_1,24.96
1511262850539,Humidity_1,14.642469224167508
1511262850542,Brightness_1,70.0
1511262850545,Temperature_2,24.49
1511262850547,Humidity_2,14.889108985369157
1511262850549,Brightness_2,74.0
1511262857059,Temperature_1,24.96
1511262857062,Humidity_1,14.642469224167508
1511262857065,Brightness_1,70.0
1511262857068,Temperature_2,24.49
1511262857070,Humidity_2,14.889108985369157
1511262857072,Brightness_2,74.0
1511262859073,Sound_R,67.52793738187607
1511262859246,Sound_P,63.95233273361063
1511262859249,PodiumIR,88
1511262863526,Temperature_1,24.96
1511262863529,Humidity_1,14.642469224167508
1511262863532,Brightness_1,70.0
1511262863534,Temperature_2,24.49
1511262863536,Humidity_2,14.889108985369157
1511262863540,Brightness_2,74.0
1511262869073,Sound_R,69.50582860241654
1511262869252,Sound_P,70.987085069563
1511262869255,PodiumIR,70
1511262870233,Temperature_1,24.96
1511262870236,Humidity_1,14.642469224167508
1511262870241,Brightness_1,70.0
1511262870245,Temperature_2,24.49
1511262870248,Humidity_2,14.889108985369157
1511262870250,Brightness_2,74.0
1511262876920,Temperature_1,24.96
1511262876923,Humidity_1,14.642469224167508
1511262876926,Brightness_1,70.0
1511262876928,Temperature_2,24.49
1511262876930,Humidity_2,14.889108985369157
1511262876933,Brightness_2,74.0
1511262879073,Sound_R,66.72989303255785
1511262879258,Sound_P,61.023021476191225
1511262879261,PodiumIR,99
1511262883367,Temperature_1,24.96
1511262883370,Humidity_1,14.642469224167508
1511262883373,Brightness_1,70.0
1511262883375,Temperature_2,24.49
1511262883378,Humidity_2,14.889108985369157
1511262883381,Brightness_2,74.0
1511262889073,Sound_R,68.02502465431611
1511262889263,Sound_P,60.20329792798059
1511262889267,PodiumIR,92
1511262890128,Temperature_1,24.96
1511262890131,Humidity_1,14.642469224167508
1511262890134,Brightness_1,70.0
1511262890136,Temperature_2,24.49
1511262890139,Humidity_2,14.889108985369157
1511262890142,Brightness_2,74.0
1511262896642,Temperature_1,24.96
1511262896645,Humidity_1,14.642469224167508
1511262896648,Brightness_1,70.0
1511262896650,Temperature_2,24.49
1511262896652,Humidity_2,14.765789104768333
1511262896655,Brightness_2,76.0
1511262899073,Sound_R,69.10111060647408
1511262899270,Sound_P,64.61127993529891
1511262899273,PodiumIR,87
1511262903341,Temperature_1,24.96
1511262903343,Humidity_1,14.642469224167508
1511262903346,Brightness_1,70.0
1511262903348,Temperature_2,24.49
1511262903350,Humidity_2,14.765789104768333
1511262903353,Brightness_2,76.0
1511262909073,Sound_R,66.54931300170593
1511262909275,Sound_P,63.95233273361063
1511262909279,PodiumIR,93
1511262909994,Temperature_1,24.96
1511262909997,Humidity_1,14.642469224167508
1511262910001,Brightness_1,70.0
1511262910004,Temperature_2,24.49
1511262910006,Humidity_2,14.765789104768333
1511262910010,Brightness_2,76.0
1511262916412,Temperature_1,24.96
1511262916415,Humidity_1,14.642469224167508
1511262916418,Brightness_1,70.0
1511262916421,Temperature_2,24.49
1511262916423,Humidity_2,14.765789104768333
1511262916425,Brightness_2,76.0
1511262919073,Sound_R,68.32263669510046
1511262919284,Sound_P,59.341519288975356
1511262919289,PodiumIR,74
1511262923110,Temperature_1,24.96
1511262923113,Humidity_1,14.642469224167508
1511262923116,Brightness_1,70.0
1511262923119,Temperature_2,24.49
1511262923121,Humidity_2,14.765789104768333
1511262923123,Brightness_2,76.0
1511262929073,Sound_R,68.62222236839771
1511262929295,Sound_P,58.433135904413454
1511262929298,PodiumIR,83
1511262929757,Temperature_1,24.96
1511262929760,Humidity_1,14.642469224167508
1511262929763,Brightness_1,70.0
1511262929765,Temperature_2,24.49
1511262929768,Humidity_2,14.765789104768333
1511262929770,Brightness_2,76.0
1511262936233,Temperature_1,24.96
1511262936235,Humidity_1,14.642469224167508
1511262936239,Brightness_1,70.0
1511262936243,Temperature_2,24.49
1511262936246,Humidity_2,14.765789104768333
1511262936249,Brightness_2,76.0
1511262939073,Sound_R,67.1726267949423
1511262939306,Sound_P,63.26648240367583
1511262939309,PodiumIR,102
1511262942660,Temperature_1,24.96
1511262942662,Humidity_1,14.642469224167508
1511262942663,Brightness_1,70.0
1511262942665,Temperature_2,24.49
1511262942666,Humidity_2,14.765789104768333
1511262942670,Brightness_2,76.0
1511262949073,Sound_R,67.83738415051333
1511262949311,Sound_P,52.96571415471127
1511262949315,PodiumIR,87
1511262949334,Temperature_1,24.96
1511262949338,Humidity_1,14.642469224167508
1511262949342,Brightness_1,70.0
1511262949344,Temperature_2,24.49
1511262949348,Humidity_2,14.765789104768333
1511262949351,Brightness_2,76.0
1511262956079,Temperature_1,24.96
1511262956082,Humidity_1,14.642469224167508
1511262956083,Brightness_1,70.0
1511262956085,Temperature_2,24.49
1511262956088,Humidity_2,14.765789104768333
1511262956090,Brightness_2,76.0
1511262959073,Sound_R,68.549032398602
1511262959319,Sound_P,69.60540278108363
1511262959322,PodiumIR,81
1511262962493,Temperature_1,24.96
1511262962496,Humidity_1,14.642469224167508
1511262962499,Brightness_1,70.0
1511262962502,Temperature_2,24.49
1511262962504,Humidity_2,14.889108985369157
1511262962507,Brightness_2,79.0
1511262969073,Sound_R,68.03919765625913
1511262969191,Temperature_1,24.96
1511262969194,Humidity_1,14.642469224167508
1511262969197,Brightness_1,70.0
1511262969200,Temperature_2,24.49
1511262969202,Humidity_2,14.889108985369157
1511262969204,Brightness_2,79.0
1511262969325,Sound_P,64.61127993529891
1511262969328,PodiumIR,98
1511262975844,Temperature_1,24.96
1511262975847,Humidity_1,14.642469224167508
1511262975850,Brightness_1,70.0
1511262975852,Temperature_2,24.49
1511262975854,Humidity_2,14.889108985369157
1511262975857,Brightness_2,79.0
1511262979073,Sound_R,67.40228076183308
1511262979330,Sound_P,61.80460425887306
1511262979333,PodiumIR,65
1511262982259,Temperature_1,24.96
1511262982262,Humidity_1,14.642469224167508
1511262982265,Brightness_1,72.0
1511262982268,Temperature_2,24.49
1511262982270,Humidity_2,14.889108985369157
1511262982272,Brightness_2,79.0
1511262988947,Temperature_1,24.96
1511262988950,Humidity_1,14.642469224167508
1511262988953,Brightness_1,72.0
1511262988955,Temperature_2,24.49
1511262988957,Humidity_2,14.889108985369157
1511262988960,Brightness_2,79.0
1511262989073,Sound_R,68.11485055992999
1511262989336,Sound_P,63.26648240367583
1511262989339,PodiumIR,85
1511262995351,Temperature_1,24.96
1511262995354,Humidity_1,14.642469224167508
1511262995364,Brightness_1,72.0
1511262995367,Temperature_2,24.49
1511262995369,Humidity_2,14.889108985369157
1511262995372,Brightness_2,79.0
1511262999073,Sound_R,67.47900662678474
1511262999342,Sound_P,58.433135904413454
1511262999345,PodiumIR,88
1511263002058,Temperature_1,24.96
1511263002060,Humidity_1,14.642469224167508
1511263002063,Brightness_1,72.0
1511263002065,Temperature_2,24.49
1511263002068,Humidity_2,14.889108985369157
1511263002070,Brightness_2,79.0
1511263008469,Temperature_1,24.96
1511263008472,Humidity_1,14.642469224167508
1511263008475,Brightness_1,72.0
1511263008477,Temperature_2,24.49
1511263008479,Humidity_2,14.889108985369157
1511263008482,Brightness_2,79.0
1511263009073,Sound_R,66.98288516165132
1511263009348,Sound_P,58.433135904413454
1511263009351,PodiumIR,88
1511263015179,Temperature_1,24.96
1511263015182,Humidity_1,14.642469224167508
1511263015185,Brightness_1,72.0
1511263015187,Temperature_2,24.49
1511263015189,Humidity_2,14.889108985369157
1511263015192,Brightness_2,79.0
1511263019073,Sound_R,64.31973402512153
1511263019353,Sound_P,72.66858725677886
1511263019356,PodiumIR,87
1511263021949,Temperature_1,24.96
1511263021952,Humidity_1,14.642469224167508
1511263021955,Brightness_1,72.0
1511263021957,Temperature_2,24.49
1511263021960,Humidity_2,14.889108985369157
1511263021963,Brightness_2,79.0
1511263028350,Temperature_1,24.96
1511263028353,Humidity_1,14.642469224167508
1511263028356,Brightness_1,72.0
1511263028359,Temperature_2,24.49
1511263028361,Humidity_2,14.889108985369157
1511263028363,Brightness_2,74.0
1511263029073,Sound_R,66.69616037033552
1511263029361,Sound_P,65.24535518573873
1511263029365,PodiumIR,78
1511263035026,Temperature_1,24.96
1511263035029,Humidity_1,14.642469224167508
1511263035032,Brightness_1,72.0
1511263035034,Temperature_2,24.49
1511263035036,Humidity_2,14.889108985369157
1511263035038,Brightness_2,74.0
1511263039073,Sound_R,70.67094279785836
1511263039369,Sound_P,60.20329792798059
1511263039372,PodiumIR,89
1511263041698,Temperature_1,24.96
1511263041701,Humidity_1,14.642469224167508
1511263041704,Brightness_1,73.0
1511263041706,Temperature_2,24.49
1511263041708,Humidity_2,14.889108985369157
1511263041710,Brightness_2,74.0
1511263048241,Temperature_1,24.96
1511263048246,Humidity_1,14.642469224167508
1511263048250,Brightness_1,73.0
1511263048252,Temperature_2,24.49
1511263048254,Humidity_2,14.889108985369157
1511263048256,Brightness_2,74.0
1511263049073,Sound_R,68.97354982113353
1511263049375,Sound_P,63.95233273361063
1511263049378,PodiumIR,91
1511263054689,Temperature_1,24.96
1511263054692,Humidity_1,14.642469224167508
1511263054695,Brightness_1,73.0
1511263054698,Temperature_2,24.49
1511263054700,Humidity_2,14.889108985369157
1511263054702,Brightness_2,74.0
1511263059072,Sound_R,68.89014814605007
1511263059387,Sound_P,62.551438321825636
1511263059390,PodiumIR,121
1511263061548,Temperature_1,24.96
1511263061551,Humidity_1,14.642469224167508
1511263061554,Brightness_1,73.0
1511263061556,Temperature_2,24.49
1511263061559,Humidity_2,14.889108985369157
1511263061560,Brightness_2,74.0
1511263068204,Temperature_1,24.96
1511263068207,Humidity_1,14.642469224167508
1511263068210,Brightness_1,73.0
1511263068212,Temperature_2,24.49
1511263068214,Humidity_2,14.889108985369157
1511263068218,Brightness_2,74.0
1511263069073,Sound_R,70.29595538032885
1511263069399,Sound_P,51.62091662308819
1511263069403,PodiumIR,87
1511263074669,Temperature_1,24.96
1511263074672,Humidity_1,14.642469224167508
1511263074675,Brightness_1,73.0
1511263074677,Temperature_2,24.49
1511263074679,Humidity_2,14.889108985369157
1511263074682,Brightness_2,74.0
1511263079073,Sound_R,69.92385841651397
1511263079406,Sound_P,60.20329792798059
1511263079409,PodiumIR,72
1511263081104,Temperature_1,24.96
1511263081107,Humidity_1,14.642469224167508
1511263081110,Brightness_1,73.0
1511263081112,Temperature_2,24.49
1511263081114,Humidity_2,14.889108985369157
1511263081117,Brightness_2,74.0
1511263087535,Temperature_1,24.96
1511263087538,Humidity_1,14.642469224167508
1511263087541,Brightness_1,73.0
1511263087544,Temperature_2,24.49
1511263087545,Humidity_2,14.889108985369157
1511263087548,Brightness_2,74.0
1511263089073,Sound_R,67.77611425129739
1511263089413,Sound_P,63.26648240367583
1511263089417,PodiumIR,98
1511263094243,Temperature_1,24.96
1511263094246,Humidity_1,14.642469224167508
1511263094249,Brightness_1,73.0
1511263094251,Temperature_2,24.49
1511263094253,Humidity_2,14.889108985369157
1511263094256,Brightness_2,74.0
1511263099073,Sound_R,68.40110008352437
1511263099422,Sound_P,62.551438321825636
1511263099433,PodiumIR,94
1511263100979,Temperature_1,24.96
1511263100982,Humidity_1,14.642469224167508
1511263100984,Brightness_1,73.0
1511263100986,Temperature_2,24.49
1511263100988,Humidity_2,14.889108985369157
1511263100990,Brightness_2,74.0
1511263107629,Temperature_1,24.96
1511263107631,Humidity_1,14.642469224167508
1511263107634,Brightness_1,75.0
1511263107636,Temperature_2,24.49
1511263107638,Humidity_2,14.889108985369157
1511263107640,Brightness_2,74.0
1511263109073,Sound_R,70.09026534427271
1511263109438,Sound_P,63.95233273361063
1511263109441,PodiumIR,124
1511263114028,Temperature_1,24.96
1511263114031,Humidity_1,14.642469224167508
1511263114034,Brightness_1,75.0
1511263114036,Temperature_2,24.49
1511263114038,Humidity_2,14.889108985369157
1511263114040,Brightness_2,74.0
1511263119073,Sound_R,68.18364330473855
1511263119445,Sound_P,58.433135904413454
1511263119448,PodiumIR,84
1511263120455,Temperature_1,24.96
1511263120458,Humidity_1,14.642469224167508
1511263120460,Brightness_1,75.0
1511263120462,Temperature_2,24.49
1511263120464,Humidity_2,14.889108985369157
1511263120466,Brightness_2,74.0
1511263127200,Temperature_1,24.96
1511263127203,Humidity_1,14.642469224167508
1511263127206,Brightness_1,75.0
1511263127209,Temperature_2,24.49
1511263127211,Humidity_2,14.889108985369157
1511263127213,Brightness_2,74.0
1511263129073,Sound_R,64.17166193372763
1511263129453,Sound_P,52.96571415471127
1511263129456,PodiumIR,63
1511263133639,Temperature_1,24.96
1511263133642,Humidity_1,14.642469224167508
1511263133645,Brightness_1,75.0
1511263133647,Temperature_2,24.49
1511263133649,Humidity_2,14.889108985369157
1511263133651,Brightness_2,74.0
1511263139073,Sound_R,64.21044300999978
1511263139465,Sound_P,63.95233273361063
1511263139468,PodiumIR,93
1511263140096,Temperature_1,24.96
1511263140099,Humidity_1,14.642469224167508
1511263140103,Brightness_1,75.0
1511263140105,Temperature_2,24.49
1511263140107,Humidity_2,14.889108985369157
1511263140109,Brightness_2,74.0
1511263146512,Temperature_1,24.96
1511263146514,Humidity_1,14.642469224167508
1511263146518,Brightness_1,75.0
1511263146520,Temperature_2,24.49
1511263146522,Humidity_2,14.889108985369157
1511263146524,Brightness_2,74.0
1511263149073,Sound_R,68.35865813164052
1511263149471,Sound_P,54.210802194865956
1511263149474,PodiumIR,85
1511263153198,Temperature_1,24.96
1511263153200,Humidity_1,14.642469224167508
1511263153203,Brightness_1,75.0
1511263153205,Temperature_2,24.49
1511263153208,Humidity_2,14.889108985369157
1511263153210,Brightness_2,77.0
1511263159073,Sound_R,69.16532866788761
1511263159476,Sound_P,63.95233273361063
1511263159480,PodiumIR,84
1511263159967,Temperature_1,24.96
1511263159970,Humidity_1,14.642469224167508
1511263159973,Brightness_1,75.0
1511263159976,Temperature_2,24.49
1511263159978,Humidity_2,14.889108985369157
1511263159980,Brightness_2,77.0
1511263166388,Temperature_1,24.96
1511263166391,Humidity_1,14.642469224167508
1511263166394,Brightness_1,75.0
1511263166396,Temperature_2,24.49
1511263166400,Humidity_2,14.889108985369157
1511263166402,Brightness_2,77.0
1511263169073,Sound_R,67.50052434097036
1511263169482,Sound_P,61.80460425887306
1511263169485,PodiumIR,87
1511263173064,Temperature_1,24.96
1511263173067,Humidity_1,14.642469224167508
1511263173070,Brightness_1,70.0
1511263173072,Temperature_2,24.49
1511263173075,Humidity_2,14.889108985369157
1511263173078,Brightness_2,77.0
1511263179073,Sound_R,68.27256388048959
1511263179488,Sound_P,62.551438321825636
1511263179491,PodiumIR,89
1511263179527,Temperature_1,24.96
1511263179530,Humidity_1,14.642469224167508
1511263179533,Brightness_1,70.0
1511263179535,Temperature_2,24.49
1511263179537,Humidity_2,14.889108985369157
1511263179540,Brightness_2,77.0
1511263185966,Temperature_1,24.96
1511263185969,Humidity_1,14.642469224167508
1511263185972,Brightness_1,70.0
1511263185974,Temperature_2,24.49
1511263185976,Humidity_2,14.889108985369157
1511263185979,Brightness_2,77.0
1511263189073,Sound_R,68.13308161590257
1511263189494,Sound_P,56.45426312235056
1511263189497,PodiumIR,87
1511263192377,Temperature_1,24.96
1511263192380,Humidity_1,14.642469224167508
1511263192383,Brightness_1,70.0
1511263192385,Temperature_2,24.49
1511263192387,Humidity_2,14.889108985369157
1511263192390,Brightness_2,77.0
1511263199073,Sound_R,64.96689103138307
1511263199080,Temperature_1,24.96
1511263199083,Humidity_1,14.642469224167508
1511263199086,Brightness_1,70.0
1511263199088,Temperature_2,24.49
1511263199091,Humidity_2,14.889108985369157
1511263199093,Brightness_2,77.0
1511263199500,Sound_P,52.96571415471127
1511263199503,PodiumIR,78
1511263205506,Temperature_1,24.96
1511263205509,Humidity_1,14.642469224167508
1511263205512,Brightness_1,70.0
1511263205514,Temperature_2,24.49
1511263205517,Humidity_2,14.889108985369157
1511263205519,Brightness_2,77.0
1511263209073,Sound_R,63.93840601494143
1511263209505,Sound_P,57.472817393488484
1511263209509,PodiumIR,81
1511263212192,Temperature_1,24.96
1511263212195,Humidity_1,14.642469224167508
1511263212199,Brightness_1,70.0
1511263212201,Temperature_2,24.49
1511263212203,Humidity_2,14.889108985369157
1511263212207,Brightness_2,77.0
1511263218661,Temperature_1,24.96
1511263218664,Humidity_1,14.642469224167508
1511263218668,Brightness_1,70.0
1511263218670,Temperature_2,24.49
1511263218673,Humidity_2,14.889108985369157
1511263218676,Brightness_2,80.0
1511263219073,Sound_R,63.18118994731095
1511263219511,Sound_P,62.551438321825636
1511263219514,PodiumIR,80
1511263225094,Temperature_1,24.96
1511263225097,Humidity_1,14.642469224167508
1511263225101,Brightness_1,70.0
1511263225103,Temperature_2,24.49
1511263225106,Humidity_2,14.889108985369157
1511263225108,Brightness_2,80.0
1511263229073,Sound_R,62.200297797150974
1511263229525,Sound_P,52.96571415471127
1511263229528,PodiumIR,86
1511263231556,Temperature_1,24.96
1511263231559,Humidity_1,14.642469224167508
1511263231561,Brightness_1,70.0
1511263231564,Temperature_2,24.49
1511263231566,Humidity_2,14.889108985369157
1511263231568,Brightness_2,80.0
1511263238229,Temperature_1,24.96
1511263238232,Humidity_1,14.642469224167508
1511263238235,Brightness_1,70.0
1511263238238,Temperature_2,24.49
1511263238240,Humidity_2,14.889108985369157
1511263238243,Brightness_2,80.0
1511263239073,Sound_R,64.4341274241685
1511263239531,Sound_P,56.45426312235056
1511263239534,PodiumIR,91
1511263244847,Temperature_1,24.96
1511263244850,Humidity_1,14.642469224167508
1511263244853,Brightness_1,70.0
1511263244855,Temperature_2,24.49
1511263244857,Humidity_2,14.889108985369157
1511263244860,Brightness_2,80.0
1511263249073,Sound_R,62.19974437165006
1511263249536,Sound_P,52.96571415471127
1511263249540,PodiumIR,100
1511263251248,Temperature_1,24.96
1511263251250,Humidity_1,14.642469224167508
1511263251253,Brightness_1,70.0
1511263251255,Temperature_2,24.49
1511263251257,Humidity_2,14.889108985369157
1511263251260,Brightness_2,80.0
1511263257961,Temperature_1,24.96
1511263257964,Humidity_1,14.642469224167508
1511263257967,Brightness_1,70.0
1511263257969,Temperature_2,24.49
1511263257971,Humidity_2,14.889108985369157
1511263257976,Brightness_2,80.0
1511263259073,Sound_R,59.82801007373083
1511263259542,Sound_P,56.45426312235056
1511263259545,PodiumIR,98
1511263264368,Temperature_1,24.96
1511263264371,Humidity_1,14.642469224167508
1511263264376,Brightness_1,70.0
1511263264378,Temperature_2,24.49
1511263264384,Humidity_2,14.889108985369157
1511263264386,Brightness_2,80.0
1511263269073,Sound_R,61.052280081021514
1511263269548,Sound_P,51.62091662308819
1511263269561,PodiumIR,91
1511263271091,Temperature_1,24.96
1511263271097,Humidity_1,14.642469224167508
1511263271100,Brightness_1,70.0
1511263271102,Temperature_2,24.49
1511263271108,Humidity_2,14.889108985369157
1511263271111,Brightness_2,80.0
1511263277953,Temperature_1,24.96
1511263277959,Humidity_1,14.642469224167508
1511263277961,Brightness_1,70.0
1511263277963,Temperature_2,24.49
1511263277965,Humidity_2,14.889108985369157
1511263277968,Brightness_2,80.0
1511263279073,Sound_R,60.390950843296594
1511263279573,Sound_P,54.210802194865956
1511263279576,PodiumIR,84
1511263284370,Temperature_1,24.96
1511263284376,Humidity_1,14.642469224167508
1511263284378,Brightness_1,70.0
1511263284380,Temperature_2,24.49
1511263284383,Humidity_2,14.889108985369157
1511263284385,Brightness_2,77.0
1511263289073,Sound_R,57.70689190809551
1511263289579,Sound_P,54.210802194865956
1511263289582,PodiumIR,86
1511263291654,Temperature_1,24.96
1511263291657,Humidity_1,14.642469224167508
1511263291660,Brightness_1,70.0
1511263291662,Temperature_2,24.49
1511263291665,Humidity_2,14.889108985369157
1511263291667,Brightness_2,77.0
1511263298102,Temperature_1,24.96
1511263298105,Humidity_1,14.642469224167508
1511263298108,Brightness_1,72.0
1511263298111,Temperature_2,24.49
1511263298113,Humidity_2,14.889108985369157
1511263298115,Brightness_2,77.0
1511263299073,Sound_R,54.92577624630371
1511263299584,Sound_P,56.45426312235056
1511263299588,PodiumIR,86
1511263304512,Temperature_1,24.96
1511263304515,Humidity_1,14.642469224167508
1511263304518,Brightness_1,72.0
1511263304520,Temperature_2,24.49
1511263304523,Humidity_2,14.889108985369157
1511263304525,Brightness_2,77.0
1511263309073,Sound_R,57.093530999657325
1511263309590,Sound_P,52.96571415471127
1511263309593,PodiumIR,99
1511263311209,Temperature_1,24.96
1511263311212,Humidity_1,14.642469224167508
1511263311215,Brightness_1,72.0
1511263311217,Temperature_2,24.49
1511263311220,Humidity_2,14.889108985369157
1511263311222,Brightness_2,77.0
1511263317880,Temperature_1,24.96
1511263317883,Humidity_1,14.642469224167508
1511263317887,Brightness_1,72.0
1511263317889,Temperature_2,24.49
1511263317891,Humidity_2,14.889108985369157
1511263317894,Brightness_2,77.0
1511263319073,Sound_R,58.369765137783055
1511263319596,Sound_P,56.45426312235056
1511263319606,PodiumIR,87
1511263324279,Temperature_1,24.96
1511263324282,Humidity_1,14.642469224167508
1511263324285,Brightness_1,72.0
1511263324288,Temperature_2,24.49
1511263324290,Humidity_2,14.889108985369157
1511263324292,Brightness_2,77.0
1511263329073,Sound_R,60.3710216032995
1511263329610,Sound_P,56.45426312235056
1511263329614,PodiumIR,95
1511263330724,Temperature_1,24.96
1511263330727,Humidity_1,14.642469224167508
1511263330730,Brightness_1,72.0
1511263330733,Temperature_2,24.49
1511263330735,Humidity_2,14.889108985369157
1511263330737,Brightness_2,77.0
1511263337419,Temperature_1,24.96
1511263337421,Humidity_1,14.642469224167508
1511263337425,Brightness_1,72.0
1511263337427,Temperature_2,24.49
1511263337429,Humidity_2,14.889108985369157
1511263337432,Brightness_2,77.0
1511263339073,Sound_R,63.58837283346662
1511263339616,Sound_P,63.26648240367583
1511263339619,PodiumIR,78
1511263343881,Temperature_1,24.96
1511263343884,Humidity_1,14.642469224167508
1511263343887,Brightness_1,72.0
1511263343890,Temperature_2,24.49
1511263343892,Humidity_2,14.889108985369157
1511263343894,Brightness_2,74.0
1511263349073,Sound_R,62.974624437124845
1511263349622,Sound_P,67.56641902255494
1511263349625,PodiumIR,135
1511263350301,Temperature_1,24.96
1511263350304,Humidity_1,14.642469224167508
1511263350307,Brightness_1,72.0
1511263350309,Temperature_2,24.49
1511263350312,Humidity_2,14.889108985369157
1511263350315,Brightness_2,74.0
1511263356978,Temperature_1,24.96
1511263356981,Humidity_1,14.642469224167508
1511263356985,Brightness_1,72.0
1511263356987,Temperature_2,24.49
1511263356989,Humidity_2,14.889108985369157
1511263356991,Brightness_2,74.0
1511263359073,Sound_R,64.04563621517737
1511263359628,Sound_P,61.023021476191225
1511263359631,PodiumIR,93
1511263363433,Temperature_1,24.96
1511263363436,Humidity_1,14.642469224167508
1511263363440,Brightness_1,74.0
1511263363442,Temperature_2,24.49
1511263363444,Humidity_2,14.889108985369157
1511263363447,Brightness_2,74.0
1511263369073,Sound_R,63.26572057366973
1511263369643,Sound_P,52.96571415471127
1511263369646,PodiumIR,130
1511263370112,Temperature_1,24.96
1511263370115,Humidity_1,14.642469224167508
1511263370118,Brightness_1,74.0
1511263370120,Temperature_2,24.49
1511263370123,Humidity_2,14.889108985369157
1511263370125,Brightness_2,74.0
1511263376540,Temperature_1,24.96
1511263376543,Humidity_1,14.642469224167508
1511263376546,Brightness_1,74.0
1511263376549,Temperature_2,24.49
1511263376551,Humidity_2,14.889108985369157
1511263376553,Brightness_2,74.0
1511263379073,Sound_R,58.290846509772045
1511263379648,Sound_P,56.45426312235056
1511263379652,PodiumIR,71
1511263382969,Temperature_1,24.96
1511263382972,Humidity_1,14.642469224167508
1511263382976,Brightness_1,74.0
1511263382979,Temperature_2,24.49
1511263382981,Humidity_2,14.889108985369157
1511263382984,Brightness_2,74.0
1511263389073,Sound_R,57.925293672238745
1511263389451,Temperature_1,24.96
1511263389455,Humidity_1,14.642469224167508
1511263389458,Brightness_1,74.0
1511263389461,Temperature_2,24.49
1511263389464,Humidity_2,14.889108985369157
1511263389467,Brightness_2,74.0
1511263389654,Sound_P,57.472817393488484
1511263389657,PodiumIR,112
1511263396000,Temperature_1,24.96
1511263396003,Humidity_1,14.642469224167508
1511263396007,Brightness_1,74.0
1511263396010,Temperature_2,24.49
1511263396012,Humidity_2,14.889108985369157
1511263396015,Brightness_2,74.0
1511263399073,Sound_R,61.1910367758227
1511263399666,Sound_P,65.24535518573873
1511263399669,PodiumIR,81
1511263402400,Temperature_1,24.96
1511263402402,Humidity_1,14.642469224167508
1511263402404,Brightness_1,74.0
1511263402406,Temperature_2,24.49
1511263402409,Humidity_2,14.889108985369157
1511263402412,Brightness_2,74.0
1511263408880,Temperature_1,24.96
1511263408883,Humidity_1,14.642469224167508
1511263408886,Brightness_1,74.0
1511263408889,Temperature_2,24.49
1511263408891,Humidity_2,14.889108985369157
1511263408893,Brightness_2,74.0
1511263409073,Sound_R,60.0923732904164
1511263409672,Sound_P,52.96571415471127
1511263409675,PodiumIR,108
1511263415370,Temperature_1,24.96
1511263415373,Humidity_1,14.642469224167508
1511263415376,Brightness_1,74.0
1511263415379,Temperature_2,24.49
1511263415381,Humidity_2,14.889108985369157
1511263415383,Brightness_2,74.0
1511263419075,Sound_R,60.14492559759245
1511263419678,Sound_P,56.45426312235056
1511263419681,PodiumIR,74
1511263421802,Temperature_1,24.96
1511263421805,Humidity_1,14.642469224167508
1511263421808,Brightness_1,73.0
1511263421810,Temperature_2,24.49
1511263421812,Humidity_2,14.889108985369157
1511263421814,Brightness_2,74.0
1511263428236,Temperature_1,24.96
1511263428239,Humidity_1,14.642469224167508
1511263428243,Brightness_1,73.0
1511263428246,Temperature_2,24.49
1511263428248,Humidity_2,14.889108985369157
1511263428250,Brightness_2,74.0
1511263429073,Sound_R,61.01635970742083
1511263429683,Sound_P,62.551438321825636
1511263429687,PodiumIR,100
1511263435008,Temperature_1,24.96
1511263435011,Humidity_1,14.642469224167508
1511263435014,Brightness_1,73.0
1511263435017,Temperature_2,24.49
1511263435019,Humidity_2,14.889108985369157
1511263435021,Brightness_2,74.0
1511263439073,Sound_R,60.183203430355796
1511263439689,Sound_P,57.472817393488484
1511263439693,PodiumIR,87
1511263441458,Temperature_1,24.96
1511263441461,Humidity_1,14.642469224167508
1511263441464,Brightness_1,73.0
1511263441467,Temperature_2,24.49
1511263441469,Humidity_2,14.889108985369157
1511263441471,Brightness_2,74.0
1511263447934,Temperature_1,24.96
1511263447937,Humidity_1,14.642469224167508
1511263447941,Brightness_1,73.0
1511263447943,Temperature_2,24.49
1511263447945,Humidity_2,14.889108985369157
1511263447947,Brightness_2,74.0
1511263449073,Sound_R,60.08557267445704
1511263449695,Sound_P,57.472817393488484
1511263449704,PodiumIR,91
1511263454354,Temperature_1,24.96
1511263454357,Humidity_1,14.642469224167508
1511263454360,Brightness_1,73.0
1511263454363,Temperature_2,24.49
1511263454365,Humidity_2,14.889108985369157
1511263454367,Brightness_2,74.0
1511263459073,Sound_R,59.41157743183825
1511263459713,Sound_P,55.369951428718224
1511263459716,PodiumIR,57
1511263460814,Temperature_1,24.96
1511263460817,Humidity_1,14.642469224167508
1511263460820,Brightness_1,73.0
1511263460823,Temperature_2,24.49
1511263460825,Humidity_2,14.889108985369157
1511263460827,Brightness_2,74.0
1511263469073,Sound_R,57.0478900371777
1511263469723,Sound_P,62.551438321825636
1511263469726,PodiumIR,88
1511263479073,Sound_R,61.022172462632135
1511263479729,Sound_P,61.023021476191225
1511263479732,PodiumIR,82
1511263482239,Temperature_1,24.96
1511263482242,Humidity_1,14.642469224167508
1511263482245,Brightness_1,73.0
1511263482248,Temperature_2,24.49
1511263482250,Humidity_2,14.765789104768333
1511263482252,Brightness_2,75.0
1511263488680,Temperature_1,24.84
1511263488683,Humidity_1,14.642469224167508
1511263488686,Brightness_1,75.0
1511263488689,Temperature_2,24.49
1511263488691,Humidity_2,14.765789104768333
1511263488694,Brightness_2,75.0
1511263489073,Sound_R,66.34834742968
1511263489735,Sound_P,51.62091662308819
1511263489738,PodiumIR,80
1511263495141,Temperature_1,24.84
1511263495144,Humidity_1,14.642469224167508
1511263495147,Brightness_1,75.0
1511263495149,Temperature_2,24.49
1511263495151,Humidity_2,14.765789104768333
1511263495154,Brightness_2,75.0
1511263499073,Sound_R,61.430403276055586
1511263499741,Sound_P,57.472817393488484
1511263499744,PodiumIR,94
1511263501887,Temperature_1,24.84
1511263501890,Humidity_1,14.642469224167508
1511263501893,Brightness_1,75.0
1511263501896,Temperature_2,24.49
1511263501899,Humidity_2,14.765789104768333
1511263501901,Brightness_2,75.0
1511263508288,Temperature_1,24.84
1511263508291,Humidity_1,14.642469224167508
1511263508294,Brightness_1,75.0
1511263508296,Temperature_2,24.49
1511263508298,Humidity_2,14.765789104768333
1511263508300,Brightness_2,75.0
1511263509073,Sound_R,58.5911666213757
1511263509746,Sound_P,52.96571415471127
1511263509749,PodiumIR,87
1511263514983,Temperature_1,24.84
1511263514986,Humidity_1,14.642469224167508
1511263514989,Brightness_1,75.0
1511263514992,Temperature_2,24.49
1511263514994,Humidity_2,14.765789104768333
1511263514996,Brightness_2,75.0
1511263519073,Sound_R,59.551764589597944
1511263519751,Sound_P,51.62091662308819
1511263519754,PodiumIR,90
1511263528416,Temperature_1,24.84
1511263528419,Humidity_1,14.642469224167508
1511263528422,Brightness_1,75.0
1511263528424,Temperature_2,24.49
1511263528427,Humidity_2,14.765789104768333
1511263528429,Brightness_2,75.0
1511263529073,Sound_R,59.89876560030212
1511263529757,Sound_P,52.96571415471127
1511263529760,PodiumIR,74
1511263535219,Temperature_1,24.84
1511263535222,Humidity_1,14.642469224167508
1511263535225,Brightness_1,75.0
1511263535227,Temperature_2,24.49
1511263535229,Humidity_2,14.765789104768333
1511263535232,Brightness_2,77.0
1511263539073,Sound_R,61.53313543179137
1511263539762,Sound_P,56.45426312235056
1511263539771,PodiumIR,87
1511263541631,Temperature_1,24.84
1511263541634,Humidity_1,14.642469224167508
1511263541637,Brightness_1,75.0
1511263541640,Temperature_2,24.49
1511263541642,Humidity_2,14.765789104768333
1511263541644,Brightness_2,77.0
1511263548239,Temperature_1,24.84
1511263548242,Humidity_1,14.642469224167508
1511263548246,Brightness_1,75.0
1511263548248,Temperature_2,24.49
1511263548251,Humidity_2,14.765789104768333
1511263548253,Brightness_2,77.0
1511263549073,Sound_R,61.5548546422016
1511263549776,Sound_P,54.210802194865956
1511263549779,PodiumIR,98
1511263554945,Temperature_1,24.6
1511263554951,Humidity_1,14.642469224167508
1511263554953,Brightness_1,73.0
1511263554956,Temperature_2,24.49
1511263554958,Humidity_2,14.765789104768333
1511263554964,Brightness_2,77.0
1511263559073,Sound_R,61.216884658775804
1511263559781,Sound_P,65.8563679754536
1511263559784,PodiumIR,90
1511263561678,Temperature_1,24.6
1511263561683,Humidity_1,14.642469224167508
1511263561686,Brightness_1,73.0
1511263561688,Temperature_2,24.49
1511263561690,Humidity_2,14.765789104768333
1511263561696,Brightness_2,77.0
1511263568148,Temperature_1,24.6
1511263568152,Humidity_1,14.642469224167508
1511263568155,Brightness_1,73.0
1511263568157,Temperature_2,24.49
1511263568162,Humidity_2,14.765789104768333
1511263568165,Brightness_2,77.0
1511263569073,Sound_R,61.88319367524145
1511263569787,Sound_P,57.472817393488484
1511263569791,PodiumIR,73
1511263574573,Temperature_1,24.6
1511263574580,Humidity_1,14.642469224167508
1511263574583,Brightness_1,73.0
1511263574585,Temperature_2,24.49
1511263574587,Humidity_2,14.765789104768333
1511263574589,Brightness_2,77.0
1511263579073,Sound_R,62.27713030535517
1511263579793,Sound_P,52.96571415471127
1511263579796,PodiumIR,75
1511263580999,Temperature_1,24.6
1511263581002,Humidity_1,14.642469224167508
1511263581005,Brightness_1,73.0
1511263581008,Temperature_2,24.49
1511263581010,Humidity_2,14.765789104768333
1511263581013,Brightness_2,77.0
1511263587408,Temperature_1,24.6
1511263587411,Humidity_1,14.642469224167508
1511263587414,Brightness_1,73.0
1511263587417,Temperature_2,24.49
1511263587419,Humidity_2,14.765789104768333
1511263587421,Brightness_2,77.0
1511263589073,Sound_R,61.957328347307055
1511263589799,Sound_P,55.369951428718224
1511263589802,PodiumIR,65
1511263594037,Temperature_1,24.6
1511263594040,Humidity_1,14.642469224167508
1511263594043,Brightness_1,73.0
1511263594045,Temperature_2,24.49
1511263594047,Humidity_2,14.765789104768333
1511263594049,Brightness_2,77.0
1511263599073,Sound_R,62.191694276837744
1511263599805,Sound_P,52.96571415471127
1511263599808,PodiumIR,81
1511263600485,Temperature_1,24.6
1511263600488,Humidity_1,14.642469224167508
1511263600492,Brightness_1,73.0
1511263600494,Temperature_2,24.49
1511263600496,Humidity_2,14.642469224167508
1511263600499,Brightness_2,76.0
1511263607260,Temperature_1,24.6
1511263607263,Humidity_1,14.642469224167508
1511263607266,Brightness_1,73.0
1511263607268,Temperature_2,24.49
1511263607271,Humidity_2,14.642469224167508
1511263607273,Brightness_2,76.0
1511263609073,Sound_R,63.19892830685696
1511263609811,Sound_P,54.210802194865956
1511263609814,PodiumIR,72
1511263613808,Temperature_1,24.84
1511263613811,Humidity_1,14.642469224167508
1511263613814,Brightness_1,76.0
1511263613816,Temperature_2,24.49
1511263613819,Humidity_2,14.642469224167508
1511263613821,Brightness_2,76.0
1511263619073,Sound_R,62.091130011446275
1511263619816,Sound_P,52.96571415471127
1511263619820,PodiumIR,101
1511263620228,Temperature_1,24.84
1511263620231,Humidity_1,14.642469224167508
1511263620234,Brightness_1,76.0
1511263620237,Temperature_2,24.49
1511263620242,Humidity_2,14.642469224167508
1511263620247,Brightness_2,76.0
1511263626910,Temperature_1,24.84
1511263626913,Humidity_1,14.642469224167508
1511263626916,Brightness_1,76.0
1511263626919,Temperature_2,24.49
1511263626921,Humidity_2,14.642469224167508
1511263626923,Brightness_2,76.0
1511263629073,Sound_R,60.406975059591154
1511263629822,Sound_P,55.369951428718224
1511263629825,PodiumIR,87
1511263633359,Temperature_1,24.84
1511263633362,Humidity_1,14.642469224167508
1511263633365,Brightness_1,76.0
1511263633367,Temperature_2,24.49
1511263633369,Humidity_2,14.642469224167508
1511263633371,Brightness_2,76.0
1511263639073,Sound_R,59.3881036197395
1511263639828,Sound_P,63.26648240367583
1511263639832,PodiumIR,112
1511263639838,Temperature_1,24.84
1511263639841,Humidity_1,14.642469224167508
1511263639845,Brightness_1,76.0
1511263639848,Temperature_2,24.49
1511263639850,Humidity_2,14.642469224167508
1511263639854,Brightness_2,76.0
1511263646250,Temperature_1,24.84
1511263646253,Humidity_1,14.642469224167508
1511263646256,Brightness_1,76.0
1511263646259,Temperature_2,24.49
1511263646262,Humidity_2,14.642469224167508
1511263646264,Brightness_2,76.0
1511263649073,Sound_R,59.37816369220709
1511263649834,Sound_P,51.62091662308819
1511263649838,PodiumIR,93
1511263652918,Temperature_1,24.84
1511263652921,Humidity_1,14.642469224167508
1511263652924,Brightness_1,76.0
1511263652925,Temperature_2,24.49
1511263652927,Humidity_2,14.642469224167508
1511263652930,Brightness_2,76.0
1511263659073,Sound_R,59.57845119416189
1511263659676,Temperature_1,24.84
1511263659679,Humidity_1,14.642469224167508
1511263659682,Brightness_1,76.0
1511263659685,Temperature_2,24.37
1511263659687,Humidity_2,14.642469224167508
1511263659689,Brightness_2,74.0
1511263659841,Sound_P,58.433135904413454
1511263659844,PodiumIR,76
1511263666142,Temperature_1,24.84
1511263666145,Humidity_1,14.642469224167508
1511263666148,Brightness_1,76.0
1511263666150,Temperature_2,24.37
1511263666152,Humidity_2,14.642469224167508
1511263666154,Brightness_2,74.0
1511263669073,Sound_R,59.879364515337386
1511263669846,Sound_P,55.369951428718224
1511263669850,PodiumIR,83
1511263672547,Temperature_1,24.84
1511263672550,Humidity_1,14.642469224167508
1511263672553,Brightness_1,76.0
1511263672555,Temperature_2,24.37
1511263672558,Humidity_2,14.642469224167508
1511263672560,Brightness_2,74.0
1511263679073,Sound_R,61.52656449362305
1511263679235,Temperature_1,24.84
1511263679238,Humidity_1,14.519149343566673
1511263679241,Brightness_1,73.0
1511263679244,Temperature_2,24.37
1511263679246,Humidity_2,14.642469224167508
1511263679248,Brightness_2,74.0
1511263679852,Sound_P,56.45426312235056
1511263679855,PodiumIR,130
1511263685891,Temperature_1,24.84
1511263685894,Humidity_1,14.519149343566673
1511263685897,Brightness_1,73.0
1511263685900,Temperature_2,24.37
1511263685902,Humidity_2,14.642469224167508
1511263685905,Brightness_2,74.0
1511263689073,Sound_R,62.48261440515489
1511263689858,Sound_P,54.210802194865956
1511263689861,PodiumIR,87
1511263692307,Temperature_1,24.84
1511263692310,Humidity_1,14.519149343566673
1511263692313,Brightness_1,73.0
1511263692315,Temperature_2,24.37
1511263692318,Humidity_2,14.642469224167508
1511263692321,Brightness_2,74.0
1511263699033,Temperature_1,24.84
1511263699036,Humidity_1,14.519149343566673
1511263699040,Brightness_1,73.0
1511263699042,Temperature_2,24.37
1511263699044,Humidity_2,14.642469224167508
1511263699046,Brightness_2,74.0
1511263699073,Sound_R,62.17915982739944
1511263699864,Sound_P,54.210802194865956
1511263699867,PodiumIR,86
1511263705765,Temperature_1,24.84
1511263705768,Humidity_1,14.519149343566673
1511263705771,Brightness_1,73.0
1511263705773,Temperature_2,24.37
1511263705775,Humidity_2,14.642469224167508
1511263705778,Brightness_2,74.0
1511263709073,Sound_R,60.26088793930086
1511263709870,Sound_P,56.45426312235056
1511263709873,PodiumIR,88
1511263712159,Temperature_1,24.84
1511263712162,Humidity_1,14.519149343566673
1511263712165,Brightness_1,73.0
1511263712168,Temperature_2,24.37
1511263712170,Humidity_2,14.642469224167508
1511263712173,Brightness_2,74.0
1511263718576,Temperature_1,24.84
1511263718579,Humidity_1,14.519149343566673
1511263718582,Brightness_1,73.0
1511263718585,Temperature_2,24.37
1511263718587,Humidity_2,14.642469224167508
1511263718589,Brightness_2,74.0
1511263719073,Sound_R,58.481414666703756
1511263719875,Sound_P,57.472817393488484
1511263719879,PodiumIR,49
1511263725028,Temperature_1,24.84
1511263725031,Humidity_1,14.519149343566673
1511263725034,Brightness_1,73.0
1511263725036,Temperature_2,24.37
1511263725038,Humidity_2,14.642469224167508
1511263725041,Brightness_2,74.0
1511263729073,Sound_R,59.33459261574117
1511263729881,Sound_P,62.551438321825636
1511263729884,PodiumIR,86
1511263731767,Temperature_1,24.84
1511263731770,Humidity_1,14.519149343566673
1511263731773,Brightness_1,73.0
1511263731774,Temperature_2,24.37
1511263731776,Humidity_2,14.642469224167508
1511263731778,Brightness_2,74.0
1511263738243,Temperature_1,24.84
1511263738247,Humidity_1,14.519149343566673
1511263738250,Brightness_1,73.0
1511263738252,Temperature_2,24.37
1511263738254,Humidity_2,14.642469224167508
1511263738256,Brightness_2,74.0
1511263739073,Sound_R,61.579368337377524
1511263739887,Sound_P,51.62091662308819
1511263739890,PodiumIR,94
1511263744697,Temperature_1,24.84
1511263744700,Humidity_1,14.642469224167508
1511263744703,Brightness_1,73.0
1511263744705,Temperature_2,24.37
1511263744707,Humidity_2,14.642469224167508
1511263744709,Brightness_2,74.0
1511263749073,Sound_R,60.496346712056514
1511263749893,Sound_P,51.62091662308819
1511263749902,PodiumIR,91
1511263751232,Temperature_1,24.84
1511263751235,Humidity_1,14.642469224167508
1511263751239,Brightness_1,73.0
1511263751241,Temperature_2,24.37
1511263751243,Humidity_2,14.642469224167508
1511263751245,Brightness_2,74.0
1511263757685,Temperature_1,24.84
1511263757688,Humidity_1,14.642469224167508
1511263757691,Brightness_1,73.0
1511263757694,Temperature_2,24.37
1511263757696,Humidity_2,14.642469224167508
1511263757698,Brightness_2,74.0
1511263759073,Sound_R,57.83805501460875
1511263759905,Sound_P,59.341519288975356
1511263759908,PodiumIR,86
1511263764126,Temperature_1,24.84
1511263764129,Humidity_1,14.642469224167508
1511263764132,Brightness_1,73.0
1511263764134,Temperature_2,24.37
1511263764136,Humidity_2,14.642469224167508
1511263764139,Brightness_2,74.0
1511263769073,Sound_R,56.82400439604456
1511263769911,Sound_P,55.369951428718224
1511263769914,PodiumIR,70
1511263770573,Temperature_1,24.84
1511263770576,Humidity_1,14.642469224167508
1511263770579,Brightness_1,73.0
1511263770582,Temperature_2,24.37
1511263770584,Humidity_2,14.642469224167508
1511263770586,Brightness_2,74.0
1511263777034,Temperature_1,24.84
1511263777037,Humidity_1,14.642469224167508
1511263777040,Brightness_1,73.0
1511263777043,Temperature_2,24.37
1511263777044,Humidity_2,14.642469224167508
1511263777047,Brightness_2,74.0
1511263779073,Sound_R,60.428820929714966
1511263779924,Sound_P,62.551438321825636
1511263779927,PodiumIR,84
1511263783480,Temperature_1,24.84
1511263783483,Humidity_1,14.642469224167508
1511263783486,Brightness_1,73.0
1511263783489,Temperature_2,24.37
1511263783491,Humidity_2,14.642469224167508
1511263783494,Brightness_2,74.0
1511263789073,Sound_R,63.533510843886376
1511263789930,Sound_P,51.62091662308819
1511263789933,PodiumIR,72
1511263789935,Temperature_1,24.84
1511263789938,Humidity_1,14.642469224167508
1511263789941,Brightness_1,73.0
1511263789944,Temperature_2,24.25
1511263789947,Humidity_2,14.642469224167508
1511263789949,Brightness_2,77.0
1511263796350,Temperature_1,24.84
1511263796353,Humidity_1,14.642469224167508
1511263796356,Brightness_1,73.0
1511263796358,Temperature_2,24.25
1511263796360,Humidity_2,14.642469224167508
1511263796363,Brightness_2,77.0
1511263799073,Sound_R,64.86629488140204
1511263799937,Sound_P,56.45426312235056
1511263799940,PodiumIR,90
1511263803049,Temperature_1,24.84
1511263803052,Humidity_1,14.519149343566673
1511263803055,Brightness_1,75.0
1511263803057,Temperature_2,24.25
1511263803060,Humidity_2,14.642469224167508
1511263803063,Brightness_2,77.0
1511263809073,Sound_R,63.34537924512182
1511263809490,Temperature_1,24.84
1511263809493,Humidity_1,14.519149343566673
1511263809496,Brightness_1,75.0
1511263809498,Temperature_2,24.25
1511263809500,Humidity_2,14.642469224167508
1511263809503,Brightness_2,77.0
1511263809942,Sound_P,58.433135904413454
1511263809945,PodiumIR,89
1511263815952,Temperature_1,24.84
1511263815955,Humidity_1,14.519149343566673
1511263815958,Brightness_1,75.0
1511263815960,Temperature_2,24.25
1511263815962,Humidity_2,14.642469224167508
1511263815965,Brightness_2,77.0
1511263819073,Sound_R,60.83502381153263
1511263819948,Sound_P,55.369951428718224
1511263819952,PodiumIR,86
1511263822358,Temperature_1,24.84
1511263822361,Humidity_1,14.519149343566673
1511263822363,Brightness_1,75.0
1511263822365,Temperature_2,24.25
1511263822367,Humidity_2,14.642469224167508
1511263822370,Brightness_2,77.0
1511263829052,Temperature_1,24.84
1511263829055,Humidity_1,14.519149343566673
1511263829058,Brightness_1,75.0
1511263829060,Temperature_2,24.25
1511263829062,Humidity_2,14.642469224167508
1511263829065,Brightness_2,77.0
1511263829073,Sound_R,60.64095589538348
1511263829954,Sound_P,56.45426312235056
1511263829957,PodiumIR,95
1511263835527,Temperature_1,24.84
1511263835530,Humidity_1,14.519149343566673
1511263835533,Brightness_1,75.0
1511263835536,Temperature_2,24.25
1511263835538,Humidity_2,14.642469224167508
1511263835540,Brightness_2,77.0
1511263839073,Sound_R,58.939073608276466
1511263839960,Sound_P,60.20329792798059
1511263839971,PodiumIR,105
1511263842229,Temperature_1,24.84
1511263842232,Humidity_1,14.519149343566673
1511263842235,Brightness_1,75.0
1511263842238,Temperature_2,24.25
1511263842241,Humidity_2,14.642469224167508
1511263842244,Brightness_2,77.0
1511263848920,Temperature_1,24.84
1511263848923,Humidity_1,14.519149343566673
1511263848926,Brightness_1,75.0
1511263848928,Temperature_2,24.25
1511263848930,Humidity_2,14.642469224167508
1511263848933,Brightness_2,77.0
1511263849073,Sound_R,58.64485569110227
1511263849974,Sound_P,56.45426312235056
1511263849977,PodiumIR,91
1511263859073,Sound_R,59.73902750638007
1511263859980,Sound_P,56.45426312235056
1511263859983,PodiumIR,95
1511263869073,Sound_R,64.35265384763801
1511263869985,Sound_P,57.472817393488484
1511263869989,PodiumIR,85
1511263870346,Temperature_1,24.84
1511263870349,Humidity_1,14.519149343566673
1511263870352,Brightness_1,72.0
1511263870355,Temperature_2,24.25
1511263870357,Humidity_2,14.642469224167508
1511263870359,Brightness_2,74.0
1511263877075,Temperature_1,24.84
1511263877078,Humidity_1,14.519149343566673
1511263877081,Brightness_1,72.0
1511263877083,Temperature_2,24.25
1511263877086,Humidity_2,14.642469224167508
1511263877089,Brightness_2,74.0
1511263879073,Sound_R,63.933515331292625
1511263879991,Sound_P,57.472817393488484
1511263879994,PodiumIR,73
1511263883485,Temperature_1,24.84
1511263883488,Humidity_1,14.519149343566673
1511263883491,Brightness_1,72.0
1511263883493,Temperature_2,24.25
1511263883495,Humidity_2,14.642469224167508
1511263883498,Brightness_2,74.0
1511263889073,Sound_R,62.050931790801286
1511263889997,Sound_P,61.023021476191225
1511263890000,PodiumIR,91
1511263890034,Temperature_1,24.84
1511263890037,Humidity_1,14.519149343566673
1511263890040,Brightness_1,72.0
1511263890042,Temperature_2,24.25
1511263890044,Humidity_2,14.642469224167508
1511263890047,Brightness_2,74.0
1511263896430,Temperature_1,24.84
1511263896433,Humidity_1,14.519149343566673
1511263896436,Brightness_1,72.0
1511263896438,Temperature_2,24.25
1511263896440,Humidity_2,14.642469224167508
1511263896442,Brightness_2,74.0
1511263899073,Sound_R,61.636417112429434
1511263900003,Sound_P,51.62091662308819
1511263900006,PodiumIR,93
1511263902901,Temperature_1,24.84
1511263902904,Humidity_1,14.519149343566673
1511263902907,Brightness_1,72.0
1511263902909,Temperature_2,24.25
1511263902911,Humidity_2,14.642469224167508
1511263902913,Brightness_2,74.0
1511263909073,Sound_R,60.63535504148567
1511263909644,Temperature_1,24.84
1511263909647,Humidity_1,14.519149343566673
1511263909650,Brightness_1,72.0
1511263909653,Temperature_2,24.25
1511263909655,Humidity_2,14.642469224167508
1511263909657,Brightness_2,74.0
1511263910009,Sound_P,67.56641902255494
1511263910012,PodiumIR,97
1511263916095,Temperature_1,24.84
1511263916098,Humidity_1,14.519149343566673
1511263916101,Brightness_1,72.0
1511263916103,Temperature_2,24.25
1511263916104,Humidity_2,14.642469224167508
1511263916107,Brightness_2,75.0
1511263919073,Sound_R,63.27040685718047
1511263920014,Sound_P,61.023021476191225
1511263920030,PodiumIR,83
1511263922495,Temperature_1,24.84
1511263922498,Humidity_1,14.519149343566673
1511263922502,Brightness_1,72.0
1511263922504,Temperature_2,24.25
1511263922507,Humidity_2,14.642469224167508
1511263922510,Brightness_2,75.0
1511263929073,Sound_R,67.39105866856353
1511263929224,Temperature_1,24.84
1511263929228,Humidity_1,14.519149343566673
1511263929232,Brightness_1,72.0
1511263929234,Temperature_2,24.25
1511263929237,Humidity_2,14.642469224167508
1511263929240,Brightness_2,75.0
1511263930035,Sound_P,63.26648240367583
1511263930038,PodiumIR,113
1511263935861,Temperature_1,24.72
1511263935864,Humidity_1,14.519149343566673
1511263935868,Brightness_1,76.0
1511263935871,Temperature_2,24.25
1511263935873,Humidity_2,14.642469224167508
1511263935877,Brightness_2,75.0
1511263939073,Sound_R,65.81701013131321
1511263940040,Sound_P,54.210802194865956
1511263940043,PodiumIR,94
1511263942266,Temperature_1,24.72
1511263942270,Humidity_1,14.519149343566673
1511263942273,Brightness_1,76.0
1511263942276,Temperature_2,24.25
1511263942279,Humidity_2,14.642469224167508
1511263942283,Brightness_2,75.0
1511263948961,Temperature_1,24.72
1511263948964,Humidity_1,14.519149343566673
1511263948967,Brightness_1,76.0
1511263948970,Temperature_2,24.25
1511263948972,Humidity_2,14.642469224167508
1511263948974,Brightness_2,75.0
1511263949073,Sound_R,62.80205992797994
1511263950046,Sound_P,55.369951428718224
1511263950049,PodiumIR,105
1511263955413,Temperature_1,24.72
1511263955416,Humidity_1,14.519149343566673
1511263955419,Brightness_1,76.0
1511263955421,Temperature_2,24.25
1511263955424,Humidity_2,14.642469224167508
1511263955426,Brightness_2,75.0
1511263959073,Sound_R,62.052276378455645
1511263960060,Sound_P,55.369951428718224
1511263960063,PodiumIR,85
1511263961871,Temperature_1,24.72
1511263961874,Humidity_1,14.519149343566673
1511263961877,Brightness_1,76.0
1511263961880,Temperature_2,24.25
1511263961882,Humidity_2,14.642469224167508
1511263961885,Brightness_2,75.0
1511263968276,Temperature_1,24.72
1511263968279,Humidity_1,14.519149343566673
1511263968282,Brightness_1,76.0
1511263968284,Temperature_2,24.25
1511263968287,Humidity_2,14.642469224167508
1511263968290,Brightness_2,75.0
1511263969073,Sound_R,60.5459769721329
1511263970066,Sound_P,64.61127993529891
1511263970070,PodiumIR,137
1511263974975,Temperature_1,24.72
1511263974978,Humidity_1,14.519149343566673
1511263974981,Brightness_1,76.0
1511263974984,Temperature_2,24.25
1511263974986,Humidity_2,14.642469224167508
1511263974989,Brightness_2,75.0
1511263979073,Sound_R,63.290513382337735
1511263980072,Sound_P,56.45426312235056
1511263980085,PodiumIR,84
1511263981423,Temperature_1,24.72
1511263981425,Humidity_1,14.519149343566673
1511263981429,Brightness_1,76.0
1511263981432,Temperature_2,24.25
1511263981434,Humidity_2,14.519149343566673
1511263981436,Brightness_2,80.0
1511263987884,Temperature_1,24.72
1511263987887,Humidity_1,14.519149343566673
1511263987890,Brightness_1,76.0
1511263987893,Temperature_2,24.25
1511263987894,Humidity_2,14.519149343566673
1511263987897,Brightness_2,80.0
1511263989073,Sound_R,60.3306262223573
1511263990100,Sound_P,52.96571415471127
1511263990103,PodiumIR,89
1511263994295,Temperature_1,24.72
1511263994298,Humidity_1,14.519149343566673
1511263994301,Brightness_1,70.0
1511263994303,Temperature_2,24.25
1511263994305,Humidity_2,14.519149343566673
1511263994308,Brightness_2,80.0
1511263999073,Sound_R,56.21819981870791
1511264000106,Sound_P,55.369951428718224
1511264000114,PodiumIR,82
1511264000999,Temperature_1,24.72
1511264001002,Humidity_1,14.519149343566673
1511264001005,Brightness_1,70.0
1511264001008,Temperature_2,24.25
1511264001010,Humidity_2,14.519149343566673
1511264001012,Brightness_2,80.0
1511264007660,Temperature_1,24.72
1511264007663,Humidity_1,14.519149343566673
1511264007666,Brightness_1,70.0
1511264007668,Temperature_2,24.25
1511264007671,Humidity_2,14.519149343566673
1511264007674,Brightness_2,80.0
1511264009073,Sound_R,55.74357149767737
1511264010116,Sound_P,58.433135904413454
1511264010119,PodiumIR,97
1511264014054,Temperature_1,24.72
1511264014057,Humidity_1,14.519149343566673
1511264014060,Brightness_1,70.0
1511264014063,Temperature_2,24.25
1511264014065,Humidity_2,14.519149343566673
1511264014068,Brightness_2,80.0
1511264019073,Sound_R,56.09675676500262
1511264020121,Sound_P,55.369951428718224
1511264020125,PodiumIR,89
1511264020501,Temperature_1,24.72
1511264020504,Humidity_1,14.519149343566673
1511264020507,Brightness_1,70.0
1511264020509,Temperature_2,24.25
1511264020512,Humidity_2,14.519149343566673
1511264020514,Brightness_2,80.0
1511264027196,Temperature_1,24.72
1511264027199,Humidity_1,14.519149343566673
1511264027202,Brightness_1,70.0
1511264027204,Temperature_2,24.25
1511264027206,Humidity_2,14.519149343566673
1511264027209,Brightness_2,80.0
1511264029073,Sound_R,57.610885577700124
1511264030136,Sound_P,55.369951428718224
1511264030139,PodiumIR,145
1511264033960,Temperature_1,24.72
1511264033963,Humidity_1,14.519149343566673
1511264033967,Brightness_1,70.0
1511264033969,Temperature_2,24.25
1511264033971,Humidity_2,14.519149343566673
1511264033973,Brightness_2,80.0
1511264039073,Sound_R,58.042906184250235
1511264040142,Sound_P,52.96571415471127
1511264040145,PodiumIR,92
1511264040578,Temperature_1,24.72
1511264040580,Humidity_1,14.519149343566673
1511264040584,Brightness_1,70.0
1511264040586,Temperature_2,24.25
1511264040588,Humidity_2,14.519149343566673
1511264040590,Brightness_2,80.0
1511264047276,Temperature_1,24.72
1511264047279,Humidity_1,14.519149343566673
1511264047282,Brightness_1,70.0
1511264047284,Temperature_2,24.25
1511264047287,Humidity_2,14.519149343566673
1511264047289,Brightness_2,77.0
1511264049073,Sound_R,58.18544684136052
1511264050148,Sound_P,58.433135904413454
1511264050151,PodiumIR,95
1511264053687,Temperature_1,24.72
1511264053690,Humidity_1,14.519149343566673
1511264053693,Brightness_1,70.0
1511264053696,Temperature_2,24.25
1511264053698,Humidity_2,14.519149343566673
1511264053701,Brightness_2,77.0
1511264059073,Sound_R,60.40338276381664
1511264060153,Sound_P,52.96571415471127
1511264060157,PodiumIR,89
1511264060196,Temperature_1,24.72
1511264060199,Humidity_1,14.519149343566673
1511264060203,Brightness_1,70.0
1511264060205,Temperature_2,24.25
1511264060209,Humidity_2,14.519149343566673
1511264060213,Brightness_2,77.0
1511264066936,Temperature_1,24.72
1511264066939,Humidity_1,14.519149343566673
1511264066943,Brightness_1,70.0
1511264066945,Temperature_2,24.25
1511264066947,Humidity_2,14.519149343566673
1511264066949,Brightness_2,77.0
1511264070159,Sound_P,52.96571415471127
1511264070163,PodiumIR,72
1511264073384,Temperature_1,24.72
1511264073387,Humidity_1,14.519149343566673
1511264073391,Brightness_1,70.0
1511264073393,Temperature_2,24.25
1511264073395,Humidity_2,14.519149343566673
1511264073398,Brightness_2,77.0
1511264077991,Door,activate
