timestamp,sensor_name,value
1511180594048,Door,activate
1511180594268,Sound_P,70.0787016850011
1511180594271,PodiumIR,96
1511180595036,Motion_7,True
1511180595041,Motion_8,True
1511180595041,Motion_6,True
1511180599073,Sound_R,59.32588333298364
1511180599538,Temperature_1,24.96
1511180599541,Humidity_1,14.642469224167508
1511180599544,Brightness_1,70.0
1511180599547,Temperature_2,24.49
1511180599549,Humidity_2,15.259068627171624
1511180599554,Brightness_2,75.0
1511180604273,Sound_P,54.210802194865956
1511180604277,PodiumIR,97
1511180605989,Temperature_1,24.96
1511180605992,Humidity_1,14.642469224167508
1511180605996,Brightness_1,70.0
1511180605998,Temperature_2,24.49
1511180606001,Humidity_2,15.382388507772458
1511180606005,Brightness_2,80.0
1511180609073,Sound_R,59.96441733084733
1511180610619,Motion_5,False
1511180610619,Motion_1,False
1511180610619,Motion_7,False
1511180610619,Motion_8,False
1511180610619,Motion_6,False
1511180612395,Temperature_1,24.96
1511180612398,Humidity_1,14.642469224167508
1511180612401,Brightness_1,70.0
1511180612403,Temperature_2,24.49
1511180612405,Humidity_2,15.382388507772458
1511180612410,Brightness_2,80.0
1511180614279,Sound_P,54.210802194865956
1511180614283,PodiumIR,89
1511180619073,Sound_R,57.160976739949284
1511180619203,Temperature_1,24.96
1511180619206,Humidity_1,14.642469224167508
1511180619210,Brightness_1,70.0
1511180619212,Temperature_2,24.49
1511180619213,Humidity_2,15.382388507772458
1511180619218,Brightness_2,80.0
1511180624285,Sound_P,51.62091662308819
1511180624291,PodiumIR,114
1511180625662,Temperature_1,24.96
1511180625665,Humidity_1,14.642469224167508
1511180625669,Brightness_1,70.0
1511180625671,Temperature_2,24.49
1511180625673,Humidity_2,15.382388507772458
1511180625675,Brightness_2,80.0
1511180629073,Sound_R,58.43298313358694
1511180632065,Temperature_1,24.96
1511180632068,Humidity_1,14.642469224167508
1511180632071,Brightness_1,70.0
1511180632074,Temperature_2,24.49
1511180632078,Humidity_2,15.382388507772458
1511180632081,Brightness_2,80.0
1511180634293,Sound_P,54.210802194865956
1511180634297,PodiumIR,90
1511180638486,Temperature_1,24.96
1511180638489,Humidity_1,14.642469224167508
1511180638492,Brightness_1,70.0
1511180638494,Temperature_2,24.49
1511180638498,Humidity_2,15.382388507772458
1511180638502,Brightness_2,80.0
1511180639073,Sound_R,58.509650966277626
1511180644299,Sound_P,55.369951428718224
1511180644303,PodiumIR,120
1511180645218,Temperature_1,24.72
1511180645221,Humidity_1,14.765789104768333
1511180645224,Brightness_1,76.0
1511180645226,Temperature_2,24.49
1511180645229,Humidity_2,15.382388507772458
1511180645231,Brightness_2,80.0
1511180649073,Sound_R,56.544574318097084
1511180651661,Temperature_1,24.72
1511180651664,Humidity_1,14.765789104768333
1511180651667,Brightness_1,76.0
1511180651670,Temperature_2,24.49
1511180651673,Humidity_2,15.382388507772458
1511180651677,Brightness_2,80.0
1511180654305,Sound_P,56.45426312235056
1511180654308,PodiumIR,99
1511180658126,Temperature_1,24.72
1511180658129,Humidity_1,14.765789104768333
1511180658133,Brightness_1,76.0
1511180658135,Temperature_2,24.49
1511180658137,Humidity_2,15.382388507772458
1511180658139,Brightness_2,80.0
1511180659073,Sound_R,56.13588510764571
1511180660036,Motion_1,False
1511180660036,Motion_7,False
1511180660036,Motion_6,True
1511180664311,Sound_P,55.369951428718224
1511180664314,PodiumIR,134
1511180664542,Temperature_1,24.72
1511180664545,Humidity_1,14.765789104768333
1511180664548,Brightness_1,76.0
1511180664551,Temperature_2,24.49
1511180664553,Humidity_2,15.382388507772458
1511180664558,Brightness_2,80.0
1511180669073,Sound_R,57.49576426680898
1511180671321,Temperature_1,24.72
1511180671324,Humidity_1,14.765789104768333
1511180671327,Brightness_1,76.0
1511180671329,Temperature_2,24.49
1511180671333,Humidity_2,15.259068627171624
1511180671337,Brightness_2,80.0
1511180674316,Sound_P,57.472817393488484
1511180674320,PodiumIR,106
1511180677774,Temperature_1,24.72
1511180677777,Humidity_1,14.765789104768333
1511180677780,Brightness_1,76.0
1511180677782,Temperature_2,24.49
1511180677785,Humidity_2,15.259068627171624
1511180677789,Brightness_2,80.0
1511180679072,Sound_R,58.81083005387308
1511180684223,Temperature_1,24.72
1511180684226,Humidity_1,14.765789104768333
1511180684232,Brightness_1,76.0
1511180684237,Temperature_2,24.49
1511180684239,Humidity_2,15.259068627171624
1511180684243,Brightness_2,80.0
1511180684244,Motion_6,False
1511180684244,Motion_7,False
1511180684249,Motion_6,True
1511180684249,Motion_7,True
1511180684322,Sound_P,54.210802194865956
1511180684325,PodiumIR,80
1511180689073,Sound_R,60.9122892289019
1511180690631,Temperature_1,24.72
1511180690634,Humidity_1,14.765789104768333
1511180690638,Brightness_1,76.0
1511180690640,Temperature_2,24.49
1511180690642,Humidity_2,15.259068627171624
1511180690647,Brightness_2,80.0
1511180694327,Sound_P,52.96571415471127
1511180694331,PodiumIR,88
1511180697034,Temperature_1,24.72
1511180697044,Humidity_1,14.765789104768333
1511180697048,Brightness_1,76.0
1511180697051,Temperature_2,24.49
1511180697054,Humidity_2,15.259068627171624
1511180697058,Brightness_2,80.0
1511180697201,Motion_6,True
1511180697201,Motion_7,False
1511180699073,Sound_R,59.52071547301807
1511180703279,Motion_7,True
1511180703485,Temperature_1,24.72
1511180703487,Humidity_1,14.765789104768333
1511180703491,Brightness_1,76.0
1511180703493,Temperature_2,24.49
1511180703495,Humidity_2,15.259068627171624
1511180703499,Brightness_2,80.0
1511180704333,Sound_P,54.210802194865956
1511180704336,PodiumIR,96
1511180709073,Sound_R,58.894992131666264
1511180709940,Temperature_1,24.96
1511180709943,Humidity_1,14.642469224167508
1511180709946,Brightness_1,75.0
1511180709948,Temperature_2,24.49
1511180709950,Humidity_2,15.259068627171624
1511180709952,Brightness_2,80.0
1511180713166,Motion_6,False
1511180714339,Sound_P,54.210802194865956
1511180714342,PodiumIR,82
1511180716378,Temperature_1,24.96
1511180716381,Humidity_1,14.642469224167508
1511180716384,Brightness_1,75.0
1511180716387,Temperature_2,24.49
1511180716389,Humidity_2,15.259068627171624
1511180716394,Brightness_2,80.0
1511180719073,Sound_R,59.773895904062336
1511180722829,Temperature_1,24.96
1511180722832,Humidity_1,14.642469224167508
1511180722835,Brightness_1,75.0
1511180722838,Temperature_2,24.49
1511180722840,Humidity_2,15.259068627171624
1511180722844,Brightness_2,80.0
1511180724345,Sound_P,55.369951428718224
1511180724348,PodiumIR,82
1511180726073,Motion_7,False
1511180726073,Motion_6,True
1511180729073,Sound_R,59.76215539420567
1511180730011,Temperature_1,24.96
1511180730014,Humidity_1,14.642469224167508
1511180730018,Brightness_1,75.0
1511180730020,Temperature_2,24.49
1511180730021,Humidity_2,15.259068627171624
1511180730024,Brightness_2,80.0
1511180734350,Sound_P,56.45426312235056
1511180734354,PodiumIR,90
1511180735178,Motion_1,True
1511180735178,Seat_3,True
1511180736600,Temperature_1,24.96
1511180736603,Humidity_1,14.642469224167508
1511180736606,Brightness_1,75.0
1511180736609,Temperature_2,24.49
1511180736611,Humidity_2,15.259068627171624
1511180736613,Brightness_2,74.0
1511180739073,Sound_R,61.59171707523894
1511180739145,Motion_6,False
1511180739145,Motion_7,True
1511180739145,Motion_5,True
1511180743310,Temperature_1,24.96
1511180743313,Humidity_1,14.642469224167508
1511180743316,Brightness_1,75.0
1511180743318,Temperature_2,24.49
1511180743322,Humidity_2,15.259068627171624
1511180743326,Brightness_2,74.0
1511180744357,Sound_P,52.96571415471127
1511180744360,PodiumIR,96
1511180749073,Sound_R,63.48905675149549
1511180749745,Temperature_1,24.96
1511180749748,Humidity_1,14.642469224167508
1511180749752,Brightness_1,75.0
1511180749754,Temperature_2,24.49
1511180749759,Humidity_2,15.259068627171624
1511180749762,Brightness_2,74.0
1511180752667,Motion_1,False
1511180752667,Motion_7,False
1511180752667,Motion_5,True
1511180754367,Sound_P,52.96571415471127
1511180754370,PodiumIR,86
1511180756212,Temperature_1,24.96
1511180756215,Humidity_1,14.642469224167508
1511180756219,Brightness_1,75.0
1511180756221,Temperature_2,24.49
1511180756222,Humidity_2,15.259068627171624
1511180756224,Brightness_2,74.0
1511180759073,Sound_R,63.75803987833584
1511180762664,Temperature_1,24.96
1511180762667,Humidity_1,14.642469224167508
1511180762671,Brightness_1,75.0
1511180762673,Temperature_2,24.49
1511180762675,Humidity_2,15.259068627171624
1511180762680,Brightness_2,74.0
1511180764373,Sound_P,54.210802194865956
1511180764376,PodiumIR,98
1511180769073,Sound_R,64.11372072709662
1511180769339,Temperature_1,24.96
1511180769342,Humidity_1,14.642469224167508
1511180769345,Brightness_1,70.0
1511180769348,Temperature_2,24.49
1511180769350,Humidity_2,15.259068627171624
1511180769355,Brightness_2,74.0
1511180774378,Sound_P,56.45426312235056
1511180774386,PodiumIR,95
1511180775888,Temperature_1,24.96
1511180775891,Humidity_1,14.642469224167508
1511180775894,Brightness_1,70.0
1511180775897,Temperature_2,24.49
1511180775899,Humidity_2,15.259068627171624
1511180775903,Brightness_2,74.0
1511180779073,Sound_R,62.467460814739034
1511180779856,Seat_3,False
1511180779856,Motion_5,False
1511180782310,Temperature_1,24.96
1511180782313,Humidity_1,14.642469224167508
1511180782316,Brightness_1,70.0
1511180782319,Temperature_2,24.49
1511180782321,Humidity_2,15.259068627171624
1511180782323,Brightness_2,74.0
1511180784390,Sound_P,54.210802194865956
1511180784393,PodiumIR,88
1511180789009,Temperature_1,24.96
1511180789011,Humidity_1,14.642469224167508
1511180789014,Brightness_1,70.0
1511180789017,Temperature_2,24.49
1511180789019,Humidity_2,15.259068627171624
1511180789021,Brightness_2,74.0
1511180789073,Sound_R,60.7335913923089
1511180794395,Sound_P,61.023021476191225
1511180794399,PodiumIR,85
1511180795739,Temperature_1,24.96
1511180795742,Humidity_1,14.642469224167508
1511180795745,Brightness_1,70.0
1511180795748,Temperature_2,24.49
1511180795749,Humidity_2,15.259068627171624
1511180795752,Brightness_2,74.0
1511180796050,Seat_3,True
1511180796050,Motion_5,False
1511180799073,Sound_R,60.42532096141889
1511180799457,Motion_5,True
1511180802222,Temperature_1,24.96
1511180802225,Humidity_1,14.642469224167508
1511180802235,Brightness_1,70.0
1511180802240,Temperature_2,24.49
1511180802243,Humidity_2,15.259068627171624
1511180802245,Brightness_2,74.0
1511180804401,Sound_P,51.62091662308819
1511180804404,PodiumIR,115
1511180806235,Seat_3,False
1511180808953,Temperature_1,24.96
1511180808956,Humidity_1,14.642469224167508
1511180808960,Brightness_1,70.0
1511180808962,Temperature_2,24.49
1511180808964,Humidity_2,15.259068627171624
1511180808969,Brightness_2,74.0
1511180809073,Sound_R,60.661057840248255
1511180812374,Motion_5,True
1511180814407,Sound_P,57.472817393488484
1511180814410,PodiumIR,103
1511180815430,Temperature_1,24.96
1511180815433,Humidity_1,14.642469224167508
1511180815436,Brightness_1,70.0
1511180815439,Temperature_2,24.49
1511180815440,Humidity_2,15.259068627171624
1511180815445,Brightness_2,74.0
1511180818087,Motion_7,True
1511180819073,Sound_R,59.62859317693443
1511180819443,Motion_6,True
1511180822061,Temperature_1,24.96
1511180822064,Humidity_1,14.642469224167508
1511180822067,Brightness_1,70.0
1511180822069,Temperature_2,24.49
1511180822071,Humidity_2,15.259068627171624
1511180822076,Brightness_2,74.0
1511180824413,Sound_P,54.210802194865956
1511180824416,PodiumIR,97
1511180828490,Temperature_1,24.96
1511180828493,Humidity_1,14.642469224167508
1511180828497,Brightness_1,70.0
1511180828499,Temperature_2,24.49
1511180828501,Humidity_2,15.259068627171624
1511180828503,Brightness_2,74.0
1511180829073,Sound_R,59.303664366245016
1511180834418,Sound_P,51.62091662308819
1511180834422,PodiumIR,92
1511180835174,Temperature_1,24.96
1511180835176,Humidity_1,14.642469224167508
1511180835180,Brightness_1,70.0
1511180835182,Temperature_2,24.49
1511180835184,Humidity_2,15.259068627171624
1511180835188,Brightness_2,74.0
1511180839073,Sound_R,59.142686999227585
1511180840574,Motion_5,False
1511180840574,Motion_7,False
1511180840574,Motion_6,False
1511180840574,Seat_3,False
1511180841580,Temperature_1,24.96
1511180841583,Humidity_1,14.642469224167508
1511180841586,Brightness_1,70.0
1511180841589,Temperature_2,24.49
1511180841591,Humidity_2,15.259068627171624
1511180841596,Brightness_2,74.0
1511180843976,Motion_7,True
1511180844424,Sound_P,54.210802194865956
1511180844427,PodiumIR,89
1511180848255,Temperature_1,24.96
1511180848258,Humidity_1,14.642469224167508
1511180848261,Brightness_1,70.0
1511180848264,Temperature_2,24.49
1511180848265,Humidity_2,15.259068627171624
1511180848268,Brightness_2,74.0
1511180849073,Sound_R,59.129683099067115
1511180854430,Sound_P,51.62091662308819
1511180854433,PodiumIR,87
1511180854933,Temperature_1,24.96
1511180854936,Humidity_1,14.642469224167508
1511180854939,Brightness_1,70.0
1511180854941,Temperature_2,24.49
1511180854944,Humidity_2,15.259068627171624
1511180854945,Brightness_2,74.0
1511180856542,Motion_6,False
1511180856542,Motion_7,True
1511180857808,Motion_1,True
1511180859073,Sound_R,60.63176234339531
1511180860599,Motion_8,True
1511180862212,Temperature_1,24.96
1511180862215,Humidity_1,14.642469224167508
1511180862219,Brightness_1,70.0
1511180862221,Temperature_2,24.49
1511180862223,Humidity_2,15.259068627171624
1511180862225,Brightness_2,74.0
1511180864436,Sound_P,56.45426312235056
1511180864439,PodiumIR,134
1511180868966,Temperature_1,24.96
1511180868969,Humidity_1,14.642469224167508
1511180868973,Brightness_1,70.0
1511180868975,Temperature_2,24.49
1511180868979,Humidity_2,15.259068627171624
1511180868982,Brightness_2,74.0
1511180869073,Sound_R,59.36435415734862
1511180870705,Motion_6,False
1511180870705,Motion_7,False
1511180870705,Motion_1,True
1511180872846,Motion_7,True
1511180872846,Motion_8,False
1511180872846,Motion_6,True
1511180874441,Sound_P,50.159038478285424
1511180874444,PodiumIR,73
1511180875412,Temperature_1,24.96
1511180875415,Humidity_1,14.642469224167508
1511180875419,Brightness_1,70.0
1511180875421,Temperature_2,24.49
1511180875423,Humidity_2,15.259068627171624
1511180875425,Brightness_2,74.0
1511180876968,Motion_8,True
1511180876968,Motion_5,True
1511180879073,Sound_R,58.1677182031481
1511180881884,Temperature_1,24.96
1511180881887,Humidity_1,14.642469224167508
1511180881890,Brightness_1,70.0
1511180881892,Temperature_2,24.49
1511180881894,Humidity_2,15.259068627171624
1511180881899,Brightness_2,74.0
1511180884447,Sound_P,55.369951428718224
1511180884457,PodiumIR,82
1511180885758,Motion_1,False
1511180885758,Motion_7,True
1511180885758,Motion_6,False
1511180888286,Temperature_1,24.96
1511180888288,Humidity_1,14.642469224167508
1511180888292,Brightness_1,70.0
1511180888294,Temperature_2,24.49
1511180888296,Humidity_2,15.259068627171624
1511180888298,Brightness_2,74.0
1511180889073,Sound_R,57.20059397114128
1511180893272,Motion_8,False
1511180893272,Motion_5,False
1511180894464,Sound_P,58.433135904413454
1511180894468,PodiumIR,88
1511180894982,Temperature_1,24.96
1511180894985,Humidity_1,14.642469224167508
1511180894989,Brightness_1,70.0
1511180894991,Temperature_2,24.49
1511180894993,Humidity_2,15.259068627171624
1511180894995,Brightness_2,74.0
1511180899073,Sound_R,57.483907842991904
1511180901623,Temperature_1,24.96
1511180901625,Humidity_1,14.642469224167508
1511180901629,Brightness_1,76.0
1511180901631,Temperature_2,24.49
1511180901635,Humidity_2,15.259068627171624
1511180901639,Brightness_2,74.0
1511180904470,Sound_P,68.0998289029382
1511180904473,PodiumIR,92
1511180908233,Temperature_1,24.96
1511180908236,Humidity_1,14.642469224167508
1511180908239,Brightness_1,76.0
1511180908242,Temperature_2,24.49
1511180908244,Humidity_2,15.259068627171624
1511180908249,Brightness_2,74.0
1511180909073,Sound_R,59.369333813731345
1511180911982,Motion_7,False
1511180911982,Motion_5,False
1511180914238,Motion_5,True
1511180914476,Sound_P,56.45426312235056
1511180914479,PodiumIR,82
1511180914952,Temperature_1,24.96
1511180914955,Humidity_1,14.642469224167508
1511180914958,Brightness_1,76.0
1511180914960,Temperature_2,24.49
1511180914962,Humidity_2,15.259068627171624
1511180914964,Brightness_2,74.0
1511180919073,Sound_R,61.048333510442696
1511180921796,Temperature_1,24.96
1511180921799,Humidity_1,14.642469224167508
1511180921802,Brightness_1,76.0
1511180921804,Temperature_2,24.49
1511180921807,Humidity_2,15.259068627171624
1511180921809,Brightness_2,74.0
1511180924481,Sound_P,50.159038478285424
1511180924484,PodiumIR,83
1511180927135,Motion_7,False
1511180927135,Motion_5,True
1511180928219,Temperature_1,24.96
1511180928222,Humidity_1,14.642469224167508
1511180928226,Brightness_1,76.0
1511180928234,Temperature_2,24.49
1511180928235,Humidity_2,15.259068627171624
1511180928238,Brightness_2,74.0
1511180929073,Sound_R,61.39908574006187
1511180934488,Sound_P,58.433135904413454
1511180934491,PodiumIR,125
1511180935006,Temperature_1,24.96
1511180935009,Humidity_1,14.642469224167508
1511180935013,Brightness_1,76.0
1511180935015,Temperature_2,24.49
1511180935017,Humidity_2,15.259068627171624
1511180935021,Brightness_2,74.0
1511180936375,Motion_7,True
1511180939073,Sound_R,58.89713498733275
1511180941775,Temperature_1,24.96
1511180941779,Humidity_1,14.642469224167508
1511180941782,Brightness_1,76.0
1511180941784,Temperature_2,24.49
1511180941787,Humidity_2,15.259068627171624
1511180941789,Brightness_2,74.0
1511180943089,Motion_5,False
1511180943089,Motion_8,True
1511180943089,Motion_1,True
1511180944184,Motion_4,True
1511180944493,Sound_P,61.023021476191225
1511180944497,PodiumIR,94
1511180945240,Motion_3,True
1511180948196,Temperature_1,24.96
1511180948199,Humidity_1,14.642469224167508
1511180948202,Brightness_1,76.0
1511180948205,Temperature_2,24.49
1511180948207,Humidity_2,15.259068627171624
1511180948212,Brightness_2,74.0
1511180949073,Sound_R,58.6115110697944
1511180954499,Sound_P,61.023021476191225
1511180954503,PodiumIR,94
1511180954620,Temperature_1,24.96
1511180954623,Humidity_1,14.642469224167508
1511180954626,Brightness_1,76.0
1511180954628,Temperature_2,24.49
1511180954630,Humidity_2,15.259068627171624
1511180954632,Brightness_2,74.0
1511180958147,Motion_7,False
1511180958147,Motion_5,False
1511180958147,Motion_8,False
1511180958147,Motion_1,False
1511180958147,Motion_4,False
1511180958147,Motion_3,True
1511180959073,Sound_R,60.33297353484957
1511180961323,Temperature_1,24.96
1511180961326,Humidity_1,14.642469224167508
1511180961329,Brightness_1,70.0
1511180961331,Temperature_2,24.49
1511180961333,Humidity_2,15.259068627171624
1511180961335,Brightness_2,74.0
1511180964505,Sound_P,61.023021476191225
1511180964508,PodiumIR,86
1511180967819,Temperature_1,24.96
1511180967822,Humidity_1,14.642469224167508
1511180967825,Brightness_1,70.0
1511180967827,Temperature_2,24.49
1511180967830,Humidity_2,15.259068627171624
1511180967831,Brightness_2,74.0
1511180969073,Sound_R,60.341013367614515
1511180971058,Motion_3,True
1511180974253,Temperature_1,24.96
1511180974256,Humidity_1,14.642469224167508
1511180974259,Brightness_1,70.0
1511180974262,Temperature_2,24.49
1511180974265,Humidity_2,15.259068627171624
1511180974270,Brightness_2,74.0
1511180974295,Motion_2,True
1511180974511,Sound_P,54.210802194865956
1511180974514,PodiumIR,114
1511180976596,Motion_1,True
1511180976596,Motion_8,True
1511180978047,Motion_7,True
1511180979073,Sound_R,57.39184271233385
1511180981016,Temperature_1,24.96
1511180981019,Humidity_1,14.642469224167508
1511180981022,Brightness_1,70.0
1511180981025,Temperature_2,24.49
1511180981028,Humidity_2,15.259068627171624
1511180981032,Brightness_2,74.0
1511180984516,Sound_P,57.472817393488484
1511180984519,PodiumIR,103
1511180987435,Temperature_1,24.96
1511180987438,Humidity_1,14.642469224167508
1511180987441,Brightness_1,70.0
1511180987443,Temperature_2,24.37
1511180987445,Humidity_2,15.259068627171624
1511180987448,Brightness_2,74.0
1511180989073,Sound_R,55.18420977204346
1511180989518,Motion_3,False
1511180989518,Motion_2,False
1511180989518,Motion_1,True
1511180989518,Motion_8,True
1511180992205,Motion_6,True
1511180992205,Motion_7,True
1511180994092,Temperature_1,24.96
1511180994095,Humidity_1,14.642469224167508
1511180994098,Brightness_1,70.0
1511180994100,Temperature_2,24.37
1511180994102,Humidity_2,15.259068627171624
1511180994104,Brightness_2,74.0
1511180994522,Sound_P,52.96571415471127
1511180994525,PodiumIR,74
1511180999073,Sound_R,56.69872676600031
1511181000490,Temperature_1,24.96
1511181000493,Humidity_1,14.642469224167508
1511181000497,Brightness_1,70.0
1511181000499,Temperature_2,24.37
1511181000501,Humidity_2,15.259068627171624
1511181000503,Brightness_2,74.0
1511181004527,Sound_P,59.341519288975356
1511181004531,PodiumIR,137
1511181007199,Temperature_1,24.96
1511181007202,Humidity_1,14.642469224167508
1511181007205,Brightness_1,70.0
1511181007207,Temperature_2,24.37
1511181007210,Humidity_2,15.259068627171624
1511181007214,Brightness_2,74.0
1511181009073,Sound_R,59.742521552055
1511181013661,Temperature_1,24.96
1511181013664,Humidity_1,14.642469224167508
1511181013667,Brightness_1,70.0
1511181013669,Temperature_2,24.37
1511181013671,Humidity_2,15.259068627171624
1511181013673,Brightness_2,74.0
1511181014533,Sound_P,56.45426312235056
1511181014536,PodiumIR,94
1511181019073,Sound_R,60.40774738933168
1511181020258,Temperature_1,24.96
1511181020261,Humidity_1,14.642469224167508
1511181020264,Brightness_1,70.0
1511181020266,Temperature_2,24.37
1511181020270,Humidity_2,15.259068627171624
1511181020273,Brightness_2,74.0
1511181024539,Sound_P,52.96571415471127
1511181024542,PodiumIR,83
1511181026978,Temperature_1,24.84
1511181026981,Humidity_1,14.765789104768333
1511181026985,Brightness_1,75.0
1511181026987,Temperature_2,24.37
1511181026989,Humidity_2,15.259068627171624
1511181026991,Brightness_2,74.0
1511181029073,Sound_R,57.60087768607847
1511181033630,Temperature_1,24.84
1511181033633,Humidity_1,14.765789104768333
1511181033636,Brightness_1,75.0
1511181033639,Temperature_2,24.37
1511181033641,Humidity_2,15.259068627171624
1511181033642,Brightness_2,74.0
1511181034545,Sound_P,52.96571415471127
1511181034548,PodiumIR,130
1511181039073,Sound_R,55.843361184407456
1511181040070,Temperature_1,24.84
1511181040073,Humidity_1,14.765789104768333
1511181040076,Brightness_1,75.0
1511181040079,Temperature_2,24.37
1511181040082,Humidity_2,15.259068627171624
1511181040086,Brightness_2,74.0
1511181044550,Sound_P,54.210802194865956
1511181044554,PodiumIR,89
1511181046485,Temperature_1,24.84
1511181046488,Humidity_1,14.765789104768333
1511181046491,Brightness_1,75.0
1511181046493,Temperature_2,24.37
1511181046496,Humidity_2,15.259068627171624
1511181046498,Brightness_2,74.0
1511181049073,Sound_R,56.472396555068855
1511181053177,Temperature_1,24.84
1511181053180,Humidity_1,14.765789104768333
1511181053183,Brightness_1,75.0
1511181053186,Temperature_2,24.37
1511181053188,Humidity_2,15.259068627171624
1511181053193,Brightness_2,75.0
1511181054556,Sound_P,48.55773214739296
1511181054559,PodiumIR,95
1511181059073,Sound_R,55.64206760743307
1511181059936,Temperature_1,24.84
1511181059939,Humidity_1,14.765789104768333
1511181059942,Brightness_1,75.0
1511181059944,Temperature_2,24.37
1511181059948,Humidity_2,15.259068627171624
1511181059951,Brightness_2,75.0
1511181064562,Sound_P,54.210802194865956
1511181064565,PodiumIR,68
1511181066372,Temperature_1,24.84
1511181066375,Humidity_1,14.765789104768333
1511181066379,Brightness_1,75.0
1511181066383,Temperature_2,24.37
1511181066387,Humidity_2,15.259068627171624
1511181066390,Brightness_2,75.0
1511181069073,Sound_R,54.12106377246289
1511181073056,Temperature_1,24.84
1511181073059,Humidity_1,14.765789104768333
1511181073062,Brightness_1,75.0
1511181073065,Temperature_2,24.37
1511181073067,Humidity_2,15.259068627171624
1511181073069,Brightness_2,75.0
1511181074567,Sound_P,50.159038478285424
1511181074571,PodiumIR,129
1511181079073,Sound_R,54.59705941124264
1511181079494,Temperature_1,24.84
1511181079497,Humidity_1,14.765789104768333
1511181079500,Brightness_1,75.0
1511181079502,Temperature_2,24.37
1511181079504,Humidity_2,15.259068627171624
1511181079507,Brightness_2,75.0
1511181084573,Sound_P,52.96571415471127
1511181084576,PodiumIR,87
1511181086150,Temperature_1,24.84
1511181086153,Humidity_1,14.642469224167508
1511181086157,Brightness_1,70.0
1511181086159,Temperature_2,24.37
1511181086161,Humidity_2,15.259068627171624
1511181086163,Brightness_2,75.0
1511181089073,Sound_R,53.212307444966314
1511181092564,Temperature_1,24.84
1511181092567,Humidity_1,14.642469224167508
1511181092570,Brightness_1,70.0
1511181092572,Temperature_2,24.37
1511181092574,Humidity_2,15.259068627171624
1511181092579,Brightness_2,75.0
1511181094579,Sound_P,61.023021476191225
1511181094582,PodiumIR,89
1511181097661,Motion_1,False
1511181097661,Motion_8,False
1511181097661,Motion_2,False
1511181097661,Motion_7,False
1511181097661,Motion_6,False
1511181099073,Sound_R,56.572886390427435
1511181099263,Temperature_1,24.84
1511181099266,Humidity_1,14.642469224167508
1511181099270,Brightness_1,70.0
1511181099272,Temperature_2,24.37
1511181099273,Humidity_2,15.259068627171624
1511181099275,Brightness_2,75.0
1511181104584,Sound_P,51.62091662308819
1511181104588,PodiumIR,90
1511181105674,Temperature_1,24.84
1511181105677,Humidity_1,14.642469224167508
1511181105680,Brightness_1,70.0
1511181105683,Temperature_2,24.37
1511181105684,Humidity_2,15.259068627171624
1511181105690,Brightness_2,75.0
1511181109072,Sound_R,60.18219952458377
1511181112171,Temperature_1,24.84
1511181112174,Humidity_1,14.642469224167508
1511181112177,Brightness_1,70.0
1511181112179,Temperature_2,24.37
1511181112181,Humidity_2,15.259068627171624
1511181112184,Brightness_2,74.0
1511181114590,Sound_P,55.369951428718224
1511181114593,PodiumIR,93
1511181118584,Temperature_1,24.84
1511181118587,Humidity_1,14.642469224167508
1511181118591,Brightness_1,70.0
1511181118594,Temperature_2,24.37
1511181118596,Humidity_2,15.259068627171624
1511181118599,Brightness_2,74.0
1511181119073,Sound_R,59.510801419408956
1511181124596,Sound_P,54.210802194865956
1511181124607,PodiumIR,75
1511181125268,Temperature_1,24.84
1511181125271,Humidity_1,14.642469224167508
1511181125274,Brightness_1,70.0
1511181125277,Temperature_2,24.37
1511181125280,Humidity_2,15.259068627171624
1511181125284,Brightness_2,74.0
1511181129073,Sound_R,57.671268687288695
1511181131690,Temperature_1,24.84
1511181131693,Humidity_1,14.642469224167508
1511181131696,Brightness_1,70.0
1511181131699,Temperature_2,24.37
1511181131701,Humidity_2,15.259068627171624
1511181131705,Brightness_2,74.0
1511181134609,Sound_P,55.369951428718224
1511181134613,PodiumIR,91
1511181138151,Temperature_1,24.84
1511181138153,Humidity_1,14.642469224167508
1511181138157,Brightness_1,70.0
1511181138159,Temperature_2,24.37
1511181138161,Humidity_2,15.259068627171624
1511181138163,Brightness_2,74.0
1511181139073,Sound_R,56.56796960591041
1511181144573,Temperature_1,24.84
1511181144576,Humidity_1,14.642469224167508
1511181144580,Brightness_1,70.0
1511181144582,Temperature_2,24.37
1511181144584,Humidity_2,15.259068627171624
1511181144586,Brightness_2,74.0
1511181144615,Sound_P,60.20329792798059
1511181144618,PodiumIR,80
1511181148783,Motion_7,False
1511181148783,Seat_9,True
1511181149073,Sound_R,58.26847811985612
1511181151296,Temperature_1,24.84
1511181151299,Humidity_1,14.765789104768333
1511181151302,Brightness_1,72.0
1511181151304,Temperature_2,24.37
1511181151306,Humidity_2,15.259068627171624
1511181151309,Brightness_2,74.0
1511181154621,Sound_P,51.62091662308819
1511181154624,PodiumIR,125
1511181157935,Temperature_1,24.84
1511181157938,Humidity_1,14.765789104768333
1511181157941,Brightness_1,72.0
1511181157943,Temperature_2,24.37
1511181157945,Humidity_2,15.259068627171624
1511181157950,Brightness_2,74.0
1511181159073,Sound_R,56.81950420306512
1511181164339,Temperature_1,24.84
1511181164342,Humidity_1,14.765789104768333
1511181164346,Brightness_1,72.0
1511181164349,Temperature_2,24.37
1511181164352,Humidity_2,15.259068627171624
1511181164356,Brightness_2,74.0
1511181164626,Sound_P,50.159038478285424
1511181164629,PodiumIR,95
1511181169073,Sound_R,54.40923824384788
1511181171046,Temperature_1,24.84
1511181171049,Humidity_1,14.765789104768333
1511181171053,Brightness_1,72.0
1511181171055,Temperature_2,24.37
1511181171058,Humidity_2,15.259068627171624
1511181171062,Brightness_2,74.0
1511181174631,Sound_P,51.62091662308819
1511181174635,PodiumIR,87
1511181177499,Temperature_1,24.84
1511181177502,Humidity_1,14.765789104768333
1511181177505,Brightness_1,72.0
1511181177508,Temperature_2,24.37
1511181177511,Humidity_2,15.259068627171624
1511181177515,Brightness_2,79.0
1511181179073,Sound_R,54.6923395094473
1511181183945,Temperature_1,24.84
1511181183948,Humidity_1,14.765789104768333
1511181183952,Brightness_1,72.0
1511181183954,Temperature_2,24.37
1511181183956,Humidity_2,15.259068627171624
1511181183958,Brightness_2,79.0
1511181184637,Sound_P,51.62091662308819
1511181184641,PodiumIR,73
1511181189073,Sound_R,55.78741721012873
1511181190410,Temperature_1,24.84
1511181190413,Humidity_1,14.765789104768333
1511181190417,Brightness_1,72.0
1511181190419,Temperature_2,24.37
1511181190421,Humidity_2,15.259068627171624
1511181190427,Brightness_2,79.0
1511181194643,Sound_P,57.472817393488484
1511181194646,PodiumIR,72
1511181197154,Temperature_1,24.84
1511181197157,Humidity_1,14.765789104768333
1511181197161,Brightness_1,72.0
1511181197163,Temperature_2,24.37
1511181197165,Humidity_2,15.259068627171624
1511181197167,Brightness_2,79.0
1511181199073,Sound_R,56.69636325173145
1511181203622,Temperature_1,24.84
1511181203625,Humidity_1,14.765789104768333
1511181203629,Brightness_1,72.0
1511181203631,Temperature_2,24.37
1511181203633,Humidity_2,15.259068627171624
1511181203635,Brightness_2,79.0
1511181204649,Sound_P,52.96571415471127
1511181204652,PodiumIR,83
1511181209073,Sound_R,57.89352271647105
1511181210040,Temperature_1,24.84
1511181210043,Humidity_1,14.765789104768333
1511181210047,Brightness_1,72.0
1511181210049,Temperature_2,24.37
1511181210053,Humidity_2,15.259068627171624
1511181210057,Brightness_2,79.0
1511181214654,Sound_P,51.62091662308819
1511181214657,PodiumIR,92
1511181216591,Temperature_1,24.84
1511181216594,Humidity_1,14.642469224167508
1511181216598,Brightness_1,70.0
1511181216600,Temperature_2,24.37
1511181216602,Humidity_2,15.259068627171624
1511181216604,Brightness_2,79.0
1511181219073,Sound_R,58.50313675725604
1511181219896,Seat_3,True
1511181223062,Temperature_1,24.84
1511181223065,Humidity_1,14.642469224167508
1511181223069,Brightness_1,70.0
1511181223071,Temperature_2,24.37
1511181223073,Humidity_2,15.259068627171624
1511181223078,Brightness_2,79.0
1511181224660,Sound_P,52.96571415471127
1511181224663,PodiumIR,89
1511181229073,Sound_R,57.883746311774196
1511181229528,Temperature_1,24.84
1511181229531,Humidity_1,14.642469224167508
1511181229534,Brightness_1,70.0
1511181229537,Temperature_2,24.37
1511181229539,Humidity_2,15.259068627171624
1511181229541,Brightness_2,79.0
1511181232878,Seat_3,False
1511181232878,Motion_6,True
1511181234666,Sound_P,51.62091662308819
1511181234674,PodiumIR,79
1511181236221,Temperature_1,24.84
1511181236224,Humidity_1,14.642469224167508
1511181236233,Brightness_1,70.0
1511181236240,Temperature_2,24.37
1511181236242,Humidity_2,15.259068627171624
1511181236244,Brightness_2,79.0
1511181239073,Sound_R,56.58793719242231
1511181242928,Temperature_1,24.84
1511181242931,Humidity_1,14.642469224167508
1511181242934,Brightness_1,70.0
1511181242937,Temperature_2,24.37
1511181242941,Humidity_2,15.259068627171624
1511181242945,Brightness_2,79.0
1511181244677,Sound_P,52.96571415471127
1511181244680,PodiumIR,82
1511181249073,Sound_R,55.44673109441365
1511181249351,Temperature_1,24.84
1511181249354,Humidity_1,14.642469224167508
1511181249357,Brightness_1,70.0
1511181249360,Temperature_2,24.37
1511181249362,Humidity_2,15.259068627171624
1511181249364,Brightness_2,79.0
1511181254683,Sound_P,54.210802194865956
1511181254697,PodiumIR,88
1511181256137,Temperature_1,24.84
1511181256140,Humidity_1,14.642469224167508
1511181256143,Brightness_1,70.0
1511181256145,Temperature_2,24.37
1511181256148,Humidity_2,15.259068627171624
1511181256153,Brightness_2,79.0
1511181259073,Sound_R,55.49773818061184
1511181262558,Temperature_1,24.84
1511181262561,Humidity_1,14.642469224167508
1511181262564,Brightness_1,70.0
1511181262567,Temperature_2,24.37
1511181262569,Humidity_2,15.259068627171624
1511181262571,Brightness_2,79.0
1511181264702,Sound_P,55.369951428718224
1511181264705,PodiumIR,91
1511181269073,Sound_R,57.29909717962366
1511181269361,Temperature_1,24.84
1511181269364,Humidity_1,14.642469224167508
1511181269368,Brightness_1,70.0
1511181269370,Temperature_2,24.37
1511181269372,Humidity_2,15.259068627171624
1511181269374,Brightness_2,79.0
1511181274708,Sound_P,61.023021476191225
1511181274711,PodiumIR,110
1511181276004,Temperature_1,24.84
1511181276007,Humidity_1,14.642469224167508
1511181276010,Brightness_1,70.0
1511181276012,Temperature_2,24.37
1511181276015,Humidity_2,15.259068627171624
1511181276018,Brightness_2,79.0
1511181277012,Motion_6,False
1511181277012,Motion_7,True
1511181279073,Sound_R,59.30409325208526
1511181279643,Motion_1,True
1511181279643,Motion_5,True
1511181281004,Motion_8,True
1511181282429,Temperature_1,24.84
1511181282432,Humidity_1,14.642469224167508
1511181282435,Brightness_1,72.0
1511181282437,Temperature_2,24.37
1511181282439,Humidity_2,15.259068627171624
1511181282455,Brightness_2,79.0
1511181282470,Motion_1,True
1511181282470,Motion_3,True
1511181283515,Motion_4,True
1511181284713,Sound_P,54.210802194865956
1511181284716,PodiumIR,92
1511181289073,Sound_R,58.974820230653826
1511181289115,Temperature_1,24.84
1511181289118,Humidity_1,14.642469224167508
1511181289121,Brightness_1,72.0
1511181289123,Temperature_2,24.37
1511181289125,Humidity_2,15.259068627171624
1511181289130,Brightness_2,79.0
1511181293876,Motion_7,False
1511181293876,Motion_6,False
1511181293876,Motion_5,False
1511181293876,Seat_12,True
1511181294719,Sound_P,55.369951428718224
1511181294722,PodiumIR,88
1511181295562,Temperature_1,24.84
1511181295565,Humidity_1,14.642469224167508
1511181295568,Brightness_1,72.0
1511181295570,Temperature_2,24.37
1511181295572,Humidity_2,15.259068627171624
1511181295576,Brightness_2,79.0
1511181299073,Sound_R,58.5416457172945
1511181299479,Motion_1,False
1511181299479,Motion_8,False
1511181299479,Motion_3,False
1511181299479,Motion_4,False
1511181302244,Temperature_1,24.84
1511181302247,Humidity_1,14.642469224167508
1511181302251,Brightness_1,72.0
1511181302253,Temperature_2,24.37
1511181302255,Humidity_2,15.259068627171624
1511181302257,Brightness_2,79.0
1511181304724,Sound_P,57.472817393488484
1511181304728,PodiumIR,117
1511181308783,Temperature_1,24.84
1511181308786,Humidity_1,14.642469224167508
1511181308790,Brightness_1,72.0
1511181308792,Temperature_2,24.37
1511181308794,Humidity_2,15.382388507772458
1511181308796,Brightness_2,74.0
1511181309073,Sound_R,60.03242392667568
1511181314730,Sound_P,54.210802194865956
1511181314734,PodiumIR,93
1511181315226,Temperature_1,24.84
1511181315229,Humidity_1,14.642469224167508
1511181315232,Brightness_1,72.0
1511181315235,Temperature_2,24.37
1511181315237,Humidity_2,15.382388507772458
1511181315241,Brightness_2,74.0
1511181316123,Motion_4,False
1511181319073,Sound_R,61.178021547124125
1511181321880,Temperature_1,24.84
1511181321883,Humidity_1,14.642469224167508
1511181321886,Brightness_1,72.0
1511181321889,Temperature_2,24.37
1511181321891,Humidity_2,15.382388507772458
1511181321893,Brightness_2,74.0
1511181324736,Sound_P,51.62091662308819
1511181324739,PodiumIR,91
1511181328310,Temperature_1,24.84
1511181328313,Humidity_1,14.642469224167508
1511181328317,Brightness_1,72.0
1511181328319,Temperature_2,24.37
1511181328321,Humidity_2,15.382388507772458
1511181328323,Brightness_2,74.0
1511181329039,Seat_12,False
1511181329039,Motion_4,True
1511181329073,Sound_R,61.74474299550794
1511181334742,Sound_P,54.210802194865956
1511181334745,PodiumIR,103
1511181334775,Temperature_1,24.84
1511181334778,Humidity_1,14.642469224167508
1511181334783,Brightness_1,72.0
1511181334785,Temperature_2,24.37
1511181334789,Humidity_2,15.382388507772458
1511181334792,Brightness_2,74.0
1511181339073,Sound_R,59.85091183757302
1511181341661,Temperature_1,24.84
1511181341664,Humidity_1,14.765789104768333
1511181341668,Brightness_1,73.0
1511181341670,Temperature_2,24.37
1511181341672,Humidity_2,15.382388507772458
1511181341674,Brightness_2,74.0
1511181344752,Sound_P,61.80460425887306
1511181344755,PodiumIR,90
1511181348227,Temperature_1,24.84
1511181348236,Humidity_1,14.765789104768333
1511181348240,Brightness_1,73.0
1511181348242,Temperature_2,24.37
1511181348244,Humidity_2,15.382388507772458
1511181348246,Brightness_2,74.0
1511181349073,Sound_R,61.335071173433995
1511181354757,Sound_P,54.210802194865956
1511181354760,PodiumIR,94
1511181354784,Temperature_1,24.84
1511181354788,Humidity_1,14.765789104768333
1511181354792,Brightness_1,73.0
1511181354794,Temperature_2,24.37
1511181354796,Humidity_2,15.382388507772458
1511181354800,Brightness_2,74.0
1511181359073,Sound_R,59.82770841553105
1511181361372,Motion_4,False
1511181361619,Temperature_1,24.84
1511181361622,Humidity_1,14.765789104768333
1511181361625,Brightness_1,73.0
1511181361627,Temperature_2,24.37
1511181361629,Humidity_2,15.382388507772458
1511181361632,Brightness_2,74.0
1511181364763,Sound_P,69.11838317407611
1511181364766,PodiumIR,73
1511181365049,Motion_5,True
1511181365049,Motion_1,True
1511181366154,Motion_7,True
1511181366154,Motion_3,True
1511181366154,Motion_8,True
1511181367690,Motion_6,True
1511181368028,Temperature_1,24.84
1511181368031,Humidity_1,14.765789104768333
1511181368035,Brightness_1,73.0
1511181368037,Temperature_2,24.37
1511181368039,Humidity_2,15.382388507772458
1511181368041,Brightness_2,80.0
1511181369073,Sound_R,56.01408235728085
1511181374443,Temperature_1,24.84
1511181374446,Humidity_1,14.765789104768333
1511181374450,Brightness_1,73.0
1511181374452,Temperature_2,24.37
1511181374454,Humidity_2,15.382388507772458
1511181374459,Brightness_2,80.0
1511181374769,Sound_P,54.210802194865956
1511181374772,PodiumIR,112
1511181379073,Sound_R,59.1675723712269
1511181383936,Temperature_1,24.84
1511181383939,Humidity_1,14.765789104768333
1511181383942,Brightness_1,73.0
1511181383944,Temperature_2,24.37
1511181383948,Humidity_2,15.382388507772458
1511181383952,Brightness_2,80.0
1511181384774,Sound_P,51.62091662308819
1511181384778,PodiumIR,91
1511181389073,Sound_R,57.77472516927122
1511181390377,Temperature_1,24.84
1511181390380,Humidity_1,14.765789104768333
1511181390383,Brightness_1,73.0
1511181390386,Temperature_2,24.37
1511181390388,Humidity_2,15.382388507772458
1511181390393,Brightness_2,80.0
1511181394780,Sound_P,52.96571415471127
1511181394783,PodiumIR,84
1511181397042,Temperature_1,24.84
1511181397045,Humidity_1,14.765789104768333
1511181397049,Brightness_1,73.0
1511181397051,Temperature_2,24.37
1511181397053,Humidity_2,15.382388507772458
1511181397057,Brightness_2,80.0
1511181399073,Sound_R,56.651394869592
1511181403494,Temperature_1,24.84
1511181403497,Humidity_1,14.642469224167508
1511181403500,Brightness_1,72.0
1511181403503,Temperature_2,24.37
1511181403505,Humidity_2,15.382388507772458
1511181403508,Brightness_2,80.0
1511181404786,Sound_P,57.472817393488484
1511181404789,PodiumIR,89
1511181409073,Sound_R,58.64338850777955
1511181409898,Temperature_1,24.84
1511181409901,Humidity_1,14.642469224167508
1511181409905,Brightness_1,72.0
1511181409907,Temperature_2,24.37
1511181409909,Humidity_2,15.382388507772458
1511181409914,Brightness_2,80.0
1511181414791,Sound_P,61.023021476191225
1511181414794,PodiumIR,96
1511181416528,Temperature_1,24.84
1511181416531,Humidity_1,14.642469224167508
1511181416534,Brightness_1,72.0
1511181416537,Temperature_2,24.37
1511181416540,Humidity_2,15.382388507772458
1511181416544,Brightness_2,80.0
1511181419073,Sound_R,61.819845608217186
1511181423265,Temperature_1,24.84
1511181423268,Humidity_1,14.642469224167508
1511181423272,Brightness_1,72.0
1511181423274,Temperature_2,24.37
1511181423276,Humidity_2,15.382388507772458
1511181423278,Brightness_2,80.0
1511181424797,Sound_P,50.159038478285424
1511181424800,PodiumIR,93
1511181429073,Sound_R,63.270935262898426
1511181429709,Temperature_1,24.84
1511181429711,Humidity_1,14.642469224167508
1511181429714,Brightness_1,72.0
1511181429717,Temperature_2,24.37
1511181429719,Humidity_2,15.259068627171624
1511181429721,Brightness_2,79.0
1511181434803,Sound_P,60.20329792798059
1511181434806,PodiumIR,85
1511181436159,Temperature_1,24.84
1511181436162,Humidity_1,14.642469224167508
1511181436166,Brightness_1,72.0
1511181436168,Temperature_2,24.37
1511181436170,Humidity_2,15.259068627171624
1511181436176,Brightness_2,79.0
1511181439073,Sound_R,60.354680014092615
1511181442567,Temperature_1,24.84
1511181442570,Humidity_1,14.642469224167508
1511181442574,Brightness_1,72.0
1511181442576,Temperature_2,24.37
1511181442578,Humidity_2,15.259068627171624
1511181442580,Brightness_2,79.0
1511181444808,Sound_P,57.472817393488484
1511181444812,PodiumIR,81
1511181449073,Sound_R,60.83487622022772
1511181449301,Temperature_1,24.84
1511181449304,Humidity_1,14.642469224167508
1511181449308,Brightness_1,72.0
1511181449310,Temperature_2,24.37
1511181449314,Humidity_2,15.259068627171624
1511181449318,Brightness_2,79.0
1511181454814,Sound_P,52.96571415471127
1511181454817,PodiumIR,97
1511181455719,Temperature_1,24.84
1511181455721,Humidity_1,14.642469224167508
1511181455725,Brightness_1,72.0
1511181455727,Temperature_2,24.37
1511181455729,Humidity_2,15.259068627171624
1511181455735,Brightness_2,79.0
1511181459073,Sound_R,57.363540296653234
1511181462233,Temperature_1,24.84
1511181462235,Humidity_1,14.642469224167508
1511181462239,Brightness_1,72.0
1511181462241,Temperature_2,24.37
1511181462243,Humidity_2,15.259068627171624
1511181462245,Brightness_2,79.0
1511181464820,Sound_P,54.210802194865956
1511181464823,PodiumIR,101
1511181468928,Temperature_1,24.84
1511181468931,Humidity_1,14.765789104768333
1511181468935,Brightness_1,72.0
1511181468937,Temperature_2,24.37
1511181468939,Humidity_2,15.259068627171624
1511181468941,Brightness_2,79.0
1511181469073,Sound_R,53.86909061743995
1511181474826,Sound_P,50.159038478285424
1511181474829,PodiumIR,78
1511181475694,Temperature_1,24.84
1511181475697,Humidity_1,14.765789104768333
1511181475700,Brightness_1,72.0
1511181475703,Temperature_2,24.37
1511181475705,Humidity_2,15.259068627171624
1511181475707,Brightness_2,79.0
1511181479073,Sound_R,56.60927366192808
1511181482144,Temperature_1,24.84
1511181482147,Humidity_1,14.765789104768333
1511181482150,Brightness_1,72.0
1511181482153,Temperature_2,24.37
1511181482155,Humidity_2,15.259068627171624
1511181482157,Brightness_2,79.0
1511181484831,Sound_P,63.26648240367583
1511181484834,PodiumIR,104
1511181488540,Temperature_1,24.84
1511181488543,Humidity_1,14.765789104768333
1511181488546,Brightness_1,72.0
1511181488548,Temperature_2,24.37
1511181488550,Humidity_2,15.259068627171624
1511181488552,Brightness_2,79.0
1511181489073,Sound_R,59.92225938432109
1511181494837,Sound_P,50.159038478285424
1511181494840,PodiumIR,70
1511181494946,Temperature_1,24.84
1511181494949,Humidity_1,14.765789104768333
1511181494952,Brightness_1,72.0
1511181494955,Temperature_2,24.37
1511181494958,Humidity_2,15.259068627171624
1511181494963,Brightness_2,79.0
1511181499073,Sound_R,59.909491316437006
1511181501419,Temperature_1,24.84
1511181501422,Humidity_1,14.765789104768333
1511181501425,Brightness_1,72.0
1511181501428,Temperature_2,24.37
1511181501430,Humidity_2,15.259068627171624
1511181501435,Brightness_2,79.0
1511181504844,Sound_P,52.96571415471127
1511181504847,PodiumIR,86
1511181508180,Temperature_1,24.84
1511181508183,Humidity_1,14.765789104768333
1511181508186,Brightness_1,72.0
1511181508189,Temperature_2,24.37
1511181508191,Humidity_2,15.259068627171624
1511181508193,Brightness_2,79.0
1511181509073,Sound_R,54.74394467605353
1511181514579,Temperature_1,24.84
1511181514582,Humidity_1,14.765789104768333
1511181514585,Brightness_1,72.0
1511181514588,Temperature_2,24.37
1511181514591,Humidity_2,15.259068627171624
1511181514595,Brightness_2,79.0
1511181514856,Sound_P,51.62091662308819
1511181514859,PodiumIR,79
1511181519073,Sound_R,52.2549735768084
1511181521379,Temperature_1,24.84
1511181521382,Humidity_1,14.765789104768333
1511181521385,Brightness_1,72.0
1511181521387,Temperature_2,24.37
1511181521390,Humidity_2,15.259068627171624
1511181521394,Brightness_2,79.0
1511181524867,Sound_P,56.45426312235056
1511181524870,PodiumIR,96
1511181527842,Temperature_1,24.84
1511181527845,Humidity_1,14.765789104768333
1511181527849,Brightness_1,72.0
1511181527851,Temperature_2,24.37
1511181527853,Humidity_2,15.259068627171624
1511181527855,Brightness_2,79.0
1511181529073,Sound_R,54.665936372021825
1511181534267,Temperature_1,24.84
1511181534270,Humidity_1,14.765789104768333
1511181534273,Brightness_1,75.0
1511181534275,Temperature_2,24.37
1511181534278,Humidity_2,15.259068627171624
1511181534280,Brightness_2,79.0
1511181534878,Sound_P,50.159038478285424
1511181534881,PodiumIR,93
1511181539073,Sound_R,55.8164198276123
1511181540926,Temperature_1,24.84
1511181540929,Humidity_1,14.765789104768333
1511181540932,Brightness_1,75.0
1511181540934,Temperature_2,24.37
1511181540937,Humidity_2,15.259068627171624
1511181540939,Brightness_2,79.0
1511181544884,Sound_P,51.62091662308819
1511181544887,PodiumIR,81
1511181547316,Temperature_1,24.84
1511181547319,Humidity_1,14.765789104768333
1511181547322,Brightness_1,75.0
1511181547324,Temperature_2,24.37
1511181547327,Humidity_2,15.259068627171624
1511181547332,Brightness_2,79.0
1511181549073,Sound_R,55.61684392552201
1511181554066,Temperature_1,24.84
1511181554069,Humidity_1,14.765789104768333
1511181554072,Brightness_1,75.0
1511181554075,Temperature_2,24.37
1511181554078,Humidity_2,15.259068627171624
1511181554082,Brightness_2,79.0
1511181554895,Sound_P,51.62091662308819
1511181554898,PodiumIR,107
1511181559073,Sound_R,54.45394440339137
1511181560475,Temperature_1,24.84
1511181560478,Humidity_1,14.765789104768333
1511181560482,Brightness_1,75.0
1511181560484,Temperature_2,24.25
1511181560486,Humidity_2,15.382388507772458
1511181560491,Brightness_2,74.0
1511181564906,Sound_P,54.210802194865956
1511181564918,PodiumIR,86
1511181566888,Temperature_1,24.84
1511181566891,Humidity_1,14.765789104768333
1511181566894,Brightness_1,75.0
1511181566896,Temperature_2,24.25
1511181566898,Humidity_2,15.382388507772458
1511181566902,Brightness_2,74.0
1511181569073,Sound_R,53.538579035509294
1511181573685,Temperature_1,24.84
1511181573688,Humidity_1,14.765789104768333
1511181573691,Brightness_1,75.0
1511181573693,Temperature_2,24.25
1511181573695,Humidity_2,15.382388507772458
1511181573700,Brightness_2,74.0
1511181574927,Sound_P,56.45426312235056
1511181574930,PodiumIR,150
1511181579073,Sound_R,55.0340773329109
1511181580223,Temperature_1,24.84
1511181580226,Humidity_1,14.765789104768333
1511181580235,Brightness_1,75.0
1511181580238,Temperature_2,24.25
1511181580243,Humidity_2,15.382388507772458
1511181580246,Brightness_2,74.0
1511181584933,Sound_P,54.210802194865956
1511181584936,PodiumIR,90
1511181586711,Temperature_1,24.84
1511181586713,Humidity_1,14.765789104768333
1511181586716,Brightness_1,75.0
1511181586719,Temperature_2,24.25
1511181586721,Humidity_2,15.382388507772458
1511181586723,Brightness_2,74.0
1511181589073,Sound_R,58.01009556911233
1511181593128,Temperature_1,24.84
1511181593130,Humidity_1,14.765789104768333
1511181593134,Brightness_1,75.0
1511181593136,Temperature_2,24.25
1511181593138,Humidity_2,15.382388507772458
1511181593143,Brightness_2,74.0
1511181594943,Sound_P,52.96571415471127
1511181594947,PodiumIR,93
1511181599073,Sound_R,59.09504687958228
1511181599834,Temperature_1,24.84
1511181599837,Humidity_1,14.765789104768333
1511181599841,Brightness_1,72.0
1511181599843,Temperature_2,24.25
1511181599845,Humidity_2,15.382388507772458
1511181599850,Brightness_2,74.0
1511181604953,Sound_P,52.96571415471127
1511181604956,PodiumIR,81
1511181606275,Temperature_1,24.84
1511181606278,Humidity_1,14.765789104768333
1511181606282,Brightness_1,72.0
1511181606284,Temperature_2,24.25
1511181606285,Humidity_2,15.382388507772458
1511181606288,Brightness_2,74.0
1511181609073,Sound_R,57.98545149887886
1511181612700,Temperature_1,24.84
1511181612703,Humidity_1,14.765789104768333
1511181612706,Brightness_1,72.0
1511181612708,Temperature_2,24.25
1511181612710,Humidity_2,15.382388507772458
1511181612723,Brightness_2,74.0
1511181614960,Sound_P,52.96571415471127
1511181614963,PodiumIR,92
1511181619073,Sound_R,59.000845597484435
1511181619166,Temperature_1,24.84
1511181619169,Humidity_1,14.765789104768333
1511181619172,Brightness_1,72.0
1511181619174,Temperature_2,24.25
1511181619177,Humidity_2,15.382388507772458
1511181619180,Brightness_2,74.0
1511181624847,Motion_4,False
1511181624847,Motion_5,False
1511181624847,Motion_1,False
1511181624847,Motion_7,False
1511181624847,Motion_3,False
1511181624847,Motion_8,False
1511181624852,Motion_6,False
1511181624970,Sound_P,57.472817393488484
1511181624973,PodiumIR,73
1511181625602,Temperature_1,24.84
1511181625605,Humidity_1,14.765789104768333
1511181625608,Brightness_1,72.0
1511181625611,Temperature_2,24.25
1511181625613,Humidity_2,15.382388507772458
1511181625617,Brightness_2,77.0
1511181629073,Sound_R,59.998240054822354
1511181632219,Temperature_1,24.84
1511181632222,Humidity_1,14.765789104768333
1511181632225,Brightness_1,72.0
1511181632229,Temperature_2,24.25
1511181632236,Humidity_2,15.382388507772458
1511181632239,Brightness_2,77.0
1511181633937,Motion_7,True
1511181634981,Sound_P,51.62091662308819
1511181634985,PodiumIR,102
1511181638914,Temperature_1,24.84
1511181638918,Humidity_1,14.765789104768333
1511181638921,Brightness_1,72.0
1511181638923,Temperature_2,24.25
1511181638925,Humidity_2,15.382388507772458
1511181638930,Brightness_2,77.0
1511181639073,Sound_R,61.48581014189434
1511181644988,Sound_P,51.62091662308819
1511181644991,PodiumIR,90
1511181645575,Temperature_1,24.84
1511181645578,Humidity_1,14.765789104768333
1511181645582,Brightness_1,72.0
1511181645584,Temperature_2,24.25
1511181645586,Humidity_2,15.382388507772458
1511181645588,Brightness_2,77.0
1511181649073,Sound_R,60.467597164602324
1511181652022,Temperature_1,24.84
1511181652025,Humidity_1,14.765789104768333
1511181652028,Brightness_1,72.0
1511181652031,Temperature_2,24.25
1511181652033,Humidity_2,15.382388507772458
1511181652038,Brightness_2,77.0
1511181654998,Sound_P,52.96571415471127
1511181655001,PodiumIR,109
1511181658450,Temperature_1,24.72
1511181658453,Humidity_1,14.765789104768333
1511181658457,Brightness_1,73.0
1511181658459,Temperature_2,24.25
1511181658461,Humidity_2,15.382388507772458
1511181658465,Brightness_2,77.0
1511181659073,Sound_R,57.211686996474064
1511181664976,Temperature_1,24.72
1511181664979,Humidity_1,14.765789104768333
1511181664989,Brightness_1,73.0
1511181664993,Temperature_2,24.25
1511181664995,Humidity_2,15.382388507772458
1511181664997,Brightness_2,77.0
1511181665009,Sound_P,54.210802194865956
1511181665012,PodiumIR,89
1511181669073,Sound_R,56.55969731201674
1511181671700,Temperature_1,24.72
1511181671702,Humidity_1,14.765789104768333
1511181671706,Brightness_1,73.0
1511181671708,Temperature_2,24.25
1511181671710,Humidity_2,15.382388507772458
1511181671712,Brightness_2,77.0
1511181675019,Sound_P,54.210802194865956
1511181675022,PodiumIR,111
1511181678231,Temperature_1,24.72
1511181678236,Humidity_1,14.765789104768333
1511181678239,Brightness_1,73.0
1511181678242,Temperature_2,24.25
1511181678243,Humidity_2,15.382388507772458
1511181678245,Brightness_2,77.0
1511181679073,Sound_R,54.67362249208094
1511181684902,Temperature_1,24.72
1511181684905,Humidity_1,14.765789104768333
1511181684909,Brightness_1,73.0
1511181684911,Temperature_2,24.25
1511181684913,Humidity_2,15.382388507772458
1511181684916,Brightness_2,74.0
1511181685025,Sound_P,51.62091662308819
1511181685028,PodiumIR,91
1511181689073,Sound_R,52.69501915514798
1511181691345,Temperature_1,24.72
1511181691349,Humidity_1,14.765789104768333
1511181691352,Brightness_1,73.0
1511181691354,Temperature_2,24.25
1511181691357,Humidity_2,15.382388507772458
1511181691360,Brightness_2,74.0
1511181695035,Sound_P,55.369951428718224
1511181695038,PodiumIR,125
1511181697799,Temperature_1,24.72
1511181697802,Humidity_1,14.765789104768333
1511181697805,Brightness_1,73.0
1511181697807,Temperature_2,24.25
1511181697809,Humidity_2,15.382388507772458
1511181697814,Brightness_2,74.0
1511181699073,Sound_R,54.89602487132348
1511181704218,Temperature_1,24.72
1511181704221,Humidity_1,14.765789104768333
1511181704224,Brightness_1,73.0
1511181704227,Temperature_2,24.25
1511181704234,Humidity_2,15.382388507772458
1511181704238,Brightness_2,74.0
1511181705046,Sound_P,52.96571415471127
1511181705049,PodiumIR,100
1511181709073,Sound_R,56.1441299680129
1511181711015,Temperature_1,24.72
1511181711018,Humidity_1,14.765789104768333
1511181711022,Brightness_1,73.0
1511181711024,Temperature_2,24.25
1511181711025,Humidity_2,15.382388507772458
1511181711030,Brightness_2,74.0
1511181711198,Motion_6,False
1511181711198,Motion_7,False
1511181715057,Sound_P,54.210802194865956
1511181715060,PodiumIR,91
1511181717488,Temperature_1,24.72
1511181717490,Humidity_1,14.765789104768333
1511181717494,Brightness_1,73.0
1511181717496,Temperature_2,24.25
1511181717498,Humidity_2,15.382388507772458
1511181717503,Brightness_2,74.0
1511181719073,Sound_R,54.36297800172269
1511181724225,Temperature_1,24.84
1511181724229,Humidity_1,14.765789104768333
1511181724235,Brightness_1,73.0
1511181724237,Temperature_2,24.25
1511181724240,Humidity_2,15.382388507772458
1511181724242,Brightness_2,74.0
1511181725063,Sound_P,52.96571415471127
1511181725067,PodiumIR,91
1511181729073,Sound_R,52.8163341408729
1511181730698,Temperature_1,24.84
1511181730700,Humidity_1,14.765789104768333
1511181730703,Brightness_1,73.0
1511181730705,Temperature_2,24.25
1511181730708,Humidity_2,15.382388507772458
1511181730713,Brightness_2,74.0
1511181735074,Sound_P,52.96571415471127
1511181735077,PodiumIR,85
1511181737425,Temperature_1,24.84
1511181737428,Humidity_1,14.765789104768333
1511181737431,Brightness_1,73.0
1511181737433,Temperature_2,24.25
1511181737435,Humidity_2,15.382388507772458
1511181737437,Brightness_2,74.0
1511181739073,Sound_R,53.03219231223827
1511181743902,Temperature_1,24.84
1511181743905,Humidity_1,14.765789104768333
1511181743909,Brightness_1,73.0
1511181743911,Temperature_2,24.25
1511181743915,Humidity_2,15.382388507772458
1511181743918,Brightness_2,74.0
1511181744386,Motion_6,False
1511181744386,Motion_7,False
1511181744386,Seat_9,True
1511181745083,Sound_P,52.96571415471127
1511181745086,PodiumIR,78
1511181749073,Sound_R,53.37581705347511
1511181750498,Temperature_1,24.84
1511181750501,Humidity_1,14.765789104768333
1511181750505,Brightness_1,73.0
1511181750507,Temperature_2,24.25
1511181750509,Humidity_2,15.382388507772458
1511181750515,Brightness_2,77.0
1511181755089,Sound_P,55.369951428718224
1511181755092,PodiumIR,81
1511181756987,Temperature_1,24.84
1511181756990,Humidity_1,14.765789104768333
1511181756993,Brightness_1,73.0
1511181756996,Temperature_2,24.25
1511181756998,Humidity_2,15.382388507772458
1511181757000,Brightness_2,77.0
1511181759073,Sound_R,53.3610773306726
1511181761780,Motion_7,True
1511181761780,Motion_6,True
1511181763450,Temperature_1,24.84
1511181763453,Humidity_1,14.765789104768333
1511181763456,Brightness_1,73.0
1511181763459,Temperature_2,24.25
1511181763461,Humidity_2,15.382388507772458
1511181763463,Brightness_2,77.0
1511181765095,Sound_P,50.159038478285424
1511181765098,PodiumIR,76
1511181769073,Sound_R,54.18608678110194
1511181770105,Temperature_1,24.84
1511181770108,Humidity_1,14.765789104768333
1511181770111,Brightness_1,73.0
1511181770113,Temperature_2,24.25
1511181770115,Humidity_2,15.382388507772458
1511181770120,Brightness_2,77.0
1511181775100,Sound_P,50.159038478285424
1511181775107,PodiumIR,93
1511181776551,Temperature_1,24.84
1511181776554,Humidity_1,14.765789104768333
1511181776558,Brightness_1,73.0
1511181776560,Temperature_2,24.25
1511181776562,Humidity_2,15.382388507772458
1511181776566,Brightness_2,77.0
1511181779073,Sound_R,55.870241131287635
1511181783316,Temperature_1,24.84
1511181783319,Humidity_1,14.765789104768333
1511181783322,Brightness_1,73.0
1511181783324,Temperature_2,24.25
1511181783328,Humidity_2,15.382388507772458
1511181783332,Brightness_2,77.0
1511181785109,Sound_P,57.472817393488484
1511181785113,PodiumIR,92
1511181786804,Motion_7,False
1511181786804,Motion_6,False
1511181789072,Sound_R,55.430691874187396
1511181789957,Temperature_1,24.84
1511181789960,Humidity_1,14.765789104768333
1511181789964,Brightness_1,74.0
1511181789966,Temperature_2,24.25
1511181789968,Humidity_2,15.382388507772458
1511181789973,Brightness_2,77.0
1511181795115,Sound_P,52.96571415471127
1511181795131,PodiumIR,131
1511181796401,Temperature_1,24.84
1511181796404,Humidity_1,14.765789104768333
1511181796408,Brightness_1,74.0
1511181796410,Temperature_2,24.25
1511181796412,Humidity_2,15.382388507772458
1511181796418,Brightness_2,77.0
1511181799073,Sound_R,52.96722242527918
1511181803167,Temperature_1,24.84
1511181803170,Humidity_1,14.765789104768333
1511181803173,Brightness_1,74.0
1511181803175,Temperature_2,24.25
1511181803178,Humidity_2,15.382388507772458
1511181803181,Brightness_2,77.0
1511181805134,Sound_P,56.45426312235056
1511181805138,PodiumIR,92
1511181809073,Sound_R,53.69350787097033
1511181809619,Temperature_1,24.84
1511181809622,Humidity_1,14.765789104768333
1511181809625,Brightness_1,74.0
1511181809627,Temperature_2,24.25
1511181809629,Humidity_2,15.382388507772458
1511181809631,Brightness_2,77.0
1511181815140,Sound_P,52.96571415471127
1511181815144,PodiumIR,99
1511181816219,Temperature_1,24.84
1511181816222,Humidity_1,14.765789104768333
1511181816225,Brightness_1,74.0
1511181816235,Temperature_2,24.25
1511181816238,Humidity_2,15.382388507772458
1511181816241,Brightness_2,77.0
1511181819073,Sound_R,56.08692043612434
1511181822935,Temperature_1,24.84
1511181822939,Humidity_1,14.765789104768333
1511181822942,Brightness_1,74.0
1511181822944,Temperature_2,24.25
1511181822946,Humidity_2,15.382388507772458
1511181822949,Brightness_2,77.0
1511181825147,Sound_P,62.551438321825636
1511181825150,PodiumIR,93
1511181829073,Sound_R,57.83964877369834
1511181829591,Temperature_1,24.84
1511181829594,Humidity_1,14.765789104768333
1511181829597,Brightness_1,74.0
1511181829599,Temperature_2,24.25
1511181829602,Humidity_2,15.382388507772458
1511181829604,Brightness_2,77.0
1511181835157,Sound_P,52.96571415471127
1511181835168,PodiumIR,80
1511181836052,Temperature_1,24.84
1511181836055,Humidity_1,14.765789104768333
1511181836058,Brightness_1,74.0
1511181836060,Temperature_2,24.25
1511181836063,Humidity_2,15.382388507772458
1511181836068,Brightness_2,77.0
1511181839073,Sound_R,60.3375589330873
1511181842463,Temperature_1,24.84
1511181842466,Humidity_1,14.765789104768333
1511181842469,Brightness_1,74.0
1511181842472,Temperature_2,24.25
1511181842473,Humidity_2,15.382388507772458
1511181842475,Brightness_2,77.0
1511181845175,Sound_P,56.45426312235056
1511181845178,PodiumIR,89
1511181848940,Temperature_1,24.72
1511181848943,Humidity_1,14.765789104768333
1511181848947,Brightness_1,75.0
1511181848949,Temperature_2,24.25
1511181848951,Humidity_2,15.382388507772458
1511181848953,Brightness_2,77.0
1511181849073,Sound_R,59.025873304261694
1511181855186,Sound_P,56.45426312235056
1511181855189,PodiumIR,94
1511181855722,Temperature_1,24.72
1511181855725,Humidity_1,14.765789104768333
1511181855729,Brightness_1,75.0
1511181855731,Temperature_2,24.25
1511181855733,Humidity_2,15.382388507772458
1511181855738,Brightness_2,77.0
1511181856281,Motion_6,False
1511181856281,Motion_7,False
1511181859073,Sound_R,54.52106284590669
1511181862223,Temperature_1,24.72
1511181862227,Humidity_1,14.765789104768333
1511181862233,Brightness_1,75.0
1511181862238,Temperature_2,24.25
1511181862241,Humidity_2,15.382388507772458
1511181862243,Brightness_2,77.0
1511181862304,Motion_7,True
1511181865197,Sound_P,52.96571415471127
1511181865201,PodiumIR,120
1511181868642,Temperature_1,24.72
1511181868644,Humidity_1,14.765789104768333
1511181868648,Brightness_1,75.0
1511181868650,Temperature_2,24.25
1511181868652,Humidity_2,15.382388507772458
1511181868654,Brightness_2,77.0
1511181869073,Sound_R,53.96654763859406
1511181875208,Sound_P,52.96571415471127
1511181875212,PodiumIR,87
1511181875230,Temperature_1,24.72
1511181875233,Humidity_1,14.765789104768333
1511181875238,Brightness_1,75.0
1511181875240,Temperature_2,24.25
1511181875242,Humidity_2,15.382388507772458
1511181875247,Brightness_2,74.0
1511181879073,Sound_R,56.48379268656486
1511181881914,Temperature_1,24.72
1511181881917,Humidity_1,14.765789104768333
1511181881920,Brightness_1,75.0
1511181881923,Temperature_2,24.25
1511181881925,Humidity_2,15.382388507772458
1511181881927,Brightness_2,74.0
1511181883045,Motion_6,False
1511181883045,Motion_7,False
1511181885214,Sound_P,51.62091662308819
1511181885218,PodiumIR,87
1511181888328,Temperature_1,24.72
1511181888331,Humidity_1,14.765789104768333
1511181888334,Brightness_1,75.0
1511181888336,Temperature_2,24.25
1511181888339,Humidity_2,15.382388507772458
1511181888341,Brightness_2,74.0
1511181888713,Motion_5,True
1511181888713,Motion_8,True
1511181889073,Sound_R,60.02854767354153
1511181894835,Temperature_1,24.72
1511181894839,Humidity_1,14.765789104768333
1511181894842,Brightness_1,75.0
1511181894844,Temperature_2,24.25
1511181894846,Humidity_2,15.382388507772458
1511181894851,Brightness_2,74.0
1511181895223,Sound_P,50.159038478285424
1511181895227,PodiumIR,98
1511181899073,Sound_R,63.36220844761053
1511181901599,Temperature_1,24.72
1511181901601,Humidity_1,14.765789104768333
1511181901604,Brightness_1,75.0
1511181901607,Temperature_2,24.25
1511181901609,Humidity_2,15.382388507772458
1511181901610,Motion_7,False
1511181901610,Motion_6,False
1511181901610,Motion_5,True
1511181901610,Motion_8,False
1511181901611,Brightness_2,74.0
1511181905229,Sound_P,54.210802194865956
1511181905232,PodiumIR,86
1511181908228,Temperature_1,24.72
1511181908235,Humidity_1,14.765789104768333
1511181908239,Brightness_1,75.0
1511181908241,Temperature_2,24.25
1511181908242,Humidity_2,15.382388507772458
1511181908247,Brightness_2,74.0
1511181909073,Sound_R,65.43720007762668
1511181914522,Motion_5,True
1511181915235,Sound_P,62.551438321825636
1511181915238,PodiumIR,113
1511181919073,Sound_R,64.23747058384949
1511181925241,Sound_P,54.210802194865956
1511181925244,PodiumIR,89
1511181929073,Sound_R,59.26101720314616
1511181931006,Motion_5,False
1511181935246,Sound_P,55.369951428718224
1511181935249,PodiumIR,73
1511181939073,Temperature_1,24.72
1511181939073,Sound_R,58.81279738913486
1511181939076,Humidity_1,14.765789104768333
1511181939080,Brightness_1,75.0
1511181939082,Temperature_2,24.25
1511181939084,Humidity_2,15.382388507772458
1511181939086,Brightness_2,79.0
1511181943907,Motion_5,True
1511181945253,Sound_P,54.210802194865956
1511181945256,PodiumIR,95
1511181945474,Temperature_1,24.72
1511181945477,Humidity_1,14.765789104768333
1511181945480,Brightness_1,75.0
1511181945483,Temperature_2,24.25
1511181945485,Humidity_2,15.382388507772458
1511181945487,Brightness_2,79.0
1511181949073,Sound_R,61.10569861892608
1511181952174,Temperature_1,24.72
1511181952177,Humidity_1,14.765789104768333
1511181952180,Brightness_1,75.0
1511181952182,Temperature_2,24.25
1511181952184,Humidity_2,15.382388507772458
1511181952189,Brightness_2,79.0
1511181955259,Sound_P,55.369951428718224
1511181955262,PodiumIR,70
1511181956804,Motion_5,True
1511181958561,Temperature_1,24.72
1511181958564,Humidity_1,14.765789104768333
1511181958567,Brightness_1,75.0
1511181958569,Temperature_2,24.25
1511181958571,Humidity_2,15.382388507772458
1511181958573,Brightness_2,79.0
1511181959073,Sound_R,59.88101245572875
1511181965264,Sound_P,56.45426312235056
1511181965268,PodiumIR,93
1511181965285,Temperature_1,24.72
1511181965292,Humidity_1,14.765789104768333
1511181965296,Brightness_1,75.0
1511181965298,Temperature_2,24.25
1511181965304,Humidity_2,15.382388507772458
1511181965306,Brightness_2,79.0
1511181966900,Motion_7,True
1511181968796,Motion_6,True
1511181968796,Motion_1,True
1511181968796,Motion_8,True
1511181968801,Motion_5,True
1511181969073,Sound_R,58.49859178244683
1511181972037,Temperature_1,24.72
1511181972040,Humidity_1,14.765789104768333
1511181972044,Brightness_1,75.0
1511181972045,Temperature_2,24.25
1511181972048,Humidity_2,15.382388507772458
1511181972053,Brightness_2,79.0
1511181975270,Sound_P,60.20329792798059
1511181975273,PodiumIR,74
1511181978446,Temperature_1,24.84
1511181978449,Humidity_1,14.765789104768333
1511181978452,Brightness_1,72.0
1511181978454,Temperature_2,24.25
1511181978457,Humidity_2,15.382388507772458
1511181978462,Brightness_2,79.0
1511181979073,Sound_R,59.69267493541156
1511181979812,Motion_7,True
1511181985159,Temperature_1,24.84
1511181985161,Humidity_1,14.765789104768333
1511181985164,Brightness_1,72.0
1511181985167,Temperature_2,24.25
1511181985169,Humidity_2,15.382388507772458
1511181985171,Brightness_2,79.0
1511181985276,Sound_P,54.210802194865956
1511181985279,PodiumIR,92
1511181989073,Sound_R,60.11194173861181
1511181991688,Temperature_1,24.84
1511181991691,Humidity_1,14.765789104768333
1511181991694,Brightness_1,72.0
1511181991696,Temperature_2,24.25
1511181991700,Humidity_2,15.382388507772458
1511181991704,Brightness_2,79.0
1511181995282,Sound_P,51.62091662308819
1511181995285,PodiumIR,79
1511181997496,Motion_6,False
1511181997496,Motion_1,False
1511181997496,Motion_8,False
1511181997496,Motion_5,False
1511181997496,Motion_7,False
1511181998219,Temperature_1,24.84
1511181998222,Humidity_1,14.765789104768333
1511181998225,Brightness_1,72.0
1511181998233,Temperature_2,24.25
1511181998237,Humidity_2,15.382388507772458
1511181998240,Brightness_2,79.0
1511181999073,Sound_R,58.36528090618834
1511182005033,Temperature_1,24.84
1511182005036,Humidity_1,14.765789104768333
1511182005040,Brightness_1,72.0
1511182005042,Temperature_2,24.25
1511182005044,Humidity_2,15.382388507772458
1511182005049,Brightness_2,77.0
1511182005288,Sound_P,55.369951428718224
1511182005291,PodiumIR,83
1511182009073,Sound_R,56.102438332030324
1511182015294,Sound_P,50.159038478285424
1511182015297,PodiumIR,85
1511182019073,Sound_R,56.2116249192785
1511182019723,Motion_6,False
1511182019723,Motion_7,True
1511182025300,Sound_P,51.62091662308819
1511182025303,PodiumIR,95
1511182026481,Temperature_1,24.84
1511182026485,Humidity_1,14.765789104768333
1511182026488,Brightness_1,72.0
1511182026490,Temperature_2,24.25
1511182026492,Humidity_2,15.382388507772458
1511182026497,Brightness_2,77.0
1511182026667,Motion_5,True
1511182029073,Sound_R,58.21050960050055
1511182033184,Temperature_1,24.84
1511182033186,Humidity_1,14.765789104768333
1511182033190,Brightness_1,72.0
1511182033192,Temperature_2,24.25
1511182033194,Humidity_2,15.382388507772458
1511182033196,Brightness_2,77.0
1511182035305,Sound_P,52.96571415471127
1511182035309,PodiumIR,74
1511182039073,Sound_R,57.07873022720913
1511182039573,Motion_6,False
1511182039573,Motion_7,False
1511182039573,Motion_5,True
1511182041715,Motion_7,True
1511182042795,Temperature_1,24.84
1511182042798,Humidity_1,14.765789104768333
1511182042802,Brightness_1,70.0
1511182042803,Temperature_2,24.25
1511182042806,Humidity_2,15.382388507772458
1511182042808,Brightness_2,77.0
1511182045311,Sound_P,55.369951428718224
1511182045314,PodiumIR,91
1511182049073,Sound_R,56.45092754027322
1511182049239,Temperature_1,24.84
1511182049242,Humidity_1,14.765789104768333
1511182049245,Brightness_1,70.0
1511182049247,Temperature_2,24.25
1511182049251,Humidity_2,15.382388507772458
1511182049255,Brightness_2,77.0
1511182055317,Sound_P,54.210802194865956
1511182055320,PodiumIR,91
1511182055532,Motion_5,False
1511182055532,Motion_7,False
1511182055642,Temperature_1,24.84
1511182055645,Humidity_1,14.765789104768333
1511182055649,Brightness_1,70.0
1511182055654,Temperature_2,24.25
1511182055658,Humidity_2,15.382388507772458
1511182055662,Brightness_2,77.0
1511182059073,Sound_R,57.34040794358916
1511182062224,Temperature_1,24.84
1511182062232,Humidity_1,14.765789104768333
1511182062236,Brightness_1,70.0
1511182062240,Temperature_2,24.25
1511182062243,Humidity_2,15.382388507772458
1511182062245,Brightness_2,77.0
1511182065323,Sound_P,51.62091662308819
1511182065326,PodiumIR,99
1511182068424,Motion_5,True
1511182068899,Temperature_1,24.84
1511182068902,Humidity_1,14.765789104768333
1511182068905,Brightness_1,70.0
1511182068908,Temperature_2,24.25
1511182068909,Humidity_2,15.382388507772458
1511182068915,Brightness_2,74.0
1511182069073,Sound_R,56.71393300663494
1511182075328,Sound_P,54.210802194865956
1511182075332,PodiumIR,84
1511182075351,Temperature_1,24.84
1511182075354,Humidity_1,14.765789104768333
1511182075358,Brightness_1,70.0
1511182075360,Temperature_2,24.25
1511182075364,Humidity_2,15.382388507772458
1511182075369,Brightness_2,74.0
1511182079073,Sound_R,58.27113293986329
1511182082121,Temperature_1,24.84
1511182082123,Humidity_1,14.765789104768333
1511182082127,Brightness_1,70.0
1511182082129,Temperature_2,24.25
1511182082131,Humidity_2,15.382388507772458
1511182082136,Brightness_2,74.0
1511182085334,Sound_P,57.472817393488484
1511182085338,PodiumIR,93
1511182088530,Temperature_1,24.84
1511182088533,Humidity_1,14.765789104768333
1511182088536,Brightness_1,70.0
1511182088539,Temperature_2,24.25
1511182088540,Humidity_2,15.382388507772458
1511182088542,Brightness_2,74.0
1511182089073,Sound_R,59.42374014602277
1511182094233,Motion_5,False
1511182095019,Temperature_1,24.84
1511182095022,Humidity_1,14.765789104768333
1511182095025,Brightness_1,70.0
1511182095028,Temperature_2,24.25
1511182095030,Humidity_2,15.382388507772458
1511182095032,Brightness_2,74.0
1511182095340,Sound_P,52.96571415471127
1511182095343,PodiumIR,82
1511182099073,Sound_R,56.66176331460628
1511182101464,Temperature_1,24.84
1511182101467,Humidity_1,14.765789104768333
1511182101471,Brightness_1,70.0
1511182101473,Temperature_2,24.25
1511182101475,Humidity_2,15.382388507772458
1511182101478,Brightness_2,74.0
1511182105346,Sound_P,56.45426312235056
1511182105349,PodiumIR,82
1511182108119,Temperature_1,24.84
1511182108122,Humidity_1,14.765789104768333
1511182108125,Brightness_1,75.0
1511182108128,Temperature_2,24.25
1511182108130,Humidity_2,15.382388507772458
1511182108132,Brightness_2,74.0
1511182109073,Sound_R,54.3280896643703
1511182114520,Temperature_1,24.84
1511182114523,Humidity_1,14.765789104768333
1511182114527,Brightness_1,75.0
1511182114529,Temperature_2,24.25
1511182114531,Humidity_2,15.382388507772458
1511182114533,Brightness_2,74.0
1511182115351,Sound_P,55.369951428718224
1511182115354,PodiumIR,89
1511182119073,Sound_R,55.84040634766793
1511182121227,Temperature_1,24.84
1511182121230,Humidity_1,14.765789104768333
1511182121233,Brightness_1,75.0
1511182121236,Temperature_2,24.25
1511182121238,Humidity_2,15.382388507772458
1511182121243,Brightness_2,74.0
1511182125357,Sound_P,56.45426312235056
1511182125360,PodiumIR,99
1511182127985,Temperature_1,24.84
1511182127989,Humidity_1,14.765789104768333
1511182127992,Brightness_1,75.0
1511182127994,Temperature_2,24.25
1511182127998,Humidity_2,15.382388507772458
1511182128002,Brightness_2,74.0
1511182129073,Sound_R,57.73665781455832
1511182130202,Motion_5,False
1511182134389,Temperature_1,24.84
1511182134392,Humidity_1,14.765789104768333
1511182134395,Brightness_1,75.0
1511182134398,Temperature_2,24.25
1511182134400,Humidity_2,15.382388507772458
1511182134405,Brightness_2,76.0
1511182135363,Sound_P,54.210802194865956
1511182135366,PodiumIR,78
1511182139073,Sound_R,58.206617459460176
1511182141092,Temperature_1,24.84
1511182141095,Humidity_1,14.765789104768333
1511182141099,Brightness_1,75.0
1511182141101,Temperature_2,24.25
1511182141103,Humidity_2,15.382388507772458
1511182141105,Brightness_2,76.0
1511182145369,Sound_P,51.62091662308819
1511182145372,PodiumIR,106
1511182147506,Temperature_1,24.84
1511182147509,Humidity_1,14.765789104768333
1511182147512,Brightness_1,75.0
1511182147514,Temperature_2,24.25
1511182147517,Humidity_2,15.382388507772458
1511182147519,Brightness_2,76.0
1511182149073,Sound_R,58.305890407614065
1511182153995,Temperature_1,24.84
1511182153999,Humidity_1,14.765789104768333
1511182154002,Brightness_1,75.0
1511182154004,Temperature_2,24.25
1511182154006,Humidity_2,15.382388507772458
1511182154011,Brightness_2,76.0
1511182155374,Sound_P,55.369951428718224
1511182155378,PodiumIR,94
1511182159067,Motion_5,False
1511182159073,Sound_R,55.939233204491494
1511182160409,Temperature_1,24.84
1511182160412,Humidity_1,14.765789104768333
1511182160415,Brightness_1,75.0
1511182160418,Temperature_2,24.25
1511182160420,Humidity_2,15.382388507772458
1511182160422,Brightness_2,76.0
1511182165380,Sound_P,55.369951428718224
1511182165383,PodiumIR,119
1511182167172,Temperature_1,24.84
1511182167175,Humidity_1,14.765789104768333
1511182167179,Brightness_1,70.0
1511182167181,Temperature_2,24.25
1511182167183,Humidity_2,15.382388507772458
1511182167185,Brightness_2,76.0
1511182169073,Sound_R,56.103763293526306
1511182173869,Temperature_1,24.84
1511182173871,Humidity_1,14.765789104768333
1511182173875,Brightness_1,70.0
1511182173877,Temperature_2,24.25
1511182173879,Humidity_2,15.382388507772458
1511182173884,Brightness_2,76.0
1511182175386,Sound_P,50.159038478285424
1511182175389,PodiumIR,92
1511182179073,Sound_R,58.14439383378444
1511182180291,Temperature_1,24.84
1511182180294,Humidity_1,14.765789104768333
1511182180298,Brightness_1,70.0
1511182180300,Temperature_2,24.25
1511182180302,Humidity_2,15.382388507772458
1511182180308,Brightness_2,76.0
1511182185392,Sound_P,50.159038478285424
1511182185395,PodiumIR,76
1511182186866,Temperature_1,24.84
1511182186869,Humidity_1,14.765789104768333
1511182186872,Brightness_1,70.0
1511182186875,Temperature_2,24.25
1511182186877,Humidity_2,15.382388507772458
1511182186882,Brightness_2,76.0
1511182189073,Sound_R,56.750267589391086
1511182193322,Temperature_1,24.84
1511182193325,Humidity_1,14.765789104768333
1511182193329,Brightness_1,70.0
1511182193332,Temperature_2,24.25
1511182193335,Humidity_2,15.382388507772458
1511182193339,Brightness_2,74.0
1511182195402,Sound_P,56.45426312235056
1511182195406,PodiumIR,89
1511182199073,Sound_R,56.65722320008313
1511182205408,Sound_P,52.96571415471127
1511182205411,PodiumIR,95
1511182209073,Sound_R,57.433974994862126
1511182214859,Temperature_1,24.84
1511182214862,Humidity_1,14.765789104768333
1511182214865,Brightness_1,70.0
1511182214868,Temperature_2,24.25
1511182214871,Humidity_2,15.382388507772458
1511182214875,Brightness_2,74.0
1511182215414,Sound_P,54.210802194865956
1511182215417,PodiumIR,115
1511182219073,Sound_R,56.58198513879042
1511182221582,Temperature_1,24.84
1511182221585,Humidity_1,14.765789104768333
1511182221588,Brightness_1,70.0
1511182221590,Temperature_2,24.25
1511182221592,Humidity_2,15.382388507772458
1511182221594,Brightness_2,74.0
1511182225425,Sound_P,54.210802194865956
1511182225428,PodiumIR,96
1511182228031,Temperature_1,24.84
1511182228034,Humidity_1,14.765789104768333
1511182228038,Brightness_1,70.0
1511182228040,Temperature_2,24.25
1511182228042,Humidity_2,15.382388507772458
1511182228047,Brightness_2,74.0
1511182229073,Sound_R,54.639717010114616
1511182234462,Temperature_1,24.84
1511182234465,Humidity_1,14.765789104768333
1511182234469,Brightness_1,76.0
1511182234471,Temperature_2,24.25
1511182234473,Humidity_2,15.382388507772458
1511182234475,Brightness_2,74.0
1511182235431,Sound_P,52.96571415471127
1511182235434,PodiumIR,141
1511182239073,Sound_R,54.09625015457318
1511182240879,Temperature_1,24.84
1511182240882,Humidity_1,14.765789104768333
1511182240885,Brightness_1,76.0
1511182240888,Temperature_2,24.25
1511182240890,Humidity_2,15.382388507772458
1511182240892,Brightness_2,74.0
1511182242117,Motion_5,False
1511182245437,Sound_P,55.369951428718224
1511182245440,PodiumIR,93
1511182247599,Temperature_1,24.84
1511182247602,Humidity_1,14.765789104768333
1511182247605,Brightness_1,76.0
1511182247608,Temperature_2,24.25
1511182247610,Humidity_2,15.382388507772458
1511182247612,Brightness_2,74.0
1511182249073,Sound_R,54.71670587336325
1511182254069,Temperature_1,24.84
1511182254072,Humidity_1,14.765789104768333
1511182254075,Brightness_1,76.0
1511182254078,Temperature_2,24.25
1511182254080,Humidity_2,15.382388507772458
1511182254082,Brightness_2,74.0
1511182255442,Sound_P,48.55773214739296
1511182255446,PodiumIR,88
1511182259073,Sound_R,53.739428966412994
1511182260478,Temperature_1,24.84
1511182260481,Humidity_1,14.765789104768333
1511182260484,Brightness_1,76.0
1511182260488,Temperature_2,24.25
1511182260492,Humidity_2,15.382388507772458
1511182260494,Brightness_2,76.0
1511182265457,Sound_P,54.210802194865956
1511182265460,PodiumIR,89
1511182266881,Temperature_1,24.84
1511182266883,Humidity_1,14.765789104768333
1511182266887,Brightness_1,76.0
1511182266889,Temperature_2,24.25
1511182266891,Humidity_2,15.382388507772458
1511182266896,Brightness_2,76.0
1511182269073,Sound_R,55.81583244261986
1511182273610,Temperature_1,24.84
1511182273613,Humidity_1,14.765789104768333
1511182273616,Brightness_1,76.0
1511182273618,Temperature_2,24.25
1511182273620,Humidity_2,15.382388507772458
1511182273622,Brightness_2,76.0
1511182275463,Sound_P,51.62091662308819
1511182275466,PodiumIR,95
1511182279073,Sound_R,58.18800325252209
1511182280051,Temperature_1,24.84
1511182280054,Humidity_1,14.765789104768333
1511182280058,Brightness_1,76.0
1511182280062,Temperature_2,24.25
1511182280065,Humidity_2,15.382388507772458
1511182280067,Brightness_2,76.0
1511182285468,Sound_P,55.369951428718224
1511182285472,PodiumIR,75
1511182286492,Temperature_1,24.84
1511182286495,Humidity_1,14.765789104768333
1511182286498,Brightness_1,76.0
1511182286500,Temperature_2,24.25
1511182286502,Humidity_2,15.382388507772458
1511182286504,Brightness_2,76.0
1511182289073,Sound_R,56.581409828808056
1511182289917,Motion_5,False
1511182293164,Temperature_1,24.72
1511182293167,Humidity_1,14.765789104768333
1511182293170,Brightness_1,73.0
1511182293172,Temperature_2,24.25
1511182293174,Humidity_2,15.382388507772458
1511182293179,Brightness_2,76.0
1511182295474,Sound_P,51.62091662308819
1511182295478,PodiumIR,95
1511182299073,Sound_R,54.85605006335934
1511182299611,Temperature_1,24.72
1511182299613,Humidity_1,14.765789104768333
1511182299617,Brightness_1,73.0
1511182299619,Temperature_2,24.25
1511182299621,Humidity_2,15.382388507772458
1511182299623,Brightness_2,76.0
1511182305480,Sound_P,56.45426312235056
1511182305483,PodiumIR,98
1511182306237,Temperature_1,24.72
1511182306239,Humidity_1,14.765789104768333
1511182306243,Brightness_1,73.0
1511182306245,Temperature_2,24.25
1511182306249,Humidity_2,15.382388507772458
1511182306253,Brightness_2,76.0
1511182309073,Sound_R,53.893768328111776
1511182312922,Temperature_1,24.72
1511182312925,Humidity_1,14.765789104768333
1511182312929,Brightness_1,73.0
1511182312931,Temperature_2,24.25
1511182312933,Humidity_2,15.382388507772458
1511182312935,Brightness_2,76.0
1511182315486,Sound_P,55.369951428718224
1511182315489,PodiumIR,78
1511182317857,Motion_5,False
1511182317862,Motion_5,True
1511182319073,Sound_R,55.26911916879252
1511182319578,Temperature_1,24.72
1511182319582,Humidity_1,14.765789104768333
1511182319585,Brightness_1,73.0
1511182319587,Temperature_2,24.25
1511182319589,Humidity_2,15.382388507772458
1511182319592,Brightness_2,79.0
1511182325492,Sound_P,54.210802194865956
1511182325495,PodiumIR,101
1511182326035,Temperature_1,24.72
1511182326038,Humidity_1,14.765789104768333
1511182326041,Brightness_1,73.0
1511182326043,Temperature_2,24.25
1511182326047,Humidity_2,15.382388507772458
1511182326051,Brightness_2,79.0
1511182329073,Sound_R,56.86067885459939
1511182330764,Motion_5,True
1511182332478,Temperature_1,24.72
1511182332481,Humidity_1,14.765789104768333
1511182332484,Brightness_1,73.0
1511182332487,Temperature_2,24.25
1511182332491,Humidity_2,15.382388507772458
1511182332494,Brightness_2,79.0
1511182335497,Sound_P,61.80460425887306
1511182335500,PodiumIR,84
1511182338944,Temperature_1,24.72
1511182338947,Humidity_1,14.765789104768333
1511182338951,Brightness_1,73.0
1511182338953,Temperature_2,24.25
1511182338955,Humidity_2,15.382388507772458
1511182338957,Brightness_2,79.0
1511182339073,Sound_R,56.838125262531065
1511182339994,Seat_9,True
1511182345395,Temperature_1,24.72
1511182345398,Humidity_1,14.765789104768333
1511182345401,Brightness_1,73.0
1511182345404,Temperature_2,24.25
1511182345405,Humidity_2,15.382388507772458
1511182345408,Brightness_2,79.0
1511182345503,Sound_P,54.210802194865956
1511182345507,PodiumIR,89
1511182346732,Motion_5,False
1511182349073,Sound_R,55.84323233485611
1511182351863,Temperature_1,24.72
1511182351866,Humidity_1,14.765789104768333
1511182351869,Brightness_1,73.0
1511182351871,Temperature_2,24.25
1511182351873,Humidity_2,15.382388507772458
1511182351876,Brightness_2,79.0
1511182355509,Sound_P,52.96571415471127
1511182355512,PodiumIR,75
1511182358289,Temperature_1,24.72
1511182358292,Humidity_1,14.765789104768333
1511182358295,Brightness_1,76.0
1511182358298,Temperature_2,24.25
1511182358300,Humidity_2,15.382388507772458
1511182358302,Brightness_2,79.0
1511182359073,Sound_R,55.83128876254667
1511182364861,Temperature_1,24.72
1511182364863,Humidity_1,14.765789104768333
1511182364867,Brightness_1,76.0
1511182364869,Temperature_2,24.25
1511182364871,Humidity_2,15.382388507772458
1511182364873,Brightness_2,79.0
1511182365515,Sound_P,54.210802194865956
1511182365518,PodiumIR,92
1511182369073,Sound_R,58.346650450184605
1511182372009,Temperature_1,24.72
1511182372012,Humidity_1,14.765789104768333
1511182372015,Brightness_1,76.0
1511182372018,Temperature_2,24.25
1511182372021,Humidity_2,15.382388507772458
1511182372025,Brightness_2,79.0
1511182375520,Sound_P,54.210802194865956
1511182375524,PodiumIR,87
1511182378420,Temperature_1,24.72
1511182378423,Humidity_1,14.765789104768333
1511182378426,Brightness_1,76.0
1511182378429,Temperature_2,24.25
1511182378431,Humidity_2,15.382388507772458
1511182378433,Brightness_2,79.0
1511182379073,Sound_R,58.34012924041008
1511182385257,Temperature_1,24.72
1511182385260,Humidity_1,14.765789104768333
1511182385263,Brightness_1,76.0
1511182385265,Temperature_2,24.25
1511182385268,Humidity_2,15.382388507772458
1511182385273,Brightness_2,74.0
1511182385526,Sound_P,54.210802194865956
1511182385529,PodiumIR,101
1511182389073,Sound_R,55.75814314343362
1511182391991,Temperature_1,24.72
1511182391994,Humidity_1,14.765789104768333
1511182391997,Brightness_1,76.0
1511182392000,Temperature_2,24.25
1511182392002,Humidity_2,15.382388507772458
1511182392007,Brightness_2,74.0
1511182394898,Motion_5,False
1511182395532,Sound_P,60.20329792798059
1511182395535,PodiumIR,84
1511182398397,Temperature_1,24.72
1511182398400,Humidity_1,14.765789104768333
1511182398403,Brightness_1,76.0
1511182398406,Temperature_2,24.25
1511182398408,Humidity_2,15.382388507772458
1511182398410,Brightness_2,74.0
1511182399073,Sound_R,56.882813209947265
1511182405118,Temperature_1,24.72
1511182405121,Humidity_1,14.765789104768333
1511182405124,Brightness_1,76.0
1511182405127,Temperature_2,24.25
1511182405129,Humidity_2,15.382388507772458
1511182405134,Brightness_2,74.0
1511182405538,Sound_P,62.551438321825636
1511182405541,PodiumIR,106
1511182409073,Sound_R,59.00370800435101
1511182411518,Temperature_1,24.72
1511182411521,Humidity_1,14.765789104768333
1511182411524,Brightness_1,76.0
1511182411526,Temperature_2,24.25
1511182411529,Humidity_2,15.382388507772458
1511182411531,Brightness_2,74.0
1511182415543,Sound_P,50.159038478285424
1511182415552,PodiumIR,86
1511182418000,Temperature_1,24.72
1511182418003,Humidity_1,14.765789104768333
1511182418006,Brightness_1,76.0
1511182418009,Temperature_2,24.25
1511182418012,Humidity_2,15.382388507772458
1511182418016,Brightness_2,74.0
1511182419073,Sound_R,57.89074716520983
1511182423929,Motion_5,False
1511182424407,Temperature_1,24.72
1511182424410,Humidity_1,14.765789104768333
1511182424414,Brightness_1,76.0
1511182424416,Temperature_2,24.25
1511182424419,Humidity_2,15.382388507772458
1511182424421,Brightness_2,74.0
1511182425557,Sound_P,55.369951428718224
1511182425560,PodiumIR,133
1511182429073,Sound_R,57.88206533335634
1511182430906,Temperature_1,24.72
1511182430909,Humidity_1,14.765789104768333
1511182430912,Brightness_1,76.0
1511182430915,Temperature_2,24.25
1511182430917,Humidity_2,15.382388507772458
1511182430919,Brightness_2,74.0
1511182435563,Sound_P,54.210802194865956
1511182435566,PodiumIR,92
1511182437662,Temperature_1,24.72
1511182437665,Humidity_1,14.765789104768333
1511182437669,Brightness_1,76.0
1511182437671,Temperature_2,24.25
1511182437673,Humidity_2,15.382388507772458
1511182437675,Brightness_2,74.0
1511182439073,Sound_R,57.10337253615713
1511182444240,Temperature_1,24.72
1511182444242,Humidity_1,14.765789104768333
1511182444246,Brightness_1,76.0
1511182444248,Temperature_2,24.25
1511182444250,Humidity_2,15.382388507772458
1511182444252,Brightness_2,74.0
1511182445568,Sound_P,52.96571415471127
1511182445572,PodiumIR,116
1511182449073,Sound_R,56.68038102715016
1511182450657,Temperature_1,24.72
1511182450660,Humidity_1,14.765789104768333
1511182450663,Brightness_1,76.0
1511182450665,Temperature_2,24.25
1511182450669,Humidity_2,15.382388507772458
1511182450673,Brightness_2,74.0
1511182454385,Motion_5,False
1511182455574,Sound_P,54.210802194865956
1511182455583,PodiumIR,96
1511182457087,Temperature_1,24.72
1511182457090,Humidity_1,14.765789104768333
1511182457093,Brightness_1,76.0
1511182457096,Temperature_2,24.25
1511182457098,Humidity_2,15.382388507772458
1511182457100,Brightness_2,74.0
1511182459073,Sound_R,56.88460867975513
1511182463781,Temperature_1,24.72
1511182463784,Humidity_1,14.765789104768333
1511182463787,Brightness_1,76.0
1511182463789,Temperature_2,24.25
1511182463792,Humidity_2,15.382388507772458
1511182463794,Brightness_2,74.0
1511182465588,Sound_P,63.95233273361063
1511182465591,PodiumIR,57
1511182469073,Sound_R,57.60789333894499
1511182470224,Temperature_1,24.72
1511182470231,Humidity_1,14.765789104768333
1511182470235,Brightness_1,76.0
1511182470237,Temperature_2,24.25
1511182470241,Humidity_2,15.382388507772458
1511182470244,Brightness_2,74.0
1511182475594,Sound_P,51.62091662308819
1511182475597,PodiumIR,84
1511182477181,Temperature_1,24.72
1511182477184,Humidity_1,14.765789104768333
1511182477187,Brightness_1,76.0
1511182477190,Temperature_2,24.25
1511182477191,Humidity_2,15.382388507772458
1511182477196,Brightness_2,74.0
1511182479073,Sound_R,58.261161044145865
1511182483635,Temperature_1,24.72
1511182483638,Humidity_1,14.765789104768333
1511182483641,Brightness_1,72.0
1511182483643,Temperature_2,24.25
1511182483645,Humidity_2,15.382388507772458
1511182483648,Brightness_2,74.0
1511182485599,Sound_P,50.159038478285424
1511182485603,PodiumIR,79
1511182489073,Sound_R,57.23529238149334
1511182490234,Temperature_1,24.72
1511182490237,Humidity_1,14.765789104768333
1511182490241,Brightness_1,72.0
1511182490243,Temperature_2,24.25
1511182490245,Humidity_2,15.382388507772458
1511182490250,Brightness_2,74.0
1511182495605,Sound_P,60.20329792798059
1511182495608,PodiumIR,92
1511182497067,Temperature_1,24.72
1511182497071,Humidity_1,14.765789104768333
1511182497074,Brightness_1,72.0
1511182497076,Temperature_2,24.25
1511182497078,Humidity_2,15.382388507772458
1511182497080,Brightness_2,74.0
1511182499073,Sound_R,56.38453695622044
1511182503806,Temperature_1,24.72
1511182503809,Humidity_1,14.765789104768333
1511182503812,Brightness_1,72.0
1511182503815,Temperature_2,24.25
1511182503818,Humidity_2,15.382388507772458
1511182503822,Brightness_2,74.0
1511182505611,Sound_P,51.62091662308819
1511182505614,PodiumIR,85
1511182509073,Sound_R,55.701260504687376
1511182510229,Temperature_1,24.72
1511182510237,Humidity_1,14.765789104768333
1511182510240,Brightness_1,72.0
1511182510251,Temperature_2,24.25
1511182510255,Humidity_2,15.382388507772458
1511182510257,Brightness_2,80.0
1511182515617,Sound_P,54.210802194865956
1511182515620,PodiumIR,123
1511182516667,Temperature_1,24.72
1511182516670,Humidity_1,14.765789104768333
1511182516673,Brightness_1,72.0
1511182516676,Temperature_2,24.25
1511182516678,Humidity_2,15.382388507772458
1511182516681,Brightness_2,80.0
1511182519073,Sound_R,55.14569260969452
1511182523373,Temperature_1,24.72
1511182523376,Humidity_1,14.765789104768333
1511182523380,Brightness_1,72.0
1511182523382,Temperature_2,24.25
1511182523384,Humidity_2,15.382388507772458
1511182523386,Brightness_2,80.0
1511182525623,Sound_P,52.96571415471127
1511182525626,PodiumIR,90
1511182527499,Motion_5,False
1511182529073,Sound_R,55.808090409998776
1511182530118,Temperature_1,24.72
1511182530121,Humidity_1,14.765789104768333
1511182530124,Brightness_1,72.0
1511182530127,Temperature_2,24.25
1511182530129,Humidity_2,15.382388507772458
1511182530131,Brightness_2,80.0
1511182535629,Sound_P,57.472817393488484
1511182535633,PodiumIR,90
1511182536542,Temperature_1,24.72
1511182536545,Humidity_1,14.765789104768333
1511182536549,Brightness_1,72.0
1511182536551,Temperature_2,24.25
1511182536553,Humidity_2,15.382388507772458
1511182536558,Brightness_2,80.0
1511182539073,Sound_R,57.50230339105503
1511182543443,Temperature_1,24.72
1511182543446,Humidity_1,14.765789104768333
1511182543450,Brightness_1,72.0
1511182543452,Temperature_2,24.25
1511182543454,Humidity_2,15.382388507772458
1511182543456,Brightness_2,80.0
1511182545635,Sound_P,52.96571415471127
1511182545639,PodiumIR,98
1511182549073,Sound_R,57.589399022553614
1511182549995,Temperature_1,24.72
1511182549998,Humidity_1,14.765789104768333
1511182550001,Brightness_1,70.0
1511182550004,Temperature_2,24.25
1511182550006,Humidity_2,15.382388507772458
1511182550009,Brightness_2,80.0
1511182551432,Motion_5,False
1511182554413,Motion_7,True
1511182555574,Motion_4,True
1511182555574,Motion_6,True
1511182555641,Sound_P,50.159038478285424
1511182555644,PodiumIR,82
1511182556434,Temperature_1,24.72
1511182556437,Humidity_1,14.765789104768333
1511182556440,Brightness_1,70.0
1511182556442,Temperature_2,24.25
1511182556444,Humidity_2,15.382388507772458
1511182556447,Brightness_2,80.0
1511182557695,Motion_8,True
1511182557695,Motion_2,True
1511182557695,Motion_1,True
1511182559073,Sound_R,56.99372146683894
1511182562905,Temperature_1,24.72
1511182562908,Humidity_1,14.765789104768333
1511182562911,Brightness_1,70.0
1511182562913,Temperature_2,24.25
1511182562915,Humidity_2,15.382388507772458
1511182562926,Brightness_2,80.0
1511182565647,Sound_P,52.96571415471127
1511182565650,PodiumIR,89
1511182567325,Motion_5,False
1511182567325,Motion_7,True
1511182569073,Sound_R,56.68387686344772
1511182569116,Motion_4,False
1511182569116,Motion_6,True
1511182569116,Motion_5,True
1511182569439,Temperature_1,24.72
1511182569442,Humidity_1,14.765789104768333
1511182569445,Brightness_1,70.0
1511182569448,Temperature_2,24.25
1511182569450,Humidity_2,15.382388507772458
1511182569454,Brightness_2,80.0
1511182571492,Motion_2,False
1511182571492,Motion_1,True
1511182575652,Sound_P,56.45426312235056
1511182575656,PodiumIR,93
1511182575845,Temperature_1,24.72
1511182575849,Humidity_1,14.765789104768333
1511182575852,Brightness_1,70.0
1511182575854,Temperature_2,24.13
1511182575856,Humidity_2,15.382388507772458
1511182575858,Brightness_2,74.0
1511182579073,Sound_R,57.500042178198015
1511182580222,Motion_8,False
1511182580222,Motion_7,True
1511182582255,Temperature_1,24.72
1511182582258,Humidity_1,14.765789104768333
1511182582261,Brightness_1,70.0
1511182582264,Temperature_2,24.13
1511182582267,Humidity_2,15.382388507772458
1511182582271,Brightness_2,74.0
1511182585658,Sound_P,55.369951428718224
1511182585661,PodiumIR,87
1511182588697,Temperature_1,24.72
1511182588700,Humidity_1,14.765789104768333
1511182588703,Brightness_1,70.0
1511182588706,Temperature_2,24.13
1511182588710,Humidity_2,15.382388507772458
1511182588714,Brightness_2,74.0
1511182589073,Sound_R,58.59310969818036
1511182592844,Motion_6,False
1511182592849,Motion_5,False
1511182592849,Motion_1,False
1511182592849,Motion_6,True
1511182592849,Motion_7,True
1511182595664,Sound_P,51.62091662308819
1511182595667,PodiumIR,92
1511182599073,Sound_R,58.16987611723647
1511182605670,Sound_P,54.210802194865956
1511182605673,PodiumIR,82
1511182609073,Sound_R,57.28026513364771
1511182610228,Temperature_1,24.72
1511182610236,Humidity_1,14.765789104768333
1511182610240,Brightness_1,70.0
1511182610242,Temperature_2,24.13
1511182610244,Humidity_2,15.382388507772458
1511182610246,Brightness_2,74.0
1511182615675,Sound_P,50.159038478285424
1511182615679,PodiumIR,83
1511182616676,Temperature_1,24.72
1511182616679,Humidity_1,14.765789104768333
1511182616682,Brightness_1,75.0
1511182616685,Temperature_2,24.13
1511182616687,Humidity_2,15.382388507772458
1511182616692,Brightness_2,74.0
1511182619073,Sound_R,58.194167228864615
1511182623418,Temperature_1,24.72
1511182623421,Humidity_1,14.765789104768333
1511182623425,Brightness_1,75.0
1511182623427,Temperature_2,24.13
1511182623429,Humidity_2,15.382388507772458
1511182623431,Brightness_2,74.0
1511182625681,Sound_P,55.369951428718224
1511182625684,PodiumIR,95
1511182629073,Sound_R,58.573405018449535
1511182629855,Temperature_1,24.72
1511182629858,Humidity_1,14.765789104768333
1511182629862,Brightness_1,75.0
1511182629864,Temperature_2,24.13
1511182629866,Humidity_2,15.382388507772458
1511182629871,Brightness_2,74.0
1511182635687,Sound_P,54.210802194865956
1511182635690,PodiumIR,76
1511182636296,Temperature_1,24.72
1511182636299,Humidity_1,14.765789104768333
1511182636302,Brightness_1,75.0
1511182636304,Temperature_2,24.13
1511182636307,Humidity_2,15.382388507772458
1511182636312,Brightness_2,74.0
1511182639073,Sound_R,55.444836164558495
1511182645693,Sound_P,58.433135904413454
1511182645696,PodiumIR,87
1511182645717,Temperature_1,24.72
1511182645720,Humidity_1,14.765789104768333
1511182645727,Brightness_1,75.0
1511182645729,Temperature_2,24.13
1511182645731,Humidity_2,15.382388507772458
1511182645733,Brightness_2,74.0
1511182649073,Sound_R,54.239786215793906
1511182652129,Temperature_1,24.72
1511182652132,Humidity_1,14.765789104768333
1511182652135,Brightness_1,75.0
1511182652138,Temperature_2,24.13
1511182652140,Humidity_2,15.382388507772458
1511182652142,Brightness_2,74.0
1511182655709,Sound_P,50.159038478285424
1511182655712,PodiumIR,90
1511182658537,Temperature_1,24.72
1511182658540,Humidity_1,14.765789104768333
1511182658543,Brightness_1,75.0
1511182658545,Temperature_2,24.13
1511182658548,Humidity_2,15.382388507772458
1511182658550,Brightness_2,74.0
1511182659073,Sound_R,54.51823066073333
1511182665004,Temperature_1,24.72
1511182665007,Humidity_1,14.765789104768333
1511182665010,Brightness_1,75.0
1511182665013,Temperature_2,24.13
1511182665016,Humidity_2,15.382388507772458
1511182665020,Brightness_2,74.0
1511182665714,Sound_P,51.62091662308819
1511182665718,PodiumIR,107
1511182669073,Sound_R,56.540130772840655
1511182671761,Temperature_1,24.72
1511182671764,Humidity_1,14.765789104768333
1511182671768,Brightness_1,75.0
1511182671770,Temperature_2,24.13
1511182671772,Humidity_2,15.382388507772458
1511182671774,Brightness_2,74.0
1511182675720,Sound_P,55.369951428718224
1511182675723,PodiumIR,95
1511182678155,Temperature_1,24.72
1511182678158,Humidity_1,14.765789104768333
1511182678161,Brightness_1,72.0
1511182678164,Temperature_2,24.13
1511182678166,Humidity_2,15.382388507772458
1511182678171,Brightness_2,74.0
1511182679073,Sound_R,60.04514863417459
1511182684569,Temperature_1,24.72
1511182684571,Humidity_1,14.765789104768333
1511182684575,Brightness_1,72.0
1511182684577,Temperature_2,24.13
1511182684579,Humidity_2,15.382388507772458
1511182684583,Brightness_2,74.0
1511182685726,Sound_P,54.210802194865956
1511182685729,PodiumIR,88
1511182689073,Sound_R,61.6050776193237
1511182691297,Temperature_1,24.72
1511182691300,Humidity_1,14.765789104768333
1511182691303,Brightness_1,72.0
1511182691305,Temperature_2,24.13
1511182691307,Humidity_2,15.382388507772458
1511182691313,Brightness_2,74.0
1511182695732,Sound_P,52.96571415471127
1511182695735,PodiumIR,81
1511182697960,Temperature_1,24.72
1511182697963,Humidity_1,14.765789104768333
1511182697966,Brightness_1,72.0
1511182697969,Temperature_2,24.13
1511182697972,Humidity_2,15.382388507772458
1511182697976,Brightness_2,74.0
1511182699073,Sound_R,62.54075532695854
1511182704397,Temperature_1,24.72
1511182704400,Humidity_1,14.765789104768333
1511182704403,Brightness_1,72.0
1511182704405,Temperature_2,24.13
1511182704408,Humidity_2,15.382388507772458
1511182704412,Brightness_2,74.0
1511182705738,Sound_P,52.96571415471127
1511182705741,PodiumIR,90
1511182706349,Motion_6,False
1511182706349,Motion_7,False
1511182709073,Sound_R,59.32318842225313
1511182711282,Temperature_1,24.72
1511182711284,Humidity_1,14.765789104768333
1511182711288,Brightness_1,72.0
1511182711290,Temperature_2,24.13
1511182711292,Humidity_2,15.382388507772458
1511182711298,Brightness_2,74.0
1511182715743,Sound_P,56.45426312235056
1511182715747,PodiumIR,76
1511182717921,Temperature_1,24.72
1511182717924,Humidity_1,14.765789104768333
1511182717927,Brightness_1,72.0
1511182717929,Temperature_2,24.13
1511182717932,Humidity_2,15.382388507772458
1511182717934,Brightness_2,74.0
1511182719073,Sound_R,55.66485003696946
1511182724353,Temperature_1,24.72
1511182724357,Humidity_1,14.765789104768333
1511182724360,Brightness_1,72.0
1511182724362,Temperature_2,24.13
1511182724365,Humidity_2,15.382388507772458
1511182724367,Brightness_2,74.0
1511182725749,Sound_P,52.96571415471127
1511182725752,PodiumIR,90
1511182729073,Sound_R,57.43058207978302
1511182730752,Temperature_1,24.72
1511182730755,Humidity_1,14.765789104768333
1511182730758,Brightness_1,72.0
1511182730760,Temperature_2,24.13
1511182730762,Humidity_2,15.382388507772458
1511182730766,Brightness_2,74.0
1511182735754,Sound_P,51.62091662308819
1511182735768,PodiumIR,78
1511182737480,Temperature_1,24.72
1511182737482,Humidity_1,14.765789104768333
1511182737486,Brightness_1,72.0
1511182737488,Temperature_2,24.13
1511182737490,Humidity_2,15.382388507772458
1511182737492,Brightness_2,74.0
1511182739073,Sound_R,61.3273413181588
1511182743932,Temperature_1,24.72
1511182743935,Humidity_1,14.765789104768333
1511182743938,Brightness_1,70.0
1511182743940,Temperature_2,24.13
1511182743942,Humidity_2,15.382388507772458
1511182743947,Brightness_2,74.0
1511182745772,Sound_P,54.210802194865956
1511182745776,PodiumIR,90
1511182749073,Sound_R,59.95580042090105
1511182750368,Temperature_1,24.72
1511182750371,Humidity_1,14.765789104768333
1511182750374,Brightness_1,70.0
1511182750377,Temperature_2,24.13
1511182750379,Humidity_2,15.382388507772458
1511182750383,Brightness_2,74.0
1511182755783,Sound_P,51.62091662308819
1511182755793,PodiumIR,88
1511182756771,Temperature_1,24.72
1511182756774,Humidity_1,14.765789104768333
1511182756778,Brightness_1,70.0
1511182756780,Temperature_2,24.13
1511182756782,Humidity_2,15.382388507772458
1511182756784,Brightness_2,74.0
1511182759073,Sound_R,57.1167827156092
1511182763497,Temperature_1,24.72
1511182763500,Humidity_1,14.765789104768333
1511182763503,Brightness_1,70.0
1511182763506,Temperature_2,24.13
1511182763508,Humidity_2,15.382388507772458
1511182763513,Brightness_2,74.0
1511182765795,Sound_P,52.96571415471127
1511182765799,PodiumIR,141
1511182769073,Sound_R,60.14307886479887
1511182769942,Temperature_1,24.72
1511182769944,Humidity_1,14.765789104768333
1511182769948,Brightness_1,70.0
1511182769950,Temperature_2,24.13
1511182769952,Humidity_2,15.382388507772458
1511182769957,Brightness_2,74.0
1511182775801,Sound_P,51.62091662308819
1511182775804,PodiumIR,87
1511182776416,Temperature_1,24.72
1511182776419,Humidity_1,14.765789104768333
1511182776422,Brightness_1,70.0
1511182776424,Temperature_2,24.13
1511182776427,Humidity_2,15.382388507772458
1511182776429,Brightness_2,74.0
1511182779073,Sound_R,60.21957092693054
1511182783048,Temperature_1,24.72
1511182783051,Humidity_1,14.765789104768333
1511182783055,Brightness_1,70.0
1511182783057,Temperature_2,24.13
1511182783061,Humidity_2,15.382388507772458
1511182783064,Brightness_2,74.0
1511182785807,Sound_P,58.433135904413454
1511182785810,PodiumIR,74
1511182789073,Sound_R,60.19703885906648
1511182789712,Temperature_1,24.72
1511182789715,Humidity_1,14.765789104768333
1511182789718,Brightness_1,70.0
1511182789720,Temperature_2,24.13
1511182789722,Humidity_2,15.382388507772458
1511182789725,Brightness_2,74.0
1511182795813,Sound_P,50.159038478285424
1511182795816,PodiumIR,95
1511182796223,Temperature_1,24.72
1511182796226,Humidity_1,14.765789104768333
1511182796234,Brightness_1,70.0
1511182796237,Temperature_2,24.13
1511182796239,Humidity_2,15.382388507772458
1511182796241,Brightness_2,74.0
1511182797523,Motion_6,False
1511182799073,Sound_R,61.41344408395246
1511182802740,Temperature_1,24.72
1511182802743,Humidity_1,14.765789104768333
1511182802746,Brightness_1,70.0
1511182802748,Temperature_2,24.13
1511182802751,Humidity_2,15.382388507772458
1511182802755,Brightness_2,74.0
1511182805818,Sound_P,55.369951428718224
1511182805822,PodiumIR,78
1511182809073,Sound_R,57.65754569273937
1511182809151,Temperature_1,24.72
1511182809154,Humidity_1,14.765789104768333
1511182809158,Brightness_1,70.0
1511182809162,Temperature_2,24.13
1511182809165,Humidity_2,15.382388507772458
1511182809168,Brightness_2,74.0
1511182815824,Sound_P,56.45426312235056
1511182815827,PodiumIR,80
1511182815847,Temperature_1,24.72
1511182815850,Humidity_1,14.765789104768333
1511182815854,Brightness_1,70.0
1511182815856,Temperature_2,24.13
1511182815858,Humidity_2,15.382388507772458
1511182815864,Brightness_2,74.0
1511182819073,Sound_R,59.44270161030749
1511182822269,Temperature_1,24.72
1511182822272,Humidity_1,14.765789104768333
1511182822275,Brightness_1,70.0
1511182822278,Temperature_2,24.13
1511182822280,Humidity_2,15.382388507772458
1511182822282,Brightness_2,74.0
1511182825830,Sound_P,58.433135904413454
1511182825833,PodiumIR,74
1511182829061,Temperature_1,24.72
1511182829064,Humidity_1,14.765789104768333
1511182829068,Brightness_1,70.0
1511182829070,Temperature_2,24.13
1511182829072,Humidity_2,15.505708388373282
1511182829073,Sound_R,62.88114077901485
1511182829076,Brightness_2,73.0
1511182835474,Temperature_1,24.72
1511182835477,Humidity_1,14.765789104768333
1511182835480,Brightness_1,70.0
1511182835483,Temperature_2,24.13
1511182835485,Humidity_2,15.505708388373282
1511182835487,Brightness_2,73.0
1511182835838,Sound_P,52.96571415471127
1511182835841,PodiumIR,81
1511182839073,Sound_R,61.74177784740417
1511182842043,Temperature_1,24.72
1511182842046,Humidity_1,14.765789104768333
1511182842049,Brightness_1,70.0
1511182842052,Temperature_2,24.13
1511182842054,Humidity_2,15.505708388373282
1511182842056,Brightness_2,73.0
1511182845844,Sound_P,52.96571415471127
1511182845847,PodiumIR,57
1511182848460,Temperature_1,24.72
1511182848463,Humidity_1,14.765789104768333
1511182848466,Brightness_1,70.0
1511182848469,Temperature_2,24.13
1511182848471,Humidity_2,15.505708388373282
1511182848475,Brightness_2,73.0
1511182849073,Sound_R,60.33107608514312
1511182855139,Temperature_1,24.72
1511182855142,Humidity_1,14.765789104768333
1511182855145,Brightness_1,70.0
1511182855148,Temperature_2,24.13
1511182855150,Humidity_2,15.505708388373282
1511182855152,Brightness_2,73.0
1511182855850,Sound_P,55.369951428718224
1511182855853,PodiumIR,92
1511182859073,Sound_R,60.378135234655964
1511182861553,Temperature_1,24.72
1511182861556,Humidity_1,14.765789104768333
1511182861560,Brightness_1,70.0
1511182861562,Temperature_2,24.13
1511182861564,Humidity_2,15.505708388373282
1511182861566,Brightness_2,73.0
1511182865855,Sound_P,61.023021476191225
1511182865859,PodiumIR,82
1511182868223,Temperature_1,24.72
1511182868225,Humidity_1,14.765789104768333
1511182868237,Brightness_1,76.0
1511182868241,Temperature_2,24.13
1511182868244,Humidity_2,15.505708388373282
1511182868249,Brightness_2,73.0
1511182869073,Sound_R,61.555507600893066
1511182874905,Temperature_1,24.72
1511182874908,Humidity_1,14.765789104768333
1511182874912,Brightness_1,76.0
1511182874914,Temperature_2,24.13
1511182874916,Humidity_2,15.505708388373282
1511182874920,Brightness_2,73.0
1511182875861,Sound_P,55.369951428718224
1511182875864,PodiumIR,79
1511182879073,Sound_R,58.97715324128179
1511182881559,Temperature_1,24.72
1511182881562,Humidity_1,14.765789104768333
1511182881565,Brightness_1,76.0
1511182881566,Temperature_2,24.13
1511182881569,Humidity_2,15.505708388373282
1511182881573,Brightness_2,73.0
1511182885867,Sound_P,51.62091662308819
1511182885870,PodiumIR,88
1511182887974,Temperature_1,24.72
1511182887977,Humidity_1,14.765789104768333
1511182887980,Brightness_1,76.0
1511182887982,Temperature_2,24.13
1511182887984,Humidity_2,15.505708388373282
1511182887987,Brightness_2,73.0
1511182889073,Sound_R,56.61225791666457
1511182889567,Motion_6,False
1511182889567,Motion_7,True
1511182891033,Motion_6,True
1511182891038,Motion_8,True
1511182891038,Motion_5,True
1511182891038,Motion_1,True
1511182894396,Temperature_1,24.72
1511182894399,Humidity_1,14.765789104768333
1511182894402,Brightness_1,76.0
1511182894404,Temperature_2,24.13
1511182894407,Humidity_2,15.382388507772458
1511182894412,Brightness_2,75.0
1511182895873,Sound_P,51.62091662308819
1511182895876,PodiumIR,83
1511182896256,Motion_4,True
1511182899073,Sound_R,57.70624151332181
1511182901015,Temperature_1,24.72
1511182901018,Humidity_1,14.765789104768333
1511182901022,Brightness_1,76.0
1511182901024,Temperature_2,24.13
1511182901026,Humidity_2,15.382388507772458
1511182901031,Brightness_2,75.0
1511182905879,Sound_P,54.210802194865956
1511182905882,PodiumIR,81
1511182907473,Temperature_1,24.72
1511182907476,Humidity_1,14.765789104768333
1511182907480,Brightness_1,76.0
1511182907482,Temperature_2,24.13
1511182907484,Humidity_2,15.382388507772458
1511182907489,Brightness_2,75.0
1511182909073,Sound_R,59.72635371470566
1511182914360,Temperature_1,24.72
1511182914363,Humidity_1,14.765789104768333
1511182914366,Brightness_1,76.0
1511182914369,Temperature_2,24.13
1511182914371,Humidity_2,15.382388507772458
1511182914376,Brightness_2,75.0
1511182915884,Sound_P,56.45426312235056
1511182915888,PodiumIR,143
1511182918332,Motion_7,False
1511182918332,Motion_6,False
1511182918332,Motion_8,False
1511182918332,Motion_5,False
1511182918332,Motion_1,False
1511182918332,Motion_4,False
1511182918337,Motion_5,True
1511182919073,Sound_R,60.26938739553716
1511182919888,Motion_1,True
1511182919888,Motion_8,True
1511182920984,Motion_7,True
1511182920984,Motion_6,True
1511182921110,Temperature_1,24.72
1511182921113,Humidity_1,14.765789104768333
1511182921116,Brightness_1,76.0
1511182921126,Temperature_2,24.13
1511182921130,Humidity_2,15.382388507772458
1511182921132,Brightness_2,75.0
1511182925890,Sound_P,61.023021476191225
1511182925893,PodiumIR,94
1511182927844,Temperature_1,24.72
1511182927847,Humidity_1,14.765789104768333
1511182927851,Brightness_1,76.0
1511182927853,Temperature_2,24.13
1511182927855,Humidity_2,15.382388507772458
1511182927857,Brightness_2,75.0
1511182929073,Sound_R,60.78260040101245
1511182934274,Temperature_1,24.6
1511182934277,Humidity_1,14.765789104768333
1511182934281,Brightness_1,76.0
1511182934283,Temperature_2,24.13
1511182934285,Humidity_2,15.382388507772458
1511182934287,Brightness_2,75.0
1511182935832,Motion_5,False
1511182935832,Motion_1,False
1511182935832,Motion_8,False
1511182935832,Motion_7,False
1511182935832,Motion_6,False
1511182935832,Seat_9,True
1511182935896,Sound_P,55.369951428718224
1511182935905,PodiumIR,71
1511182939073,Sound_R,62.34616122079095
1511182940952,Temperature_1,24.6
1511182940955,Humidity_1,14.765789104768333
1511182940958,Brightness_1,76.0
1511182940960,Temperature_2,24.13
1511182940962,Humidity_2,15.382388507772458
1511182940968,Brightness_2,75.0
1511182945908,Sound_P,56.45426312235056
1511182945911,PodiumIR,92
1511182947356,Temperature_1,24.6
1511182947359,Humidity_1,14.765789104768333
1511182947362,Brightness_1,76.0
1511182947364,Temperature_2,24.13
1511182947367,Humidity_2,15.382388507772458
1511182947372,Brightness_2,75.0
1511182949073,Sound_R,64.10622272645334
1511182953774,Temperature_1,24.6
1511182953777,Humidity_1,14.765789104768333
1511182953781,Brightness_1,76.0
1511182953783,Temperature_2,24.13
1511182953785,Humidity_2,15.382388507772458
1511182953787,Brightness_2,75.0
1511182955914,Sound_P,61.023021476191225
1511182955917,PodiumIR,87
1511182959073,Sound_R,64.53380279102218
1511182960219,Temperature_1,24.6
1511182960222,Humidity_1,14.765789104768333
1511182960225,Brightness_1,76.0
1511182960229,Temperature_2,24.13
1511182960237,Humidity_2,15.505708388373282
1511182960240,Brightness_2,75.0
1511182965920,Sound_P,54.210802194865956
1511182965923,PodiumIR,108
1511182966625,Temperature_1,24.6
1511182966628,Humidity_1,14.765789104768333
1511182966632,Brightness_1,76.0
1511182966634,Temperature_2,24.13
1511182966635,Humidity_2,15.505708388373282
1511182966638,Brightness_2,75.0
1511182969073,Sound_R,62.204763562631335
1511182970980,Motion_7,True
1511182970980,Motion_6,True
1511182973328,Temperature_1,24.6
1511182973331,Humidity_1,14.765789104768333
1511182973334,Brightness_1,76.0
1511182973337,Temperature_2,24.13
1511182973340,Humidity_2,15.505708388373282
1511182973344,Brightness_2,75.0
1511182975926,Sound_P,56.45426312235056
1511182975929,PodiumIR,91
1511182979073,Sound_R,61.31850031940269
1511182979967,Temperature_1,24.6
1511182979970,Humidity_1,14.765789104768333
1511182979973,Brightness_1,76.0
1511182979975,Temperature_2,24.13
1511182979978,Humidity_2,15.505708388373282
1511182979983,Brightness_2,75.0
1511182985931,Sound_P,58.433135904413454
1511182985934,PodiumIR,93
1511182986402,Temperature_1,24.6
1511182986405,Humidity_1,14.765789104768333
1511182986408,Brightness_1,76.0
1511182986411,Temperature_2,24.13
1511182986412,Humidity_2,15.505708388373282
1511182986415,Brightness_2,75.0
1511182989073,Sound_R,63.391320525466504
1511182993095,Temperature_1,24.6
1511182993098,Humidity_1,14.765789104768333
1511182993102,Brightness_1,70.0
1511182993104,Temperature_2,24.13
1511182993107,Humidity_2,15.505708388373282
1511182993112,Brightness_2,75.0
1511182994083,Motion_7,False
1511182994083,Motion_6,False
1511182995937,Sound_P,58.433135904413454
1511182995940,PodiumIR,93
1511182997359,Motion_5,True
1511182998820,Motion_8,True
1511182998820,Motion_5,True
1511182999073,Sound_R,63.682682520460894
1511182999935,Temperature_1,24.6
1511182999938,Humidity_1,14.765789104768333
1511182999942,Brightness_1,70.0
1511182999944,Temperature_2,24.13
1511182999947,Humidity_2,15.505708388373282
1511182999952,Brightness_2,75.0
1511183005943,Sound_P,54.210802194865956
1511183005946,PodiumIR,82
1511183006525,Temperature_1,24.6
1511183006528,Humidity_1,14.765789104768333
1511183006532,Brightness_1,70.0
1511183006534,Temperature_2,24.13
1511183006536,Humidity_2,15.505708388373282
1511183006538,Brightness_2,75.0
1511183009073,Sound_R,61.64100366266027
1511183012317,Motion_6,False
1511183012317,Motion_7,False
1511183012317,Motion_8,False
1511183012322,Motion_7,True
1511183012322,Motion_5,True
1511183013251,Temperature_1,24.6
1511183013254,Humidity_1,14.765789104768333
1511183013258,Brightness_1,70.0
1511183013260,Temperature_2,24.13
1511183013264,Humidity_2,15.505708388373282
1511183013270,Brightness_2,75.0
1511183014779,Motion_8,True
1511183015949,Sound_P,50.159038478285424
1511183015952,PodiumIR,113
1511183019073,Sound_R,59.66386852582963
1511183020032,Temperature_1,24.6
1511183020035,Humidity_1,14.765789104768333
1511183020039,Brightness_1,70.0
1511183020041,Temperature_2,24.13
1511183020045,Humidity_2,15.505708388373282
1511183020049,Brightness_2,79.0
1511183025209,Motion_7,True
1511183025209,Motion_5,True
1511183025954,Sound_P,70.5390318503356
1511183025958,PodiumIR,96
1511183026442,Temperature_1,24.6
1511183026445,Humidity_1,14.765789104768333
1511183026449,Brightness_1,70.0
1511183026453,Temperature_2,24.13
1511183026458,Humidity_2,15.505708388373282
1511183026460,Brightness_2,79.0
1511183026650,Motion_6,True
1511183027691,Motion_8,True
1511183027691,Motion_1,True
1511183029073,Sound_R,57.24761958266553
1511183029226,Motion_8,True
1511183032918,Temperature_1,24.6
1511183032921,Humidity_1,14.765789104768333
1511183032925,Brightness_1,70.0
1511183032927,Temperature_2,24.13
1511183032931,Humidity_2,15.505708388373282
1511183032935,Brightness_2,79.0
1511183035960,Sound_P,57.472817393488484
1511183035963,PodiumIR,93
1511183039073,Sound_R,57.72797558320085
1511183039379,Temperature_1,24.6
1511183039382,Humidity_1,14.765789104768333
1511183039386,Brightness_1,70.0
1511183039388,Temperature_2,24.13
1511183039391,Humidity_2,15.505708388373282
1511183039394,Brightness_2,79.0
1511183045720,Motion_7,False
1511183045720,Motion_5,False
1511183045720,Motion_6,False
1511183045720,Motion_1,False
1511183045720,Motion_8,False
1511183045966,Sound_P,54.210802194865956
1511183045969,PodiumIR,109
1511183045996,Temperature_1,24.6
1511183045999,Humidity_1,14.765789104768333
1511183046003,Brightness_1,70.0
1511183046005,Temperature_2,24.13
1511183046009,Humidity_2,15.505708388373282
1511183046013,Brightness_2,79.0
1511183049073,Sound_R,58.5689997622039
1511183052402,Temperature_1,24.6
1511183052405,Humidity_1,14.765789104768333
1511183052409,Brightness_1,70.0
1511183052411,Temperature_2,24.13
1511183052414,Humidity_2,15.505708388373282
1511183052416,Brightness_2,79.0
1511183055972,Sound_P,55.369951428718224
1511183055975,PodiumIR,153
1511183059035,Temperature_1,24.6
1511183059038,Humidity_1,14.765789104768333
1511183059041,Brightness_1,75.0
1511183059043,Temperature_2,24.13
1511183059045,Humidity_2,15.505708388373282
1511183059049,Brightness_2,79.0
1511183059073,Sound_R,56.87495750032911
1511183064700,Motion_7,False
1511183064700,Motion_6,False
1511183065977,Sound_P,55.369951428718224
1511183065981,PodiumIR,87
1511183065998,Temperature_1,24.6
1511183066001,Humidity_1,14.765789104768333
1511183066008,Brightness_1,75.0
1511183066010,Temperature_2,24.13
1511183066012,Humidity_2,15.505708388373282
1511183066014,Brightness_2,79.0
1511183069073,Sound_R,56.38787886825319
1511183072407,Temperature_1,24.6
1511183072410,Humidity_1,14.765789104768333
1511183072414,Brightness_1,75.0
1511183072416,Temperature_2,24.13
1511183072419,Humidity_2,15.505708388373282
1511183072421,Brightness_2,79.0
1511183075983,Sound_P,61.80460425887306
1511183075986,PodiumIR,82
1511183078832,Temperature_1,24.6
1511183078834,Humidity_1,14.765789104768333
1511183078838,Brightness_1,75.0
1511183078840,Temperature_2,24.13
1511183078842,Humidity_2,15.505708388373282
1511183078844,Brightness_2,79.0
1511183079073,Sound_R,56.843114592844806
1511183085546,Temperature_1,24.6
1511183085549,Humidity_1,14.765789104768333
1511183085552,Brightness_1,75.0
1511183085554,Temperature_2,24.02
1511183085556,Humidity_2,15.382388507772458
1511183085561,Brightness_2,73.0
1511183085989,Sound_P,54.210802194865956
1511183085992,PodiumIR,90
1511183087598,Motion_7,False
1511183087598,Motion_6,False
1511183089073,Sound_R,55.46035534477878
1511183091994,Temperature_1,24.6
1511183091997,Humidity_1,14.765789104768333
1511183092000,Brightness_1,75.0
1511183092002,Temperature_2,24.02
1511183092004,Humidity_2,15.382388507772458
1511183092006,Brightness_2,73.0
1511183095995,Sound_P,54.210802194865956
1511183095998,PodiumIR,90
1511183098401,Temperature_1,24.6
1511183098404,Humidity_1,14.765789104768333
1511183098408,Brightness_1,75.0
1511183098410,Temperature_2,24.02
1511183098414,Humidity_2,15.382388507772458
1511183098418,Brightness_2,73.0
1511183098844,Motion_7,True
1511183099073,Sound_R,55.8067903442265
1511183105122,Temperature_1,24.6
1511183105125,Humidity_1,14.765789104768333
1511183105128,Brightness_1,75.0
1511183105131,Temperature_2,24.02
1511183105133,Humidity_2,15.382388507772458
1511183105138,Brightness_2,73.0
1511183106001,Sound_P,51.62091662308819
1511183106004,PodiumIR,87
1511183109073,Sound_R,56.73110593615507
1511183111553,Temperature_1,24.6
1511183111556,Humidity_1,14.765789104768333
1511183111559,Brightness_1,75.0
1511183111561,Temperature_2,24.02
1511183111564,Humidity_2,15.382388507772458
1511183111569,Brightness_2,73.0
1511183116006,Sound_P,51.62091662308819
1511183116009,PodiumIR,101
1511183116678,Motion_6,False
1511183116678,Motion_7,False
1511183116678,Motion_1,True
1511183118212,Temperature_1,24.6
1511183118214,Humidity_1,14.765789104768333
1511183118218,Brightness_1,75.0
1511183118220,Temperature_2,24.02
1511183118222,Humidity_2,15.382388507772458
1511183118228,Brightness_2,73.0
1511183118834,Motion_8,True
1511183118834,Motion_5,True
1511183119073,Sound_R,58.47580155602191
1511183124865,Temperature_1,24.6
1511183124868,Humidity_1,14.765789104768333
1511183124871,Brightness_1,70.0
1511183124873,Temperature_2,24.02
1511183124876,Humidity_2,15.382388507772458
1511183124879,Brightness_2,73.0
1511183126012,Sound_P,52.96571415471127
1511183126015,PodiumIR,94
1511183129073,Sound_R,57.42758636516107
1511183132136,Motion_6,False
1511183132136,Motion_1,False
1511183132136,Motion_8,False
1511183132136,Motion_5,True
1511183132218,Temperature_1,24.6
1511183132222,Humidity_1,14.765789104768333
1511183132225,Brightness_1,70.0
1511183132229,Temperature_2,24.02
1511183132233,Humidity_2,15.382388507772458
1511183132236,Brightness_2,73.0
1511183136018,Sound_P,57.472817393488484
1511183136021,PodiumIR,94
1511183138894,Temperature_1,24.6
1511183138897,Humidity_1,14.765789104768333
1511183138900,Brightness_1,70.0
1511183138903,Temperature_2,24.02
1511183138906,Humidity_2,15.382388507772458
1511183138910,Brightness_2,73.0
1511183139073,Sound_R,56.40278188425807
1511183145567,Temperature_1,24.6
1511183145570,Humidity_1,14.765789104768333
1511183145574,Brightness_1,70.0
1511183145576,Temperature_2,24.02
1511183145579,Humidity_2,15.382388507772458
1511183145584,Brightness_2,77.0
1511183146023,Sound_P,51.62091662308819
1511183146026,PodiumIR,89
1511183149073,Sound_R,57.249694275897575
1511183151717,Motion_7,False
1511183151717,Motion_5,False
1511183152010,Temperature_1,24.6
1511183152013,Humidity_1,14.765789104768333
1511183152017,Brightness_1,70.0
1511183152019,Temperature_2,24.02
1511183152021,Humidity_2,15.382388507772458
1511183152022,Brightness_2,77.0
1511183156029,Sound_P,61.80460425887306
1511183156032,PodiumIR,72
1511183158428,Temperature_1,24.6
1511183158431,Humidity_1,14.765789104768333
1511183158435,Brightness_1,70.0
1511183158437,Temperature_2,24.02
1511183158441,Humidity_2,15.382388507772458
1511183158445,Brightness_2,77.0
1511183159073,Sound_R,57.18832331454795
1511183164904,Temperature_1,24.6
1511183164907,Humidity_1,14.765789104768333
1511183164911,Brightness_1,70.0
1511183164913,Temperature_2,24.02
1511183164917,Humidity_2,15.382388507772458
1511183164921,Brightness_2,77.0
1511183166035,Sound_P,63.26648240367583
1511183166038,PodiumIR,97
1511183167675,Motion_5,False
1511183169073,Sound_R,61.81766848976673
1511183171331,Temperature_1,24.6
1511183171334,Humidity_1,14.765789104768333
1511183171338,Brightness_1,70.0
1511183171340,Temperature_2,24.02
1511183171346,Humidity_2,15.382388507772458
1511183171349,Brightness_2,77.0
1511183175670,Motion_7,True
1511183176043,Sound_P,51.62091662308819
1511183176046,PodiumIR,69
1511183177020,Motion_6,True
1511183178012,Temperature_1,24.6
1511183178014,Humidity_1,14.765789104768333
1511183178018,Brightness_1,70.0
1511183178020,Temperature_2,24.02
1511183178022,Humidity_2,15.382388507772458
1511183178024,Brightness_2,77.0
1511183179073,Sound_R,61.645978121693
1511183179892,Motion_1,True
1511183179892,Motion_5,False
1511183184422,Temperature_1,24.6
1511183184425,Humidity_1,14.765789104768333
1511183184429,Brightness_1,72.0
1511183184431,Temperature_2,24.02
1511183184433,Humidity_2,15.382388507772458
1511183184435,Brightness_2,77.0
1511183186049,Sound_P,50.159038478285424
1511183186052,PodiumIR,84
1511183189073,Sound_R,56.66302953511257
1511183191119,Temperature_1,24.6
1511183191122,Humidity_1,14.765789104768333
1511183191126,Brightness_1,72.0
1511183191128,Temperature_2,24.02
1511183191130,Humidity_2,15.382388507772458
1511183191132,Brightness_2,77.0
1511183196054,Sound_P,52.96571415471127
1511183196058,PodiumIR,94
1511183196201,Motion_7,False
1511183196201,Motion_6,False
1511183196201,Motion_1,False
1511183197878,Temperature_1,24.6
1511183197880,Humidity_1,14.765789104768333
1511183197884,Brightness_1,72.0
1511183197886,Temperature_2,24.02
1511183197890,Humidity_2,15.382388507772458
1511183197894,Brightness_2,77.0
1511183199073,Sound_R,54.79441170063429
1511183204281,Temperature_1,24.6
1511183204284,Humidity_1,14.765789104768333
1511183204288,Brightness_1,72.0
1511183204290,Temperature_2,24.02
1511183204292,Humidity_2,15.382388507772458
1511183204296,Brightness_2,77.0
1511183206060,Sound_P,51.62091662308819
1511183206064,PodiumIR,135
1511183209073,Sound_R,56.312557690465745
1511183210996,Temperature_1,24.6
1511183210999,Humidity_1,14.765789104768333
1511183211002,Brightness_1,72.0
1511183211004,Temperature_2,24.02
1511183211008,Humidity_2,15.505708388373282
1511183211012,Brightness_2,75.0
1511183212164,Motion_6,False
1511183212164,Motion_7,False
1511183216075,Sound_P,54.210802194865956
1511183216080,PodiumIR,95
1511183217404,Temperature_1,24.6
1511183217407,Humidity_1,14.765789104768333
1511183217411,Brightness_1,72.0
1511183217413,Temperature_2,24.02
1511183217415,Humidity_2,15.505708388373282
1511183217417,Brightness_2,75.0
1511183219073,Sound_R,57.7299260912478
1511183222389,Motion_7,True
1511183224093,Temperature_1,24.6
1511183224096,Humidity_1,14.765789104768333
1511183224100,Brightness_1,72.0
1511183224101,Temperature_2,24.02
1511183224106,Humidity_2,15.505708388373282
1511183224109,Brightness_2,75.0
1511183226083,Sound_P,61.80460425887306
1511183226086,PodiumIR,102
1511183229073,Sound_R,59.11604296174349
1511183230525,Temperature_1,24.6
1511183230528,Humidity_1,14.765789104768333
1511183230531,Brightness_1,72.0
1511183230533,Temperature_2,24.02
1511183230535,Humidity_2,15.505708388373282
1511183230537,Brightness_2,75.0
1511183234511,Motion_6,False
1511183234511,Motion_7,True
1511183236088,Sound_P,54.210802194865956
1511183236097,PodiumIR,98
1511183237213,Temperature_1,24.6
1511183237216,Humidity_1,14.765789104768333
1511183237219,Brightness_1,72.0
1511183237221,Temperature_2,24.02
1511183237223,Humidity_2,15.505708388373282
1511183237225,Brightness_2,75.0
1511183237673,Motion_1,True
1511183239073,Sound_R,58.960822011038545
1511183243316,Motion_8,True
1511183243651,Temperature_1,24.6
1511183243654,Humidity_1,14.765789104768333
1511183243657,Brightness_1,72.0
1511183243660,Temperature_2,24.02
1511183243662,Humidity_2,15.505708388373282
1511183243665,Brightness_2,75.0
1511183246107,Sound_P,52.96571415471127
1511183246111,PodiumIR,95
1511183248063,Motion_6,False
1511183248063,Motion_5,True
1511183248063,Motion_7,True
1511183249073,Sound_R,55.88845527335803
1511183250113,Temperature_1,24.37
1511183250116,Humidity_1,14.765789104768333
1511183250119,Brightness_1,72.0
1511183250120,Temperature_2,24.02
1511183250122,Humidity_2,15.505708388373282
1511183250123,Brightness_2,75.0
1511183250469,Motion_6,True
1511183250469,Motion_1,False
1511183256113,Sound_P,51.62091662308819
1511183256116,PodiumIR,129
1511183256535,Temperature_1,24.37
1511183256538,Humidity_1,14.765789104768333
1511183256542,Brightness_1,72.0
1511183256544,Temperature_2,24.02
1511183256546,Humidity_2,15.505708388373282
1511183256549,Brightness_2,75.0
1511183259073,Sound_R,55.17118982741717
1511183259269,Motion_8,False
1511183260970,Motion_5,True
1511183260970,Motion_7,False
1511183262993,Temperature_1,24.37
1511183262996,Humidity_1,14.765789104768333
1511183263000,Brightness_1,72.0
1511183263002,Temperature_2,24.02
1511183263004,Humidity_2,15.505708388373282
1511183263007,Brightness_2,75.0
1511183266119,Sound_P,51.62091662308819
1511183266122,PodiumIR,91
1511183269073,Sound_R,55.2292997175183
1511183269677,Temperature_1,24.37
1511183269681,Humidity_1,14.765789104768333
1511183269684,Brightness_1,72.0
1511183269687,Temperature_2,24.02
1511183269690,Humidity_2,15.505708388373282
1511183269693,Brightness_2,75.0
1511183272501,Motion_6,False
1511183272501,Motion_8,False
1511183272506,Motion_7,True
1511183273867,Motion_5,True
1511183273867,Motion_6,True
1511183276124,Sound_P,60.20329792798059
1511183276128,PodiumIR,99
1511183276154,Temperature_1,24.37
1511183276157,Humidity_1,14.765789104768333
1511183276161,Brightness_1,72.0
1511183276163,Temperature_2,24.02
1511183276165,Humidity_2,15.505708388373282
1511183276168,Brightness_2,77.0
1511183279073,Sound_R,58.01193926386244
1511183281086,Motion_8,True
1511183282522,Motion_1,True
1511183282581,Temperature_1,24.37
1511183282584,Humidity_1,14.765789104768333
1511183282588,Brightness_1,72.0
1511183282591,Temperature_2,24.02
1511183282593,Humidity_2,15.505708388373282
1511183282597,Brightness_2,77.0
1511183285058,Motion_1,True
1511183285058,Motion_7,False
1511183286130,Sound_P,52.96571415471127
1511183286134,PodiumIR,88
1511183288455,Motion_5,False
1511183288455,Motion_6,False
1511183288455,Motion_7,True
1511183289073,Sound_R,64.04899688026126
1511183289133,Temperature_1,24.37
1511183289136,Humidity_1,14.765789104768333
1511183289140,Brightness_1,72.0
1511183289142,Temperature_2,24.02
1511183289145,Humidity_2,15.505708388373282
1511183289148,Brightness_2,77.0
1511183290511,Motion_6,True
1511183295555,Temperature_1,24.37
1511183295559,Humidity_1,14.765789104768333
1511183295562,Brightness_1,72.0
1511183295565,Temperature_2,24.02
1511183295567,Humidity_2,15.505708388373282
1511183295570,Brightness_2,77.0
1511183295739,Motion_8,False
1511183295739,Motion_5,True
1511183296136,Sound_P,60.20329792798059
1511183296139,PodiumIR,90
1511183297044,Motion_8,True
1511183297044,Motion_1,False
1511183299073,Sound_R,63.92508210104908
1511183302020,Temperature_1,24.37
1511183302023,Humidity_1,14.765789104768333
1511183302027,Brightness_1,72.0
1511183302030,Temperature_2,24.02
1511183302032,Humidity_2,15.505708388373282
1511183302036,Brightness_2,77.0
1511183304403,Motion_7,False
1511183304403,Motion_6,False
1511183306142,Sound_P,54.210802194865956
1511183306145,PodiumIR,93
1511183308429,Temperature_1,24.37
1511183308432,Humidity_1,14.765789104768333
1511183308436,Brightness_1,72.0
1511183308438,Temperature_2,24.02
1511183308441,Humidity_2,15.505708388373282
1511183308443,Brightness_2,77.0
1511183308641,Motion_5,True
1511183309073,Sound_R,59.543205279979986
1511183315127,Temperature_1,24.6
1511183315131,Humidity_1,14.765789104768333
1511183315134,Brightness_1,73.0
1511183315137,Temperature_2,24.02
1511183315140,Humidity_2,15.505708388373282
1511183315143,Brightness_2,77.0
1511183316148,Sound_P,55.369951428718224
1511183316151,PodiumIR,112
1511183319073,Sound_R,57.899185619324214
1511183321930,Temperature_1,24.6
1511183321934,Humidity_1,14.765789104768333
1511183321938,Brightness_1,73.0
1511183321941,Temperature_2,24.02
1511183321944,Humidity_2,15.505708388373282
1511183321946,Brightness_2,77.0
1511183326161,Sound_P,54.210802194865956
1511183326164,PodiumIR,90
1511183328360,Temperature_1,24.6
1511183328363,Humidity_1,14.765789104768333
1511183328366,Brightness_1,73.0
1511183328369,Temperature_2,24.02
1511183328372,Humidity_2,15.505708388373282
1511183328375,Brightness_2,77.0
1511183329073,Sound_R,58.27365931119925
1511183335105,Temperature_1,24.6
1511183335109,Humidity_1,14.765789104768333
1511183335112,Brightness_1,73.0
1511183335115,Temperature_2,24.02
1511183335117,Humidity_2,15.505708388373282
1511183335120,Brightness_2,77.0
1511183336167,Sound_P,54.210802194865956
1511183336170,PodiumIR,86
1511183339073,Sound_R,59.1607092671026
1511183341578,Temperature_1,24.6
1511183341581,Humidity_1,14.765789104768333
1511183341584,Brightness_1,73.0
1511183341587,Temperature_2,24.02
1511183341589,Humidity_2,15.505708388373282
1511183341592,Brightness_2,79.0
1511183346172,Sound_P,52.96571415471127
1511183346176,PodiumIR,106
1511183348222,Temperature_1,24.6
1511183348225,Humidity_1,14.765789104768333
1511183348229,Brightness_1,73.0
1511183348232,Temperature_2,24.02
1511183348235,Humidity_2,15.505708388373282
1511183348239,Brightness_2,79.0
1511183349073,Sound_R,59.790131561486454
1511183354784,Temperature_1,24.6
1511183354788,Humidity_1,14.765789104768333
1511183354791,Brightness_1,73.0
1511183354794,Temperature_2,24.02
1511183354796,Humidity_2,15.505708388373282
1511183354800,Brightness_2,79.0
1511183356178,Sound_P,51.62091662308819
1511183356181,PodiumIR,85
1511183359073,Sound_R,58.77396705025819
1511183361221,Temperature_1,24.6
1511183361224,Humidity_1,14.765789104768333
1511183361228,Brightness_1,73.0
1511183361230,Temperature_2,24.02
1511183361232,Humidity_2,15.505708388373282
1511183361236,Brightness_2,79.0
1511183366184,Sound_P,54.210802194865956
1511183366187,PodiumIR,67
1511183367689,Temperature_1,24.6
1511183367693,Humidity_1,14.765789104768333
1511183367696,Brightness_1,73.0
1511183367699,Temperature_2,24.02
1511183367702,Humidity_2,15.505708388373282
1511183367705,Brightness_2,79.0
1511183369073,Sound_R,60.2471910142251
1511183374219,Temperature_1,24.6
1511183374222,Humidity_1,14.765789104768333
1511183374226,Brightness_1,70.0
1511183374229,Temperature_2,24.02
1511183374232,Humidity_2,15.505708388373282
1511183374235,Brightness_2,79.0
1511183376190,Sound_P,55.369951428718224
1511183376193,PodiumIR,85
1511183379073,Sound_R,58.504221175305
1511183379358,Motion_8,False
1511183379358,Motion_7,False
1511183379358,Motion_5,False
1511183380671,Temperature_1,24.6
1511183380674,Humidity_1,14.765789104768333
1511183380678,Brightness_1,70.0
1511183380680,Temperature_2,24.02
1511183380683,Humidity_2,15.505708388373282
1511183380687,Brightness_2,79.0
1511183386195,Sound_P,52.96571415471127
1511183386214,PodiumIR,70
1511183387447,Temperature_1,24.6
1511183387450,Humidity_1,14.765789104768333
1511183387453,Brightness_1,70.0
1511183387456,Temperature_2,24.02
1511183387459,Humidity_2,15.505708388373282
1511183387462,Brightness_2,79.0
1511183389073,Sound_R,55.853155640174286
1511183393977,Temperature_1,24.6
1511183393980,Humidity_1,14.765789104768333
1511183393984,Brightness_1,70.0
1511183393986,Temperature_2,24.02
1511183393989,Humidity_2,15.505708388373282
1511183393992,Brightness_2,79.0
1511183396219,Sound_P,56.45426312235056
1511183396222,PodiumIR,92
1511183397503,Motion_5,False
1511183399073,Sound_R,60.20725404202804
1511183400396,Temperature_1,24.6
1511183400408,Humidity_1,14.765789104768333
1511183400412,Brightness_1,70.0
1511183400414,Temperature_2,24.02
1511183400417,Humidity_2,15.382388507772458
1511183400420,Brightness_2,75.0
1511183406224,Sound_P,57.472817393488484
1511183406230,PodiumIR,134
1511183407093,Temperature_1,24.6
1511183407096,Humidity_1,14.765789104768333
1511183407100,Brightness_1,70.0
1511183407102,Temperature_2,24.02
1511183407105,Humidity_2,15.382388507772458
1511183407107,Brightness_2,75.0
1511183409073,Sound_R,62.123097248565585
1511183413535,Temperature_1,24.6
1511183413539,Humidity_1,14.765789104768333
1511183413542,Brightness_1,70.0
1511183413545,Temperature_2,24.02
1511183413548,Humidity_2,15.382388507772458
1511183413551,Brightness_2,75.0
1511183416233,Sound_P,55.369951428718224
1511183416237,PodiumIR,91
1511183419073,Sound_R,59.90779028782276
1511183420219,Temperature_1,24.6
1511183420222,Humidity_1,14.765789104768333
1511183420226,Brightness_1,70.0
1511183420229,Temperature_2,24.02
1511183420231,Humidity_2,15.382388507772458
1511183420234,Brightness_2,75.0
1511183420385,Motion_5,False
1511183426239,Sound_P,65.8563679754536
1511183426242,PodiumIR,99
1511183426956,Temperature_1,24.6
1511183426959,Humidity_1,14.765789104768333
1511183426962,Brightness_1,70.0
1511183426965,Temperature_2,24.02
1511183426967,Humidity_2,15.382388507772458
1511183426970,Brightness_2,75.0
1511183429073,Sound_R,58.03534775693885
1511183433385,Temperature_1,24.6
1511183433388,Humidity_1,14.765789104768333
1511183433392,Brightness_1,70.0
1511183433394,Temperature_2,24.02
1511183433397,Humidity_2,15.382388507772458
1511183433401,Brightness_2,75.0
1511183436244,Sound_P,55.369951428718224
1511183436247,PodiumIR,74
1511183439073,Sound_R,54.573941066292605
1511183440067,Temperature_1,24.6
1511183440070,Humidity_1,14.765789104768333
1511183440074,Brightness_1,70.0
1511183440076,Temperature_2,24.02
1511183440079,Humidity_2,15.382388507772458
1511183440082,Brightness_2,75.0
1511183446250,Sound_P,56.45426312235056
1511183446253,PodiumIR,94
1511183446487,Temperature_1,24.6
1511183446490,Humidity_1,14.765789104768333
1511183446493,Brightness_1,70.0
1511183446496,Temperature_2,24.02
1511183446498,Humidity_2,15.382388507772458
1511183446501,Brightness_2,75.0
1511183449073,Sound_R,55.90456272569089
1511183452966,Temperature_1,24.6
1511183452969,Humidity_1,14.765789104768333
1511183452973,Brightness_1,70.0
1511183452975,Temperature_2,24.02
1511183452978,Humidity_2,15.382388507772458
1511183452980,Brightness_2,75.0
1511183456256,Sound_P,56.45426312235056
1511183456259,PodiumIR,70
1511183456935,Motion_5,False
1511183459073,Sound_R,57.934986911847126
1511183459418,Temperature_1,24.6
1511183459421,Humidity_1,14.765789104768333
1511183459424,Brightness_1,70.0
1511183459427,Temperature_2,24.02
1511183459429,Humidity_2,15.382388507772458
1511183459432,Brightness_2,75.0
1511183465841,Temperature_1,24.6
1511183465844,Humidity_1,14.765789104768333
1511183465848,Brightness_1,70.0
1511183465851,Temperature_2,24.02
1511183465853,Humidity_2,15.505708388373282
1511183465855,Brightness_2,75.0
1511183466261,Sound_P,57.472817393488484
1511183466265,PodiumIR,86
1511183469073,Sound_R,56.215563600535766
1511183469837,Motion_5,True
1511183472259,Temperature_1,24.6
1511183472262,Humidity_1,14.765789104768333
1511183472266,Brightness_1,70.0
1511183472268,Temperature_2,24.02
1511183472271,Humidity_2,15.505708388373282
1511183472274,Brightness_2,75.0
1511183476267,Sound_P,56.45426312235056
1511183476270,PodiumIR,130
1511183478997,Temperature_1,24.6
1511183479000,Humidity_1,14.765789104768333
1511183479003,Brightness_1,70.0
1511183479005,Temperature_2,24.02
1511183479008,Humidity_2,15.505708388373282
1511183479011,Brightness_2,75.0
1511183479073,Sound_R,59.276350316427376
1511183485530,Temperature_1,24.6
1511183485533,Humidity_1,14.765789104768333
1511183485537,Brightness_1,70.0
1511183485540,Temperature_2,24.02
1511183485542,Humidity_2,15.505708388373282
1511183485546,Brightness_2,75.0
1511183486273,Sound_P,58.433135904413454
1511183486276,PodiumIR,86
1511183489073,Sound_R,60.9843613594048
1511183491981,Temperature_1,24.6
1511183491984,Humidity_1,14.765789104768333
1511183491988,Brightness_1,70.0
1511183491990,Temperature_2,24.02
1511183491992,Humidity_2,15.505708388373282
1511183491996,Brightness_2,75.0
1511183496278,Sound_P,56.45426312235056
1511183496282,PodiumIR,92
1511183498377,Temperature_1,24.6
1511183498380,Humidity_1,14.765789104768333
1511183498383,Brightness_1,70.0
1511183498385,Temperature_2,24.02
1511183498388,Humidity_2,15.505708388373282
1511183498391,Brightness_2,75.0
1511183499073,Sound_R,59.44645038734878
1511183505088,Temperature_1,24.6
1511183505091,Humidity_1,14.765789104768333
1511183505095,Brightness_1,70.0
1511183505097,Temperature_2,24.02
1511183505100,Humidity_2,15.505708388373282
1511183505103,Brightness_2,75.0
1511183506284,Sound_P,52.96571415471127
1511183506288,PodiumIR,81
1511183507972,Motion_5,False
1511183509073,Sound_R,58.04662130376976
1511183511744,Temperature_1,24.6
1511183511747,Humidity_1,14.765789104768333
1511183511750,Brightness_1,70.0
1511183511752,Temperature_2,24.02
1511183511755,Humidity_2,15.505708388373282
1511183511757,Brightness_2,75.0
1511183516290,Sound_P,56.45426312235056
1511183516293,PodiumIR,86
1511183518219,Temperature_1,24.6
1511183518222,Humidity_1,14.765789104768333
1511183518225,Brightness_1,70.0
1511183518228,Temperature_2,24.02
1511183518231,Humidity_2,15.505708388373282
1511183518233,Brightness_2,75.0
1511183519073,Sound_R,57.5444450402934
1511183520879,Motion_5,True
1511183524996,Temperature_1,24.6
1511183524999,Humidity_1,14.765789104768333
1511183525002,Brightness_1,70.0
1511183525004,Temperature_2,24.02
1511183525007,Humidity_2,15.505708388373282
1511183525010,Brightness_2,75.0
1511183525201,Motion_7,True
1511183526296,Sound_P,55.369951428718224
1511183526299,PodiumIR,90
1511183529073,Sound_R,57.79159023762449
1511183531543,Temperature_1,24.6
1511183531546,Humidity_1,14.765789104768333
1511183531549,Brightness_1,70.0
1511183531552,Temperature_2,24.02
1511183531554,Humidity_2,15.505708388373282
1511183531557,Brightness_2,75.0
1511183532590,Seat_9,True
1511183534081,Motion_5,False
1511183534081,Motion_6,True
1511183536301,Sound_P,51.62091662308819
1511183536305,PodiumIR,75
1511183538228,Temperature_1,24.6
1511183538231,Humidity_1,14.765789104768333
1511183538235,Brightness_1,70.0
1511183538238,Temperature_2,24.02
1511183538240,Humidity_2,15.505708388373282
1511183538242,Brightness_2,75.0
1511183539073,Sound_R,58.303927400069135
1511183544917,Temperature_1,24.6
1511183544920,Humidity_1,14.765789104768333
1511183544923,Brightness_1,70.0
1511183544926,Temperature_2,24.02
1511183544928,Humidity_2,15.505708388373282
1511183544931,Brightness_2,75.0
1511183546307,Sound_P,55.369951428718224
1511183546310,PodiumIR,96
1511183549073,Sound_R,59.799400565995825
1511183551681,Temperature_1,24.6
1511183551684,Humidity_1,14.765789104768333
1511183551688,Brightness_1,70.0
1511183551690,Temperature_2,24.02
1511183551693,Humidity_2,15.505708388373282
1511183551695,Brightness_2,75.0
1511183556313,Sound_P,55.369951428718224
1511183556316,PodiumIR,107
1511183558227,Temperature_1,24.6
1511183558232,Humidity_1,14.765789104768333
1511183558236,Brightness_1,70.0
1511183558239,Temperature_2,24.02
1511183558241,Humidity_2,15.505708388373282
1511183558244,Brightness_2,75.0
1511183559073,Sound_R,59.193344484325
1511183565003,Temperature_1,24.6
1511183565006,Humidity_1,14.889108985369157
1511183565010,Brightness_1,70.0
1511183565012,Temperature_2,24.02
1511183565015,Humidity_2,15.505708388373282
1511183565018,Brightness_2,75.0
1511183566319,Sound_P,52.96571415471127
1511183566322,PodiumIR,92
1511183569073,Sound_R,58.458840752617185
1511183571428,Temperature_1,24.6
1511183571431,Humidity_1,14.889108985369157
1511183571435,Brightness_1,70.0
1511183571437,Temperature_2,24.02
1511183571440,Humidity_2,15.505708388373282
1511183571442,Brightness_2,75.0
1511183574262,Motion_7,False
1511183574262,Motion_6,False
1511183576324,Sound_P,57.472817393488484
1511183576328,PodiumIR,106
1511183576463,Motion_6,True
1511183577922,Temperature_1,24.6
1511183577925,Humidity_1,14.889108985369157
1511183577929,Brightness_1,70.0
1511183577931,Temperature_2,24.02
1511183577934,Humidity_2,15.505708388373282
1511183577937,Brightness_2,75.0
1511183579073,Sound_R,58.561687063500415
1511183584332,Temperature_1,24.6
1511183584336,Humidity_1,14.889108985369157
1511183584339,Brightness_1,70.0
1511183584342,Temperature_2,24.02
1511183584344,Humidity_2,15.505708388373282
1511183584348,Brightness_2,75.0
1511183586330,Sound_P,56.45426312235056
1511183586333,PodiumIR,86
1511183588080,Motion_7,False
1511183588080,Motion_5,True
1511183589073,Sound_R,57.18748267732926
1511183591027,Temperature_1,24.6
1511183591031,Humidity_1,14.889108985369157
1511183591034,Brightness_1,70.0
1511183591037,Temperature_2,24.02
1511183591039,Humidity_2,15.505708388373282
1511183591043,Brightness_2,73.0
1511183596336,Sound_P,51.62091662308819
1511183596339,PodiumIR,112
1511183597659,Temperature_1,24.6
1511183597662,Humidity_1,14.889108985369157
1511183597666,Brightness_1,70.0
1511183597668,Temperature_2,24.02
1511183597670,Humidity_2,15.505708388373282
1511183597673,Brightness_2,73.0
1511183599073,Sound_R,59.21709481431754
1511183604043,Motion_6,False
1511183604048,Motion_5,False
1511183604117,Temperature_1,24.6
1511183604120,Humidity_1,14.889108985369157
1511183604124,Brightness_1,70.0
1511183604126,Temperature_2,24.02
1511183604129,Humidity_2,15.505708388373282
1511183604133,Brightness_2,73.0
1511183606341,Sound_P,54.210802194865956
1511183606345,PodiumIR,92
1511183609073,Sound_R,62.191288687242945
1511183610530,Temperature_1,24.6
1511183610533,Humidity_1,14.889108985369157
1511183610536,Brightness_1,70.0
1511183610539,Temperature_2,24.02
1511183610542,Humidity_2,15.505708388373282
1511183610545,Brightness_2,73.0
1511183616347,Sound_P,54.210802194865956
1511183616350,PodiumIR,103
1511183617218,Temperature_1,24.6
1511183617221,Humidity_1,14.889108985369157
1511183617224,Brightness_1,70.0
1511183617227,Temperature_2,24.02
1511183617230,Humidity_2,15.505708388373282
1511183617233,Brightness_2,73.0
1511183617700,Motion_5,False
1511183617700,Motion_7,True
1511183619072,Sound_R,60.65136406377215
1511183619982,Motion_5,True
1511183623678,Temperature_1,24.6
1511183623681,Humidity_1,14.889108985369157
1511183623684,Brightness_1,70.0
1511183623687,Temperature_2,24.02
1511183623689,Humidity_2,15.505708388373282
1511183623692,Brightness_2,73.0
1511183626353,Sound_P,51.62091662308819
1511183626356,PodiumIR,78
1511183629073,Sound_R,59.75604547976324
1511183630121,Temperature_1,24.49
1511183630124,Humidity_1,14.765789104768333
1511183630127,Brightness_1,73.0
1511183630130,Temperature_2,24.02
1511183630132,Humidity_2,15.505708388373282
1511183630135,Brightness_2,73.0
1511183636364,Sound_P,56.45426312235056
1511183636367,PodiumIR,120
1511183636542,Temperature_1,24.49
1511183636546,Humidity_1,14.765789104768333
1511183636549,Brightness_1,73.0
1511183636552,Temperature_2,24.02
1511183636554,Humidity_2,15.505708388373282
1511183636558,Brightness_2,73.0
1511183639073,Sound_R,60.03081100178508
1511183643022,Temperature_1,24.49
1511183643025,Humidity_1,14.765789104768333
1511183643029,Brightness_1,73.0
1511183643032,Temperature_2,24.02
1511183643034,Humidity_2,15.505708388373282
1511183643038,Brightness_2,73.0
1511183646380,Sound_P,63.26648240367583
1511183646384,PodiumIR,89
1511183646531,Motion_7,False
1511183646531,Motion_5,False
1511183649073,Sound_R,58.48567842322384
1511183649478,Temperature_1,24.49
1511183649481,Humidity_1,14.765789104768333
1511183649485,Brightness_1,73.0
1511183649488,Temperature_2,24.02
1511183649490,Humidity_2,15.505708388373282
1511183649493,Brightness_2,73.0
1511183655921,Temperature_1,24.49
1511183655924,Humidity_1,14.765789104768333
1511183655928,Brightness_1,73.0
1511183655930,Temperature_2,24.02
1511183655933,Humidity_2,15.505708388373282
1511183655936,Brightness_2,74.0
1511183656389,Sound_P,52.96571415471127
1511183656393,PodiumIR,98
1511183659073,Sound_R,55.489918528679105
1511183662326,Temperature_1,24.49
1511183662330,Humidity_1,14.765789104768333
1511183662333,Brightness_1,73.0
1511183662336,Temperature_2,24.02
1511183662338,Humidity_2,15.505708388373282
1511183662341,Brightness_2,74.0
1511183662809,Motion_5,False
1511183662814,Motion_5,True
1511183666395,Sound_P,57.472817393488484
1511183666399,PodiumIR,93
1511183669035,Temperature_1,24.49
1511183669038,Humidity_1,14.765789104768333
1511183669042,Brightness_1,73.0
1511183669044,Temperature_2,24.02
1511183669047,Humidity_2,15.505708388373282
1511183669049,Brightness_2,74.0
1511183669073,Sound_R,56.382617319655594
1511183675792,Temperature_1,24.49
1511183675795,Humidity_1,14.765789104768333
1511183675799,Brightness_1,73.0
1511183675802,Temperature_2,24.02
1511183675804,Humidity_2,15.505708388373282
1511183675808,Brightness_2,74.0
1511183676406,Sound_P,54.210802194865956
1511183676409,PodiumIR,92
1511183679073,Sound_R,62.29410288004988
1511183682220,Temperature_1,24.49
1511183682223,Humidity_1,14.765789104768333
1511183682228,Brightness_1,73.0
1511183682230,Temperature_2,24.02
1511183682233,Humidity_2,15.505708388373282
1511183682236,Brightness_2,74.0
1511183686416,Sound_P,51.62091662308819
1511183686419,PodiumIR,66
1511183688647,Temperature_1,24.49
1511183688651,Humidity_1,14.765789104768333
1511183688662,Brightness_1,73.0
1511183688664,Temperature_2,24.02
1511183688667,Humidity_2,15.505708388373282
1511183688670,Brightness_2,74.0
1511183689073,Sound_R,61.29696889563877
1511183689969,Motion_5,False
1511183695345,Temperature_1,24.49
1511183695348,Humidity_1,14.765789104768333
1511183695352,Brightness_1,70.0
1511183695354,Temperature_2,24.02
1511183695356,Humidity_2,15.505708388373282
1511183695360,Brightness_2,74.0
1511183696423,Sound_P,50.159038478285424
1511183696427,PodiumIR,95
1511183699073,Sound_R,56.16681058411115
1511183702122,Temperature_1,24.49
1511183702125,Humidity_1,14.765789104768333
1511183702129,Brightness_1,70.0
1511183702131,Temperature_2,24.02
1511183702134,Humidity_2,15.505708388373282
1511183702137,Brightness_2,74.0
1511183706432,Sound_P,52.96571415471127
1511183706435,PodiumIR,77
1511183708528,Temperature_1,24.49
1511183708532,Humidity_1,14.765789104768333
1511183708535,Brightness_1,70.0
1511183708538,Temperature_2,24.02
1511183708540,Humidity_2,15.505708388373282
1511183708543,Brightness_2,74.0
1511183709073,Sound_R,55.163076663359355
1511183711445,Motion_5,False
1511183715023,Temperature_1,24.49
1511183715026,Humidity_1,14.765789104768333
1511183715030,Brightness_1,70.0
1511183715032,Temperature_2,24.02
1511183715035,Humidity_2,15.505708388373282
1511183715037,Brightness_2,74.0
1511183716444,Sound_P,55.369951428718224
1511183716447,PodiumIR,105
1511183719073,Sound_R,57.25898616447589
1511183721879,Temperature_1,24.49
1511183721883,Humidity_1,14.765789104768333
1511183721886,Brightness_1,70.0
1511183721889,Temperature_2,24.02
1511183721892,Humidity_2,15.505708388373282
1511183721895,Brightness_2,76.0
1511183726449,Sound_P,52.96571415471127
1511183726453,PodiumIR,58
1511183728287,Temperature_1,24.49
1511183728290,Humidity_1,14.765789104768333
1511183728293,Brightness_1,70.0
1511183728296,Temperature_2,24.02
1511183728299,Humidity_2,15.505708388373282
1511183728301,Brightness_2,76.0
1511183729073,Sound_R,56.1189799585481
1511183734981,Temperature_1,24.49
1511183734984,Humidity_1,14.765789104768333
1511183734987,Brightness_1,70.0
1511183734990,Temperature_2,24.02
1511183734992,Humidity_2,15.505708388373282
1511183734995,Brightness_2,76.0
1511183736455,Sound_P,51.62091662308819
1511183736458,PodiumIR,90
1511183739073,Sound_R,53.646908446520605
1511183741361,Motion_5,False
1511183741777,Temperature_1,24.49
1511183741780,Humidity_1,14.765789104768333
1511183741784,Brightness_1,70.0
1511183741787,Temperature_2,24.02
1511183741789,Humidity_2,15.505708388373282
1511183741793,Brightness_2,76.0
1511183746461,Sound_P,51.62091662308819
1511183746464,PodiumIR,77
1511183748227,Temperature_1,24.49
1511183748231,Humidity_1,14.765789104768333
1511183748235,Brightness_1,70.0
1511183748238,Temperature_2,24.02
1511183748240,Humidity_2,15.505708388373282
1511183748242,Brightness_2,76.0
1511183749073,Sound_R,56.00741337710122
1511183754950,Temperature_1,24.49
1511183754954,Humidity_1,14.765789104768333
1511183754957,Brightness_1,72.0
1511183754960,Temperature_2,24.02
1511183754962,Humidity_2,15.505708388373282
1511183754965,Brightness_2,76.0
1511183756466,Sound_P,52.96571415471127
1511183756470,PodiumIR,88
1511183759073,Sound_R,57.80986723573935
1511183761399,Temperature_1,24.49
1511183761402,Humidity_1,14.765789104768333
1511183761406,Brightness_1,72.0
1511183761408,Temperature_2,24.02
1511183761411,Humidity_2,15.505708388373282
1511183761413,Brightness_2,76.0
1511183766472,Sound_P,58.433135904413454
1511183766475,PodiumIR,119
1511183767849,Temperature_1,24.49
1511183767853,Humidity_1,14.765789104768333
1511183767856,Brightness_1,72.0
1511183767859,Temperature_2,24.02
1511183767861,Humidity_2,15.505708388373282
1511183767865,Brightness_2,76.0
1511183769073,Sound_R,56.75277197465075
1511183773924,Motion_5,False
1511183774275,Temperature_1,24.49
1511183774279,Humidity_1,14.765789104768333
1511183774283,Brightness_1,72.0
1511183774285,Temperature_2,24.02
1511183774288,Humidity_2,15.505708388373282
1511183774290,Brightness_2,76.0
1511183776478,Sound_P,67.56641902255494
1511183776481,PodiumIR,88
1511183779073,Sound_R,55.825046838033394
1511183780958,Temperature_1,24.49
1511183780961,Humidity_1,14.765789104768333
1511183780964,Brightness_1,72.0
1511183780967,Temperature_2,24.02
1511183780970,Humidity_2,15.505708388373282
1511183780972,Brightness_2,79.0
1511183786483,Sound_P,54.210802194865956
1511183786487,PodiumIR,81
1511183787636,Temperature_1,24.49
1511183787639,Humidity_1,14.765789104768333
1511183787643,Brightness_1,72.0
1511183787645,Temperature_2,24.02
1511183787648,Humidity_2,15.505708388373282
1511183787650,Brightness_2,79.0
1511183789073,Sound_R,55.73229199552282
1511183791193,Motion_5,False
1511183794219,Temperature_1,24.49
1511183794222,Humidity_1,14.765789104768333
1511183794225,Brightness_1,72.0
1511183794228,Temperature_2,24.02
1511183794231,Humidity_2,15.505708388373282
1511183794233,Brightness_2,79.0
1511183796490,Sound_P,54.210802194865956
1511183796493,PodiumIR,92
1511183799073,Sound_R,54.373131886819145
1511183800934,Temperature_1,24.49
1511183800937,Humidity_1,14.765789104768333
1511183800941,Brightness_1,72.0
1511183800943,Temperature_2,24.02
1511183800946,Humidity_2,15.505708388373282
1511183800949,Brightness_2,79.0
1511183806495,Sound_P,62.551438321825636
1511183806499,PodiumIR,91
1511183807386,Temperature_1,24.49
1511183807389,Humidity_1,14.765789104768333
1511183807393,Brightness_1,72.0
1511183807395,Temperature_2,24.02
1511183807398,Humidity_2,15.505708388373282
1511183807400,Brightness_2,79.0
1511183809073,Sound_R,56.49698591726666
1511183813797,Temperature_1,24.49
1511183813800,Humidity_1,14.765789104768333
1511183813804,Brightness_1,72.0
1511183813806,Temperature_2,24.02
1511183813809,Humidity_2,15.505708388373282
1511183813813,Brightness_2,79.0
1511183816501,Sound_P,58.433135904413454
1511183816504,PodiumIR,72
1511183819073,Sound_R,60.431787191558534
1511183820221,Temperature_1,24.49
1511183820224,Humidity_1,14.765789104768333
1511183820228,Brightness_1,70.0
1511183820230,Temperature_2,24.02
1511183820233,Humidity_2,15.505708388373282
1511183820237,Brightness_2,79.0
1511183826507,Sound_P,52.96571415471127
1511183826510,PodiumIR,82
1511183826952,Temperature_1,24.49
1511183826955,Humidity_1,14.765789104768333
1511183826959,Brightness_1,70.0
1511183826961,Temperature_2,24.02
1511183826963,Humidity_2,15.505708388373282
1511183826967,Brightness_2,79.0
1511183829073,Sound_R,59.2611312607935
1511183833597,Temperature_1,24.49
1511183833600,Humidity_1,14.765789104768333
1511183833604,Brightness_1,70.0
1511183833607,Temperature_2,24.02
1511183833609,Humidity_2,15.505708388373282
1511183833611,Brightness_2,79.0
1511183836513,Sound_P,55.369951428718224
1511183836516,PodiumIR,146
1511183836722,Motion_5,False
1511183839073,Sound_R,55.7178890194048
1511183840038,Temperature_1,24.49
1511183840042,Humidity_1,14.765789104768333
1511183840045,Brightness_1,70.0
1511183840048,Temperature_2,24.02
1511183840051,Humidity_2,15.505708388373282
1511183840054,Brightness_2,79.0
1511183846518,Sound_P,60.20329792798059
1511183846522,PodiumIR,87
1511183846555,Temperature_1,24.49
1511183846559,Humidity_1,14.765789104768333
1511183846562,Brightness_1,70.0
1511183846565,Temperature_2,24.02
1511183846567,Humidity_2,15.505708388373282
1511183846570,Brightness_2,73.0
1511183849073,Sound_R,54.80925339845362
1511183849639,Motion_5,True
1511183852985,Temperature_1,24.49
1511183852989,Humidity_1,14.765789104768333
1511183852992,Brightness_1,70.0
1511183852995,Temperature_2,24.02
1511183852997,Humidity_2,15.505708388373282
1511183853000,Brightness_2,73.0
1511183856525,Sound_P,51.62091662308819
1511183856528,PodiumIR,105
1511183859073,Sound_R,55.022765356150785
1511183859700,Temperature_1,24.49
1511183859703,Humidity_1,14.765789104768333
1511183859707,Brightness_1,70.0
1511183859709,Temperature_2,24.02
1511183859712,Humidity_2,15.505708388373282
1511183859715,Brightness_2,73.0
1511183866185,Temperature_1,24.49
1511183866189,Humidity_1,14.765789104768333
1511183866192,Brightness_1,70.0
1511183866195,Temperature_2,24.02
1511183866198,Humidity_2,15.505708388373282
1511183866201,Brightness_2,73.0
1511183866531,Sound_P,55.369951428718224
1511183866534,PodiumIR,92
1511183869073,Sound_R,55.479355364419426
1511183872919,Temperature_1,24.49
1511183872922,Humidity_1,14.765789104768333
1511183872926,Brightness_1,70.0
1511183872928,Temperature_2,24.02
1511183872931,Humidity_2,15.505708388373282
1511183872934,Brightness_2,73.0
1511183876536,Sound_P,51.62091662308819
1511183876539,PodiumIR,129
1511183879073,Sound_R,56.30238706769446
1511183879364,Temperature_1,24.49
1511183879367,Humidity_1,14.765789104768333
1511183879370,Brightness_1,70.0
1511183879373,Temperature_2,24.02
1511183879376,Humidity_2,15.505708388373282
1511183879379,Brightness_2,73.0
1511183885795,Temperature_1,24.49
1511183885799,Humidity_1,14.765789104768333
1511183885802,Brightness_1,70.0
1511183885805,Temperature_2,24.02
1511183885807,Humidity_2,15.505708388373282
1511183885810,Brightness_2,73.0
1511183886542,Sound_P,54.210802194865956
1511183886545,PodiumIR,87
1511183889073,Sound_R,56.28718195491488
1511183892220,Temperature_1,24.49
1511183892223,Humidity_1,14.765789104768333
1511183892227,Brightness_1,70.0
1511183892230,Temperature_2,24.02
1511183892233,Humidity_2,15.505708388373282
1511183892235,Brightness_2,73.0
1511183896548,Sound_P,57.472817393488484
1511183896551,PodiumIR,97
1511183898937,Temperature_1,24.49
1511183898940,Humidity_1,14.765789104768333
1511183898944,Brightness_1,70.0
1511183898947,Temperature_2,24.02
1511183898949,Humidity_2,15.505708388373282
1511183898953,Brightness_2,73.0
1511183899073,Sound_R,57.944151493581764
1511183905382,Temperature_1,24.49
1511183905386,Humidity_1,14.765789104768333
1511183905389,Brightness_1,70.0
1511183905392,Temperature_2,24.02
1511183905394,Humidity_2,15.505708388373282
1511183905396,Brightness_2,73.0
1511183906553,Sound_P,54.210802194865956
1511183906557,PodiumIR,85
1511183909073,Sound_R,58.657739425534686
1511183911844,Temperature_1,24.49
1511183911847,Humidity_1,14.765789104768333
1511183911851,Brightness_1,70.0
1511183911853,Temperature_2,24.02
1511183911856,Humidity_2,15.505708388373282
1511183911859,Brightness_2,74.0
1511183916559,Sound_P,52.96571415471127
1511183916563,PodiumIR,111
1511183918457,Temperature_1,24.49
1511183918460,Humidity_1,14.765789104768333
1511183918463,Brightness_1,70.0
1511183918466,Temperature_2,24.02
1511183918468,Humidity_2,15.505708388373282
1511183918471,Brightness_2,74.0
1511183919073,Sound_R,57.24870180317927
1511183920352,Motion_5,False
1511183925136,Temperature_1,24.49
1511183925139,Humidity_1,14.765789104768333
1511183925143,Brightness_1,70.0
1511183925145,Temperature_2,24.02
1511183925148,Humidity_2,15.505708388373282
1511183925150,Brightness_2,74.0
1511183926565,Sound_P,52.96571415471127
1511183926568,PodiumIR,90
1511183929073,Sound_R,54.80813023064021
1511183931799,Temperature_1,24.49
1511183931801,Humidity_1,14.765789104768333
1511183931803,Brightness_1,70.0
1511183931805,Temperature_2,24.02
1511183931807,Humidity_2,15.505708388373282
1511183931810,Brightness_2,74.0
1511183936571,Sound_P,52.96571415471127
1511183936574,PodiumIR,109
1511183938237,Temperature_1,24.49
1511183938243,Humidity_1,14.765789104768333
1511183938246,Brightness_1,70.0
1511183938248,Temperature_2,24.02
1511183938250,Humidity_2,15.505708388373282
1511183938252,Brightness_2,74.0
1511183939073,Sound_R,53.899252241735304
1511183941583,Motion_5,False
1511183945118,Temperature_1,24.49
1511183945123,Humidity_1,14.765789104768333
1511183945126,Brightness_1,70.0
1511183945128,Temperature_2,24.02
1511183945130,Humidity_2,15.505708388373282
1511183945132,Brightness_2,74.0
1511183946576,Sound_P,58.433135904413454
1511183946579,PodiumIR,89
1511183949073,Sound_R,56.79766028507135
1511183951667,Temperature_1,24.49
1511183951670,Humidity_1,14.889108985369157
1511183951674,Brightness_1,75.0
1511183951676,Temperature_2,24.02
1511183951678,Humidity_2,15.505708388373282
1511183951682,Brightness_2,74.0
1511183956582,Sound_P,52.96571415471127
1511183956585,PodiumIR,132
1511183958104,Temperature_1,24.49
1511183958107,Humidity_1,14.889108985369157
1511183958110,Brightness_1,75.0
1511183958113,Temperature_2,24.02
1511183958115,Humidity_2,15.505708388373282
1511183958119,Brightness_2,74.0
1511183959073,Sound_R,56.65134576856632
1511183964515,Temperature_1,24.49
1511183964517,Humidity_1,14.889108985369157
1511183964521,Brightness_1,75.0
1511183964523,Temperature_2,24.02
1511183964525,Humidity_2,15.505708388373282
1511183964527,Brightness_2,74.0
1511183966588,Sound_P,50.159038478285424
1511183966591,PodiumIR,83
1511183969073,Sound_R,54.89999692890607
1511183971215,Temperature_1,24.49
1511183971218,Humidity_1,14.889108985369157
1511183971222,Brightness_1,75.0
1511183971224,Temperature_2,24.02
1511183971226,Humidity_2,15.505708388373282
1511183971228,Brightness_2,74.0
1511183976594,Sound_P,55.369951428718224
1511183976597,PodiumIR,92
1511183977670,Temperature_1,24.49
1511183977673,Humidity_1,14.889108985369157
1511183977677,Brightness_1,75.0
1511183977679,Temperature_2,24.02
1511183977681,Humidity_2,15.505708388373282
1511183977685,Brightness_2,74.0
1511183979073,Sound_R,56.24552565261169
1511183980999,Motion_5,False
1511183984228,Temperature_1,24.49
1511183984231,Humidity_1,14.889108985369157
1511183984236,Brightness_1,75.0
1511183984238,Temperature_2,24.02
1511183984241,Humidity_2,15.505708388373282
1511183984243,Brightness_2,74.0
1511183986599,Sound_P,50.159038478285424
1511183986602,PodiumIR,94
1511183989073,Sound_R,55.86222232314717
1511183990665,Temperature_1,24.49
1511183990668,Humidity_1,14.889108985369157
1511183990672,Brightness_1,75.0
1511183990674,Temperature_2,24.02
1511183990676,Humidity_2,15.505708388373282
1511183990678,Brightness_2,74.0
1511183996605,Sound_P,54.210802194865956
1511183996608,PodiumIR,83
1511183997331,Temperature_1,24.49
1511183997334,Humidity_1,14.889108985369157
1511183997338,Brightness_1,75.0
1511183997340,Temperature_2,24.02
1511183997342,Humidity_2,15.505708388373282
1511183997344,Brightness_2,74.0
1511183999073,Sound_R,53.04529294216763
1511184003778,Temperature_1,24.49
1511184003782,Humidity_1,14.889108985369157
1511184003785,Brightness_1,75.0
1511184003787,Temperature_2,24.02
1511184003790,Humidity_2,15.505708388373282
1511184003794,Brightness_2,74.0
1511184004617,Motion_5,False
1511184006611,Sound_P,56.45426312235056
1511184006614,PodiumIR,92
1511184009054,Motion_7,True
1511184009073,Sound_R,52.74284934279438
1511184010204,Temperature_1,24.49
1511184010208,Humidity_1,14.765789104768333
1511184010213,Brightness_1,74.0
1511184010217,Temperature_2,24.02
1511184010219,Humidity_2,15.505708388373282
1511184010221,Brightness_2,74.0
1511184011921,Motion_6,True
1511184016616,Sound_P,52.96571415471127
1511184016619,PodiumIR,89
1511184016645,Temperature_1,24.49
1511184016649,Humidity_1,14.765789104768333
1511184016653,Brightness_1,74.0
1511184016655,Temperature_2,24.02
1511184016658,Humidity_2,15.505708388373282
1511184016662,Brightness_2,74.0
1511184019073,Sound_R,54.8142787867032
1511184023338,Temperature_1,24.49
1511184023341,Humidity_1,14.765789104768333
1511184023345,Brightness_1,74.0
1511184023347,Temperature_2,24.02
1511184023350,Humidity_2,15.505708388373282
1511184023354,Brightness_2,74.0
1511184026622,Sound_P,51.62091662308819
1511184026625,PodiumIR,119
1511184029073,Sound_R,56.13717627776975
1511184029802,Temperature_1,24.49
1511184029805,Humidity_1,14.765789104768333
1511184029809,Brightness_1,74.0
1511184029812,Temperature_2,24.02
1511184029814,Humidity_2,15.505708388373282
1511184029817,Brightness_2,74.0
1511184036307,Temperature_1,24.49
1511184036310,Humidity_1,14.765789104768333
1511184036314,Brightness_1,74.0
1511184036317,Temperature_2,24.02
1511184036319,Humidity_2,15.505708388373282
1511184036323,Brightness_2,79.0
1511184036628,Sound_P,60.20329792798059
1511184036631,PodiumIR,99
1511184039073,Sound_R,57.7088541296087
1511184043013,Temperature_1,24.49
1511184043016,Humidity_1,14.765789104768333
1511184043020,Brightness_1,74.0
1511184043022,Temperature_2,24.02
1511184043024,Humidity_2,15.505708388373282
1511184043027,Brightness_2,79.0
1511184046634,Sound_P,58.433135904413454
1511184046637,PodiumIR,133
1511184049073,Sound_R,59.16116607508749
1511184049560,Temperature_1,24.49
1511184049563,Humidity_1,14.765789104768333
1511184049567,Brightness_1,74.0
1511184049570,Temperature_2,24.02
1511184049574,Humidity_2,15.505708388373282
1511184049577,Brightness_2,79.0
1511184056011,Temperature_1,24.49
1511184056016,Humidity_1,14.765789104768333
1511184056019,Brightness_1,74.0
1511184056022,Temperature_2,24.02
1511184056027,Humidity_2,15.505708388373282
1511184056030,Brightness_2,79.0
1511184056639,Sound_P,56.45426312235056
1511184056642,PodiumIR,81
1511184059073,Sound_R,59.52042760086359
1511184062414,Temperature_1,24.49
1511184062421,Humidity_1,14.765789104768333
1511184062423,Brightness_1,74.0
1511184062425,Temperature_2,24.02
1511184062428,Humidity_2,15.505708388373282
1511184062434,Brightness_2,79.0
1511184066645,Sound_P,50.159038478285424
1511184066649,PodiumIR,81
1511184069073,Sound_R,56.982968772811326
1511184075893,Temperature_1,24.49
1511184075899,Humidity_1,14.889108985369157
1511184075901,Brightness_1,74.0
1511184075904,Temperature_2,24.02
1511184075906,Humidity_2,15.505708388373282
1511184075908,Brightness_2,79.0
1511184076651,Sound_P,54.210802194865956
1511184076654,PodiumIR,88
1511184079073,Sound_R,53.664466440837145
1511184082297,Temperature_1,24.49
1511184082303,Humidity_1,14.889108985369157
1511184082305,Brightness_1,74.0
1511184082307,Temperature_2,24.02
1511184082310,Humidity_2,15.505708388373282
1511184082312,Brightness_2,79.0
1511184086657,Sound_P,52.96571415471127
1511184086660,PodiumIR,85
1511184089002,Temperature_1,24.49
1511184089005,Humidity_1,14.889108985369157
1511184089009,Brightness_1,74.0
1511184089011,Temperature_2,24.02
1511184089014,Humidity_2,15.505708388373282
1511184089016,Brightness_2,79.0
1511184089073,Sound_R,54.71149422520913
1511184094830,Motion_5,False
1511184094830,Motion_7,False
1511184094830,Motion_6,False
1511184095404,Temperature_1,24.49
1511184095408,Humidity_1,14.889108985369157
1511184095411,Brightness_1,74.0
1511184095414,Temperature_2,24.02
1511184095416,Humidity_2,15.505708388373282
1511184095421,Brightness_2,79.0
1511184096662,Sound_P,56.45426312235056
1511184096666,PodiumIR,101
1511184099073,Sound_R,55.233851408478834
1511184102192,Temperature_1,24.49
1511184102195,Humidity_1,14.889108985369157
1511184102199,Brightness_1,74.0
1511184102202,Temperature_2,24.02
1511184102205,Humidity_2,15.505708388373282
1511184102209,Brightness_2,77.0
1511184106668,Sound_P,54.210802194865956
1511184106671,PodiumIR,88
1511184108613,Temperature_1,24.49
1511184108617,Humidity_1,14.889108985369157
1511184108620,Brightness_1,74.0
1511184108623,Temperature_2,24.02
1511184108625,Humidity_2,15.505708388373282
1511184108628,Brightness_2,77.0
1511184109073,Sound_R,54.03260031788958
1511184111179,Motion_7,False
1511184111184,Motion_6,False
1511184112604,Motion_1,True
1511184113700,Motion_5,True
1511184115294,Temperature_1,24.49
1511184115298,Humidity_1,14.889108985369157
1511184115302,Brightness_1,74.0
1511184115304,Temperature_2,24.02
1511184115307,Humidity_2,15.505708388373282
1511184115311,Brightness_2,77.0
1511184115341,Motion_7,True
1511184115341,Motion_8,True
1511184116674,Sound_P,54.210802194865956
1511184116677,PodiumIR,123
1511184119073,Sound_R,56.52677350189608
1511184121757,Temperature_1,24.49
1511184121760,Humidity_1,14.889108985369157
1511184121764,Brightness_1,74.0
1511184121767,Temperature_2,24.02
1511184121770,Humidity_2,15.505708388373282
1511184121774,Brightness_2,77.0
1511184124096,Motion_6,True
1511184126602,Motion_1,False
1511184126602,Motion_5,True
1511184126680,Sound_P,59.341519288975356
1511184126683,PodiumIR,88
1511184128163,Temperature_1,24.49
1511184128166,Humidity_1,14.889108985369157
1511184128170,Brightness_1,74.0
1511184128173,Temperature_2,24.02
1511184128175,Humidity_2,15.505708388373282
1511184128179,Brightness_2,77.0
1511184128258,Motion_7,True
1511184128258,Motion_8,False
1511184128258,Seat_9,True
1511184129073,Sound_R,61.947238905235785
1511184134572,Temperature_1,24.49
1511184134576,Humidity_1,14.889108985369157
1511184134579,Brightness_1,74.0
1511184134582,Temperature_2,24.02
1511184134584,Humidity_2,15.505708388373282
1511184134587,Brightness_2,77.0
1511184136686,Sound_P,52.96571415471127
1511184136689,PodiumIR,139
1511184139073,Sound_R,62.40523477862285
1511184141120,Temperature_1,24.37
1511184141123,Humidity_1,14.889108985369157
1511184141127,Brightness_1,74.0
1511184141130,Temperature_2,24.02
1511184141132,Humidity_2,15.505708388373282
1511184141135,Brightness_2,77.0
1511184146691,Sound_P,52.96571415471127
1511184146695,PodiumIR,91
1511184147963,Temperature_1,24.37
1511184147966,Humidity_1,14.889108985369157
1511184147969,Brightness_1,74.0
1511184147972,Temperature_2,24.02
1511184147974,Humidity_2,15.505708388373282
1511184147976,Brightness_2,77.0
1511184149073,Sound_R,60.69201563864997
1511184149214,Motion_6,False
1511184149214,Motion_5,False
1511184149214,Motion_7,False
1511184154377,Temperature_1,24.37
1511184154380,Humidity_1,14.889108985369157
1511184154383,Brightness_1,74.0
1511184154386,Temperature_2,24.02
1511184154388,Humidity_2,15.505708388373282
1511184154392,Brightness_2,77.0
1511184156706,Sound_P,50.159038478285424
1511184156709,PodiumIR,151
1511184159073,Sound_R,58.87615180202121
1511184161067,Temperature_1,24.37
1511184161070,Humidity_1,14.889108985369157
1511184161074,Brightness_1,74.0
1511184161076,Temperature_2,24.02
1511184161078,Humidity_2,15.505708388373282
1511184161080,Brightness_2,77.0
1511184166711,Sound_P,52.96571415471127
1511184166715,PodiumIR,104
1511184167462,Temperature_1,24.37
1511184167465,Humidity_1,14.889108985369157
1511184167469,Brightness_1,74.0
1511184167471,Temperature_2,24.02
1511184167473,Humidity_2,15.505708388373282
1511184167475,Brightness_2,75.0
1511184168189,Motion_5,False
1511184169073,Sound_R,57.09725408841596
1511184174175,Temperature_1,24.37
1511184174178,Humidity_1,14.889108985369157
1511184174182,Brightness_1,74.0
1511184174184,Temperature_2,24.02
1511184174185,Humidity_2,15.505708388373282
1511184174188,Brightness_2,75.0
1511184176725,Sound_P,55.369951428718224
1511184176728,PodiumIR,89
1511184179073,Sound_R,59.030837055692984
1511184180588,Temperature_1,24.37
1511184180591,Humidity_1,14.889108985369157
1511184180594,Brightness_1,74.0
1511184180597,Temperature_2,24.02
1511184180599,Humidity_2,15.505708388373282
1511184180601,Brightness_2,75.0
1511184184133,Motion_5,False
1511184186731,Sound_P,62.551438321825636
1511184186734,PodiumIR,88
1511184187282,Temperature_1,24.37
1511184187285,Humidity_1,14.889108985369157
1511184187289,Brightness_1,74.0
1511184187291,Temperature_2,24.02
1511184187294,Humidity_2,15.505708388373282
1511184187298,Brightness_2,75.0
1511184189073,Sound_R,58.044209545394516
1511184193752,Temperature_1,24.37
1511184193754,Humidity_1,14.889108985369157
1511184193758,Brightness_1,74.0
1511184193761,Temperature_2,24.02
1511184193762,Humidity_2,15.505708388373282
1511184193765,Brightness_2,75.0
1511184196736,Sound_P,61.023021476191225
1511184196739,PodiumIR,76
1511184199073,Sound_R,56.16638262145147
1511184200086,Motion_5,False
1511184200219,Temperature_1,24.49
1511184200222,Humidity_1,14.889108985369157
1511184200226,Brightness_1,75.0
1511184200230,Temperature_2,24.02
1511184200234,Humidity_2,15.505708388373282
1511184200238,Brightness_2,75.0
1511184206742,Sound_P,59.341519288975356
1511184206745,PodiumIR,92
1511184206785,Temperature_1,24.49
1511184206787,Humidity_1,14.889108985369157
1511184206791,Brightness_1,75.0
1511184206793,Temperature_2,24.02
1511184206795,Humidity_2,15.505708388373282
1511184206797,Brightness_2,75.0
1511184209073,Sound_R,56.571882084803406
1511184213205,Temperature_1,24.49
1511184213208,Humidity_1,14.889108985369157
1511184213212,Brightness_1,75.0
1511184213213,Temperature_2,24.02
1511184213215,Humidity_2,15.505708388373282
1511184213219,Brightness_2,75.0
1511184216748,Sound_P,55.369951428718224
1511184216751,PodiumIR,89
1511184219073,Sound_R,55.75134554553788
1511184219767,Temperature_1,24.49
1511184219770,Humidity_1,14.889108985369157
1511184219773,Brightness_1,75.0
1511184219776,Temperature_2,24.02
1511184219778,Humidity_2,15.505708388373282
1511184219782,Brightness_2,75.0
1511184224329,Motion_5,False
1511184226242,Temperature_1,24.49
1511184226245,Humidity_1,14.889108985369157
1511184226248,Brightness_1,75.0
1511184226250,Temperature_2,24.02
1511184226252,Humidity_2,15.505708388373282
1511184226254,Brightness_2,77.0
1511184226754,Sound_P,56.45426312235056
1511184226757,PodiumIR,119
1511184229073,Sound_R,56.84390145275845
1511184232651,Temperature_1,24.49
1511184232654,Humidity_1,14.889108985369157
1511184232658,Brightness_1,75.0
1511184232660,Temperature_2,24.02
1511184232662,Humidity_2,15.505708388373282
1511184232664,Brightness_2,77.0
1511184236759,Sound_P,61.80460425887306
1511184236762,PodiumIR,86
1511184239053,Temperature_1,24.49
1511184239056,Humidity_1,14.889108985369157
1511184239059,Brightness_1,75.0
1511184239061,Temperature_2,24.02
1511184239063,Humidity_2,15.505708388373282
1511184239071,Brightness_2,77.0
1511184239073,Sound_R,57.909774463289075
1511184240268,Motion_5,False
1511184245754,Temperature_1,24.49
1511184245760,Humidity_1,14.889108985369157
1511184245763,Brightness_1,75.0
1511184245765,Temperature_2,24.02
1511184245767,Humidity_2,15.505708388373282
1511184245774,Brightness_2,77.0
1511184246765,Sound_P,58.433135904413454
1511184246768,PodiumIR,100
1511184249073,Sound_R,59.86223875609897
1511184252232,Temperature_1,24.49
1511184252238,Humidity_1,14.889108985369157
1511184252241,Brightness_1,75.0
1511184252243,Temperature_2,24.02
1511184252245,Humidity_2,15.505708388373282
1511184252247,Brightness_2,77.0
1511184256771,Sound_P,63.26648240367583
1511184256774,PodiumIR,94
1511184258632,Temperature_1,24.49
1511184258637,Humidity_1,14.889108985369157
1511184258640,Brightness_1,75.0
1511184258642,Temperature_2,24.02
1511184258644,Humidity_2,15.505708388373282
1511184258646,Brightness_2,77.0
1511184259073,Sound_R,60.65658418990578
1511184261229,Motion_5,False
1511184265313,Temperature_1,24.49
1511184265319,Humidity_1,14.889108985369157
1511184265321,Brightness_1,75.0
1511184265323,Temperature_2,24.02
1511184265330,Humidity_2,15.505708388373282
1511184265332,Brightness_2,77.0
1511184266776,Sound_P,55.369951428718224
1511184266780,PodiumIR,86
1511184269073,Sound_R,56.49071090128251
1511184271788,Temperature_1,24.49
1511184271793,Humidity_1,14.889108985369157
1511184271796,Brightness_1,75.0
1511184271798,Temperature_2,24.02
1511184271805,Humidity_2,15.505708388373282
1511184271808,Brightness_2,77.0
1511184276782,Sound_P,52.96571415471127
1511184276785,PodiumIR,99
1511184278193,Temperature_1,24.49
1511184278198,Humidity_1,14.889108985369157
1511184278201,Brightness_1,75.0
1511184278203,Temperature_2,24.02
1511184278215,Humidity_2,15.505708388373282
1511184278218,Brightness_2,77.0
1511184279073,Sound_R,55.59134950865578
1511184284884,Temperature_1,24.49
1511184284889,Humidity_1,14.889108985369157
1511184284892,Brightness_1,75.0
1511184284894,Temperature_2,24.02
1511184284896,Humidity_2,15.505708388373282
1511184284899,Brightness_2,77.0
1511184286788,Sound_P,54.210802194865956
1511184286791,PodiumIR,109
1511184289073,Sound_R,56.5481605677683
1511184291841,Temperature_1,24.49
1511184291846,Humidity_1,14.889108985369157
1511184291849,Brightness_1,75.0
1511184291852,Temperature_2,23.9
1511184291857,Humidity_2,15.505708388373282
1511184291859,Brightness_2,74.0
1511184296794,Sound_P,50.159038478285424
1511184296797,PodiumIR,94
1511184298261,Temperature_1,24.49
1511184298264,Humidity_1,14.889108985369157
1511184298267,Brightness_1,75.0
1511184298269,Temperature_2,23.9
1511184298271,Humidity_2,15.505708388373282
1511184298273,Brightness_2,74.0
1511184299024,Motion_5,False
1511184299073,Sound_R,56.07237615178525
1511184304949,Temperature_1,24.49
1511184304952,Humidity_1,14.889108985369157
1511184304956,Brightness_1,75.0
1511184304958,Temperature_2,23.9
1511184304960,Humidity_2,15.505708388373282
1511184304963,Brightness_2,74.0
1511184306799,Sound_P,55.369951428718224
1511184306803,PodiumIR,131
1511184309073,Sound_R,55.821740433842706
1511184311519,Temperature_1,24.49
1511184311522,Humidity_1,14.889108985369157
1511184311526,Brightness_1,75.0
1511184311529,Temperature_2,23.9
1511184311531,Humidity_2,15.505708388373282
1511184311533,Brightness_2,74.0
1511184316805,Sound_P,51.62091662308819
1511184316809,PodiumIR,84
1511184318219,Temperature_1,24.49
1511184318222,Humidity_1,14.889108985369157
1511184318226,Brightness_1,75.0
1511184318229,Temperature_2,23.9
1511184318232,Humidity_2,15.505708388373282
1511184318235,Brightness_2,74.0
1511184319073,Sound_R,55.393944384720406
1511184324921,Temperature_1,24.49
1511184324924,Humidity_1,14.889108985369157
1511184324928,Brightness_1,75.0
1511184324931,Temperature_2,23.9
1511184324933,Humidity_2,15.505708388373282
1511184324938,Brightness_2,74.0
1511184326811,Sound_P,51.62091662308819
1511184326814,PodiumIR,99
1511184329073,Sound_R,54.545667032360136
1511184331808,Temperature_1,24.49
1511184331811,Humidity_1,14.889108985369157
1511184331815,Brightness_1,75.0
1511184331817,Temperature_2,23.9
1511184331820,Humidity_2,15.505708388373282
1511184331822,Brightness_2,74.0
1511184336824,Sound_P,52.96571415471127
1511184336828,PodiumIR,81
1511184338264,Temperature_1,24.49
1511184338268,Humidity_1,14.889108985369157
1511184338272,Brightness_1,75.0
1511184338274,Temperature_2,23.9
1511184338276,Humidity_2,15.505708388373282
1511184338279,Brightness_2,74.0
1511184339073,Sound_R,53.933940246329485
1511184344990,Temperature_1,24.49
1511184344993,Humidity_1,14.889108985369157
1511184344997,Brightness_1,75.0
1511184344999,Temperature_2,23.9
1511184345002,Humidity_2,15.505708388373282
1511184345005,Brightness_2,74.0
1511184346837,Sound_P,54.210802194865956
1511184346841,PodiumIR,95
1511184349073,Sound_R,53.36980200868624
1511184351462,Temperature_1,24.49
1511184351465,Humidity_1,14.889108985369157
1511184351469,Brightness_1,75.0
1511184351472,Temperature_2,23.9
1511184351474,Humidity_2,15.505708388373282
1511184351478,Brightness_2,74.0
1511184352501,Motion_5,False
1511184356849,Sound_P,57.472817393488484
1511184356979,PodiumIR,104
1511184358195,Temperature_1,24.49
1511184358199,Humidity_1,14.889108985369157
1511184358203,Brightness_1,75.0
1511184358206,Temperature_2,23.9
1511184358210,Humidity_2,15.505708388373282
1511184358214,Brightness_2,74.0
1511184359073,Sound_R,52.220243377406376
1511184364651,Temperature_1,24.49
1511184364654,Humidity_1,14.889108985369157
1511184364658,Brightness_1,75.0
1511184364661,Temperature_2,23.9
1511184364663,Humidity_2,15.505708388373282
1511184364667,Brightness_2,74.0
1511184365397,Motion_5,True
1511184366986,Sound_P,51.62091662308819
1511184366990,PodiumIR,149
1511184369073,Sound_R,52.25862453140781
1511184371098,Temperature_1,24.49
1511184371101,Humidity_1,14.889108985369157
1511184371105,Brightness_1,75.0
1511184371107,Temperature_2,23.9
1511184371110,Humidity_2,15.505708388373282
1511184371114,Brightness_2,74.0
1511184376992,Sound_P,52.96571415471127
1511184376995,PodiumIR,100
1511184377577,Temperature_1,24.49
1511184377580,Humidity_1,14.889108985369157
1511184377584,Brightness_1,75.0
1511184377586,Temperature_2,23.9
1511184377589,Humidity_2,15.505708388373282
1511184377591,Brightness_2,74.0
1511184379073,Sound_R,52.83771562769572
1511184384002,Temperature_1,24.49
1511184384006,Humidity_1,14.889108985369157
1511184384010,Brightness_1,75.0
1511184384012,Temperature_2,23.9
1511184384014,Humidity_2,15.505708388373282
1511184384017,Brightness_2,74.0
1511184385878,Motion_5,False
1511184385883,Motion_5,True
1511184386998,Sound_P,56.45426312235056
1511184387001,PodiumIR,94
1511184389073,Sound_R,53.43964440490853
1511184390433,Temperature_1,24.49
1511184390436,Humidity_1,14.889108985369157
1511184390440,Brightness_1,73.0
1511184390443,Temperature_2,23.9
1511184390445,Humidity_2,15.505708388373282
1511184390448,Brightness_2,74.0
1511184397004,Sound_P,51.62091662308819
1511184397007,PodiumIR,76
1511184397028,Temperature_1,24.49
1511184397031,Humidity_1,14.889108985369157
1511184397035,Brightness_1,73.0
1511184397038,Temperature_2,23.9
1511184397040,Humidity_2,15.505708388373282
1511184397043,Brightness_2,74.0
1511184399073,Sound_R,53.48037266549605
1511184401822,Motion_5,False
1511184403764,Temperature_1,24.49
1511184403767,Humidity_1,14.889108985369157
1511184403771,Brightness_1,73.0
1511184403773,Temperature_2,23.9
1511184403776,Humidity_2,15.505708388373282
1511184403780,Brightness_2,74.0
1511184407010,Sound_P,56.45426312235056
1511184407013,PodiumIR,98
1511184409073,Sound_R,54.69007457432175
1511184410215,Temperature_1,24.49
1511184410218,Humidity_1,14.889108985369157
1511184410222,Brightness_1,73.0
1511184410224,Temperature_2,23.9
1511184410227,Humidity_2,15.505708388373282
1511184410231,Brightness_2,74.0
1511184416691,Temperature_1,24.49
1511184416695,Humidity_1,14.889108985369157
1511184416699,Brightness_1,73.0
1511184416701,Temperature_2,23.9
1511184416703,Humidity_2,15.505708388373282
1511184416706,Brightness_2,74.0
1511184417015,Sound_P,54.210802194865956
1511184417019,PodiumIR,88
1511184419073,Sound_R,55.43676368146453
1511184423425,Temperature_1,24.49
1511184423428,Humidity_1,14.889108985369157
1511184423432,Brightness_1,73.0
1511184423435,Temperature_2,23.9
1511184423438,Humidity_2,15.505708388373282
1511184423442,Brightness_2,74.0
1511184427021,Sound_P,61.023021476191225
1511184427024,PodiumIR,93
1511184429073,Sound_R,55.929485260694776
1511184429876,Temperature_1,24.49
1511184429879,Humidity_1,14.889108985369157
1511184429881,Brightness_1,73.0
1511184429882,Temperature_2,23.9
1511184429885,Humidity_2,15.505708388373282
1511184429889,Brightness_2,74.0
1511184436310,Temperature_1,24.49
1511184436312,Humidity_1,14.889108985369157
1511184436315,Brightness_1,73.0
1511184436318,Temperature_2,23.9
1511184436320,Humidity_2,15.505708388373282
1511184436322,Brightness_2,74.0
1511184437027,Sound_P,52.96571415471127
1511184437030,PodiumIR,97
1511184439073,Sound_R,55.99679200369531
1511184442883,Temperature_1,24.49
1511184442886,Humidity_1,14.889108985369157
1511184442889,Brightness_1,73.0
1511184442891,Temperature_2,23.9
1511184442893,Humidity_2,15.505708388373282
1511184442896,Brightness_2,74.0
1511184447032,Sound_P,52.96571415471127
1511184447041,PodiumIR,85
1511184449073,Sound_R,55.44892414903624
1511184449087,Motion_5,False
1511184449647,Temperature_1,24.49
1511184449650,Humidity_1,14.889108985369157
1511184449654,Brightness_1,73.0
1511184449656,Temperature_2,23.9
1511184449658,Humidity_2,15.505708388373282
1511184449660,Brightness_2,74.0
1511184456092,Temperature_1,24.49
1511184456095,Humidity_1,14.889108985369157
1511184456099,Brightness_1,70.0
1511184456101,Temperature_2,23.9
1511184456103,Humidity_2,15.505708388373282
1511184456107,Brightness_2,74.0
1511184457044,Sound_P,51.62091662308819
1511184457047,PodiumIR,83
1511184459073,Sound_R,55.13522774868059
1511184461984,Motion_5,True
1511184462509,Temperature_1,24.49
1511184462512,Humidity_1,14.889108985369157
1511184462516,Brightness_1,70.0
1511184462518,Temperature_2,23.9
1511184462520,Humidity_2,15.505708388373282
1511184462524,Brightness_2,74.0
1511184467049,Sound_P,54.210802194865956
1511184467052,PodiumIR,146
1511184468911,Temperature_1,24.49
1511184468914,Humidity_1,14.889108985369157
1511184468917,Brightness_1,70.0
1511184468919,Temperature_2,23.9
1511184468921,Humidity_2,15.505708388373282
1511184468925,Brightness_2,74.0
1511184469073,Sound_R,52.8580225041408
1511184474896,Motion_5,True
1511184475477,Temperature_1,24.49
1511184475480,Humidity_1,14.889108985369157
1511184475483,Brightness_1,70.0
1511184475485,Temperature_2,23.9
1511184475487,Humidity_2,15.505708388373282
1511184475490,Brightness_2,74.0
1511184477055,Sound_P,61.80460425887306
1511184477058,PodiumIR,88
1511184479073,Sound_R,57.0646357982802
1511184481912,Temperature_1,24.49
1511184481915,Humidity_1,14.889108985369157
1511184481919,Brightness_1,70.0
1511184481921,Temperature_2,23.9
1511184481923,Humidity_2,15.505708388373282
1511184481925,Brightness_2,77.0
1511184487061,Sound_P,50.159038478285424
1511184487070,PodiumIR,141
1511184488319,Temperature_1,24.49
1511184488322,Humidity_1,14.889108985369157
1511184488325,Brightness_1,70.0
1511184488328,Temperature_2,23.9
1511184488330,Humidity_2,15.505708388373282
1511184488332,Brightness_2,77.0
1511184489073,Sound_R,59.52820926964227
1511184497073,Sound_P,55.369951428718224
1511184497076,PodiumIR,93
1511184499073,Sound_R,61.20399068788817
1511184501220,Motion_5,False
1511184504047,Temperature_1,24.49
1511184504049,Humidity_1,14.889108985369157
1511184504053,Brightness_1,70.0
1511184504055,Temperature_2,23.9
1511184504058,Humidity_2,15.505708388373282
1511184504060,Brightness_2,77.0
1511184507086,Sound_P,57.472817393488484
1511184507095,PodiumIR,122
1511184509073,Sound_R,63.30644985066718
1511184510493,Temperature_1,24.49
1511184510496,Humidity_1,14.889108985369157
1511184510499,Brightness_1,70.0
1511184510501,Temperature_2,23.9
1511184510503,Humidity_2,15.505708388373282
1511184510505,Brightness_2,77.0
1511184516398,Motion_5,False
1511184516398,Motion_6,True
1511184517105,Sound_P,55.369951428718224
1511184517108,PodiumIR,86
1511184517148,Temperature_1,24.49
1511184517151,Humidity_1,14.889108985369157
1511184517155,Brightness_1,73.0
1511184517157,Temperature_2,23.9
1511184517159,Humidity_2,15.505708388373282
1511184517162,Brightness_2,77.0
1511184518394,Motion_7,True
1511184519073,Sound_R,58.27853485671295
1511184523886,Temperature_1,24.49
1511184523889,Humidity_1,14.889108985369157
1511184523893,Brightness_1,73.0
1511184523895,Temperature_2,23.9
1511184523897,Humidity_2,15.505708388373282
1511184523899,Brightness_2,77.0
1511184527110,Sound_P,60.20329792798059
1511184527132,PodiumIR,92
1511184529073,Sound_R,58.46616540940156
1511184530299,Temperature_1,24.49
1511184530302,Humidity_1,14.889108985369157
1511184530306,Brightness_1,73.0
1511184530308,Temperature_2,23.9
1511184530310,Humidity_2,15.505708388373282
1511184530314,Brightness_2,77.0
1511184535493,Motion_6,False
1511184535493,Motion_7,False
1511184535493,Motion_5,True
1511184536997,Temperature_1,24.49
1511184536999,Humidity_1,14.889108985369157
1511184537003,Brightness_1,73.0
1511184537005,Temperature_2,23.9
1511184537008,Humidity_2,15.505708388373282
1511184537011,Brightness_2,77.0
1511184537136,Sound_P,55.369951428718224
1511184537140,PodiumIR,94
1511184539073,Sound_R,60.16120927252887
1511184543542,Temperature_1,24.49
1511184543545,Humidity_1,14.889108985369157
1511184543548,Brightness_1,73.0
1511184543550,Temperature_2,23.9
1511184543552,Humidity_2,15.629028268974109
1511184543555,Brightness_2,74.0
1511184547142,Sound_P,52.96571415471127
1511184547145,PodiumIR,85
1511184549073,Sound_R,58.341760850681986
1511184549998,Temperature_1,24.49
1511184550001,Humidity_1,14.889108985369157
1511184550005,Brightness_1,73.0
1511184550007,Temperature_2,23.9
1511184550009,Humidity_2,15.629028268974109
1511184550011,Brightness_2,74.0
1511184555984,Motion_5,False
1511184556441,Temperature_1,24.49
1511184556444,Humidity_1,14.889108985369157
1511184556448,Brightness_1,73.0
1511184556450,Temperature_2,23.9
1511184556452,Humidity_2,15.629028268974109
1511184556454,Brightness_2,74.0
1511184557148,Sound_P,61.023021476191225
1511184557151,PodiumIR,89
1511184559073,Sound_R,56.664156135528856
1511184563203,Temperature_1,24.49
1511184563206,Humidity_1,14.889108985369157
1511184563209,Brightness_1,73.0
1511184563212,Temperature_2,23.9
1511184563214,Humidity_2,15.629028268974109
1511184563216,Brightness_2,74.0
1511184567154,Sound_P,52.96571415471127
1511184567163,PodiumIR,91
1511184569073,Sound_R,56.03506826125987
1511184569657,Temperature_1,24.49
1511184569660,Humidity_1,14.889108985369157
1511184569665,Brightness_1,73.0
1511184569668,Temperature_2,23.9
1511184569670,Humidity_2,15.629028268974109
1511184569676,Brightness_2,74.0
1511184576111,Temperature_1,24.49
1511184576117,Humidity_1,14.889108985369157
1511184576119,Brightness_1,73.0
1511184576121,Temperature_2,23.9
1511184576123,Humidity_2,15.629028268974109
1511184576125,Brightness_2,74.0
1511184577174,Sound_P,56.45426312235056
1511184577177,PodiumIR,117
1511184579073,Sound_R,57.64253057262106
1511184582528,Temperature_1,24.49
1511184582534,Humidity_1,14.889108985369157
1511184582537,Brightness_1,70.0
1511184582539,Temperature_2,23.9
1511184582541,Humidity_2,15.629028268974109
1511184582543,Brightness_2,74.0
1511184587179,Sound_P,56.45426312235056
1511184587182,PodiumIR,85
1511184589073,Sound_R,58.41044716118131
1511184589213,Temperature_1,24.49
1511184589220,Humidity_1,14.889108985369157
1511184589222,Brightness_1,70.0
1511184589224,Temperature_2,23.9
1511184589227,Humidity_2,15.629028268974109
1511184589229,Brightness_2,74.0
1511184595662,Temperature_1,24.49
1511184595665,Humidity_1,14.889108985369157
1511184595670,Brightness_1,70.0
1511184595672,Temperature_2,23.9
1511184595674,Humidity_2,15.629028268974109
1511184595676,Brightness_2,74.0
1511184597191,Sound_P,55.369951428718224
1511184597194,PodiumIR,90
1511184599073,Sound_R,58.99322821317924
1511184602144,Temperature_1,24.49
1511184602147,Humidity_1,14.889108985369157
1511184602150,Brightness_1,70.0
1511184602152,Temperature_2,23.9
1511184602155,Humidity_2,15.629028268974109
1511184602159,Brightness_2,74.0
1511184607202,Sound_P,55.369951428718224
1511184607214,PodiumIR,92
1511184608560,Temperature_1,24.49
1511184608563,Humidity_1,14.889108985369157
1511184608566,Brightness_1,70.0
1511184608568,Temperature_2,23.9
1511184608571,Humidity_2,15.629028268974109
1511184608574,Brightness_2,74.0
1511184609073,Sound_R,58.85892306170598
1511184615014,Temperature_1,24.49
1511184615017,Humidity_1,14.889108985369157
1511184615021,Brightness_1,70.0
1511184615023,Temperature_2,23.9
1511184615025,Humidity_2,15.629028268974109
1511184615028,Brightness_2,74.0
1511184617218,Sound_P,52.96571415471127
1511184617222,PodiumIR,87
1511184619073,Sound_R,57.21721630356432
1511184621686,Temperature_1,24.49
1511184621689,Humidity_1,14.889108985369157
1511184621693,Brightness_1,70.0
1511184621695,Temperature_2,23.9
1511184621697,Humidity_2,15.629028268974109
1511184621699,Brightness_2,74.0
1511184627224,Sound_P,54.210802194865956
1511184627241,PodiumIR,88
1511184628124,Temperature_1,24.49
1511184628127,Humidity_1,14.889108985369157
1511184628131,Brightness_1,70.0
1511184628133,Temperature_2,23.9
1511184628135,Humidity_2,15.629028268974109
1511184628139,Brightness_2,74.0
1511184629073,Sound_R,57.21934613063464
1511184634518,Temperature_1,24.49
1511184634521,Humidity_1,14.889108985369157
1511184634525,Brightness_1,70.0
1511184634528,Temperature_2,23.9
1511184634530,Humidity_2,15.629028268974109
1511184634532,Brightness_2,74.0
1511184637247,Sound_P,57.472817393488484
1511184637251,PodiumIR,102
1511184639073,Sound_R,57.29052321081508
1511184641231,Temperature_1,24.49
1511184641234,Humidity_1,14.889108985369157
1511184641238,Brightness_1,70.0
1511184641240,Temperature_2,23.9
1511184641242,Humidity_2,15.629028268974109
1511184641244,Brightness_2,74.0
1511184647257,Sound_P,54.210802194865956
1511184647261,PodiumIR,99
1511184647803,Temperature_1,24.49
1511184647806,Humidity_1,14.889108985369157
1511184647810,Brightness_1,70.0
1511184647812,Temperature_2,23.9
1511184647814,Humidity_2,15.629028268974109
1511184647816,Brightness_2,74.0
1511184648974,Motion_5,False
1511184649073,Sound_R,57.89892758468746
1511184654219,Temperature_1,24.49
1511184654222,Humidity_1,14.889108985369157
1511184654226,Brightness_1,70.0
1511184654229,Temperature_2,23.9
1511184654231,Humidity_2,15.629028268974109
1511184654234,Brightness_2,74.0
1511184657265,Sound_P,52.96571415471127
1511184657268,PodiumIR,90
1511184659073,Sound_R,58.95500066152662
1511184660898,Temperature_1,24.49
1511184660901,Humidity_1,14.889108985369157
1511184660904,Brightness_1,70.0
1511184660907,Temperature_2,23.9
1511184660909,Humidity_2,15.629028268974109
1511184660912,Brightness_2,74.0
1511184661866,Motion_5,True
1511184667271,Sound_P,52.96571415471127
1511184667274,PodiumIR,92
1511184667319,Temperature_1,24.49
1511184667323,Humidity_1,14.889108985369157
1511184667327,Brightness_1,70.0
1511184667330,Temperature_2,23.9
1511184667334,Humidity_2,15.629028268974109
1511184667337,Brightness_2,74.0
1511184669073,Sound_R,59.22976438962055
1511184673997,Temperature_1,24.49
1511184674000,Humidity_1,14.889108985369157
1511184674004,Brightness_1,70.0
1511184674007,Temperature_2,23.9
1511184674010,Humidity_2,15.629028268974109
1511184674014,Brightness_2,73.0
1511184677278,Sound_P,54.210802194865956
1511184677282,PodiumIR,115
1511184677824,Motion_5,False
1511184679073,Sound_R,59.17929761067332
1511184680431,Temperature_1,24.49
1511184680435,Humidity_1,14.889108985369157
1511184680439,Brightness_1,70.0
1511184680441,Temperature_2,23.9
1511184680444,Humidity_2,15.629028268974109
1511184680446,Brightness_2,73.0
1511184687286,Sound_P,56.45426312235056
1511184687289,PodiumIR,97
1511184689073,Sound_R,57.563090788261114
1511184697294,Sound_P,51.62091662308819
1511184697297,PodiumIR,83
1511184699073,Sound_R,56.04608496283473
1511184702165,Temperature_1,24.49
1511184702168,Humidity_1,14.889108985369157
1511184702172,Brightness_1,70.0
1511184702175,Temperature_2,23.9
1511184702177,Humidity_2,15.629028268974109
1511184702180,Brightness_2,73.0
1511184707302,Sound_P,50.159038478285424
1511184707312,PodiumIR,84
1511184707770,Motion_5,False
1511184708591,Temperature_1,24.49
1511184708595,Humidity_1,14.889108985369157
1511184708599,Brightness_1,74.0
1511184708601,Temperature_2,23.9
1511184708604,Humidity_2,15.629028268974109
1511184708607,Brightness_2,73.0
1511184709073,Sound_R,57.209077716776115
1511184715476,Temperature_1,24.49
1511184715479,Humidity_1,14.889108985369157
1511184715483,Brightness_1,74.0
1511184715486,Temperature_2,23.9
1511184715489,Humidity_2,15.629028268974109
1511184715491,Brightness_2,73.0
1511184717322,Sound_P,60.20329792798059
1511184717331,PodiumIR,80
1511184719073,Sound_R,61.29426834876529
1511184721890,Temperature_1,24.49
1511184721893,Humidity_1,14.889108985369157
1511184721897,Brightness_1,74.0
1511184721900,Temperature_2,23.9
1511184721903,Humidity_2,15.629028268974109
1511184721907,Brightness_2,73.0
1511184725254,Motion_5,False
1511184725254,Seat_9,True
1511184727334,Sound_P,55.369951428718224
1511184727337,PodiumIR,93
1511184728303,Temperature_1,24.49
1511184728306,Humidity_1,14.889108985369157
1511184728310,Brightness_1,74.0
1511184728313,Temperature_2,23.9
1511184728316,Humidity_2,15.629028268974109
1511184728320,Brightness_2,73.0
1511184729073,Sound_R,61.8277763501166
1511184735030,Temperature_1,24.49
1511184735033,Humidity_1,14.889108985369157
1511184735037,Brightness_1,74.0
1511184735040,Temperature_2,23.9
1511184735042,Humidity_2,15.505708388373282
1511184735046,Brightness_2,74.0
1511184737345,Sound_P,55.369951428718224
1511184737348,PodiumIR,66
1511184739073,Sound_R,59.658602975877535
1511184741907,Temperature_1,24.49
1511184741911,Humidity_1,14.889108985369157
1511184741915,Brightness_1,74.0
1511184741918,Temperature_2,23.9
1511184741924,Humidity_2,15.505708388373282
1511184741927,Brightness_2,74.0
1511184747357,Sound_P,59.341519288975356
1511184747360,PodiumIR,90
1511184748321,Temperature_1,24.49
1511184748323,Humidity_1,14.889108985369157
1511184748325,Brightness_1,74.0
1511184748329,Temperature_2,23.9
1511184748331,Humidity_2,15.505708388373282
1511184748333,Brightness_2,74.0
1511184749073,Sound_R,59.31181725200389
1511184754820,Temperature_1,24.49
1511184754823,Humidity_1,14.889108985369157
1511184754827,Brightness_1,74.0
1511184754829,Temperature_2,23.9
1511184754832,Humidity_2,15.505708388373282
1511184754834,Brightness_2,74.0
1511184757366,Sound_P,51.62091662308819
1511184757371,PodiumIR,82
1511184759073,Sound_R,59.6078454227476
1511184761258,Temperature_1,24.49
1511184761261,Humidity_1,14.889108985369157
1511184761264,Brightness_1,74.0
1511184761267,Temperature_2,23.9
1511184761269,Humidity_2,15.505708388373282
1511184761271,Brightness_2,74.0
1511184767374,Sound_P,51.62091662308819
1511184767377,PodiumIR,86
1511184767912,Temperature_1,24.49
1511184767915,Humidity_1,14.889108985369157
1511184767919,Brightness_1,74.0
1511184767921,Temperature_2,23.9
1511184767923,Humidity_2,15.505708388373282
1511184767925,Brightness_2,74.0
1511184769073,Sound_R,58.89622642311414
1511184774308,Temperature_1,24.49
1511184774311,Humidity_1,14.889108985369157
1511184774315,Brightness_1,70.0
1511184774317,Temperature_2,23.9
1511184774320,Humidity_2,15.505708388373282
1511184774322,Brightness_2,74.0
1511184777384,Sound_P,52.96571415471127
1511184777387,PodiumIR,71
1511184779073,Sound_R,57.4834347668201
1511184781041,Temperature_1,24.49
1511184781044,Humidity_1,14.889108985369157
1511184781048,Brightness_1,70.0
1511184781050,Temperature_2,23.9
1511184781053,Humidity_2,15.505708388373282
1511184781055,Brightness_2,74.0
1511184787394,Sound_P,54.210802194865956
1511184787397,PodiumIR,90
1511184787460,Temperature_1,24.49
1511184787463,Humidity_1,14.889108985369157
1511184787467,Brightness_1,70.0
1511184787469,Temperature_2,23.9
1511184787471,Humidity_2,15.505708388373282
1511184787475,Brightness_2,74.0
1511184789073,Sound_R,57.38626271853597
1511184791660,Motion_5,False
1511184793900,Temperature_1,24.49
1511184793903,Humidity_1,14.889108985369157
1511184793907,Brightness_1,70.0
1511184793909,Temperature_2,23.9
1511184793911,Humidity_2,15.505708388373282
1511184793913,Brightness_2,74.0
1511184797403,Sound_P,59.341519288975356
1511184797407,PodiumIR,153
1511184799073,Sound_R,59.189737881530085
1511184800327,Temperature_1,24.49
1511184800330,Humidity_1,14.889108985369157
1511184800334,Brightness_1,70.0
1511184800337,Temperature_2,23.9
1511184800339,Humidity_2,15.629028268974109
1511184800343,Brightness_2,76.0
1511184807023,Temperature_1,24.49
1511184807026,Humidity_1,14.889108985369157
1511184807030,Brightness_1,70.0
1511184807032,Temperature_2,23.9
1511184807034,Humidity_2,15.629028268974109
1511184807036,Brightness_2,76.0
1511184807412,Sound_P,61.023021476191225
1511184807416,PodiumIR,94
1511184809073,Sound_R,58.387523028223995
1511184813482,Temperature_1,24.49
1511184813486,Humidity_1,14.889108985369157
1511184813490,Brightness_1,70.0
1511184813492,Temperature_2,23.9
1511184813494,Humidity_2,15.629028268974109
1511184813497,Brightness_2,76.0
1511184817418,Sound_P,52.96571415471127
1511184817422,PodiumIR,97
1511184819073,Sound_R,57.714610283879864
1511184820223,Temperature_1,24.49
1511184820226,Humidity_1,14.889108985369157
1511184820232,Brightness_1,70.0
1511184820235,Temperature_2,23.9
1511184820238,Humidity_2,15.629028268974109
1511184820240,Brightness_2,76.0
1511184826883,Temperature_1,24.49
1511184826887,Humidity_1,14.889108985369157
1511184826891,Brightness_1,70.0
1511184826893,Temperature_2,23.9
1511184826895,Humidity_2,15.629028268974109
1511184826899,Brightness_2,76.0
1511184827424,Sound_P,52.96571415471127
1511184827427,PodiumIR,74
1511184829073,Sound_R,58.46981850947163
1511184836420,Temperature_1,24.49
1511184836423,Humidity_1,14.889108985369157
1511184836427,Brightness_1,72.0
1511184836429,Temperature_2,23.9
1511184836432,Humidity_2,15.629028268974109
1511184836434,Brightness_2,76.0
1511184837430,Sound_P,51.62091662308819
1511184837433,PodiumIR,98
1511184839073,Sound_R,57.435304251281586
1511184843068,Temperature_1,24.49
1511184843071,Humidity_1,14.889108985369157
1511184843075,Brightness_1,72.0
1511184843077,Temperature_2,23.9
1511184843080,Humidity_2,15.629028268974109
1511184843084,Brightness_2,76.0
1511184847436,Sound_P,56.45426312235056
1511184847439,PodiumIR,94
1511184849073,Sound_R,55.568255682485955
1511184849832,Temperature_1,24.49
1511184849835,Humidity_1,14.889108985369157
1511184849839,Brightness_1,72.0
1511184849842,Temperature_2,23.9
1511184849844,Humidity_2,15.629028268974109
1511184849846,Brightness_2,76.0
1511184856268,Temperature_1,24.49
1511184856271,Humidity_1,14.889108985369157
1511184856275,Brightness_1,72.0
1511184856277,Temperature_2,23.9
1511184856280,Humidity_2,15.629028268974109
1511184856284,Brightness_2,76.0
1511184857442,Sound_P,59.341519288975356
1511184857445,PodiumIR,90
1511184859073,Sound_R,54.671150919406294
1511184862929,Temperature_1,24.49
1511184862932,Humidity_1,14.889108985369157
1511184862936,Brightness_1,72.0
1511184862938,Temperature_2,23.9
1511184862941,Humidity_2,15.505708388373282
1511184862943,Brightness_2,76.0
1511184867447,Sound_P,52.96571415471127
1511184867451,PodiumIR,103
1511184869073,Sound_R,55.879723342742665
1511184876459,Temperature_1,24.49
1511184876462,Humidity_1,14.889108985369157
1511184876466,Brightness_1,72.0
1511184876469,Temperature_2,23.9
1511184876471,Humidity_2,15.505708388373282
1511184876473,Brightness_2,76.0
1511184877453,Sound_P,51.62091662308819
1511184877456,PodiumIR,120
1511184879073,Sound_R,54.899451948166586
1511184882879,Temperature_1,24.49
1511184882882,Humidity_1,14.889108985369157
1511184882886,Brightness_1,72.0
1511184882888,Temperature_2,23.9
1511184882890,Humidity_2,15.505708388373282
1511184882892,Brightness_2,76.0
1511184887459,Sound_P,55.369951428718224
1511184887462,PodiumIR,92
1511184889073,Sound_R,53.81648165035704
1511184889357,Temperature_1,24.49
1511184889360,Humidity_1,14.889108985369157
1511184889364,Brightness_1,72.0
1511184889367,Temperature_2,23.9
1511184889377,Humidity_2,15.505708388373282
1511184889380,Brightness_2,76.0
1511184896115,Temperature_1,24.49
1511184896118,Humidity_1,14.889108985369157
1511184896121,Brightness_1,72.0
1511184896124,Temperature_2,23.9
1511184896126,Humidity_2,15.505708388373282
1511184896129,Brightness_2,76.0
1511184897465,Sound_P,50.159038478285424
1511184897468,PodiumIR,87
1511184899073,Sound_R,53.30764130782038
1511184902527,Temperature_1,24.49
1511184902530,Humidity_1,14.889108985369157
1511184902534,Brightness_1,75.0
1511184902536,Temperature_2,23.9
1511184902538,Humidity_2,15.505708388373282
1511184902541,Brightness_2,76.0
1511184907482,Sound_P,54.210802194865956
1511184907485,PodiumIR,90
1511184908991,Temperature_1,24.49
1511184908994,Humidity_1,14.889108985369157
1511184908998,Brightness_1,75.0
1511184909000,Temperature_2,23.9
1511184909002,Humidity_2,15.505708388373282
1511184909004,Brightness_2,76.0
1511184909073,Sound_R,52.85843474989138
1511184915700,Temperature_1,24.49
1511184915703,Humidity_1,14.889108985369157
1511184915706,Brightness_1,75.0
1511184915709,Temperature_2,23.9
1511184915711,Humidity_2,15.505708388373282
1511184915713,Brightness_2,76.0
1511184916622,Motion_5,False
1511184917488,Sound_P,51.62091662308819
1511184917498,PodiumIR,93
1511184918112,Motion_7,True
1511184919073,Sound_R,52.71820421710515
1511184922222,Temperature_1,24.49
1511184922225,Humidity_1,14.889108985369157
1511184922231,Brightness_1,75.0
1511184922235,Temperature_2,23.9
1511184922239,Humidity_2,15.505708388373282
1511184922242,Brightness_2,76.0
1511184927502,Sound_P,50.159038478285424
1511184927506,PodiumIR,98
1511184928626,Temperature_1,24.49
1511184928629,Humidity_1,14.889108985369157
1511184928633,Brightness_1,75.0
1511184928635,Temperature_2,23.78
1511184928638,Humidity_2,15.629028268974109
1511184928640,Brightness_2,77.0
1511184929073,Sound_R,52.993647904450306
1511184935328,Temperature_1,24.49
1511184935330,Humidity_1,14.889108985369157
1511184935334,Brightness_1,75.0
1511184935336,Temperature_2,23.78
1511184935339,Humidity_2,15.629028268974109
1511184935343,Brightness_2,77.0
1511184937511,Sound_P,51.62091662308819
1511184937514,PodiumIR,100
1511184939073,Sound_R,53.46411506159975
1511184941784,Temperature_1,24.49
1511184941787,Humidity_1,14.889108985369157
1511184941791,Brightness_1,75.0
1511184941793,Temperature_2,23.78
1511184941795,Humidity_2,15.629028268974109
1511184941798,Brightness_2,77.0
1511184947517,Sound_P,50.159038478285424
1511184947520,PodiumIR,93
1511184948224,Temperature_1,24.49
1511184948228,Humidity_1,14.889108985369157
1511184948234,Brightness_1,75.0
1511184948237,Temperature_2,23.78
1511184948239,Humidity_2,15.629028268974109
1511184948243,Brightness_2,77.0
1511184949073,Sound_R,53.179771655243314
1511184954680,Temperature_1,24.49
1511184954683,Humidity_1,14.889108985369157
1511184954687,Brightness_1,75.0
1511184954689,Temperature_2,23.78
1511184954691,Humidity_2,15.629028268974109
1511184954695,Brightness_2,77.0
1511184957521,Sound_P,50.159038478285424
1511184957524,PodiumIR,89
1511184959078,Sound_R,53.13602404339665
1511184961162,Temperature_1,24.49
1511184961164,Humidity_1,14.889108985369157
1511184961168,Brightness_1,75.0
1511184961171,Temperature_2,23.78
1511184961173,Humidity_2,15.629028268974109
1511184961174,Brightness_2,77.0
1511184967526,Sound_P,51.62091662308819
1511184967529,PodiumIR,88
1511184967644,Temperature_1,24.37
1511184967647,Humidity_1,14.889108985369157
1511184967651,Brightness_1,70.0
1511184967653,Temperature_2,23.78
1511184967655,Humidity_2,15.629028268974109
1511184967658,Brightness_2,77.0
1511184969073,Sound_R,54.65832110758774
1511184974055,Temperature_1,24.37
1511184974058,Humidity_1,14.889108985369157
1511184974062,Brightness_1,70.0
1511184974064,Temperature_2,23.78
1511184974066,Humidity_2,15.629028268974109
1511184974069,Brightness_2,77.0
1511184977538,Sound_P,52.96571415471127
1511184977541,PodiumIR,84
1511184979073,Sound_R,55.507181684215254
1511184980465,Temperature_1,24.37
1511184980468,Humidity_1,14.889108985369157
1511184980471,Brightness_1,70.0
1511184980473,Temperature_2,23.78
1511184980476,Humidity_2,15.629028268974109
1511184980478,Brightness_2,77.0
1511184986941,Temperature_1,24.37
1511184986944,Humidity_1,14.889108985369157
1511184986948,Brightness_1,70.0
1511184986950,Temperature_2,23.78
1511184986952,Humidity_2,15.629028268974109
1511184986955,Brightness_2,77.0
1511184987214,Motion_5,False
1511184987214,Motion_7,False
1511184987543,Sound_P,50.159038478285424
1511184987547,PodiumIR,90
1511184989073,Sound_R,55.666773098032564
1511184993712,Temperature_1,24.37
1511184993714,Humidity_1,14.889108985369157
1511184993718,Brightness_1,70.0
1511184993721,Temperature_2,23.78
1511184993722,Humidity_2,15.629028268974109
1511184993725,Brightness_2,79.0
1511184997550,Sound_P,55.369951428718224
1511184997553,PodiumIR,85
1511184999073,Sound_R,54.54636156498267
1511185000228,Temperature_1,24.37
1511185000233,Humidity_1,14.889108985369157
1511185000237,Brightness_1,70.0
1511185000239,Temperature_2,23.78
1511185000241,Humidity_2,15.629028268974109
1511185000243,Brightness_2,79.0
1511185006908,Temperature_1,24.37
1511185006911,Humidity_1,14.889108985369157
1511185006915,Brightness_1,70.0
1511185006917,Temperature_2,23.78
1511185006920,Humidity_2,15.629028268974109
1511185006921,Brightness_2,79.0
1511185007555,Sound_P,55.369951428718224
1511185007559,PodiumIR,106
1511185009073,Sound_R,55.73877374758166
1511185013567,Temperature_1,24.37
1511185013570,Humidity_1,14.889108985369157
1511185013573,Brightness_1,70.0
1511185013576,Temperature_2,23.78
1511185013578,Humidity_2,15.629028268974109
1511185013580,Brightness_2,79.0
1511185017450,Motion_5,False
1511185017561,Sound_P,54.210802194865956
1511185017564,PodiumIR,94
1511185019073,Sound_R,56.258489725814705
1511185020218,Temperature_1,24.37
1511185020220,Humidity_1,14.889108985369157
1511185020224,Brightness_1,70.0
1511185020227,Temperature_2,23.78
1511185020233,Humidity_2,15.629028268974109
1511185020236,Brightness_2,79.0
1511185026668,Temperature_1,24.37
1511185026671,Humidity_1,14.889108985369157
1511185026675,Brightness_1,70.0
1511185026677,Temperature_2,23.78
1511185026679,Humidity_2,15.629028268974109
1511185026683,Brightness_2,79.0
1511185027567,Sound_P,56.45426312235056
1511185027570,PodiumIR,88
1511185029073,Sound_R,54.57502833485
1511185033091,Temperature_1,24.37
1511185033094,Humidity_1,14.889108985369157
1511185033098,Brightness_1,70.0
1511185033100,Temperature_2,23.78
1511185033102,Humidity_2,15.629028268974109
1511185033104,Brightness_2,79.0
1511185037572,Sound_P,56.45426312235056
1511185037581,PodiumIR,80
1511185039073,Sound_R,55.17367157758088
1511185039780,Temperature_1,24.37
1511185039783,Humidity_1,14.889108985369157
1511185039787,Brightness_1,70.0
1511185039789,Temperature_2,23.78
1511185039791,Humidity_2,15.629028268974109
1511185039794,Brightness_2,79.0
1511185046224,Temperature_1,24.37
1511185046227,Humidity_1,14.889108985369157
1511185046234,Brightness_1,70.0
1511185046236,Temperature_2,23.78
1511185046238,Humidity_2,15.629028268974109
1511185046242,Brightness_2,79.0
1511185047584,Sound_P,52.96571415471127
1511185047587,PodiumIR,101
1511185049073,Sound_R,54.166202170850106
1511185052685,Temperature_1,24.37
1511185052688,Humidity_1,14.889108985369157
1511185052692,Brightness_1,70.0
1511185052694,Temperature_2,23.78
1511185052696,Humidity_2,15.629028268974109
1511185052698,Brightness_2,74.0
1511185057590,Sound_P,56.45426312235056
1511185057593,PodiumIR,95
1511185059073,Sound_R,55.41815176469968
1511185059135,Temperature_1,24.37
1511185059138,Humidity_1,14.889108985369157
1511185059142,Brightness_1,70.0
1511185059144,Temperature_2,23.78
1511185059146,Humidity_2,15.629028268974109
1511185059148,Brightness_2,74.0
1511185065581,Temperature_1,24.37
1511185065584,Humidity_1,14.889108985369157
1511185065588,Brightness_1,70.0
1511185065590,Temperature_2,23.78
1511185065592,Humidity_2,15.629028268974109
1511185065596,Brightness_2,74.0
1511185067603,Sound_P,56.45426312235056
1511185067607,PodiumIR,82
1511185069073,Sound_R,57.59943070640424
1511185071983,Temperature_1,24.37
1511185071986,Humidity_1,14.889108985369157
1511185071990,Brightness_1,70.0
1511185071993,Temperature_2,23.78
1511185071996,Humidity_2,15.629028268974109
1511185072000,Brightness_2,74.0
1511185077609,Sound_P,52.96571415471127
1511185077612,PodiumIR,91
1511185078472,Temperature_1,24.37
1511185078475,Humidity_1,14.889108985369157
1511185078479,Brightness_1,70.0
1511185078481,Temperature_2,23.78
1511185078485,Humidity_2,15.629028268974109
1511185078487,Brightness_2,74.0
1511185079073,Sound_R,56.30431611383576
1511185085249,Temperature_1,24.37
1511185085252,Humidity_1,14.889108985369157
1511185085255,Brightness_1,70.0
1511185085258,Temperature_2,23.78
1511185085260,Humidity_2,15.629028268974109
1511185085262,Brightness_2,74.0
1511185087615,Sound_P,51.62091662308819
1511185087618,PodiumIR,124
1511185089073,Sound_R,55.87908611711932
1511185091708,Temperature_1,24.37
1511185091710,Humidity_1,14.889108985369157
1511185091714,Brightness_1,70.0
1511185091715,Temperature_2,23.78
1511185091717,Humidity_2,15.629028268974109
1511185091720,Brightness_2,74.0
1511185097620,Sound_P,52.96571415471127
1511185097624,PodiumIR,91
1511185098151,Temperature_1,24.37
1511185098154,Humidity_1,14.889108985369157
1511185098157,Brightness_1,70.0
1511185098160,Temperature_2,23.78
1511185098162,Humidity_2,15.629028268974109
1511185098164,Brightness_2,74.0
1511185099073,Sound_R,57.36671957205244
1511185104558,Temperature_1,24.37
1511185104561,Humidity_1,14.889108985369157
1511185104564,Brightness_1,70.0
1511185104567,Temperature_2,23.78
1511185104569,Humidity_2,15.629028268974109
1511185104571,Brightness_2,74.0
1511185107626,Sound_P,61.80460425887306
1511185107630,PodiumIR,61
1511185108904,Motion_5,False
1511185108904,Seat_2,False
1511185109073,Sound_R,57.66521686482549
1511185110963,Temperature_1,24.37
1511185110966,Humidity_1,14.889108985369157
1511185110969,Brightness_1,70.0
1511185110972,Temperature_2,23.78
1511185110974,Humidity_2,15.629028268974109
1511185110976,Brightness_2,74.0
1511185117632,Sound_P,59.341519288975356
1511185117635,PodiumIR,78
1511185117655,Temperature_1,24.37
1511185117658,Humidity_1,14.889108985369157
1511185117662,Brightness_1,70.0
1511185117664,Temperature_2,23.78
1511185117666,Humidity_2,15.629028268974109
1511185117669,Brightness_2,75.0
1511185119073,Sound_R,56.13424528219921
1511185124219,Temperature_1,24.37
1511185124223,Humidity_1,14.889108985369157
1511185124226,Brightness_1,70.0
1511185124231,Temperature_2,23.78
1511185124235,Humidity_2,15.629028268974109
1511185124238,Brightness_2,75.0
1511185126979,Motion_5,False
1511185127638,Sound_P,51.62091662308819
1511185127641,PodiumIR,84
1511185129073,Sound_R,54.57541515924803
1511185130923,Temperature_1,24.37
1511185130926,Humidity_1,14.889108985369157
1511185130929,Brightness_1,70.0
1511185130931,Temperature_2,23.78
1511185130934,Humidity_2,15.629028268974109
1511185130936,Brightness_2,75.0
1511185137364,Temperature_1,24.37
1511185137368,Humidity_1,14.889108985369157
1511185137371,Brightness_1,70.0
1511185137373,Temperature_2,23.78
1511185137375,Humidity_2,15.629028268974109
1511185137379,Brightness_2,75.0
1511185137643,Sound_P,56.45426312235056
1511185137652,PodiumIR,81
1511185139073,Sound_R,54.47650996497379
1511185143831,Temperature_1,24.37
1511185143834,Humidity_1,14.889108985369157
1511185143837,Brightness_1,70.0
1511185143840,Temperature_2,23.78
1511185143842,Humidity_2,15.629028268974109
1511185143844,Brightness_2,75.0
1511185147657,Sound_P,50.159038478285424
1511185147660,PodiumIR,94
1511185149073,Sound_R,56.09971666564993
1511185150264,Temperature_1,24.37
1511185150267,Humidity_1,14.889108985369157
1511185150270,Brightness_1,70.0
1511185150273,Temperature_2,23.78
1511185150275,Humidity_2,15.629028268974109
1511185150277,Brightness_2,75.0
1511185156935,Temperature_1,24.37
1511185156938,Humidity_1,14.889108985369157
1511185156941,Brightness_1,70.0
1511185156943,Temperature_2,23.78
1511185156945,Humidity_2,15.629028268974109
1511185156948,Brightness_2,75.0
1511185157662,Sound_P,50.159038478285424
1511185157665,PodiumIR,106
1511185159073,Sound_R,56.71308016159535
1511185163374,Temperature_1,24.37
1511185163378,Humidity_1,14.889108985369157
1511185163381,Brightness_1,70.0
1511185163383,Temperature_2,23.78
1511185163385,Humidity_2,15.629028268974109
1511185163388,Brightness_2,75.0
1511185167668,Sound_P,59.341519288975356
1511185167671,PodiumIR,75
1511185169072,Sound_R,56.36593359864642
1511185170038,Temperature_1,24.37
1511185170041,Humidity_1,14.889108985369157
1511185170044,Brightness_1,70.0
1511185170047,Temperature_2,23.78
1511185170049,Humidity_2,15.629028268974109
1511185170051,Brightness_2,75.0
1511185172458,Motion_5,False
1511185172458,Seat_11,False
1511185172458,Seat_8,False
1511185176485,Temperature_1,24.37
1511185176488,Humidity_1,14.889108985369157
1511185176491,Brightness_1,70.0
1511185176493,Temperature_2,23.78
1511185176495,Humidity_2,15.629028268974109
1511185176497,Brightness_2,75.0
1511185177673,Sound_P,54.210802194865956
1511185177677,PodiumIR,92
1511185179073,Sound_R,58.153021302667575
1511185182894,Temperature_1,24.37
1511185182897,Humidity_1,14.889108985369157
1511185182901,Brightness_1,70.0
1511185182903,Temperature_2,23.78
1511185182905,Humidity_2,15.629028268974109
1511185182907,Brightness_2,77.0
1511185187685,Sound_P,56.45426312235056
1511185187688,PodiumIR,88
1511185189073,Sound_R,55.85977927479464
1511185189312,Temperature_1,24.37
1511185189314,Humidity_1,14.889108985369157
1511185189318,Brightness_1,70.0
1511185189320,Temperature_2,23.78
1511185189322,Humidity_2,15.629028268974109
1511185189324,Brightness_2,77.0
1511185196058,Temperature_1,24.37
1511185196061,Humidity_1,14.889108985369157
1511185196064,Brightness_1,70.0
1511185196067,Temperature_2,23.78
1511185196069,Humidity_2,15.629028268974109
1511185196071,Brightness_2,77.0
1511185197691,Sound_P,69.60540278108363
1511185197694,PodiumIR,92
1511185199073,Sound_R,55.749420356549344
1511185202464,Temperature_1,24.37
1511185202467,Humidity_1,14.889108985369157
1511185202471,Brightness_1,70.0
1511185202473,Temperature_2,23.78
1511185202475,Humidity_2,15.629028268974109
1511185202478,Brightness_2,77.0
1511185207697,Sound_P,57.472817393488484
1511185207700,PodiumIR,100
1511185208891,Temperature_1,24.37
1511185208894,Humidity_1,14.889108985369157
1511185208898,Brightness_1,70.0
1511185208900,Temperature_2,23.78
1511185208902,Humidity_2,15.629028268974109
1511185208905,Brightness_2,77.0
1511185209073,Sound_R,56.32772675227935
1511185215602,Temperature_1,24.37
1511185215605,Humidity_1,14.889108985369157
1511185215609,Brightness_1,70.0
1511185215611,Temperature_2,23.78
1511185215613,Humidity_2,15.629028268974109
1511185215615,Brightness_2,77.0
1511185217702,Sound_P,56.45426312235056
1511185217706,PodiumIR,92
1511185219073,Sound_R,54.56726154523128
1511185222052,Temperature_1,24.37
1511185222055,Humidity_1,14.889108985369157
1511185222059,Brightness_1,70.0
1511185222061,Temperature_2,23.78
1511185222063,Humidity_2,15.629028268974109
1511185222065,Brightness_2,77.0
1511185222145,Motion_5,False
1511185227708,Sound_P,58.433135904413454
1511185227712,PodiumIR,137
1511185228581,Temperature_1,24.37
1511185228584,Humidity_1,14.889108985369157
1511185228588,Brightness_1,70.0
1511185228590,Temperature_2,23.78
1511185228593,Humidity_2,15.629028268974109
1511185228597,Brightness_2,77.0
1511185229073,Sound_R,57.00666130266145
1511185235272,Temperature_1,24.37
1511185235275,Humidity_1,14.889108985369157
1511185235279,Brightness_1,70.0
1511185235281,Temperature_2,23.78
1511185235283,Humidity_2,15.629028268974109
1511185235286,Brightness_2,77.0
1511185237714,Sound_P,56.45426312235056
1511185237717,PodiumIR,145
1511185239073,Sound_R,57.86904028906125
1511185241725,Temperature_1,24.37
1511185241728,Humidity_1,14.889108985369157
1511185241732,Brightness_1,70.0
1511185241734,Temperature_2,23.78
1511185241736,Humidity_2,15.629028268974109
1511185241739,Brightness_2,77.0
1511185247720,Sound_P,55.369951428718224
1511185247723,PodiumIR,80
1511185248167,Temperature_1,24.37
1511185248170,Humidity_1,14.889108985369157
1511185248174,Brightness_1,70.0
1511185248176,Temperature_2,23.78
1511185248178,Humidity_2,15.629028268974109
1511185248182,Brightness_2,74.0
1511185249073,Sound_R,57.502488106543865
1511185254618,Temperature_1,24.37
1511185254621,Humidity_1,14.889108985369157
1511185254624,Brightness_1,70.0
1511185254627,Temperature_2,23.78
1511185254629,Humidity_2,15.629028268974109
1511185254633,Brightness_2,74.0
1511185257726,Sound_P,57.472817393488484
1511185257729,PodiumIR,78
1511185259073,Sound_R,57.9013240805607
1511185261375,Temperature_1,24.37
1511185261378,Humidity_1,14.889108985369157
1511185261382,Brightness_1,70.0
1511185261384,Temperature_2,23.78
1511185261386,Humidity_2,15.629028268974109
1511185261390,Brightness_2,74.0
1511185267732,Sound_P,54.210802194865956
1511185267735,PodiumIR,98
1511185267802,Temperature_1,24.37
1511185267805,Humidity_1,14.889108985369157
1511185267809,Brightness_1,70.0
1511185267811,Temperature_2,23.78
1511185267813,Humidity_2,15.629028268974109
1511185267815,Brightness_2,74.0
1511185269073,Sound_R,57.073892380031815
1511185274224,Temperature_1,24.37
1511185274227,Humidity_1,14.889108985369157
1511185274233,Brightness_1,70.0
1511185274236,Temperature_2,23.78
1511185274238,Humidity_2,15.629028268974109
1511185274242,Brightness_2,74.0
1511185277737,Sound_P,52.96571415471127
1511185277741,PodiumIR,89
1511185279073,Sound_R,55.05968795645034
1511185280932,Temperature_1,24.37
1511185280938,Humidity_1,14.889108985369157
1511185280941,Brightness_1,75.0
1511185280943,Temperature_2,23.78
1511185280945,Humidity_2,15.629028268974109
1511185280950,Brightness_2,74.0
1511185287418,Temperature_1,24.37
1511185287424,Humidity_1,14.889108985369157
1511185287427,Brightness_1,75.0
1511185287430,Temperature_2,23.78
1511185287435,Humidity_2,15.629028268974109
1511185287438,Brightness_2,74.0
1511185287743,Sound_P,55.369951428718224
1511185287746,PodiumIR,94
1511185289073,Sound_R,57.06846970216227
1511185293861,Temperature_1,24.37
1511185293867,Humidity_1,14.889108985369157
1511185293870,Brightness_1,75.0
1511185293872,Temperature_2,23.78
1511185293874,Humidity_2,15.629028268974109
1511185293879,Brightness_2,74.0
1511185297749,Sound_P,56.45426312235056
1511185297752,PodiumIR,81
1511185299073,Sound_R,59.95971771215854
1511185300283,Temperature_1,24.37
1511185300289,Humidity_1,14.889108985369157
1511185300292,Brightness_1,75.0
1511185300294,Temperature_2,23.78
1511185300300,Humidity_2,15.629028268974109
1511185300302,Brightness_2,74.0
1511185306745,Temperature_1,24.37
1511185306750,Humidity_1,14.889108985369157
1511185306753,Brightness_1,75.0
1511185306755,Temperature_2,23.78
1511185306757,Humidity_2,15.629028268974109
1511185306759,Brightness_2,76.0
1511185307754,Sound_P,57.472817393488484
1511185307758,PodiumIR,119
1511185309073,Sound_R,62.05343619307357
1511185313393,Temperature_1,24.37
1511185313400,Humidity_1,14.889108985369157
1511185313402,Brightness_1,75.0
1511185313404,Temperature_2,23.78
1511185313406,Humidity_2,15.629028268974109
1511185313410,Brightness_2,76.0
1511185317760,Sound_P,51.62091662308819
1511185317763,PodiumIR,86
1511185319073,Sound_R,63.95393851224562
1511185320080,Temperature_1,24.37
1511185320083,Humidity_1,14.889108985369157
1511185320086,Brightness_1,75.0
1511185320089,Temperature_2,23.78
1511185320091,Humidity_2,15.629028268974109
1511185320093,Brightness_2,76.0
1511185321728,Motion_5,False
1511185321728,Seat_10,False
1511185321728,Seat_4,False
1511185321728,Seat_9,True
1511185326493,Temperature_1,24.37
1511185326496,Humidity_1,14.889108985369157
1511185326500,Brightness_1,75.0
1511185326502,Temperature_2,23.78
1511185326504,Humidity_2,15.629028268974109
1511185326506,Brightness_2,76.0
1511185327766,Sound_P,64.61127993529891
1511185327769,PodiumIR,67
1511185329073,Sound_R,61.28542605280947
1511185331278,Motion_5,True
1511185331278,Motion_7,True
1511185332891,Temperature_1,24.37
1511185332894,Humidity_1,14.889108985369157
1511185332897,Brightness_1,75.0
1511185332899,Temperature_2,23.78
1511185332902,Humidity_2,15.629028268974109
1511185332904,Brightness_2,76.0
1511185337772,Sound_P,54.210802194865956
1511185337775,PodiumIR,87
1511185339073,Sound_R,57.988049155384154
1511185339619,Temperature_1,24.37
1511185339622,Humidity_1,14.889108985369157
1511185339625,Brightness_1,75.0
1511185339628,Temperature_2,23.78
1511185339630,Humidity_2,15.629028268974109
1511185339634,Brightness_2,76.0
1511185346227,Temperature_1,24.37
1511185346230,Humidity_1,14.889108985369157
1511185346236,Brightness_1,74.0
1511185346239,Temperature_2,23.78
1511185346241,Humidity_2,15.629028268974109
1511185346243,Brightness_2,76.0
1511185347778,Sound_P,54.210802194865956
1511185347781,PodiumIR,101
1511185349073,Sound_R,56.15751750988324
1511185352920,Temperature_1,24.37
1511185352923,Humidity_1,14.889108985369157
1511185352927,Brightness_1,74.0
1511185352929,Temperature_2,23.78
1511185352932,Humidity_2,15.629028268974109
1511185352934,Brightness_2,76.0
1511185357783,Sound_P,56.45426312235056
1511185357786,PodiumIR,83
1511185359073,Sound_R,55.508168912067426
1511185359578,Temperature_1,24.37
1511185359581,Humidity_1,14.889108985369157
1511185359585,Brightness_1,74.0
1511185359587,Temperature_2,23.78
1511185359590,Humidity_2,15.629028268974109
1511185359593,Brightness_2,76.0
1511185366034,Temperature_1,24.37
1511185366037,Humidity_1,14.889108985369157
1511185366041,Brightness_1,74.0
1511185366043,Temperature_2,23.78
1511185366045,Humidity_2,15.629028268974109
1511185366048,Brightness_2,76.0
1511185367789,Sound_P,57.472817393488484
1511185367792,PodiumIR,86
1511185369073,Sound_R,56.44152120561674
1511185372456,Temperature_1,24.37
1511185372459,Humidity_1,14.889108985369157
1511185372463,Brightness_1,74.0
1511185372465,Temperature_2,23.78
1511185372467,Humidity_2,15.629028268974109
1511185372470,Brightness_2,73.0
1511185377795,Sound_P,55.369951428718224
1511185377805,PodiumIR,96
1511185378861,Temperature_1,24.37
1511185378864,Humidity_1,14.889108985369157
1511185378867,Brightness_1,74.0
1511185378869,Temperature_2,23.78
1511185378872,Humidity_2,15.629028268974109
1511185378874,Brightness_2,73.0
1511185379073,Sound_R,55.9654074016529
1511185385596,Temperature_1,24.37
1511185385599,Humidity_1,14.889108985369157
1511185385603,Brightness_1,74.0
1511185385605,Temperature_2,23.78
1511185385607,Humidity_2,15.629028268974109
1511185385609,Brightness_2,73.0
1511185387808,Sound_P,55.369951428718224
1511185387811,PodiumIR,93
1511185389073,Sound_R,56.41666484796318
1511185392046,Temperature_1,24.37
1511185392049,Humidity_1,14.889108985369157
1511185392053,Brightness_1,74.0
1511185392055,Temperature_2,23.78
1511185392057,Humidity_2,15.629028268974109
1511185392060,Brightness_2,73.0
1511185397814,Sound_P,55.369951428718224
1511185397817,PodiumIR,94
1511185398468,Temperature_1,24.37
1511185398471,Humidity_1,14.889108985369157
1511185398474,Brightness_1,74.0
1511185398477,Temperature_2,23.78
1511185398479,Humidity_2,15.629028268974109
1511185398481,Brightness_2,73.0
1511185399073,Sound_R,58.01793449686638
1511185405163,Temperature_1,24.37
1511185405166,Humidity_1,14.889108985369157
1511185405170,Brightness_1,74.0
1511185405172,Temperature_2,23.78
1511185405174,Humidity_2,15.629028268974109
1511185405176,Brightness_2,73.0
1511185407819,Sound_P,54.210802194865956
1511185407823,PodiumIR,95
1511185409073,Sound_R,58.214319449340884
1511185411572,Temperature_1,24.37
1511185411574,Humidity_1,14.889108985369157
1511185411579,Brightness_1,70.0
1511185411581,Temperature_2,23.78
1511185411584,Humidity_2,15.629028268974109
1511185411588,Brightness_2,73.0
1511185417825,Sound_P,65.8563679754536
1511185417829,PodiumIR,93
1511185418102,Temperature_1,24.37
1511185418104,Humidity_1,14.889108985369157
1511185418108,Brightness_1,70.0
1511185418110,Temperature_2,23.78
1511185418112,Humidity_2,15.629028268974109
1511185418114,Brightness_2,73.0
1511185419073,Sound_R,58.39427360451838
1511185424526,Temperature_1,24.37
1511185424529,Humidity_1,14.889108985369157
1511185424533,Brightness_1,70.0
1511185424535,Temperature_2,23.78
1511185424537,Humidity_2,15.629028268974109
1511185424540,Brightness_2,73.0
1511185427831,Sound_P,54.210802194865956
1511185427834,PodiumIR,90
1511185429072,Sound_R,59.06386479819928
1511185431052,Temperature_1,24.37
1511185431055,Humidity_1,14.889108985369157
1511185431058,Brightness_1,70.0
1511185431061,Temperature_2,23.78
1511185431063,Humidity_2,15.629028268974109
1511185431066,Brightness_2,73.0
1511185437505,Temperature_1,24.37
1511185437507,Humidity_1,14.889108985369157
1511185437510,Brightness_1,70.0
1511185437513,Temperature_2,23.78
1511185437515,Humidity_2,15.629028268974109
1511185437517,Brightness_2,76.0
1511185437837,Sound_P,54.210802194865956
1511185437840,PodiumIR,92
1511185439073,Sound_R,58.87123350659062
1511185443984,Temperature_1,24.37
1511185443987,Humidity_1,14.889108985369157
1511185443989,Brightness_1,70.0
1511185443992,Temperature_2,23.78
1511185443994,Humidity_2,15.629028268974109
1511185443996,Brightness_2,76.0
1511185447842,Sound_P,51.62091662308819
1511185447845,PodiumIR,90
1511185449073,Sound_R,58.76868394559508
1511185450407,Temperature_1,24.37
1511185450410,Humidity_1,14.889108985369157
1511185450413,Brightness_1,70.0
1511185450415,Temperature_2,23.78
1511185450417,Humidity_2,15.629028268974109
1511185450420,Brightness_2,76.0
1511185456515,Motion_5,False
1511185456515,Motion_7,False
1511185456520,Motion_5,True
1511185457171,Temperature_1,24.37
1511185457174,Humidity_1,14.889108985369157
1511185457178,Brightness_1,70.0
1511185457180,Temperature_2,23.78
1511185457182,Humidity_2,15.629028268974109
1511185457184,Brightness_2,76.0
1511185457848,Sound_P,51.62091662308819
1511185457852,PodiumIR,70
1511185459073,Sound_R,57.75638194603957
1511185460127,Motion_7,True
1511185462723,Motion_6,True
1511185463570,Temperature_1,24.37
1511185463572,Humidity_1,14.889108985369157
1511185463575,Brightness_1,70.0
1511185463578,Temperature_2,23.78
1511185463580,Humidity_2,15.629028268974109
1511185463582,Brightness_2,76.0
1511185467854,Sound_P,55.369951428718224
1511185467857,PodiumIR,90
1511185469073,Sound_R,55.60421288672364
1511185469411,Motion_5,True
1511185470252,Temperature_1,24.37
1511185470255,Humidity_1,14.889108985369157
1511185470258,Brightness_1,70.0
1511185470260,Temperature_2,23.78
1511185470262,Humidity_2,15.629028268974109
1511185470264,Brightness_2,76.0
1511185476746,Temperature_1,24.37
1511185476749,Humidity_1,14.889108985369157
1511185476752,Brightness_1,70.0
1511185476755,Temperature_2,23.78
1511185476757,Humidity_2,15.629028268974109
1511185476759,Brightness_2,76.0
1511185477860,Sound_P,54.210802194865956
1511185477863,PodiumIR,92
1511185479073,Sound_R,55.77696208206884
1511185483491,Temperature_1,24.37
1511185483494,Humidity_1,14.889108985369157
1511185483497,Brightness_1,70.0
1511185483500,Temperature_2,23.78
1511185483502,Humidity_2,15.629028268974109
1511185483505,Brightness_2,76.0
1511185483764,Motion_7,False
1511185483764,Motion_6,False
1511185483764,Motion_5,True
1511185487865,Sound_P,52.96571415471127
1511185487869,PodiumIR,104
1511185489073,Sound_R,56.88166484592316
1511185489935,Temperature_1,24.37
1511185489938,Humidity_1,14.889108985369157
1511185489941,Brightness_1,70.0
1511185489944,Temperature_2,23.78
1511185489946,Humidity_2,15.629028268974109
1511185489948,Brightness_2,76.0
1511185496573,Temperature_1,24.37
1511185496575,Humidity_1,14.889108985369157
1511185496579,Brightness_1,70.0
1511185496581,Temperature_2,23.78
1511185496583,Humidity_2,15.629028268974109
1511185496585,Brightness_2,79.0
1511185497871,Sound_P,55.369951428718224
1511185497874,PodiumIR,99
1511185499073,Sound_R,57.28208786334982
1511185499698,Motion_5,False
1511185499698,Motion_7,True
1511185502504,Motion_8,True
1511185503058,Temperature_1,24.37
1511185503061,Humidity_1,14.889108985369157
1511185503064,Brightness_1,70.0
1511185503067,Temperature_2,23.78
1511185503069,Humidity_2,15.629028268974109
1511185503072,Brightness_2,79.0
1511185507877,Sound_P,60.20329792798059
1511185507880,PodiumIR,100
1511185509073,Sound_R,56.956745677411995
1511185509466,Temperature_1,24.37
1511185509469,Humidity_1,14.889108985369157
1511185509472,Brightness_1,70.0
1511185509475,Temperature_2,23.78
1511185509477,Humidity_2,15.629028268974109
1511185509479,Brightness_2,79.0
1511185512610,Motion_5,True
1511185512615,Motion_7,False
1511185516165,Temperature_1,24.37
1511185516168,Humidity_1,14.889108985369157
1511185516171,Brightness_1,70.0
1511185516173,Temperature_2,23.78
1511185516175,Humidity_2,15.629028268974109
1511185516178,Brightness_2,79.0
1511185517882,Sound_P,50.159038478285424
1511185517886,PodiumIR,87
1511185519073,Sound_R,56.80623012625606
1511185522569,Temperature_1,24.37
1511185522572,Humidity_1,14.889108985369157
1511185522575,Brightness_1,70.0
1511185522578,Temperature_2,23.78
1511185522580,Humidity_2,15.629028268974109
1511185522583,Brightness_2,79.0
1511185525516,Motion_8,False
1511185525516,Motion_5,True
1511185527889,Sound_P,60.20329792798059
1511185527898,PodiumIR,79
1511185529073,Sound_R,56.45657728304545
1511185529257,Temperature_1,24.37
1511185529260,Humidity_1,14.889108985369157
1511185529263,Brightness_1,70.0
1511185529265,Temperature_2,23.78
1511185529268,Humidity_2,15.629028268974109
1511185529271,Brightness_2,79.0
1511185535708,Temperature_1,24.37
1511185535711,Humidity_1,14.889108985369157
1511185535714,Brightness_1,73.0
1511185535716,Temperature_2,23.78
1511185535719,Humidity_2,15.629028268974109
1511185535722,Brightness_2,79.0
1511185537902,Sound_P,56.45426312235056
1511185537905,PodiumIR,81
1511185539073,Sound_R,54.786577014229096
1511185542160,Temperature_1,24.37
1511185542163,Humidity_1,14.889108985369157
1511185542166,Brightness_1,73.0
1511185542168,Temperature_2,23.78
1511185542170,Humidity_2,15.629028268974109
1511185542172,Brightness_2,79.0
1511185547912,Sound_P,52.96571415471127
1511185547915,PodiumIR,90
1511185548593,Temperature_1,24.37
1511185548596,Humidity_1,14.889108985369157
1511185548599,Brightness_1,73.0
1511185548601,Temperature_2,23.78
1511185548603,Humidity_2,15.629028268974109
1511185548606,Brightness_2,79.0
1511185549073,Sound_R,54.989424261198444
1511185549644,Motion_5,False
1511185555164,Temperature_1,24.37
1511185555167,Humidity_1,14.889108985369157
1511185555170,Brightness_1,73.0
1511185555173,Temperature_2,23.78
1511185555175,Humidity_2,15.629028268974109
1511185555178,Brightness_2,79.0
1511185557921,Sound_P,55.369951428718224
1511185557925,PodiumIR,84
1511185559073,Sound_R,54.6863114318103
1511185562234,Temperature_1,24.37
1511185562237,Humidity_1,14.889108985369157
1511185562241,Brightness_1,73.0
1511185562243,Temperature_2,23.78
1511185562245,Humidity_2,15.629028268974109
1511185562248,Brightness_2,73.0
1511185567931,Sound_P,57.472817393488484
1511185567934,PodiumIR,92
1511185568649,Temperature_1,24.37
1511185568651,Humidity_1,14.889108985369157
1511185568655,Brightness_1,73.0
1511185568657,Temperature_2,23.78
1511185568660,Humidity_2,15.629028268974109
1511185568663,Brightness_2,73.0
1511185569073,Sound_R,54.08580737455068
1511185575139,Temperature_1,24.37
1511185575142,Humidity_1,14.889108985369157
1511185575145,Brightness_1,73.0
1511185575147,Temperature_2,23.78
1511185575149,Humidity_2,15.629028268974109
1511185575151,Brightness_2,73.0
1511185577941,Sound_P,55.369951428718224
1511185577944,PodiumIR,101
1511185579072,Sound_R,57.84465836252036
1511185581595,Temperature_1,24.37
1511185581598,Humidity_1,14.889108985369157
1511185581601,Brightness_1,73.0
1511185581604,Temperature_2,23.78
1511185581606,Humidity_2,15.629028268974109
1511185581608,Brightness_2,73.0
1511185587947,Sound_P,52.96571415471127
1511185587949,PodiumIR,94
1511185587998,Temperature_1,24.37
1511185588002,Humidity_1,14.889108985369157
1511185588005,Brightness_1,73.0
1511185588007,Temperature_2,23.78
1511185588010,Humidity_2,15.629028268974109
1511185588019,Brightness_2,73.0
1511185589073,Sound_R,56.923222369814425
1511185594410,Temperature_1,24.37
1511185594414,Humidity_1,14.889108985369157
1511185594418,Brightness_1,73.0
1511185594420,Temperature_2,23.78
1511185594422,Humidity_2,15.629028268974109
1511185594425,Brightness_2,73.0
1511185597951,Sound_P,50.159038478285424
1511185597954,PodiumIR,96
1511185597965,Motion_5,False
1511185599073,Sound_R,54.434583642608466
1511185601069,Temperature_1,24.37
1511185601072,Humidity_1,14.889108985369157
1511185601076,Brightness_1,74.0
1511185601078,Temperature_2,23.78
1511185601081,Humidity_2,15.629028268974109
1511185601084,Brightness_2,73.0
1511185607799,Temperature_1,24.37
1511185607802,Humidity_1,14.889108985369157
1511185607805,Brightness_1,74.0
1511185607808,Temperature_2,23.78
1511185607810,Humidity_2,15.629028268974109
1511185607814,Brightness_2,73.0
1511185607957,Sound_P,54.210802194865956
1511185607960,PodiumIR,89
1511185609073,Sound_R,54.40993591351239
1511185613909,Motion_5,False
1511185614264,Temperature_1,24.37
1511185614268,Humidity_1,14.889108985369157
1511185614271,Brightness_1,74.0
1511185614274,Temperature_2,23.78
1511185614276,Humidity_2,15.629028268974109
1511185614280,Brightness_2,73.0
1511185617962,Sound_P,54.210802194865956
1511185617967,PodiumIR,93
1511185619073,Sound_R,53.348754668899765
1511185620701,Temperature_1,24.37
1511185620704,Humidity_1,14.889108985369157
1511185620708,Brightness_1,74.0
1511185620710,Temperature_2,23.78
1511185620713,Humidity_2,15.629028268974109
1511185620715,Brightness_2,73.0
1511185627172,Temperature_1,24.37
1511185627175,Humidity_1,14.889108985369157
1511185627179,Brightness_1,74.0
1511185627181,Temperature_2,23.78
1511185627184,Humidity_2,15.629028268974109
1511185627186,Brightness_2,73.0
1511185627976,Sound_P,54.210802194865956
1511185627979,PodiumIR,94
1511185629073,Sound_R,55.04910454598829
1511185633610,Temperature_1,24.37
1511185633614,Humidity_1,14.889108985369157
1511185633617,Brightness_1,74.0
1511185633620,Temperature_2,23.78
1511185633622,Humidity_2,15.629028268974109
1511185633625,Brightness_2,73.0
1511185637146,Motion_5,False
1511185637151,Motion_5,True
1511185637990,Sound_P,56.45426312235056
1511185637993,PodiumIR,95
1511185639073,Sound_R,57.026445536386994
1511185640032,Temperature_1,24.37
1511185640035,Humidity_1,14.889108985369157
1511185640039,Brightness_1,74.0
1511185640041,Temperature_2,23.78
1511185640044,Humidity_2,15.629028268974109
1511185640046,Brightness_2,73.0
1511185646438,Temperature_1,24.37
1511185646442,Humidity_1,14.889108985369157
1511185646445,Brightness_1,74.0
1511185646448,Temperature_2,23.78
1511185646450,Humidity_2,15.629028268974109
1511185646453,Brightness_2,73.0
1511185648000,Sound_P,54.210802194865956
1511185648003,PodiumIR,109
1511185649073,Sound_R,55.944750329680964
1511185653267,Temperature_1,24.37
1511185653270,Humidity_1,14.889108985369157
1511185653274,Brightness_1,74.0
1511185653276,Temperature_2,23.78
1511185653279,Humidity_2,15.629028268974109
1511185653282,Brightness_2,73.0
1511185658010,Sound_P,56.45426312235056
1511185658013,PodiumIR,91
1511185659073,Sound_R,55.46562802507992
1511185659737,Temperature_1,24.37
1511185659741,Humidity_1,14.889108985369157
1511185659744,Brightness_1,74.0
1511185659747,Temperature_2,23.78
1511185659749,Humidity_2,15.629028268974109
1511185659752,Brightness_2,73.0
1511185666241,Temperature_1,24.37
1511185666245,Humidity_1,14.889108985369157
1511185666248,Brightness_1,70.0
1511185666251,Temperature_2,23.78
1511185666254,Humidity_2,15.629028268974109
1511185666256,Brightness_2,73.0
1511185668020,Sound_P,54.210802194865956
1511185668023,PodiumIR,90
1511185669073,Sound_R,56.297590683541806
1511185669328,Motion_5,False
1511185672936,Temperature_1,24.37
1511185672939,Humidity_1,14.889108985369157
1511185672942,Brightness_1,70.0
1511185672945,Temperature_2,23.78
1511185672947,Humidity_2,15.629028268974109
1511185672949,Brightness_2,73.0
1511185678026,Sound_P,50.159038478285424
1511185678040,PodiumIR,74
1511185679073,Sound_R,56.90352857482
1511185679377,Temperature_1,24.37
1511185679380,Humidity_1,14.889108985369157
1511185679383,Brightness_1,70.0
1511185679386,Temperature_2,23.78
1511185679388,Humidity_2,15.629028268974109
1511185679392,Brightness_2,73.0
1511185685778,Temperature_1,24.37
1511185685781,Humidity_1,14.889108985369157
1511185685784,Brightness_1,70.0
1511185685787,Temperature_2,23.78
1511185685789,Humidity_2,15.629028268974109
1511185685792,Brightness_2,73.0
1511185688044,Sound_P,52.96571415471127
1511185688048,PodiumIR,77
1511185689073,Sound_R,56.10575920994712
1511185692230,Temperature_1,24.37
1511185692234,Humidity_1,14.889108985369157
1511185692237,Brightness_1,70.0
1511185692240,Temperature_2,23.78
1511185692242,Humidity_2,15.629028268974109
1511185692244,Brightness_2,74.0
1511185698054,Sound_P,57.472817393488484
1511185698058,PodiumIR,84
1511185698945,Temperature_1,24.37
1511185698948,Humidity_1,14.889108985369157
1511185698951,Brightness_1,70.0
1511185698954,Temperature_2,23.78
1511185698956,Humidity_2,15.629028268974109
1511185698959,Brightness_2,74.0
1511185699073,Sound_R,56.6804062292785
1511185705695,Temperature_1,24.37
1511185705698,Humidity_1,14.889108985369157
1511185705701,Brightness_1,70.0
1511185705703,Temperature_2,23.78
1511185705706,Humidity_2,15.629028268974109
1511185705709,Brightness_2,74.0
1511185708064,Sound_P,56.45426312235056
1511185708068,PodiumIR,132
1511185709073,Sound_R,57.75998031324388
1511185712145,Temperature_1,24.37
1511185712148,Humidity_1,14.889108985369157
1511185712151,Brightness_1,70.0
1511185712154,Temperature_2,23.78
1511185712156,Humidity_2,15.629028268974109
1511185712159,Brightness_2,74.0
1511185718073,Sound_P,59.341519288975356
1511185718076,PodiumIR,114
1511185718546,Temperature_1,24.37
1511185718549,Humidity_1,14.889108985369157
1511185718552,Brightness_1,70.0
1511185718555,Temperature_2,23.78
1511185718557,Humidity_2,15.629028268974109
1511185718560,Brightness_2,74.0
1511185719073,Sound_R,58.07463940676854
1511185724976,Temperature_1,24.37
1511185724979,Humidity_1,14.889108985369157
1511185724983,Brightness_1,70.0
1511185724985,Temperature_2,23.78
1511185724987,Humidity_2,15.629028268974109
1511185724990,Brightness_2,74.0
1511185728081,Sound_P,52.96571415471127
1511185728084,PodiumIR,104
1511185729073,Sound_R,60.32280607837095
1511185729750,Motion_5,False
1511185731501,Temperature_1,24.37
1511185731504,Humidity_1,14.889108985369157
1511185731508,Brightness_1,70.0
1511185731510,Temperature_2,23.78
1511185731512,Humidity_2,15.629028268974109
1511185731515,Brightness_2,74.0
1511185738089,Sound_P,52.96571415471127
1511185738092,PodiumIR,130
1511185738111,Temperature_1,24.37
1511185738114,Humidity_1,14.889108985369157
1511185738118,Brightness_1,70.0
1511185738120,Temperature_2,23.78
1511185738122,Humidity_2,15.629028268974109
1511185738125,Brightness_2,74.0
1511185739073,Sound_R,57.67438075757775
1511185744507,Temperature_1,24.37
1511185744510,Humidity_1,14.889108985369157
1511185744513,Brightness_1,70.0
1511185744516,Temperature_2,23.78
1511185744518,Humidity_2,15.629028268974109
1511185744520,Brightness_2,74.0
1511185745699,Motion_5,False
1511185748097,Sound_P,55.369951428718224
1511185748100,PodiumIR,127
1511185749073,Sound_R,54.4269411676457
1511185750958,Temperature_1,24.37
1511185750961,Humidity_1,14.889108985369157
1511185750964,Brightness_1,70.0
1511185750967,Temperature_2,23.78
1511185750969,Humidity_2,15.629028268974109
1511185750972,Brightness_2,73.0
1511185757407,Temperature_1,24.37
1511185757410,Humidity_1,14.889108985369157
1511185757414,Brightness_1,70.0
1511185757416,Temperature_2,23.78
1511185757418,Humidity_2,15.629028268974109
1511185757421,Brightness_2,73.0
1511185758105,Sound_P,56.45426312235056
1511185758109,PodiumIR,89
1511185759073,Sound_R,55.2260745641257
1511185763837,Temperature_1,24.37
1511185763847,Humidity_1,14.889108985369157
1511185763851,Brightness_1,70.0
1511185763854,Temperature_2,23.78
1511185763857,Humidity_2,15.629028268974109
1511185763860,Brightness_2,73.0
1511185768113,Sound_P,56.45426312235056
1511185768116,PodiumIR,86
1511185769073,Sound_R,56.860548194569695
1511185770258,Temperature_1,24.37
1511185770261,Humidity_1,14.889108985369157
1511185770264,Brightness_1,70.0
1511185770267,Temperature_2,23.78
1511185770269,Humidity_2,15.629028268974109
1511185770272,Brightness_2,73.0
1511185775190,Motion_5,False
1511185776972,Temperature_1,24.37
1511185776975,Humidity_1,14.889108985369157
1511185776978,Brightness_1,70.0
1511185776981,Temperature_2,23.78
1511185776983,Humidity_2,15.629028268974109
1511185776985,Brightness_2,73.0
1511185778125,Sound_P,54.210802194865956
1511185778129,PodiumIR,90
1511185779073,Sound_R,58.01313180247522
1511185783421,Temperature_1,24.37
1511185783424,Humidity_1,14.889108985369157
1511185783427,Brightness_1,70.0
1511185783430,Temperature_2,23.78
1511185783432,Humidity_2,15.629028268974109
1511185783434,Brightness_2,73.0
1511185788139,Sound_P,55.369951428718224
1511185788142,PodiumIR,80
1511185789073,Sound_R,58.30091241385122
1511185789868,Temperature_1,24.25
1511185789871,Humidity_1,15.012428865969973
1511185789875,Brightness_1,74.0
1511185789877,Temperature_2,23.78
1511185789880,Humidity_2,15.629028268974109
1511185789882,Brightness_2,73.0
1511185796287,Temperature_1,24.25
1511185796290,Humidity_1,15.012428865969973
1511185796293,Brightness_1,74.0
1511185796296,Temperature_2,23.78
1511185796298,Humidity_2,15.629028268974109
1511185796302,Brightness_2,73.0
1511185798153,Sound_P,58.433135904413454
1511185798157,PodiumIR,88
1511185799073,Sound_R,60.2355679096813
1511185802975,Temperature_1,24.25
1511185802978,Humidity_1,15.012428865969973
1511185802981,Brightness_1,74.0
1511185802984,Temperature_2,23.78
1511185802986,Humidity_2,15.629028268974109
1511185802989,Brightness_2,73.0
1511185808167,Sound_P,51.62091662308819
1511185808173,PodiumIR,76
1511185809073,Sound_R,61.45374604890424
1511185809378,Temperature_1,24.25
1511185809381,Humidity_1,15.012428865969973
1511185809384,Brightness_1,74.0
1511185809387,Temperature_2,23.78
1511185809389,Humidity_2,15.629028268974109
1511185809392,Brightness_2,73.0
1511185812399,Motion_5,False
1511185816083,Temperature_1,24.25
1511185816087,Humidity_1,15.012428865969973
1511185816090,Brightness_1,74.0
1511185816092,Temperature_2,23.78
1511185816095,Humidity_2,15.629028268974109
1511185816098,Brightness_2,75.0
1511185818184,Sound_P,59.341519288975356
1511185818188,PodiumIR,88
1511185819073,Sound_R,61.19362337907487
1511185822489,Temperature_1,24.25
1511185822491,Humidity_1,15.012428865969973
1511185822494,Brightness_1,74.0
1511185822497,Temperature_2,23.78
1511185822499,Humidity_2,15.629028268974109
1511185822501,Brightness_2,75.0
1511185825296,Motion_5,True
1511185828196,Sound_P,51.62091662308819
1511185828199,PodiumIR,86
1511185829073,Sound_R,59.15768758393508
1511185829203,Temperature_1,24.25
1511185829206,Humidity_1,15.012428865969973
1511185829210,Brightness_1,74.0
1511185829212,Temperature_2,23.78
1511185829214,Humidity_2,15.629028268974109
1511185829216,Brightness_2,75.0
1511185835641,Temperature_1,24.25
1511185835644,Humidity_1,15.012428865969973
1511185835648,Brightness_1,74.0
1511185835651,Temperature_2,23.78
1511185835653,Humidity_2,15.629028268974109
1511185835656,Brightness_2,75.0
1511185838193,Motion_5,True
1511185838209,Sound_P,50.159038478285424
1511185838213,PodiumIR,94
1511185839073,Sound_R,56.47009953872799
1511185842045,Temperature_1,24.25
1511185842048,Humidity_1,15.012428865969973
1511185842051,Brightness_1,74.0
1511185842054,Temperature_2,23.78
1511185842056,Humidity_2,15.629028268974109
1511185842059,Brightness_2,75.0
1511185848221,Sound_P,54.210802194865956
1511185848224,PodiumIR,87
1511185848477,Temperature_1,24.25
1511185848480,Humidity_1,15.012428865969973
1511185848484,Brightness_1,74.0
1511185848486,Temperature_2,23.78
1511185848488,Humidity_2,15.629028268974109
1511185848491,Brightness_2,75.0
1511185849073,Sound_R,54.72808545371377
1511185851095,Motion_5,True
1511185855132,Temperature_1,24.25
1511185855135,Humidity_1,15.012428865969973
1511185855138,Brightness_1,69.0
1511185855140,Temperature_2,23.78
1511185855142,Humidity_2,15.629028268974109
1511185855145,Brightness_2,75.0
1511185858234,Sound_P,55.369951428718224
1511185858238,PodiumIR,104
1511185859073,Sound_R,54.37936301007708
1511185861572,Temperature_1,24.25
1511185861575,Humidity_1,15.012428865969973
1511185861579,Brightness_1,69.0
1511185861581,Temperature_2,23.78
1511185861583,Humidity_2,15.629028268974109
1511185861585,Brightness_2,75.0
1511185868017,Temperature_1,24.25
1511185868020,Humidity_1,15.012428865969973
1511185868023,Brightness_1,69.0
1511185868026,Temperature_2,23.78
1511185868028,Humidity_2,15.629028268974109
1511185868032,Brightness_2,75.0
1511185868243,Sound_P,52.96571415471127
1511185868247,PodiumIR,100
1511185869073,Sound_R,54.498581221477785
1511185874237,Motion_5,False
1511185874428,Temperature_1,24.25
1511185874431,Humidity_1,15.012428865969973
1511185874434,Brightness_1,69.0
1511185874437,Temperature_2,23.78
1511185874439,Humidity_2,15.629028268974109
1511185874441,Brightness_2,75.0
1511185878249,Sound_P,61.80460425887306
1511185878252,PodiumIR,97
1511185879073,Sound_R,55.72045983951366
1511185880837,Temperature_1,24.25
1511185880840,Humidity_1,15.012428865969973
1511185880843,Brightness_1,69.0
1511185880845,Temperature_2,23.78
1511185880848,Humidity_2,15.629028268974109
1511185880850,Brightness_2,74.0
1511185887563,Temperature_1,24.25
1511185887566,Humidity_1,15.012428865969973
1511185887570,Brightness_1,69.0
1511185887572,Temperature_2,23.78
1511185887574,Humidity_2,15.629028268974109
1511185887576,Brightness_2,74.0
1511185888255,Sound_P,61.023021476191225
1511185888258,PodiumIR,139
1511185889073,Sound_R,56.0345941265609
1511185893976,Temperature_1,24.25
1511185893979,Humidity_1,15.012428865969973
1511185893982,Brightness_1,69.0
1511185893985,Temperature_2,23.78
1511185893987,Humidity_2,15.629028268974109
1511185893990,Brightness_2,74.0
1511185898261,Sound_P,50.159038478285424
1511185898264,PodiumIR,87
1511185899073,Sound_R,54.14126996210396
1511185900386,Temperature_1,24.25
1511185900389,Humidity_1,15.012428865969973
1511185900393,Brightness_1,69.0
1511185900396,Temperature_2,23.78
1511185900399,Humidity_2,15.629028268974109
1511185900401,Brightness_2,74.0
1511185907118,Temperature_1,24.25
1511185907121,Humidity_1,15.012428865969973
1511185907124,Brightness_1,69.0
1511185907127,Temperature_2,23.78
1511185907129,Humidity_2,15.629028268974109
1511185907133,Brightness_2,74.0
1511185908266,Sound_P,52.96571415471127
1511185908270,PodiumIR,94
1511185909073,Sound_R,53.938825752968974
1511185913585,Temperature_1,24.25
1511185913588,Humidity_1,15.012428865969973
1511185913591,Brightness_1,69.0
1511185913594,Temperature_2,23.78
1511185913596,Humidity_2,15.629028268974109
1511185913599,Brightness_2,74.0
1511185916150,Motion_5,True
1511185917486,Seat_9,True
1511185918272,Sound_P,55.369951428718224
1511185918276,PodiumIR,83
1511185919073,Sound_R,54.819211856193704
1511185919999,Temperature_1,24.25
1511185920002,Humidity_1,15.012428865969973
1511185920005,Brightness_1,69.0
1511185920008,Temperature_2,23.78
1511185920010,Humidity_2,15.629028268974109
1511185920012,Brightness_2,74.0
1511185926531,Temperature_1,24.25
1511185926534,Humidity_1,15.012428865969973
1511185926537,Brightness_1,69.0
1511185926540,Temperature_2,23.78
1511185926542,Humidity_2,15.629028268974109
1511185926544,Brightness_2,74.0
1511185928279,Sound_P,51.62091662308819
1511185928282,PodiumIR,91
1511185929073,Sound_R,55.23094328567563
1511185933230,Temperature_1,24.25
1511185933233,Humidity_1,15.012428865969973
1511185933236,Brightness_1,69.0
1511185933239,Temperature_2,23.78
1511185933241,Humidity_2,15.629028268974109
1511185933243,Brightness_2,74.0
1511185938212,Motion_5,False
1511185938284,Sound_P,57.472817393488484
1511185938292,PodiumIR,115
1511185939073,Sound_R,56.21978798463946
1511185939681,Temperature_1,24.25
1511185939684,Humidity_1,15.012428865969973
1511185939688,Brightness_1,69.0
1511185939690,Temperature_2,23.78
1511185939692,Humidity_2,15.629028268974109
1511185939696,Brightness_2,74.0
1511185941798,Motion_7,True
1511185946160,Temperature_1,24.25
1511185946163,Humidity_1,15.012428865969973
1511185946166,Brightness_1,69.0
1511185946169,Temperature_2,23.78
1511185946172,Humidity_2,15.752348149574933
1511185946176,Brightness_2,79.0
1511185948295,Sound_P,52.96571415471127
1511185948298,PodiumIR,97
1511185949073,Sound_R,57.34106125316112
1511185952577,Temperature_1,24.25
1511185952580,Humidity_1,15.012428865969973
1511185952583,Brightness_1,69.0
1511185952585,Temperature_2,23.78
1511185952588,Humidity_2,15.752348149574933
1511185952590,Brightness_2,79.0
1511185958301,Sound_P,54.210802194865956
1511185958304,PodiumIR,79
1511185958974,Temperature_1,24.25
1511185958977,Humidity_1,15.012428865969973
1511185958981,Brightness_1,69.0
1511185958983,Temperature_2,23.78
1511185958985,Humidity_2,15.752348149574933
1511185958987,Brightness_2,79.0
1511185959073,Sound_R,56.13064038869337
1511185965691,Temperature_1,24.25
1511185965694,Humidity_1,15.012428865969973
1511185965697,Brightness_1,69.0
1511185965700,Temperature_2,23.78
1511185965702,Humidity_2,15.752348149574933
1511185965704,Brightness_2,79.0
1511185968306,Sound_P,51.62091662308819
1511185968310,PodiumIR,92
1511185969073,Sound_R,55.58649385014339
1511185969979,Motion_5,False
1511185969979,Motion_7,False
1511185969979,Seat_1,True
1511185972144,Temperature_1,24.25
1511185972147,Humidity_1,15.012428865969973
1511185972150,Brightness_1,69.0
1511185972152,Temperature_2,23.78
1511185972155,Humidity_2,15.752348149574933
1511185972158,Brightness_2,79.0
1511185975987,Motion_5,True
1511185978312,Sound_P,54.210802194865956
1511185978315,PodiumIR,81
1511185978554,Temperature_1,24.25
1511185978557,Humidity_1,15.012428865969973
1511185978561,Brightness_1,74.0
1511185978563,Temperature_2,23.78
1511185978566,Humidity_2,15.752348149574933
1511185978568,Brightness_2,79.0
1511185979073,Sound_R,55.98843756972425
1511185985375,Temperature_1,24.25
1511185985379,Humidity_1,15.012428865969973
1511185985382,Brightness_1,74.0
1511185985384,Temperature_2,23.78
1511185985387,Humidity_2,15.752348149574933
1511185985389,Brightness_2,79.0
1511185988318,Sound_P,59.341519288975356
1511185988321,PodiumIR,88
1511185989073,Sound_R,55.89562927877078
1511185991940,Motion_5,False
1511185992221,Temperature_1,24.25
1511185992224,Humidity_1,15.012428865969973
1511185992228,Brightness_1,74.0
1511185992230,Temperature_2,23.78
1511185992233,Humidity_2,15.752348149574933
1511185992236,Brightness_2,79.0
1511185995837,Motion_8,True
1511185998323,Sound_P,54.210802194865956
1511185998327,PodiumIR,69
1511185998767,Temperature_1,24.25
1511185998770,Humidity_1,15.012428865969973
1511185998773,Brightness_1,74.0
1511185998776,Temperature_2,23.78
1511185998778,Humidity_2,15.752348149574933
1511185998780,Brightness_2,79.0
1511185999073,Sound_R,57.35853436337999
1511185999534,Motion_6,True
1511186005185,Temperature_1,24.25
1511186005188,Humidity_1,15.012428865969973
1511186005192,Brightness_1,74.0
1511186005195,Temperature_2,23.78
1511186005198,Humidity_2,15.629028268974109
1511186005202,Brightness_2,75.0
1511186007899,Motion_5,False
1511186007899,Motion_8,False
1511186008329,Sound_P,54.210802194865956
1511186008332,PodiumIR,94
1511186009073,Sound_R,58.40426368803145
1511186011628,Temperature_1,24.25
1511186011631,Humidity_1,15.012428865969973
1511186011634,Brightness_1,74.0
1511186011637,Temperature_2,23.78
1511186011639,Humidity_2,15.629028268974109
1511186011641,Brightness_2,75.0
1511186018224,Temperature_1,24.25
1511186018228,Humidity_1,15.012428865969973
1511186018232,Brightness_1,74.0
1511186018234,Temperature_2,23.78
1511186018237,Humidity_2,15.629028268974109
1511186018239,Brightness_2,75.0
1511186018335,Sound_P,60.20329792798059
1511186018339,PodiumIR,83
1511186019073,Sound_R,57.938542941136284
1511186023837,Motion_6,False
1511186023837,Motion_5,False
1511186024880,Temperature_1,24.25
1511186024883,Humidity_1,15.012428865969973
1511186024886,Brightness_1,74.0
1511186024889,Temperature_2,23.78
1511186024891,Humidity_2,15.629028268974109
1511186024894,Brightness_2,75.0
1511186028341,Sound_P,52.96571415471127
1511186028344,PodiumIR,105
1511186029073,Sound_R,57.26488516527116
1511186031331,Temperature_1,24.25
1511186031334,Humidity_1,15.012428865969973
1511186031337,Brightness_1,74.0
1511186031340,Temperature_2,23.78
1511186031342,Humidity_2,15.629028268974109
1511186031344,Brightness_2,75.0
1511186037786,Temperature_1,24.25
1511186037790,Humidity_1,15.012428865969973
1511186037793,Brightness_1,74.0
1511186037796,Temperature_2,23.78
1511186037798,Humidity_2,15.629028268974109
1511186037801,Brightness_2,75.0
1511186038347,Sound_P,59.341519288975356
1511186038350,PodiumIR,78
1511186039073,Sound_R,57.446142712915815
1511186044230,Temperature_1,24.25
1511186044233,Humidity_1,14.889108985369157
1511186044237,Brightness_1,73.0
1511186044239,Temperature_2,23.78
1511186044241,Humidity_2,15.629028268974109
1511186044243,Brightness_2,75.0
1511186048352,Sound_P,51.62091662308819
1511186048355,PodiumIR,118
1511186048766,Motion_5,False
1511186049073,Sound_R,57.87161645898875
1511186050637,Temperature_1,24.25
1511186050640,Humidity_1,14.889108985369157
1511186050643,Brightness_1,73.0
1511186050645,Temperature_2,23.78
1511186050648,Humidity_2,15.629028268974109
1511186050650,Brightness_2,75.0
1511186057354,Temperature_1,24.25
1511186057357,Humidity_1,14.889108985369157
1511186057360,Brightness_1,73.0
1511186057363,Temperature_2,23.78
1511186057365,Humidity_2,15.629028268974109
1511186057368,Brightness_2,75.0
1511186058358,Sound_P,55.369951428718224
1511186058361,PodiumIR,99
1511186059073,Sound_R,57.39831035074328
1511186063792,Temperature_1,24.25
1511186063795,Humidity_1,14.889108985369157
1511186063799,Brightness_1,73.0
1511186063801,Temperature_2,23.78
1511186063803,Humidity_2,15.629028268974109
1511186063807,Brightness_2,75.0
1511186068364,Sound_P,51.62091662308819
1511186068368,PodiumIR,52
1511186069073,Sound_R,58.826777156358276
1511186070273,Temperature_1,24.25
1511186070276,Humidity_1,14.889108985369157
1511186070279,Brightness_1,73.0
1511186070282,Temperature_2,23.78
1511186070284,Humidity_2,15.752348149574933
1511186070288,Brightness_2,76.0
1511186077002,Temperature_1,24.25
1511186077006,Humidity_1,14.889108985369157
1511186077009,Brightness_1,73.0
1511186077012,Temperature_2,23.78
1511186077014,Humidity_2,15.752348149574933
1511186077017,Brightness_2,76.0
1511186078373,Sound_P,59.341519288975356
1511186078377,PodiumIR,93
1511186079073,Sound_R,58.600065898996405
1511186083658,Temperature_1,24.25
1511186083661,Humidity_1,14.889108985369157
1511186083665,Brightness_1,73.0
1511186083668,Temperature_2,23.78
1511186083671,Humidity_2,15.752348149574933
1511186083675,Brightness_2,76.0
1511186088383,Sound_P,51.62091662308819
1511186088386,PodiumIR,90
1511186089073,Sound_R,56.8341055119154
1511186090220,Temperature_1,24.25
1511186090223,Humidity_1,14.889108985369157
1511186090227,Brightness_1,73.0
1511186090230,Temperature_2,23.78
1511186090233,Humidity_2,15.752348149574933
1511186090235,Brightness_2,76.0
1511186096496,Motion_5,False
1511186096985,Temperature_1,24.25
1511186096988,Humidity_1,14.889108985369157
1511186096992,Brightness_1,73.0
1511186096994,Temperature_2,23.78
1511186096998,Humidity_2,15.752348149574933
1511186097001,Brightness_2,76.0
1511186098393,Sound_P,51.62091662308819
1511186098397,PodiumIR,133
1511186099073,Sound_R,56.73247285562721
1511186103524,Temperature_1,24.25
1511186103528,Humidity_1,14.889108985369157
1511186103531,Brightness_1,73.0
1511186103534,Temperature_2,23.78
1511186103537,Humidity_2,15.752348149574933
1511186103541,Brightness_2,76.0
1511186108399,Sound_P,56.45426312235056
1511186108402,PodiumIR,88
1511186109073,Sound_R,57.38042632954691
1511186109981,Temperature_1,24.25
1511186109984,Humidity_1,15.012428865969973
1511186109987,Brightness_1,75.0
1511186109990,Temperature_2,23.78
1511186109992,Humidity_2,15.752348149574933
1511186109994,Brightness_2,76.0
1511186116467,Temperature_1,24.25
1511186116470,Humidity_1,15.012428865969973
1511186116473,Brightness_1,75.0
1511186116475,Temperature_2,23.78
1511186116478,Humidity_2,15.752348149574933
1511186116480,Brightness_2,76.0
1511186118405,Sound_P,54.210802194865956
1511186118408,PodiumIR,144
1511186119073,Sound_R,57.87790120881013
1511186123089,Temperature_1,24.25
1511186123092,Humidity_1,15.012428865969973
1511186123095,Brightness_1,75.0
1511186123098,Temperature_2,23.78
1511186123100,Humidity_2,15.752348149574933
1511186123103,Brightness_2,76.0
1511186128410,Sound_P,54.210802194865956
1511186128414,PodiumIR,107
1511186129073,Sound_R,59.57639167370768
1511186129546,Temperature_1,24.25
1511186129549,Humidity_1,15.012428865969973
1511186129553,Brightness_1,75.0
1511186129555,Temperature_2,23.78
1511186129557,Humidity_2,15.752348149574933
1511186129560,Brightness_2,76.0
1511186135985,Temperature_1,24.25
1511186135988,Humidity_1,15.012428865969973
1511186135991,Brightness_1,75.0
1511186135994,Temperature_2,23.78
1511186135996,Humidity_2,15.752348149574933
1511186136000,Brightness_2,73.0
1511186138417,Sound_P,64.61127993529891
1511186138420,PodiumIR,115
1511186139073,Sound_R,60.31628222758561
1511186142461,Temperature_1,24.25
1511186142464,Humidity_1,15.012428865969973
1511186142467,Brightness_1,75.0
1511186142470,Temperature_2,23.78
1511186142472,Humidity_2,15.752348149574933
1511186142475,Brightness_2,73.0
1511186148422,Sound_P,55.369951428718224
1511186148425,PodiumIR,91
1511186148908,Temperature_1,24.25
1511186148911,Humidity_1,15.012428865969973
1511186148914,Brightness_1,75.0
1511186148917,Temperature_2,23.78
1511186148920,Humidity_2,15.752348149574933
1511186148922,Brightness_2,73.0
1511186149073,Sound_R,60.79825539192751
1511186155659,Temperature_1,24.25
1511186155661,Humidity_1,15.012428865969973
1511186155665,Brightness_1,75.0
1511186155667,Temperature_2,23.78
1511186155670,Humidity_2,15.752348149574933
1511186155672,Brightness_2,73.0
1511186158428,Sound_P,62.551438321825636
1511186158431,PodiumIR,73
1511186159073,Sound_R,63.33535438656154
1511186162166,Motion_5,False
1511186162223,Temperature_1,24.25
1511186162226,Humidity_1,15.012428865969973
1511186162230,Brightness_1,75.0
1511186162233,Temperature_2,23.78
1511186162235,Humidity_2,15.752348149574933
1511186162238,Brightness_2,73.0
1511186168434,Sound_P,55.369951428718224
1511186168437,PodiumIR,92
1511186168755,Temperature_1,24.25
1511186168758,Humidity_1,15.012428865969973
1511186168761,Brightness_1,70.0
1511186168764,Temperature_2,23.78
1511186168766,Humidity_2,15.752348149574933
1511186168768,Brightness_2,73.0
1511186169073,Sound_R,60.08658451055058
1511186175512,Temperature_1,24.25
1511186175515,Humidity_1,15.012428865969973
1511186175519,Brightness_1,70.0
1511186175521,Temperature_2,23.78
1511186175523,Humidity_2,15.752348149574933
1511186175527,Brightness_2,73.0
1511186178439,Sound_P,61.023021476191225
1511186178443,PodiumIR,92
1511186179073,Sound_R,56.81531031689431
1511186182195,Temperature_1,24.25
1511186182198,Humidity_1,15.012428865969973
1511186182201,Brightness_1,70.0
1511186182204,Temperature_2,23.78
1511186182206,Humidity_2,15.752348149574933
1511186182209,Brightness_2,73.0
1511186188445,Sound_P,67.01551720930587
1511186188448,PodiumIR,124
1511186188927,Temperature_1,24.25
1511186188930,Humidity_1,15.012428865969973
1511186188933,Brightness_1,70.0
1511186188935,Temperature_2,23.78
1511186188937,Humidity_2,15.752348149574933
1511186188941,Brightness_2,73.0
1511186189073,Sound_R,58.0797424968928
1511186195392,Temperature_1,24.25
1511186195394,Humidity_1,15.012428865969973
1511186195396,Brightness_1,70.0
1511186195399,Temperature_2,23.78
1511186195401,Humidity_2,15.752348149574933
1511186195404,Brightness_2,75.0
1511186198451,Sound_P,54.210802194865956
1511186198454,PodiumIR,101
1511186199073,Sound_R,59.13304989478447
1511186199791,Motion_5,False
1511186199791,Seat_1,False
1511186201841,Temperature_1,24.25
1511186201844,Humidity_1,15.012428865969973
1511186201847,Brightness_1,70.0
1511186201850,Temperature_2,23.78
1511186201852,Humidity_2,15.752348149574933
1511186201855,Brightness_2,75.0
1511186208252,Temperature_1,24.25
1511186208255,Humidity_1,15.012428865969973
1511186208258,Brightness_1,70.0
1511186208261,Temperature_2,23.78
1511186208263,Humidity_2,15.752348149574933
1511186208266,Brightness_2,75.0
1511186208457,Sound_P,59.341519288975356
1511186208460,PodiumIR,119
1511186209073,Sound_R,58.49472605628133
1511186214949,Temperature_1,24.25
1511186214952,Humidity_1,15.012428865969973
1511186214955,Brightness_1,70.0
1511186214957,Temperature_2,23.78
1511186214959,Humidity_2,15.752348149574933
1511186214962,Brightness_2,75.0
1511186216305,Motion_5,True
1511186218462,Sound_P,60.20329792798059
1511186218465,PodiumIR,91
1511186219073,Sound_R,58.61690948836095
1511186221593,Temperature_1,24.25
1511186221596,Humidity_1,15.012428865969973
1511186221599,Brightness_1,70.0
1511186221602,Temperature_2,23.78
1511186221604,Humidity_2,15.752348149574933
1511186221607,Brightness_2,75.0
1511186224975,Seat_1,False
1511186228224,Temperature_1,24.25
1511186228228,Humidity_1,15.012428865969973
1511186228232,Brightness_1,70.0
1511186228235,Temperature_2,23.78
1511186228237,Humidity_2,15.752348149574933
1511186228239,Brightness_2,75.0
1511186228468,Sound_P,51.62091662308819
1511186228471,PodiumIR,141
1511186229073,Sound_R,58.276127203099215
1511186229212,Motion_5,True
1511186234931,Temperature_1,24.25
1511186234934,Humidity_1,15.012428865969973
1511186234938,Brightness_1,72.0
1511186234940,Temperature_2,23.78
1511186234942,Humidity_2,15.752348149574933
1511186234944,Brightness_2,75.0
1511186238474,Sound_P,55.369951428718224
1511186238478,PodiumIR,98
1511186239073,Sound_R,56.109084574743605
1511186241365,Temperature_1,24.25
1511186241368,Humidity_1,15.012428865969973
1511186241371,Brightness_1,72.0
1511186241374,Temperature_2,23.78
1511186241376,Humidity_2,15.752348149574933
1511186241379,Brightness_2,75.0
1511186247817,Temperature_1,24.25
1511186247820,Humidity_1,15.012428865969973
1511186247823,Brightness_1,72.0
1511186247825,Temperature_2,23.78
1511186247828,Humidity_2,15.752348149574933
1511186247833,Brightness_2,75.0
1511186248483,Sound_P,54.210802194865956
1511186248486,PodiumIR,119
1511186249073,Sound_R,56.10262205357399
1511186249723,Motion_5,False
1511186254231,Temperature_1,24.25
1511186254235,Humidity_1,15.012428865969973
1511186254238,Brightness_1,72.0
1511186254240,Temperature_2,23.78
1511186254243,Humidity_2,15.752348149574933
1511186254245,Brightness_2,75.0
1511186258489,Sound_P,52.96571415471127
1511186258492,PodiumIR,96
1511186259073,Sound_R,57.121477323742965
1511186260925,Temperature_1,24.25
1511186260928,Humidity_1,15.012428865969973
1511186260931,Brightness_1,72.0
1511186260934,Temperature_2,23.78
1511186260936,Humidity_2,15.752348149574933
1511186260938,Brightness_2,73.0
1511186267367,Temperature_1,24.25
1511186267370,Humidity_1,15.012428865969973
1511186267374,Brightness_1,72.0
1511186267376,Temperature_2,23.78
1511186267378,Humidity_2,15.752348149574933
1511186267382,Brightness_2,73.0
1511186268500,Sound_P,51.62091662308819
1511186268503,PodiumIR,140
1511186269073,Sound_R,56.748314832588854
1511186270224,Motion_5,False
1511186273818,Temperature_1,24.25
1511186273821,Humidity_1,15.012428865969973
1511186273824,Brightness_1,72.0
1511186273827,Temperature_2,23.78
1511186273830,Humidity_2,15.752348149574933
1511186273833,Brightness_2,73.0
1511186278506,Sound_P,54.210802194865956
1511186278509,PodiumIR,82
1511186279073,Sound_R,57.540585437859555
1511186280240,Temperature_1,24.25
1511186280243,Humidity_1,15.012428865969973
1511186280247,Brightness_1,72.0
1511186280249,Temperature_2,23.78
1511186280251,Humidity_2,15.752348149574933
1511186280254,Brightness_2,73.0
1511186286925,Temperature_1,24.25
1511186286928,Humidity_1,15.012428865969973
1511186286931,Brightness_1,72.0
1511186286934,Temperature_2,23.78
1511186286936,Humidity_2,15.752348149574933
1511186286940,Brightness_2,73.0
1511186288511,Sound_P,51.62091662308819
1511186288514,PodiumIR,114
1511186289073,Sound_R,59.344660965771936
1511186293699,Temperature_1,24.25
1511186293702,Humidity_1,15.012428865969973
1511186293705,Brightness_1,72.0
1511186293708,Temperature_2,23.78
1511186293710,Humidity_2,15.752348149574933
1511186293712,Brightness_2,73.0
1511186294522,Motion_5,False
1511186298518,Sound_P,55.369951428718224
1511186298521,PodiumIR,94
1511186299073,Sound_R,57.29122962467165
1511186300234,Temperature_1,24.25
1511186300237,Humidity_1,15.012428865969973
1511186300241,Brightness_1,75.0
1511186300243,Temperature_2,23.78
1511186300245,Humidity_2,15.752348149574933
1511186300249,Brightness_2,73.0
1511186306709,Temperature_1,24.25
1511186306712,Humidity_1,15.012428865969973
1511186306715,Brightness_1,75.0
1511186306718,Temperature_2,23.78
1511186306720,Humidity_2,15.752348149574933
1511186306723,Brightness_2,73.0
1511186307434,Motion_5,True
1511186308524,Sound_P,54.210802194865956
1511186308527,PodiumIR,86
1511186309073,Sound_R,54.47910325372835
1511186313133,Temperature_1,24.25
1511186313136,Humidity_1,15.012428865969973
1511186313140,Brightness_1,75.0
1511186313142,Temperature_2,23.78
1511186313144,Humidity_2,15.752348149574933
1511186313147,Brightness_2,73.0
1511186318530,Sound_P,54.210802194865956
1511186318533,PodiumIR,85
1511186319073,Sound_R,56.21202922951477
1511186319906,Temperature_1,24.25
1511186319909,Humidity_1,15.012428865969973
1511186319912,Brightness_1,75.0
1511186319915,Temperature_2,23.78
1511186319917,Humidity_2,15.752348149574933
1511186319920,Brightness_2,73.0
1511186320335,Motion_5,True
1511186327400,Temperature_1,24.25
1511186327403,Humidity_1,15.012428865969973
1511186327404,Brightness_1,75.0
1511186327406,Temperature_2,23.78
1511186327410,Humidity_2,15.752348149574933
1511186327412,Brightness_2,73.0
1511186328535,Sound_P,54.210802194865956
1511186328539,PodiumIR,74
1511186329073,Sound_R,57.70151034544235
1511186334030,Temperature_1,24.25
1511186334033,Humidity_1,15.012428865969973
1511186334037,Brightness_1,75.0
1511186334039,Temperature_2,23.78
1511186334043,Humidity_2,15.752348149574933
1511186334047,Brightness_2,73.0
1511186338541,Sound_P,51.62091662308819
1511186338546,PodiumIR,105
1511186339073,Sound_R,57.94159818217211
1511186340435,Temperature_1,24.25
1511186340438,Humidity_1,15.012428865969973
1511186340442,Brightness_1,75.0
1511186340444,Temperature_2,23.78
1511186340446,Humidity_2,15.752348149574933
1511186340451,Brightness_2,73.0
1511186347138,Temperature_1,24.25
1511186347141,Humidity_1,15.012428865969973
1511186347144,Brightness_1,75.0
1511186347152,Temperature_2,23.78
1511186347164,Humidity_2,15.752348149574933
1511186347167,Brightness_2,73.0
1511186348551,Sound_P,54.210802194865956
1511186348555,PodiumIR,80
1511186349073,Sound_R,57.623609310878514
1511186353898,Temperature_1,24.25
1511186353902,Humidity_1,15.012428865969973
1511186353905,Brightness_1,75.0
1511186353908,Temperature_2,23.78
1511186353910,Humidity_2,15.752348149574933
1511186353912,Brightness_2,73.0
1511186358565,Sound_P,54.210802194865956
1511186358568,PodiumIR,141
1511186359073,Sound_R,57.51952996679433
1511186360313,Temperature_1,24.25
1511186360316,Humidity_1,15.012428865969973
1511186360319,Brightness_1,69.0
1511186360321,Temperature_2,23.78
1511186360323,Humidity_2,15.752348149574933
1511186360325,Brightness_2,73.0
1511186366724,Temperature_1,24.25
1511186366728,Humidity_1,15.012428865969973
1511186366737,Brightness_1,69.0
1511186366739,Temperature_2,23.78
1511186366745,Humidity_2,15.752348149574933
1511186366747,Brightness_2,73.0
1511186368579,Sound_P,52.96571415471127
1511186368583,PodiumIR,93
1511186369073,Sound_R,59.70373363501134
1511186373481,Temperature_1,24.25
1511186373484,Humidity_1,15.012428865969973
1511186373487,Brightness_1,69.0
1511186373489,Temperature_2,23.78
1511186373491,Humidity_2,15.752348149574933
1511186373493,Brightness_2,73.0
1511186378593,Sound_P,54.210802194865956
1511186378602,PodiumIR,109
1511186379073,Sound_R,58.76155283588468
1511186379914,Temperature_1,24.25
1511186379917,Humidity_1,15.012428865969973
1511186379920,Brightness_1,69.0
1511186379923,Temperature_2,23.78
1511186379926,Humidity_2,15.752348149574933
1511186379930,Brightness_2,73.0
1511186386470,Temperature_1,24.25
1511186386473,Humidity_1,15.012428865969973
1511186386477,Brightness_1,69.0
1511186386479,Temperature_2,23.78
1511186386481,Humidity_2,15.752348149574933
1511186386483,Brightness_2,74.0
1511186388611,Sound_P,71.84886370856825
1511186388614,PodiumIR,95
1511186389073,Sound_R,58.0576859526826
1511186390758,Motion_5,False
1511186392946,Temperature_1,24.25
1511186392948,Humidity_1,15.012428865969973
1511186392952,Brightness_1,69.0
1511186392954,Temperature_2,23.78
1511186392956,Humidity_2,15.752348149574933
1511186392958,Brightness_2,74.0
1511186398619,Sound_P,58.433135904413454
1511186398622,PodiumIR,95
1511186399073,Sound_R,59.489698934352425
1511186399704,Temperature_1,24.25
1511186399707,Humidity_1,15.012428865969973
1511186399710,Brightness_1,69.0
1511186399712,Temperature_2,23.78
1511186399715,Humidity_2,15.752348149574933
1511186399717,Brightness_2,74.0
1511186406219,Temperature_1,24.25
1511186406222,Humidity_1,15.012428865969973
1511186406225,Brightness_1,69.0
1511186406230,Temperature_2,23.78
1511186406234,Humidity_2,15.752348149574933
1511186406239,Brightness_2,74.0
1511186408631,Sound_P,57.472817393488484
1511186408634,PodiumIR,86
1511186409073,Sound_R,58.53308079880227
1511186412675,Temperature_1,24.25
1511186412678,Humidity_1,15.012428865969973
1511186412681,Brightness_1,69.0
1511186412683,Temperature_2,23.78
1511186412687,Humidity_2,15.752348149574933
1511186412691,Brightness_2,74.0
1511186418642,Sound_P,56.45426312235056
1511186418646,PodiumIR,80
1511186419053,Motion_5,False
1511186419073,Sound_R,58.19607098931939
1511186419139,Temperature_1,24.25
1511186419142,Humidity_1,15.012428865969973
1511186419145,Brightness_1,69.0
1511186419147,Temperature_2,23.78
1511186419150,Humidity_2,15.752348149574933
1511186419154,Brightness_2,74.0
1511186425554,Temperature_1,24.25
1511186425558,Humidity_1,15.012428865969973
1511186425560,Brightness_1,69.0
1511186425562,Temperature_2,23.78
1511186425565,Humidity_2,15.752348149574933
1511186425567,Brightness_2,74.0
1511186428652,Sound_P,60.20329792798059
1511186428655,PodiumIR,101
1511186429073,Sound_R,58.604279958352556
1511186431945,Motion_5,True
1511186432238,Temperature_1,24.25
1511186432241,Humidity_1,15.012428865969973
1511186432244,Brightness_1,69.0
1511186432246,Temperature_2,23.78
1511186432248,Humidity_2,15.752348149574933
1511186432250,Brightness_2,74.0
1511186438657,Sound_P,63.26648240367583
1511186438660,PodiumIR,92
1511186438690,Temperature_1,24.25
1511186438693,Humidity_1,15.012428865969973
1511186438697,Brightness_1,69.0
1511186438699,Temperature_2,23.78
1511186438702,Humidity_2,15.752348149574933
1511186438706,Brightness_2,74.0
1511186439073,Sound_R,57.947003341596
1511186445140,Temperature_1,24.25
1511186445143,Humidity_1,15.012428865969973
1511186445147,Brightness_1,69.0
1511186445149,Temperature_2,23.78
1511186445151,Humidity_2,15.752348149574933
1511186445156,Brightness_2,74.0
1511186447888,Motion_5,False
1511186448666,Sound_P,52.96571415471127
1511186448669,PodiumIR,88
1511186449073,Sound_R,58.57126096735908
1511186452001,Temperature_1,24.25
1511186452004,Humidity_1,15.012428865969973
1511186452007,Brightness_1,69.0
1511186452010,Temperature_2,23.78
1511186452012,Humidity_2,15.752348149574933
1511186452014,Brightness_2,77.0
1511186458410,Temperature_1,24.25
1511186458413,Humidity_1,15.012428865969973
1511186458416,Brightness_1,69.0
1511186458419,Temperature_2,23.78
1511186458421,Humidity_2,15.752348149574933
1511186458426,Brightness_2,77.0
1511186458674,Sound_P,59.341519288975356
1511186458678,PodiumIR,91
1511186459073,Sound_R,58.505918149102826
1511186465110,Temperature_1,24.25
1511186465113,Humidity_1,15.012428865969973
1511186465117,Brightness_1,69.0
1511186465119,Temperature_2,23.78
1511186465121,Humidity_2,15.752348149574933
1511186465123,Brightness_2,77.0
1511186466073,Motion_5,False
1511186468680,Sound_P,52.96571415471127
1511186468683,PodiumIR,104
1511186469073,Sound_R,56.94084234279234
1511186471564,Temperature_1,24.25
1511186471567,Humidity_1,15.012428865969973
1511186471570,Brightness_1,69.0
1511186471573,Temperature_2,23.78
1511186471576,Humidity_2,15.752348149574933
1511186471580,Brightness_2,77.0
1511186478014,Temperature_1,24.25
1511186478017,Humidity_1,15.012428865969973
1511186478020,Brightness_1,69.0
1511186478022,Temperature_2,23.78
1511186478024,Humidity_2,15.752348149574933
1511186478030,Brightness_2,77.0
1511186478686,Sound_P,54.210802194865956
1511186478690,PodiumIR,90
1511186479073,Sound_R,55.5265319418705
1511186484440,Temperature_1,24.25
1511186484443,Humidity_1,15.012428865969973
1511186484447,Brightness_1,69.0
1511186484449,Temperature_2,23.78
1511186484451,Humidity_2,15.752348149574933
1511186484452,Brightness_2,77.0
1511186485479,Seat_5,False
1511186485479,Motion_5,False
1511186488696,Sound_P,55.369951428718224
1511186488699,PodiumIR,92
1511186489073,Sound_R,55.03994525396953
1511186492119,Temperature_1,24.25
1511186492122,Humidity_1,15.012428865969973
1511186492125,Brightness_1,70.0
1511186492128,Temperature_2,23.78
1511186492131,Humidity_2,15.752348149574933
1511186492135,Brightness_2,77.0
1511186498539,Temperature_1,24.25
1511186498543,Humidity_1,15.012428865969973
1511186498546,Brightness_1,70.0
1511186498548,Temperature_2,23.78
1511186498550,Humidity_2,15.752348149574933
1511186498552,Brightness_2,77.0
1511186498705,Sound_P,54.210802194865956
1511186498709,PodiumIR,88
1511186499073,Sound_R,54.56283807676121
1511186501427,Motion_5,False
1511186505269,Temperature_1,24.25
1511186505272,Humidity_1,15.012428865969973
1511186505276,Brightness_1,70.0
1511186505278,Temperature_2,23.78
1511186505280,Humidity_2,15.752348149574933
1511186505282,Brightness_2,77.0
1511186508715,Sound_P,52.96571415471127
1511186508720,PodiumIR,67
1511186509073,Sound_R,55.005557474234195
1511186511660,Temperature_1,24.25
1511186511663,Humidity_1,15.012428865969973
1511186511667,Brightness_1,70.0
1511186511669,Temperature_2,23.78
1511186511671,Humidity_2,15.752348149574933
1511186511675,Brightness_2,77.0
1511186513373,Seat_9,True
1511186516070,Motion_5,True
1511186518221,Temperature_1,24.25
1511186518224,Humidity_1,15.012428865969973
1511186518229,Brightness_1,70.0
1511186518235,Temperature_2,23.78
1511186518238,Humidity_2,15.752348149574933
1511186518243,Brightness_2,76.0
1511186518726,Sound_P,60.20329792798059
1511186518729,PodiumIR,94
1511186519073,Sound_R,58.404024895996116
1511186524914,Temperature_1,24.25
1511186524917,Humidity_1,15.012428865969973
1511186524920,Brightness_1,70.0
1511186524922,Temperature_2,23.78
1511186524924,Humidity_2,15.752348149574933
1511186524929,Brightness_2,76.0
1511186528732,Sound_P,55.369951428718224
1511186528742,PodiumIR,83
1511186529073,Sound_R,59.56961832261999
1511186531383,Temperature_1,24.25
1511186531386,Humidity_1,15.012428865969973
1511186531390,Brightness_1,70.0
1511186531392,Temperature_2,23.78
1511186531394,Humidity_2,15.752348149574933
1511186531396,Brightness_2,76.0
1511186537782,Temperature_1,24.25
1511186537785,Humidity_1,15.012428865969973
1511186537788,Brightness_1,70.0
1511186537790,Temperature_2,23.78
1511186537792,Humidity_2,15.752348149574933
1511186537798,Brightness_2,76.0
1511186538746,Sound_P,52.96571415471127
1511186538751,PodiumIR,68
1511186539073,Sound_R,55.64400775884149
1511186544233,Temperature_1,24.25
1511186544237,Humidity_1,15.012428865969973
1511186544240,Brightness_1,70.0
1511186544242,Temperature_2,23.78
1511186544245,Humidity_2,15.752348149574933
1511186544250,Brightness_2,76.0
1511186548754,Sound_P,48.55773214739296
1511186548758,PodiumIR,78
1511186549073,Sound_R,54.78829756271717
1511186550917,Temperature_1,24.25
1511186550920,Humidity_1,15.012428865969973
1511186550923,Brightness_1,69.0
1511186550928,Temperature_2,23.78
1511186550930,Humidity_2,15.752348149574933
1511186550932,Brightness_2,76.0
1511186550933,Motion_5,False
1511186550933,Seat_7,False
1511186557477,Temperature_1,24.25
1511186557480,Humidity_1,15.012428865969973
1511186557483,Brightness_1,69.0
1511186557485,Temperature_2,23.78
1511186557488,Humidity_2,15.752348149574933
1511186557493,Brightness_2,76.0
1511186558760,Sound_P,52.96571415471127
1511186558764,PodiumIR,92
1511186559073,Sound_R,55.37817645957656
1511186563922,Temperature_1,24.25
1511186563925,Humidity_1,15.012428865969973
1511186563928,Brightness_1,69.0
1511186563930,Temperature_2,23.78
1511186563932,Humidity_2,15.752348149574933
1511186563934,Brightness_2,76.0
1511186568769,Sound_P,55.369951428718224
1511186568773,PodiumIR,90
1511186569073,Sound_R,55.95229005965143
1511186570347,Temperature_1,24.25
1511186570350,Humidity_1,15.012428865969973
1511186570354,Brightness_1,69.0
1511186570356,Temperature_2,23.78
1511186570358,Humidity_2,15.752348149574933
1511186570361,Brightness_2,76.0
1511186577042,Temperature_1,24.25
1511186577045,Humidity_1,15.012428865969973
1511186577048,Brightness_1,69.0
1511186577050,Temperature_2,23.78
1511186577053,Humidity_2,15.752348149574933
1511186577058,Brightness_2,74.0
1511186578278,Motion_5,False
1511186578778,Sound_P,60.20329792798059
1511186578781,PodiumIR,87
1511186579073,Sound_R,57.66098415975505
1511186586662,Temperature_1,24.25
1511186586675,Humidity_1,15.012428865969973
1511186586679,Brightness_1,69.0
1511186586681,Temperature_2,23.78
1511186586683,Humidity_2,15.752348149574933
1511186586685,Brightness_2,74.0
1511186588783,Sound_P,61.023021476191225
1511186588787,PodiumIR,92
1511186589073,Sound_R,58.449906109933515
1511186593107,Temperature_1,24.25
1511186593110,Humidity_1,15.012428865969973
1511186593113,Brightness_1,69.0
1511186593115,Temperature_2,23.78
1511186593119,Humidity_2,15.752348149574933
1511186593123,Brightness_2,74.0
1511186598789,Sound_P,54.210802194865956
1511186598792,PodiumIR,104
1511186599073,Sound_R,59.706557868893206
1511186599762,Temperature_1,24.25
1511186599765,Humidity_1,15.012428865969973
1511186599769,Brightness_1,69.0
1511186599771,Temperature_2,23.78
1511186599773,Humidity_2,15.752348149574933
1511186599778,Brightness_2,74.0
1511186606221,Temperature_1,24.25
1511186606224,Humidity_1,15.012428865969973
1511186606229,Brightness_1,69.0
1511186606235,Temperature_2,23.78
1511186606239,Humidity_2,15.752348149574933
1511186606241,Brightness_2,74.0
1511186608795,Sound_P,51.62091662308819
1511186608806,PodiumIR,87
1511186609073,Sound_R,59.0220116237659
1511186609695,Motion_5,False
1511186612972,Temperature_1,24.25
1511186612975,Humidity_1,15.012428865969973
1511186612979,Brightness_1,69.0
1511186612981,Temperature_2,23.78
1511186612984,Humidity_2,15.752348149574933
1511186612985,Brightness_2,74.0
1511186618811,Sound_P,57.472817393488484
1511186618815,PodiumIR,91
1511186619073,Sound_R,58.5827244175646
1511186619540,Temperature_1,24.25
1511186619543,Humidity_1,15.012428865969973
1511186619547,Brightness_1,75.0
1511186619549,Temperature_2,23.78
1511186619551,Humidity_2,15.752348149574933
1511186619556,Brightness_2,74.0
1511186626186,Temperature_1,24.25
1511186626189,Humidity_1,15.012428865969973
1511186626192,Brightness_1,75.0
1511186626195,Temperature_2,23.78
1511186626199,Humidity_2,15.752348149574933
1511186626203,Brightness_2,74.0
1511186628819,Sound_P,54.210802194865956
1511186628823,PodiumIR,100
1511186629073,Sound_R,58.099883908542864
1511186632647,Temperature_1,24.25
1511186632650,Humidity_1,15.012428865969973
1511186632653,Brightness_1,75.0
1511186632655,Temperature_2,23.78
1511186632659,Humidity_2,15.752348149574933
1511186632663,Brightness_2,74.0
1511186636779,Motion_5,False
1511186638826,Sound_P,51.62091662308819
1511186638830,PodiumIR,88
1511186639073,Sound_R,56.89433716437583
1511186639309,Temperature_1,24.25
1511186639312,Humidity_1,15.012428865969973
1511186639315,Brightness_1,75.0
1511186639317,Temperature_2,23.78
1511186639319,Humidity_2,15.752348149574933
1511186639324,Brightness_2,74.0
1511186645844,Temperature_1,24.25
1511186645846,Humidity_1,15.012428865969973
1511186645850,Brightness_1,75.0
1511186645852,Temperature_2,23.67
1511186645856,Humidity_2,15.752348149574933
1511186645860,Brightness_2,76.0
1511186648833,Sound_P,55.369951428718224
1511186648837,PodiumIR,71
1511186649073,Sound_R,55.506902168571486
1511186652248,Temperature_1,24.25
1511186652251,Humidity_1,15.012428865969973
1511186652255,Brightness_1,75.0
1511186652257,Temperature_2,23.67
1511186652259,Humidity_2,15.752348149574933
1511186652261,Brightness_2,76.0
1511186658843,Sound_P,50.159038478285424
1511186658847,PodiumIR,110
1511186658871,Temperature_1,24.25
1511186658874,Humidity_1,15.012428865969973
1511186658877,Brightness_1,75.0
1511186658879,Temperature_2,23.67
1511186658881,Humidity_2,15.752348149574933
1511186658886,Brightness_2,76.0
1511186659073,Sound_R,54.878386834574734
1511186664064,Motion_5,False
1511186665630,Temperature_1,24.25
1511186665632,Humidity_1,15.012428865969973
1511186665636,Brightness_1,75.0
1511186665639,Temperature_2,23.67
1511186665640,Humidity_2,15.752348149574933
1511186665642,Brightness_2,76.0
1511186668851,Sound_P,55.369951428718224
1511186668855,PodiumIR,84
1511186669073,Sound_R,55.41817550433146
1511186672058,Temperature_1,24.25
1511186672062,Humidity_1,15.012428865969973
1511186672065,Brightness_1,75.0
1511186672067,Temperature_2,23.67
1511186672070,Humidity_2,15.752348149574933
1511186672071,Brightness_2,76.0
1511186676971,Motion_5,True
1511186678474,Temperature_1,24.25
1511186678477,Humidity_1,15.012428865969973
1511186678481,Brightness_1,70.0
1511186678483,Temperature_2,23.67
1511186678487,Humidity_2,15.752348149574933
1511186678491,Brightness_2,76.0
1511186678859,Sound_P,50.159038478285424
1511186678862,PodiumIR,94
1511186679073,Sound_R,56.20650277436065
1511186685165,Temperature_1,24.25
1511186685168,Humidity_1,15.012428865969973
1511186685171,Brightness_1,70.0
1511186685173,Temperature_2,23.67
1511186685176,Humidity_2,15.752348149574933
1511186685179,Brightness_2,76.0
1511186688869,Sound_P,50.159038478285424
1511186688874,PodiumIR,92
1511186689073,Sound_R,56.38139246126707
1511186691598,Temperature_1,24.25
1511186691601,Humidity_1,15.012428865969973
1511186691604,Brightness_1,70.0
1511186691608,Temperature_2,23.67
1511186691610,Humidity_2,15.752348149574933
1511186691613,Brightness_2,76.0
1511186698068,Temperature_1,24.25
1511186698071,Humidity_1,15.012428865969973
1511186698074,Brightness_1,70.0
1511186698076,Temperature_2,23.67
1511186698078,Humidity_2,15.752348149574933
1511186698083,Brightness_2,76.0
1511186698877,Sound_P,54.210802194865956
1511186698881,PodiumIR,88
1511186699073,Sound_R,57.35840688125317
1511186704504,Temperature_1,24.25
1511186704508,Humidity_1,15.012428865969973
1511186704511,Brightness_1,70.0
1511186704514,Temperature_2,23.67
1511186704516,Humidity_2,15.752348149574933
1511186704518,Brightness_2,76.0
1511186708887,Sound_P,50.159038478285424
1511186708890,PodiumIR,122
1511186709073,Sound_R,56.377675030441196
1511186713953,Temperature_1,24.25
1511186713956,Humidity_1,15.012428865969973
1511186713959,Brightness_1,70.0
1511186713961,Temperature_2,23.67
1511186713965,Humidity_2,15.752348149574933
1511186713969,Brightness_2,76.0
1511186718895,Sound_P,52.96571415471127
1511186718898,PodiumIR,97
1511186719073,Sound_R,54.74419133858695
1511186720393,Temperature_1,24.25
1511186720396,Humidity_1,15.012428865969973
1511186720399,Brightness_1,70.0
1511186720401,Temperature_2,23.67
1511186720404,Humidity_2,15.752348149574933
1511186720408,Brightness_2,76.0
1511186722945,Motion_5,False
1511186726948,Temperature_1,24.25
1511186726951,Humidity_1,15.012428865969973
1511186726954,Brightness_1,70.0
1511186726957,Temperature_2,23.67
1511186726959,Humidity_2,15.752348149574933
1511186726964,Brightness_2,76.0
1511186728903,Sound_P,54.210802194865956
1511186728906,PodiumIR,84
1511186729073,Sound_R,55.29167884242387
1511186733377,Temperature_1,24.25
1511186733381,Humidity_1,15.012428865969973
1511186733384,Brightness_1,70.0
1511186733386,Temperature_2,23.67
1511186733388,Humidity_2,15.752348149574933
1511186733390,Brightness_2,76.0
1511186738911,Sound_P,54.210802194865956
1511186738917,PodiumIR,89
1511186739073,Sound_R,56.04721812574913
1511186740067,Temperature_1,24.25
1511186740070,Humidity_1,15.012428865969973
1511186740073,Brightness_1,70.0
1511186740075,Temperature_2,23.67
1511186740078,Humidity_2,15.752348149574933
1511186740080,Brightness_2,76.0
1511186746480,Temperature_1,24.25
1511186746483,Humidity_1,15.012428865969973
1511186746488,Brightness_1,70.0
1511186746491,Temperature_2,23.67
1511186746496,Humidity_2,15.752348149574933
1511186746499,Brightness_2,76.0
1511186748923,Sound_P,52.96571415471127
1511186748931,PodiumIR,88
1511186749073,Sound_R,56.35665798299428
1511186753272,Temperature_1,24.25
1511186753276,Humidity_1,15.012428865969973
1511186753279,Brightness_1,70.0
1511186753282,Temperature_2,23.67
1511186753286,Humidity_2,15.752348149574933
1511186753290,Brightness_2,76.0
1511186758934,Sound_P,51.62091662308819
1511186758938,PodiumIR,99
1511186759073,Sound_R,55.35856765864461
1511186759833,Temperature_1,24.25
1511186759836,Humidity_1,15.012428865969973
1511186759840,Brightness_1,70.0
1511186759843,Temperature_2,23.67
1511186759845,Humidity_2,15.752348149574933
1511186759848,Brightness_2,76.0
1511186766289,Temperature_1,24.25
1511186766292,Humidity_1,15.012428865969973
1511186766296,Brightness_1,70.0
1511186766299,Temperature_2,23.67
1511186766302,Humidity_2,15.752348149574933
1511186766305,Brightness_2,76.0
1511186768944,Sound_P,57.472817393488484
1511186768947,PodiumIR,89
1511186769073,Sound_R,53.640714491723884
1511186772719,Temperature_1,24.25
1511186772723,Humidity_1,15.012428865969973
1511186772727,Brightness_1,70.0
1511186772730,Temperature_2,23.67
1511186772732,Humidity_2,15.752348149574933
1511186772735,Brightness_2,75.0
1511186776339,Motion_5,False
1511186778953,Sound_P,51.62091662308819
1511186778956,PodiumIR,87
1511186779073,Sound_R,54.19146308947279
1511186779598,Temperature_1,24.25
1511186779601,Humidity_1,15.012428865969973
1511186779605,Brightness_1,70.0
1511186779608,Temperature_2,23.67
1511186779613,Humidity_2,15.752348149574933
1511186779616,Brightness_2,75.0
1511186786233,Temperature_1,24.25
1511186786236,Humidity_1,15.012428865969973
1511186786240,Brightness_1,70.0
1511186786243,Temperature_2,23.67
1511186786248,Humidity_2,15.752348149574933
1511186786251,Brightness_2,75.0
1511186788961,Sound_P,56.45426312235056
1511186788964,PodiumIR,93
1511186789073,Sound_R,54.65018309385567
1511186792892,Temperature_1,24.25
1511186792896,Humidity_1,15.012428865969973
1511186792900,Brightness_1,70.0
1511186792903,Temperature_2,23.67
1511186792905,Humidity_2,15.752348149574933
1511186792908,Brightness_2,75.0
1511186798969,Sound_P,51.62091662308819
1511186798972,PodiumIR,67
1511186799073,Sound_R,54.924210551770194
1511186799656,Temperature_1,24.25
1511186799659,Humidity_1,15.012428865969973
1511186799663,Brightness_1,70.0
1511186799666,Temperature_2,23.67
1511186799671,Humidity_2,15.752348149574933
1511186799674,Brightness_2,75.0
1511186801307,Motion_5,False
1511186801307,Seat_9,False
1511186804079,Motion_5,True
1511186806104,Temperature_1,24.13
1511186806107,Humidity_1,15.012428865969973
1511186806111,Brightness_1,70.0
1511186806114,Temperature_2,23.67
1511186806117,Humidity_2,15.752348149574933
1511186806119,Brightness_2,75.0
1511186808471,Seat_9,False
1511186808977,Sound_P,51.62091662308819
1511186808980,PodiumIR,94
1511186809073,Sound_R,56.12109220156187
1511186812504,Temperature_1,24.13
1511186812507,Humidity_1,15.012428865969973
1511186812511,Brightness_1,70.0
1511186812514,Temperature_2,23.67
1511186812517,Humidity_2,15.752348149574933
1511186812520,Brightness_2,75.0
1511186818985,Sound_P,55.369951428718224
1511186818989,PodiumIR,87
1511186819038,Temperature_1,24.13
1511186819042,Humidity_1,15.012428865969973
1511186819046,Brightness_1,70.0
1511186819051,Temperature_2,23.67
1511186819053,Humidity_2,15.752348149574933
1511186819056,Brightness_2,75.0
1511186819073,Sound_R,55.26966306657172
1511186820587,Motion_5,False
1511186820587,Seat_9,False
1511186822788,Seat_9,False
1511186825660,Temperature_1,24.13
1511186825663,Humidity_1,15.012428865969973
1511186825667,Brightness_1,70.0
1511186825670,Temperature_2,23.67
1511186825673,Humidity_2,15.752348149574933
1511186825676,Brightness_2,75.0
1511186826966,Seat_9,False
1511186828994,Sound_P,58.433135904413454
1511186828997,PodiumIR,137
1511186829073,Sound_R,58.10225574386769
1511186829172,Seat_9,False
1511186832128,Temperature_1,24.13
1511186832132,Humidity_1,15.012428865969973
1511186832135,Brightness_1,70.0
1511186832138,Temperature_2,23.67
1511186832142,Humidity_2,15.752348149574933
1511186832146,Brightness_2,73.0
1511186833344,Seat_9,False
1511186836541,Seat_9,False
1511186838534,Temperature_1,24.13
1511186838537,Humidity_1,15.012428865969973
1511186838541,Brightness_1,70.0
1511186838544,Temperature_2,23.67
1511186838549,Humidity_2,15.752348149574933
1511186838552,Brightness_2,73.0
1511186839002,Sound_P,54.210802194865956
1511186839006,PodiumIR,95
1511186839073,Sound_R,59.999759747488895
1511186841714,Seat_9,False
1511186843905,Seat_9,False
1511186845334,Temperature_1,24.13
1511186845338,Humidity_1,15.012428865969973
1511186845342,Brightness_1,70.0
1511186845345,Temperature_2,23.67
1511186845347,Humidity_2,15.752348149574933
1511186845353,Brightness_2,73.0
1511186849010,Sound_P,51.62091662308819
1511186849014,PodiumIR,122
1511186849073,Sound_R,59.48462344308805
1511186849093,Seat_9,False
1511186851753,Temperature_1,24.13
1511186851757,Humidity_1,15.012428865969973
1511186851758,Brightness_1,70.0
1511186851760,Temperature_2,23.67
1511186851762,Humidity_2,15.752348149574933
1511186851764,Brightness_2,73.0
1511186852269,Seat_9,False
1511186855466,Seat_9,False
1511186857662,Seat_9,False
1511186857662,Motion_5,True
1511186858234,Temperature_1,24.13
1511186858238,Humidity_1,15.012428865969973
1511186858241,Brightness_1,70.0
1511186858243,Temperature_2,23.67
1511186858246,Humidity_2,15.752348149574933
1511186858248,Brightness_2,73.0
1511186859018,Sound_P,51.62091662308819
1511186859021,PodiumIR,93
1511186859073,Sound_R,56.81820384211824
1511186861854,Seat_9,False
1511186864991,Temperature_1,24.13
1511186864994,Humidity_1,15.012428865969973
1511186864996,Brightness_1,70.0
1511186864998,Temperature_2,23.67
1511186865000,Humidity_2,15.752348149574933
1511186865002,Brightness_2,73.0
1511186866037,Seat_9,False
1511186869026,Sound_P,54.210802194865956
1511186869029,PodiumIR,84
1511186869073,Sound_R,53.75694259536275
1511186870219,Seat_9,False
1511186870219,Motion_5,False
1511186871975,Temperature_1,24.13
1511186871981,Humidity_1,15.012428865969973
1511186871983,Brightness_1,70.0
1511186871985,Temperature_2,23.67
1511186871988,Humidity_2,15.752348149574933
1511186871993,Brightness_2,73.0
1511186872420,Seat_9,False
1511186876602,Seat_9,False
1511186878394,Temperature_1,24.13
1511186878399,Humidity_1,15.012428865969973
1511186878402,Brightness_1,70.0
1511186878404,Temperature_2,23.67
1511186878406,Humidity_2,15.752348149574933
1511186878409,Brightness_2,73.0
1511186878488,Seat_9,False
1511186878488,Motion_5,True
1511186879035,Sound_P,55.369951428718224
1511186879039,PodiumIR,80
1511186879073,Sound_R,53.63709607522505
1511186879789,Seat_9,True
1511186883971,Seat_9,False
1511186885169,Temperature_1,24.13
1511186885171,Humidity_1,15.012428865969973
1511186885174,Brightness_1,70.0
1511186885176,Temperature_2,23.67
1511186885178,Humidity_2,15.752348149574933
1511186885180,Brightness_2,73.0
1511186887093,Seat_9,False
1511186887093,Motion_7,True
1511186889041,Sound_P,51.62091662308819
1511186889045,PodiumIR,53
1511186889073,Sound_R,54.65062569147242
1511186891395,Seat_9,False
1511186891395,Motion_5,True
1511186891628,Temperature_1,24.13
1511186891630,Humidity_1,15.012428865969973
1511186891633,Brightness_1,70.0
1511186891635,Temperature_2,23.67
1511186891637,Humidity_2,15.752348149574933
1511186891639,Brightness_2,73.0
1511186894392,Seat_9,False
1511186898066,Temperature_1,24.13
1511186898069,Humidity_1,15.012428865969973
1511186898072,Brightness_1,70.0
1511186898074,Temperature_2,23.67
1511186898076,Humidity_2,15.752348149574933
1511186898078,Brightness_2,77.0
1511186899048,Sound_P,52.96571415471127
1511186899051,PodiumIR,87
1511186899073,Sound_R,53.7074848448328
1511186899574,Seat_9,False
1511186899574,Motion_7,False
1511186902771,Seat_9,False
1511186904465,Temperature_1,24.13
1511186904468,Humidity_1,15.012428865969973
1511186904471,Brightness_1,70.0
1511186904473,Temperature_2,23.67
1511186904475,Humidity_2,15.752348149574933
1511186904478,Brightness_2,77.0
1511186907349,Motion_5,False
1511186909054,Sound_P,52.96571415471127
1511186909057,PodiumIR,87
1511186909073,Sound_R,53.26142678121829
1511186910877,Temperature_1,24.13
1511186910880,Humidity_1,15.012428865969973
1511186910883,Brightness_1,70.0
1511186910885,Temperature_2,23.67
1511186910888,Humidity_2,15.752348149574933
1511186910891,Brightness_2,77.0
1511186911926,Seat_9,False
1511186917647,Temperature_1,24.13
1511186917650,Humidity_1,15.012428865969973
1511186917653,Brightness_1,70.0
1511186917655,Temperature_2,23.67
1511186917657,Humidity_2,15.752348149574933
1511186917659,Brightness_2,77.0
1511186918099,Seat_9,False
1511186919062,Sound_P,56.45426312235056
1511186919065,PodiumIR,80
1511186919073,Sound_R,57.58809958766906
1511186920841,Seat_9,False
1511186920841,Motion_5,False
1511186923297,Motion_5,True
1511186923297,Seat_9,False
1511186924228,Temperature_1,24.13
1511186924232,Humidity_1,15.012428865969973
1511186924235,Brightness_1,70.0
1511186924237,Temperature_2,23.67
1511186924240,Humidity_2,15.752348149574933
1511186924242,Brightness_2,77.0
1511186925023,Seat_9,True
1511186928220,Seat_9,False
1511186929073,Sound_P,54.210802194865956
1511186929073,Sound_R,56.89171212445751
1511186929076,PodiumIR,97
1511186930774,Temperature_1,24.13
1511186930778,Humidity_1,15.012428865969973
1511186930781,Brightness_1,70.0
1511186930784,Temperature_2,23.67
1511186930786,Humidity_2,15.752348149574933
1511186930789,Brightness_2,77.0
1511186934348,Seat_9,False
1511186937194,Temperature_1,24.13
1511186937197,Humidity_1,15.012428865969973
1511186937200,Brightness_1,72.0
1511186937203,Temperature_2,23.67
1511186937205,Humidity_2,15.752348149574933
1511186937208,Brightness_2,77.0
1511186938525,Seat_9,False
1511186938525,Motion_5,False
1511186939073,Sound_R,55.071400123167024
1511186939079,Sound_P,52.96571415471127
1511186939082,PodiumIR,89
1511186942712,Seat_9,False
1511186944037,Temperature_1,24.13
1511186944040,Humidity_1,15.012428865969973
1511186944044,Brightness_1,72.0
1511186944046,Temperature_2,23.67
1511186944049,Humidity_2,15.752348149574933
1511186944052,Brightness_2,77.0
1511186944904,Seat_9,False
1511186949073,Sound_R,57.82428496442902
1511186949085,Sound_P,50.159038478285424
1511186949092,PodiumIR,93
1511186950081,Seat_9,False
1511186950444,Temperature_1,24.13
1511186950448,Humidity_1,15.012428865969973
1511186950451,Brightness_1,72.0
1511186950454,Temperature_2,23.67
1511186950456,Humidity_2,15.752348149574933
1511186950459,Brightness_2,77.0
1511186956898,Temperature_1,24.13
1511186956901,Humidity_1,15.012428865969973
1511186956905,Brightness_1,72.0
1511186956907,Temperature_2,23.67
1511186956910,Humidity_2,15.752348149574933
1511186956912,Brightness_2,77.0
1511186958051,Motion_5,False
1511186958051,Seat_9,False
1511186959073,Sound_R,60.2286755436636
1511186959102,Sound_P,52.96571415471127
1511186959105,PodiumIR,131
1511186961257,Seat_9,False
1511186963618,Temperature_1,24.13
1511186963621,Humidity_1,15.012428865969973
1511186963625,Brightness_1,72.0
1511186963627,Temperature_2,23.67
1511186963630,Humidity_2,15.752348149574933
1511186963632,Brightness_2,76.0
1511186964434,Seat_9,False
1511186968621,Seat_9,False
1511186969073,Sound_R,60.05990824162908
1511186969108,Sound_P,55.369951428718224
1511186969111,PodiumIR,89
1511186970047,Temperature_1,24.13
1511186970050,Humidity_1,15.012428865969973
1511186970053,Brightness_1,72.0
1511186970056,Temperature_2,23.67
1511186970058,Humidity_2,15.752348149574933
1511186970061,Brightness_2,76.0
1511186971818,Seat_9,False
1511186976000,Seat_9,False
1511186976476,Temperature_1,24.13
1511186976480,Humidity_1,15.012428865969973
1511186976483,Brightness_1,72.0
1511186976486,Temperature_2,23.67
1511186976489,Humidity_2,15.752348149574933
1511186976492,Brightness_2,76.0
1511186978196,Seat_9,False
1511186979073,Sound_R,58.2017382690849
1511186979113,Sound_P,52.96571415471127
1511186979117,PodiumIR,95
1511186982384,Seat_9,False
1511186982921,Temperature_1,24.13
1511186982924,Humidity_1,15.012428865969973
1511186982928,Brightness_1,72.0
1511186982930,Temperature_2,23.67
1511186982933,Humidity_2,15.752348149574933
1511186982935,Brightness_2,76.0
1511186983704,Seat_9,False
1511186983704,Motion_5,True
1511186986566,Seat_9,True
1511186989073,Sound_R,56.15316229951884
1511186989119,Sound_P,55.369951428718224
1511186989122,PodiumIR,81
1511186989619,Temperature_1,24.13
1511186989622,Humidity_1,15.012428865969973
1511186989625,Brightness_1,72.0
1511186989628,Temperature_2,23.67
1511186989630,Humidity_2,15.752348149574933
1511186989633,Brightness_2,76.0
1511186989753,Seat_9,False
1511186992949,Seat_9,False
1511186996219,Temperature_1,24.13
1511186996222,Humidity_1,15.012428865969973
1511186996226,Brightness_1,75.0
1511186996229,Temperature_2,23.67
1511186996231,Humidity_2,15.752348149574933
1511186996234,Brightness_2,76.0
1511186996601,Seat_9,False
1511186996601,Motion_5,True
1511186999073,Sound_R,56.10165343918745
1511186999125,Sound_P,52.96571415471127
1511186999129,PodiumIR,85
1511187000258,Seat_9,False
1511187000263,Motion_8,True
1511187001769,Seat_9,True
1511187002918,Temperature_1,24.13
1511187002921,Humidity_1,15.012428865969973
1511187002924,Brightness_1,75.0
1511187002927,Temperature_2,23.67
1511187002930,Humidity_2,15.752348149574933
1511187002933,Brightness_2,76.0
1511187005946,Seat_9,False
1511187009073,Sound_R,57.817867771895635
1511187009131,Sound_P,56.45426312235056
1511187009134,PodiumIR,88
1511187009138,Seat_9,False
1511187009138,Motion_5,True
1511187009385,Temperature_1,24.13
1511187009389,Humidity_1,15.012428865969973
1511187009392,Brightness_1,75.0
1511187009395,Temperature_2,23.67
1511187009397,Humidity_2,15.752348149574933
1511187009399,Brightness_2,76.0
1511187013325,Seat_9,False
1511187013325,Motion_8,False
1511187015521,Seat_9,False
1511187016047,Temperature_1,24.13
1511187016050,Humidity_1,15.012428865969973
1511187016053,Brightness_1,75.0
1511187016056,Temperature_2,23.67
1511187016059,Humidity_2,15.752348149574933
1511187016062,Brightness_2,76.0
1511187019073,Sound_R,57.62955863241185
1511187019136,Sound_P,65.24535518573873
1511187019140,PodiumIR,88
1511187019709,Seat_9,False
1511187022476,Temperature_1,24.13
1511187022479,Humidity_1,15.012428865969973
1511187022482,Brightness_1,75.0
1511187022485,Temperature_2,23.67
1511187022488,Humidity_2,15.752348149574933
1511187022490,Brightness_2,73.0
1511187022895,Seat_9,False
1511187027092,Motion_5,False
1511187027092,Seat_9,False
1511187028956,Temperature_1,24.13
1511187028959,Humidity_1,15.012428865969973
1511187028962,Brightness_1,75.0
1511187028965,Temperature_2,23.67
1511187028967,Humidity_2,15.752348149574933
1511187028970,Brightness_2,73.0
1511187029073,Sound_R,62.02823952741733
1511187029142,Sound_P,61.023021476191225
1511187029145,PodiumIR,101
1511187030269,Seat_9,False
1511187030274,Seat_9,True
1511187030274,Motion_5,True
1511187034461,Seat_9,False
1511187035891,Temperature_1,24.13
1511187035894,Humidity_1,15.012428865969973
1511187035897,Brightness_1,75.0
1511187035899,Temperature_2,23.67
1511187035901,Humidity_2,15.752348149574933
1511187035904,Brightness_2,73.0
1511187037653,Seat_9,False
1511187039073,Sound_R,64.60836979476609
1511187039149,Sound_P,55.369951428718224
1511187039152,PodiumIR,93
1511187041840,Seat_9,False
1511187042302,Temperature_1,24.13
1511187042305,Humidity_1,15.012428865969973
1511187042308,Brightness_1,75.0
1511187042310,Temperature_2,23.67
1511187042312,Humidity_2,15.752348149574933
1511187042314,Brightness_2,73.0
1511187046758,Motion_5,False
1511187046758,Seat_9,False
1511187049005,Temperature_1,24.13
1511187049008,Humidity_1,15.012428865969973
1511187049011,Brightness_1,75.0
1511187049013,Temperature_2,23.67
1511187049015,Humidity_2,15.752348149574933
1511187049017,Brightness_2,73.0
1511187049073,Sound_R,60.8910656013387
1511187049159,Sound_P,58.433135904413454
1511187049163,PodiumIR,124
1511187049214,Seat_9,False
1511187051420,Seat_9,False
1511187055450,Temperature_1,24.13
1511187055453,Humidity_1,15.012428865969973
1511187055456,Brightness_1,75.0
1511187055459,Temperature_2,23.67
1511187055461,Humidity_2,15.752348149574933
1511187055463,Brightness_2,73.0
1511187059073,Sound_R,60.70721362541971
1511187059170,Sound_P,51.62091662308819
1511187059173,PodiumIR,77
1511187062217,Temperature_1,24.13
1511187062220,Humidity_1,15.012428865969973
1511187062223,Brightness_1,75.0
1511187062225,Temperature_2,23.67
1511187062228,Humidity_2,15.752348149574933
1511187062230,Brightness_2,73.0
1511187062566,Seat_9,False
1511187062566,Motion_5,False
1511187066744,Seat_9,False
1511187068624,Temperature_1,24.13
1511187068627,Humidity_1,15.012428865969973
1511187068630,Brightness_1,75.0
1511187068632,Temperature_2,23.67
1511187068635,Humidity_2,15.752348149574933
1511187068637,Brightness_2,73.0
1511187069073,Sound_R,60.44718429725514
1511187069180,Sound_P,58.433135904413454
1511187069183,PodiumIR,123
1511187069940,Seat_9,False
1511187074068,Seat_9,False
1511187074068,Motion_8,True
1511187074068,Motion_7,True
1511187075111,Temperature_1,24.13
1511187075113,Humidity_1,15.012428865969973
1511187075117,Brightness_1,75.0
1511187075119,Temperature_2,23.67
1511187075121,Humidity_2,15.752348149574933
1511187075124,Brightness_2,73.0
1511187076364,Motion_5,True
1511187076364,Motion_6,True
1511187076364,Seat_9,True
1511187079072,Sound_R,58.23775948121132
1511187079190,Sound_P,51.62091662308819
1511187079198,PodiumIR,96
1511187080551,Seat_9,False
1511187081511,Temperature_1,24.13
1511187081514,Humidity_1,15.012428865969973
1511187081516,Brightness_1,75.0
1511187081519,Temperature_2,23.67
1511187081521,Humidity_2,15.752348149574933
1511187081523,Brightness_2,73.0
1511187083743,Seat_9,False
1511187086014,Seat_9,False
1511187087952,Aircon_2,On
1511187088224,Temperature_1,24.13
1511187088227,Humidity_1,15.012428865969973
1511187088231,Brightness_1,75.0
1511187088234,Temperature_2,23.67
1511187088237,Humidity_2,15.752348149574933
1511187088239,Brightness_2,77.0
1511187089073,Sound_R,57.561042366771666
1511187089205,Sound_P,54.210802194865956
1511187089208,PodiumIR,101
1511187092112,Motion_8,False
1511187092112,Motion_7,False
1511187092112,Motion_5,False
1511187092112,Motion_6,False
1511187092112,Seat_9,False
1511187092117,Seat_9,True
1511187094298,Seat_9,False
1511187094670,Temperature_1,24.13
1511187094673,Humidity_1,15.012428865969973
1511187094677,Brightness_1,75.0
1511187094679,Temperature_2,23.67
1511187094681,Humidity_2,15.752348149574933
1511187094684,Brightness_2,77.0
1511187098496,Seat_9,False
1511187099073,Sound_R,57.330130542199036
1511187099215,Sound_P,55.369951428718224
1511187099218,PodiumIR,93
1511187101128,Temperature_1,24.13
1511187101132,Humidity_1,15.012428865969973
1511187101135,Brightness_1,75.0
1511187101138,Temperature_2,23.67
1511187101140,Humidity_2,15.752348149574933
1511187101144,Brightness_2,77.0
1511187102678,Seat_9,False
1511187105870,Seat_9,False
1511187107576,Temperature_1,24.13
1511187107579,Humidity_1,15.012428865969973
1511187107583,Brightness_1,75.0
1511187107586,Temperature_2,23.67
1511187107589,Humidity_2,15.752348149574933
1511187107592,Brightness_2,77.0
1511187109073,Sound_R,57.28348494993665
1511187109224,Sound_P,55.369951428718224
1511187109227,PodiumIR,96
1511187111052,Seat_9,False
1511187113248,Seat_9,False
1511187114012,Temperature_1,24.13
1511187114015,Humidity_1,15.012428865969973
1511187114019,Brightness_1,75.0
1511187114022,Temperature_2,23.67
1511187114024,Humidity_2,15.752348149574933
1511187114026,Brightness_2,77.0
1511187115445,Seat_9,False
1511187119073,Sound_R,57.11242846086555
1511187119233,Sound_P,55.369951428718224
1511187119242,PodiumIR,94
1511187120439,Temperature_1,24.13
1511187120442,Humidity_1,15.012428865969973
1511187120445,Brightness_1,75.0
1511187120448,Temperature_2,23.67
1511187120451,Humidity_2,15.752348149574933
1511187120453,Brightness_2,77.0
1511187125585,Seat_9,False
1511187127146,Temperature_1,24.13
1511187127149,Humidity_1,15.012428865969973
1511187127152,Brightness_1,69.0
1511187127155,Temperature_2,23.67
1511187127157,Humidity_2,15.752348149574933
1511187127160,Brightness_2,77.0
1511187127786,Seat_9,False
1511187129073,Sound_R,55.07792962530501
1511187129248,Sound_P,51.62091662308819
1511187129251,PodiumIR,68
1511187131973,Seat_9,False
1511187133914,Temperature_1,24.13
1511187133917,Humidity_1,15.012428865969973
1511187133920,Brightness_1,69.0
1511187133923,Temperature_2,23.67
1511187133925,Humidity_2,15.752348149574933
1511187133928,Brightness_2,77.0
1511187134165,Seat_9,False
1511187139073,Sound_R,56.75341549045462
1511187139257,Sound_P,51.62091662308819
1511187139260,PodiumIR,88
1511187140321,Temperature_1,24.13
1511187140324,Humidity_1,15.012428865969973
1511187140328,Brightness_1,69.0
1511187140330,Temperature_2,23.67
1511187140333,Humidity_2,15.752348149574933
1511187140336,Brightness_2,77.0
1511187141333,Seat_9,False
1511187145511,Seat_9,False
1511187147004,Temperature_1,24.13
1511187147007,Humidity_1,15.012428865969973
1511187147011,Brightness_1,69.0
1511187147013,Temperature_2,23.67
1511187147016,Humidity_2,15.752348149574933
1511187147018,Brightness_2,77.0
1511187149073,Sound_R,57.53197079601477
1511187149267,Sound_P,50.159038478285424
1511187149270,PodiumIR,83
1511187149698,Seat_9,False
1511187153755,Temperature_1,24.13
1511187153758,Humidity_1,15.012428865969973
1511187153761,Brightness_1,69.0
1511187153764,Temperature_2,23.67
1511187153767,Humidity_2,15.752348149574933
1511187153769,Brightness_2,72.0
1511187158858,Seat_9,False
1511187159073,Sound_R,57.31872058023881
1511187159277,Sound_P,54.210802194865956
1511187159280,PodiumIR,94
1511187160219,Temperature_1,24.13
1511187160222,Humidity_1,15.012428865969973
1511187160226,Brightness_1,69.0
1511187160228,Temperature_2,23.67
1511187160231,Humidity_2,15.752348149574933
1511187160235,Brightness_2,72.0
1511187163045,Seat_9,False
1511187165236,Seat_9,False
1511187166879,Temperature_1,24.13
1511187166882,Humidity_1,15.012428865969973
1511187166885,Brightness_1,69.0
1511187166888,Temperature_2,23.67
1511187166890,Humidity_2,15.752348149574933
1511187166893,Brightness_2,72.0
1511187169073,Sound_R,57.61158010975222
1511187169286,Sound_P,61.023021476191225
1511187169290,PodiumIR,87
1511187171414,Seat_9,False
1511187173519,Temperature_1,24.13
1511187173522,Humidity_1,15.012428865969973
1511187173526,Brightness_1,69.0
1511187173529,Temperature_2,23.67
1511187173531,Humidity_2,15.752348149574933
1511187173534,Brightness_2,72.0
1511187178578,Seat_9,False
1511187179073,Sound_R,56.12984279014498
1511187179295,Sound_P,54.210802194865956
1511187179299,PodiumIR,90
1511187180086,Temperature_1,24.13
1511187180090,Humidity_1,15.012428865969973
1511187180093,Brightness_1,69.0
1511187180096,Temperature_2,23.67
1511187180099,Humidity_2,15.752348149574933
1511187180102,Brightness_2,72.0
1511187184762,Seat_9,False
1511187187061,Temperature_1,24.13
1511187187064,Humidity_1,15.012428865969973
1511187187068,Brightness_1,74.0
1511187187070,Temperature_2,23.67
1511187187072,Humidity_2,15.752348149574933
1511187187075,Brightness_2,72.0
1511187187943,Seat_9,False
1511187189073,Sound_R,57.77472556060943
1511187189304,Sound_P,55.369951428718224
1511187189308,PodiumIR,140
1511187193596,Temperature_1,24.13
1511187193599,Humidity_1,15.012428865969973
1511187193602,Brightness_1,74.0
1511187193605,Temperature_2,23.67
1511187193607,Humidity_2,15.752348149574933
1511187193610,Brightness_2,72.0
1511187197108,Seat_9,False
1511187199073,Sound_R,57.80723169414495
1511187199314,Sound_P,55.369951428718224
1511187199318,PodiumIR,93
1511187200041,Temperature_1,24.13
1511187200044,Humidity_1,15.012428865969973
1511187200048,Brightness_1,74.0
1511187200050,Temperature_2,23.67
1511187200053,Humidity_2,15.752348149574933
1511187200055,Brightness_2,72.0
1511187206258,Seat_9,False
1511187206457,Temperature_1,24.13
1511187206460,Humidity_1,15.012428865969973
1511187206464,Brightness_1,74.0
1511187206466,Temperature_2,23.67
1511187206469,Humidity_2,15.752348149574933
1511187206472,Brightness_2,72.0
1511187209073,Sound_R,58.24120325086287
1511187209324,Sound_P,52.96571415471127
1511187209328,PodiumIR,100
1511187213171,Temperature_1,24.13
1511187213175,Humidity_1,15.012428865969973
1511187213178,Brightness_1,74.0
1511187213181,Temperature_2,23.67
1511187213183,Humidity_2,15.752348149574933
1511187213185,Brightness_2,77.0
1511187219073,Sound_R,59.79424366744869
1511187219333,Sound_P,56.45426312235056
1511187219337,PodiumIR,84
1511187219808,Temperature_1,24.13
1511187219811,Humidity_1,15.012428865969973
1511187219815,Brightness_1,74.0
1511187219817,Temperature_2,23.67
1511187219820,Humidity_2,15.752348149574933
1511187219823,Brightness_2,77.0
1511187226244,Temperature_1,24.13
1511187226248,Humidity_1,15.012428865969973
1511187226251,Brightness_1,74.0
1511187226254,Temperature_2,23.67
1511187226257,Humidity_2,15.752348149574933
1511187226260,Brightness_2,77.0
1511187229073,Sound_R,60.888293301605295
1511187229343,Sound_P,61.023021476191225
1511187229346,PodiumIR,99
1511187232317,Seat_9,False
1511187232718,Temperature_1,24.13
1511187232721,Humidity_1,15.012428865969973
1511187232724,Brightness_1,74.0
1511187232727,Temperature_2,23.67
1511187232729,Humidity_2,15.752348149574933
1511187232732,Brightness_2,77.0
1511187239073,Sound_R,59.42782880182464
1511187239353,Sound_P,54.210802194865956
1511187239356,PodiumIR,88
1511187239364,Temperature_1,24.13
1511187239367,Humidity_1,15.012428865969973
1511187239371,Brightness_1,74.0
1511187239374,Temperature_2,23.67
1511187239378,Humidity_2,15.752348149574933
1511187239380,Brightness_2,77.0
1511187245951,Temperature_1,24.13
1511187245954,Humidity_1,15.012428865969973
1511187245958,Brightness_1,74.0
1511187245961,Temperature_2,23.67
1511187245963,Humidity_2,15.752348149574933
1511187245966,Brightness_2,77.0
1511187249073,Sound_R,58.424091387842736
1511187249363,Sound_P,51.62091662308819
1511187249366,PodiumIR,68
1511187252360,Temperature_1,24.13
1511187252363,Humidity_1,15.012428865969973
1511187252367,Brightness_1,70.0
1511187252369,Temperature_2,23.67
1511187252372,Humidity_2,15.752348149574933
1511187252375,Brightness_2,77.0
1511187258825,Temperature_1,24.13
1511187258829,Humidity_1,15.012428865969973
1511187258832,Brightness_1,70.0
1511187258835,Temperature_2,23.67
1511187258837,Humidity_2,15.752348149574933
1511187258840,Brightness_2,77.0
1511187259073,Sound_R,59.02955147040737
1511187259372,Sound_P,52.96571415471127
1511187259376,PodiumIR,87
1511187260362,Seat_9,False
1511187265271,Temperature_1,24.13
1511187265274,Humidity_1,15.012428865969973
1511187265277,Brightness_1,70.0
1511187265280,Temperature_2,23.67
1511187265282,Humidity_2,15.752348149574933
1511187265285,Brightness_2,77.0
1511187269073,Sound_R,57.208756610761675
1511187269382,Sound_P,54.210802194865956
1511187269385,PodiumIR,97
1511187270507,Seat_9,False
1511187271670,Temperature_1,24.13
1511187271673,Humidity_1,15.012428865969973
1511187271676,Brightness_1,70.0
1511187271679,Temperature_2,23.67
1511187271681,Humidity_2,15.752348149574933
1511187271684,Brightness_2,77.0
1511187278237,Temperature_1,24.13
1511187278240,Humidity_1,15.012428865969973
1511187278244,Brightness_1,70.0
1511187278246,Temperature_2,23.67
1511187278249,Humidity_2,15.752348149574933
1511187278251,Brightness_2,77.0
1511187279073,Sound_R,57.033103080051184
1511187279391,Sound_P,56.45426312235056
1511187279394,PodiumIR,60
1511187284933,Temperature_1,24.13
1511187284936,Humidity_1,15.012428865969973
1511187284940,Brightness_1,70.0
1511187284942,Temperature_2,23.67
1511187284945,Humidity_2,15.752348149574933
1511187284948,Brightness_2,77.0
1511187289073,Sound_R,59.350409810569964
1511187289400,Sound_P,56.45426312235056
1511187289403,PodiumIR,90
1511187291399,Temperature_1,24.13
1511187291402,Humidity_1,15.012428865969973
1511187291406,Brightness_1,70.0
1511187291409,Temperature_2,23.67
1511187291411,Humidity_2,15.752348149574933
1511187291414,Brightness_2,77.0
1511187297835,Temperature_1,24.13
1511187297838,Humidity_1,15.012428865969973
1511187297842,Brightness_1,70.0
1511187297844,Temperature_2,23.67
1511187297846,Humidity_2,15.752348149574933
1511187297850,Brightness_2,77.0
1511187299073,Sound_R,58.47121949408489
1511187299409,Sound_P,56.45426312235056
1511187299412,PodiumIR,91
1511187304233,Temperature_1,24.13
1511187304236,Humidity_1,15.012428865969973
1511187304240,Brightness_1,70.0
1511187304242,Temperature_2,23.67
1511187304244,Humidity_2,15.752348149574933
1511187304247,Brightness_2,77.0
1511187309073,Sound_R,56.74153499358136
1511187309418,Sound_P,54.210802194865956
1511187309430,PodiumIR,86
1511187309923,Seat_9,False
1511187309928,Motion_5,True
1511187309928,Motion_8,True
1511187310631,Temperature_1,24.13
1511187310635,Humidity_1,15.012428865969973
1511187310638,Brightness_1,70.0
1511187310641,Temperature_2,23.67
1511187310643,Humidity_2,15.752348149574933
1511187310645,Brightness_2,77.0
1511187311139,Motion_7,True
1511187311139,Motion_8,True
1511187312445,Seat_9,True
1511187312445,Motion_6,True
1511187317086,Temperature_1,24.13
1511187317089,Humidity_1,15.012428865969973
1511187317093,Brightness_1,75.0
1511187317095,Temperature_2,23.67
1511187317098,Humidity_2,15.752348149574933
1511187317100,Brightness_2,77.0
1511187319073,Sound_R,55.78741812832902
1511187319437,Sound_P,52.96571415471127
1511187319440,PodiumIR,82
1511187323947,Temperature_1,24.13
1511187323950,Humidity_1,15.012428865969973
1511187323954,Brightness_1,75.0
1511187323956,Temperature_2,23.67
1511187323959,Humidity_2,15.752348149574933
1511187323962,Brightness_2,77.0
1511187324576,Seat_9,False
1511187324576,Motion_5,False
1511187324576,Motion_7,False
1511187324576,Motion_8,False
1511187329073,Sound_R,54.026046522179094
1511187329446,Sound_P,52.96571415471127
1511187329449,PodiumIR,91
1511187330361,Temperature_1,24.13
1511187330365,Humidity_1,15.012428865969973
1511187330368,Brightness_1,75.0
1511187330370,Temperature_2,23.67
1511187330373,Humidity_2,15.752348149574933
1511187330375,Brightness_2,77.0
1511187337055,Temperature_1,24.13
1511187337058,Humidity_1,15.012428865969973
1511187337062,Brightness_1,75.0
1511187337064,Temperature_2,23.67
1511187337066,Humidity_2,15.752348149574933
1511187337070,Brightness_2,77.0
1511187338023,Seat_9,False
1511187338023,Motion_6,False
1511187338023,Motion_7,True
1511187339073,Sound_R,55.269386141227805
1511187339456,Sound_P,51.62091662308819
1511187339459,PodiumIR,107
1511187343506,Temperature_1,24.13
1511187343509,Humidity_1,15.012428865969973
1511187343513,Brightness_1,75.0
1511187343515,Temperature_2,23.67
1511187343517,Humidity_2,15.875668030175758
1511187343520,Brightness_2,73.0
1511187347914,Motion_5,True
1511187349073,Sound_R,54.770573530328285
1511187349465,Sound_P,54.210802194865956
1511187349468,PodiumIR,67
1511187349933,Temperature_1,24.13
1511187349937,Humidity_1,15.012428865969973
1511187349940,Brightness_1,75.0
1511187349943,Temperature_2,23.67
1511187349945,Humidity_2,15.875668030175758
1511187349948,Brightness_2,73.0
1511187350595,Seat_9,True
1511187350595,Motion_7,False
1511187356372,Temperature_1,24.13
1511187356375,Humidity_1,15.012428865969973
1511187356379,Brightness_1,75.0
1511187356381,Temperature_2,23.67
1511187356384,Humidity_2,15.875668030175758
1511187356386,Brightness_2,73.0
1511187359073,Sound_R,56.736450345030725
1511187359474,Sound_P,60.20329792798059
1511187359478,PodiumIR,85
1511187361726,Seat_9,False
1511187361726,Motion_5,False
1511187363166,Temperature_1,24.13
1511187363170,Humidity_1,15.012428865969973
1511187363173,Brightness_1,75.0
1511187363176,Temperature_2,23.67
1511187363178,Humidity_2,15.875668030175758
1511187363181,Brightness_2,73.0
1511187366649,Seat_9,False
1511187366649,Motion_5,True
1511187369073,Sound_R,63.06034853703873
1511187369484,Sound_P,55.369951428718224
1511187369487,PodiumIR,85
1511187369930,Temperature_1,24.13
1511187369933,Humidity_1,15.012428865969973
1511187369937,Brightness_1,75.0
1511187369939,Temperature_2,23.67
1511187369941,Humidity_2,15.875668030175758
1511187369944,Brightness_2,73.0
1511187373847,Seat_9,True
1511187376475,Temperature_1,24.13
1511187376478,Humidity_1,15.135748746570798
1511187376482,Brightness_1,69.0
1511187376484,Temperature_2,23.67
1511187376487,Humidity_2,15.875668030175758
1511187376489,Brightness_2,73.0
1511187379073,Sound_R,63.810588913348454
1511187379489,Sound_P,55.369951428718224
1511187379493,PodiumIR,86
1511187382930,Temperature_1,24.13
1511187382934,Humidity_1,15.135748746570798
1511187382937,Brightness_1,69.0
1511187382940,Temperature_2,23.67
1511187382942,Humidity_2,15.875668030175758
1511187382945,Brightness_2,73.0
1511187384973,Seat_9,False
1511187384973,Motion_5,False
1511187387730,Seat_9,False
1511187387730,Motion_5,True
1511187389073,Sound_R,60.243616907305466
1511187389408,Temperature_1,24.13
1511187389411,Humidity_1,15.135748746570798
1511187389414,Brightness_1,69.0
1511187389417,Temperature_2,23.67
1511187389420,Humidity_2,15.875668030175758
1511187389423,Brightness_2,73.0
1511187389502,Sound_P,54.210802194865956
1511187389505,PodiumIR,89
1511187395124,Seat_9,True
1511187396142,Temperature_1,24.13
1511187396145,Humidity_1,15.135748746570798
1511187396158,Brightness_1,69.0
1511187396161,Temperature_2,23.67
1511187396164,Humidity_2,15.875668030175758
1511187396167,Brightness_2,73.0
1511187399073,Sound_R,59.14742379972307
1511187399509,Sound_P,56.45426312235056
1511187399512,PodiumIR,87
1511187407265,Seat_9,False
1511187407270,Motion_5,False
1511187407270,Seat_9,True
1511187409073,Sound_R,61.240088651379885
1511187409515,Sound_P,54.210802194865956
1511187409518,PodiumIR,74
1511187409575,Temperature_1,24.13
1511187409578,Humidity_1,15.135748746570798
1511187409582,Brightness_1,69.0
1511187409584,Temperature_2,23.67
1511187409587,Humidity_2,15.752348149574933
1511187409590,Brightness_2,76.0
1511187416108,Temperature_1,24.13
1511187416111,Humidity_1,15.135748746570798
1511187416115,Brightness_1,69.0
1511187416117,Temperature_2,23.67
1511187416120,Humidity_2,15.752348149574933
1511187416122,Brightness_2,76.0
1511187418401,Seat_9,False
1511187419073,Sound_R,58.51285589945965
1511187419520,Sound_P,54.210802194865956
1511187419524,PodiumIR,86
1511187422540,Temperature_1,24.13
1511187422543,Humidity_1,15.135748746570798
1511187422545,Brightness_1,69.0
1511187422548,Temperature_2,23.67
1511187422551,Humidity_2,15.752348149574933
1511187422554,Brightness_2,76.0
1511187429025,Temperature_1,24.13
1511187429029,Humidity_1,15.135748746570798
1511187429032,Brightness_1,69.0
1511187429035,Temperature_2,23.67
1511187429038,Humidity_2,15.752348149574933
1511187429041,Brightness_2,76.0
1511187429073,Sound_R,55.47705580818522
1511187429526,Sound_P,52.96571415471127
1511187429529,PodiumIR,72
1511187430533,Seat_9,False
1511187435464,Temperature_1,24.13
1511187435467,Humidity_1,15.135748746570798
1511187435470,Brightness_1,69.0
1511187435473,Temperature_2,23.67
1511187435475,Humidity_2,15.752348149574933
1511187435478,Brightness_2,76.0
1511187439073,Sound_R,57.82839083826051
1511187439532,Sound_P,58.433135904413454
1511187439535,PodiumIR,95
1511187442221,Temperature_1,24.13
1511187442223,Humidity_1,15.012428865969973
1511187442227,Brightness_1,69.0
1511187442231,Temperature_2,23.67
1511187442235,Humidity_2,15.752348149574933
1511187442238,Brightness_2,76.0
1511187448890,Temperature_1,24.13
1511187448894,Humidity_1,15.012428865969973
1511187448897,Brightness_1,69.0
1511187448900,Temperature_2,23.67
1511187448902,Humidity_2,15.752348149574933
1511187448904,Brightness_2,76.0
1511187449073,Sound_R,59.68632799330268
1511187449536,Sound_P,56.45426312235056
1511187449539,PodiumIR,117
1511187452604,Seat_9,False
1511187455648,Temperature_1,24.13
1511187455652,Humidity_1,15.012428865969973
1511187455655,Brightness_1,69.0
1511187455658,Temperature_2,23.67
1511187455660,Humidity_2,15.752348149574933
1511187455663,Brightness_2,76.0
1511187459073,Sound_R,60.558818848499584
1511187459542,Sound_P,52.96571415471127
1511187459545,PodiumIR,99
1511187462071,Temperature_1,24.13
1511187462074,Humidity_1,15.012428865969973
1511187462077,Brightness_1,69.0
1511187462080,Temperature_2,23.67
1511187462082,Humidity_2,15.752348149574933
1511187462085,Brightness_2,76.0
1511187467422,Seat_9,False
1511187467427,Motion_5,True
1511187468491,Temperature_1,24.13
1511187468494,Humidity_1,15.012428865969973
1511187468497,Brightness_1,69.0
1511187468500,Temperature_2,23.67
1511187468502,Humidity_2,15.752348149574933
1511187468505,Brightness_2,73.0
1511187469073,Sound_R,59.46754064479229
1511187469548,Sound_P,55.369951428718224
1511187469551,PodiumIR,90
1511187475195,Temperature_1,24.13
1511187475198,Humidity_1,15.012428865969973
1511187475201,Brightness_1,69.0
1511187475204,Temperature_2,23.67
1511187475206,Humidity_2,15.752348149574933
1511187475210,Brightness_2,73.0
1511187479073,Sound_R,58.40339090324361
1511187479553,Sound_P,51.62091662308819
1511187479556,PodiumIR,95
1511187481850,Temperature_1,24.13
1511187481853,Humidity_1,15.012428865969973
1511187481857,Brightness_1,69.0
1511187481859,Temperature_2,23.67
1511187481862,Humidity_2,15.752348149574933
1511187481864,Brightness_2,73.0
1511187483601,Motion_5,False
1511187483606,Seat_9,True
1511187488260,Temperature_1,24.13
1511187488264,Humidity_1,15.012428865969973
1511187488267,Brightness_1,69.0
1511187488270,Temperature_2,23.67
1511187488272,Humidity_2,15.752348149574933
1511187488274,Brightness_2,73.0
1511187489073,Sound_R,59.52815340260468
1511187489559,Sound_P,59.341519288975356
1511187489562,PodiumIR,91
1511187494977,Temperature_1,24.13
1511187494980,Humidity_1,15.012428865969973
1511187494983,Brightness_1,69.0
1511187494986,Temperature_2,23.67
1511187494989,Humidity_2,15.752348149574933
1511187494992,Brightness_2,73.0
1511187499073,Sound_R,60.390549238186225
1511187499565,Sound_P,52.96571415471127
1511187499568,PodiumIR,94
1511187501442,Temperature_1,24.13
1511187501445,Humidity_1,15.012428865969973
1511187501449,Brightness_1,69.0
1511187501451,Temperature_2,23.67
1511187501454,Humidity_2,15.752348149574933
1511187501457,Brightness_2,73.0
1511187505363,Seat_9,False
1511187505363,Motion_5,True
1511187508167,Temperature_1,24.13
1511187508170,Humidity_1,15.012428865969973
1511187508173,Brightness_1,70.0
1511187508176,Temperature_2,23.67
1511187508178,Humidity_2,15.752348149574933
1511187508181,Brightness_2,73.0
1511187509073,Sound_R,57.84081642900651
1511187509570,Sound_P,52.96571415471127
1511187509573,PodiumIR,63
1511187509665,Seat_9,True
1511187514578,Temperature_1,24.13
1511187514581,Humidity_1,15.012428865969973
1511187514584,Brightness_1,70.0
1511187514587,Temperature_2,23.67
1511187514590,Humidity_2,15.752348149574933
1511187514592,Brightness_2,73.0
1511187519073,Sound_R,57.160215865965085
1511187519576,Sound_P,55.369951428718224
1511187519579,PodiumIR,89
1511187520786,Seat_9,False
1511187520786,Motion_5,False
1511187520983,Temperature_1,24.13
1511187520986,Humidity_1,15.012428865969973
1511187520989,Brightness_1,70.0
1511187520992,Temperature_2,23.67
1511187520994,Humidity_2,15.752348149574933
1511187520997,Brightness_2,73.0
1511187522767,Seat_9,False
1511187522767,Motion_5,True
1511187527541,Temperature_1,24.13
1511187527544,Humidity_1,15.012428865969973
1511187527548,Brightness_1,70.0
1511187527550,Temperature_2,23.67
1511187527553,Humidity_2,15.752348149574933
1511187527556,Brightness_2,73.0
1511187529073,Sound_R,59.01200910899047
1511187529582,Sound_P,52.96571415471127
1511187529585,PodiumIR,97
1511187532927,Seat_9,True
1511187534219,Temperature_1,24.13
1511187534222,Humidity_1,15.012428865969973
1511187534226,Brightness_1,70.0
1511187534230,Temperature_2,23.55
1511187534234,Humidity_2,15.875668030175758
1511187534237,Brightness_2,73.0
1511187538710,Seat_9,False
1511187538710,Motion_5,False
1511187539073,Sound_R,60.20139011851017
1511187539587,Sound_P,56.45426312235056
1511187539590,PodiumIR,59
1511187540629,Temperature_1,24.13
1511187540632,Humidity_1,15.012428865969973
1511187540636,Brightness_1,70.0
1511187540638,Temperature_2,23.55
1511187540640,Humidity_2,15.875668030175758
1511187540643,Brightness_2,73.0
1511187544078,Seat_9,True
1511187547285,Temperature_1,24.13
1511187547288,Humidity_1,15.012428865969973
1511187547292,Brightness_1,70.0
1511187547294,Temperature_2,23.55
1511187547297,Humidity_2,15.875668030175758
1511187547300,Brightness_2,73.0
1511187549073,Sound_R,58.92312520581513
1511187549593,Sound_P,54.210802194865956
1511187549596,PodiumIR,75
1511187555204,Seat_9,False
1511187555204,Motion_5,False
1511187559073,Sound_R,55.89592385303197
1511187559599,Sound_P,54.210802194865956
1511187559603,PodiumIR,127
1511187565345,Seat_9,False
1511187568995,Temperature_1,24.13
1511187568998,Humidity_1,15.135748746570798
1511187569002,Brightness_1,72.0
1511187569004,Temperature_2,23.55
1511187569007,Humidity_2,15.875668030175758
1511187569010,Brightness_2,73.0
1511187569073,Sound_R,56.28990162234442
1511187569606,Sound_P,50.159038478285424
1511187569609,PodiumIR,84
1511187572468,Seat_9,False
1511187572468,Motion_5,True
1511187575454,Temperature_1,24.13
1511187575457,Humidity_1,15.135748746570798
1511187575461,Brightness_1,72.0
1511187575463,Temperature_2,23.55
1511187575465,Humidity_2,15.875668030175758
1511187575468,Brightness_2,73.0
1511187577471,Seat_9,True
1511187579073,Sound_R,56.78082257572502
1511187579612,Sound_P,55.369951428718224
1511187579615,PodiumIR,89
1511187581881,Temperature_1,24.13
1511187581885,Humidity_1,15.135748746570798
1511187581888,Brightness_1,72.0
1511187581891,Temperature_2,23.55
1511187581893,Humidity_2,15.875668030175758
1511187581896,Brightness_2,73.0
1511187588340,Temperature_1,24.13
1511187588343,Humidity_1,15.135748746570798
1511187588347,Brightness_1,72.0
1511187588349,Temperature_2,23.55
1511187588352,Humidity_2,15.875668030175758
1511187588355,Brightness_2,73.0
1511187588472,Seat_9,False
1511187588472,Motion_5,False
1511187589073,Sound_R,57.15550991674481
1511187589618,Sound_P,54.210802194865956
1511187589621,PodiumIR,91
1511187595022,Temperature_1,24.13
1511187595026,Humidity_1,15.135748746570798
1511187595029,Brightness_1,72.0
1511187595032,Temperature_2,23.55
1511187595034,Humidity_2,15.875668030175758
1511187595037,Brightness_2,73.0
1511187598772,Seat_9,False
1511187599073,Sound_R,58.28024696632047
1511187599623,Sound_P,50.159038478285424
1511187599627,PodiumIR,137
1511187601384,Seat_9,False
1511187601384,Motion_5,True
1511187601431,Temperature_1,24.13
1511187601434,Humidity_1,15.135748746570798
1511187601438,Brightness_1,72.0
1511187601440,Temperature_2,23.55
1511187601443,Humidity_2,15.875668030175758
1511187601446,Brightness_2,73.0
1511187608113,Temperature_1,24.13
1511187608116,Humidity_1,15.135748746570798
1511187608120,Brightness_1,72.0
1511187608122,Temperature_2,23.55
1511187608124,Humidity_2,15.875668030175758
1511187608127,Brightness_2,73.0
1511187609073,Sound_R,58.63465551147357
1511187609629,Sound_P,54.210802194865956
1511187609632,PodiumIR,74
1511187614296,Motion_5,True
1511187614523,Temperature_1,24.13
1511187614526,Humidity_1,15.135748746570798
1511187614530,Brightness_1,72.0
1511187614532,Temperature_2,23.55
1511187614535,Humidity_2,15.875668030175758
1511187614537,Brightness_2,73.0
1511187619073,Sound_R,57.37964412356834
1511187619635,Sound_P,52.96571415471127
1511187619645,PodiumIR,79
1511187620929,Temperature_1,24.13
1511187620932,Humidity_1,15.135748746570798
1511187620935,Brightness_1,72.0
1511187620938,Temperature_2,23.55
1511187620940,Humidity_2,15.875668030175758
1511187620943,Brightness_2,73.0
1511187627773,Temperature_1,24.13
1511187627776,Humidity_1,15.135748746570798
1511187627779,Brightness_1,72.0
1511187627782,Temperature_2,23.55
1511187627784,Humidity_2,15.875668030175758
1511187627787,Brightness_2,73.0
1511187629073,Sound_R,56.214264970058856
1511187629650,Sound_P,51.62091662308819
1511187629653,PodiumIR,95
1511187634240,Temperature_1,24.13
1511187634244,Humidity_1,15.135748746570798
1511187634247,Brightness_1,75.0
1511187634249,Temperature_2,23.55
1511187634252,Humidity_2,15.875668030175758
1511187634255,Brightness_2,73.0
1511187637313,Motion_5,False
1511187637313,Motion_7,True
1511187639073,Sound_R,57.77262608898777
1511187639656,Sound_P,51.62091662308819
1511187639659,PodiumIR,108
1511187640880,Temperature_1,24.13
1511187640883,Humidity_1,15.135748746570798
1511187640887,Brightness_1,75.0
1511187640889,Temperature_2,23.55
1511187640892,Humidity_2,15.875668030175758
1511187640894,Brightness_2,73.0
1511187643681,Seat_9,True
1511187647336,Temperature_1,24.13
1511187647339,Humidity_1,15.135748746570798
1511187647343,Brightness_1,75.0
1511187647345,Temperature_2,23.55
1511187647348,Humidity_2,15.875668030175758
1511187647351,Brightness_2,73.0
1511187649073,Sound_R,57.196064835627
1511187649661,Sound_P,51.62091662308819
1511187649665,PodiumIR,90
1511187654000,Temperature_1,24.13
1511187654004,Humidity_1,15.135748746570798
1511187654007,Brightness_1,75.0
1511187654010,Temperature_2,23.55
1511187654012,Humidity_2,15.875668030175758
1511187654016,Brightness_2,73.0
1511187659073,Sound_R,55.06672301568639
1511187659667,Sound_P,52.96571415471127
1511187659676,PodiumIR,90
1511187660413,Temperature_1,24.13
1511187660416,Humidity_1,15.135748746570798
1511187660419,Brightness_1,75.0
1511187660422,Temperature_2,23.55
1511187660424,Humidity_2,15.752348149574933
1511187660426,Brightness_2,77.0
1511187667094,Temperature_1,24.13
1511187667098,Humidity_1,15.135748746570798
1511187667101,Brightness_1,75.0
1511187667104,Temperature_2,23.55
1511187667106,Humidity_2,15.752348149574933
1511187667109,Brightness_2,77.0
1511187669073,Sound_R,57.16851767884441
1511187669679,Sound_P,50.159038478285424
1511187669682,PodiumIR,112
1511187672317,Seat_9,False
1511187672317,Motion_5,False
1511187672317,Motion_7,False
1511187673595,Temperature_1,24.13
1511187673599,Humidity_1,15.135748746570798
1511187673602,Brightness_1,75.0
1511187673605,Temperature_2,23.55
1511187673607,Humidity_2,15.752348149574933
1511187673611,Brightness_2,77.0
1511187679073,Sound_R,56.83329983264742
1511187679685,Sound_P,51.62091662308819
1511187679688,PodiumIR,116
1511187680220,Temperature_1,24.13
1511187680224,Humidity_1,15.135748746570798
1511187680228,Brightness_1,75.0
1511187680232,Temperature_2,23.55
1511187680236,Humidity_2,15.752348149574933
1511187680238,Brightness_2,77.0
1511187686756,Temperature_1,24.13
1511187686759,Humidity_1,15.135748746570798
1511187686762,Brightness_1,75.0
1511187686765,Temperature_2,23.55
1511187686767,Humidity_2,15.752348149574933
1511187686770,Brightness_2,77.0
1511187689073,Sound_R,53.85166237611097
1511187689690,Sound_P,52.96571415471127
1511187689694,PodiumIR,99
1511187693323,Temperature_1,24.02
1511187693326,Humidity_1,15.135748746570798
1511187693330,Brightness_1,75.0
1511187693332,Temperature_2,23.55
1511187693334,Humidity_2,15.752348149574933
1511187693338,Brightness_2,77.0
1511187694403,Motion_5,False
1511187699073,Sound_R,53.326521729766405
1511187699696,Sound_P,51.62091662308819
1511187699699,PodiumIR,92
1511187699716,Temperature_1,24.02
1511187699719,Humidity_1,15.135748746570798
1511187699723,Brightness_1,70.0
1511187699725,Temperature_2,23.55
1511187699728,Humidity_2,15.752348149574933
1511187699730,Brightness_2,77.0
1511187706252,Temperature_1,24.02
1511187706256,Humidity_1,15.135748746570798
1511187706259,Brightness_1,70.0
1511187706262,Temperature_2,23.55
1511187706264,Humidity_2,15.752348149574933
1511187706266,Brightness_2,77.0
1511187709073,Sound_R,53.13305958577163
1511187709702,Sound_P,52.96571415471127
1511187709705,PodiumIR,88
1511187712682,Temperature_1,24.02
1511187712686,Humidity_1,15.135748746570798
1511187712689,Brightness_1,70.0
1511187712692,Temperature_2,23.55
1511187712694,Humidity_2,15.752348149574933
1511187712697,Brightness_2,77.0
1511187719073,Sound_R,52.694459972632046
1511187719123,Temperature_1,24.02
1511187719126,Humidity_1,15.135748746570798
1511187719130,Brightness_1,70.0
1511187719132,Temperature_2,23.55
1511187719135,Humidity_2,15.752348149574933
1511187719138,Brightness_2,77.0
1511187719707,Sound_P,56.45426312235056
1511187719711,PodiumIR,125
1511187721323,Motion_5,False
1511187725568,Temperature_1,24.02
1511187725571,Humidity_1,15.135748746570798
1511187725575,Brightness_1,70.0
1511187725578,Temperature_2,23.55
1511187725580,Humidity_2,15.752348149574933
1511187725583,Brightness_2,73.0
1511187729073,Sound_R,53.192041720258885
1511187729713,Sound_P,51.62091662308819
1511187729716,PodiumIR,87
1511187732235,Temperature_1,24.02
1511187732238,Humidity_1,15.135748746570798
1511187732242,Brightness_1,70.0
1511187732244,Temperature_2,23.55
1511187732246,Humidity_2,15.752348149574933
1511187732249,Brightness_2,73.0
1511187738980,Temperature_1,24.02
1511187738984,Humidity_1,15.135748746570798
1511187738987,Brightness_1,70.0
1511187738990,Temperature_2,23.55
1511187738993,Humidity_2,15.752348149574933
1511187738996,Brightness_2,73.0
1511187739073,Sound_R,54.86301066295447
1511187739723,Sound_P,54.210802194865956
1511187739726,PodiumIR,88
1511187749073,Sound_R,54.797848569773485
1511187749729,Sound_P,52.96571415471127
1511187749733,PodiumIR,86
1511187759073,Sound_R,54.267674246482805
1511187759740,Sound_P,54.210802194865956
1511187759744,PodiumIR,106
1511187760433,Temperature_1,24.13
1511187760436,Humidity_1,15.012428865969973
1511187760440,Brightness_1,74.0
1511187760443,Temperature_2,23.55
1511187760445,Humidity_2,15.752348149574933
1511187760448,Brightness_2,73.0
1511187767141,Temperature_1,24.13
1511187767147,Humidity_1,15.012428865969973
1511187767149,Brightness_1,74.0
1511187767151,Temperature_2,23.55
1511187767154,Humidity_2,15.752348149574933
1511187767156,Brightness_2,73.0
1511187769073,Sound_R,53.99816750335312
1511187769749,Sound_P,54.210802194865956
1511187769752,PodiumIR,126
1511187773598,Temperature_1,24.13
1511187773604,Humidity_1,15.012428865969973
1511187773606,Brightness_1,74.0
1511187773609,Temperature_2,23.55
1511187773614,Humidity_2,15.752348149574933
1511187773617,Brightness_2,73.0
1511187777198,Motion_5,False
1511187779073,Sound_R,54.4255035910881
1511187779762,Sound_P,54.210802194865956
1511187779766,PodiumIR,95
1511187780219,Temperature_1,24.13
1511187780225,Humidity_1,15.012428865969973
1511187780228,Brightness_1,74.0
1511187780237,Temperature_2,23.55
1511187780239,Humidity_2,15.752348149574933
1511187780242,Brightness_2,73.0
1511187786918,Temperature_1,24.13
1511187786923,Humidity_1,15.012428865969973
1511187786926,Brightness_1,74.0
1511187786928,Temperature_2,23.55
1511187786931,Humidity_2,15.875668030175758
1511187786935,Brightness_2,72.0
1511187789073,Sound_R,55.792367061735284
1511187789776,Sound_P,55.369951428718224
1511187789779,PodiumIR,86
1511187796647,Temperature_1,24.13
1511187796650,Humidity_1,15.012428865969973
1511187796654,Brightness_1,74.0
1511187796656,Temperature_2,23.55
1511187796659,Humidity_2,15.875668030175758
1511187796661,Brightness_2,72.0
1511187797689,Motion_5,False
1511187799073,Sound_R,54.34506934751494
1511187799789,Sound_P,52.96571415471127
1511187799793,PodiumIR,99
1511187803191,Temperature_1,24.13
1511187803194,Humidity_1,15.012428865969973
1511187803198,Brightness_1,74.0
1511187803200,Temperature_2,23.55
1511187803203,Humidity_2,15.875668030175758
1511187803206,Brightness_2,72.0
1511187809073,Sound_R,53.0412519926086
1511187809593,Temperature_1,24.13
1511187809596,Humidity_1,15.012428865969973
1511187809598,Brightness_1,74.0
1511187809601,Temperature_2,23.55
1511187809603,Humidity_2,15.875668030175758
1511187809605,Brightness_2,72.0
1511187809802,Sound_P,54.210802194865956
1511187809805,PodiumIR,89
1511187813647,Motion_5,False
1511187816227,Temperature_1,24.13
1511187816230,Humidity_1,15.012428865969973
1511187816233,Brightness_1,74.0
1511187816236,Temperature_2,23.55
1511187816238,Humidity_2,15.875668030175758
1511187816241,Brightness_2,72.0
1511187819073,Sound_R,53.58030328133268
1511187819815,Sound_P,51.62091662308819
1511187819819,PodiumIR,96
1511187820005,Motion_7,True
1511187822957,Temperature_1,24.13
1511187822960,Humidity_1,15.012428865969973
1511187822963,Brightness_1,75.0
1511187822965,Temperature_2,23.55
1511187822967,Humidity_2,15.875668030175758
1511187822969,Brightness_2,72.0
1511187826554,Motion_5,True
1511187829073,Sound_R,53.25661652252964
1511187829401,Temperature_1,24.13
1511187829404,Humidity_1,15.012428865969973
1511187829407,Brightness_1,75.0
1511187829409,Temperature_2,23.55
1511187829412,Humidity_2,15.875668030175758
1511187829413,Brightness_2,72.0
1511187829828,Sound_P,65.8563679754536
1511187829831,PodiumIR,75
1511187835864,Temperature_1,24.13
1511187835867,Humidity_1,15.012428865969973
1511187835870,Brightness_1,75.0
1511187835872,Temperature_2,23.55
1511187835874,Humidity_2,15.875668030175758
1511187835877,Brightness_2,72.0
1511187839073,Sound_R,55.37627030265511
1511187839840,Sound_P,56.45426312235056
1511187839843,PodiumIR,95
1511187842293,Temperature_1,24.13
1511187842296,Humidity_1,15.012428865969973
1511187842299,Brightness_1,75.0
1511187842302,Temperature_2,23.55
1511187842304,Humidity_2,15.875668030175758
1511187842306,Brightness_2,72.0
1511187844654,Motion_7,False
1511187844659,Motion_5,False
1511187848758,Temperature_1,24.13
1511187848762,Humidity_1,15.012428865969973
1511187848765,Brightness_1,75.0
1511187848768,Temperature_2,23.55
1511187848770,Humidity_2,15.875668030175758
1511187848773,Brightness_2,74.0
1511187849073,Sound_R,57.751264314813966
1511187849852,Sound_P,52.96571415471127
1511187849855,PodiumIR,82
1511187855411,Temperature_1,24.13
1511187855414,Humidity_1,15.012428865969973
1511187855418,Brightness_1,75.0
1511187855420,Temperature_2,23.55
1511187855423,Humidity_2,15.875668030175758
1511187855426,Brightness_2,74.0
1511187859073,Sound_R,57.70176778896046
1511187859862,Sound_P,54.210802194865956
1511187859865,PodiumIR,83
1511187861864,Temperature_1,24.13
1511187861868,Humidity_1,15.012428865969973
1511187861871,Brightness_1,75.0
1511187861874,Temperature_2,23.55
1511187861876,Humidity_2,15.875668030175758
1511187861879,Brightness_2,74.0
1511187868263,Temperature_1,24.13
1511187868266,Humidity_1,15.012428865969973
1511187868270,Brightness_1,75.0
1511187868273,Temperature_2,23.55
1511187868275,Humidity_2,15.875668030175758
1511187868278,Brightness_2,74.0
1511187869073,Sound_R,58.33921912040234
1511187869868,Sound_P,50.159038478285424
1511187869871,PodiumIR,120
1511187874975,Temperature_1,24.13
1511187874978,Humidity_1,15.012428865969973
1511187874982,Brightness_1,75.0
1511187874984,Temperature_2,23.55
1511187874987,Humidity_2,15.875668030175758
1511187874989,Brightness_2,74.0
1511187879073,Sound_R,58.695304845021575
1511187879873,Sound_P,57.472817393488484
1511187879882,PodiumIR,83
1511187881440,Temperature_1,24.13
1511187881443,Humidity_1,15.012428865969973
1511187881446,Brightness_1,75.0
1511187881449,Temperature_2,23.55
1511187881451,Humidity_2,15.875668030175758
1511187881454,Brightness_2,74.0
1511187888082,Temperature_1,24.13
1511187888085,Humidity_1,15.012428865969973
1511187888089,Brightness_1,75.0
1511187888092,Temperature_2,23.55
1511187888094,Humidity_2,15.875668030175758
1511187888097,Brightness_2,74.0
1511187889073,Sound_R,57.61010220688238
1511187889887,Sound_P,62.551438321825636
1511187889890,PodiumIR,70
1511187894484,Temperature_1,24.13
1511187894487,Humidity_1,15.012428865969973
1511187894491,Brightness_1,75.0
1511187894493,Temperature_2,23.55
1511187894495,Humidity_2,15.875668030175758
1511187894498,Brightness_2,74.0
1511187895756,Motion_5,False
1511187899073,Sound_R,58.688738158866634
1511187899892,Sound_P,56.45426312235056
1511187899902,PodiumIR,93
1511187900892,Temperature_1,24.13
1511187900895,Humidity_1,15.012428865969973
1511187900899,Brightness_1,75.0
1511187900901,Temperature_2,23.55
1511187900904,Humidity_2,15.875668030175758
1511187900908,Brightness_2,74.0
1511187901214,Seat_9,True
1511187907533,Temperature_1,24.13
1511187907537,Humidity_1,15.012428865969973
1511187907540,Brightness_1,75.0
1511187907543,Temperature_2,23.55
1511187907545,Humidity_2,15.875668030175758
1511187907548,Brightness_2,74.0
1511187908269,Seat_9,False
1511187908269,Motion_5,False
1511187909073,Sound_R,58.56156178586349
1511187909909,Sound_P,57.472817393488484
1511187909918,PodiumIR,79
1511187913956,Temperature_1,24.13
1511187913960,Humidity_1,15.012428865969973
1511187913963,Brightness_1,75.0
1511187913966,Temperature_2,23.55
1511187913968,Humidity_2,15.875668030175758
1511187913971,Brightness_2,77.0
1511187919073,Sound_R,55.79061266211149
1511187919921,Sound_P,55.369951428718224
1511187919924,PodiumIR,92
1511187920374,Temperature_1,24.13
1511187920377,Humidity_1,15.012428865969973
1511187920381,Brightness_1,75.0
1511187920383,Temperature_2,23.55
1511187920386,Humidity_2,15.875668030175758
1511187920388,Brightness_2,77.0
1511187927095,Temperature_1,24.13
1511187927098,Humidity_1,15.012428865969973
1511187927102,Brightness_1,75.0
1511187927104,Temperature_2,23.55
1511187927107,Humidity_2,15.875668030175758
1511187927110,Brightness_2,77.0
1511187929073,Sound_R,57.43468430016815
1511187929926,Sound_P,54.210802194865956
1511187929930,PodiumIR,91
1511187933549,Temperature_1,24.13
1511187933553,Humidity_1,15.012428865969973
1511187933556,Brightness_1,75.0
1511187933559,Temperature_2,23.55
1511187933562,Humidity_2,15.875668030175758
1511187933565,Brightness_2,77.0
1511187939073,Sound_R,60.11070224364803
1511187939932,Sound_P,54.210802194865956
1511187939935,PodiumIR,76
1511187939966,Temperature_1,24.13
1511187939969,Humidity_1,15.012428865969973
1511187939973,Brightness_1,75.0
1511187939975,Temperature_2,23.55
1511187939978,Humidity_2,15.875668030175758
1511187939980,Brightness_2,77.0
1511187946408,Temperature_1,24.13
1511187946411,Humidity_1,15.012428865969973
1511187946415,Brightness_1,75.0
1511187946417,Temperature_2,23.55
1511187946420,Humidity_2,15.875668030175758
1511187946422,Brightness_2,77.0
1511187949073,Sound_R,61.6960532501133
1511187949938,Sound_P,55.369951428718224
1511187949941,PodiumIR,134
1511187953102,Temperature_1,24.13
1511187953106,Humidity_1,15.012428865969973
1511187953109,Brightness_1,75.0
1511187953112,Temperature_2,23.55
1511187953114,Humidity_2,15.875668030175758
1511187953116,Brightness_2,77.0
1511187959073,Sound_R,60.85121018728845
1511187959760,Temperature_1,24.13
1511187959764,Humidity_1,15.012428865969973
1511187959768,Brightness_1,75.0
1511187959770,Temperature_2,23.55
1511187959773,Humidity_2,15.875668030175758
1511187959776,Brightness_2,77.0
1511187959943,Sound_P,58.433135904413454
1511187959946,PodiumIR,118
1511187966219,Temperature_1,24.13
1511187966222,Humidity_1,15.012428865969973
1511187966226,Brightness_1,75.0
1511187966229,Temperature_2,23.55
1511187966232,Humidity_2,15.875668030175758
1511187966235,Brightness_2,77.0
1511187969073,Sound_R,61.11449740142704
1511187969949,Sound_P,52.96571415471127
1511187969952,PodiumIR,67
1511187972661,Temperature_1,24.13
1511187972665,Humidity_1,15.012428865969973
1511187972668,Brightness_1,75.0
1511187972671,Temperature_2,23.55
1511187972673,Humidity_2,15.875668030175758
1511187972677,Brightness_2,77.0
1511187979073,Sound_R,61.38141751656216
1511187979318,Temperature_1,24.13
1511187979321,Humidity_1,15.012428865969973
1511187979324,Brightness_1,75.0
1511187979327,Temperature_2,23.55
1511187979330,Humidity_2,15.875668030175758
1511187979332,Brightness_2,73.0
1511187979954,Sound_P,54.210802194865956
1511187979958,PodiumIR,96
1511187985793,Temperature_1,24.13
1511187985797,Humidity_1,15.012428865969973
1511187985800,Brightness_1,75.0
1511187985803,Temperature_2,23.55
1511187985805,Humidity_2,15.875668030175758
1511187985809,Brightness_2,73.0
1511187989073,Sound_R,60.622491680492466
1511187989960,Sound_P,56.45426312235056
1511187989963,PodiumIR,89
1511187992220,Temperature_1,24.13
1511187992223,Humidity_1,15.012428865969973
1511187992227,Brightness_1,75.0
1511187992229,Temperature_2,23.55
1511187992232,Humidity_2,15.875668030175758
1511187992235,Brightness_2,73.0
1511187998978,Temperature_1,24.13
1511187998981,Humidity_1,15.012428865969973
1511187998985,Brightness_1,75.0
1511187998988,Temperature_2,23.55
1511187998990,Humidity_2,15.875668030175758
1511187998992,Brightness_2,73.0
1511187999073,Sound_R,62.160464167130385
1511187999968,Sound_P,54.210802194865956
1511187999971,PodiumIR,96
1511188000133,Motion_5,True
1511188002494,Motion_7,True
1511188002494,Motion_8,True
1511188005737,Temperature_1,24.13
1511188005741,Humidity_1,15.012428865969973
1511188005744,Brightness_1,75.0
1511188005747,Temperature_2,23.55
1511188005749,Humidity_2,15.875668030175758
1511188005753,Brightness_2,73.0
1511188009073,Sound_R,59.94429546863905
1511188009974,Sound_P,52.96571415471127
1511188009977,PodiumIR,88
1511188012201,Temperature_1,24.13
1511188012205,Humidity_1,15.135748746570798
1511188012209,Brightness_1,70.0
1511188012211,Temperature_2,23.55
1511188012214,Humidity_2,15.875668030175758
1511188012217,Brightness_2,73.0
1511188013026,Motion_5,True
1511188018639,Temperature_1,24.13
1511188018642,Humidity_1,15.135748746570798
1511188018646,Brightness_1,70.0
1511188018649,Temperature_2,23.55
1511188018651,Humidity_2,15.875668030175758
1511188018654,Brightness_2,73.0
1511188019073,Sound_R,58.88140458215574
1511188019979,Sound_P,56.45426312235056
1511188019983,PodiumIR,97
1511188025295,Temperature_1,24.13
1511188025299,Humidity_1,15.135748746570798
1511188025302,Brightness_1,70.0
1511188025305,Temperature_2,23.55
1511188025307,Humidity_2,15.875668030175758
1511188025310,Brightness_2,73.0
1511188029073,Sound_R,60.30680521697608
1511188029985,Sound_P,58.433135904413454
1511188029997,PodiumIR,79
1511188032054,Temperature_1,24.13
1511188032057,Humidity_1,15.135748746570798
1511188032061,Brightness_1,70.0
1511188032063,Temperature_2,23.55
1511188032066,Humidity_2,15.875668030175758
1511188032069,Brightness_2,73.0
1511188038479,Temperature_1,24.13
1511188038482,Humidity_1,15.135748746570798
1511188038486,Brightness_1,70.0
1511188038488,Temperature_2,23.55
1511188038491,Humidity_2,15.875668030175758
1511188038493,Brightness_2,74.0
1511188039073,Sound_R,59.19394359715087
1511188040000,Sound_P,59.341519288975356
1511188040003,PodiumIR,117
1511188044960,Temperature_1,24.13
1511188044964,Humidity_1,15.135748746570798
1511188044967,Brightness_1,70.0
1511188044970,Temperature_2,23.55
1511188044972,Humidity_2,15.875668030175758
1511188044976,Brightness_2,74.0
1511188049073,Sound_R,59.19669507737757
1511188050006,Sound_P,54.210802194865956
1511188050014,PodiumIR,103
1511188051398,Temperature_1,24.13
1511188051401,Humidity_1,15.135748746570798
1511188051405,Brightness_1,70.0
1511188051407,Temperature_2,23.55
1511188051410,Humidity_2,15.875668030175758
1511188051412,Brightness_2,74.0
1511188058178,Temperature_1,24.13
1511188058181,Humidity_1,15.135748746570798
1511188058185,Brightness_1,70.0
1511188058187,Temperature_2,23.55
1511188058190,Humidity_2,15.875668030175758
1511188058193,Brightness_2,74.0
1511188059073,Sound_R,60.5675153910878
1511188060021,Sound_P,54.210802194865956
1511188060024,PodiumIR,64
1511188064592,Temperature_1,24.13
1511188064595,Humidity_1,15.135748746570798
1511188064599,Brightness_1,70.0
1511188064601,Temperature_2,23.55
1511188064604,Humidity_2,15.875668030175758
1511188064606,Brightness_2,74.0
1511188067310,Motion_7,False
1511188067310,Motion_8,False
1511188067310,Motion_5,False
1511188069073,Sound_R,60.107482074232884
1511188070027,Sound_P,55.369951428718224
1511188070038,PodiumIR,82
1511188071284,Temperature_1,24.13
1511188071287,Humidity_1,15.135748746570798
1511188071291,Brightness_1,70.0
1511188071293,Temperature_2,23.55
1511188071296,Humidity_2,15.875668030175758
1511188071299,Brightness_2,74.0
1511188077827,Temperature_1,24.02
1511188077831,Humidity_1,15.135748746570798
1511188077834,Brightness_1,72.0
1511188077837,Temperature_2,23.55
1511188077839,Humidity_2,15.875668030175758
1511188077842,Brightness_2,74.0
1511188079073,Sound_R,60.55741070703622
1511188080040,Sound_P,56.45426312235056
1511188080043,PodiumIR,90
1511188081523,Motion_7,False
1511188081523,Motion_5,False
1511188081523,Motion_6,True
1511188084240,Temperature_1,24.02
1511188084243,Humidity_1,15.135748746570798
1511188084247,Brightness_1,72.0
1511188084249,Temperature_2,23.55
1511188084252,Humidity_2,15.875668030175758
1511188084255,Brightness_2,74.0
1511188089073,Sound_R,60.72535995345846
1511188090046,Sound_P,58.433135904413454
1511188090049,PodiumIR,72
1511188090660,Temperature_1,24.02
1511188090663,Humidity_1,15.135748746570798
1511188090667,Brightness_1,72.0
1511188090669,Temperature_2,23.55
1511188090671,Humidity_2,15.875668030175758
1511188090674,Brightness_2,74.0
1511188094090,Motion_7,True
1511188094090,Motion_6,False
1511188097195,Temperature_1,24.02
1511188097198,Humidity_1,15.135748746570798
1511188097202,Brightness_1,72.0
1511188097205,Temperature_2,23.55
1511188097207,Humidity_2,15.875668030175758
1511188097210,Brightness_2,74.0
1511188097552,Motion_5,True
1511188099073,Sound_R,60.21399720146487
1511188100052,Sound_P,56.45426312235056
1511188100055,PodiumIR,87
1511188103878,Temperature_1,24.02
1511188103882,Humidity_1,15.135748746570798
1511188103885,Brightness_1,72.0
1511188103888,Temperature_2,23.55
1511188103891,Humidity_2,15.875668030175758
1511188103894,Brightness_2,75.0
1511188109073,Sound_R,62.78708890020308
1511188110057,Sound_P,58.433135904413454
1511188110060,PodiumIR,96
1511188110319,Temperature_1,24.02
1511188110323,Humidity_1,15.135748746570798
1511188110327,Brightness_1,72.0
1511188110330,Temperature_2,23.55
1511188110332,Humidity_2,15.875668030175758
1511188110335,Brightness_2,75.0
1511188116945,Temperature_1,24.02
1511188116949,Humidity_1,15.135748746570798
1511188116952,Brightness_1,72.0
1511188116955,Temperature_2,23.55
1511188116957,Humidity_2,15.875668030175758
1511188116960,Brightness_2,75.0
1511188118052,Motion_7,False
1511188118052,Motion_5,False
1511188119073,Sound_R,63.70299331486061
1511188120063,Sound_P,55.369951428718224
1511188120066,PodiumIR,98
1511188123397,Temperature_1,24.02
1511188123400,Humidity_1,15.135748746570798
1511188123403,Brightness_1,72.0
1511188123406,Temperature_2,23.55
1511188123408,Humidity_2,15.875668030175758
1511188123411,Brightness_2,75.0
1511188129073,Sound_R,61.863457418071924
1511188129848,Temperature_1,24.02
1511188129851,Humidity_1,15.135748746570798
1511188129855,Brightness_1,72.0
1511188129858,Temperature_2,23.55
1511188129860,Humidity_2,15.875668030175758
1511188129862,Brightness_2,75.0
1511188130068,Sound_P,52.96571415471127
1511188130072,PodiumIR,88
1511188134001,Motion_5,False
1511188136305,Temperature_1,24.02
1511188136309,Humidity_1,15.135748746570798
1511188136312,Brightness_1,72.0
1511188136315,Temperature_2,23.55
1511188136318,Humidity_2,15.875668030175758
1511188136321,Brightness_2,75.0
1511188139073,Sound_R,61.633021063223396
1511188140074,Sound_P,59.341519288975356
1511188140077,PodiumIR,89
1511188142750,Temperature_1,24.13
1511188142753,Humidity_1,15.135748746570798
1511188142757,Brightness_1,70.0
1511188142759,Temperature_2,23.55
1511188142762,Humidity_2,15.875668030175758
1511188142765,Brightness_2,75.0
1511188149073,Sound_R,60.60904498237671
1511188149622,Temperature_1,24.13
1511188149625,Humidity_1,15.135748746570798
1511188149629,Brightness_1,70.0
1511188149631,Temperature_2,23.55
1511188149634,Humidity_2,15.875668030175758
1511188149637,Brightness_2,75.0
1511188150080,Sound_P,55.369951428718224
1511188150083,PodiumIR,128
1511188156055,Temperature_1,24.13
1511188156058,Humidity_1,15.135748746570798
1511188156062,Brightness_1,70.0
1511188156065,Temperature_2,23.55
1511188156067,Humidity_2,15.875668030175758
1511188156069,Brightness_2,75.0
1511188158064,Motion_5,False
1511188159073,Sound_R,57.678255201612615
1511188160085,Sound_P,52.96571415471127
1511188160089,PodiumIR,131
1511188161936,Motion_7,True
1511188162456,Temperature_1,24.13
1511188162460,Humidity_1,15.135748746570798
1511188162463,Brightness_1,70.0
1511188162466,Temperature_2,23.55
1511188162468,Humidity_2,15.875668030175758
1511188162472,Brightness_2,75.0
1511188169073,Sound_R,56.71316882980498
1511188169178,Temperature_1,24.13
1511188169181,Humidity_1,15.135748746570798
1511188169185,Brightness_1,70.0
1511188169187,Temperature_2,23.55
1511188169190,Humidity_2,15.875668030175758
1511188169192,Brightness_2,74.0
1511188170091,Sound_P,54.210802194865956
1511188170094,PodiumIR,64
1511188175637,Temperature_1,24.13
1511188175641,Humidity_1,15.135748746570798
1511188175644,Brightness_1,70.0
1511188175647,Temperature_2,23.55
1511188175649,Humidity_2,15.875668030175758
1511188175652,Brightness_2,74.0
1511188178049,Motion_5,False
1511188178054,Motion_7,False
1511188178054,Motion_5,True
1511188179073,Sound_R,58.19625809713761
1511188180097,Sound_P,54.210802194865956
1511188180107,PodiumIR,90
1511188182219,Temperature_1,24.13
1511188182222,Humidity_1,15.135748746570798
1511188182226,Brightness_1,70.0
1511188182228,Temperature_2,23.55
1511188182231,Humidity_2,15.875668030175758
1511188182234,Brightness_2,74.0
1511188188933,Temperature_1,24.13
1511188188936,Humidity_1,15.135748746570798
1511188188940,Brightness_1,70.0
1511188188942,Temperature_2,23.55
1511188188944,Humidity_2,15.875668030175758
1511188188948,Brightness_2,74.0
1511188189073,Sound_R,60.628933048683244
1511188190111,Sound_P,50.159038478285424
1511188190115,PodiumIR,91
1511188190956,Motion_5,True
1511188192157,Motion_7,True
1511188192157,Motion_8,True
1511188195369,Temperature_1,24.13
1511188195373,Humidity_1,15.135748746570798
1511188195377,Brightness_1,70.0
1511188195379,Temperature_2,23.55
1511188195382,Humidity_2,15.875668030175758
1511188195385,Brightness_2,74.0
1511188199073,Sound_R,59.95139555852759
1511188200117,Sound_P,58.433135904413454
1511188200120,PodiumIR,82
1511188202041,Temperature_1,24.13
1511188202044,Humidity_1,15.135748746570798
1511188202047,Brightness_1,70.0
1511188202050,Temperature_2,23.55
1511188202052,Humidity_2,15.875668030175758
1511188202055,Brightness_2,74.0
1511188208436,Temperature_1,24.13
1511188208439,Humidity_1,15.135748746570798
1511188208443,Brightness_1,70.0
1511188208446,Temperature_2,23.55
1511188208448,Humidity_2,15.875668030175758
1511188208451,Brightness_2,74.0
1511188209073,Sound_R,58.49053842965841
1511188209126,Motion_7,False
1511188209126,Motion_8,False
1511188209126,Motion_5,False
1511188210123,Sound_P,54.210802194865956
1511188210126,PodiumIR,85
1511188215051,Temperature_1,24.13
1511188215055,Humidity_1,15.135748746570798
1511188215059,Brightness_1,70.0
1511188215061,Temperature_2,23.55
1511188215064,Humidity_2,15.875668030175758
1511188215068,Brightness_2,74.0
1511188219073,Sound_R,61.525383813592725
1511188220128,Sound_P,55.369951428718224
1511188220139,PodiumIR,120
1511188221513,Temperature_1,24.13
1511188221517,Humidity_1,15.135748746570798
1511188221520,Brightness_1,70.0
1511188221523,Temperature_2,23.55
1511188221525,Humidity_2,15.875668030175758
1511188221528,Brightness_2,74.0
1511188228234,Temperature_1,24.13
1511188228237,Humidity_1,15.135748746570798
1511188228241,Brightness_1,70.0
1511188228243,Temperature_2,23.55
1511188228245,Humidity_2,15.875668030175758
1511188228249,Brightness_2,74.0
1511188229073,Sound_R,61.9618842785006
1511188230122,Motion_5,False
1511188230127,Motion_5,True
1511188230143,Sound_P,55.369951428718224
1511188230146,PodiumIR,111
1511188234911,Temperature_1,24.13
1511188234915,Humidity_1,15.135748746570798
1511188234918,Brightness_1,70.0
1511188234921,Temperature_2,23.55
1511188234924,Humidity_2,15.875668030175758
1511188234927,Brightness_2,72.0
1511188239073,Sound_R,59.85910461492915
1511188240148,Sound_P,56.45426312235056
1511188240152,PodiumIR,93
1511188241351,Temperature_1,24.13
1511188241354,Humidity_1,15.135748746570798
1511188241358,Brightness_1,70.0
1511188241360,Temperature_2,23.55
1511188241363,Humidity_2,15.875668030175758
1511188241367,Brightness_2,72.0
1511188248041,Temperature_1,24.13
1511188248044,Humidity_1,15.135748746570798
1511188248048,Brightness_1,70.0
1511188248051,Temperature_2,23.55
1511188248053,Humidity_2,15.875668030175758
1511188248055,Brightness_2,72.0
1511188249073,Sound_R,58.65455617268477
1511188250154,Sound_P,61.80460425887306
1511188250157,PodiumIR,88
1511188254457,Temperature_1,24.13
1511188254460,Humidity_1,15.135748746570798
1511188254464,Brightness_1,70.0
1511188254466,Temperature_2,23.55
1511188254469,Humidity_2,15.875668030175758
1511188254472,Brightness_2,72.0
1511188254931,Motion_5,False
1511188259073,Sound_R,58.95253512977089
1511188260160,Sound_P,67.56641902255494
1511188260174,PodiumIR,87
1511188261126,Temperature_1,24.13
1511188261130,Humidity_1,15.135748746570798
1511188261133,Brightness_1,70.0
1511188261136,Temperature_2,23.55
1511188261139,Humidity_2,15.875668030175758
1511188261142,Brightness_2,72.0
1511188267783,Temperature_1,24.13
1511188267786,Humidity_1,15.135748746570798
1511188267790,Brightness_1,69.0
1511188267792,Temperature_2,23.55
1511188267795,Humidity_2,15.875668030175758
1511188267798,Brightness_2,72.0
1511188269073,Sound_R,60.44460743642802
1511188270182,Sound_P,57.472817393488484
1511188270200,PodiumIR,95
1511188274185,Temperature_1,24.13
1511188274188,Humidity_1,15.135748746570798
1511188274192,Brightness_1,69.0
1511188274194,Temperature_2,23.55
1511188274197,Humidity_2,15.875668030175758
1511188274199,Brightness_2,72.0
1511188279073,Sound_R,58.93834703897201
1511188280069,Motion_5,False
1511188280208,Sound_P,52.96571415471127
1511188280211,PodiumIR,87
1511188280716,Temperature_1,24.13
1511188280719,Humidity_1,15.135748746570798
1511188280722,Brightness_1,69.0
1511188280725,Temperature_2,23.55
1511188280728,Humidity_2,15.875668030175758
1511188280730,Brightness_2,72.0
1511188288177,Temperature_1,24.13
1511188288180,Humidity_1,15.135748746570798
1511188288184,Brightness_1,69.0
1511188288186,Temperature_2,23.55
1511188288188,Humidity_2,15.875668030175758
1511188288191,Brightness_2,72.0
1511188289073,Sound_R,57.87148864927567
1511188290213,Sound_P,51.62091662308819
1511188290216,PodiumIR,93
1511188292971,Motion_5,True
1511188294942,Temperature_1,24.13
1511188294945,Humidity_1,15.135748746570798
1511188294949,Brightness_1,69.0
1511188294951,Temperature_2,23.55
1511188294953,Humidity_2,15.875668030175758
1511188294956,Brightness_2,73.0
1511188299073,Sound_R,58.60337306250015
1511188300219,Sound_P,52.96571415471127
1511188300222,PodiumIR,104
1511188301677,Temperature_1,24.13
1511188301681,Humidity_1,15.135748746570798
1511188301684,Brightness_1,69.0
1511188301687,Temperature_2,23.55
1511188301690,Humidity_2,15.875668030175758
1511188301693,Brightness_2,73.0
1511188305873,Motion_5,True
1511188308089,Temperature_1,24.13
1511188308093,Humidity_1,15.135748746570798
1511188308096,Brightness_1,69.0
1511188308099,Temperature_2,23.55
1511188308102,Humidity_2,15.875668030175758
1511188308105,Brightness_2,73.0
1511188309073,Sound_R,58.1299695774537
1511188310233,Sound_P,51.62091662308819
1511188310241,PodiumIR,105
1511188314499,Temperature_1,24.13
1511188314502,Humidity_1,15.135748746570798
1511188314506,Brightness_1,69.0
1511188314509,Temperature_2,23.55
1511188314511,Humidity_2,15.875668030175758
1511188314515,Brightness_2,73.0
1511188318780,Motion_5,True
1511188319073,Sound_R,56.54643928660255
1511188320245,Sound_P,52.96571415471127
1511188320248,PodiumIR,90
1511188321237,Temperature_1,24.13
1511188321240,Humidity_1,15.135748746570798
1511188321244,Brightness_1,69.0
1511188321246,Temperature_2,23.55
1511188321248,Humidity_2,15.875668030175758
1511188321251,Brightness_2,73.0
1511188327705,Temperature_1,24.13
1511188327708,Humidity_1,15.135748746570798
1511188327712,Brightness_1,69.0
1511188327714,Temperature_2,23.55
1511188327717,Humidity_2,15.875668030175758
1511188327720,Brightness_2,73.0
1511188329073,Sound_R,56.94509330261702
1511188330251,Sound_P,50.159038478285424
1511188330254,PodiumIR,103
1511188331671,Motion_5,True
1511188334218,Temperature_1,24.13
1511188334221,Humidity_1,15.135748746570798
1511188334225,Brightness_1,69.0
1511188334228,Temperature_2,23.55
1511188334231,Humidity_2,15.875668030175758
1511188334235,Brightness_2,73.0
1511188339073,Sound_R,60.45999122094518
1511188340256,Sound_P,51.62091662308819
1511188340260,PodiumIR,72
1511188340914,Temperature_1,24.13
1511188340917,Humidity_1,15.135748746570798
1511188340921,Brightness_1,69.0
1511188340924,Temperature_2,23.55
1511188340926,Humidity_2,15.875668030175758
1511188340929,Brightness_2,73.0
1511188347334,Temperature_1,24.13
1511188347337,Humidity_1,15.135748746570798
1511188347341,Brightness_1,69.0
1511188347343,Temperature_2,23.55
1511188347346,Humidity_2,15.875668030175758
1511188347350,Brightness_2,73.0
1511188347630,Motion_5,False
1511188349073,Sound_R,60.656107194736215
1511188350262,Sound_P,57.472817393488484
1511188350265,PodiumIR,99
1511188353816,Temperature_1,24.13
1511188353819,Humidity_1,15.135748746570798
1511188353823,Brightness_1,69.0
1511188353825,Temperature_2,23.55
1511188353828,Humidity_2,15.875668030175758
1511188353830,Brightness_2,73.0
1511188359073,Sound_R,56.80705810679149
1511188360223,Temperature_1,24.13
1511188360227,Humidity_1,15.135748746570798
1511188360231,Brightness_1,69.0
1511188360233,Temperature_2,23.55
1511188360236,Humidity_2,15.875668030175758
1511188360238,Brightness_2,79.0
1511188360268,Sound_P,54.210802194865956
1511188360271,PodiumIR,90
1511188366703,Temperature_1,24.13
1511188366706,Humidity_1,15.135748746570798
1511188366710,Brightness_1,69.0
1511188366713,Temperature_2,23.55
1511188366715,Humidity_2,15.875668030175758
1511188366717,Brightness_2,79.0
1511188369073,Sound_R,56.08479155754811
1511188370280,Sound_P,61.023021476191225
1511188370283,PodiumIR,72
1511188373364,Temperature_1,24.13
1511188373367,Humidity_1,15.135748746570798
1511188373371,Brightness_1,69.0
1511188373373,Temperature_2,23.55
1511188373376,Humidity_2,15.875668030175758
1511188373379,Brightness_2,79.0
1511188375840,Motion_5,False
1511188379073,Sound_R,56.88935183675278
1511188379813,Temperature_1,24.13
1511188379816,Humidity_1,15.135748746570798
1511188379820,Brightness_1,69.0
1511188379822,Temperature_2,23.55
1511188379824,Humidity_2,15.875668030175758
1511188379828,Brightness_2,79.0
1511188380285,Sound_P,55.369951428718224
1511188380288,PodiumIR,89
1511188386274,Temperature_1,24.13
1511188386278,Humidity_1,15.135748746570798
1511188386281,Brightness_1,69.0
1511188386284,Temperature_2,23.55
1511188386286,Humidity_2,15.875668030175758
1511188386289,Brightness_2,79.0
1511188389073,Sound_R,56.657081095042315
1511188390291,Sound_P,54.210802194865956
1511188390294,PodiumIR,111
1511188393020,Temperature_1,24.13
1511188393023,Humidity_1,15.135748746570798
1511188393026,Brightness_1,73.0
1511188393029,Temperature_2,23.55
1511188393031,Humidity_2,15.875668030175758
1511188393033,Brightness_2,79.0
1511188399073,Sound_R,58.488999320589926
1511188399471,Temperature_1,24.13
1511188399475,Humidity_1,15.135748746570798
1511188399479,Brightness_1,73.0
1511188399481,Temperature_2,23.55
1511188399483,Humidity_2,15.875668030175758
1511188399487,Brightness_2,79.0
1511188400298,Sound_P,52.96571415471127
1511188400301,PodiumIR,90
1511188406135,Temperature_1,24.13
1511188406138,Humidity_1,15.135748746570798
1511188406142,Brightness_1,73.0
1511188406145,Temperature_2,23.55
1511188406148,Humidity_2,15.875668030175758
1511188406151,Brightness_2,79.0
1511188409073,Sound_R,59.31254481531618
1511188410303,Sound_P,52.96571415471127
1511188410307,PodiumIR,97
1511188412538,Temperature_1,24.13
1511188412541,Humidity_1,15.135748746570798
1511188412542,Brightness_1,73.0
1511188412545,Temperature_2,23.55
1511188412548,Humidity_2,15.875668030175758
1511188412550,Brightness_2,79.0
1511188419073,Sound_R,59.8522269048971
1511188419248,Temperature_1,24.13
1511188419251,Humidity_1,15.135748746570798
1511188419254,Brightness_1,73.0
1511188419257,Temperature_2,23.55
1511188419259,Humidity_2,15.875668030175758
1511188419261,Brightness_2,79.0
1511188420309,Sound_P,66.44593723960276
1511188420312,PodiumIR,66
1511188425686,Temperature_1,24.13
1511188425696,Humidity_1,15.135748746570798
1511188425699,Brightness_1,73.0
1511188425701,Temperature_2,23.55
1511188425703,Humidity_2,15.875668030175758
1511188425706,Brightness_2,73.0
1511188429073,Sound_R,60.792393961113284
1511188430320,Sound_P,55.369951428718224
1511188430323,PodiumIR,101
1511188432153,Temperature_1,24.13
1511188432156,Humidity_1,15.135748746570798
1511188432159,Brightness_1,73.0
1511188432161,Temperature_2,23.55
1511188432163,Humidity_2,15.875668030175758
1511188432165,Brightness_2,73.0
1511188438548,Temperature_1,24.13
1511188438551,Humidity_1,15.135748746570798
1511188438554,Brightness_1,73.0
1511188438557,Temperature_2,23.55
1511188438559,Humidity_2,15.875668030175758
1511188438562,Brightness_2,73.0
1511188439073,Sound_R,59.907157202142436
1511188440326,Sound_P,55.369951428718224
1511188440329,PodiumIR,85
1511188440359,Motion_5,False
1511188440359,Seat_3,False
1511188445255,Temperature_1,24.13
1511188445258,Humidity_1,15.135748746570798
1511188445262,Brightness_1,73.0
1511188445264,Temperature_2,23.55
1511188445266,Humidity_2,15.875668030175758
1511188445268,Brightness_2,73.0
1511188449073,Sound_R,57.98465992647564
1511188450332,Sound_P,54.210802194865956
1511188450341,PodiumIR,73
1511188451696,Temperature_1,24.13
1511188451699,Humidity_1,15.135748746570798
1511188451702,Brightness_1,73.0
1511188451704,Temperature_2,23.55
1511188451706,Humidity_2,15.875668030175758
1511188451708,Brightness_2,73.0
1511188456303,Motion_5,False
1511188458225,Temperature_1,24.13
1511188458228,Humidity_1,15.135748746570798
1511188458232,Brightness_1,75.0
1511188458234,Temperature_2,23.55
1511188458236,Humidity_2,15.875668030175758
1511188458238,Brightness_2,73.0
1511188459073,Sound_R,56.57615751807719
1511188460347,Sound_P,55.369951428718224
1511188460350,PodiumIR,84
1511188464911,Temperature_1,24.13
1511188464914,Humidity_1,15.135748746570798
1511188464918,Brightness_1,75.0
1511188464920,Temperature_2,23.55
1511188464922,Humidity_2,15.875668030175758
1511188464924,Brightness_2,73.0
1511188469073,Sound_R,55.58651715747223
1511188470352,Sound_P,54.210802194865956
1511188470355,PodiumIR,83
1511188471768,Temperature_1,24.13
1511188471770,Humidity_1,15.135748746570798
1511188471773,Brightness_1,75.0
1511188471776,Temperature_2,23.55
1511188471778,Humidity_2,15.875668030175758
1511188471781,Brightness_2,73.0
1511188478232,Temperature_1,24.13
1511188478235,Humidity_1,15.135748746570798
1511188478238,Brightness_1,75.0
1511188478241,Temperature_2,23.55
1511188478243,Humidity_2,15.875668030175758
1511188478245,Brightness_2,73.0
1511188479073,Sound_R,55.79417596407374
1511188480358,Sound_P,51.62091662308819
1511188480361,PodiumIR,112
1511188481411,Motion_5,False
1511188484877,Temperature_1,24.13
1511188484880,Humidity_1,15.135748746570798
1511188484883,Brightness_1,75.0
1511188484885,Temperature_2,23.55
1511188484887,Humidity_2,15.875668030175758
1511188484889,Brightness_2,77.0
1511188489073,Sound_R,55.646453188698
1511188490364,Sound_P,58.433135904413454
1511188490367,PodiumIR,80
1511188491535,Temperature_1,24.13
1511188491538,Humidity_1,15.135748746570798
1511188491541,Brightness_1,75.0
1511188491544,Temperature_2,23.55
1511188491546,Humidity_2,15.875668030175758
1511188491548,Brightness_2,77.0
1511188497365,Motion_5,False
1511188497955,Temperature_1,24.13
1511188497958,Humidity_1,15.135748746570798
1511188497960,Brightness_1,75.0
1511188497962,Temperature_2,23.55
1511188497964,Humidity_2,15.875668030175758
1511188497966,Brightness_2,77.0
1511188499073,Sound_R,55.77753417654145
1511188500370,Sound_P,55.369951428718224
1511188500373,PodiumIR,69
1511188504371,Temperature_1,24.13
1511188504373,Humidity_1,15.135748746570798
1511188504377,Brightness_1,75.0
1511188504379,Temperature_2,23.55
1511188504381,Humidity_2,15.875668030175758
1511188504383,Brightness_2,77.0
1511188509073,Sound_R,57.27731870097866
1511188510375,Sound_P,54.210802194865956
1511188510378,PodiumIR,88
1511188510900,Temperature_1,24.13
1511188510902,Humidity_1,15.135748746570798
1511188510906,Brightness_1,75.0
1511188510908,Temperature_2,23.55
1511188510910,Humidity_2,15.875668030175758
1511188510912,Brightness_2,77.0
1511188517673,Temperature_1,24.13
1511188517676,Humidity_1,15.135748746570798
1511188517680,Brightness_1,75.0
1511188517681,Temperature_2,23.55
1511188517683,Humidity_2,15.875668030175758
1511188517686,Brightness_2,77.0
1511188519073,Sound_R,57.98973048842661
1511188520381,Sound_P,54.210802194865956
1511188520384,PodiumIR,90
1511188524065,Temperature_1,24.13
1511188524068,Humidity_1,15.135748746570798
1511188524071,Brightness_1,70.0
1511188524073,Temperature_2,23.55
1511188524075,Humidity_2,15.875668030175758
1511188524077,Brightness_2,77.0
1511188529073,Sound_R,59.38382028454157
1511188530392,Sound_P,52.96571415471127
1511188530395,PodiumIR,98
1511188530509,Temperature_1,24.13
1511188530512,Humidity_1,15.135748746570798
1511188530515,Brightness_1,70.0
1511188530518,Temperature_2,23.55
1511188530520,Humidity_2,15.875668030175758
1511188530522,Brightness_2,77.0
1511188537211,Temperature_1,24.13
1511188537214,Humidity_1,15.135748746570798
1511188537218,Brightness_1,70.0
1511188537220,Temperature_2,23.55
1511188537222,Humidity_2,15.875668030175758
1511188537224,Brightness_2,77.0
1511188538927,Motion_5,False
1511188538927,Seat_12,False
1511188539073,Sound_R,60.63149588336558
1511188540397,Sound_P,57.472817393488484
1511188540400,PodiumIR,124
1511188543661,Temperature_1,24.13
1511188543664,Humidity_1,15.135748746570798
1511188543668,Brightness_1,70.0
1511188543670,Temperature_2,23.55
1511188543672,Humidity_2,15.875668030175758
1511188543676,Brightness_2,77.0
1511188549073,Sound_R,59.866886116937074
1511188550076,Temperature_1,24.13
1511188550079,Humidity_1,15.135748746570798
1511188550083,Brightness_1,70.0
1511188550085,Temperature_2,23.55
1511188550087,Humidity_2,15.875668030175758
1511188550090,Brightness_2,73.0
1511188550402,Sound_P,56.45426312235056
1511188550405,PodiumIR,142
1511188554891,Motion_5,False
1511188556496,Temperature_1,24.13
1511188556499,Humidity_1,15.135748746570798
1511188556502,Brightness_1,70.0
1511188556504,Temperature_2,23.55
1511188556507,Humidity_2,15.875668030175758
1511188556511,Brightness_2,73.0
1511188559073,Sound_R,58.4533251070933
1511188560408,Sound_P,54.210802194865956
1511188560411,PodiumIR,71
1511188563313,Temperature_1,24.13
1511188563317,Humidity_1,15.135748746570798
1511188563320,Brightness_1,70.0
1511188563322,Temperature_2,23.55
1511188563324,Humidity_2,15.875668030175758
1511188563327,Brightness_2,73.0
1511188569073,Sound_R,60.803817010266954
1511188569766,Temperature_1,24.13
1511188569769,Humidity_1,15.135748746570798
1511188569772,Brightness_1,70.0
1511188569774,Temperature_2,23.55
1511188569776,Humidity_2,15.875668030175758
1511188569779,Brightness_2,73.0
1511188570413,Sound_P,54.210802194865956
1511188570419,PodiumIR,79
1511188576205,Temperature_1,24.13
1511188576210,Humidity_1,15.135748746570798
1511188576215,Brightness_1,70.0
1511188576217,Temperature_2,23.55
1511188576220,Humidity_2,15.875668030175758
1511188576222,Brightness_2,73.0
1511188579073,Sound_R,62.474098413493216
1511188580424,Sound_P,54.210802194865956
1511188580427,PodiumIR,97
1511188582654,Temperature_1,24.13
1511188582657,Humidity_1,15.135748746570798
1511188582661,Brightness_1,73.0
1511188582663,Temperature_2,23.55
1511188582665,Humidity_2,15.875668030175758
1511188582669,Brightness_2,73.0
1511188589073,Sound_R,62.95228474884606
1511188589119,Temperature_1,24.13
1511188589121,Humidity_1,15.135748746570798
1511188589125,Brightness_1,73.0
1511188589128,Temperature_2,23.55
1511188589130,Humidity_2,15.875668030175758
1511188589132,Brightness_2,73.0
1511188590430,Sound_P,55.369951428718224
1511188590434,PodiumIR,86
1511188595892,Temperature_1,24.13
1511188595895,Humidity_1,15.135748746570798
1511188595899,Brightness_1,73.0
1511188595901,Temperature_2,23.55
1511188595903,Humidity_2,15.875668030175758
1511188595905,Brightness_2,73.0
1511188599073,Sound_R,62.34266223218929
1511188600436,Sound_P,51.62091662308819
1511188600439,PodiumIR,76
1511188602304,Temperature_1,24.13
1511188602307,Humidity_1,15.135748746570798
1511188602311,Brightness_1,73.0
1511188602313,Temperature_2,23.55
1511188602315,Humidity_2,15.875668030175758
1511188602317,Brightness_2,73.0
1511188608780,Temperature_1,24.13
1511188608783,Humidity_1,15.135748746570798
1511188608787,Brightness_1,73.0
1511188608789,Temperature_2,23.55
1511188608791,Humidity_2,15.875668030175758
1511188608793,Brightness_2,73.0
1511188609073,Sound_R,59.59081625200975
1511188610442,Sound_P,56.45426312235056
1511188610445,PodiumIR,94
1511188615204,Temperature_1,24.13
1511188615207,Humidity_1,15.135748746570798
1511188615210,Brightness_1,73.0
1511188615212,Temperature_2,23.55
1511188615214,Humidity_2,15.875668030175758
1511188615217,Brightness_2,73.0
1511188619073,Sound_R,58.30196819448312
1511188620448,Sound_P,54.210802194865956
1511188620451,PodiumIR,120
1511188621887,Temperature_1,24.13
1511188621890,Humidity_1,15.135748746570798
1511188621894,Brightness_1,73.0
1511188621896,Temperature_2,23.55
1511188621898,Humidity_2,15.875668030175758
1511188621902,Brightness_2,73.0
1511188628305,Temperature_1,24.13
1511188628308,Humidity_1,15.135748746570798
1511188628311,Brightness_1,73.0
1511188628313,Temperature_2,23.55
1511188628315,Humidity_2,15.875668030175758
1511188628319,Brightness_2,73.0
1511188629074,Sound_R,58.8778219138984
1511188630454,Sound_P,69.11838317407611
1511188630457,PodiumIR,128
1511188635002,Temperature_1,24.13
1511188635005,Humidity_1,15.135748746570798
1511188635009,Brightness_1,73.0
1511188635011,Temperature_2,23.55
1511188635013,Humidity_2,15.875668030175758
1511188635015,Brightness_2,73.0
1511188639073,Sound_R,59.37555827192736
1511188640459,Sound_P,56.45426312235056
1511188640463,PodiumIR,67
1511188641453,Temperature_1,24.13
1511188641456,Humidity_1,15.135748746570798
1511188641459,Brightness_1,73.0
1511188641462,Temperature_2,23.55
1511188641464,Humidity_2,15.875668030175758
1511188641467,Brightness_2,73.0
1511188643698,Motion_5,False
1511188643698,Motion_3,False
1511188647907,Temperature_1,24.13
1511188647910,Humidity_1,15.135748746570798
1511188647913,Brightness_1,75.0
1511188647915,Temperature_2,23.55
1511188647918,Humidity_2,15.875668030175758
1511188647920,Brightness_2,73.0
1511188649073,Sound_R,59.62156926863687
1511188650465,Sound_P,64.61127993529891
1511188650468,PodiumIR,69
1511188659073,Sound_R,59.46738838216795
1511188659651,Motion_5,False
1511188660471,Sound_P,56.45426312235056
1511188660474,PodiumIR,89
1511188669073,Sound_R,60.132062401839015
1511188669716,Temperature_1,24.13
1511188669719,Humidity_1,15.135748746570798
1511188669722,Brightness_1,75.0
1511188669724,Temperature_2,23.55
1511188669726,Humidity_2,15.875668030175758
1511188669728,Brightness_2,73.0
1511188670480,Sound_P,50.159038478285424
1511188670483,PodiumIR,90
1511188676229,Temperature_1,24.13
1511188676233,Humidity_1,15.135748746570798
1511188676237,Brightness_1,75.0
1511188676239,Temperature_2,23.55
1511188676241,Humidity_2,15.875668030175758
1511188676243,Brightness_2,76.0
1511188679073,Sound_R,60.793118728956735
1511188680485,Sound_P,52.96571415471127
1511188680488,PodiumIR,88
1511188682920,Temperature_1,24.13
1511188682923,Humidity_1,15.135748746570798
1511188682927,Brightness_1,75.0
1511188682929,Temperature_2,23.55
1511188682931,Humidity_2,15.875668030175758
1511188682933,Brightness_2,76.0
1511188684745,Motion_5,False
1511188689073,Sound_R,59.16379512685057
1511188689383,Temperature_1,24.13
1511188689386,Humidity_1,15.135748746570798
1511188689389,Brightness_1,75.0
1511188689392,Temperature_2,23.55
1511188689393,Humidity_2,15.875668030175758
1511188689397,Brightness_2,76.0
1511188690491,Sound_P,65.8563679754536
1511188690494,PodiumIR,95
1511188695793,Temperature_1,24.13
1511188695796,Humidity_1,15.135748746570798
1511188695799,Brightness_1,75.0
1511188695802,Temperature_2,23.55
1511188695804,Humidity_2,15.875668030175758
1511188695807,Brightness_2,76.0
1511188699073,Sound_R,58.949787297831335
1511188700497,Sound_P,52.96571415471127
1511188700500,PodiumIR,61
1511188702233,Temperature_1,24.13
1511188702236,Humidity_1,15.135748746570798
1511188702239,Brightness_1,75.0
1511188702240,Temperature_2,23.55
1511188702242,Humidity_2,15.875668030175758
1511188702244,Brightness_2,76.0
1511188708881,Temperature_1,24.13
1511188708884,Humidity_1,15.135748746570798
1511188708887,Brightness_1,75.0
1511188708889,Temperature_2,23.55
1511188708891,Humidity_2,15.875668030175758
1511188708893,Brightness_2,76.0
1511188709073,Sound_R,59.16880268216374
1511188710508,Sound_P,56.45426312235056
1511188710511,PodiumIR,77
1511188714176,Motion_5,False
1511188715593,Temperature_1,24.13
1511188715596,Humidity_1,15.135748746570798
1511188715599,Brightness_1,72.0
1511188715601,Temperature_2,23.55
1511188715603,Humidity_2,15.875668030175758
1511188715606,Brightness_2,76.0
1511188719073,Sound_R,58.266941516251585
1511188720514,Sound_P,54.210802194865956
1511188720523,PodiumIR,90
1511188722230,Temperature_1,24.13
1511188722233,Humidity_1,15.135748746570798
1511188722236,Brightness_1,72.0
1511188722239,Temperature_2,23.55
1511188722241,Humidity_2,15.875668030175758
1511188722243,Brightness_2,76.0
1511188728909,Temperature_1,24.13
1511188728912,Humidity_1,15.135748746570798
1511188728915,Brightness_1,72.0
1511188728917,Temperature_2,23.55
1511188728919,Humidity_2,15.875668030175758
1511188728922,Brightness_2,76.0
1511188729073,Sound_R,57.79117169080569
1511188730527,Sound_P,54.210802194865956
1511188730531,PodiumIR,95
1511188735561,Temperature_1,24.13
1511188735563,Humidity_1,15.135748746570798
1511188735567,Brightness_1,72.0
1511188735569,Temperature_2,23.55
1511188735571,Humidity_2,15.875668030175758
1511188735574,Brightness_2,76.0
1511188739073,Sound_R,58.07725746490348
1511188740533,Sound_P,64.61127993529891
1511188740537,PodiumIR,96
1511188742015,Temperature_1,24.13
1511188742018,Humidity_1,15.135748746570798
1511188742021,Brightness_1,72.0
1511188742023,Temperature_2,23.55
1511188742025,Humidity_2,15.875668030175758
1511188742028,Brightness_2,77.0
1511188748424,Temperature_1,24.13
1511188748427,Humidity_1,15.135748746570798
1511188748430,Brightness_1,72.0
1511188748432,Temperature_2,23.55
1511188748434,Humidity_2,15.875668030175758
1511188748437,Brightness_2,77.0
1511188749073,Sound_R,59.24892653437028
1511188750539,Sound_P,52.96571415471127
1511188750542,PodiumIR,76
1511188754843,Temperature_1,24.13
1511188754845,Humidity_1,15.135748746570798
1511188754848,Brightness_1,72.0
1511188754851,Temperature_2,23.55
1511188754853,Humidity_2,15.875668030175758
1511188754855,Brightness_2,77.0
1511188759073,Sound_R,59.24351258539979
1511188760545,Sound_P,54.210802194865956
1511188760548,PodiumIR,91
1511188761462,Temperature_1,24.13
1511188761465,Humidity_1,15.135748746570798
1511188761469,Brightness_1,72.0
1511188761471,Temperature_2,23.55
1511188761474,Humidity_2,15.875668030175758
1511188761477,Brightness_2,77.0
1511188767933,Temperature_1,24.13
1511188767937,Humidity_1,15.135748746570798
1511188767940,Brightness_1,72.0
1511188767943,Temperature_2,23.55
1511188767945,Humidity_2,15.875668030175758
1511188767947,Brightness_2,77.0
1511188769073,Sound_R,56.93168323957542
1511188770550,Sound_P,56.45426312235056
1511188770553,PodiumIR,82
1511188774332,Temperature_1,24.02
1511188774334,Humidity_1,15.135748746570798
1511188774336,Brightness_1,74.0
1511188774338,Temperature_2,23.55
1511188774341,Humidity_2,15.875668030175758
1511188774343,Brightness_2,77.0
1511188779073,Sound_R,57.236196547723075
1511188780555,Sound_P,55.369951428718224
1511188780559,PodiumIR,105
1511188781026,Temperature_1,24.02
1511188781029,Humidity_1,15.135748746570798
1511188781032,Brightness_1,74.0
1511188781034,Temperature_2,23.55
1511188781036,Humidity_2,15.875668030175758
1511188781039,Brightness_2,77.0
1511188787490,Temperature_1,24.02
1511188787493,Humidity_1,15.135748746570798
1511188787496,Brightness_1,74.0
1511188787499,Temperature_2,23.55
1511188787501,Humidity_2,15.875668030175758
1511188787504,Brightness_2,77.0
1511188789073,Sound_R,57.58943933330954
1511188790561,Sound_P,56.45426312235056
1511188790564,PodiumIR,87
1511188793926,Temperature_1,24.02
1511188793929,Humidity_1,15.135748746570798
1511188793932,Brightness_1,74.0
1511188793934,Temperature_2,23.55
1511188793937,Humidity_2,15.875668030175758
1511188793939,Brightness_2,77.0
1511188799073,Sound_R,57.44866503644925
1511188800443,Temperature_1,24.02
1511188800446,Humidity_1,15.135748746570798
1511188800449,Brightness_1,74.0
1511188800451,Temperature_2,23.55
1511188800453,Humidity_2,15.875668030175758
1511188800456,Brightness_2,77.0
1511188800567,Sound_P,52.96571415471127
1511188800570,PodiumIR,87
1511188807147,Temperature_1,24.02
1511188807150,Humidity_1,15.135748746570798
1511188807153,Brightness_1,74.0
1511188807156,Temperature_2,23.55
1511188807158,Humidity_2,15.875668030175758
1511188807161,Brightness_2,77.0
1511188809073,Sound_R,56.60708444846085
1511188809236,Motion_5,False
1511188810573,Sound_P,54.210802194865956
1511188810576,PodiumIR,109
1511188813792,Temperature_1,24.02
1511188813795,Humidity_1,15.135748746570798
1511188813798,Brightness_1,74.0
1511188813800,Temperature_2,23.55
1511188813802,Humidity_2,15.875668030175758
1511188813805,Brightness_2,77.0
1511188819073,Sound_R,57.078179948375585
1511188820248,Temperature_1,24.02
1511188820251,Humidity_1,15.135748746570798
1511188820254,Brightness_1,74.0
1511188820256,Temperature_2,23.55
1511188820258,Humidity_2,15.875668030175758
1511188820260,Brightness_2,77.0
1511188820578,Sound_P,50.159038478285424
1511188820581,PodiumIR,68
1511188826706,Temperature_1,24.02
1511188826709,Humidity_1,15.135748746570798
1511188826712,Brightness_1,74.0
1511188826715,Temperature_2,23.55
1511188826717,Humidity_2,15.875668030175758
1511188826719,Brightness_2,77.0
1511188829073,Sound_R,58.12432323102945
1511188830583,Sound_P,59.341519288975356
1511188830586,PodiumIR,92
1511188833115,Temperature_1,24.02
1511188833118,Humidity_1,15.135748746570798
1511188833121,Brightness_1,74.0
1511188833123,Temperature_2,23.55
1511188833125,Humidity_2,15.875668030175758
1511188833128,Brightness_2,77.0
1511188839073,Sound_R,57.17089220437688
1511188839803,Temperature_1,24.02
1511188839806,Humidity_1,15.135748746570798
1511188839811,Brightness_1,70.0
1511188839813,Temperature_2,23.55
1511188839819,Humidity_2,15.875668030175758
1511188839822,Brightness_2,77.0
1511188840589,Sound_P,54.210802194865956
1511188840592,PodiumIR,84
1511188846241,Temperature_1,24.02
1511188846247,Humidity_1,15.135748746570798
1511188846250,Brightness_1,70.0
1511188846252,Temperature_2,23.55
1511188846254,Humidity_2,15.875668030175758
1511188846256,Brightness_2,77.0
1511188849073,Sound_R,58.39706785083782
1511188850595,Sound_P,62.551438321825636
1511188850598,PodiumIR,95
1511188852905,Temperature_1,24.02
1511188852912,Humidity_1,15.135748746570798
1511188852914,Brightness_1,70.0
1511188852917,Temperature_2,23.55
1511188852919,Humidity_2,15.875668030175758
1511188852924,Brightness_2,77.0
1511188859073,Sound_R,58.0682526864501
1511188859359,Temperature_1,24.02
1511188859364,Humidity_1,15.135748746570798
1511188859367,Brightness_1,70.0
1511188859369,Temperature_2,23.55
1511188859375,Humidity_2,15.875668030175758
1511188859377,Brightness_2,77.0
1511188860601,Sound_P,57.472817393488484
1511188860604,PodiumIR,92
1511188865816,Temperature_1,24.02
1511188865822,Humidity_1,15.135748746570798
1511188865824,Brightness_1,70.0
1511188865827,Temperature_2,23.55
1511188865829,Humidity_2,15.875668030175758
1511188865833,Brightness_2,75.0
1511188869073,Sound_R,58.30260627206803
1511188870606,Sound_P,54.210802194865956
1511188870609,PodiumIR,98
1511188872251,Temperature_1,24.02
1511188872256,Humidity_1,15.135748746570798
1511188872259,Brightness_1,70.0
1511188872261,Temperature_2,23.55
1511188872263,Humidity_2,15.875668030175758
1511188872265,Brightness_2,75.0
1511188879035,Temperature_1,24.02
1511188879038,Humidity_1,15.135748746570798
1511188879041,Brightness_1,70.0
1511188879043,Temperature_2,23.55
1511188879045,Humidity_2,15.875668030175758
1511188879048,Brightness_2,75.0
1511188879073,Sound_R,60.099765030033815
1511188880611,Sound_P,60.20329792798059
1511188880614,PodiumIR,98
1511188885477,Temperature_1,24.02
1511188885479,Humidity_1,15.135748746570798
1511188885483,Brightness_1,70.0
1511188885485,Temperature_2,23.55
1511188885487,Humidity_2,15.875668030175758
1511188885490,Brightness_2,75.0
1511188889073,Sound_R,60.59810601478646
1511188890622,Sound_P,57.472817393488484
1511188890632,PodiumIR,77
1511188891936,Temperature_1,24.02
1511188891939,Humidity_1,15.135748746570798
1511188891942,Brightness_1,70.0
1511188891945,Temperature_2,23.55
1511188891947,Humidity_2,15.875668030175758
1511188891949,Brightness_2,75.0
1511188898340,Temperature_1,24.02
1511188898343,Humidity_1,15.135748746570798
1511188898346,Brightness_1,70.0
1511188898349,Temperature_2,23.55
1511188898351,Humidity_2,15.875668030175758
1511188898353,Brightness_2,75.0
1511188899073,Sound_R,59.96117403895415
1511188900641,Sound_P,56.45426312235056
1511188900644,PodiumIR,80
1511188905028,Temperature_1,24.02
1511188905031,Humidity_1,15.135748746570798
1511188905034,Brightness_1,74.0
1511188905036,Temperature_2,23.55
1511188905038,Humidity_2,15.875668030175758
1511188905040,Brightness_2,75.0
1511188909073,Sound_R,58.912799366587514
1511188910647,Sound_P,58.433135904413454
1511188910650,PodiumIR,95
1511188911691,Temperature_1,24.02
1511188911693,Humidity_1,15.135748746570798
1511188911697,Brightness_1,74.0
1511188911699,Temperature_2,23.55
1511188911701,Humidity_2,15.875668030175758
1511188911703,Brightness_2,75.0
1511188918135,Temperature_1,24.02
1511188918138,Humidity_1,15.135748746570798
1511188918142,Brightness_1,74.0
1511188918144,Temperature_2,23.55
1511188918146,Humidity_2,15.875668030175758
1511188918149,Brightness_2,75.0
1511188919073,Sound_R,57.264954756210095
1511188920652,Sound_P,52.96571415471127
1511188920655,PodiumIR,88
1511188924557,Temperature_1,24.02
1511188924560,Humidity_1,15.135748746570798
1511188924563,Brightness_1,74.0
1511188924566,Temperature_2,23.55
1511188924568,Humidity_2,15.875668030175758
1511188924570,Brightness_2,75.0
1511188929073,Sound_R,58.67563047062981
1511188930658,Sound_P,58.433135904413454
1511188930661,PodiumIR,85
1511188931267,Temperature_1,24.02
1511188931270,Humidity_1,15.135748746570798
1511188931273,Brightness_1,74.0
1511188931276,Temperature_2,23.55
1511188931278,Humidity_2,15.875668030175758
1511188931281,Brightness_2,77.0
1511188937690,Temperature_1,24.02
1511188937693,Humidity_1,15.135748746570798
1511188937696,Brightness_1,74.0
1511188937699,Temperature_2,23.55
1511188937701,Humidity_2,15.875668030175758
1511188937704,Brightness_2,77.0
1511188939073,Sound_R,60.22202999808892
1511188940663,Sound_P,52.96571415471127
1511188940667,PodiumIR,98
1511188944239,Temperature_1,24.02
1511188944242,Humidity_1,15.135748746570798
1511188944245,Brightness_1,74.0
1511188944248,Temperature_2,23.55
1511188944250,Humidity_2,15.875668030175758
1511188944252,Brightness_2,77.0
1511188949073,Sound_R,57.923126075658026
1511188950669,Sound_P,56.45426312235056
1511188950672,PodiumIR,101
1511188950701,Temperature_1,24.02
1511188950704,Humidity_1,15.135748746570798
1511188950707,Brightness_1,74.0
1511188950710,Temperature_2,23.55
1511188950712,Humidity_2,15.875668030175758
1511188950715,Brightness_2,77.0
1511188957159,Temperature_1,24.02
1511188957162,Humidity_1,15.135748746570798
1511188957165,Brightness_1,74.0
1511188957168,Temperature_2,23.55
1511188957170,Humidity_2,15.875668030175758
1511188957173,Brightness_2,77.0
1511188959073,Sound_R,57.97380416353197
1511188960675,Sound_P,59.341519288975356
1511188960678,PodiumIR,84
1511188963935,Temperature_1,24.02
1511188963938,Humidity_1,15.135748746570798
1511188963941,Brightness_1,74.0
1511188963943,Temperature_2,23.55
1511188963945,Humidity_2,15.875668030175758
1511188963948,Brightness_2,77.0
1511188966760,Motion_5,False
1511188966765,Motion_5,True
1511188969073,Sound_R,58.66733497984177
1511188970340,Temperature_1,24.02
1511188970343,Humidity_1,15.135748746570798
1511188970346,Brightness_1,70.0
1511188970349,Temperature_2,23.55
1511188970351,Humidity_2,15.875668030175758
1511188970353,Brightness_2,77.0
1511188970690,Sound_P,51.62091662308819
1511188970693,PodiumIR,90
1511188977027,Temperature_1,24.02
1511188977030,Humidity_1,15.135748746570798
1511188977033,Brightness_1,70.0
1511188977035,Temperature_2,23.55
1511188977038,Humidity_2,15.875668030175758
1511188977040,Brightness_2,77.0
1511188979073,Sound_R,57.99989727403938
1511188980695,Sound_P,54.210802194865956
1511188980698,PodiumIR,93
1511188983485,Temperature_1,24.02
1511188983489,Humidity_1,15.135748746570798
1511188983492,Brightness_1,70.0
1511188983494,Temperature_2,23.55
1511188983496,Humidity_2,15.875668030175758
1511188983500,Brightness_2,77.0
1511188989073,Sound_R,59.19127427546607
1511188990222,Temperature_1,24.02
1511188990225,Humidity_1,15.135748746570798
1511188990229,Brightness_1,70.0
1511188990231,Temperature_2,23.55
1511188990234,Humidity_2,15.875668030175758
1511188990236,Brightness_2,77.0
1511188990701,Sound_P,62.551438321825636
1511188990704,PodiumIR,94
1511188996907,Temperature_1,24.02
1511188996909,Humidity_1,15.135748746570798
1511188996912,Brightness_1,70.0
1511188996915,Temperature_2,23.55
1511188996917,Humidity_2,15.875668030175758
1511188996920,Brightness_2,79.0
1511188997282,Motion_5,False
1511188999073,Sound_R,60.228909162348295
1511189000707,Sound_P,56.45426312235056
1511189000710,PodiumIR,95
1511189003302,Temperature_1,24.02
1511189003305,Humidity_1,15.135748746570798
1511189003308,Brightness_1,70.0
1511189003310,Temperature_2,23.55
1511189003312,Humidity_2,15.875668030175758
1511189003314,Brightness_2,79.0
1511189009073,Sound_R,59.43299951232668
1511189010105,Temperature_1,24.02
1511189010108,Humidity_1,15.135748746570798
1511189010111,Brightness_1,70.0
1511189010113,Temperature_2,23.55
1511189010115,Humidity_2,15.875668030175758
1511189010118,Brightness_2,79.0
1511189010712,Sound_P,51.62091662308819
1511189010715,PodiumIR,73
1511189016397,Motion_5,False
1511189016520,Temperature_1,24.02
1511189016523,Humidity_1,15.135748746570798
1511189016526,Brightness_1,70.0
1511189016528,Temperature_2,23.55
1511189016530,Humidity_2,15.875668030175758
1511189016532,Brightness_2,79.0
1511189019073,Sound_R,58.80932984254678
1511189020725,Sound_P,63.26648240367583
1511189020729,PodiumIR,90
1511189022961,Temperature_1,24.02
1511189022967,Humidity_1,15.135748746570798
1511189022970,Brightness_1,70.0
1511189022973,Temperature_2,23.55
1511189022991,Humidity_2,15.875668030175758
1511189022993,Brightness_2,79.0
1511189029073,Sound_R,58.98579141998167
1511189029304,Motion_5,True
1511189029651,Temperature_1,24.02
1511189029657,Humidity_1,15.135748746570798
1511189029660,Brightness_1,75.0
1511189029663,Temperature_2,23.55
1511189029671,Humidity_2,15.875668030175758
1511189029674,Brightness_2,79.0
1511189030731,Sound_P,59.341519288975356
1511189030734,PodiumIR,76
1511189036115,Temperature_1,24.02
1511189036121,Humidity_1,15.135748746570798
1511189036123,Brightness_1,75.0
1511189036127,Temperature_2,23.55
1511189036134,Humidity_2,15.875668030175758
1511189036137,Brightness_2,79.0
1511189039073,Sound_R,59.496973315202474
1511189040744,Sound_P,51.62091662308819
1511189040747,PodiumIR,91
1511189042531,Temperature_1,24.02
1511189042537,Humidity_1,15.135748746570798
1511189042539,Brightness_1,75.0
1511189042542,Temperature_2,23.55
1511189042550,Humidity_2,15.875668030175758
1511189042556,Brightness_2,79.0
1511189045262,Motion_5,False
1511189049073,Sound_R,57.91433278818365
1511189049209,Temperature_1,24.02
1511189049215,Humidity_1,15.135748746570798
1511189049218,Brightness_1,75.0
1511189049226,Temperature_2,23.55
1511189049229,Humidity_2,15.875668030175758
1511189049231,Brightness_2,79.0
1511189050749,Sound_P,50.159038478285424
1511189050753,PodiumIR,129
1511189055968,Temperature_1,24.02
1511189055974,Humidity_1,15.135748746570798
1511189055977,Brightness_1,75.0
1511189055983,Temperature_2,23.55
1511189055986,Humidity_2,15.875668030175758
1511189055989,Brightness_2,73.0
1511189059073,Sound_R,56.23453974402285
1511189060755,Sound_P,54.210802194865956
1511189060758,PodiumIR,91
1511189062383,Temperature_1,24.02
1511189062389,Humidity_1,15.135748746570798
1511189062391,Brightness_1,75.0
1511189062398,Temperature_2,23.55
1511189062401,Humidity_2,15.875668030175758
1511189062404,Brightness_2,73.0
1511189069073,Sound_R,56.5335253633287
1511189069078,Temperature_1,24.02
1511189069083,Humidity_1,15.135748746570798
1511189069086,Brightness_1,75.0
1511189069089,Temperature_2,23.55
1511189069096,Humidity_2,15.875668030175758
1511189069099,Brightness_2,73.0
1511189070761,Sound_P,56.45426312235056
1511189070764,PodiumIR,75
1511189075845,Temperature_1,24.02
1511189075850,Humidity_1,15.135748746570798
1511189075853,Brightness_1,75.0
1511189075856,Temperature_2,23.55
1511189075864,Humidity_2,15.875668030175758
1511189075867,Brightness_2,73.0
1511189079073,Sound_R,56.415025532477365
1511189080766,Sound_P,51.62091662308819
1511189080769,PodiumIR,84
1511189082269,Temperature_1,24.02
1511189082281,Humidity_1,15.135748746570798
1511189082284,Brightness_1,75.0
1511189082288,Temperature_2,23.55
1511189082290,Humidity_2,15.875668030175758
1511189082297,Brightness_2,73.0
1511189087500,Motion_5,False
1511189089053,Temperature_1,24.02
1511189089058,Humidity_1,15.135748746570798
1511189089061,Brightness_1,75.0
1511189089069,Temperature_2,23.55
1511189089072,Humidity_2,15.875668030175758
1511189089073,Sound_R,57.04461800686236
1511189089078,Brightness_2,73.0
1511189090772,Sound_P,51.62091662308819
1511189090775,PodiumIR,89
1511189095495,Temperature_1,24.02
1511189095500,Humidity_1,15.135748746570798
1511189095503,Brightness_1,70.0
1511189095510,Temperature_2,23.55
1511189095514,Humidity_2,15.875668030175758
1511189095521,Brightness_2,73.0
1511189099073,Sound_R,59.49828116314577
1511189100397,Motion_5,True
1511189100778,Sound_P,55.369951428718224
1511189100784,PodiumIR,89
1511189101939,Temperature_1,24.02
1511189101945,Humidity_1,15.135748746570798
1511189101948,Brightness_1,70.0
1511189101951,Temperature_2,23.55
1511189101953,Humidity_2,15.875668030175758
1511189101960,Brightness_2,73.0
1511189108375,Temperature_1,24.02
1511189108378,Humidity_1,15.135748746570798
1511189108382,Brightness_1,70.0
1511189108384,Temperature_2,23.55
1511189108387,Humidity_2,15.875668030175758
1511189108390,Brightness_2,73.0
1511189109073,Sound_R,60.1877253272354
1511189110795,Sound_P,56.45426312235056
1511189110798,PodiumIR,112
1511189113303,Motion_5,True
1511189115054,Temperature_1,24.02
1511189115057,Humidity_1,15.135748746570798
1511189115061,Brightness_1,70.0
1511189115063,Temperature_2,23.55
1511189115065,Humidity_2,15.875668030175758
1511189115069,Brightness_2,73.0
1511189119073,Sound_R,60.04264411850727
1511189120807,Sound_P,57.472817393488484
1511189120810,PodiumIR,72
1511189121718,Temperature_1,24.02
1511189121721,Humidity_1,15.135748746570798
1511189121725,Brightness_1,70.0
1511189121727,Temperature_2,23.55
1511189121730,Humidity_2,15.875668030175758
1511189121733,Brightness_2,74.0
1511189126200,Motion_5,True
1511189128162,Temperature_1,24.02
1511189128165,Humidity_1,15.135748746570798
1511189128169,Brightness_1,70.0
1511189128172,Temperature_2,23.55
1511189128174,Humidity_2,15.875668030175758
1511189128178,Brightness_2,74.0
1511189129073,Sound_R,57.83628789958966
1511189130813,Sound_P,50.159038478285424
1511189130815,PodiumIR,79
1511189135028,Temperature_1,24.02
1511189135030,Humidity_1,15.135748746570798
1511189135033,Brightness_1,70.0
1511189135035,Temperature_2,23.55
1511189135037,Humidity_2,15.875668030175758
1511189135040,Brightness_2,74.0
1511189139073,Sound_R,57.41334036980859
1511189139097,Motion_5,True
1511189140823,Sound_P,59.341519288975356
1511189140826,PodiumIR,85
1511189141491,Temperature_1,24.02
1511189141494,Humidity_1,15.135748746570798
1511189141497,Brightness_1,70.0
1511189141499,Temperature_2,23.55
1511189141501,Humidity_2,15.875668030175758
1511189141504,Brightness_2,74.0
1511189148218,Temperature_1,24.02
1511189148221,Humidity_1,15.135748746570798
1511189148224,Brightness_1,70.0
1511189148227,Temperature_2,23.55
1511189148230,Humidity_2,15.875668030175758
1511189148236,Brightness_2,74.0
1511189149073,Sound_R,59.90701029117795
1511189150829,Sound_P,52.96571415471127
1511189150833,PodiumIR,84
1511189151999,Motion_5,True
1511189154891,Temperature_1,24.02
1511189154895,Humidity_1,15.135748746570798
1511189154898,Brightness_1,70.0
1511189154900,Temperature_2,23.55
1511189154902,Humidity_2,15.875668030175758
1511189154904,Brightness_2,74.0
1511189159073,Sound_R,61.450796178281905
1511189160837,Sound_P,54.210802194865956
1511189160841,PodiumIR,147
1511189161553,Temperature_1,24.02
1511189161556,Humidity_1,15.135748746570798
1511189161560,Brightness_1,70.0
1511189161563,Temperature_2,23.55
1511189161565,Humidity_2,15.875668030175758
1511189161568,Brightness_2,74.0
1511189167961,Temperature_1,24.02
1511189167964,Humidity_1,15.135748746570798
1511189167967,Brightness_1,70.0
1511189167969,Temperature_2,23.55
1511189167971,Humidity_2,15.875668030175758
1511189167973,Brightness_2,74.0
1511189169073,Sound_R,64.03887201955772
1511189170843,Sound_P,52.96571415471127
1511189170846,PodiumIR,78
1511189173961,Motion_5,False
1511189174358,Temperature_1,24.02
1511189174361,Humidity_1,15.135748746570798
1511189174364,Brightness_1,70.0
1511189174366,Temperature_2,23.55
1511189174368,Humidity_2,15.875668030175758
1511189174370,Brightness_2,74.0
1511189179073,Sound_R,63.40696944390485
1511189180849,Sound_P,52.96571415471127
1511189180852,PodiumIR,84
1511189180872,Temperature_1,24.02
1511189180874,Humidity_1,15.135748746570798
1511189180878,Brightness_1,70.0
1511189180880,Temperature_2,23.55
1511189180882,Humidity_2,15.875668030175758
1511189180885,Brightness_2,74.0
1511189186863,Motion_5,True
1511189187658,Temperature_1,24.02
1511189187661,Humidity_1,15.135748746570798
1511189187665,Brightness_1,70.0
1511189187667,Temperature_2,23.55
1511189187669,Humidity_2,15.875668030175758
1511189187672,Brightness_2,77.0
1511189189073,Sound_R,61.248801463704865
1511189190860,Sound_P,58.433135904413454
1511189190864,PodiumIR,79
1511189194108,Temperature_1,24.02
1511189194111,Humidity_1,15.135748746570798
1511189194114,Brightness_1,70.0
1511189194117,Temperature_2,23.55
1511189194119,Humidity_2,15.875668030175758
1511189194121,Brightness_2,77.0
1511189199073,Sound_R,60.246201822956884
1511189200508,Temperature_1,24.02
1511189200511,Humidity_1,15.135748746570798
1511189200514,Brightness_1,70.0
1511189200517,Temperature_2,23.55
1511189200519,Humidity_2,15.875668030175758
1511189200521,Brightness_2,77.0
1511189200866,Sound_P,57.472817393488484
1511189200869,PodiumIR,82
1511189202811,Motion_5,False
1511189207222,Temperature_1,24.02
1511189207225,Humidity_1,15.135748746570798
1511189207228,Brightness_1,70.0
1511189207230,Temperature_2,23.55
1511189207232,Humidity_2,15.875668030175758
1511189207234,Brightness_2,77.0
1511189209073,Sound_R,58.55659636280111
1511189210872,Sound_P,55.369951428718224
1511189210875,PodiumIR,114
1511189213702,Temperature_1,24.02
1511189213705,Humidity_1,15.135748746570798
1511189213708,Brightness_1,70.0
1511189213710,Temperature_2,23.55
1511189213712,Humidity_2,15.875668030175758
1511189213714,Brightness_2,77.0
1511189215713,Motion_5,True
1511189219073,Sound_R,56.64763710029862
1511189220221,Temperature_1,24.02
1511189220224,Humidity_1,15.135748746570798
1511189220228,Brightness_1,70.0
1511189220230,Temperature_2,23.55
1511189220232,Humidity_2,15.875668030175758
1511189220235,Brightness_2,77.0
1511189220885,Sound_P,54.210802194865956
1511189220889,PodiumIR,112
1511189226899,Temperature_1,24.02
1511189226901,Humidity_1,15.135748746570798
1511189226905,Brightness_1,70.0
1511189226907,Temperature_2,23.55
1511189226909,Humidity_2,15.875668030175758
1511189226913,Brightness_2,77.0
1511189229073,Sound_R,56.677766291716445
1511189230751,Motion_5,True
1511189230891,Sound_P,63.95233273361063
1511189230894,PodiumIR,67
1511189233308,Temperature_1,24.02
1511189233311,Humidity_1,15.135748746570798
1511189233314,Brightness_1,70.0
1511189233317,Temperature_2,23.55
1511189233319,Humidity_2,15.875668030175758
1511189233322,Brightness_2,77.0
1511189239073,Sound_R,57.92635624832682
1511189240001,Temperature_1,24.02
1511189240004,Humidity_1,15.135748746570798
1511189240007,Brightness_1,70.0
1511189240009,Temperature_2,23.55
1511189240011,Humidity_2,15.875668030175758
1511189240013,Brightness_2,77.0
1511189240903,Sound_P,56.45426312235056
1511189240906,PodiumIR,78
1511189246700,Motion_5,False
1511189246705,Motion_5,True
1511189246958,Temperature_1,24.02
1511189246961,Humidity_1,15.135748746570798
1511189246964,Brightness_1,70.0
1511189246966,Temperature_2,23.55
1511189246968,Humidity_2,15.875668030175758
1511189246971,Brightness_2,79.0
1511189249073,Sound_R,59.09472776114927
1511189250908,Sound_P,59.341519288975356
1511189250911,PodiumIR,93
1511189253355,Temperature_1,24.02
1511189253358,Humidity_1,15.135748746570798
1511189253361,Brightness_1,70.0
1511189253363,Temperature_2,23.55
1511189253365,Humidity_2,15.875668030175758
1511189253368,Brightness_2,79.0
1511189259073,Sound_R,59.48904862479363
1511189259849,Temperature_1,24.02
1511189259852,Humidity_1,15.135748746570798
1511189259855,Brightness_1,70.0
1511189259858,Temperature_2,23.55
1511189259860,Humidity_2,15.875668030175758
1511189259862,Brightness_2,79.0
1511189260914,Sound_P,57.472817393488484
1511189260923,PodiumIR,86
1511189262663,Motion_5,False
1511189266279,Temperature_1,24.02
1511189266282,Humidity_1,15.135748746570798
1511189266285,Brightness_1,70.0
1511189266288,Temperature_2,23.55
1511189266290,Humidity_2,15.875668030175758
1511189266292,Brightness_2,79.0
1511189269073,Sound_R,60.30609524521031
1511189270927,Sound_P,52.96571415471127
1511189270930,PodiumIR,90
1511189272763,Temperature_1,24.02
1511189272766,Humidity_1,15.135748746570798
1511189272769,Brightness_1,70.0
1511189272771,Temperature_2,23.55
1511189272773,Humidity_2,15.875668030175758
1511189272775,Brightness_2,79.0
1511189275570,Motion_5,True
1511189279073,Sound_R,59.27938416867138
1511189279627,Temperature_1,24.02
1511189279629,Humidity_1,15.135748746570798
1511189279632,Brightness_1,70.0
1511189279635,Temperature_2,23.55
1511189279637,Humidity_2,15.875668030175758
1511189279639,Brightness_2,79.0
1511189280933,Sound_P,59.341519288975356
1511189280936,PodiumIR,77
1511189286221,Temperature_1,24.02
1511189286224,Humidity_1,15.135748746570798
1511189286228,Brightness_1,70.0
1511189286232,Temperature_2,23.55
1511189286236,Humidity_2,15.875668030175758
1511189286239,Brightness_2,79.0
1511189289073,Sound_R,58.6001676350704
1511189290703,Motion_5,True
1511189290939,Sound_P,60.20329792798059
1511189290942,PodiumIR,138
1511189292731,Temperature_1,24.02
1511189292733,Humidity_1,15.135748746570798
1511189292736,Brightness_1,70.0
1511189292739,Temperature_2,23.55
1511189292741,Humidity_2,15.875668030175758
1511189292743,Brightness_2,79.0
1511189299073,Sound_R,62.33723003422407
1511189299481,Temperature_1,24.02
1511189299484,Humidity_1,15.135748746570798
1511189299487,Brightness_1,70.0
1511189299490,Temperature_2,23.55
1511189299492,Humidity_2,15.875668030175758
1511189299495,Brightness_2,79.0
1511189300945,Sound_P,65.8563679754536
1511189300948,PodiumIR,90
1511189306222,Temperature_1,24.02
1511189306225,Humidity_1,15.135748746570798
1511189306229,Brightness_1,70.0
1511189306234,Temperature_2,23.55
1511189306237,Humidity_2,15.875668030175758
1511189306240,Brightness_2,79.0
1511189306657,Motion_5,False
1511189309073,Sound_R,63.9247513461356
1511189310950,Sound_P,57.472817393488484
1511189310953,PodiumIR,87
1511189312893,Temperature_1,24.02
1511189312896,Humidity_1,15.135748746570798
1511189312899,Brightness_1,70.0
1511189312902,Temperature_2,23.55
1511189312904,Humidity_2,15.875668030175758
1511189312905,Brightness_2,77.0
1511189319073,Sound_R,61.62986995040914
1511189319345,Temperature_1,24.02
1511189319348,Humidity_1,15.135748746570798
1511189319351,Brightness_1,70.0
1511189319353,Temperature_2,23.55
1511189319355,Humidity_2,15.875668030175758
1511189319357,Brightness_2,77.0
1511189319553,Motion_5,True
1511189320956,Sound_P,52.96571415471127
1511189320959,PodiumIR,85
1511189326012,Temperature_1,24.02
1511189326015,Humidity_1,15.135748746570798
1511189326018,Brightness_1,70.0
1511189326020,Temperature_2,23.55
1511189326022,Humidity_2,15.875668030175758
1511189326025,Brightness_2,77.0
1511189329073,Sound_R,59.944310681198864
1511189330962,Sound_P,52.96571415471127
1511189330965,PodiumIR,89
1511189332420,Temperature_1,24.02
1511189332423,Humidity_1,15.135748746570798
1511189332426,Brightness_1,70.0
1511189332429,Temperature_2,23.55
1511189332431,Humidity_2,15.875668030175758
1511189332433,Brightness_2,77.0
1511189335512,Motion_5,False
1511189339073,Sound_R,60.62909934013542
1511189339109,Temperature_1,24.02
1511189339112,Humidity_1,15.135748746570798
1511189339115,Brightness_1,70.0
1511189339117,Temperature_2,23.55
1511189339119,Humidity_2,15.875668030175758
1511189339122,Brightness_2,77.0
1511189340968,Sound_P,50.159038478285424
1511189340971,PodiumIR,78
1511189345876,Temperature_1,24.02
1511189345879,Humidity_1,15.135748746570798
1511189345882,Brightness_1,72.0
1511189345884,Temperature_2,23.55
1511189345886,Humidity_2,15.875668030175758
1511189345888,Brightness_2,77.0
1511189349073,Sound_R,60.78933800251141
1511189350973,Sound_P,51.62091662308819
1511189350980,PodiumIR,92
1511189351470,Motion_5,False
1511189352292,Temperature_1,24.02
1511189352295,Humidity_1,15.135748746570798
1511189352298,Brightness_1,72.0
1511189352301,Temperature_2,23.55
1511189352302,Humidity_2,15.875668030175758
1511189352305,Brightness_2,77.0
1511189359015,Temperature_1,24.02
1511189359019,Humidity_1,15.135748746570798
1511189359022,Brightness_1,72.0
1511189359024,Temperature_2,23.55
1511189359026,Humidity_2,15.875668030175758
1511189359028,Brightness_2,77.0
1511189359073,Sound_R,62.37137143089601
1511189360983,Sound_P,68.61682354019833
1511189360986,PodiumIR,88
1511189365446,Temperature_1,24.02
1511189365449,Humidity_1,15.135748746570798
1511189365452,Brightness_1,72.0
1511189365455,Temperature_2,23.55
1511189365457,Humidity_2,15.875668030175758
1511189365459,Brightness_2,77.0
1511189369073,Sound_R,65.09486443531823
1511189370997,Sound_P,58.433135904413454
1511189371005,PodiumIR,81
1511189371897,Temperature_1,24.02
1511189371899,Humidity_1,15.135748746570798
1511189371903,Brightness_1,72.0
1511189371905,Temperature_2,23.55
1511189371907,Humidity_2,15.875668030175758
1511189371909,Brightness_2,77.0
1511189372026,Motion_5,False
1511189378297,Temperature_1,24.02
1511189378300,Humidity_1,15.135748746570798
1511189378303,Brightness_1,72.0
1511189378305,Temperature_2,23.55
1511189378307,Humidity_2,15.875668030175758
1511189378310,Brightness_2,76.0
1511189379073,Sound_R,64.23938821889892
1511189381016,Sound_P,56.45426312235056
1511189381019,PodiumIR,90
1511189384779,Temperature_1,24.02
1511189384782,Humidity_1,15.135748746570798
1511189384785,Brightness_1,72.0
1511189384788,Temperature_2,23.55
1511189384790,Humidity_2,15.875668030175758
1511189384793,Brightness_2,76.0
1511189384933,Motion_5,True
1511189389073,Sound_R,63.64374591539279
1511189391021,Sound_P,59.341519288975356
1511189391025,PodiumIR,89
1511189391548,Temperature_1,24.02
1511189391550,Humidity_1,15.135748746570798
1511189391553,Brightness_1,72.0
1511189391555,Temperature_2,23.55
1511189391557,Humidity_2,15.875668030175758
1511189391559,Brightness_2,76.0
1511189397990,Temperature_1,24.02
1511189397993,Humidity_1,15.135748746570798
1511189397996,Brightness_1,72.0
1511189397998,Temperature_2,23.55
1511189398000,Humidity_2,15.875668030175758
1511189398002,Brightness_2,76.0
1511189399073,Sound_R,63.80200016804695
1511189401034,Sound_P,57.472817393488484
1511189401037,PodiumIR,119
1511189404074,Motion_5,False
1511189404386,Temperature_1,24.02
1511189404389,Humidity_1,15.135748746570798
1511189404392,Brightness_1,72.0
1511189404395,Temperature_2,23.55
1511189404397,Humidity_2,15.875668030175758
1511189404399,Brightness_2,76.0
1511189409073,Sound_R,63.76055309541539
1511189411046,Sound_P,61.023021476191225
1511189411050,PodiumIR,94
1511189411066,Temperature_1,24.02
1511189411069,Humidity_1,15.135748746570798
1511189411073,Brightness_1,70.0
1511189411076,Temperature_2,23.55
1511189411079,Humidity_2,15.875668030175758
1511189411082,Brightness_2,76.0
1511189417555,Temperature_1,24.02
1511189417558,Humidity_1,15.135748746570798
1511189417562,Brightness_1,70.0
1511189417564,Temperature_2,23.55
1511189417566,Humidity_2,15.875668030175758
1511189417570,Brightness_2,76.0
1511189419073,Sound_R,62.84858997546618
1511189421055,Sound_P,52.96571415471127
1511189421059,PodiumIR,82
1511189424022,Temperature_1,24.02
1511189424026,Humidity_1,15.135748746570798
1511189424029,Brightness_1,70.0
1511189424032,Temperature_2,23.55
1511189424034,Humidity_2,15.875668030175758
1511189424037,Brightness_2,76.0
1511189429073,Sound_R,62.87957542644596
1511189430427,Temperature_1,24.02
1511189430430,Humidity_1,15.135748746570798
1511189430434,Brightness_1,70.0
1511189430436,Temperature_2,23.55
1511189430439,Humidity_2,15.875668030175758
1511189430441,Brightness_2,76.0
1511189431065,Sound_P,62.551438321825636
1511189431068,PodiumIR,91
1511189433589,Motion_5,False
1511189436902,Temperature_1,24.02
1511189436905,Humidity_1,15.135748746570798
1511189436909,Brightness_1,70.0
1511189436911,Temperature_2,23.55
1511189436914,Humidity_2,15.875668030175758
1511189436916,Brightness_2,75.0
1511189439073,Sound_R,63.1114390497408
1511189441070,Sound_P,55.369951428718224
1511189441074,PodiumIR,92
1511189443360,Temperature_1,24.02
1511189443363,Humidity_1,15.135748746570798
1511189443367,Brightness_1,70.0
1511189443369,Temperature_2,23.55
1511189443372,Humidity_2,15.875668030175758
1511189443375,Brightness_2,75.0
1511189449073,Sound_R,59.88730812371815
1511189449824,Temperature_1,24.02
1511189449828,Humidity_1,15.135748746570798
1511189449831,Brightness_1,70.0
1511189449834,Temperature_2,23.55
1511189449836,Humidity_2,15.875668030175758
1511189449840,Brightness_2,75.0
1511189451079,Sound_P,59.341519288975356
1511189451083,PodiumIR,84
1511189453480,Motion_5,False
1511189456267,Temperature_1,24.02
1511189456270,Humidity_1,15.135748746570798
1511189456274,Brightness_1,70.0
1511189456276,Temperature_2,23.55
1511189456279,Humidity_2,15.875668030175758
1511189456281,Brightness_2,75.0
1511189459073,Sound_R,59.30786298681229
1511189461091,Sound_P,50.159038478285424
1511189461094,PodiumIR,84
1511189462707,Temperature_1,24.02
1511189462710,Humidity_1,15.135748746570798
1511189462714,Brightness_1,70.0
1511189462716,Temperature_2,23.55
1511189462719,Humidity_2,15.875668030175758
1511189462722,Brightness_2,75.0
1511189466382,Motion_5,True
1511189469073,Sound_R,61.78679793343628
1511189469379,Temperature_1,24.02
1511189469382,Humidity_1,15.135748746570798
1511189469386,Brightness_1,70.0
1511189469388,Temperature_2,23.55
1511189469391,Humidity_2,15.875668030175758
1511189469395,Brightness_2,75.0
1511189471101,Sound_P,50.159038478285424
1511189471105,PodiumIR,84
1511189475922,Temperature_1,24.02
1511189475925,Humidity_1,15.135748746570798
1511189475928,Brightness_1,75.0
1511189475931,Temperature_2,23.55
1511189475933,Humidity_2,15.875668030175758
1511189475936,Brightness_2,75.0
1511189479073,Sound_R,61.14232997706548
1511189481111,Sound_P,69.60540278108363
1511189481122,PodiumIR,92
1511189482330,Temperature_1,24.02
1511189482333,Humidity_1,15.135748746570798
1511189482335,Motion_5,False
1511189482337,Brightness_1,75.0
1511189482339,Temperature_2,23.55
1511189482342,Humidity_2,15.875668030175758
1511189482344,Brightness_2,75.0
1511189489025,Temperature_1,24.02
1511189489028,Humidity_1,15.135748746570798
1511189489032,Brightness_1,75.0
1511189489034,Temperature_2,23.55
1511189489037,Humidity_2,15.875668030175758
1511189489039,Brightness_2,75.0
1511189489072,Sound_R,62.06964427044459
1511189491127,Sound_P,62.551438321825636
1511189491132,PodiumIR,91
1511189495247,Motion_5,True
1511189495686,Temperature_1,24.02
1511189495689,Humidity_1,15.135748746570798
1511189495693,Brightness_1,75.0
1511189495695,Temperature_2,23.55
1511189495698,Humidity_2,15.875668030175758
1511189495701,Brightness_2,75.0
1511189499073,Sound_R,62.62573867159579
1511189501137,Sound_P,54.210802194865956
1511189501150,PodiumIR,90
1511189502143,Temperature_1,24.02
1511189502146,Humidity_1,15.135748746570798
1511189502150,Brightness_1,75.0
1511189502152,Temperature_2,23.55
1511189502155,Humidity_2,15.875668030175758
1511189502158,Brightness_2,74.0
1511189508154,Motion_5,True
1511189508559,Temperature_1,24.02
1511189508562,Humidity_1,15.135748746570798
1511189508565,Brightness_1,75.0
1511189508568,Temperature_2,23.55
1511189508571,Humidity_2,15.875668030175758
1511189508574,Brightness_2,74.0
1511189509073,Sound_R,60.739464060317566
1511189511156,Sound_P,52.96571415471127
1511189511160,PodiumIR,84
1511189515245,Temperature_1,24.02
1511189515249,Humidity_1,15.135748746570798
1511189515252,Brightness_1,75.0
1511189515255,Temperature_2,23.55
1511189515257,Humidity_2,15.875668030175758
1511189515261,Brightness_2,74.0
1511189519073,Sound_R,59.919261835893785
1511189521165,Sound_P,55.369951428718224
1511189521174,PodiumIR,87
1511189521896,Temperature_1,24.02
1511189521899,Humidity_1,15.135748746570798
1511189521902,Brightness_1,75.0
1511189521905,Temperature_2,23.55
1511189521907,Humidity_2,15.875668030175758
1511189521911,Brightness_2,74.0
1511189523382,Motion_5,True
1511189528766,Temperature_1,24.02
1511189528769,Humidity_1,15.135748746570798
1511189528773,Brightness_1,75.0
1511189528775,Temperature_2,23.55
1511189528778,Humidity_2,15.875668030175758
1511189528780,Brightness_2,74.0
1511189529073,Sound_R,60.62103810708749
1511189531180,Sound_P,55.369951428718224
1511189531189,PodiumIR,96
1511189535631,Temperature_1,24.02
1511189535635,Humidity_1,15.135748746570798
1511189535638,Brightness_1,75.0
1511189535641,Temperature_2,23.55
1511189535644,Humidity_2,15.875668030175758
1511189535647,Brightness_2,74.0
1511189539073,Sound_R,61.01905414836679
1511189539336,Motion_5,False
1511189541193,Sound_P,52.96571415471127
1511189541196,PodiumIR,90
1511189542079,Temperature_1,24.02
1511189542082,Humidity_1,15.135748746570798
1511189542086,Brightness_1,75.0
1511189542088,Temperature_2,23.55
1511189542091,Humidity_2,15.875668030175758
1511189542093,Brightness_2,74.0
1511189548488,Temperature_1,24.02
1511189548492,Humidity_1,15.135748746570798
1511189548495,Brightness_1,75.0
1511189548498,Temperature_2,23.55
1511189548500,Humidity_2,15.875668030175758
1511189548503,Brightness_2,74.0
1511189549073,Sound_R,59.7109110507289
1511189551199,Sound_P,51.62091662308819
1511189551202,PodiumIR,96
1511189554983,Temperature_1,24.02
1511189554986,Humidity_1,15.135748746570798
1511189554989,Brightness_1,75.0
1511189554992,Temperature_2,23.55
1511189554994,Humidity_2,15.875668030175758
1511189554997,Brightness_2,74.0
1511189555294,Motion_5,False
1511189559073,Sound_R,60.44263234452104
1511189561205,Sound_P,55.369951428718224
1511189561208,PodiumIR,94
1511189561429,Temperature_1,24.02
1511189561432,Humidity_1,15.135748746570798
1511189561436,Brightness_1,75.0
1511189561439,Temperature_2,23.55
1511189561442,Humidity_2,15.875668030175758
1511189561445,Brightness_2,74.0
1511189567976,Temperature_1,24.02
1511189567979,Humidity_1,15.135748746570798
1511189567983,Brightness_1,75.0
1511189567985,Temperature_2,23.55
1511189567988,Humidity_2,15.875668030175758
1511189567992,Brightness_2,74.0
1511189569073,Sound_R,60.16798284987589
1511189571210,Sound_P,63.95233273361063
1511189571213,PodiumIR,95
1511189571238,Motion_5,False
1511189574390,Temperature_1,24.02
1511189574393,Humidity_1,15.135748746570798
1511189574394,Brightness_1,75.0
1511189574395,Temperature_2,23.55
1511189574398,Humidity_2,15.875668030175758
1511189574401,Brightness_2,74.0
1511189579073,Sound_R,59.7031622827782
1511189581108,Temperature_1,24.02
1511189581111,Humidity_1,15.135748746570798
1511189581114,Brightness_1,75.0
1511189581117,Temperature_2,23.55
1511189581119,Humidity_2,15.875668030175758
1511189581123,Brightness_2,74.0
1511189581216,Sound_P,50.159038478285424
1511189581219,PodiumIR,84
1511189584150,Motion_5,True
1511189587758,Temperature_1,24.02
1511189587761,Humidity_1,15.135748746570798
1511189587765,Brightness_1,75.0
1511189587767,Temperature_2,23.55
1511189587770,Humidity_2,15.875668030175758
1511189587772,Brightness_2,74.0
1511189589073,Sound_R,59.527975126334155
1511189591222,Sound_P,56.45426312235056
1511189591225,PodiumIR,86
1511189594226,Temperature_1,24.02
1511189594231,Humidity_1,15.135748746570798
1511189594236,Brightness_1,75.0
1511189594238,Temperature_2,23.55
1511189594241,Humidity_2,15.875668030175758
1511189594243,Brightness_2,74.0
1511189597052,Motion_5,True
1511189599073,Sound_R,58.381211302597364
1511189600958,Temperature_1,24.02
1511189600961,Humidity_1,15.135748746570798
1511189600965,Brightness_1,72.0
1511189600967,Temperature_2,23.55
1511189600970,Humidity_2,15.875668030175758
1511189600972,Brightness_2,74.0
1511189601227,Sound_P,56.45426312235056
1511189601230,PodiumIR,100
1511189607404,Temperature_1,24.02
1511189607407,Humidity_1,15.135748746570798
1511189607411,Brightness_1,72.0
1511189607414,Temperature_2,23.55
1511189607416,Humidity_2,15.875668030175758
1511189607420,Brightness_2,74.0
1511189609073,Sound_R,57.415137363279904
1511189609958,Motion_5,True
1511189611233,Sound_P,65.24535518573873
1511189611236,PodiumIR,93
1511189613853,Temperature_1,24.02
1511189613857,Humidity_1,15.135748746570798
1511189613860,Brightness_1,72.0
1511189613863,Temperature_2,23.55
1511189613865,Humidity_2,15.875668030175758
1511189613868,Brightness_2,74.0
1511189619073,Sound_R,60.089488716914104
1511189620314,Temperature_1,24.02
1511189620317,Humidity_1,15.135748746570798
1511189620321,Brightness_1,72.0
1511189620323,Temperature_2,23.55
1511189620326,Humidity_2,15.875668030175758
1511189620329,Brightness_2,74.0
1511189621239,Sound_P,52.96571415471127
1511189621242,PodiumIR,83
1511189622850,Motion_5,True
1511189626718,Temperature_1,24.02
1511189626720,Humidity_1,15.135748746570798
1511189626722,Brightness_1,72.0
1511189626726,Temperature_2,23.55
1511189626728,Humidity_2,15.875668030175758
1511189626730,Brightness_2,73.0
1511189629073,Sound_R,60.51520547885654
1511189631244,Sound_P,65.24535518573873
1511189631248,PodiumIR,95
1511189633426,Temperature_1,24.02
1511189633429,Humidity_1,15.135748746570798
1511189633433,Brightness_1,72.0
1511189633435,Temperature_2,23.55
1511189633438,Humidity_2,15.875668030175758
1511189633441,Brightness_2,73.0
1511189635752,Motion_5,True
1511189639073,Sound_R,57.84520286161873
1511189640169,Temperature_1,24.02
1511189640172,Humidity_1,15.135748746570798
1511189640176,Brightness_1,72.0
1511189640178,Temperature_2,23.55
1511189640181,Humidity_2,15.875668030175758
1511189640184,Brightness_2,73.0
1511189641250,Sound_P,61.80460425887306
1511189641253,PodiumIR,91
1511189646570,Temperature_1,24.02
1511189646573,Humidity_1,15.135748746570798
1511189646577,Brightness_1,72.0
1511189646579,Temperature_2,23.55
1511189646582,Humidity_2,15.875668030175758
1511189646584,Brightness_2,73.0
1511189649073,Sound_R,59.5477059593461
1511189650105,Motion_5,True
1511189651256,Sound_P,63.95233273361063
1511189651259,PodiumIR,91
1511189652988,Temperature_1,24.02
1511189652991,Humidity_1,15.135748746570798
1511189652995,Brightness_1,72.0
1511189652997,Temperature_2,23.55
1511189653000,Humidity_2,15.875668030175758
1511189653003,Brightness_2,73.0
1511189659073,Sound_R,60.078196503117645
1511189659423,Temperature_1,24.02
1511189659426,Humidity_1,15.135748746570798
1511189659429,Brightness_1,72.0
1511189659432,Temperature_2,23.55
1511189659435,Humidity_2,15.875668030175758
1511189659438,Brightness_2,73.0
1511189661261,Sound_P,51.62091662308819
1511189661264,PodiumIR,96
1511189666186,Temperature_1,24.02
1511189666189,Humidity_1,15.135748746570798
1511189666193,Brightness_1,70.0
1511189666196,Temperature_2,23.55
1511189666198,Humidity_2,15.875668030175758
1511189666202,Brightness_2,73.0
1511189669073,Sound_R,59.79391091443099
1511189670881,Motion_5,False
1511189671267,Sound_P,57.472817393488484
1511189671270,PodiumIR,85
1511189672643,Temperature_1,24.02
1511189672646,Humidity_1,15.135748746570798
1511189672650,Brightness_1,70.0
1511189672652,Temperature_2,23.55
1511189672655,Humidity_2,15.875668030175758
1511189672658,Brightness_2,73.0
1511189679073,Sound_R,61.82914898308388
1511189679093,Temperature_1,24.02
1511189679096,Humidity_1,15.135748746570798
1511189679099,Brightness_1,70.0
1511189679102,Temperature_2,23.55
1511189679104,Humidity_2,15.875668030175758
1511189679107,Brightness_2,73.0
1511189681272,Sound_P,58.433135904413454
1511189681275,PodiumIR,73
1511189685748,Temperature_1,24.02
1511189685751,Humidity_1,15.135748746570798
1511189685754,Brightness_1,70.0
1511189685757,Temperature_2,23.55
1511189685759,Humidity_2,15.875668030175758
1511189685761,Brightness_2,73.0
1511189686839,Motion_5,False
1511189689073,Sound_R,62.699248057061475
1511189691278,Sound_P,50.159038478285424
1511189691281,PodiumIR,91
1511189692198,Temperature_1,24.02
1511189692201,Humidity_1,15.135748746570798
1511189692205,Brightness_1,70.0
1511189692208,Temperature_2,23.55
1511189692210,Humidity_2,15.875668030175758
1511189692213,Brightness_2,79.0
1511189698609,Temperature_1,24.02
1511189698613,Humidity_1,15.135748746570798
1511189698616,Brightness_1,70.0
1511189698619,Temperature_2,23.55
1511189698621,Humidity_2,15.875668030175758
1511189698624,Brightness_2,79.0
1511189699073,Sound_R,61.18984600296866
1511189699746,Motion_5,True
1511189701284,Sound_P,55.369951428718224
1511189701287,PodiumIR,94
1511189705309,Temperature_1,24.02
1511189705313,Humidity_1,15.135748746570798
1511189705316,Brightness_1,70.0
1511189705318,Temperature_2,23.55
1511189705321,Humidity_2,15.875668030175758
1511189705324,Brightness_2,79.0
1511189709073,Sound_R,57.390905500023116
1511189711289,Sound_P,52.96571415471127
1511189711292,PodiumIR,101
1511189711748,Temperature_1,24.02
1511189711751,Humidity_1,15.135748746570798
1511189711755,Brightness_1,70.0
1511189711758,Temperature_2,23.55
1511189711760,Humidity_2,15.875668030175758
1511189711764,Brightness_2,79.0
1511189715690,Motion_5,False
1511189718230,Temperature_1,24.02
1511189718235,Humidity_1,15.135748746570798
1511189718239,Brightness_1,70.0
1511189718242,Temperature_2,23.55
1511189718244,Humidity_2,15.875668030175758
1511189718248,Brightness_2,79.0
1511189719073,Sound_R,57.006960485256286
1511189721295,Sound_P,57.472817393488484
1511189721298,PodiumIR,75
1511189724651,Temperature_1,24.02
1511189724654,Humidity_1,15.135748746570798
1511189724658,Brightness_1,70.0
1511189724660,Temperature_2,23.55
1511189724662,Humidity_2,15.875668030175758
1511189724665,Brightness_2,79.0
1511189729073,Sound_R,57.33705091509646
1511189731301,Sound_P,51.62091662308819
1511189731304,PodiumIR,111
1511189731315,Temperature_1,24.02
1511189731318,Humidity_1,15.135748746570798
1511189731322,Brightness_1,72.0
1511189731325,Temperature_2,23.55
1511189731329,Humidity_2,15.875668030175758
1511189731333,Brightness_2,79.0
1511189731638,Motion_5,False
1511189738065,Temperature_1,24.02
1511189738068,Humidity_1,15.135748746570798
1511189738071,Brightness_1,72.0
1511189738074,Temperature_2,23.55
1511189738076,Humidity_2,15.875668030175758
1511189738079,Brightness_2,79.0
1511189739073,Sound_R,55.82793990947163
1511189741306,Sound_P,58.433135904413454
1511189741309,PodiumIR,107
1511189744467,Temperature_1,24.02
1511189744470,Humidity_1,15.135748746570798
1511189744473,Brightness_1,72.0
1511189744476,Temperature_2,23.55
1511189744478,Humidity_2,15.875668030175758
1511189744481,Brightness_2,79.0
1511189747582,Motion_5,False
1511189749073,Sound_R,57.56850381237609
1511189751173,Temperature_1,24.02
1511189751176,Humidity_1,15.135748746570798
1511189751180,Brightness_1,72.0
1511189751182,Temperature_2,23.55
1511189751185,Humidity_2,15.875668030175758
1511189751187,Brightness_2,79.0
1511189751312,Sound_P,51.62091662308819
1511189751315,PodiumIR,79
1511189757828,Temperature_1,24.02
1511189757832,Humidity_1,15.135748746570798
1511189757835,Brightness_1,72.0
1511189757838,Temperature_2,23.55
1511189757840,Humidity_2,15.875668030175758
1511189757844,Brightness_2,74.0
1511189759073,Sound_R,62.31937374126301
1511189761318,Sound_P,50.159038478285424
1511189761321,PodiumIR,89
1511189764248,Temperature_1,24.02
1511189764251,Humidity_1,15.135748746570798
1511189764255,Brightness_1,72.0
1511189764257,Temperature_2,23.55
1511189764260,Humidity_2,15.875668030175758
1511189764263,Brightness_2,74.0
1511189769073,Sound_R,63.908957794612604
1511189770737,Temperature_1,24.02
1511189770740,Humidity_1,15.135748746570798
1511189770743,Brightness_1,72.0
1511189770746,Temperature_2,23.55
1511189770749,Humidity_2,15.875668030175758
1511189770751,Brightness_2,74.0
1511189771323,Sound_P,58.433135904413454
1511189771326,PodiumIR,76
1511189777186,Temperature_1,24.02
1511189777189,Humidity_1,15.135748746570798
1511189777191,Brightness_1,72.0
1511189777193,Temperature_2,23.55
1511189777196,Humidity_2,15.875668030175758
1511189777199,Brightness_2,74.0
1511189779073,Sound_R,61.22973784297573
1511189781329,Sound_P,55.369951428718224
1511189781332,PodiumIR,101
1511189783587,Temperature_1,24.02
1511189783590,Humidity_1,15.135748746570798
1511189783593,Brightness_1,72.0
1511189783595,Temperature_2,23.55
1511189783598,Humidity_2,15.875668030175758
1511189783600,Brightness_2,74.0
1511189789073,Sound_R,59.35981391151879
1511189790053,Temperature_1,23.78
1511189790055,Humidity_1,15.135748746570798
1511189790059,Brightness_1,76.0
1511189790061,Temperature_2,23.55
1511189790063,Humidity_2,15.875668030175758
1511189790065,Brightness_2,74.0
1511189791334,Sound_P,55.369951428718224
1511189791337,PodiumIR,89
1511189796477,Temperature_1,23.78
1511189796480,Humidity_1,15.135748746570798
1511189796483,Brightness_1,76.0
1511189796485,Temperature_2,23.55
1511189796488,Humidity_2,15.875668030175758
1511189796491,Brightness_2,74.0
1511189799073,Sound_R,58.12363877531927
1511189801340,Sound_P,54.210802194865956
1511189801343,PodiumIR,94
1511189803144,Temperature_1,23.78
1511189803147,Humidity_1,15.135748746570798
1511189803150,Brightness_1,76.0
1511189803152,Temperature_2,23.55
1511189803154,Humidity_2,15.875668030175758
1511189803157,Brightness_2,74.0
1511189809073,Sound_R,59.37384604974344
1511189809546,Temperature_1,23.78
1511189809549,Humidity_1,15.135748746570798
1511189809552,Brightness_1,76.0
1511189809554,Temperature_2,23.55
1511189809556,Humidity_2,15.875668030175758
1511189809559,Brightness_2,74.0
1511189811345,Sound_P,56.45426312235056
1511189811348,PodiumIR,90
1511189816197,Temperature_1,23.78
1511189816200,Humidity_1,15.135748746570798
1511189816203,Brightness_1,76.0
1511189816205,Temperature_2,23.55
1511189816208,Humidity_2,15.875668030175758
1511189816211,Brightness_2,74.0
1511189819073,Sound_R,60.04615337925847
1511189821351,Sound_P,51.62091662308819
1511189821354,PodiumIR,100
1511189822869,Temperature_1,23.78
1511189822872,Humidity_1,15.135748746570798
1511189822874,Brightness_1,76.0
1511189822876,Temperature_2,23.55
1511189822878,Humidity_2,15.875668030175758
1511189822880,Brightness_2,73.0
1511189829073,Sound_R,58.744173279219474
1511189829632,Temperature_1,23.78
1511189829635,Humidity_1,15.135748746570798
1511189829638,Brightness_1,76.0
1511189829640,Temperature_2,23.55
1511189829642,Humidity_2,15.875668030175758
1511189829645,Brightness_2,73.0
1511189831356,Sound_P,51.62091662308819
1511189831359,PodiumIR,85
1511189836049,Temperature_1,23.78
1511189836051,Humidity_1,15.135748746570798
1511189836054,Brightness_1,76.0
1511189836057,Temperature_2,23.55
1511189836059,Humidity_2,15.875668030175758
1511189836062,Brightness_2,73.0
1511189839073,Sound_R,59.489417792843
1511189841362,Sound_P,58.433135904413454
1511189841365,PodiumIR,86
1511189842586,Temperature_1,23.78
1511189842589,Humidity_1,15.135748746570798
1511189842592,Brightness_1,76.0
1511189842594,Temperature_2,23.55
1511189842596,Humidity_2,15.875668030175758
1511189842599,Brightness_2,73.0
1511189849073,Sound_R,60.519016866199955
1511189849273,Temperature_1,23.78
1511189849276,Humidity_1,15.135748746570798
1511189849279,Brightness_1,76.0
1511189849281,Temperature_2,23.55
1511189849283,Humidity_2,15.875668030175758
1511189849285,Brightness_2,73.0
1511189851368,Sound_P,56.45426312235056
1511189851371,PodiumIR,85
1511189852623,Motion_5,False
1511189852623,Motion_2,False
1511189855929,Temperature_1,24.02
1511189855932,Humidity_1,15.135748746570798
1511189855935,Brightness_1,70.0
1511189855938,Temperature_2,23.55
1511189855940,Humidity_2,15.875668030175758
1511189855943,Brightness_2,73.0
1511189859073,Sound_R,61.07862765934046
1511189861373,Sound_P,59.341519288975356
1511189861377,PodiumIR,83
1511189862372,Temperature_1,24.02
1511189862375,Humidity_1,15.135748746570798
1511189862378,Brightness_1,70.0
1511189862381,Temperature_2,23.55
1511189862384,Humidity_2,15.875668030175758
1511189862386,Brightness_2,73.0
1511189868581,Motion_5,False
1511189868832,Temperature_1,24.02
1511189868835,Humidity_1,15.135748746570798
1511189868838,Brightness_1,70.0
1511189868841,Temperature_2,23.55
1511189868843,Humidity_2,15.875668030175758
1511189868845,Brightness_2,73.0
1511189869073,Sound_R,59.1980598844251
1511189871379,Sound_P,50.159038478285424
1511189871382,PodiumIR,113
1511189875488,Temperature_1,24.02
1511189875491,Humidity_1,15.135748746570798
1511189875494,Brightness_1,70.0
1511189875497,Temperature_2,23.55
1511189875499,Humidity_2,15.875668030175758
1511189875501,Brightness_2,73.0
1511189879073,Sound_R,56.13852617345577
1511189881385,Sound_P,51.62091662308819
1511189881388,PodiumIR,116
1511189882224,Temperature_1,24.02
1511189882227,Humidity_1,15.135748746570798
1511189882231,Brightness_1,70.0
1511189882233,Temperature_2,23.43
1511189882235,Humidity_2,15.875668030175758
1511189882238,Brightness_2,79.0
1511189884535,Motion_5,False
1511189888705,Temperature_1,24.02
1511189888708,Humidity_1,15.135748746570798
1511189888711,Brightness_1,70.0
1511189888713,Temperature_2,23.43
1511189888715,Humidity_2,15.875668030175758
1511189888718,Brightness_2,79.0
1511189889073,Sound_R,57.214699148835955
1511189891390,Sound_P,52.96571415471127
1511189891393,PodiumIR,107
1511189895354,Temperature_1,24.02
1511189895357,Humidity_1,15.135748746570798
1511189895361,Brightness_1,70.0
1511189895363,Temperature_2,23.43
1511189895365,Humidity_2,15.875668030175758
1511189895367,Brightness_2,79.0
1511189899073,Sound_R,59.810860489041836
1511189901396,Sound_P,54.210802194865956
1511189901399,PodiumIR,118
1511189902112,Temperature_1,24.02
1511189902115,Humidity_1,15.135748746570798
1511189902118,Brightness_1,70.0
1511189902121,Temperature_2,23.43
1511189902123,Humidity_2,15.875668030175758
1511189902125,Brightness_2,79.0
1511189906166,Motion_5,False
1511189908523,Temperature_1,24.02
1511189908526,Humidity_1,15.135748746570798
1511189908529,Brightness_1,70.0
1511189908531,Temperature_2,23.43
1511189908533,Humidity_2,15.875668030175758
1511189908535,Brightness_2,79.0
1511189909073,Sound_R,61.511107576284296
1511189911402,Sound_P,56.45426312235056
1511189911405,PodiumIR,84
1511189915228,Temperature_1,24.02
1511189915230,Humidity_1,15.135748746570798
1511189915233,Brightness_1,70.0
1511189915235,Temperature_2,23.43
1511189915238,Humidity_2,15.875668030175758
1511189915240,Brightness_2,79.0
1511189919073,Sound_R,56.70492127383489
1511189921407,Sound_P,51.62091662308819
1511189921410,PodiumIR,61
1511189921911,Temperature_1,23.9
1511189921914,Humidity_1,15.135748746570798
1511189921918,Brightness_1,70.0
1511189921920,Temperature_2,23.43
1511189921922,Humidity_2,15.875668030175758
1511189921924,Brightness_2,79.0
1511189928316,Temperature_1,23.9
1511189928319,Humidity_1,15.135748746570798
1511189928322,Brightness_1,70.0
1511189928325,Temperature_2,23.43
1511189928328,Humidity_2,15.875668030175758
1511189928330,Brightness_2,79.0
1511189929073,Sound_R,53.35149158145902
1511189931413,Sound_P,54.210802194865956
1511189931416,PodiumIR,68
1511189933801,Motion_5,False
1511189933801,Motion_6,True
1511189933801,Motion_8,True
1511189933806,Motion_4,True
1511189935002,Temperature_1,23.9
1511189935005,Humidity_1,15.135748746570798
1511189935008,Brightness_1,70.0
1511189935010,Temperature_2,23.43
1511189935012,Humidity_2,15.875668030175758
1511189935014,Brightness_2,79.0
1511189935132,Motion_7,True
1511189939073,Sound_R,55.80875847994519
1511189941423,Sound_P,50.159038478285424
1511189941426,PodiumIR,86
1511189941445,Temperature_1,23.9
1511189941448,Humidity_1,15.135748746570798
1511189941451,Brightness_1,70.0
1511189941454,Temperature_2,23.43
1511189941457,Humidity_2,15.875668030175758
1511189941459,Brightness_2,79.0
1511189946718,Motion_5,True
1511189946718,Motion_6,False
1511189946718,Motion_8,False
1511189946718,Motion_4,False
1511189947896,Temperature_1,23.9
1511189947899,Humidity_1,15.135748746570798
1511189947902,Brightness_1,70.0
1511189947904,Temperature_2,23.43
1511189947906,Humidity_2,15.875668030175758
1511189947908,Brightness_2,79.0
1511189949073,Sound_R,56.50059911880181
1511189951434,Sound_P,51.62091662308819
1511189951437,PodiumIR,84
1511189954301,Temperature_1,23.9
1511189954303,Humidity_1,15.135748746570798
1511189954306,Brightness_1,70.0
1511189954309,Temperature_2,23.43
1511189954311,Humidity_2,15.875668030175758
1511189954313,Brightness_2,79.0
1511189959073,Sound_R,58.11115026389842
1511189960994,Temperature_1,23.9
1511189960997,Humidity_1,15.135748746570798
1511189961000,Brightness_1,70.0
1511189961002,Temperature_2,23.43
1511189961004,Humidity_2,15.875668030175758
1511189961007,Brightness_2,79.0
1511189961445,Sound_P,57.472817393488484
1511189961448,PodiumIR,89
1511189962662,Motion_7,False
1511189962662,Motion_5,False
1511189967451,Temperature_1,23.9
1511189967454,Humidity_1,15.135748746570798
1511189967457,Brightness_1,70.0
1511189967460,Temperature_2,23.43
1511189967461,Humidity_2,15.875668030175758
1511189967463,Brightness_2,79.0
1511189969073,Sound_R,57.78998098933372
1511189971454,Sound_P,65.24535518573873
1511189971458,PodiumIR,93
1511189974108,Temperature_1,23.9
1511189974110,Humidity_1,15.135748746570798
1511189974113,Brightness_1,70.0
1511189974116,Temperature_2,23.43
1511189974118,Humidity_2,15.875668030175758
1511189974121,Brightness_2,79.0
1511189979073,Sound_R,57.78849323730994
1511189980538,Temperature_1,23.9
1511189980540,Humidity_1,15.135748746570798
1511189980543,Brightness_1,70.0
1511189980545,Temperature_2,23.43
1511189980546,Humidity_2,15.875668030175758
1511189980549,Brightness_2,79.0
1511189981465,Sound_P,55.369951428718224
1511189981469,PodiumIR,89
1511189987111,Temperature_1,23.9
1511189987113,Humidity_1,15.135748746570798
1511189987117,Brightness_1,70.0
1511189987119,Temperature_2,23.43
1511189987121,Humidity_2,15.875668030175758
1511189987123,Brightness_2,79.0
1511189989073,Sound_R,57.28491603916442
1511189991475,Sound_P,52.96571415471127
1511189991478,PodiumIR,111
1511189993557,Temperature_1,23.9
1511189993560,Humidity_1,15.135748746570798
1511189993563,Brightness_1,70.0
1511189993565,Temperature_2,23.43
1511189993567,Humidity_2,15.875668030175758
1511189993569,Brightness_2,79.0
1511189994133,Motion_5,False
1511189999073,Sound_R,58.17850030399959
1511190000009,Temperature_1,23.9
1511190000012,Humidity_1,15.135748746570798
1511190000015,Brightness_1,70.0
1511190000018,Temperature_2,23.43
1511190000020,Humidity_2,15.875668030175758
1511190000023,Brightness_2,79.0
1511190001488,Sound_P,58.433135904413454
1511190001492,PodiumIR,126
1511190006428,Temperature_1,23.9
1511190006431,Humidity_1,15.135748746570798
1511190006434,Brightness_1,70.0
1511190006436,Temperature_2,23.43
1511190006439,Humidity_2,15.875668030175758
1511190006441,Brightness_2,79.0
1511190007050,Motion_5,True
1511190009073,Sound_R,59.81385349787279
1511190011497,Sound_P,54.210802194865956
1511190011504,PodiumIR,90
1511190012830,Temperature_1,23.9
1511190012833,Humidity_1,15.135748746570798
1511190012837,Brightness_1,70.0
1511190012839,Temperature_2,23.43
1511190012841,Humidity_2,15.875668030175758
1511190012844,Brightness_2,74.0
1511190019073,Sound_R,57.42963524356716
1511190019589,Temperature_1,23.9
1511190019592,Humidity_1,15.135748746570798
1511190019595,Brightness_1,70.0
1511190019598,Temperature_2,23.43
1511190019601,Humidity_2,15.875668030175758
1511190019604,Brightness_2,74.0
1511190019957,Motion_5,True
1511190021510,Sound_P,61.023021476191225
1511190021513,PodiumIR,59
1511190026230,Temperature_1,23.9
1511190026233,Humidity_1,15.135748746570798
1511190026237,Brightness_1,70.0
1511190026239,Temperature_2,23.43
1511190026242,Humidity_2,15.875668030175758
1511190026244,Brightness_2,74.0
1511190029073,Sound_R,59.58854682267585
1511190031520,Sound_P,56.45426312235056
1511190031528,PodiumIR,84
1511190032674,Temperature_1,23.9
1511190032678,Humidity_1,15.135748746570798
1511190032681,Brightness_1,70.0
1511190032684,Temperature_2,23.43
1511190032686,Humidity_2,15.875668030175758
1511190032689,Brightness_2,74.0
1511190039073,Sound_R,61.46029263811861
1511190039322,Motion_5,False
1511190039355,Temperature_1,23.9
1511190039358,Humidity_1,15.135748746570798
1511190039362,Brightness_1,70.0
1511190039364,Temperature_2,23.43
1511190039367,Humidity_2,15.875668030175758
1511190039369,Brightness_2,74.0
1511190041535,Sound_P,60.20329792798059
1511190041538,PodiumIR,91
1511190045885,Temperature_1,23.9
1511190045888,Humidity_1,15.135748746570798
1511190045891,Brightness_1,70.0
1511190045894,Temperature_2,23.43
1511190045896,Humidity_2,15.875668030175758
1511190045900,Brightness_2,74.0
1511190049073,Sound_R,60.228061133903815
1511190051545,Sound_P,57.472817393488484
1511190051549,PodiumIR,85
1511190052294,Temperature_1,23.9
1511190052298,Humidity_1,15.135748746570798
1511190052301,Brightness_1,70.0
1511190052303,Temperature_2,23.43
1511190052305,Humidity_2,15.875668030175758
1511190052308,Brightness_2,74.0
1511190055296,Motion_5,False
1511190058998,Temperature_1,23.9
1511190059001,Humidity_1,15.135748746570798
1511190059004,Brightness_1,70.0
1511190059007,Temperature_2,23.43
1511190059009,Humidity_2,15.875668030175758
1511190059012,Brightness_2,74.0
1511190059073,Sound_R,60.89529454387998
1511190060959,Motion_7,True
1511190060959,Motion_8,True
1511190061553,Sound_P,50.159038478285424
1511190061557,PodiumIR,92
1511190065450,Temperature_1,23.9
1511190065453,Humidity_1,15.135748746570798
1511190065457,Brightness_1,70.0
1511190065459,Temperature_2,23.43
1511190065462,Humidity_2,15.875668030175758
1511190065464,Brightness_2,74.0
1511190068188,Motion_5,True
1511190069073,Sound_R,59.46899105238058
1511190071562,Sound_P,54.210802194865956
1511190071565,PodiumIR,85
1511190072000,Temperature_1,23.9
1511190072003,Humidity_1,15.135748746570798
1511190072006,Brightness_1,70.0
1511190072009,Temperature_2,23.43
1511190072011,Humidity_2,15.875668030175758
1511190072014,Brightness_2,73.0
1511190078415,Temperature_1,23.9
1511190078418,Humidity_1,15.135748746570798
1511190078422,Brightness_1,70.0
1511190078424,Temperature_2,23.43
1511190078427,Humidity_2,15.875668030175758
1511190078429,Brightness_2,73.0
1511190079072,Sound_R,56.784179646149646
1511190081100,Motion_7,False
1511190081100,Motion_8,False
1511190081100,Motion_5,True
1511190081572,Sound_P,52.96571415471127
1511190081575,PodiumIR,90
1511190088177,Temperature_1,23.9
1511190088180,Humidity_1,15.135748746570798
1511190088183,Brightness_1,70.0
1511190088186,Temperature_2,23.43
1511190088188,Humidity_2,15.875668030175758
1511190088192,Brightness_2,73.0
1511190089073,Sound_R,57.55301667453758
1511190091579,Sound_P,52.96571415471127
1511190091582,PodiumIR,74
1511190094633,Temperature_1,23.9
1511190094636,Humidity_1,15.135748746570798
1511190094640,Brightness_1,70.0
1511190094642,Temperature_2,23.43
1511190094645,Humidity_2,15.875668030175758
1511190094647,Brightness_2,73.0
1511190099073,Sound_R,57.63940706779258
1511190101089,Temperature_1,23.9
1511190101092,Humidity_1,15.135748746570798
1511190101096,Brightness_1,70.0
1511190101099,Temperature_2,23.43
1511190101101,Humidity_2,15.875668030175758
1511190101103,Brightness_2,73.0
1511190101587,Sound_P,56.45426312235056
1511190101590,PodiumIR,92
1511190101611,Motion_5,False
1511190107498,Temperature_1,23.9
1511190107501,Humidity_1,15.135748746570798
1511190107505,Brightness_1,75.0
1511190107508,Temperature_2,23.43
1511190107511,Humidity_2,15.875668030175758
1511190107519,Brightness_2,73.0
1511190109073,Sound_R,58.0478835863328
1511190111595,Sound_P,55.369951428718224
1511190111599,PodiumIR,89
1511190114198,Temperature_1,23.9
1511190114201,Humidity_1,15.135748746570798
1511190114204,Brightness_1,75.0
1511190114207,Temperature_2,23.43
1511190114209,Humidity_2,15.875668030175758
1511190114213,Brightness_2,73.0
1511190117549,Motion_5,False
1511190117554,Motion_5,True
1511190119073,Sound_R,59.76974567698473
1511190120663,Temperature_1,23.9
1511190120666,Humidity_1,15.135748746570798
1511190120668,Brightness_1,75.0
1511190120670,Temperature_2,23.43
1511190120672,Humidity_2,15.875668030175758
1511190120674,Brightness_2,73.0
1511190121604,Sound_P,55.369951428718224
1511190121607,PodiumIR,91
1511190126729,Motion_7,True
1511190127096,Temperature_1,23.9
1511190127099,Humidity_1,15.135748746570798
1511190127102,Brightness_1,75.0
1511190127104,Temperature_2,23.43
1511190127106,Humidity_2,15.875668030175758
1511190127108,Brightness_2,73.0
1511190129073,Sound_R,60.3440876704137
1511190131611,Sound_P,52.96571415471127
1511190131614,PodiumIR,88
1511190133508,Motion_5,False
1511190133565,Temperature_1,23.9
1511190133568,Humidity_1,15.135748746570798
1511190133571,Brightness_1,75.0
1511190133573,Temperature_2,23.43
1511190133575,Humidity_2,15.875668030175758
1511190133577,Brightness_2,73.0
1511190139073,Sound_R,59.81571547460327
1511190140223,Temperature_1,23.9
1511190140225,Humidity_1,15.135748746570798
1511190140228,Brightness_1,75.0
1511190140231,Temperature_2,23.43
1511190140233,Humidity_2,15.875668030175758
1511190140236,Brightness_2,73.0
1511190141620,Sound_P,59.341519288975356
1511190141623,PodiumIR,112
1511190146651,Temperature_1,23.9
1511190146653,Humidity_1,15.135748746570798
1511190146656,Brightness_1,75.0
1511190146658,Temperature_2,23.43
1511190146660,Humidity_2,15.875668030175758
1511190146662,Brightness_2,73.0
1511190149073,Sound_R,58.2360194255582
1511190151628,Sound_P,58.433135904413454
1511190151631,PodiumIR,83
1511190152608,Motion_7,False
1511190152608,Motion_5,False
1511190153216,Temperature_1,23.9
1511190153219,Humidity_1,15.135748746570798
1511190153222,Brightness_1,75.0
1511190153224,Temperature_2,23.43
1511190153227,Humidity_2,15.875668030175758
1511190153229,Brightness_2,73.0
1511190159073,Sound_R,58.7962782989809
1511190159864,Temperature_1,23.9
1511190159867,Humidity_1,15.135748746570798
1511190159870,Brightness_1,75.0
1511190159872,Temperature_2,23.43
1511190159875,Humidity_2,15.875668030175758
1511190159877,Brightness_2,73.0
1511190161636,Sound_P,52.96571415471127
1511190161639,PodiumIR,121
1511190166300,Temperature_1,23.9
1511190166303,Humidity_1,15.135748746570798
1511190166306,Brightness_1,75.0
1511190166309,Temperature_2,23.43
1511190166311,Humidity_2,15.875668030175758
1511190166313,Brightness_2,73.0
1511190169073,Sound_R,59.77047801001891
1511190171646,Sound_P,54.210802194865956
1511190171652,PodiumIR,88
1511190172688,Temperature_1,23.9
1511190172690,Humidity_1,15.135748746570798
1511190172693,Brightness_1,75.0
1511190172696,Temperature_2,23.43
1511190172698,Humidity_2,15.875668030175758
1511190172701,Brightness_2,73.0
1511190174865,Motion_5,False
1511190174865,Motion_7,True
1511190179073,Sound_R,59.56702192761787
1511190179418,Temperature_1,23.9
1511190179421,Humidity_1,15.135748746570798
1511190179424,Brightness_1,75.0
1511190179426,Temperature_2,23.43
1511190179428,Humidity_2,15.875668030175758
1511190179431,Brightness_2,73.0
1511190181654,Sound_P,54.210802194865956
1511190181664,PodiumIR,78
1511190185894,Temperature_1,23.9
1511190185897,Humidity_1,15.135748746570798
1511190185900,Brightness_1,75.0
1511190185903,Temperature_2,23.43
1511190185905,Humidity_2,15.875668030175758
1511190185907,Brightness_2,73.0
1511190189073,Sound_R,59.22057653787437
1511190190823,Motion_5,False
1511190190823,Motion_7,False
1511190191667,Sound_P,52.96571415471127
1511190191670,PodiumIR,78
1511190192298,Temperature_1,23.9
1511190192301,Humidity_1,15.135748746570798
1511190192304,Brightness_1,75.0
1511190192306,Temperature_2,23.43
1511190192308,Humidity_2,15.875668030175758
1511190192311,Brightness_2,73.0
1511190198999,Temperature_1,23.9
1511190199004,Humidity_1,15.135748746570798
1511190199007,Brightness_1,75.0
1511190199009,Temperature_2,23.43
1511190199011,Humidity_2,15.875668030175758
1511190199018,Brightness_2,75.0
1511190199073,Sound_R,60.56959673929828
1511190201681,Sound_P,52.96571415471127
1511190201684,PodiumIR,88
1511190205417,Temperature_1,23.9
1511190205420,Humidity_1,15.135748746570798
1511190205423,Brightness_1,75.0
1511190205427,Temperature_2,23.43
1511190205430,Humidity_2,15.875668030175758
1511190205432,Brightness_2,75.0
1511190209073,Sound_R,61.209036678830245
1511190211690,Sound_P,59.341519288975356
1511190211693,PodiumIR,88
1511190211822,Temperature_1,23.9
1511190211826,Humidity_1,15.135748746570798
1511190211829,Brightness_1,75.0
1511190211832,Temperature_2,23.43
1511190211834,Humidity_2,15.875668030175758
1511190211837,Brightness_2,75.0
1511190218242,Temperature_1,23.9
1511190218245,Humidity_1,15.135748746570798
1511190218259,Brightness_1,75.0
1511190218262,Temperature_2,23.43
1511190218265,Humidity_2,15.875668030175758
1511190218269,Brightness_2,75.0
1511190219073,Sound_R,60.13866233866769
1511190221034,Motion_5,False
1511190221700,Sound_P,51.62091662308819
1511190221704,PodiumIR,86
1511190224704,Temperature_1,23.9
1511190224708,Humidity_1,15.135748746570798
1511190224711,Brightness_1,75.0
1511190224714,Temperature_2,23.43
1511190224717,Humidity_2,15.875668030175758
1511190224720,Brightness_2,75.0
1511190229073,Sound_R,58.466937513354715
1511190231231,Temperature_1,23.9
1511190231234,Humidity_1,15.135748746570798
1511190231238,Brightness_1,75.0
1511190231240,Temperature_2,23.43
1511190231243,Humidity_2,15.875668030175758
1511190231245,Brightness_2,75.0
1511190231712,Sound_P,54.210802194865956
1511190231715,PodiumIR,91
1511190237682,Temperature_1,23.9
1511190237686,Humidity_1,15.135748746570798
1511190237699,Brightness_1,69.0
1511190237702,Temperature_2,23.43
1511190237705,Humidity_2,15.875668030175758
1511190237708,Brightness_2,75.0
1511190239073,Sound_R,55.770828825277114
1511190241722,Sound_P,52.96571415471127
1511190241725,PodiumIR,93
1511190244242,Temperature_1,23.9
1511190244246,Humidity_1,15.135748746570798
1511190244249,Brightness_1,69.0
1511190244252,Temperature_2,23.43
1511190244255,Humidity_2,15.875668030175758
1511190244259,Brightness_2,75.0
1511190249073,Sound_R,56.48066657030156
1511190250752,Temperature_1,23.9
1511190250755,Humidity_1,15.135748746570798
1511190250759,Brightness_1,69.0
1511190250761,Temperature_2,23.43
1511190250764,Humidity_2,15.875668030175758
1511190250767,Brightness_2,75.0
1511190251728,Sound_P,57.472817393488484
1511190251731,PodiumIR,119
1511190257454,Temperature_1,23.9
1511190257458,Humidity_1,15.135748746570798
1511190257461,Brightness_1,69.0
1511190257463,Temperature_2,23.43
1511190257466,Humidity_2,15.875668030175758
1511190257470,Brightness_2,75.0
1511190258304,Motion_5,False
1511190259073,Sound_R,58.023274384422486
1511190261737,Sound_P,51.62091662308819
1511190261740,PodiumIR,103
1511190263897,Temperature_1,23.9
1511190263901,Humidity_1,15.135748746570798
1511190263904,Brightness_1,69.0
1511190263907,Temperature_2,23.43
1511190263909,Humidity_2,15.998987910776574
1511190263912,Brightness_2,79.0
1511190269073,Sound_R,57.16403599089549
1511190270332,Temperature_1,23.9
1511190270335,Humidity_1,15.135748746570798
1511190270338,Brightness_1,69.0
1511190270340,Temperature_2,23.43
1511190270342,Humidity_2,15.998987910776574
1511190270345,Brightness_2,79.0
1511190271742,Sound_P,55.369951428718224
1511190271745,PodiumIR,68
1511190276750,Temperature_1,23.9
1511190276753,Humidity_1,15.135748746570798
1511190276756,Brightness_1,69.0
1511190276759,Temperature_2,23.43
1511190276761,Humidity_2,15.998987910776574
1511190276763,Brightness_2,79.0
1511190279073,Sound_R,56.49557248389275
1511190281748,Sound_P,50.159038478285424
1511190281759,PodiumIR,85
1511190283461,Temperature_1,23.9
1511190283464,Humidity_1,15.135748746570798
1511190283467,Brightness_1,69.0
1511190283470,Temperature_2,23.43
1511190283472,Humidity_2,15.998987910776574
1511190283474,Brightness_2,79.0
1511190289073,Sound_R,58.21823142921792
1511190289426,Motion_5,False
1511190289914,Temperature_1,23.9
1511190289917,Humidity_1,15.135748746570798
1511190289920,Brightness_1,69.0
1511190289922,Temperature_2,23.43
1511190289925,Humidity_2,15.998987910776574
1511190289927,Brightness_2,79.0
1511190291765,Sound_P,52.96571415471127
1511190291768,PodiumIR,83
1511190296349,Temperature_1,23.9
1511190296352,Humidity_1,15.135748746570798
1511190296355,Brightness_1,69.0
1511190296358,Temperature_2,23.43
1511190296361,Humidity_2,15.998987910776574
1511190296363,Brightness_2,79.0
1511190299073,Sound_R,57.68688037555839
1511190301773,Sound_P,52.96571415471127
1511190301782,PodiumIR,97
1511190302768,Temperature_1,23.78
1511190302771,Humidity_1,15.259068627171624
1511190302774,Brightness_1,73.0
1511190302777,Temperature_2,23.43
1511190302779,Humidity_2,15.998987910776574
1511190302781,Brightness_2,79.0
1511190308731,Motion_5,False
1511190308736,Motion_5,True
1511190309073,Sound_R,55.409090571341835
1511190309364,Temperature_1,23.78
1511190309367,Humidity_1,15.259068627171624
1511190309370,Brightness_1,73.0
1511190309374,Temperature_2,23.43
1511190309377,Humidity_2,15.998987910776574
1511190309380,Brightness_2,79.0
1511190311789,Sound_P,51.62091662308819
1511190311792,PodiumIR,101
1511190316020,Temperature_1,23.78
1511190316022,Humidity_1,15.259068627171624
1511190316026,Brightness_1,73.0
1511190316028,Temperature_2,23.43
1511190316030,Humidity_2,15.998987910776574
1511190316032,Brightness_2,79.0
1511190319073,Sound_R,55.40060431432436
1511190321794,Sound_P,58.433135904413454
1511190321798,PodiumIR,107
1511190322448,Temperature_1,23.78
1511190322450,Humidity_1,15.259068627171624
1511190322454,Brightness_1,73.0
1511190322456,Temperature_2,23.43
1511190322458,Humidity_2,15.998987910776574
1511190322460,Brightness_2,79.0
1511190324685,Motion_5,False
1511190329073,Sound_R,56.58746867202271
1511190329127,Temperature_1,23.78
1511190329130,Humidity_1,15.259068627171624
1511190329133,Brightness_1,73.0
1511190329135,Temperature_2,23.43
1511190329138,Humidity_2,15.875668030175758
1511190329140,Brightness_2,73.0
1511190331800,Sound_P,54.210802194865956
1511190331803,PodiumIR,97
1511190335579,Temperature_1,23.78
1511190335582,Humidity_1,15.259068627171624
1511190335585,Brightness_1,73.0
1511190335588,Temperature_2,23.43
1511190335590,Humidity_2,15.875668030175758
1511190335593,Brightness_2,73.0
1511190339073,Sound_R,58.319085657413446
1511190340648,Motion_5,False
1511190341806,Sound_P,54.210802194865956
1511190341809,PodiumIR,72
1511190341988,Temperature_1,23.78
1511190341991,Humidity_1,15.259068627171624
1511190341994,Brightness_1,73.0
1511190341997,Temperature_2,23.43
1511190341999,Humidity_2,15.875668030175758
1511190342001,Brightness_2,73.0
1511190348407,Temperature_1,23.78
1511190348410,Humidity_1,15.259068627171624
1511190348413,Brightness_1,73.0
1511190348416,Temperature_2,23.43
1511190348418,Humidity_2,15.875668030175758
1511190348422,Brightness_2,73.0
1511190349073,Sound_R,58.06763869272226
1511190351811,Sound_P,55.369951428718224
1511190351814,PodiumIR,77
1511190353575,Motion_5,True
1511190355035,Temperature_1,23.78
1511190355038,Humidity_1,15.259068627171624
1511190355041,Brightness_1,73.0
1511190355044,Temperature_2,23.43
1511190355046,Humidity_2,15.875668030175758
1511190355049,Brightness_2,73.0
1511190359073,Sound_R,56.520257869381105
1511190361708,Temperature_1,23.9
1511190361711,Humidity_1,15.135748746570798
1511190361714,Brightness_1,70.0
1511190361717,Temperature_2,23.43
1511190361719,Humidity_2,15.875668030175758
1511190361721,Brightness_2,73.0
1511190361816,Sound_P,55.369951428718224
1511190361819,PodiumIR,90
1511190368233,Temperature_1,23.9
1511190368236,Humidity_1,15.135748746570798
1511190368240,Brightness_1,70.0
1511190368242,Temperature_2,23.43
1511190368245,Humidity_2,15.875668030175758
1511190368248,Brightness_2,73.0
1511190369073,Sound_R,56.55218138836085
1511190369534,Motion_5,False
1511190369539,Motion_5,True
1511190371828,Sound_P,54.210802194865956
1511190371832,PodiumIR,83
1511190374909,Temperature_1,23.9
1511190374912,Humidity_1,15.135748746570798
1511190374915,Brightness_1,70.0
1511190374918,Temperature_2,23.43
1511190374920,Humidity_2,15.875668030175758
1511190374923,Brightness_2,73.0
1511190379073,Sound_R,58.70983735283096
1511190381780,Temperature_1,23.9
1511190381783,Humidity_1,15.135748746570798
1511190381787,Brightness_1,70.0
1511190381789,Temperature_2,23.43
1511190381792,Humidity_2,15.875668030175758
1511190381795,Brightness_2,73.0
1511190381836,Sound_P,61.023021476191225
1511190381839,PodiumIR,93
1511190389073,Sound_R,59.818570425584646
1511190390035,Motion_5,False
1511190391843,Sound_P,55.369951428718224
1511190391847,PodiumIR,139
1511190391864,Temperature_1,23.9
1511190391867,Humidity_1,15.135748746570798
1511190391870,Brightness_1,70.0
1511190391873,Temperature_2,23.43
1511190391876,Humidity_2,15.998987910776574
1511190391879,Brightness_2,79.0
1511190398288,Temperature_1,23.9
1511190398291,Humidity_1,15.135748746570798
1511190398294,Brightness_1,70.0
1511190398297,Temperature_2,23.43
1511190398300,Humidity_2,15.998987910776574
1511190398302,Brightness_2,79.0
1511190399073,Sound_R,56.72160972779776
1511190401853,Sound_P,55.369951428718224
1511190401856,PodiumIR,103
1511190404709,Temperature_1,23.9
1511190404712,Humidity_1,15.135748746570798
1511190404716,Brightness_1,70.0
1511190404718,Temperature_2,23.43
1511190404721,Humidity_2,15.998987910776574
1511190404724,Brightness_2,79.0
1511190409073,Sound_R,54.404678872529
1511190410686,Motion_5,False
1511190411161,Temperature_1,23.9
1511190411164,Humidity_1,15.135748746570798
1511190411168,Brightness_1,70.0
1511190411171,Temperature_2,23.43
1511190411173,Humidity_2,15.998987910776574
1511190411176,Brightness_2,79.0
1511190411860,Sound_P,65.8563679754536
1511190411863,PodiumIR,90
1511190417602,Temperature_1,23.9
1511190417605,Humidity_1,15.135748746570798
1511190417609,Brightness_1,70.0
1511190417612,Temperature_2,23.43
1511190417615,Humidity_2,15.998987910776574
1511190417619,Brightness_2,79.0
1511190419073,Sound_R,58.08504075789019
1511190421867,Sound_P,59.341519288975356
1511190421880,PodiumIR,74
1511190424221,Temperature_1,23.9
1511190424225,Humidity_1,15.135748746570798
1511190424229,Brightness_1,70.0
1511190424231,Temperature_2,23.43
1511190424234,Humidity_2,15.998987910776574
1511190424238,Brightness_2,79.0
1511190429073,Sound_R,60.63630791160954
1511190430958,Temperature_1,23.9
1511190430961,Humidity_1,15.135748746570798
1511190430965,Brightness_1,70.0
1511190430967,Temperature_2,23.43
1511190430970,Humidity_2,15.998987910776574
1511190430973,Brightness_2,79.0
1511190431884,Sound_P,56.45426312235056
1511190431888,PodiumIR,92
1511190437468,Temperature_1,23.9
1511190437471,Humidity_1,15.135748746570798
1511190437475,Brightness_1,70.0
1511190437478,Temperature_2,23.43
1511190437481,Humidity_2,15.998987910776574
1511190437484,Brightness_2,79.0
1511190439073,Sound_R,61.44905561666463
1511190441890,Sound_P,54.210802194865956
1511190441893,PodiumIR,108
1511190443877,Temperature_1,23.9
1511190443880,Humidity_1,15.135748746570798
1511190443883,Brightness_1,70.0
1511190443886,Temperature_2,23.43
1511190443889,Humidity_2,15.998987910776574
1511190443891,Brightness_2,79.0
1511190446730,Motion_5,False
1511190449073,Sound_R,62.06189824478597
1511190450306,Temperature_1,23.9
1511190450310,Humidity_1,15.135748746570798
1511190450313,Brightness_1,70.0
1511190450316,Temperature_2,23.43
1511190450319,Humidity_2,15.998987910776574
1511190450323,Brightness_2,79.0
1511190451896,Sound_P,56.45426312235056
1511190451899,PodiumIR,56
1511190457041,Temperature_1,23.9
1511190457044,Humidity_1,15.135748746570798
1511190457048,Brightness_1,70.0
1511190457051,Temperature_2,23.43
1511190457053,Humidity_2,15.875668030175758
1511190457057,Brightness_2,74.0
1511190459073,Sound_R,59.33194599822377
1511190461902,Sound_P,56.45426312235056
1511190461905,PodiumIR,92
1511190469073,Sound_R,58.01317609795376
1511190471910,Sound_P,51.62091662308819
1511190471913,PodiumIR,74
1511190478497,Temperature_1,23.9
1511190478501,Humidity_1,15.135748746570798
1511190478504,Brightness_1,70.0
1511190478507,Temperature_2,23.43
1511190478510,Humidity_2,15.875668030175758
1511190478514,Brightness_2,74.0
1511190479073,Sound_R,57.83982927530233
1511190480868,Motion_5,False
1511190481920,Sound_P,52.96571415471127
1511190481923,PodiumIR,93
1511190484986,Temperature_1,23.9
1511190484989,Humidity_1,15.135748746570798
1511190484993,Brightness_1,70.0
1511190484995,Temperature_2,23.43
1511190484999,Humidity_2,15.875668030175758
1511190485002,Brightness_2,74.0
1511190489073,Sound_R,55.46514022168139
1511190491652,Temperature_1,23.9
1511190491655,Humidity_1,15.135748746570798
1511190491659,Brightness_1,70.0
1511190491662,Temperature_2,23.43
1511190491664,Humidity_2,15.875668030175758
1511190491667,Brightness_2,74.0
1511190491926,Sound_P,56.45426312235056
1511190491929,PodiumIR,94
1511190498091,Temperature_1,23.9
1511190498096,Humidity_1,15.135748746570798
1511190498099,Brightness_1,70.0
1511190498102,Temperature_2,23.43
1511190498108,Humidity_2,15.875668030175758
1511190498111,Brightness_2,74.0
1511190499073,Sound_R,55.77551907845673
1511190500168,Motion_5,False
1511190501931,Sound_P,52.96571415471127
1511190501935,PodiumIR,138
1511190504517,Temperature_1,23.9
1511190504522,Humidity_1,15.135748746570798
1511190504525,Brightness_1,70.0
1511190504528,Temperature_2,23.43
1511190504530,Humidity_2,15.875668030175758
1511190504535,Brightness_2,74.0
1511190509073,Sound_R,58.5369463211514
1511190510988,Temperature_1,23.9
1511190510994,Humidity_1,15.135748746570798
1511190510997,Brightness_1,70.0
1511190511000,Temperature_2,23.43
1511190511005,Humidity_2,15.875668030175758
1511190511008,Brightness_2,74.0
1511190511938,Sound_P,52.96571415471127
1511190511941,PodiumIR,99
1511190517751,Temperature_1,23.9
1511190517757,Humidity_1,15.135748746570798
1511190517760,Brightness_1,70.0
1511190517762,Temperature_2,23.43
1511190517764,Humidity_2,15.875668030175758
1511190517767,Brightness_2,74.0
1511190519073,Sound_R,59.98665398633372
1511190521944,Sound_P,51.62091662308819
1511190521947,PodiumIR,106
1511190524202,Temperature_1,23.9
1511190524208,Humidity_1,15.135748746570798
1511190524211,Brightness_1,70.0
1511190524214,Temperature_2,23.43
1511190524219,Humidity_2,15.875668030175758
1511190524222,Brightness_2,74.0
1511190529073,Sound_R,59.96991561908163
1511190530658,Temperature_1,23.9
1511190530663,Humidity_1,15.135748746570798
1511190530666,Brightness_1,70.0
1511190530669,Temperature_2,23.43
1511190530675,Humidity_2,15.875668030175758
1511190530677,Brightness_2,74.0
1511190531950,Sound_P,52.96571415471127
1511190531954,PodiumIR,99
1511190537109,Temperature_1,23.9
1511190537115,Humidity_1,15.135748746570798
1511190537118,Brightness_1,70.0
1511190537120,Temperature_2,23.43
1511190537123,Humidity_2,15.875668030175758
1511190537125,Brightness_2,74.0
1511190539073,Sound_R,59.2058507384495
1511190541956,Sound_P,56.45426312235056
1511190541959,PodiumIR,72
1511190543666,Temperature_1,23.9
1511190543671,Humidity_1,15.135748746570798
1511190543674,Brightness_1,70.0
1511190543677,Temperature_2,23.43
1511190543679,Humidity_2,15.875668030175758
1511190543681,Brightness_2,74.0
1511190544632,Motion_5,False
1511190549073,Sound_R,59.200060216651515
1511190550570,Motion_7,True
1511190551967,Sound_P,50.159038478285424
1511190551970,PodiumIR,81
1511190557388,Temperature_1,23.9
1511190557393,Humidity_1,15.135748746570798
1511190557396,Brightness_1,73.0
1511190557399,Temperature_2,23.43
1511190557405,Humidity_2,15.875668030175758
1511190557407,Brightness_2,74.0
1511190559073,Sound_R,57.83782959496522
1511190561973,Sound_P,51.62091662308819
1511190561976,PodiumIR,90
1511190563934,Temperature_1,23.9
1511190563939,Humidity_1,15.135748746570798
1511190563942,Brightness_1,73.0
1511190563945,Temperature_2,23.43
1511190563950,Humidity_2,15.875668030175758
1511190563952,Brightness_2,74.0
1511190569073,Sound_R,57.03422477895933
1511190570371,Temperature_1,23.9
1511190570377,Humidity_1,15.135748746570798
1511190570379,Brightness_1,73.0
1511190570382,Temperature_2,23.43
1511190570385,Humidity_2,15.875668030175758
1511190570388,Brightness_2,74.0
1511190571979,Sound_P,54.210802194865956
1511190571982,PodiumIR,91
1511190575499,Motion_5,False
1511190575499,Motion_7,False
1511190576842,Temperature_1,23.9
1511190576845,Humidity_1,15.135748746570798
1511190576849,Brightness_1,73.0
1511190576852,Temperature_2,23.43
1511190576854,Humidity_2,15.875668030175758
1511190576857,Brightness_2,74.0
1511190579073,Sound_R,56.764357139008915
1511190580581,Motion_5,True
1511190581984,Sound_P,57.472817393488484
1511190581994,PodiumIR,93
1511190583525,Temperature_1,23.9
1511190583529,Humidity_1,15.135748746570798
1511190583533,Brightness_1,73.0
1511190583535,Temperature_2,23.43
1511190583538,Humidity_2,15.875668030175758
1511190583542,Brightness_2,74.0
1511190589073,Sound_R,57.76851608171122
1511190590056,Temperature_1,23.9
1511190590059,Humidity_1,15.135748746570798
1511190590062,Brightness_1,73.0
1511190590064,Temperature_2,23.43
1511190590067,Humidity_2,15.875668030175758
1511190590071,Brightness_2,74.0
1511190591998,Sound_P,55.369951428718224
1511190592001,PodiumIR,83
1511190593473,Motion_7,False
1511190593473,Motion_5,True
1511190596467,Temperature_1,23.9
1511190596473,Humidity_1,15.135748746570798
1511190596476,Brightness_1,73.0
1511190596478,Temperature_2,23.43
1511190596480,Humidity_2,15.875668030175758
1511190596482,Brightness_2,74.0
1511190599073,Sound_R,56.89804550232765
1511190602005,Sound_P,51.62091662308819
1511190602012,PodiumIR,91
1511190603256,Temperature_1,23.9
1511190603262,Humidity_1,15.135748746570798
1511190603266,Brightness_1,73.0
1511190603268,Temperature_2,23.43
1511190603270,Humidity_2,15.875668030175758
1511190603272,Brightness_2,74.0
1511190609073,Sound_R,56.657019660274905
1511190609432,Motion_5,False
1511190609727,Temperature_1,23.9
1511190609730,Humidity_1,15.135748746570798
1511190609734,Brightness_1,73.0
1511190609736,Temperature_2,23.43
1511190609738,Humidity_2,15.875668030175758
1511190609741,Brightness_2,74.0
1511190611448,Motion_7,True
1511190612021,Sound_P,54.210802194865956
1511190612024,PodiumIR,99
1511190614514,Motion_1,True
1511190616242,Temperature_1,23.9
1511190616245,Humidity_1,15.135748746570798
1511190616249,Brightness_1,70.0
1511190616251,Temperature_2,23.43
1511190616254,Humidity_2,15.875668030175758
1511190616258,Brightness_2,74.0
1511190619073,Sound_R,58.774910679634296
1511190622026,Sound_P,52.96571415471127
1511190622029,PodiumIR,80
1511190622344,Motion_5,True
1511190622712,Temperature_1,23.9
1511190622715,Humidity_1,15.135748746570798
1511190622720,Brightness_1,70.0
1511190622722,Temperature_2,23.43
1511190622724,Humidity_2,15.875668030175758
1511190622726,Brightness_2,74.0
1511190623569,Motion_6,True
1511190623569,Motion_7,True
1511190625420,Motion_8,True
1511190629073,Sound_R,58.334584068334244
1511190629375,Temperature_1,23.9
1511190629379,Humidity_1,15.135748746570798
1511190629382,Brightness_1,70.0
1511190629385,Temperature_2,23.43
1511190629388,Humidity_2,15.875668030175758
1511190629391,Brightness_2,74.0
1511190632032,Sound_P,52.96571415471127
1511190632035,PodiumIR,81
1511190635820,Temperature_1,23.9
1511190635823,Humidity_1,15.135748746570798
1511190635827,Brightness_1,70.0
1511190635830,Temperature_2,23.43
1511190635832,Humidity_2,15.875668030175758
1511190635836,Brightness_2,74.0
1511190639073,Sound_R,56.702754399935266
1511190642038,Sound_P,51.62091662308819
1511190642041,PodiumIR,95
1511190642292,Temperature_1,23.9
1511190642295,Humidity_1,15.135748746570798
1511190642298,Brightness_1,70.0
1511190642301,Temperature_2,23.43
1511190642303,Humidity_2,15.875668030175758
1511190642306,Brightness_2,74.0
1511190648723,Temperature_1,23.9
1511190648726,Humidity_1,15.135748746570798
1511190648730,Brightness_1,70.0
1511190648732,Temperature_2,23.43
1511190648734,Humidity_2,15.875668030175758
1511190648739,Brightness_2,75.0
1511190649073,Sound_R,54.787911664983405
1511190652043,Sound_P,52.96571415471127
1511190652047,PodiumIR,101
1511190655183,Temperature_1,23.9
1511190655186,Humidity_1,15.135748746570798
1511190655190,Brightness_1,70.0
1511190655192,Temperature_2,23.43
1511190655194,Humidity_2,15.875668030175758
1511190655198,Brightness_2,75.0
1511190659073,Sound_R,54.09083870413014
1511190661584,Temperature_1,23.9
1511190661587,Humidity_1,15.135748746570798
1511190661591,Brightness_1,70.0
1511190661594,Temperature_2,23.43
1511190661596,Humidity_2,15.875668030175758
1511190661599,Brightness_2,75.0
1511190662049,Sound_P,58.433135904413454
1511190662052,PodiumIR,88
1511190668223,Temperature_1,23.9
1511190668226,Humidity_1,15.135748746570798
1511190668230,Brightness_1,70.0
1511190668234,Temperature_2,23.43
1511190668237,Humidity_2,15.875668030175758
1511190668239,Brightness_2,75.0
1511190669073,Sound_R,57.38897657111218
1511190672055,Sound_P,52.96571415471127
1511190672058,PodiumIR,94
1511190674942,Temperature_1,23.9
1511190674945,Humidity_1,15.135748746570798
1511190674949,Brightness_1,70.0
1511190674951,Temperature_2,23.43
1511190674954,Humidity_2,15.875668030175758
1511190674956,Brightness_2,75.0
1511190679073,Sound_R,59.157281587419504
1511190681800,Temperature_1,23.9
1511190681803,Humidity_1,15.259068627171624
1511190681807,Brightness_1,72.0
1511190681809,Temperature_2,23.43
1511190681812,Humidity_2,15.875668030175758
1511190681816,Brightness_2,75.0
1511190682061,Sound_P,55.369951428718224
1511190682064,PodiumIR,88
1511190688212,Temperature_1,23.9
1511190688215,Humidity_1,15.259068627171624
1511190688219,Brightness_1,72.0
1511190688221,Temperature_2,23.43
1511190688223,Humidity_2,15.875668030175758
1511190688226,Brightness_2,75.0
1511190689073,Sound_R,57.105576886799646
1511190692066,Sound_P,54.210802194865956
1511190692069,PodiumIR,86
1511190694906,Temperature_1,23.9
1511190694909,Humidity_1,15.259068627171624
1511190694913,Brightness_1,72.0
1511190694915,Temperature_2,23.43
1511190694918,Humidity_2,15.875668030175758
1511190694921,Brightness_2,75.0
1511190699073,Sound_R,57.908262060689594
1511190701670,Temperature_1,23.9
1511190701673,Humidity_1,15.259068627171624
1511190701677,Brightness_1,72.0
1511190701679,Temperature_2,23.43
1511190701682,Humidity_2,15.875668030175758
1511190701685,Brightness_2,75.0
1511190702071,Sound_P,56.45426312235056
1511190702075,PodiumIR,106
1511190708092,Temperature_1,23.9
1511190708099,Humidity_1,15.259068627171624
1511190708101,Brightness_1,72.0
1511190708104,Temperature_2,23.43
1511190708106,Humidity_2,15.875668030175758
1511190709073,Sound_R,60.60102442832264
1511190712078,Sound_P,54.210802194865956
1511190712081,PodiumIR,124
1511190714493,Temperature_1,23.9
1511190714499,Humidity_1,15.259068627171624
1511190714502,Brightness_1,72.0
1511190714504,Temperature_2,23.43
1511190714506,Humidity_2,15.875668030175758
1511190719073,Sound_R,58.9033984659411
1511190721226,Temperature_1,23.9
1511190721232,Humidity_1,15.259068627171624
1511190721234,Brightness_1,72.0
1511190721237,Temperature_2,23.43
1511190721239,Humidity_2,15.875668030175758
1511190722083,Sound_P,52.96571415471127
1511190722086,PodiumIR,89
1511190727879,Temperature_1,23.9
1511190727885,Humidity_1,15.259068627171624
1511190727888,Brightness_1,72.0
1511190727890,Temperature_2,23.43
1511190727896,Humidity_2,15.875668030175758
1511190729073,Sound_R,55.351094337009954
1511190732089,Sound_P,55.369951428718224
1511190732098,PodiumIR,94
1511190734303,Temperature_1,23.9
1511190734309,Humidity_1,15.259068627171624
1511190734312,Brightness_1,72.0
1511190734315,Temperature_2,23.43
1511190734317,Humidity_2,15.875668030175758
1511190739073,Sound_R,56.2009018893267
1511190740993,Temperature_1,23.9
1511190741000,Humidity_1,15.259068627171624
1511190741003,Brightness_1,72.0
1511190741005,Temperature_2,23.43
1511190741007,Humidity_2,15.875668030175758
1511190742108,Sound_P,54.210802194865956
1511190742112,PodiumIR,85
1511190747442,Temperature_1,23.9
1511190747445,Humidity_1,15.135748746570798
1511190747452,Temperature_2,23.43
1511190747454,Humidity_2,15.875668030175758
1511190749073,Sound_R,55.924103284588995
1511190752114,Sound_P,54.210802194865956
1511190752122,PodiumIR,92
1511190753890,Temperature_1,23.9
1511190753893,Humidity_1,15.135748746570798
1511190753900,Temperature_2,23.43
1511190753902,Humidity_2,15.875668030175758
1511190759073,Sound_R,54.94595609141633
1511190760304,Temperature_1,23.9
1511190760311,Humidity_1,15.135748746570798
1511190760316,Temperature_2,23.43
1511190760318,Humidity_2,15.875668030175758
1511190761438,Motion_1,False
1511190761438,Motion_5,False
1511190761438,Motion_6,False
1511190761438,Motion_7,False
1511190761438,Motion_8,False
1511190762127,Sound_P,55.369951428718224
1511190762130,PodiumIR,102
1511190762503,Motion_1,True
1511190762503,Motion_5,True
1511190762503,Motion_2,True
1511190764049,Motion_8,True
1511190766550,Motion_4,True
1511190766996,Temperature_1,23.9
1511190767003,Humidity_1,15.135748746570798
1511190767009,Temperature_2,23.43
1511190767014,Humidity_2,15.875668030175758
1511190769073,Sound_R,56.58985770984575
1511190772132,Sound_P,54.210802194865956
1511190772140,PodiumIR,91
1511190773755,Temperature_1,23.9
1511190773761,Humidity_1,15.135748746570798
1511190773767,Temperature_2,23.43
1511190773769,Humidity_2,15.998987910776574
1511190780235,Temperature_1,23.9
1511190780238,Humidity_1,15.135748746570798
1511190780244,Temperature_2,23.43
1511190780247,Humidity_2,15.998987910776574
1511190782150,Sound_P,52.96571415471127
1511190782153,PodiumIR,85
1511190785950,Door,activate
