timestamp,sensor_name,value
1511949042899,Sound_P,60.20329792798059
1511949042912,PodiumIR,95
1511949043741,Temperature_1,25.89
1511949043744,Humidity_1,16.985546955583185
1511949043749,Temperature_2,25.89
1511949043752,Humidity_2,16.245627671978234
1511949043755,Brightness_2,14.0
1511949050774,Temperature_1,25.89
1511949050777,Humidity_1,16.985546955583185
1511949050784,Temperature_2,25.89
1511949050786,Humidity_2,16.245627671978234
1511949050789,Brightness_2,14.0
1511949052230,Light_2,On
1511949052915,Sound_P,58.433135904413454
1511949052919,PodiumIR,97
1511949053065,Light_2,Off
1511949057499,Temperature_1,25.89
1511949057502,Humidity_1,16.985546955583185
1511949057508,Temperature_2,25.89
1511949057510,Humidity_2,16.245627671978234
1511949057512,Brightness_2,13.0
1511949057933,Light_2,On
1511949058448,Light_1,On
1511949058521,Light_3,On
1511949062922,Sound_P,61.80460425887306
1511949062932,PodiumIR,96
1511949064263,Temperature_1,25.89
1511949064267,Humidity_1,16.985546955583185
1511949064272,Temperature_2,25.89
1511949064275,Humidity_2,16.245627671978234
1511949064277,Brightness_2,13.0
1511949067686,Light_1,Off
1511949067714,Light_3,Off
1511949070362,Light_1,On
1511949070421,Light_3,On
1511949070694,Temperature_1,25.89
1511949070697,Humidity_1,16.985546955583185
1511949070703,Temperature_2,25.89
1511949070705,Humidity_2,16.245627671978234
1511949070708,Brightness_2,13.0
1511949072940,Sound_P,60.20329792798059
1511949072943,PodiumIR,88
1511949077365,Temperature_1,25.89
1511949077369,Humidity_1,17.10886683618401
1511949077375,Temperature_2,25.89
1511949077377,Humidity_2,16.245627671978234
1511949077380,Brightness_2,13.0
1511949082945,Sound_P,60.20329792798059
1511949082954,PodiumIR,82
1511949083777,Temperature_1,25.89
1511949083780,Humidity_1,17.10886683618401
1511949083786,Temperature_2,25.89
1511949083788,Humidity_2,16.245627671978234
1511949083792,Brightness_2,13.0
1511949090417,Temperature_1,25.89
1511949090420,Humidity_1,17.10886683618401
1511949090426,Temperature_2,25.89
1511949090428,Humidity_2,16.245627671978234
1511949090431,Brightness_2,13.0
1511949092962,Sound_P,61.023021476191225
1511949092965,PodiumIR,94
1511949097129,Temperature_1,25.89
1511949097132,Humidity_1,17.10886683618401
1511949097138,Temperature_2,25.89
1511949097140,Humidity_2,16.245627671978234
1511949097143,Brightness_2,13.0
1511949102968,Sound_P,63.95233273361063
1511949102971,PodiumIR,96
1511949106670,Temperature_1,25.89
1511949106673,Humidity_1,17.10886683618401
1511949106678,Temperature_2,25.89
1511949106681,Humidity_2,16.245627671978234
1511949106684,Brightness_2,13.0
1511949112974,Sound_P,60.20329792798059
1511949112977,PodiumIR,113
1511949113408,Temperature_1,25.89
1511949113411,Humidity_1,17.10886683618401
1511949113417,Temperature_2,25.89
1511949113419,Humidity_2,16.245627671978234
1511949113422,Brightness_2,13.0
1511949120071,Temperature_1,25.89
1511949120079,Humidity_1,17.10886683618401
1511949120084,Temperature_2,25.89
1511949120087,Humidity_2,16.245627671978234
1511949120089,Brightness_2,14.0
1511949122980,Sound_P,61.80460425887306
1511949122983,PodiumIR,87
1511949126500,Temperature_1,25.89
1511949126503,Humidity_1,17.10886683618401
1511949126509,Temperature_2,25.89
1511949126511,Humidity_2,16.245627671978234
1511949126513,Brightness_2,14.0
1511949132986,Sound_P,61.023021476191225
1511949132989,PodiumIR,73
1511949133009,Temperature_1,25.89
1511949133012,Humidity_1,17.10886683618401
1511949133018,Temperature_2,25.89
1511949133022,Humidity_2,16.245627671978234
1511949133025,Brightness_2,14.0
1511949139728,Temperature_1,26.01
1511949139731,Humidity_1,17.10886683618401
1511949139737,Temperature_2,25.89
1511949139739,Humidity_2,16.245627671978234
1511949139741,Brightness_2,14.0
1511949142992,Sound_P,60.20329792798059
1511949142995,PodiumIR,86
1511949146410,Temperature_1,26.01
1511949146413,Humidity_1,17.10886683618401
1511949146420,Temperature_2,25.89
1511949146422,Humidity_2,16.245627671978234
1511949146425,Brightness_2,14.0
1511949152998,Sound_P,61.80460425887306
1511949153001,PodiumIR,89
1511949153030,Temperature_1,26.01
1511949153033,Humidity_1,17.10886683618401
1511949153039,Temperature_2,25.89
1511949153041,Humidity_2,16.245627671978234
1511949153044,Brightness_2,14.0
1511949159491,Temperature_1,26.01
1511949159494,Humidity_1,17.10886683618401
1511949159500,Temperature_2,25.89
1511949159502,Humidity_2,16.245627671978234
1511949159504,Brightness_2,14.0
1511949163004,Sound_P,60.20329792798059
1511949163007,PodiumIR,94
1511949166148,Temperature_1,26.01
1511949166151,Humidity_1,17.10886683618401
1511949166156,Temperature_2,25.89
1511949166159,Humidity_2,16.245627671978234
1511949166161,Brightness_2,14.0
1511949172571,Temperature_1,26.01
1511949172574,Humidity_1,17.10886683618401
1511949172579,Temperature_2,25.89
1511949172581,Humidity_2,16.245627671978234
1511949172584,Brightness_2,14.0
1511949173009,Sound_P,58.433135904413454
1511949173013,PodiumIR,89
1511949179261,Temperature_1,26.01
1511949179264,Humidity_1,17.10886683618401
1511949179270,Temperature_2,25.89
1511949179272,Humidity_2,16.245627671978234
1511949179275,Brightness_2,14.0
1511949183015,Sound_P,56.45426312235056
1511949183019,PodiumIR,96
1511949185702,Temperature_1,26.01
1511949185705,Humidity_1,17.10886683618401
1511949185711,Temperature_2,25.89
1511949185713,Humidity_2,16.245627671978234
1511949185716,Brightness_2,13.0
1511949192376,Temperature_1,26.01
1511949192379,Humidity_1,17.10886683618401
1511949192384,Temperature_2,25.89
1511949192386,Humidity_2,16.245627671978234
1511949192389,Brightness_2,13.0
1511949193021,Sound_P,60.20329792798059
1511949193024,PodiumIR,140
1511949198821,Temperature_1,26.01
1511949198824,Humidity_1,17.10886683618401
1511949198829,Temperature_2,25.89
1511949198832,Humidity_2,16.245627671978234
1511949198834,Brightness_2,13.0
1511949203028,Sound_P,59.341519288975356
1511949203031,PodiumIR,97
1511949205284,Temperature_1,25.89
1511949205288,Humidity_1,17.10886683618401
1511949205293,Temperature_2,25.89
1511949205296,Humidity_2,16.245627671978234
1511949205298,Brightness_2,13.0
1511949211716,Temperature_1,25.89
1511949211719,Humidity_1,17.10886683618401
1511949211724,Temperature_2,25.89
1511949211727,Humidity_2,16.245627671978234
1511949211729,Brightness_2,13.0
1511949211917,Door,activate
1511949213034,Sound_P,59.341519288975356
1511949213037,PodiumIR,90
1511949218168,Temperature_1,25.89
1511949218171,Humidity_1,17.10886683618401
1511949218177,Temperature_2,25.89
1511949218179,Humidity_2,16.245627671978234
1511949218181,Brightness_2,13.0
1511949223041,Sound_P,61.023021476191225
1511949223044,PodiumIR,86
1511949224560,Temperature_1,25.89
1511949224563,Humidity_1,17.10886683618401
1511949224569,Temperature_2,25.89
1511949224571,Humidity_2,16.245627671978234
1511949224574,Brightness_2,13.0
1511949231275,Temperature_1,25.89
1511949231278,Humidity_1,17.10886683618401
1511949231283,Temperature_2,25.89
1511949231286,Humidity_2,16.245627671978234
1511949231289,Brightness_2,13.0
1511949233047,Sound_P,62.551438321825636
1511949233050,PodiumIR,94
1511949237689,Temperature_1,25.89
1511949237692,Humidity_1,17.10886683618401
1511949237698,Temperature_2,25.89
1511949237700,Humidity_2,16.245627671978234
1511949237702,Brightness_2,13.0
1511949243053,Sound_P,57.472817393488484
1511949243064,PodiumIR,86
1511949244382,Temperature_1,25.89
1511949244385,Humidity_1,17.10886683618401
1511949244392,Temperature_2,25.89
1511949244394,Humidity_2,16.245627671978234
1511949244396,Brightness_2,13.0
1511949250952,Temperature_1,25.89
1511949250955,Humidity_1,17.10886683618401
1511949250960,Temperature_2,25.89
1511949250963,Humidity_2,16.245627671978234
1511949250965,Brightness_2,14.0
1511949253072,Sound_P,61.023021476191225
1511949253076,PodiumIR,78
1511949257700,Temperature_1,25.89
1511949257703,Humidity_1,17.10886683618401
1511949257709,Temperature_2,25.89
1511949257711,Humidity_2,16.245627671978234
1511949257713,Brightness_2,14.0
1511949263078,Sound_P,70.5390318503356
1511949263087,PodiumIR,59
1511949264145,Temperature_1,25.89
1511949264149,Humidity_1,17.10886683618401
1511949264154,Temperature_2,25.89
1511949264157,Humidity_2,16.245627671978234
1511949264159,Brightness_2,14.0
1511949270550,Temperature_1,25.89
1511949270553,Humidity_1,17.10886683618401
1511949270558,Temperature_2,25.89
1511949270560,Humidity_2,16.245627671978234
1511949270562,Brightness_2,14.0
1511949273093,Sound_P,58.433135904413454
1511949273096,PodiumIR,88
1511949277256,Temperature_1,25.89
1511949277259,Humidity_1,17.10886683618401
1511949277265,Temperature_2,25.89
1511949277267,Humidity_2,16.245627671978234
1511949277270,Brightness_2,14.0
1511949283099,Sound_P,57.472817393488484
1511949283102,PodiumIR,76
1511949283709,Temperature_1,25.89
1511949283712,Humidity_1,17.10886683618401
1511949283719,Temperature_2,25.89
1511949283721,Humidity_2,16.245627671978234
1511949283723,Brightness_2,14.0
1511949290126,Temperature_1,25.89
1511949290129,Humidity_1,17.10886683618401
1511949290135,Temperature_2,25.89
1511949290138,Humidity_2,16.245627671978234
1511949290140,Brightness_2,14.0
1511949293107,Sound_P,60.20329792798059
1511949293110,PodiumIR,90
1511949296532,Temperature_1,25.89
1511949296535,Humidity_1,17.10886683618401
1511949296540,Temperature_2,25.89
1511949296543,Humidity_2,16.245627671978234
1511949296545,Brightness_2,14.0
1511949303115,Sound_P,59.341519288975356
1511949303118,PodiumIR,129
1511949303143,Temperature_1,25.89
1511949303145,Humidity_1,17.10886683618401
1511949303151,Temperature_2,25.89
1511949303154,Humidity_2,16.245627671978234
1511949303156,Brightness_2,14.0
1511949309612,Temperature_1,25.89
1511949309614,Humidity_1,17.10886683618401
1511949309620,Temperature_2,25.89
1511949309622,Humidity_2,16.245627671978234
1511949309624,Brightness_2,14.0
1511949313125,Sound_P,59.341519288975356
1511949313128,PodiumIR,67
1511949316067,Temperature_1,25.89
1511949316070,Humidity_1,17.10886683618401
1511949316075,Temperature_2,25.89
1511949316078,Humidity_2,16.245627671978234
1511949316080,Brightness_2,13.0
1511949322477,Temperature_1,25.89
1511949322480,Humidity_1,17.10886683618401
1511949322486,Temperature_2,25.89
1511949322488,Humidity_2,16.245627671978234
1511949322491,Brightness_2,13.0
1511949323133,Sound_P,59.341519288975356
1511949323136,PodiumIR,90
1511949329175,Temperature_1,26.01
1511949329178,Humidity_1,17.10886683618401
1511949329185,Temperature_2,25.89
1511949329188,Humidity_2,16.245627671978234
1511949329192,Brightness_2,13.0
1511949333143,Sound_P,62.551438321825636
1511949333146,PodiumIR,91
1511949335622,Temperature_1,26.01
1511949335624,Humidity_1,17.10886683618401
1511949335630,Temperature_2,25.89
1511949335632,Humidity_2,16.245627671978234
1511949335634,Brightness_2,13.0
1511949342073,Temperature_1,26.01
1511949342076,Humidity_1,17.10886683618401
1511949342083,Temperature_2,25.89
1511949342085,Humidity_2,16.245627671978234
1511949342088,Brightness_2,13.0
1511949343153,Sound_P,58.433135904413454
1511949343156,PodiumIR,96
1511949348486,Temperature_1,26.01
1511949348489,Humidity_1,17.10886683618401
1511949348495,Temperature_2,25.89
1511949348498,Humidity_2,16.245627671978234
1511949348501,Brightness_2,13.0
1511949353162,Sound_P,63.95233273361063
1511949353165,PodiumIR,94
1511949354918,Temperature_1,26.01
1511949354921,Humidity_1,17.10886683618401
1511949354927,Temperature_2,25.89
1511949354930,Humidity_2,16.245627671978234
1511949354933,Brightness_2,13.0
1511949361632,Temperature_1,26.01
1511949361635,Humidity_1,17.10886683618401
1511949361642,Temperature_2,25.89
1511949361644,Humidity_2,16.245627671978234
1511949361647,Brightness_2,13.0
1511949363170,Sound_P,60.20329792798059
1511949363173,PodiumIR,99
1511949368322,Temperature_1,26.01
1511949368326,Humidity_1,17.10886683618401
1511949368332,Temperature_2,25.89
1511949368334,Humidity_2,16.245627671978234
1511949368338,Brightness_2,13.0
1511949373176,Sound_P,61.023021476191225
1511949373179,PodiumIR,69
1511949374735,Temperature_1,26.01
1511949374738,Humidity_1,17.10886683618401
1511949374745,Temperature_2,25.89
1511949374747,Humidity_2,16.245627671978234
1511949374751,Brightness_2,13.0
1511949381498,Temperature_1,26.01
1511949381501,Humidity_1,17.10886683618401
1511949381508,Temperature_2,25.89
1511949381510,Humidity_2,16.245627671978234
1511949381513,Brightness_2,13.0
1511949383182,Sound_P,57.472817393488484
1511949383184,PodiumIR,84
1511949392254,Temperature_1,25.89
1511949392257,Humidity_1,17.10886683618401
1511949392263,Temperature_2,25.89
1511949392266,Humidity_2,16.245627671978234
1511949392270,Brightness_2,13.0
1511949393186,Sound_P,60.20329792798059
1511949393189,PodiumIR,97
1511949398679,Temperature_1,25.89
1511949398682,Humidity_1,17.10886683618401
1511949398689,Temperature_2,25.89
1511949398692,Humidity_2,16.245627671978234
1511949398695,Brightness_2,13.0
1511949403192,Sound_P,57.472817393488484
1511949403195,PodiumIR,77
1511949405366,Temperature_1,25.89
1511949405369,Humidity_1,17.10886683618401
1511949405375,Temperature_2,25.89
1511949405378,Humidity_2,16.245627671978234
1511949405381,Brightness_2,13.0
1511949411809,Temperature_1,25.89
1511949411811,Humidity_1,17.10886683618401
1511949411814,Temperature_2,25.89
1511949411818,Humidity_2,16.245627671978234
1511949411820,Brightness_2,13.0
1511949413198,Sound_P,57.472817393488484
1511949413201,PodiumIR,83
1511949418400,Temperature_1,25.89
1511949418403,Humidity_1,17.10886683618401
1511949418408,Temperature_2,25.89
1511949418411,Humidity_2,16.245627671978234
1511949418414,Brightness_2,13.0
1511949423204,Sound_P,61.023021476191225
1511949423207,PodiumIR,96
1511949424815,Temperature_1,25.89
1511949424819,Humidity_1,17.10886683618401
1511949424824,Temperature_2,25.89
1511949424827,Humidity_2,16.245627671978234
1511949424829,Brightness_2,13.0
1511949431368,Temperature_1,25.89
1511949431371,Humidity_1,17.10886683618401
1511949431376,Temperature_2,25.89
1511949431379,Humidity_2,16.245627671978234
1511949431381,Brightness_2,13.0
1511949433213,Sound_P,57.472817393488484
1511949433216,PodiumIR,75
1511949438234,Temperature_1,25.89
1511949438237,Humidity_1,17.10886683618401
1511949438243,Temperature_2,25.89
1511949438245,Humidity_2,16.36894755257906
1511949438248,Brightness_2,13.0
1511949443222,Sound_P,61.023021476191225
1511949443225,PodiumIR,89
1511949444405,Door,activate
1511949444628,Temperature_1,25.89
1511949444631,Humidity_1,17.10886683618401
1511949444635,Temperature_2,25.89
1511949444637,Humidity_2,16.36894755257906
1511949444640,Brightness_2,13.0
1511949445781,Door,activate
1511949447573,Door,activate
1511949447780,Door,activate
1511949451336,Temperature_1,25.89
1511949451339,Humidity_1,17.10886683618401
1511949451345,Temperature_2,25.89
1511949451347,Humidity_2,16.36894755257906
1511949451349,Brightness_2,13.0
1511949453237,Sound_P,63.95233273361063
1511949453241,PodiumIR,87
1511949454517,Door,activate
1511949457758,Temperature_1,26.01
1511949457761,Humidity_1,17.10886683618401
1511949457767,Temperature_2,25.89
1511949457769,Humidity_2,16.36894755257906
1511949457772,Brightness_2,13.0
1511949458511,Projector,On
1511949461261,Door,activate
1511949463246,Sound_P,80.00588052151659
1511949463252,PodiumIR,160
1511949464179,Temperature_1,26.01
1511949464182,Humidity_1,17.10886683618401
1511949464188,Temperature_2,25.89
1511949464190,Humidity_2,16.36894755257906
1511949464192,Brightness_2,13.0
1511949470584,Temperature_1,26.01
1511949470587,Humidity_1,17.10886683618401
1511949470593,Temperature_2,25.89
1511949470595,Humidity_2,16.36894755257906
1511949470598,Brightness_2,13.0
1511949473258,Sound_P,73.82773649063114
1511949473261,PodiumIR,73
1511949477346,Temperature_1,26.01
1511949477349,Humidity_1,17.10886683618401
1511949477355,Temperature_2,25.89
1511949477357,Humidity_2,16.36894755257906
1511949477359,Brightness_2,13.0
1511949483264,Sound_P,63.95233273361063
1511949483271,PodiumIR,130
1511949484110,Temperature_1,26.01
1511949484113,Humidity_1,17.10886683618401
1511949484118,Temperature_2,25.89
1511949484120,Humidity_2,16.36894755257906
1511949484122,Brightness_2,13.0
1511949490587,Temperature_1,26.01
1511949490590,Humidity_1,17.10886683618401
1511949490596,Temperature_2,25.89
1511949490599,Humidity_2,16.36894755257906
1511949490601,Brightness_2,13.0
1511949493274,Sound_P,76.25684571588656
1511949493277,PodiumIR,143
1511949496988,Temperature_1,26.01
1511949496991,Humidity_1,17.10886683618401
1511949496997,Temperature_2,25.89
1511949496999,Humidity_2,16.36894755257906
1511949497001,Brightness_2,13.0
1511949503280,Sound_P,65.24535518573873
1511949503283,PodiumIR,143
1511949503399,Temperature_1,26.01
1511949503402,Humidity_1,17.10886683618401
1511949503408,Temperature_2,25.89
1511949503410,Humidity_2,16.245627671978234
1511949503412,Brightness_2,14.0
1511949509818,Temperature_1,26.01
1511949509821,Humidity_1,17.10886683618401
1511949509826,Temperature_2,25.89
1511949509829,Humidity_2,16.245627671978234
1511949509831,Brightness_2,14.0
1511949513286,Sound_P,58.433135904413454
1511949513289,PodiumIR,154
1511949516258,Temperature_1,26.01
1511949516262,Humidity_1,17.10886683618401
1511949516267,Temperature_2,25.89
1511949516270,Humidity_2,16.245627671978234
1511949516272,Brightness_2,14.0
1511949522671,Temperature_1,25.89
1511949522674,Humidity_1,17.10886683618401
1511949522679,Temperature_2,25.89
1511949522682,Humidity_2,16.245627671978234
1511949522686,Brightness_2,14.0
1511949523295,Sound_P,67.01551720930587
1511949523298,PodiumIR,147
1511949529366,Temperature_1,25.89
1511949529369,Humidity_1,17.10886683618401
1511949529375,Temperature_2,25.89
1511949529378,Humidity_2,16.245627671978234
1511949529380,Brightness_2,14.0
1511949533304,Sound_P,61.023021476191225
1511949533309,PodiumIR,146
1511949536022,Temperature_1,25.89
1511949536025,Humidity_1,17.10886683618401
1511949536032,Temperature_2,25.89
1511949536034,Humidity_2,16.245627671978234
1511949536040,Brightness_2,14.0
1511949542437,Temperature_1,25.89
1511949542448,Humidity_1,17.10886683618401
1511949542454,Temperature_2,25.89
1511949542456,Humidity_2,16.245627671978234
1511949542462,Brightness_2,14.0
1511949543314,Sound_P,62.551438321825636
1511949543318,PodiumIR,141
1511949548660,Door,activate
1511949548870,Temperature_1,25.89
1511949548873,Humidity_1,17.10886683618401
1511949548879,Temperature_2,25.89
1511949548881,Humidity_2,16.245627671978234
1511949548885,Brightness_2,14.0
1511949549615,Door,activate
1511949553324,Sound_P,67.56641902255494
1511949553327,PodiumIR,69
1511949555274,Temperature_1,25.89
1511949555277,Humidity_1,17.10886683618401
1511949555283,Temperature_2,25.89
1511949555285,Humidity_2,16.245627671978234
1511949555288,Brightness_2,14.0
1511949556497,Door,activate
1511949561939,Temperature_1,25.89
1511949561942,Humidity_1,17.10886683618401
1511949561948,Temperature_2,25.89
1511949561950,Humidity_2,16.245627671978234
1511949561952,Brightness_2,14.0
1511949563330,Sound_P,65.24535518573873
1511949563333,PodiumIR,128
1511949568381,Temperature_1,25.89
1511949568384,Humidity_1,17.10886683618401
1511949568391,Temperature_2,25.89
1511949568393,Humidity_2,16.36894755257906
1511949568396,Brightness_2,13.0
1511949573336,Sound_P,72.26372429269907
1511949573339,PodiumIR,89
1511949574808,Temperature_1,25.89
1511949574810,Humidity_1,17.10886683618401
1511949574816,Temperature_2,25.89
1511949574821,Humidity_2,16.36894755257906
1511949574825,Brightness_2,13.0
1511949581488,Temperature_1,25.89
1511949581491,Humidity_1,17.10886683618401
1511949581497,Temperature_2,25.89
1511949581499,Humidity_2,16.36894755257906
1511949581501,Brightness_2,13.0
1511949583342,Sound_P,66.44593723960276
1511949583345,PodiumIR,96
1511949587901,Temperature_1,26.01
1511949587904,Humidity_1,17.10886683618401
1511949587910,Temperature_2,25.89
1511949587913,Humidity_2,16.36894755257906
1511949587918,Brightness_2,13.0
1511949593348,Sound_P,65.24535518573873
1511949593351,PodiumIR,110
1511949594399,Temperature_1,26.01
1511949594402,Humidity_1,17.10886683618401
1511949594416,Temperature_2,25.89
1511949594419,Humidity_2,16.36894755257906
1511949594421,Brightness_2,13.0
1511949600945,Temperature_1,26.01
1511949600948,Humidity_1,17.10886683618401
1511949600954,Temperature_2,25.89
1511949600956,Humidity_2,16.36894755257906
1511949600960,Brightness_2,13.0
1511949603353,Sound_P,58.433135904413454
1511949603357,PodiumIR,83
1511949607402,Temperature_1,26.01
1511949607405,Humidity_1,17.10886683618401
1511949607410,Temperature_2,25.89
1511949607413,Humidity_2,16.36894755257906
1511949607417,Brightness_2,13.0
1511949613360,Sound_P,63.26648240367583
1511949613363,PodiumIR,169
1511949613852,Temperature_1,26.01
1511949613855,Humidity_1,17.10886683618401
1511949613860,Temperature_2,25.89
1511949613863,Humidity_2,16.36894755257906
1511949613865,Brightness_2,13.0
1511949620299,Temperature_1,26.01
1511949620302,Humidity_1,17.10886683618401
1511949620308,Temperature_2,25.89
1511949620310,Humidity_2,16.36894755257906
1511949620314,Brightness_2,13.0
1511949623366,Sound_P,64.61127993529891
1511949623369,PodiumIR,159
1511949623416,Door,activate
1511949626717,Temperature_1,26.01
1511949626720,Humidity_1,17.10886683618401
1511949626726,Temperature_2,25.89
1511949626729,Humidity_2,16.36894755257906
1511949626733,Brightness_2,13.0
1511949633372,Sound_P,71.84886370856825
1511949633375,PodiumIR,148
1511949633394,Temperature_1,26.01
1511949633397,Humidity_1,17.10886683618401
1511949633404,Temperature_2,25.89
1511949633410,Humidity_2,16.245627671978234
1511949633413,Brightness_2,13.0
1511949640062,Temperature_1,26.01
1511949640065,Humidity_1,17.10886683618401
1511949640072,Temperature_2,25.89
1511949640074,Humidity_2,16.245627671978234
1511949640078,Brightness_2,13.0
1511949643378,Sound_P,67.56641902255494
1511949643381,PodiumIR,117
1511949646497,Temperature_1,26.01
1511949646500,Humidity_1,17.10886683618401
1511949646506,Temperature_2,25.89
1511949646510,Humidity_2,16.245627671978234
1511949646513,Brightness_2,13.0
1511949653170,Temperature_1,26.01
1511949653173,Humidity_1,17.10886683618401
1511949653179,Temperature_2,25.89
1511949653182,Humidity_2,16.245627671978234
1511949653186,Brightness_2,13.0
1511949653384,Sound_P,59.341519288975356
1511949653387,PodiumIR,114
1511949659621,Temperature_1,26.01
1511949659625,Humidity_1,17.10886683618401
1511949659631,Temperature_2,25.89
1511949659633,Humidity_2,16.245627671978234
1511949659635,Brightness_2,13.0
1511949663390,Sound_P,61.023021476191225
1511949663393,PodiumIR,135
1511949666027,Temperature_1,26.01
1511949666030,Humidity_1,17.10886683618401
1511949666036,Temperature_2,25.89
1511949666038,Humidity_2,16.245627671978234
1511949666040,Brightness_2,13.0
1511949672446,Temperature_1,26.01
1511949672449,Humidity_1,17.10886683618401
1511949672455,Temperature_2,25.89
1511949672459,Humidity_2,16.245627671978234
1511949672462,Brightness_2,13.0
1511949673396,Sound_P,61.023021476191225
1511949673399,PodiumIR,120
1511949678872,Temperature_1,26.01
1511949678875,Humidity_1,17.10886683618401
1511949678881,Temperature_2,25.89
1511949678883,Humidity_2,16.245627671978234
1511949678885,Brightness_2,13.0
1511949683402,Sound_P,64.61127993529891
1511949683405,PodiumIR,101
1511949685534,Temperature_1,26.01
1511949685537,Humidity_1,17.10886683618401
1511949685543,Temperature_2,25.89
1511949685545,Humidity_2,16.245627671978234
1511949685548,Brightness_2,13.0
1511949691989,Temperature_1,26.01
1511949691992,Humidity_1,17.10886683618401
1511949691998,Temperature_2,25.89
1511949692000,Humidity_2,16.36894755257906
1511949692002,Brightness_2,13.0
1511949693408,Sound_P,59.341519288975356
1511949693411,PodiumIR,175
1511949698404,Temperature_1,26.01
1511949698409,Humidity_1,17.10886683618401
1511949698421,Temperature_2,25.89
1511949698423,Humidity_2,16.36894755257906
1511949698426,Brightness_2,13.0
1511949702112,Door,activate
1511949703414,Sound_P,68.0998289029382
1511949703417,PodiumIR,175
1511949704823,Temperature_1,26.01
1511949704825,Humidity_1,17.10886683618401
1511949704831,Temperature_2,25.89
1511949704833,Humidity_2,16.36894755257906
1511949704835,Brightness_2,13.0
1511949711538,Temperature_1,25.89
1511949711541,Humidity_1,17.10886683618401
1511949711547,Temperature_2,25.89
1511949711550,Humidity_2,16.36894755257906
1511949711552,Brightness_2,13.0
1511949713423,Sound_P,61.80460425887306
1511949713426,PodiumIR,174
1511949717947,Temperature_1,25.89
1511949717950,Humidity_1,17.10886683618401
1511949717955,Temperature_2,25.89
1511949717958,Humidity_2,16.36894755257906
1511949717963,Brightness_2,13.0
1511949720386,Door,activate
1511949722090,Door,activate
1511949723429,Sound_P,68.0998289029382
1511949723432,PodiumIR,181
1511949728406,Temperature_1,25.89
1511949728414,Humidity_1,17.10886683618401
1511949728421,Temperature_2,25.89
1511949728426,Humidity_2,16.36894755257906
1511949728437,Brightness_2,13.0
1511949733435,Sound_P,68.0998289029382
1511949733448,PodiumIR,182
1511949734839,Temperature_1,25.89
1511949734842,Humidity_1,17.10886683618401
1511949734849,Temperature_2,25.89
1511949734853,Humidity_2,16.36894755257906
1511949734857,Brightness_2,13.0
1511949741548,Temperature_1,25.89
1511949741551,Humidity_1,17.10886683618401
1511949741558,Temperature_2,25.89
1511949741563,Humidity_2,16.36894755257906
1511949741567,Brightness_2,13.0
1511949743451,Sound_P,62.551438321825636
1511949743454,PodiumIR,189
1511949748096,Temperature_1,25.89
1511949748099,Humidity_1,17.10886683618401
1511949748106,Temperature_2,25.89
1511949748109,Humidity_2,16.36894755257906
1511949748114,Brightness_2,13.0
1511949753457,Sound_P,62.551438321825636
1511949753460,PodiumIR,167
1511949754626,Temperature_1,25.89
1511949754629,Humidity_1,17.10886683618401
1511949754636,Temperature_2,25.89
1511949754641,Humidity_2,16.36894755257906
1511949754644,Brightness_2,13.0
1511949761312,Temperature_1,25.89
1511949761315,Humidity_1,17.10886683618401
1511949761323,Temperature_2,25.89
1511949761325,Humidity_2,16.36894755257906
1511949761330,Brightness_2,13.0
1511949763469,Sound_P,61.023021476191225
1511949763473,PodiumIR,165
1511949767736,Temperature_1,25.89
1511949767739,Humidity_1,17.10886683618401
1511949767748,Temperature_2,25.89
1511949767752,Humidity_2,16.36894755257906
1511949767755,Brightness_2,13.0
1511949773479,Sound_P,65.24535518573873
1511949773482,PodiumIR,166
1511949774398,Temperature_1,25.89
1511949774402,Humidity_1,17.10886683618401
1511949774413,Temperature_2,25.89
1511949774417,Humidity_2,16.36894755257906
1511949774422,Brightness_2,13.0
1511949780864,Temperature_1,25.89
1511949780868,Humidity_1,17.10886683618401
1511949780875,Temperature_2,25.89
1511949780880,Humidity_2,16.36894755257906
1511949780883,Brightness_2,13.0
1511949783485,Sound_P,70.0787016850011
1511949783488,PodiumIR,90
1511949787321,Temperature_1,25.89
1511949787324,Humidity_1,17.10886683618401
1511949787331,Temperature_2,25.89
1511949787336,Humidity_2,16.36894755257906
1511949787339,Brightness_2,13.0
1511949793491,Sound_P,67.56641902255494
1511949793494,PodiumIR,87
1511949793972,Temperature_1,25.89
1511949793975,Humidity_1,17.10886683618401
1511949793982,Temperature_2,25.89
1511949793984,Humidity_2,16.36894755257906
1511949793989,Brightness_2,13.0
1511949800398,Temperature_1,25.89
1511949800401,Humidity_1,17.10886683618401
1511949800413,Temperature_2,25.89
1511949800417,Humidity_2,16.36894755257906
1511949800420,Brightness_2,13.0
1511949803497,Sound_P,63.95233273361063
1511949803500,PodiumIR,68
1511949807079,Temperature_1,25.89
1511949807082,Humidity_1,17.10886683618401
1511949807089,Temperature_2,25.89
1511949807092,Humidity_2,16.36894755257906
1511949807096,Brightness_2,13.0
1511949807202,Door,activate
1511949813503,Sound_P,62.551438321825636
1511949813506,PodiumIR,105
1511949813527,Temperature_1,25.89
1511949813530,Humidity_1,17.10886683618401
1511949813540,Temperature_2,25.89
1511949813545,Humidity_2,16.36894755257906
1511949813548,Brightness_2,13.0
1511949819987,Temperature_1,25.89
1511949819990,Humidity_1,17.10886683618401
1511949819994,Temperature_2,25.89
1511949819996,Humidity_2,16.36894755257906
1511949820001,Brightness_2,13.0
1511949823508,Sound_P,62.551438321825636
1511949823512,PodiumIR,77
1511949826411,Temperature_1,25.89
1511949826415,Humidity_1,17.10886683618401
1511949826422,Temperature_2,25.89
1511949826425,Humidity_2,16.36894755257906
1511949826429,Brightness_2,13.0
1511949833514,Sound_P,61.80460425887306
1511949833519,PodiumIR,94
1511949835976,Temperature_1,26.01
1511949835980,Humidity_1,17.10886683618401
1511949835994,Temperature_2,25.89
1511949835996,Humidity_2,16.36894755257906
1511949835998,Brightness_2,13.0
1511949842405,Temperature_1,26.01
1511949842410,Humidity_1,17.10886683618401
1511949842417,Temperature_2,25.89
1511949842420,Humidity_2,16.36894755257906
1511949842425,Brightness_2,13.0
1511949843523,Sound_P,73.45017003946069
1511949843527,PodiumIR,96
1511949848859,Temperature_1,26.01
1511949848862,Humidity_1,17.10886683618401
1511949848869,Temperature_2,25.89
1511949848874,Humidity_2,16.36894755257906
1511949848878,Brightness_2,13.0
1511949853529,Sound_P,70.0787016850011
1511949853532,PodiumIR,83
1511949855413,Temperature_1,26.01
1511949855416,Humidity_1,17.10886683618401
1511949855423,Temperature_2,25.89
1511949855426,Humidity_2,16.36894755257906
1511949855431,Brightness_2,13.0
1511949861971,Temperature_1,26.01
1511949861975,Humidity_1,17.10886683618401
1511949861982,Temperature_2,25.89
1511949861987,Humidity_2,16.36894755257906
1511949861991,Brightness_2,13.0
1511949863537,Sound_P,68.61682354019833
1511949863540,PodiumIR,87
1511949868400,Temperature_1,26.01
1511949868403,Humidity_1,17.10886683618401
1511949868418,Temperature_2,25.89
1511949868421,Humidity_2,16.36894755257906
1511949868425,Brightness_2,13.0
1511949873542,Sound_P,68.61682354019833
1511949873550,PodiumIR,92
1511949875209,Temperature_1,26.01
1511949875212,Humidity_1,17.10886683618401
1511949875219,Temperature_2,25.89
1511949875224,Humidity_2,16.36894755257906
1511949875227,Brightness_2,13.0
1511949881961,Temperature_1,26.01
1511949881964,Humidity_1,17.10886683618401
1511949881970,Temperature_2,25.89
1511949881973,Humidity_2,16.36894755257906
1511949881976,Brightness_2,13.0
1511949883559,Sound_P,60.20329792798059
1511949883563,PodiumIR,89
1511949888386,Temperature_1,26.01
1511949888390,Humidity_1,17.10886683618401
1511949888397,Temperature_2,25.89
1511949888402,Humidity_2,16.36894755257906
1511949888406,Brightness_2,13.0
1511949893565,Sound_P,60.20329792798059
1511949893574,PodiumIR,92
1511949894807,Temperature_1,26.01
1511949894811,Humidity_1,17.10886683618401
1511949894817,Temperature_2,25.89
1511949894822,Humidity_2,16.36894755257906
1511949894826,Brightness_2,13.0
1511949902006,Temperature_1,26.13
1511949902009,Humidity_1,17.10886683618401
1511949902015,Temperature_2,25.89
1511949902019,Humidity_2,16.36894755257906
1511949902021,Brightness_2,13.0
1511949903584,Sound_P,69.60540278108363
1511949903588,PodiumIR,104
1511949908406,Temperature_1,26.13
1511949908414,Humidity_1,17.10886683618401
1511949908421,Temperature_2,25.89
1511949908423,Humidity_2,16.36894755257906
1511949908425,Brightness_2,13.0
1511949913590,Sound_P,70.0787016850011
1511949913593,PodiumIR,105
1511949915114,Temperature_1,26.13
1511949915117,Humidity_1,17.10886683618401
1511949915123,Temperature_2,25.89
1511949915125,Humidity_2,16.36894755257906
1511949915129,Brightness_2,13.0
1511949921769,Temperature_1,26.13
1511949921772,Humidity_1,17.10886683618401
1511949921778,Temperature_2,25.89
1511949921781,Humidity_2,16.36894755257906
1511949921783,Brightness_2,13.0
1511949923601,Sound_P,67.56641902255494
1511949923604,PodiumIR,106
1511949928399,Temperature_1,26.13
1511949928402,Humidity_1,17.10886683618401
1511949928413,Temperature_2,25.89
1511949928418,Humidity_2,16.36894755257906
1511949928421,Brightness_2,13.0
1511949933607,Sound_P,71.84886370856825
1511949933621,PodiumIR,87
1511949934877,Temperature_1,26.13
1511949934880,Humidity_1,17.10886683618401
1511949934886,Temperature_2,25.89
1511949934888,Humidity_2,16.36894755257906
1511949934890,Brightness_2,13.0
1511949941636,Temperature_1,26.13
1511949941639,Humidity_1,17.10886683618401
1511949941645,Temperature_2,25.89
1511949941647,Humidity_2,16.36894755257906
1511949941649,Brightness_2,13.0
1511949943625,Sound_P,61.023021476191225
1511949943632,PodiumIR,93
1511949948086,Temperature_1,26.13
1511949948089,Humidity_1,17.10886683618401
1511949948095,Temperature_2,25.89
1511949948098,Humidity_2,16.36894755257906
1511949948100,Brightness_2,13.0
1511949953636,Sound_P,61.80460425887306
1511949953640,PodiumIR,87
1511949954485,Temperature_1,26.13
1511949954489,Humidity_1,17.10886683618401
1511949954494,Temperature_2,25.89
1511949954497,Humidity_2,16.36894755257906
1511949954499,Brightness_2,13.0
1511949961194,Temperature_1,26.13
1511949961197,Humidity_1,17.10886683618401
1511949961203,Temperature_2,25.89
1511949961205,Humidity_2,16.36894755257906
1511949961207,Brightness_2,13.0
1511949963644,Sound_P,60.20329792798059
1511949963648,PodiumIR,88
1511949967855,Temperature_1,26.01
1511949967858,Humidity_1,16.985546955583185
1511949967864,Temperature_2,25.89
1511949967868,Humidity_2,16.36894755257906
1511949967872,Brightness_2,13.0
1511949973656,Sound_P,67.56641902255494
1511949973660,PodiumIR,84
1511949974311,Temperature_1,26.01
1511949974314,Humidity_1,16.985546955583185
1511949974320,Temperature_2,25.89
1511949974322,Humidity_2,16.36894755257906
1511949974325,Brightness_2,13.0
1511949981344,Temperature_1,26.01
1511949981347,Humidity_1,16.985546955583185
1511949981353,Temperature_2,25.89
1511949981357,Humidity_2,16.36894755257906
1511949981361,Brightness_2,13.0
1511949983662,Sound_P,77.79930435088828
1511949983665,PodiumIR,64
1511949988024,Temperature_1,26.01
1511949988027,Humidity_1,16.985546955583185
1511949988033,Temperature_2,25.89
1511949988035,Humidity_2,16.36894755257906
1511949988037,Brightness_2,13.0
1511949993668,Sound_P,61.80460425887306
1511949993671,PodiumIR,85
1511949994435,Temperature_1,26.01
1511949994438,Humidity_1,16.985546955583185
1511949994444,Temperature_2,25.89
1511949994448,Humidity_2,16.36894755257906
1511949994452,Brightness_2,13.0
1511950001130,Temperature_1,26.01
1511950001134,Humidity_1,16.985546955583185
1511950001140,Temperature_2,25.89
1511950001143,Humidity_2,16.36894755257906
1511950001147,Brightness_2,13.0
1511950003674,Sound_P,72.26372429269907
1511950003677,PodiumIR,80
1511950007582,Temperature_1,26.01
1511950007585,Humidity_1,16.985546955583185
1511950007591,Temperature_2,25.89
1511950007595,Humidity_2,16.36894755257906
1511950007599,Brightness_2,13.0
1511950013687,Sound_P,65.24535518573873
1511950013690,PodiumIR,105
1511950014243,Temperature_1,26.01
1511950014246,Humidity_1,16.985546955583185
1511950014251,Temperature_2,25.89
1511950014253,Humidity_2,16.36894755257906
1511950014259,Brightness_2,13.0
1511950020667,Temperature_1,26.01
1511950020670,Humidity_1,16.985546955583185
1511950020676,Temperature_2,25.89
1511950020678,Humidity_2,16.36894755257906
1511950020683,Brightness_2,13.0
1511950023697,Sound_P,61.023021476191225
1511950023700,PodiumIR,84
1511950027550,Temperature_1,26.01
1511950027553,Humidity_1,17.10886683618401
1511950027559,Temperature_2,25.89
1511950027562,Humidity_2,16.36894755257906
1511950027566,Brightness_2,13.0
1511950033707,Sound_P,60.20329792798059
1511950033710,PodiumIR,94
1511950034206,Temperature_1,26.01
1511950034209,Humidity_1,17.10886683618401
1511950034215,Temperature_2,25.89
1511950034218,Humidity_2,16.36894755257906
1511950034223,Brightness_2,13.0
1511950040634,Temperature_1,26.01
1511950040637,Humidity_1,17.10886683618401
1511950040643,Temperature_2,25.89
1511950040646,Humidity_2,16.36894755257906
1511950040651,Brightness_2,13.0
1511950043715,Sound_P,72.66858725677886
1511950043718,PodiumIR,92
1511950047322,Temperature_1,26.01
1511950047325,Humidity_1,17.10886683618401
1511950047331,Temperature_2,25.89
1511950047334,Humidity_2,16.36894755257906
1511950047336,Brightness_2,13.0
1511950053723,Sound_P,61.023021476191225
1511950053727,PodiumIR,107
1511950053752,Temperature_1,26.01
1511950053755,Humidity_1,17.10886683618401
1511950053763,Temperature_2,25.89
1511950053766,Humidity_2,16.36894755257906
1511950053769,Brightness_2,13.0
1511950060216,Temperature_1,26.01
1511950060219,Humidity_1,17.10886683618401
1511950060225,Temperature_2,25.89
1511950060227,Humidity_2,16.36894755257906
1511950060229,Brightness_2,13.0
1511950063731,Sound_P,60.20329792798059
1511950063735,PodiumIR,91
1511950066668,Temperature_1,26.01
1511950066671,Humidity_1,17.10886683618401
1511950066677,Temperature_2,25.89
1511950066679,Humidity_2,16.36894755257906
1511950066681,Brightness_2,13.0
1511950073740,Sound_P,61.023021476191225
1511950073744,PodiumIR,69
1511950083748,Sound_P,66.44593723960276
1511950083751,PodiumIR,94
1511950088377,Temperature_1,26.01
1511950088380,Humidity_1,17.10886683618401
1511950088386,Temperature_2,25.89
1511950088389,Humidity_2,16.36894755257906
1511950088391,Brightness_2,13.0
1511950093756,Sound_P,59.341519288975356
1511950093766,PodiumIR,77
1511950094785,Temperature_1,26.13
1511950094788,Humidity_1,17.10886683618401
1511950094793,Temperature_2,25.89
1511950094798,Humidity_2,16.36894755257906
1511950094801,Brightness_2,13.0
1511950101491,Temperature_1,26.13
1511950101494,Humidity_1,17.10886683618401
1511950101500,Temperature_2,25.89
1511950101502,Humidity_2,16.36894755257906
1511950101504,Brightness_2,13.0
1511950103776,Sound_P,62.551438321825636
1511950103779,PodiumIR,89
1511950107935,Temperature_1,26.13
1511950107938,Humidity_1,17.10886683618401
1511950107944,Temperature_2,25.89
1511950107946,Humidity_2,16.36894755257906
1511950107950,Brightness_2,13.0
1511950113786,Sound_P,61.023021476191225
1511950113789,PodiumIR,77
1511950114416,Temperature_1,26.13
1511950114419,Humidity_1,17.10886683618401
1511950114425,Temperature_2,25.89
1511950114427,Humidity_2,16.36894755257906
1511950114429,Brightness_2,13.0
1511950121419,Temperature_1,26.13
1511950121422,Humidity_1,17.10886683618401
1511950121428,Temperature_2,25.89
1511950121431,Humidity_2,16.36894755257906
1511950121433,Brightness_2,13.0
1511950123792,Sound_P,71.42349921662418
1511950123795,PodiumIR,90
1511950128115,Temperature_1,26.13
1511950128118,Humidity_1,17.10886683618401
1511950128124,Temperature_2,25.89
1511950128127,Humidity_2,16.36894755257906
1511950128130,Brightness_2,13.0
1511950133798,Sound_P,61.023021476191225
1511950133801,PodiumIR,88
1511950134534,Temperature_1,26.13
1511950134537,Humidity_1,17.10886683618401
1511950134543,Temperature_2,25.89
1511950134545,Humidity_2,16.36894755257906
1511950134550,Brightness_2,13.0
1511950141216,Temperature_1,26.13
1511950141219,Humidity_1,17.10886683618401
1511950141225,Temperature_2,25.89
1511950141228,Humidity_2,16.36894755257906
1511950141232,Brightness_2,13.0
1511950143804,Sound_P,61.80460425887306
1511950143807,PodiumIR,95
1511950147635,Temperature_1,26.13
1511950147638,Humidity_1,17.10886683618401
1511950147644,Temperature_2,25.89
1511950147646,Humidity_2,16.36894755257906
1511950147651,Brightness_2,13.0
1511950153810,Sound_P,63.26648240367583
1511950153813,PodiumIR,91
1511950154329,Temperature_1,26.01
1511950154332,Humidity_1,17.10886683618401
1511950154338,Temperature_2,25.89
1511950154340,Humidity_2,16.36894755257906
1511950154342,Brightness_2,13.0
1511950160770,Temperature_1,26.01
1511950160773,Humidity_1,17.10886683618401
1511950160779,Temperature_2,25.89
1511950160781,Humidity_2,16.36894755257906
1511950160785,Brightness_2,13.0
1511950163815,Sound_P,61.023021476191225
1511950163819,PodiumIR,135
1511950167431,Temperature_1,26.01
1511950167434,Humidity_1,17.10886683618401
1511950167439,Temperature_2,25.89
1511950167441,Humidity_2,16.36894755257906
1511950167446,Brightness_2,13.0
1511950173822,Sound_P,70.5390318503356
1511950173825,PodiumIR,86
1511950173844,Temperature_1,26.01
1511950173847,Humidity_1,17.10886683618401
1511950173853,Temperature_2,25.89
1511950173855,Humidity_2,16.36894755257906
1511950173857,Brightness_2,13.0
1511950180402,Temperature_1,26.01
1511950180405,Humidity_1,17.10886683618401
1511950180421,Temperature_2,25.89
1511950180424,Humidity_2,16.36894755257906
1511950180426,Brightness_2,13.0
1511950183828,Sound_P,61.80460425887306
1511950183831,PodiumIR,116
1511950187200,Temperature_1,26.01
1511950187202,Humidity_1,17.10886683618401
1511950187208,Temperature_2,25.89
1511950187210,Humidity_2,16.36894755257906
1511950187212,Brightness_2,13.0
1511950189214,Door,activate
1511950193833,Sound_P,68.0998289029382
1511950193837,PodiumIR,74
1511950193851,Temperature_1,26.01
1511950193854,Humidity_1,17.10886683618401
1511950193863,Temperature_2,25.89
1511950193865,Humidity_2,16.36894755257906
1511950193870,Brightness_2,13.0
1511950200263,Temperature_1,26.01
1511950200266,Humidity_1,17.10886683618401
1511950200272,Temperature_2,25.89
1511950200274,Humidity_2,16.36894755257906
1511950200279,Brightness_2,13.0
1511950203840,Sound_P,60.20329792798059
1511950203843,PodiumIR,94
1511950206683,Temperature_1,26.01
1511950206686,Humidity_1,17.10886683618401
1511950206692,Temperature_2,25.89
1511950206694,Humidity_2,16.36894755257906
1511950206697,Brightness_2,13.0
1511950213423,Temperature_1,26.01
1511950213426,Humidity_1,17.10886683618401
1511950213431,Temperature_2,25.89
1511950213434,Humidity_2,16.36894755257906
1511950213436,Brightness_2,13.0
1511950213845,Sound_P,59.341519288975356
1511950213849,PodiumIR,71
1511950220168,Temperature_1,26.01
1511950220171,Humidity_1,17.10886683618401
1511950220177,Temperature_2,25.89
1511950220181,Humidity_2,16.36894755257906
1511950220185,Brightness_2,13.0
1511950223852,Sound_P,69.60540278108363
1511950223857,PodiumIR,88
1511950226603,Temperature_1,26.01
1511950226606,Humidity_1,17.10886683618401
1511950226613,Temperature_2,25.89
1511950226619,Humidity_2,16.36894755257906
1511950226622,Brightness_2,13.0
1511950233300,Temperature_1,26.01
1511950233303,Humidity_1,17.10886683618401
1511950233309,Temperature_2,25.89
1511950233311,Humidity_2,16.36894755257906
1511950233313,Brightness_2,13.0
1511950233861,Sound_P,60.20329792798059
1511950233864,PodiumIR,98
1511950240069,Temperature_1,26.01
1511950240072,Humidity_1,17.10886683618401
1511950240078,Temperature_2,25.89
1511950240080,Humidity_2,16.36894755257906
1511950240082,Brightness_2,13.0
1511950243867,Sound_P,58.433135904413454
1511950243870,PodiumIR,92
1511950246518,Temperature_1,26.01
1511950246521,Humidity_1,17.10886683618401
1511950246527,Temperature_2,25.89
1511950246530,Humidity_2,16.36894755257906
1511950246534,Brightness_2,13.0
1511950253243,Temperature_1,26.01
1511950253246,Humidity_1,17.10886683618401
1511950253252,Temperature_2,25.89
1511950253254,Humidity_2,16.36894755257906
1511950253258,Brightness_2,13.0
1511950253873,Sound_P,59.341519288975356
1511950253877,PodiumIR,85
1511950259899,Temperature_1,26.01
1511950259902,Humidity_1,17.10886683618401
1511950259908,Temperature_2,25.89
1511950259910,Humidity_2,16.36894755257906
1511950259915,Brightness_2,13.0
1511950263882,Sound_P,63.26648240367583
1511950263886,PodiumIR,92
1511950266351,Temperature_1,26.01
1511950266354,Humidity_1,17.10886683618401
1511950266359,Temperature_2,25.89
1511950266362,Humidity_2,16.36894755257906
1511950266367,Brightness_2,14.0
1511950272757,Temperature_1,26.01
1511950272760,Humidity_1,17.10886683618401
1511950272766,Temperature_2,25.89
1511950272769,Humidity_2,16.36894755257906
1511950272773,Brightness_2,14.0
1511950273890,Sound_P,70.0787016850011
1511950273894,PodiumIR,79
1511950279467,Temperature_1,26.01
1511950279470,Humidity_1,17.10886683618401
1511950279475,Temperature_2,25.89
1511950279478,Humidity_2,16.36894755257906
1511950279482,Brightness_2,14.0
1511950283897,Sound_P,68.61682354019833
1511950283901,PodiumIR,92
1511950285916,Temperature_1,26.01
1511950285919,Humidity_1,17.10886683618401
1511950285925,Temperature_2,25.89
1511950285927,Humidity_2,16.36894755257906
1511950285929,Brightness_2,14.0
1511950292361,Temperature_1,26.01
1511950292364,Humidity_1,17.10886683618401
1511950292370,Temperature_2,25.89
1511950292373,Humidity_2,16.36894755257906
1511950292378,Brightness_2,14.0
1511950293907,Sound_P,64.61127993529891
1511950293911,PodiumIR,84
1511950299017,Temperature_1,26.01
1511950299020,Humidity_1,17.10886683618401
1511950299026,Temperature_2,25.89
1511950299030,Humidity_2,16.36894755257906
1511950299034,Brightness_2,14.0
1511950303917,Sound_P,73.45017003946069
1511950303920,PodiumIR,84
1511950305813,Temperature_1,26.01
1511950305817,Humidity_1,17.10886683618401
1511950305823,Temperature_2,25.89
1511950305825,Humidity_2,16.36894755257906
1511950305827,Brightness_2,14.0
1511950312414,Temperature_1,26.01
1511950312418,Humidity_1,17.10886683618401
1511950312424,Temperature_2,25.89
1511950312427,Humidity_2,16.36894755257906
1511950312431,Brightness_2,14.0
1511950313923,Sound_P,59.341519288975356
1511950313928,PodiumIR,90
1511950319094,Temperature_1,26.01
1511950319097,Humidity_1,17.10886683618401
1511950319102,Temperature_2,25.89
1511950319105,Humidity_2,16.36894755257906
1511950319107,Brightness_2,14.0
1511950323934,Sound_P,61.80460425887306
1511950323937,PodiumIR,90
1511950325539,Temperature_1,26.01
1511950325542,Humidity_1,17.10886683618401
1511950325548,Temperature_2,25.89
1511950325550,Humidity_2,16.36894755257906
1511950325555,Brightness_2,14.0
1511950331990,Temperature_1,26.01
1511950331993,Humidity_1,17.10886683618401
1511950331999,Temperature_2,25.89
1511950332002,Humidity_2,16.36894755257906
1511950332006,Brightness_2,13.0
1511950333940,Sound_P,64.61127993529891
1511950333944,PodiumIR,91
1511950338406,Temperature_1,26.01
1511950338414,Humidity_1,17.10886683618401
1511950338420,Temperature_2,25.89
1511950338423,Humidity_2,16.36894755257906
1511950338427,Brightness_2,13.0
1511950343950,Sound_P,58.433135904413454
1511950343963,PodiumIR,79
1511950344823,Temperature_1,26.01
1511950344825,Humidity_1,17.232186716784835
1511950344831,Temperature_2,25.89
1511950344833,Humidity_2,16.36894755257906
1511950344838,Brightness_2,13.0
1511950351549,Temperature_1,26.01
1511950351552,Humidity_1,17.232186716784835
1511950351558,Temperature_2,25.89
1511950351560,Humidity_2,16.36894755257906
1511950351562,Brightness_2,13.0
1511950353969,Sound_P,59.341519288975356
1511950353973,PodiumIR,86
1511950358000,Temperature_1,26.01
1511950358003,Humidity_1,17.232186716784835
1511950358009,Temperature_2,25.89
1511950358011,Humidity_2,16.36894755257906
1511950358017,Brightness_2,13.0
1511950363975,Sound_P,60.20329792798059
1511950363980,PodiumIR,75
1511950364413,Temperature_1,26.01
1511950364416,Humidity_1,17.232186716784835
1511950364422,Temperature_2,25.89
1511950364424,Humidity_2,16.36894755257906
1511950364429,Brightness_2,13.0
1511950371115,Temperature_1,26.01
1511950371118,Humidity_1,17.232186716784835
1511950371123,Temperature_2,25.89
1511950371126,Humidity_2,16.36894755257906
1511950371130,Brightness_2,13.0
1511950373985,Sound_P,63.26648240367583
1511950373989,PodiumIR,98
1511950377769,Temperature_1,26.01
1511950377772,Humidity_1,17.232186716784835
1511950377778,Temperature_2,25.89
1511950377780,Humidity_2,16.36894755257906
1511950377782,Brightness_2,13.0
1511950383991,Sound_P,64.61127993529891
1511950383994,PodiumIR,71
1511950384442,Temperature_1,26.01
1511950384445,Humidity_1,17.232186716784835
1511950384451,Temperature_2,25.89
1511950384453,Humidity_2,16.36894755257906
1511950384455,Brightness_2,13.0
1511950391393,Temperature_1,26.01
1511950391396,Humidity_1,17.232186716784835
1511950391403,Temperature_2,25.89
1511950391407,Humidity_2,16.36894755257906
1511950391410,Brightness_2,13.0
1511950393999,Sound_P,68.61682354019833
1511950394002,PodiumIR,84
1511950397791,Temperature_1,26.01
1511950397795,Humidity_1,17.232186716784835
1511950397800,Temperature_2,25.89
1511950397803,Humidity_2,16.36894755257906
1511950397805,Brightness_2,13.0
1511950404008,Sound_P,58.433135904413454
1511950404012,PodiumIR,111
1511950404399,Temperature_1,26.01
1511950404402,Humidity_1,17.232186716784835
1511950404419,Temperature_2,25.89
1511950404421,Humidity_2,16.36894755257906
1511950404423,Brightness_2,13.0
1511950411249,Temperature_1,26.01
1511950411252,Humidity_1,17.10886683618401
1511950411258,Temperature_2,25.89
1511950411263,Humidity_2,16.36894755257906
1511950411266,Brightness_2,13.0
1511950414017,Sound_P,59.341519288975356
1511950414024,PodiumIR,82
1511950417706,Temperature_1,26.01
1511950417709,Humidity_1,17.10886683618401
1511950417715,Temperature_2,25.89
1511950417720,Humidity_2,16.36894755257906
1511950417723,Brightness_2,13.0
1511950424028,Sound_P,61.80460425887306
1511950424031,PodiumIR,115
1511950424395,Temperature_1,26.01
1511950424399,Humidity_1,17.10886683618401
1511950424405,Temperature_2,25.89
1511950424415,Humidity_2,16.36894755257906
1511950424418,Brightness_2,13.0
1511950431115,Temperature_1,26.01
1511950431118,Humidity_1,17.10886683618401
1511950431124,Temperature_2,25.89
1511950431129,Humidity_2,16.36894755257906
1511950431133,Brightness_2,13.0
1511950434038,Sound_P,60.20329792798059
1511950434042,PodiumIR,76
1511950437772,Temperature_1,26.01
1511950437775,Humidity_1,17.10886683618401
1511950437780,Temperature_2,25.89
1511950437784,Humidity_2,16.36894755257906
1511950437795,Brightness_2,13.0
1511950444047,Sound_P,63.95233273361063
1511950444050,PodiumIR,93
1511950444211,Temperature_1,26.01
1511950444214,Humidity_1,17.10886683618401
1511950444220,Temperature_2,25.89
1511950444222,Humidity_2,16.36894755257906
1511950444224,Brightness_2,13.0
1511950450631,Temperature_1,26.01
1511950450634,Humidity_1,17.10886683618401
1511950450639,Temperature_2,25.89
1511950450641,Humidity_2,16.36894755257906
1511950450644,Brightness_2,13.0
1511950454055,Sound_P,58.433135904413454
1511950454058,PodiumIR,139
1511950457330,Temperature_1,26.01
1511950457333,Humidity_1,17.10886683618401
1511950457339,Temperature_2,25.89
1511950457341,Humidity_2,16.36894755257906
1511950457343,Brightness_2,13.0
1511950463789,Temperature_1,26.01
1511950463792,Humidity_1,17.10886683618401
1511950463797,Temperature_2,25.89
1511950463799,Humidity_2,16.36894755257906
1511950463802,Brightness_2,13.0
1511950464061,Sound_P,66.44593723960276
1511950464064,PodiumIR,88
1511950470232,Temperature_1,26.01
1511950470235,Humidity_1,17.10886683618401
1511950470241,Temperature_2,25.89
1511950470244,Humidity_2,16.36894755257906
1511950470247,Brightness_2,13.0
1511950474066,Sound_P,60.20329792798059
1511950474069,PodiumIR,94
1511950480127,Temperature_1,26.13
1511950480129,Humidity_1,17.10886683618401
1511950480134,Temperature_2,25.89
1511950480137,Humidity_2,16.36894755257906
1511950480139,Brightness_2,13.0
1511950484072,Sound_P,63.26648240367583
1511950484075,PodiumIR,111
1511950486468,Door,activate
1511950486596,Temperature_1,26.13
1511950486599,Humidity_1,17.10886683618401
1511950486604,Temperature_2,25.89
1511950486607,Humidity_2,16.36894755257906
1511950486610,Brightness_2,13.0
1511950487020,Door,activate
1511950493273,Temperature_1,26.13
1511950493276,Humidity_1,17.10886683618401
1511950493282,Temperature_2,25.89
1511950493284,Humidity_2,16.36894755257906
1511950493286,Brightness_2,13.0
1511950494078,Sound_P,61.80460425887306
1511950494081,PodiumIR,56
1511950497373,Door,activate
1511950498949,Door,activate
1511950504025,Temperature_1,26.13
1511950504037,Humidity_1,17.10886683618401
1511950504043,Temperature_2,25.89
1511950504045,Humidity_2,16.36894755257906
1511950504048,Brightness_2,13.0
1511950504084,Sound_P,63.26648240367583
1511950504087,PodiumIR,91
1511950510431,Temperature_1,26.13
1511950510434,Humidity_1,17.10886683618401
1511950510439,Temperature_2,25.89
1511950510442,Humidity_2,16.36894755257906
1511950510445,Brightness_2,13.0
1511950514090,Sound_P,64.61127993529891
1511950514093,PodiumIR,82
1511950517132,Temperature_1,26.13
1511950517135,Humidity_1,17.10886683618401
1511950517140,Temperature_2,25.89
1511950517141,Humidity_2,16.36894755257906
1511950517143,Brightness_2,13.0
1511950523584,Temperature_1,26.13
1511950523587,Humidity_1,17.10886683618401
1511950523592,Temperature_2,25.89
1511950523595,Humidity_2,16.36894755257906
1511950523597,Brightness_2,13.0
1511950524096,Sound_P,64.61127993529891
1511950524099,PodiumIR,107
1511950530240,Temperature_1,26.13
1511950530243,Humidity_1,17.10886683618401
1511950530249,Temperature_2,25.89
1511950530251,Humidity_2,16.36894755257906
1511950530253,Brightness_2,13.0
1511950534102,Sound_P,74.91204818426347
1511950534105,PodiumIR,101
1511950536650,Temperature_1,26.13
1511950536653,Humidity_1,17.10886683618401
1511950536658,Temperature_2,25.89
1511950536661,Humidity_2,16.36894755257906
1511950536664,Brightness_2,13.0
1511950543347,Temperature_1,26.13
1511950543350,Humidity_1,17.10886683618401
1511950543355,Temperature_2,25.89
1511950543358,Humidity_2,16.36894755257906
1511950543361,Brightness_2,13.0
1511950544108,Sound_P,67.56641902255494
1511950544111,PodiumIR,83
1511950549803,Temperature_1,26.13
1511950549806,Humidity_1,17.10886683618401
1511950549811,Temperature_2,25.89
1511950549814,Humidity_2,16.36894755257906
1511950549816,Brightness_2,13.0
1511950554114,Sound_P,64.61127993529891
1511950554119,PodiumIR,112
1511950556399,Temperature_1,26.13
1511950556402,Humidity_1,17.10886683618401
1511950556408,Temperature_2,25.89
1511950556410,Humidity_2,16.36894755257906
1511950556414,Brightness_2,13.0
1511950563111,Temperature_1,26.13
1511950563114,Humidity_1,17.10886683618401
1511950563120,Temperature_2,25.89
1511950563122,Humidity_2,16.36894755257906
1511950563124,Brightness_2,13.0
1511950564125,Sound_P,59.341519288975356
1511950564128,PodiumIR,74
1511950569870,Temperature_1,26.13
1511950569873,Humidity_1,17.10886683618401
1511950569879,Temperature_2,25.89
1511950569881,Humidity_2,16.36894755257906
1511950569884,Brightness_2,13.0
1511950574131,Sound_P,73.06392314376754
1511950574134,PodiumIR,91
1511950576278,Temperature_1,26.13
1511950576281,Humidity_1,17.10886683618401
1511950576287,Temperature_2,25.89
1511950576289,Humidity_2,16.36894755257906
1511950576293,Brightness_2,13.0
1511950582680,Temperature_1,26.13
1511950582683,Humidity_1,17.10886683618401
1511950582689,Temperature_2,25.89
1511950582691,Humidity_2,16.36894755257906
1511950582693,Brightness_2,13.0
1511950584137,Sound_P,72.26372429269907
1511950584140,PodiumIR,88
1511950589126,Temperature_1,26.13
1511950589129,Humidity_1,17.10886683618401
1511950589134,Temperature_2,25.89
1511950589137,Humidity_2,16.36894755257906
1511950589139,Brightness_2,13.0
1511950594143,Sound_P,61.80460425887306
1511950594146,PodiumIR,93
1511950595573,Temperature_1,26.13
1511950595575,Humidity_1,17.10886683618401
1511950595581,Temperature_2,25.89
1511950595583,Humidity_2,16.36894755257906
1511950595587,Brightness_2,13.0
1511950602023,Temperature_1,26.13
1511950602026,Humidity_1,17.10886683618401
1511950602032,Temperature_2,25.89
1511950602034,Humidity_2,16.36894755257906
1511950602037,Brightness_2,13.0
1511950604149,Sound_P,59.341519288975356
1511950604152,PodiumIR,86
1511950608420,Temperature_1,26.13
1511950608422,Humidity_1,17.10886683618401
1511950608427,Temperature_2,25.89
1511950608429,Humidity_2,16.36894755257906
1511950608432,Brightness_2,13.0
1511950614156,Sound_P,66.44593723960276
1511950614169,PodiumIR,74
1511950615131,Temperature_1,26.13
1511950615133,Humidity_1,17.10886683618401
1511950615139,Temperature_2,25.89
1511950615141,Humidity_2,16.36894755257906
1511950615143,Brightness_2,13.0
1511950621788,Temperature_1,26.13
1511950621791,Humidity_1,17.10886683618401
1511950621797,Temperature_2,25.89
1511950621799,Humidity_2,16.36894755257906
1511950621802,Brightness_2,13.0
1511950624173,Sound_P,57.472817393488484
1511950624176,PodiumIR,96
1511950628404,Temperature_1,26.13
1511950628408,Humidity_1,17.10886683618401
1511950628414,Temperature_2,25.89
1511950628417,Humidity_2,16.36894755257906
1511950628419,Brightness_2,13.0
1511950634183,Sound_P,61.023021476191225
1511950634186,PodiumIR,83
1511950635099,Temperature_1,26.13
1511950635102,Humidity_1,17.10886683618401
1511950635106,Temperature_2,25.89
1511950635109,Humidity_2,16.36894755257906
1511950635111,Brightness_2,13.0
1511950641550,Temperature_1,26.13
1511950641553,Humidity_1,17.10886683618401
1511950641558,Temperature_2,25.89
1511950641560,Humidity_2,16.36894755257906
1511950641563,Brightness_2,13.0
1511950644189,Sound_P,60.20329792798059
1511950644192,PodiumIR,90
1511950648037,Temperature_1,26.13
1511950648040,Humidity_1,17.10886683618401
1511950648046,Temperature_2,25.89
1511950648048,Humidity_2,16.245627671978234
1511950648050,Brightness_2,13.0
1511950654195,Sound_P,65.24535518573873
1511950654199,PodiumIR,98
1511950654507,Temperature_1,26.13
1511950654510,Humidity_1,17.10886683618401
1511950654515,Temperature_2,25.89
1511950654518,Humidity_2,16.245627671978234
1511950654520,Brightness_2,13.0
1511950661211,Temperature_1,26.13
1511950661214,Humidity_1,17.10886683618401
1511950661220,Temperature_2,25.89
1511950661223,Humidity_2,16.245627671978234
1511950661226,Brightness_2,13.0
1511950664205,Sound_P,64.61127993529891
1511950664208,PodiumIR,110
1511950667673,Temperature_1,26.01
1511950667675,Humidity_1,17.10886683618401
1511950667680,Temperature_2,25.89
1511950667682,Humidity_2,16.245627671978234
1511950667684,Brightness_2,13.0
1511950674114,Temperature_1,26.01
1511950674117,Humidity_1,17.10886683618401
1511950674122,Temperature_2,25.89
1511950674124,Humidity_2,16.245627671978234
1511950674128,Brightness_2,13.0
1511950674217,Sound_P,63.26648240367583
1511950674220,PodiumIR,126
1511950680520,Temperature_1,26.01
1511950680523,Humidity_1,17.10886683618401
1511950680528,Temperature_2,25.89
1511950680530,Humidity_2,16.245627671978234
1511950680533,Brightness_2,13.0
1511950684226,Sound_P,58.433135904413454
1511950684229,PodiumIR,132
1511950687221,Temperature_1,26.01
1511950687225,Humidity_1,17.10886683618401
1511950687230,Temperature_2,25.89
1511950687233,Humidity_2,16.245627671978234
1511950687236,Brightness_2,13.0
1511950693673,Temperature_1,26.01
1511950693676,Humidity_1,17.10886683618401
1511950693682,Temperature_2,25.89
1511950693684,Humidity_2,16.245627671978234
1511950693686,Brightness_2,13.0
1511950694232,Sound_P,61.80460425887306
1511950694235,PodiumIR,98
1511950700336,Temperature_1,26.01
1511950700339,Humidity_1,17.10886683618401
1511950700344,Temperature_2,25.89
1511950700347,Humidity_2,16.245627671978234
1511950700349,Brightness_2,13.0
1511950704237,Sound_P,59.341519288975356
1511950704241,PodiumIR,98
1511950706801,Temperature_1,26.01
1511950706804,Humidity_1,17.10886683618401
1511950706809,Temperature_2,25.89
1511950706812,Humidity_2,16.245627671978234
1511950706814,Brightness_2,13.0
1511950713231,Temperature_1,26.01
1511950713234,Humidity_1,17.10886683618401
1511950713240,Temperature_2,25.89
1511950713242,Humidity_2,16.245627671978234
1511950713245,Brightness_2,13.0
1511950714244,Sound_P,56.45426312235056
1511950714254,PodiumIR,56
1511950719684,Temperature_1,26.01
1511950719687,Humidity_1,17.10886683618401
1511950719693,Temperature_2,25.89
1511950719695,Humidity_2,16.245627671978234
1511950719697,Brightness_2,13.0
1511950724258,Sound_P,63.26648240367583
1511950724261,PodiumIR,72
1511950726340,Temperature_1,26.13
1511950726343,Humidity_1,17.10886683618401
1511950726348,Temperature_2,25.89
1511950726350,Humidity_2,16.245627671978234
1511950726353,Brightness_2,13.0
1511950732750,Temperature_1,26.13
1511950732753,Humidity_1,17.10886683618401
1511950732759,Temperature_2,25.89
1511950732761,Humidity_2,16.245627671978234
1511950732763,Brightness_2,13.0
1511950734263,Sound_P,65.8563679754536
1511950734266,PodiumIR,90
1511950739446,Temperature_1,26.13
1511950739449,Humidity_1,17.10886683618401
1511950739454,Temperature_2,25.89
1511950739457,Humidity_2,16.245627671978234
1511950739459,Brightness_2,13.0
1511950744275,Sound_P,64.61127993529891
1511950744278,PodiumIR,72
1511950746205,Temperature_1,26.13
1511950746208,Humidity_1,17.10886683618401
1511950746212,Temperature_2,25.89
1511950746214,Humidity_2,16.245627671978234
1511950746217,Brightness_2,13.0
1511950752619,Temperature_1,26.13
1511950752622,Humidity_1,17.10886683618401
1511950752627,Temperature_2,25.89
1511950752629,Humidity_2,16.245627671978234
1511950752632,Brightness_2,13.0
1511950754282,Sound_P,58.433135904413454
1511950754286,PodiumIR,77
1511950759313,Temperature_1,26.13
1511950759316,Humidity_1,17.10886683618401
1511950759322,Temperature_2,25.89
1511950759324,Humidity_2,16.245627671978234
1511950759326,Brightness_2,13.0
1511950764291,Sound_P,69.11838317407611
1511950764295,PodiumIR,90
1511950766071,Temperature_1,26.13
1511950766074,Humidity_1,17.10886683618401
1511950766079,Temperature_2,25.89
1511950766082,Humidity_2,16.245627671978234
1511950766084,Brightness_2,13.0
1511950772479,Temperature_1,26.13
1511950772482,Humidity_1,17.10886683618401
1511950772488,Temperature_2,26.01
1511950772490,Humidity_2,16.245627671978234
1511950772493,Brightness_2,12.0
1511950774298,Sound_P,59.341519288975356
1511950774301,PodiumIR,85
1511950779230,Temperature_1,26.13
1511950779233,Humidity_1,17.10886683618401
1511950779238,Temperature_2,26.01
1511950779241,Humidity_2,16.245627671978234
1511950779243,Brightness_2,12.0
1511950784304,Sound_P,71.42349921662418
1511950784307,PodiumIR,90
1511950785696,Temperature_1,26.13
1511950785699,Humidity_1,17.10886683618401
1511950785704,Temperature_2,26.01
1511950785707,Humidity_2,16.245627671978234
1511950785710,Brightness_2,12.0
1511950792388,Temperature_1,26.01
1511950792391,Humidity_1,17.10886683618401
1511950792397,Temperature_2,26.01
1511950792399,Humidity_2,16.245627671978234
1511950792402,Brightness_2,12.0
1511950794314,Sound_P,61.80460425887306
1511950794318,PodiumIR,90
1511950799147,Temperature_1,26.01
1511950799150,Humidity_1,17.10886683618401
1511950799155,Temperature_2,26.01
1511950799158,Humidity_2,16.245627671978234
1511950799161,Brightness_2,12.0
1511950804320,Sound_P,61.80460425887306
1511950804333,PodiumIR,86
1511950805905,Temperature_1,26.01
1511950805908,Humidity_1,17.10886683618401
1511950805913,Temperature_2,26.01
1511950805916,Humidity_2,16.245627671978234
1511950805918,Brightness_2,12.0
1511950812403,Temperature_1,26.01
1511950812406,Humidity_1,17.10886683618401
1511950812411,Temperature_2,26.01
1511950812413,Humidity_2,16.245627671978234
1511950812415,Brightness_2,12.0
1511950814340,Sound_P,62.551438321825636
1511950814343,PodiumIR,83
1511950819162,Temperature_1,26.01
1511950819165,Humidity_1,17.10886683618401
1511950819172,Temperature_2,26.01
1511950819174,Humidity_2,16.245627671978234
1511950819177,Brightness_2,12.0
1511950824346,Sound_P,73.45017003946069
1511950824350,PodiumIR,85
1511950825622,Temperature_1,26.01
1511950825625,Humidity_1,17.10886683618401
1511950825631,Temperature_2,26.01
1511950825634,Humidity_2,16.245627671978234
1511950825638,Brightness_2,12.0
1511950832324,Temperature_1,26.01
1511950832328,Humidity_1,17.10886683618401
1511950832334,Temperature_2,26.01
1511950832338,Humidity_2,16.245627671978234
1511950832341,Brightness_2,12.0
1511950834357,Sound_P,61.80460425887306
1511950834360,PodiumIR,96
1511950838756,Temperature_1,26.01
1511950838759,Humidity_1,17.10886683618401
1511950838765,Temperature_2,25.89
1511950838768,Humidity_2,16.245627671978234
1511950838772,Brightness_2,13.0
1511950844363,Sound_P,58.433135904413454
1511950844366,PodiumIR,94
1511950845432,Temperature_1,26.01
1511950845435,Humidity_1,17.10886683618401
1511950845441,Temperature_2,25.89
1511950845444,Humidity_2,16.245627671978234
1511950845447,Brightness_2,13.0
1511950851858,Temperature_1,26.01
1511950851861,Humidity_1,17.10886683618401
1511950851867,Temperature_2,25.89
1511950851870,Humidity_2,16.245627671978234
1511950851873,Brightness_2,13.0
1511950854374,Sound_P,63.26648240367583
1511950854377,PodiumIR,101
1511950858400,Temperature_1,26.01
1511950858404,Humidity_1,17.10886683618401
1511950858411,Temperature_2,25.89
1511950858415,Humidity_2,16.245627671978234
1511950858418,Brightness_2,13.0
1511950864384,Sound_P,57.472817393488484
1511950864388,PodiumIR,92
1511950865094,Temperature_1,26.01
1511950865097,Humidity_1,17.10886683618401
1511950865104,Temperature_2,25.89
1511950865106,Humidity_2,16.245627671978234
1511950865110,Brightness_2,13.0
1511950871752,Temperature_1,26.01
1511950871755,Humidity_1,17.10886683618401
1511950871762,Temperature_2,25.89
1511950871764,Humidity_2,16.245627671978234
1511950871767,Brightness_2,13.0
1511950874394,Sound_P,62.551438321825636
1511950874398,PodiumIR,104
1511950878158,Temperature_1,26.01
1511950878161,Humidity_1,17.10886683618401
1511950878168,Temperature_2,25.89
1511950878170,Humidity_2,16.245627671978234
1511950878174,Brightness_2,13.0
1511950884404,Sound_P,71.84886370856825
1511950884409,PodiumIR,90
1511950884578,Temperature_1,26.01
1511950884581,Humidity_1,17.10886683618401
1511950884587,Temperature_2,25.89
1511950884590,Humidity_2,16.245627671978234
1511950884593,Brightness_2,13.0
1511950891001,Temperature_1,26.01
1511950891005,Humidity_1,17.10886683618401
1511950891011,Temperature_2,25.89
1511950891014,Humidity_2,16.245627671978234
1511950891018,Brightness_2,13.0
1511950894417,Sound_P,70.5390318503356
1511950894421,PodiumIR,94
1511950897408,Temperature_1,26.01
1511950897411,Humidity_1,17.10886683618401
1511950897417,Temperature_2,25.89
1511950897420,Humidity_2,16.245627671978234
1511950897424,Brightness_2,13.0
1511950904108,Temperature_1,26.01
1511950904111,Humidity_1,17.10886683618401
1511950904118,Temperature_2,25.89
1511950904121,Humidity_2,16.1223077913774
1511950904124,Brightness_2,13.0
1511950904427,Sound_P,62.551438321825636
1511950904430,PodiumIR,88
1511950910587,Temperature_1,26.01
1511950910590,Humidity_1,17.10886683618401
1511950910596,Temperature_2,25.89
1511950910599,Humidity_2,16.1223077913774
1511950910602,Brightness_2,13.0
1511950914436,Sound_P,58.433135904413454
1511950914439,PodiumIR,95
1511950917318,Temperature_1,26.01
1511950917321,Humidity_1,16.86222707498236
1511950917328,Temperature_2,25.89
1511950917330,Humidity_2,16.1223077913774
1511950917334,Brightness_2,13.0
1511950923732,Temperature_1,26.01
1511950923736,Humidity_1,16.86222707498236
1511950923742,Temperature_2,25.89
1511950923745,Humidity_2,16.1223077913774
1511950923748,Brightness_2,13.0
1511950924446,Sound_P,71.42349921662418
1511950924449,PodiumIR,71
1511950930412,Temperature_1,26.01
1511950930416,Humidity_1,16.86222707498236
1511950930422,Temperature_2,25.89
1511950930426,Humidity_2,16.1223077913774
1511950930428,Brightness_2,13.0
1511950934455,Sound_P,64.61127993529891
1511950934459,PodiumIR,70
1511950940867,Temperature_1,26.01
1511950940870,Humidity_1,16.86222707498236
1511950940877,Temperature_2,25.89
1511950940879,Humidity_2,16.1223077913774
1511950940882,Brightness_2,13.0
1511950944464,Sound_P,62.551438321825636
1511950944468,PodiumIR,70
1511950947272,Temperature_1,26.01
1511950947275,Humidity_1,16.86222707498236
1511950947282,Temperature_2,25.89
1511950947284,Humidity_2,16.1223077913774
1511950947287,Brightness_2,13.0
1511950954005,Temperature_1,26.01
1511950954008,Humidity_1,16.86222707498236
1511950954014,Temperature_2,25.89
1511950954017,Humidity_2,16.1223077913774
1511950954021,Brightness_2,13.0
1511950954474,Sound_P,71.42349921662418
1511950954477,PodiumIR,99
1511950960425,Temperature_1,26.01
1511950960428,Humidity_1,16.86222707498236
1511950960434,Temperature_2,25.89
1511950960437,Humidity_2,16.1223077913774
1511950960440,Brightness_2,13.0
1511950964483,Sound_P,68.0998289029382
1511950964494,PodiumIR,131
1511950967188,Temperature_1,26.01
1511950967191,Humidity_1,16.86222707498236
1511950967198,Temperature_2,25.89
1511950967200,Humidity_2,16.245627671978234
1511950967204,Brightness_2,13.0
1511950973641,Temperature_1,26.01
1511950973645,Humidity_1,16.86222707498236
1511950973651,Temperature_2,25.89
1511950973654,Humidity_2,16.245627671978234
1511950973656,Brightness_2,13.0
1511950974500,Sound_P,76.89092096632638
1511950974503,PodiumIR,72
1511950980098,Temperature_1,25.89
1511950980101,Humidity_1,17.10886683618401
1511950980107,Temperature_2,25.89
1511950980110,Humidity_2,16.245627671978234
1511950980114,Brightness_2,13.0
1511950984509,Sound_P,58.433135904413454
1511950984512,PodiumIR,90
1511950986510,Temperature_1,25.89
1511950986514,Humidity_1,17.10886683618401
1511950986520,Temperature_2,25.89
1511950986523,Humidity_2,16.245627671978234
1511950986527,Brightness_2,13.0
1511950993198,Temperature_1,25.89
1511950993201,Humidity_1,17.10886683618401
1511950993207,Temperature_2,25.89
1511950993210,Humidity_2,16.245627671978234
1511950993213,Brightness_2,13.0
1511950994519,Sound_P,65.24535518573873
1511950994522,PodiumIR,79
1511951002830,Temperature_1,25.89
1511951002834,Humidity_1,17.10886683618401
1511951002840,Temperature_2,25.89
1511951002843,Humidity_2,16.245627671978234
1511951002845,Brightness_2,13.0
1511951004528,Sound_P,69.60540278108363
1511951004531,PodiumIR,87
1511951009588,Temperature_1,25.89
1511951009591,Humidity_1,17.10886683618401
1511951009598,Temperature_2,25.89
1511951009600,Humidity_2,16.245627671978234
1511951009603,Brightness_2,13.0
1511951014538,Sound_P,61.80460425887306
1511951014541,PodiumIR,92
1511951016040,Temperature_1,25.89
1511951016044,Humidity_1,17.10886683618401
1511951016050,Temperature_2,25.89
1511951016053,Humidity_2,16.245627671978234
1511951016055,Brightness_2,13.0
1511951022456,Temperature_1,25.89
1511951022460,Humidity_1,17.10886683618401
1511951022466,Temperature_2,25.89
1511951022469,Humidity_2,16.245627671978234
1511951022472,Brightness_2,13.0
1511951024547,Sound_P,66.44593723960276
1511951024550,PodiumIR,86
1511951029141,Temperature_1,25.89
1511951029144,Humidity_1,17.10886683618401
1511951029151,Temperature_2,25.89
1511951029153,Humidity_2,16.245627671978234
1511951029157,Brightness_2,12.0
1511951034556,Sound_P,72.26372429269907
1511951034560,PodiumIR,112
1511951035593,Temperature_1,25.89
1511951035596,Humidity_1,17.10886683618401
1511951035602,Temperature_2,25.89
1511951035605,Humidity_2,16.245627671978234
1511951035608,Brightness_2,12.0
1511951042350,Temperature_1,25.89
1511951042354,Humidity_1,17.10886683618401
1511951042360,Temperature_2,25.89
1511951042363,Humidity_2,16.245627671978234
1511951042367,Brightness_2,12.0
1511951044566,Sound_P,65.24535518573873
1511951044569,PodiumIR,85
1511951048780,Temperature_1,26.01
1511951048782,Humidity_1,17.10886683618401
1511951048787,Temperature_2,25.89
1511951048791,Humidity_2,16.245627671978234
1511951048794,Brightness_2,12.0
1511951054576,Sound_P,69.60540278108363
1511951054579,PodiumIR,87
1511951055459,Temperature_1,26.01
1511951055462,Humidity_1,17.10886683618401
1511951055468,Temperature_2,25.89
1511951055471,Humidity_2,16.245627671978234
1511951055474,Brightness_2,12.0
1511951061909,Temperature_1,26.01
1511951061912,Humidity_1,17.10886683618401
1511951061918,Temperature_2,25.89
1511951061921,Humidity_2,16.245627671978234
1511951061925,Brightness_2,12.0
1511951064585,Sound_P,71.42349921662418
1511951064593,PodiumIR,63
1511951068316,Temperature_1,26.01
1511951068319,Humidity_1,17.10886683618401
1511951068325,Temperature_2,25.89
1511951068327,Humidity_2,16.245627671978234
1511951068330,Brightness_2,12.0
1511951074599,Sound_P,63.95233273361063
1511951074603,PodiumIR,106
1511951074755,Temperature_1,26.01
1511951074758,Humidity_1,17.10886683618401
1511951074764,Temperature_2,25.89
1511951074767,Humidity_2,16.245627671978234
1511951074770,Brightness_2,12.0
1511951081473,Temperature_1,26.01
1511951081475,Humidity_1,17.10886683618401
1511951081480,Temperature_2,25.89
1511951081482,Humidity_2,16.245627671978234
1511951081485,Brightness_2,12.0
1511951084609,Sound_P,68.61682354019833
1511951084612,PodiumIR,89
1511951087941,Temperature_1,26.01
1511951087943,Humidity_1,17.10886683618401
1511951087949,Temperature_2,25.89
1511951087951,Humidity_2,16.245627671978234
1511951087954,Brightness_2,12.0
1511951094400,Temperature_1,26.01
1511951094403,Humidity_1,17.10886683618401
1511951094409,Temperature_2,25.89
1511951094412,Humidity_2,16.245627671978234
1511951094415,Brightness_2,13.0
1511951094619,Sound_P,61.023021476191225
1511951094622,PodiumIR,86
1511951101129,Temperature_1,26.01
1511951101132,Humidity_1,17.10886683618401
1511951101138,Temperature_2,25.89
1511951101140,Humidity_2,16.245627671978234
1511951101143,Brightness_2,13.0
1511951104628,Sound_P,70.987085069563
1511951104631,PodiumIR,99
1511951107581,Temperature_1,26.01
1511951107584,Humidity_1,17.10886683618401
1511951107590,Temperature_2,25.89
1511951107592,Humidity_2,16.245627671978234
1511951107594,Brightness_2,13.0
1511951113989,Temperature_1,26.01
1511951113993,Humidity_1,17.10886683618401
1511951113999,Temperature_2,25.89
1511951114002,Humidity_2,16.245627671978234
1511951114006,Brightness_2,13.0
1511951114638,Sound_P,61.023021476191225
1511951114642,PodiumIR,76
1511951120403,Temperature_1,26.01
1511951120407,Humidity_1,17.10886683618401
1511951120414,Temperature_2,25.89
1511951120417,Humidity_2,16.245627671978234
1511951120421,Brightness_2,13.0
1511951124648,Sound_P,73.06392314376754
1511951124651,PodiumIR,114
1511951127139,Temperature_1,26.01
1511951127142,Humidity_1,17.10886683618401
1511951127148,Temperature_2,25.89
1511951127151,Humidity_2,16.245627671978234
1511951127155,Brightness_2,13.0
1511951133591,Temperature_1,26.01
1511951133594,Humidity_1,17.10886683618401
1511951133600,Temperature_2,25.89
1511951133603,Humidity_2,16.245627671978234
1511951133607,Brightness_2,13.0
1511951134657,Sound_P,68.61682354019833
1511951134660,PodiumIR,85
1511951140046,Temperature_1,26.01
1511951140050,Humidity_1,17.10886683618401
1511951140056,Temperature_2,25.89
1511951140058,Humidity_2,16.245627671978234
1511951140061,Brightness_2,13.0
1511951144666,Sound_P,63.95233273361063
1511951144670,PodiumIR,87
1511951146449,Temperature_1,26.01
1511951146452,Humidity_1,17.10886683618401
1511951146459,Temperature_2,25.89
1511951146462,Humidity_2,16.245627671978234
1511951146466,Brightness_2,13.0
1511951153186,Temperature_1,26.01
1511951153188,Humidity_1,17.10886683618401
1511951153192,Temperature_2,25.89
1511951153194,Humidity_2,16.1223077913774
1511951153196,Brightness_2,12.0
1511951154676,Sound_P,72.26372429269907
1511951154679,PodiumIR,74
1511951159700,Temperature_1,26.01
1511951159703,Humidity_1,17.10886683618401
1511951159709,Temperature_2,25.89
1511951159711,Humidity_2,16.1223077913774
1511951159713,Brightness_2,12.0
1511951164685,Sound_P,68.61682354019833
1511951164688,PodiumIR,125
1511951166359,Temperature_1,26.01
1511951166362,Humidity_1,17.10886683618401
1511951166368,Temperature_2,25.89
1511951166370,Humidity_2,16.1223077913774
1511951166373,Brightness_2,12.0
1511951172810,Temperature_1,26.01
1511951172813,Humidity_1,16.985546955583185
1511951172819,Temperature_2,25.89
1511951172821,Humidity_2,16.1223077913774
1511951172824,Brightness_2,12.0
1511951174694,Sound_P,69.60540278108363
1511951174698,PodiumIR,77
1511951179266,Temperature_1,26.01
1511951179269,Humidity_1,16.985546955583185
1511951179275,Temperature_2,25.89
1511951179277,Humidity_2,16.1223077913774
1511951179280,Brightness_2,12.0
1511951184704,Sound_P,61.80460425887306
1511951184713,PodiumIR,85
1511951185924,Temperature_1,26.01
1511951185927,Humidity_1,16.985546955583185
1511951185941,Temperature_2,25.89
1511951185944,Humidity_2,16.1223077913774
1511951185947,Brightness_2,12.0
1511951192416,Temperature_1,26.01
1511951192419,Humidity_1,16.985546955583185
1511951192424,Temperature_2,25.89
1511951192427,Humidity_2,16.1223077913774
1511951192429,Brightness_2,12.0
1511951194719,Sound_P,62.551438321825636
1511951194722,PodiumIR,81
1511951199127,Temperature_1,26.01
1511951199131,Humidity_1,16.985546955583185
1511951199136,Temperature_2,25.89
1511951199139,Humidity_2,16.1223077913774
1511951199141,Brightness_2,12.0
1511951204729,Sound_P,62.551438321825636
1511951204732,PodiumIR,82
1511951205524,Temperature_1,26.01
1511951205527,Humidity_1,16.985546955583185
1511951205533,Temperature_2,25.89
1511951205535,Humidity_2,16.1223077913774
1511951205538,Brightness_2,12.0
1511951212264,Temperature_1,26.01
1511951212267,Humidity_1,16.985546955583185
1511951212273,Temperature_2,25.89
1511951212275,Humidity_2,16.1223077913774
1511951212278,Brightness_2,12.0
1511951214739,Sound_P,79.48080653810413
1511951214750,PodiumIR,104
1511951218709,Temperature_1,26.01
1511951218713,Humidity_1,16.985546955583185
1511951218718,Temperature_2,25.89
1511951218721,Humidity_2,15.998987910776574
1511951218723,Brightness_2,13.0
1511951224757,Sound_P,71.84886370856825
1511951224761,PodiumIR,86
1511951225240,Temperature_1,26.01
1511951225243,Humidity_1,16.985546955583185
1511951225248,Temperature_2,25.89
1511951225251,Humidity_2,15.998987910776574
1511951225254,Brightness_2,13.0
1511951231691,Temperature_1,26.01
1511951231694,Humidity_1,16.985546955583185
1511951231700,Temperature_2,25.89
1511951231702,Humidity_2,15.998987910776574
1511951231705,Brightness_2,13.0
1511951234767,Sound_P,74.19700410241327
1511951234770,PodiumIR,80
1511951238104,Temperature_1,26.01
1511951238107,Humidity_1,16.985546955583185
1511951238113,Temperature_2,25.89
1511951238115,Humidity_2,15.998987910776574
1511951238119,Brightness_2,13.0
1511951244504,Temperature_1,26.01
1511951244507,Humidity_1,16.985546955583185
1511951244513,Temperature_2,25.89
1511951244515,Humidity_2,15.998987910776574
1511951244519,Brightness_2,13.0
1511951244776,Sound_P,64.61127993529891
1511951244779,PodiumIR,91
1511951250965,Temperature_1,26.01
1511951250969,Humidity_1,16.985546955583185
1511951250974,Temperature_2,25.89
1511951250977,Humidity_2,15.998987910776574
1511951250980,Brightness_2,13.0
1511951254785,Sound_P,61.023021476191225
1511951254788,PodiumIR,91
1511951257395,Temperature_1,26.01
1511951257398,Humidity_1,16.985546955583185
1511951257404,Temperature_2,25.89
1511951257406,Humidity_2,15.998987910776574
1511951257408,Brightness_2,13.0
1511951264795,Sound_P,70.987085069563
1511951264798,PodiumIR,87
1511951264814,Temperature_1,26.01
1511951264817,Humidity_1,16.985546955583185
1511951264822,Temperature_2,25.89
1511951264824,Humidity_2,15.998987910776574
1511951264827,Brightness_2,13.0
1511951271236,Temperature_1,26.01
1511951271239,Humidity_1,16.985546955583185
1511951271244,Temperature_2,25.89
1511951271246,Humidity_2,15.998987910776574
1511951271249,Brightness_2,13.0
1511951274804,Sound_P,64.61127993529891
1511951274807,PodiumIR,82
1511951277777,Temperature_1,26.01
1511951277780,Humidity_1,16.985546955583185
1511951277785,Temperature_2,25.89
1511951277788,Humidity_2,15.998987910776574
1511951277790,Brightness_2,13.0
1511951284228,Temperature_1,26.01
1511951284231,Humidity_1,16.985546955583185
1511951284237,Temperature_2,25.89
1511951284239,Humidity_2,15.998987910776574
1511951284241,Brightness_2,13.0
1511951284813,Sound_P,72.26372429269907
1511951284818,PodiumIR,88
1511951290634,Temperature_1,26.01
1511951290637,Humidity_1,16.985546955583185
1511951290642,Temperature_2,25.89
1511951290645,Humidity_2,15.998987910776574
1511951290648,Brightness_2,13.0
1511951294821,Sound_P,63.95233273361063
1511951294824,PodiumIR,78
1511951297330,Temperature_1,26.01
1511951297333,Humidity_1,16.985546955583185
1511951297338,Temperature_2,25.89
1511951297340,Humidity_2,15.998987910776574
1511951297343,Brightness_2,13.0
1511951303889,Temperature_1,25.89
1511951303892,Humidity_1,16.86222707498236
1511951303898,Temperature_2,25.89
1511951303900,Humidity_2,15.998987910776574
1511951303902,Brightness_2,13.0
1511951304837,Sound_P,70.987085069563
1511951304840,PodiumIR,129
1511951310401,Temperature_1,25.89
1511951310404,Humidity_1,16.86222707498236
1511951310410,Temperature_2,25.89
1511951310413,Humidity_2,15.998987910776574
1511951310416,Brightness_2,13.0
1511951314846,Sound_P,63.26648240367583
1511951314850,PodiumIR,89
1511951316875,Temperature_1,25.89
1511951316878,Humidity_1,16.86222707498236
1511951316884,Temperature_2,25.89
1511951316887,Humidity_2,15.998987910776574
1511951316890,Brightness_2,13.0
1511951323546,Temperature_1,25.89
1511951323549,Humidity_1,16.86222707498236
1511951323554,Temperature_2,25.89
1511951323556,Humidity_2,15.998987910776574
1511951323559,Brightness_2,13.0
1511951324855,Sound_P,58.433135904413454
1511951324859,PodiumIR,64
1511951330201,Temperature_1,25.89
1511951330204,Humidity_1,16.86222707498236
1511951330210,Temperature_2,25.89
1511951330212,Humidity_2,15.998987910776574
1511951330224,Brightness_2,13.0
1511951334863,Sound_P,62.551438321825636
1511951334867,PodiumIR,86
1511951336614,Temperature_1,25.89
1511951336617,Humidity_1,16.86222707498236
1511951336622,Temperature_2,25.89
1511951336624,Humidity_2,15.998987910776574
1511951336627,Brightness_2,13.0
1511951343309,Temperature_1,25.89
1511951343311,Humidity_1,16.86222707498236
1511951343316,Temperature_2,25.89
1511951343318,Humidity_2,15.998987910776574
1511951343320,Brightness_2,13.0
1511951344874,Sound_P,60.20329792798059
1511951344886,PodiumIR,91
1511951350079,Temperature_1,25.89
1511951350082,Humidity_1,16.86222707498236
1511951350087,Temperature_2,25.89
1511951350089,Humidity_2,15.998987910776574
1511951350092,Brightness_2,13.0
1511951354891,Sound_P,60.20329792798059
1511951354895,PodiumIR,88
1511951359635,Temperature_1,25.89
1511951359638,Humidity_1,16.86222707498236
1511951359643,Temperature_2,25.89
1511951359645,Humidity_2,15.998987910776574
1511951359648,Brightness_2,13.0
1511951364897,Sound_P,60.20329792798059
1511951364901,PodiumIR,85
1511951366378,Temperature_1,26.01
1511951366381,Humidity_1,16.985546955583185
1511951366386,Temperature_2,25.89
1511951366389,Humidity_2,15.998987910776574
1511951366391,Brightness_2,13.0
1511951373112,Temperature_1,26.01
1511951373115,Humidity_1,16.985546955583185
1511951373121,Temperature_2,25.89
1511951373123,Humidity_2,15.998987910776574
1511951373125,Brightness_2,13.0
1511951374903,Sound_P,79.48080653810413
1511951374907,PodiumIR,78
1511951379769,Temperature_1,26.01
1511951379771,Humidity_1,16.985546955583185
1511951379776,Temperature_2,25.89
1511951379778,Humidity_2,15.998987910776574
1511951379780,Brightness_2,13.0
1511951384909,Sound_P,76.89092096632638
1511951384915,PodiumIR,108
1511951386162,Temperature_1,26.01
1511951386165,Humidity_1,16.985546955583185
1511951386171,Temperature_2,25.89
1511951386173,Humidity_2,15.998987910776574
1511951386175,Brightness_2,13.0
1511951392575,Temperature_1,26.01
1511951392578,Humidity_1,16.985546955583185
1511951392584,Temperature_2,25.89
1511951392586,Humidity_2,15.998987910776574
1511951392588,Brightness_2,13.0
1511951394925,Sound_P,70.0787016850011
1511951394928,PodiumIR,85
1511951399015,Temperature_1,26.01
1511951399018,Humidity_1,16.985546955583185
1511951399023,Temperature_2,25.89
1511951399025,Humidity_2,15.998987910776574
1511951399027,Brightness_2,13.0
1511951404931,Sound_P,59.341519288975356
1511951404934,PodiumIR,118
1511951405780,Temperature_1,26.01
1511951405783,Humidity_1,16.985546955583185
1511951405789,Temperature_2,25.89
1511951405791,Humidity_2,15.998987910776574
1511951405793,Brightness_2,13.0
1511951412403,Temperature_1,26.01
1511951412407,Humidity_1,16.985546955583185
1511951412414,Temperature_2,25.89
1511951412417,Humidity_2,15.998987910776574
1511951412421,Brightness_2,13.0
1511951414936,Sound_P,63.26648240367583
1511951414939,PodiumIR,80
1511951424941,Sound_P,64.61127993529891
1511951424945,PodiumIR,116
1511951425447,Temperature_1,25.89
1511951425449,Humidity_1,16.86222707498236
1511951425452,Temperature_2,25.89
1511951425453,Humidity_2,15.998987910776574
1511951425456,Brightness_2,13.0
1511951432211,Temperature_1,25.89
1511951432213,Humidity_1,16.86222707498236
1511951432218,Temperature_2,25.89
1511951432220,Humidity_2,15.998987910776574
1511951432222,Brightness_2,13.0
1511951434948,Sound_P,60.20329792798059
1511951434952,PodiumIR,91
1511951438622,Temperature_1,25.89
1511951438625,Humidity_1,16.86222707498236
1511951438630,Temperature_2,25.89
1511951438633,Humidity_2,15.998987910776574
1511951438635,Brightness_2,13.0
1511951444961,Sound_P,57.472817393488484
1511951444964,PodiumIR,78
1511951445040,Temperature_1,25.89
1511951445043,Humidity_1,16.86222707498236
1511951445049,Temperature_2,25.89
1511951445051,Humidity_2,15.998987910776574
1511951445053,Brightness_2,13.0
1511951451650,Temperature_1,25.89
1511951451653,Humidity_1,16.86222707498236
1511951451659,Temperature_2,25.89
1511951451661,Humidity_2,15.998987910776574
1511951451664,Brightness_2,13.0
1511951454976,Sound_P,70.0787016850011
1511951454979,PodiumIR,99
1511951458101,Temperature_1,25.89
1511951458104,Humidity_1,16.86222707498236
1511951458110,Temperature_2,25.89
1511951458112,Humidity_2,15.998987910776574
1511951458115,Brightness_2,13.0
1511951464513,Temperature_1,25.89
1511951464515,Humidity_1,16.86222707498236
1511951464520,Temperature_2,25.89
1511951464522,Humidity_2,15.998987910776574
1511951464525,Brightness_2,13.0
1511951464988,Sound_P,64.61127993529891
1511951464992,PodiumIR,97
1511951471208,Temperature_1,25.89
1511951471211,Humidity_1,16.86222707498236
1511951471217,Temperature_2,25.89
1511951471219,Humidity_2,15.998987910776574
1511951471221,Brightness_2,13.0
1511951474997,Sound_P,68.0998289029382
1511951475000,PodiumIR,86
1511951477967,Temperature_1,25.89
1511951477970,Humidity_1,16.86222707498236
1511951477975,Temperature_2,25.89
1511951477978,Humidity_2,15.998987910776574
1511951477980,Brightness_2,13.0
1511951484399,Temperature_1,25.89
1511951484402,Humidity_1,16.86222707498236
1511951484408,Temperature_2,25.89
1511951484411,Humidity_2,15.998987910776574
1511951484413,Brightness_2,13.0
1511951485005,Sound_P,67.01551720930587
1511951485009,PodiumIR,90
1511951491099,Temperature_1,25.89
1511951491101,Humidity_1,16.985546955583185
1511951491107,Temperature_2,25.89
1511951491110,Humidity_2,15.998987910776574
1511951491113,Brightness_2,13.0
1511951495011,Sound_P,61.80460425887306
1511951495014,PodiumIR,97
1511951497671,Temperature_1,25.89
1511951497674,Humidity_1,16.985546955583185
1511951497679,Temperature_2,25.89
1511951497681,Humidity_2,15.998987910776574
1511951497684,Brightness_2,13.0
1511951504386,Temperature_1,25.89
1511951504389,Humidity_1,16.985546955583185
1511951504395,Temperature_2,25.89
1511951504397,Humidity_2,15.998987910776574
1511951504399,Brightness_2,13.0
1511951505018,Sound_P,61.80460425887306
1511951505021,PodiumIR,84
1511951510861,Temperature_1,25.89
1511951510864,Humidity_1,16.985546955583185
1511951510869,Temperature_2,25.89
1511951510871,Humidity_2,15.998987910776574
1511951510874,Brightness_2,13.0
1511951515023,Sound_P,60.20329792798059
1511951515027,PodiumIR,131
1511951517348,Temperature_1,25.89
1511951517351,Humidity_1,16.985546955583185
1511951517356,Temperature_2,25.89
1511951517359,Humidity_2,15.998987910776574
1511951517361,Brightness_2,13.0
1511951524048,Temperature_1,25.89
1511951524050,Humidity_1,16.985546955583185
1511951524056,Temperature_2,25.89
1511951524058,Humidity_2,15.998987910776574
1511951524061,Brightness_2,13.0
1511951525029,Sound_P,63.26648240367583
1511951525033,PodiumIR,88
1511951530465,Temperature_1,25.89
1511951530468,Humidity_1,16.985546955583185
1511951530473,Temperature_2,25.89
1511951530475,Humidity_2,15.998987910776574
1511951530478,Brightness_2,13.0
1511951535035,Sound_P,61.80460425887306
1511951535038,PodiumIR,96
1511951537162,Temperature_1,25.89
1511951537165,Humidity_1,16.985546955583185
1511951537170,Temperature_2,25.89
1511951537172,Humidity_2,15.998987910776574
1511951537174,Brightness_2,12.0
1511951543812,Temperature_1,25.89
1511951543815,Humidity_1,16.985546955583185
1511951543820,Temperature_2,25.89
1511951543822,Humidity_2,15.998987910776574
1511951543825,Brightness_2,12.0
1511951545041,Sound_P,60.20329792798059
1511951545044,PodiumIR,89
1511951550212,Temperature_1,25.89
1511951550215,Humidity_1,16.985546955583185
1511951550221,Temperature_2,25.89
1511951550223,Humidity_2,15.998987910776574
1511951550226,Brightness_2,12.0
1511951555047,Sound_P,57.472817393488484
1511951555050,PodiumIR,97
1511951556681,Temperature_1,26.01
1511951556684,Humidity_1,16.985546955583185
1511951556690,Temperature_2,25.89
1511951556692,Humidity_2,15.998987910776574
1511951556694,Brightness_2,12.0
1511951563370,Temperature_1,26.01
1511951563373,Humidity_1,16.985546955583185
1511951563378,Temperature_2,25.89
1511951563381,Humidity_2,15.998987910776574
1511951563384,Brightness_2,12.0
1511951565052,Sound_P,56.45426312235056
1511951565056,PodiumIR,132
1511951569848,Temperature_1,26.01
1511951569851,Humidity_1,16.985546955583185
1511951569857,Temperature_2,25.89
1511951569859,Humidity_2,15.998987910776574
1511951569861,Brightness_2,12.0
1511951575059,Sound_P,70.5390318503356
1511951575068,PodiumIR,174
1511951576379,Temperature_1,26.01
1511951576382,Humidity_1,16.985546955583185
1511951576387,Temperature_2,25.89
1511951576389,Humidity_2,15.998987910776574
1511951576391,Brightness_2,12.0
1511951582826,Temperature_1,26.01
1511951582829,Humidity_1,16.985546955583185
1511951582834,Temperature_2,25.89
1511951582837,Humidity_2,15.998987910776574
1511951582840,Brightness_2,12.0
1511951585075,Sound_P,60.20329792798059
1511951585078,PodiumIR,90
1511951589687,Temperature_1,26.01
1511951589690,Humidity_1,16.985546955583185
1511951589696,Temperature_2,25.89
1511951589698,Humidity_2,15.998987910776574
1511951589702,Brightness_2,12.0
1511951595081,Sound_P,58.433135904413454
1511951595088,PodiumIR,60
1511951596081,Temperature_1,26.01
1511951596084,Humidity_1,16.985546955583185
1511951596089,Temperature_2,25.89
1511951596092,Humidity_2,15.998987910776574
1511951596094,Brightness_2,12.0
1511951602487,Temperature_1,26.01
1511951602490,Humidity_1,16.985546955583185
1511951602495,Temperature_2,25.89
1511951602497,Humidity_2,15.998987910776574
1511951602500,Brightness_2,13.0
1511951605091,Sound_P,61.023021476191225
1511951605094,PodiumIR,92
1511951608955,Temperature_1,26.01
1511951608959,Humidity_1,16.985546955583185
1511951608964,Temperature_2,25.89
1511951608966,Humidity_2,15.998987910776574
1511951608969,Brightness_2,13.0
1511951615097,Sound_P,58.433135904413454
1511951615100,PodiumIR,88
1511951615697,Temperature_1,26.01
1511951615700,Humidity_1,16.86222707498236
1511951615706,Temperature_2,25.89
1511951615708,Humidity_2,15.998987910776574
1511951615711,Brightness_2,13.0
1511951622157,Temperature_1,26.01
1511951622160,Humidity_1,16.86222707498236
1511951622166,Temperature_2,25.89
1511951622168,Humidity_2,15.998987910776574
1511951622170,Brightness_2,13.0
1511951625103,Sound_P,61.80460425887306
1511951625106,PodiumIR,86
1511951628561,Temperature_1,26.01
1511951628564,Humidity_1,16.86222707498236
1511951628569,Temperature_2,25.89
1511951628571,Humidity_2,15.998987910776574
1511951628575,Brightness_2,13.0
1511951635109,Sound_P,60.20329792798059
1511951635112,PodiumIR,94
1511951635133,Temperature_1,26.01
1511951635136,Humidity_1,16.86222707498236
1511951635142,Temperature_2,25.89
1511951635145,Humidity_2,15.998987910776574
1511951635147,Brightness_2,13.0
1511951641580,Temperature_1,26.01
1511951641583,Humidity_1,16.86222707498236
1511951641589,Temperature_2,25.89
1511951641591,Humidity_2,15.998987910776574
1511951641593,Brightness_2,13.0
1511951645114,Sound_P,71.42349921662418
1511951645118,PodiumIR,143
1511951648265,Temperature_1,26.01
1511951648269,Humidity_1,16.86222707498236
1511951648274,Temperature_2,25.89
1511951648277,Humidity_2,15.998987910776574
1511951648279,Brightness_2,13.0
1511951654680,Temperature_1,26.01
1511951654683,Humidity_1,16.86222707498236
1511951654689,Temperature_2,25.89
1511951654691,Humidity_2,15.998987910776574
1511951654693,Brightness_2,13.0
1511951655120,Sound_P,67.01551720930587
1511951655123,PodiumIR,85
1511951661786,Temperature_1,26.01
1511951661789,Humidity_1,16.86222707498236
1511951661794,Temperature_2,25.89
1511951661797,Humidity_2,15.875668030175758
1511951661799,Brightness_2,12.0
1511951665129,Sound_P,59.341519288975356
1511951665133,PodiumIR,68
1511951668399,Temperature_1,26.01
1511951668402,Humidity_1,16.86222707498236
1511951668408,Temperature_2,25.89
1511951668410,Humidity_2,15.875668030175758
1511951668412,Brightness_2,12.0
1511951675091,Temperature_1,26.01
1511951675094,Humidity_1,16.86222707498236
1511951675100,Temperature_2,25.89
1511951675103,Humidity_2,15.875668030175758
1511951675108,Brightness_2,12.0
1511951675138,Sound_P,57.472817393488484
1511951675141,PodiumIR,95
1511951684885,Temperature_1,26.01
1511951684889,Humidity_1,16.86222707498236
1511951684895,Temperature_2,25.89
1511951684900,Humidity_2,15.875668030175758
1511951684904,Brightness_2,12.0
1511951685144,Sound_P,65.8563679754536
1511951685147,PodiumIR,97
1511951691589,Temperature_1,26.01
1511951691593,Humidity_1,16.86222707498236
1511951691599,Temperature_2,25.89
1511951691604,Humidity_2,15.875668030175758
1511951691607,Brightness_2,12.0
1511951695150,Sound_P,59.341519288975356
1511951695153,PodiumIR,91
1511951698138,Temperature_1,26.01
1511951698141,Humidity_1,16.86222707498236
1511951698148,Temperature_2,25.89
1511951698151,Humidity_2,15.875668030175758
1511951698155,Brightness_2,12.0
1511951704577,Temperature_1,26.01
1511951704581,Humidity_1,16.86222707498236
1511951704588,Temperature_2,25.89
1511951704593,Humidity_2,15.875668030175758
1511951704596,Brightness_2,12.0
1511951705155,Sound_P,74.91204818426347
1511951705159,PodiumIR,120
1511951711447,Temperature_1,26.01
1511951711451,Humidity_1,16.86222707498236
1511951711457,Temperature_2,25.89
1511951711459,Humidity_2,15.875668030175758
1511951711464,Brightness_2,12.0
1511951715161,Sound_P,72.66858725677886
1511951715164,PodiumIR,87
1511951717894,Temperature_1,26.01
1511951717897,Humidity_1,16.86222707498236
1511951717903,Temperature_2,25.89
1511951717906,Humidity_2,15.875668030175758
1511951717910,Brightness_2,12.0
1511951724433,Temperature_1,26.01
1511951724436,Humidity_1,16.86222707498236
1511951724442,Temperature_2,25.89
1511951724446,Humidity_2,15.875668030175758
1511951724450,Brightness_2,12.0
1511951725167,Sound_P,59.341519288975356
1511951725170,PodiumIR,93
1511951731112,Temperature_1,26.01
1511951731115,Humidity_1,16.86222707498236
1511951731121,Temperature_2,25.89
1511951731124,Humidity_2,15.752348149574933
1511951731128,Brightness_2,13.0
1511951735173,Sound_P,72.66858725677886
1511951735176,PodiumIR,82
1511951737760,Temperature_1,26.01
1511951737763,Humidity_1,16.86222707498236
1511951737769,Temperature_2,25.89
1511951737773,Humidity_2,15.752348149574933
1511951737777,Brightness_2,13.0
1511951744211,Temperature_1,25.89
1511951744214,Humidity_1,16.86222707498236
1511951744221,Temperature_2,25.89
1511951744223,Humidity_2,15.752348149574933
1511951744226,Brightness_2,13.0
1511951745179,Sound_P,71.42349921662418
1511951745182,PodiumIR,86
1511951750691,Temperature_1,25.89
1511951750694,Humidity_1,16.86222707498236
1511951750700,Temperature_2,25.89
1511951750704,Humidity_2,15.752348149574933
1511951750707,Brightness_2,13.0
1511951755185,Sound_P,70.987085069563
1511951755188,PodiumIR,93
1511951757454,Temperature_1,25.89
1511951757458,Humidity_1,16.86222707498236
1511951757464,Temperature_2,25.89
1511951757467,Humidity_2,15.752348149574933
1511951757472,Brightness_2,13.0
1511951763881,Temperature_1,25.89
1511951763884,Humidity_1,16.86222707498236
1511951763891,Temperature_2,25.89
1511951763893,Humidity_2,15.752348149574933
1511951763896,Brightness_2,13.0
1511951765190,Sound_P,59.341519288975356
1511951765194,PodiumIR,84
1511951770414,Temperature_1,25.89
1511951770418,Humidity_1,16.86222707498236
1511951770424,Temperature_2,25.89
1511951770427,Humidity_2,15.752348149574933
1511951770433,Brightness_2,13.0
1511951775196,Sound_P,70.987085069563
1511951775199,PodiumIR,101
1511951776826,Temperature_1,25.89
1511951776829,Humidity_1,16.86222707498236
1511951776836,Temperature_2,25.89
1511951776841,Humidity_2,15.752348149574933
1511951776845,Brightness_2,13.0
1511951783641,Temperature_1,25.89
1511951783644,Humidity_1,16.86222707498236
1511951783650,Temperature_2,25.89
1511951783655,Humidity_2,15.752348149574933
1511951783658,Brightness_2,13.0
1511951785202,Sound_P,67.56641902255494
1511951785205,PodiumIR,90
1511951790087,Temperature_1,25.89
1511951790090,Humidity_1,16.86222707498236
1511951790097,Temperature_2,25.89
1511951790102,Humidity_2,15.875668030175758
1511951790105,Brightness_2,13.0
1511951795208,Sound_P,69.11838317407611
1511951795337,PodiumIR,92
1511951796528,Temperature_1,25.89
1511951796531,Humidity_1,16.86222707498236
1511951796538,Temperature_2,25.89
1511951796541,Humidity_2,15.875668030175758
1511951796543,Brightness_2,13.0
1511951803195,Temperature_1,25.89
1511951803198,Humidity_1,16.86222707498236
1511951803204,Temperature_2,25.89
1511951803208,Humidity_2,15.875668030175758
1511951803212,Brightness_2,13.0
1511951805342,Sound_P,67.01551720930587
1511951805345,PodiumIR,86
1511951809850,Temperature_1,26.01
1511951809854,Humidity_1,16.86222707498236
1511951809860,Temperature_2,25.89
1511951809863,Humidity_2,15.875668030175758
1511951809867,Brightness_2,13.0
1511951815348,Sound_P,61.80460425887306
1511951815351,PodiumIR,102
1511951816399,Temperature_1,26.01
1511951816402,Humidity_1,16.86222707498236
1511951816418,Temperature_2,25.89
1511951816420,Humidity_2,15.875668030175758
1511951816422,Brightness_2,13.0
1511951822958,Temperature_1,26.01
1511951822961,Humidity_1,16.86222707498236
1511951822968,Temperature_2,25.89
1511951822972,Humidity_2,15.875668030175758
1511951822976,Brightness_2,13.0
1511951825354,Sound_P,69.11838317407611
1511951825357,PodiumIR,92
1511951829410,Temperature_1,26.01
1511951829413,Humidity_1,16.86222707498236
1511951829420,Temperature_2,25.89
1511951829424,Humidity_2,15.875668030175758
1511951829428,Brightness_2,13.0
1511951835360,Sound_P,65.24535518573873
1511951835363,PodiumIR,88
1511951835979,Temperature_1,26.01
1511951835982,Humidity_1,16.86222707498236
1511951835988,Temperature_2,25.89
1511951835992,Humidity_2,15.875668030175758
1511951835997,Brightness_2,13.0
1511951842401,Temperature_1,26.01
1511951842404,Humidity_1,16.86222707498236
1511951842418,Temperature_2,25.89
1511951842421,Humidity_2,15.875668030175758
1511951842425,Brightness_2,13.0
1511951845366,Sound_P,65.24535518573873
1511951845369,PodiumIR,66
1511951848818,Temperature_1,26.01
1511951848822,Humidity_1,16.86222707498236
1511951848828,Temperature_2,25.89
1511951848831,Humidity_2,15.875668030175758
1511951848835,Brightness_2,13.0
1511951855371,Sound_P,68.0998289029382
1511951855374,PodiumIR,92
1511951855393,Temperature_1,26.01
1511951855396,Humidity_1,16.86222707498236
1511951855403,Temperature_2,25.89
1511951855406,Humidity_2,15.875668030175758
1511951855410,Brightness_2,13.0
1511951861799,Temperature_1,26.01
1511951861802,Humidity_1,16.86222707498236
1511951861809,Temperature_2,25.89
1511951861811,Humidity_2,15.875668030175758
1511951861814,Brightness_2,13.0
1511951865384,Sound_P,70.987085069563
1511951865387,PodiumIR,100
1511951868399,Temperature_1,26.01
1511951868402,Humidity_1,16.86222707498236
1511951868409,Temperature_2,25.89
1511951868416,Humidity_2,15.875668030175758
1511951868419,Brightness_2,13.0
1511951875081,Temperature_1,25.89
1511951875083,Humidity_1,16.86222707498236
1511951875090,Temperature_2,25.89
1511951875092,Humidity_2,15.875668030175758
1511951875094,Brightness_2,13.0
1511951875390,Sound_P,81.00922338373856
1511951875393,PodiumIR,86
1511951881737,Temperature_1,25.89
1511951881740,Humidity_1,16.86222707498236
1511951881746,Temperature_2,25.89
1511951881748,Humidity_2,15.875668030175758
1511951881750,Brightness_2,13.0
1511951885396,Sound_P,66.44593723960276
1511951885399,PodiumIR,87
1511951888139,Temperature_1,25.89
1511951888142,Humidity_1,16.86222707498236
1511951888149,Temperature_2,25.89
1511951888151,Humidity_2,15.875668030175758
1511951888153,Brightness_2,13.0
1511951894537,Temperature_1,25.89
1511951894540,Humidity_1,16.86222707498236
1511951894546,Temperature_2,25.89
1511951894548,Humidity_2,15.875668030175758
1511951894550,Brightness_2,13.0
1511951895401,Sound_P,71.42349921662418
1511951895404,PodiumIR,93
1511951901500,Temperature_1,25.89
1511951901503,Humidity_1,16.86222707498236
1511951901509,Temperature_2,25.89
1511951901511,Humidity_2,15.875668030175758
1511951901515,Brightness_2,13.0
1511951905407,Sound_P,70.0787016850011
1511951905410,PodiumIR,91
1511951907960,Temperature_1,25.89
1511951907963,Humidity_1,16.86222707498236
1511951907968,Temperature_2,25.89
1511951907970,Humidity_2,15.875668030175758
1511951907972,Brightness_2,13.0
1511951914379,Temperature_1,25.89
1511951914382,Humidity_1,16.86222707498236
1511951914399,Temperature_2,25.89
1511951914402,Humidity_2,15.875668030175758
1511951914404,Brightness_2,13.0
1511951915413,Sound_P,75.59789851419828
1511951915419,PodiumIR,93
1511951921059,Temperature_1,25.89
1511951921062,Humidity_1,16.86222707498236
1511951921068,Temperature_2,25.89
1511951921071,Humidity_2,15.875668030175758
1511951921075,Brightness_2,12.0
1511951925424,Sound_P,63.26648240367583
1511951925428,PodiumIR,91
1511951927510,Temperature_1,25.89
1511951927513,Humidity_1,16.86222707498236
1511951927530,Temperature_2,25.89
1511951927532,Humidity_2,15.875668030175758
1511951927534,Brightness_2,12.0
1511951934274,Temperature_1,25.89
1511951934277,Humidity_1,16.738907194381532
1511951934283,Temperature_2,25.89
1511951934285,Humidity_2,15.875668030175758
1511951934287,Brightness_2,12.0
1511951935430,Sound_P,65.8563679754536
1511951935434,PodiumIR,132
1511951940715,Temperature_1,25.89
1511951940719,Humidity_1,16.738907194381532
1511951940724,Temperature_2,25.89
1511951940726,Humidity_2,15.875668030175758
1511951940731,Brightness_2,12.0
1511951945436,Sound_P,65.24535518573873
1511951945439,PodiumIR,69
1511951947376,Temperature_1,25.89
1511951947379,Humidity_1,16.738907194381532
1511951947385,Temperature_2,25.89
1511951947387,Humidity_2,15.875668030175758
1511951947390,Brightness_2,12.0
1511951953827,Temperature_1,25.89
1511951953830,Humidity_1,16.738907194381532
1511951953836,Temperature_2,25.89
1511951953839,Humidity_2,15.875668030175758
1511951953841,Brightness_2,12.0
1511951955442,Sound_P,74.19700410241327
1511951955445,PodiumIR,85
1511951960414,Temperature_1,25.89
1511951960417,Humidity_1,16.738907194381532
1511951960423,Temperature_2,25.89
1511951960425,Humidity_2,15.875668030175758
1511951960429,Brightness_2,12.0
1511951965448,Sound_P,71.84886370856825
1511951965455,PodiumIR,91
1511951966832,Temperature_1,25.89
1511951966835,Humidity_1,16.738907194381532
1511951966841,Temperature_2,25.89
1511951966843,Humidity_2,15.875668030175758
1511951966845,Brightness_2,12.0
1511951973284,Temperature_1,25.89
1511951973287,Humidity_1,16.738907194381532
1511951973293,Temperature_2,25.89
1511951973295,Humidity_2,15.875668030175758
1511951973299,Brightness_2,12.0
1511951975464,Sound_P,59.341519288975356
1511951975467,PodiumIR,83
1511951979945,Temperature_1,25.89
1511951979948,Humidity_1,16.738907194381532
1511951979953,Temperature_2,25.89
1511951979955,Humidity_2,15.752348149574933
1511951979961,Brightness_2,13.0
1511951985470,Sound_P,58.433135904413454
1511951985473,PodiumIR,92
1511951986396,Temperature_1,25.89
1511951986399,Humidity_1,16.738907194381532
1511951986405,Temperature_2,25.89
1511951986414,Humidity_2,15.752348149574933
1511951986418,Brightness_2,13.0
1511951992842,Temperature_1,25.89
1511951992845,Humidity_1,16.738907194381532
1511951992851,Temperature_2,25.89
1511951992853,Humidity_2,15.752348149574933
1511951992855,Brightness_2,13.0
1511951995475,Sound_P,60.20329792798059
1511951995478,PodiumIR,89
1511951999396,Temperature_1,26.01
1511951999399,Humidity_1,16.86222707498236
1511951999404,Temperature_2,25.89
1511951999407,Humidity_2,15.752348149574933
1511951999412,Brightness_2,13.0
1511952005481,Sound_P,61.80460425887306
1511952005484,PodiumIR,111
1511952005954,Temperature_1,26.01
1511952005957,Humidity_1,16.86222707498236
1511952005963,Temperature_2,25.89
1511952005965,Humidity_2,15.752348149574933
1511952005970,Brightness_2,13.0
1511952012402,Temperature_1,26.01
1511952012405,Humidity_1,16.86222707498236
1511952012419,Temperature_2,25.89
1511952012421,Humidity_2,15.752348149574933
1511952012423,Brightness_2,13.0
1511952015487,Sound_P,60.20329792798059
1511952015490,PodiumIR,102
1511952018955,Temperature_1,26.01
1511952018958,Humidity_1,16.86222707498236
1511952018971,Temperature_2,25.89
1511952018973,Humidity_2,15.752348149574933
1511952018975,Brightness_2,13.0
1511952025493,Sound_P,68.0998289029382
1511952025496,PodiumIR,94
1511952025515,Temperature_1,26.01
1511952025518,Humidity_1,16.86222707498236
1511952025525,Temperature_2,25.89
1511952025529,Humidity_2,15.752348149574933
1511952025534,Brightness_2,13.0
1511952032375,Temperature_1,26.01
1511952032378,Humidity_1,16.86222707498236
1511952032384,Temperature_2,25.89
1511952032389,Humidity_2,15.752348149574933
1511952032393,Brightness_2,13.0
1511952035499,Sound_P,61.80460425887306
1511952035502,PodiumIR,97
1511952039028,Temperature_1,26.01
1511952039031,Humidity_1,16.86222707498236
1511952039036,Temperature_2,25.89
1511952039039,Humidity_2,15.752348149574933
1511952039044,Brightness_2,13.0
1511952045428,Temperature_1,26.01
1511952045431,Humidity_1,16.86222707498236
1511952045437,Temperature_2,25.89
1511952045441,Humidity_2,15.752348149574933
1511952045445,Brightness_2,13.0
1511952045505,Sound_P,61.023021476191225
1511952045508,PodiumIR,86
1511952052186,Temperature_1,26.01
1511952052189,Humidity_1,16.86222707498236
1511952052195,Temperature_2,25.89
1511952052197,Humidity_2,15.752348149574933
1511952052202,Brightness_2,13.0
1511952055519,Sound_P,63.26648240367583
1511952055522,PodiumIR,123
1511952065525,Sound_P,75.93060245540138
1511952065528,PodiumIR,68
1511952073636,Temperature_1,25.89
1511952073639,Humidity_1,16.86222707498236
1511952073645,Temperature_2,25.89
1511952073648,Humidity_2,15.752348149574933
1511952073653,Brightness_2,13.0
1511952075531,Sound_P,62.551438321825636
1511952075534,PodiumIR,87
1511952080294,Temperature_1,25.89
1511952080297,Humidity_1,16.86222707498236
1511952080303,Temperature_2,25.89
1511952080305,Humidity_2,15.752348149574933
1511952080308,Brightness_2,13.0
1511952085537,Sound_P,59.341519288975356
1511952085540,PodiumIR,90
1511952086728,Temperature_1,25.89
1511952086731,Humidity_1,16.86222707498236
1511952086737,Temperature_2,25.89
1511952086740,Humidity_2,15.752348149574933
1511952086742,Brightness_2,13.0
1511952093518,Temperature_1,25.89
1511952093521,Humidity_1,16.86222707498236
1511952093527,Temperature_2,25.89
1511952093530,Humidity_2,15.752348149574933
1511952093532,Brightness_2,13.0
1511952095543,Sound_P,71.84886370856825
1511952095547,PodiumIR,86
1511952100263,Temperature_1,25.89
1511952100266,Humidity_1,16.86222707498236
1511952100271,Temperature_2,25.89
1511952100274,Humidity_2,15.752348149574933
1511952100276,Brightness_2,13.0
1511952105549,Sound_P,61.023021476191225
1511952105553,PodiumIR,132
1511952106705,Temperature_1,25.89
1511952106708,Humidity_1,16.86222707498236
1511952106714,Temperature_2,25.89
1511952106716,Humidity_2,15.752348149574933
1511952106721,Brightness_2,13.0
1511952113581,Temperature_1,25.89
1511952113584,Humidity_1,16.86222707498236
1511952113590,Temperature_2,25.89
1511952113593,Humidity_2,15.752348149574933
1511952113597,Brightness_2,13.0
1511952115555,Sound_P,60.20329792798059
1511952115558,PodiumIR,75
1511952120036,Temperature_1,25.89
1511952120039,Humidity_1,16.86222707498236
1511952120045,Temperature_2,25.89
1511952120047,Humidity_2,15.752348149574933
1511952120050,Brightness_2,13.0
1511952125561,Sound_P,57.472817393488484
1511952125564,PodiumIR,84
1511952126449,Temperature_1,26.01
1511952126452,Humidity_1,16.86222707498236
1511952126458,Temperature_2,25.89
1511952126462,Humidity_2,15.752348149574933
1511952126466,Brightness_2,13.0
1511952132928,Temperature_1,26.01
1511952132931,Humidity_1,16.86222707498236
1511952132937,Temperature_2,25.89
1511952132939,Humidity_2,15.752348149574933
1511952132941,Brightness_2,13.0
1511952135566,Sound_P,65.24535518573873
1511952135569,PodiumIR,83
1511952139338,Temperature_1,26.01
1511952139341,Humidity_1,16.86222707498236
1511952139347,Temperature_2,25.89
1511952139349,Humidity_2,15.752348149574933
1511952139354,Brightness_2,13.0
