timestamp,sensor_name,value
1511882747493,Sound_P,65.24535518573873
1511882747497,PodiumIR,93
1511882748882,Temperature_1,25.19
1511882748886,Humidity_1,20.80846325420877
1511882748889,Brightness_1,70.0
1511882748892,Temperature_2,24.49
1511882748894,Humidity_2,21.425062657212898
1511882748897,Brightness_2,79.0
1511882755457,Temperature_1,25.19
1511882755460,Humidity_1,20.80846325420877
1511882755463,Brightness_1,70.0
1511882755466,Temperature_2,24.49
1511882755468,Humidity_2,21.425062657212898
1511882755471,Brightness_2,79.0
1511882757499,Sound_P,63.95233273361063
1511882757504,PodiumIR,68
1511882762143,Temperature_1,25.19
1511882762146,Humidity_1,20.80846325420877
1511882762150,Brightness_1,70.0
1511882762152,Temperature_2,24.49
1511882762154,Humidity_2,21.425062657212898
1511882762158,Brightness_2,79.0
1511882767508,Sound_P,61.80460425887306
1511882767511,PodiumIR,84
1511882768559,Temperature_1,25.19
1511882768563,Humidity_1,20.80846325420877
1511882768566,Brightness_1,70.0
1511882768569,Temperature_2,24.49
1511882768572,Humidity_2,21.425062657212898
1511882768575,Brightness_2,79.0
1511882775259,Temperature_1,25.19
1511882775263,Humidity_1,20.80846325420877
1511882775266,Brightness_1,70.0
1511882775268,Temperature_2,24.49
1511882775271,Humidity_2,21.425062657212898
1511882775274,Brightness_2,79.0
1511882777514,Sound_P,63.26648240367583
1511882777517,PodiumIR,93
1511882782112,Temperature_1,25.19
1511882782115,Humidity_1,20.80846325420877
1511882782118,Brightness_1,70.0
1511882782121,Temperature_2,24.49
1511882782123,Humidity_2,21.425062657212898
1511882782125,Brightness_2,79.0
1511882787524,Sound_P,63.95233273361063
1511882787528,PodiumIR,95
1511882788535,Temperature_1,25.19
1511882788538,Humidity_1,20.80846325420877
1511882788541,Brightness_1,70.0
1511882788543,Temperature_2,24.49
1511882788545,Humidity_2,21.425062657212898
1511882788548,Brightness_2,80.0
1511882795117,Temperature_1,25.19
1511882795120,Humidity_1,20.80846325420877
1511882795123,Brightness_1,70.0
1511882795125,Temperature_2,24.49
1511882795127,Humidity_2,21.425062657212898
1511882795130,Brightness_2,80.0
1511882797534,Sound_P,65.8563679754536
1511882797538,PodiumIR,86
1511882801888,Temperature_1,25.19
1511882801891,Humidity_1,20.931783134809596
1511882801894,Brightness_1,70.0
1511882801897,Temperature_2,24.49
1511882801899,Humidity_2,21.425062657212898
1511882801901,Brightness_2,80.0
1511882807545,Sound_P,63.26648240367583
1511882807549,PodiumIR,104
1511882808416,Temperature_1,25.19
1511882808419,Humidity_1,20.931783134809596
1511882808423,Brightness_1,70.0
1511882808425,Temperature_2,24.49
1511882808427,Humidity_2,21.425062657212898
1511882808429,Brightness_2,80.0
1511882814832,Temperature_1,25.19
1511882814835,Humidity_1,20.931783134809596
1511882814838,Brightness_1,70.0
1511882814841,Temperature_2,24.49
1511882814843,Humidity_2,21.425062657212898
1511882814846,Brightness_2,80.0
1511882817553,Sound_P,62.551438321825636
1511882817557,PodiumIR,91
1511882821536,Temperature_1,25.19
1511882821539,Humidity_1,20.931783134809596
1511882821542,Brightness_1,70.0
1511882821544,Temperature_2,24.49
1511882821547,Humidity_2,21.425062657212898
1511882821550,Brightness_2,80.0
1511882827562,Sound_P,64.61127993529891
1511882827566,PodiumIR,88
1511882828192,Temperature_1,25.19
1511882828195,Humidity_1,20.931783134809596
1511882828199,Brightness_1,70.0
1511882828201,Temperature_2,24.49
1511882828203,Humidity_2,21.425062657212898
1511882828205,Brightness_2,80.0
1511882834609,Temperature_1,25.19
1511882834612,Humidity_1,20.931783134809596
1511882834615,Brightness_1,70.0
1511882834617,Temperature_2,24.49
1511882834620,Humidity_2,21.425062657212898
1511882834623,Brightness_2,80.0
1511882837571,Sound_P,61.80460425887306
1511882837575,PodiumIR,98
1511882841009,Temperature_1,25.19
1511882841012,Humidity_1,20.931783134809596
1511882841015,Brightness_1,70.0
1511882841018,Temperature_2,24.49
1511882841020,Humidity_2,21.425062657212898
1511882841024,Brightness_2,80.0
1511882847581,Sound_P,62.551438321825636
1511882847583,PodiumIR,90
1511882847609,Temperature_1,25.19
1511882847612,Humidity_1,20.931783134809596
1511882847615,Brightness_1,70.0
1511882847617,Temperature_2,24.49
1511882847619,Humidity_2,21.425062657212898
1511882847622,Brightness_2,80.0
1511882854311,Temperature_1,25.19
1511882854314,Humidity_1,20.931783134809596
1511882854318,Brightness_1,70.0
1511882854320,Temperature_2,24.49
1511882854322,Humidity_2,21.548382537813723
1511882854324,Brightness_2,83.0
1511882857585,Sound_P,62.551438321825636
1511882857590,PodiumIR,91
1511882860708,Temperature_1,25.19
1511882860711,Humidity_1,20.931783134809596
1511882860714,Brightness_1,70.0
1511882860717,Temperature_2,24.49
1511882860719,Humidity_2,21.548382537813723
1511882860722,Brightness_2,83.0
1511882867140,Temperature_1,25.19
1511882867143,Humidity_1,20.931783134809596
1511882867146,Brightness_1,73.0
1511882867149,Temperature_2,24.49
1511882867151,Humidity_2,21.548382537813723
1511882867153,Brightness_2,83.0
1511882867593,Sound_P,63.95233273361063
1511882867596,PodiumIR,87
1511882873864,Temperature_1,25.19
1511882873867,Humidity_1,20.931783134809596
1511882873870,Brightness_1,73.0
1511882873872,Temperature_2,24.49
1511882873874,Humidity_2,21.548382537813723
1511882873876,Brightness_2,83.0
1511882877603,Sound_P,62.551438321825636
1511882877606,PodiumIR,82
1511882880399,Temperature_1,25.19
1511882880402,Humidity_1,20.931783134809596
1511882880405,Brightness_1,73.0
1511882880408,Temperature_2,24.49
1511882880410,Humidity_2,21.548382537813723
1511882880412,Brightness_2,83.0
1511882887176,Temperature_1,25.19
1511882887179,Humidity_1,20.931783134809596
1511882887182,Brightness_1,73.0
1511882887185,Temperature_2,24.49
1511882887188,Humidity_2,21.548382537813723
1511882887192,Brightness_2,83.0
1511882887613,Sound_P,63.95233273361063
1511882887618,PodiumIR,90
1511882893580,Temperature_1,25.19
1511882893583,Humidity_1,20.931783134809596
1511882893587,Brightness_1,73.0
1511882893589,Temperature_2,24.49
1511882893592,Humidity_2,21.548382537813723
1511882893596,Brightness_2,83.0
1511882897621,Sound_P,64.61127993529891
1511882897624,PodiumIR,91
1511882900283,Temperature_1,25.19
1511882900286,Humidity_1,20.931783134809596
1511882900289,Brightness_1,73.0
1511882900291,Temperature_2,24.49
1511882900293,Humidity_2,21.548382537813723
1511882900298,Brightness_2,83.0
1511882906692,Temperature_1,25.19
1511882906695,Humidity_1,20.931783134809596
1511882906699,Brightness_1,73.0
1511882906701,Temperature_2,24.49
1511882906703,Humidity_2,21.548382537813723
1511882906707,Brightness_2,83.0
1511882907630,Sound_P,63.26648240367583
1511882907633,PodiumIR,92
1511882913397,Temperature_1,25.19
1511882913400,Humidity_1,20.931783134809596
1511882913404,Brightness_1,73.0
1511882913406,Temperature_2,24.49
1511882913408,Humidity_2,21.425062657212898
1511882913410,Brightness_2,79.0
1511882917640,Sound_P,63.26648240367583
1511882917643,PodiumIR,81
1511882919842,Temperature_1,25.19
1511882919848,Humidity_1,20.931783134809596
1511882919851,Brightness_1,73.0
1511882919854,Temperature_2,24.49
1511882919856,Humidity_2,21.425062657212898
1511882919861,Brightness_2,79.0
1511882926294,Temperature_1,25.19
1511882926300,Humidity_1,20.931783134809596
1511882926302,Brightness_1,73.0
1511882926304,Temperature_2,24.49
1511882926310,Humidity_2,21.425062657212898
1511882926313,Brightness_2,79.0
1511882927650,Sound_P,64.61127993529891
1511882927653,PodiumIR,135
1511882932698,Temperature_1,25.19
1511882932704,Humidity_1,20.931783134809596
1511882932707,Brightness_1,74.0
1511882932709,Temperature_2,24.49
1511882932711,Humidity_2,21.425062657212898
1511882932713,Brightness_2,79.0
1511882937656,Sound_P,63.26648240367583
1511882937660,PodiumIR,97
1511882939108,Temperature_1,25.19
1511882939115,Humidity_1,20.931783134809596
1511882939118,Brightness_1,74.0
1511882939120,Temperature_2,24.49
1511882939122,Humidity_2,21.425062657212898
1511882939126,Brightness_2,79.0
1511882945750,Temperature_1,25.19
1511882945753,Humidity_1,20.931783134809596
1511882945757,Brightness_1,74.0
1511882945759,Temperature_2,24.49
1511882945761,Humidity_2,21.425062657212898
1511882945765,Brightness_2,79.0
1511882947669,Sound_P,62.551438321825636
1511882947673,PodiumIR,88
1511882952201,Temperature_1,25.19
1511882952204,Humidity_1,20.931783134809596
1511882952208,Brightness_1,74.0
1511882952210,Temperature_2,24.49
1511882952213,Humidity_2,21.425062657212898
1511882952215,Brightness_2,79.0
1511882957682,Sound_P,62.551438321825636
1511882957685,PodiumIR,84
1511882958598,Temperature_1,25.19
1511882958600,Humidity_1,20.931783134809596
1511882958604,Brightness_1,74.0
1511882958606,Temperature_2,24.49
1511882958608,Humidity_2,21.425062657212898
1511882958611,Brightness_2,79.0
1511882965308,Temperature_1,25.19
1511882965311,Humidity_1,20.931783134809596
1511882965315,Brightness_1,74.0
1511882965317,Temperature_2,24.49
1511882965319,Humidity_2,21.425062657212898
1511882965323,Brightness_2,79.0
1511882967694,Sound_P,64.61127993529891
1511882967698,PodiumIR,75
1511882972067,Temperature_1,25.19
1511882972069,Humidity_1,20.931783134809596
1511882972073,Brightness_1,74.0
1511882972076,Temperature_2,24.49
1511882972078,Humidity_2,21.425062657212898
1511882972082,Brightness_2,79.0
1511882977708,Sound_P,63.95233273361063
1511882977711,PodiumIR,128
1511882978468,Temperature_1,25.19
1511882978471,Humidity_1,20.931783134809596
1511882978475,Brightness_1,74.0
1511882978477,Temperature_2,24.49
1511882978479,Humidity_2,21.425062657212898
1511882978481,Brightness_2,84.0
1511882985174,Temperature_1,25.19
1511882985177,Humidity_1,20.931783134809596
1511882985181,Brightness_1,74.0
1511882985183,Temperature_2,24.49
1511882985186,Humidity_2,21.425062657212898
1511882985189,Brightness_2,84.0
1511882987716,Sound_P,64.61127993529891
1511882987719,PodiumIR,95
1511882992240,Temperature_1,25.19
1511882992243,Humidity_1,20.931783134809596
1511882992246,Brightness_1,70.0
1511882992249,Temperature_2,24.49
1511882992251,Humidity_2,21.425062657212898
1511882992255,Brightness_2,84.0
1511882997728,Sound_P,63.95233273361063
1511882997737,PodiumIR,86
1511882998649,Temperature_1,25.19
1511882998651,Humidity_1,20.931783134809596
1511882998655,Brightness_1,70.0
1511882998658,Temperature_2,24.49
1511882998660,Humidity_2,21.425062657212898
1511882998662,Brightness_2,84.0
1511883005347,Temperature_1,25.19
1511883005350,Humidity_1,20.931783134809596
1511883005354,Brightness_1,70.0
1511883005356,Temperature_2,24.49
1511883005358,Humidity_2,21.425062657212898
1511883005361,Brightness_2,84.0
1511883007748,Sound_P,65.24535518573873
1511883007752,PodiumIR,94
1511883012105,Temperature_1,25.19
1511883012109,Humidity_1,20.931783134809596
1511883012113,Brightness_1,70.0
1511883012115,Temperature_2,24.49
1511883012117,Humidity_2,21.425062657212898
1511883012121,Brightness_2,84.0
1511883017754,Sound_P,62.551438321825636
1511883017758,PodiumIR,101
1511883018553,Temperature_1,25.19
1511883018556,Humidity_1,20.931783134809596
1511883018560,Brightness_1,70.0
1511883018562,Temperature_2,24.49
1511883018564,Humidity_2,21.425062657212898
1511883018568,Brightness_2,84.0
1511883025316,Temperature_1,25.19
1511883025319,Humidity_1,20.931783134809596
1511883025323,Brightness_1,70.0
1511883025325,Temperature_2,24.49
1511883025327,Humidity_2,21.425062657212898
1511883025331,Brightness_2,84.0
1511883027760,Sound_P,63.95233273361063
1511883027764,PodiumIR,93
1511883031767,Temperature_1,25.19
1511883031770,Humidity_1,20.931783134809596
1511883031773,Brightness_1,70.0
1511883031775,Temperature_2,24.49
1511883031778,Humidity_2,21.425062657212898
1511883031780,Brightness_2,84.0
1511883037766,Sound_P,63.26648240367583
1511883037770,PodiumIR,84
1511883038399,Temperature_1,25.19
1511883038402,Humidity_1,20.931783134809596
1511883038405,Brightness_1,70.0
1511883038409,Temperature_2,24.49
1511883038414,Humidity_2,21.425062657212898
1511883038417,Brightness_2,84.0
1511883044874,Temperature_1,25.19
1511883044877,Humidity_1,20.931783134809596
1511883044881,Brightness_1,70.0
1511883044883,Temperature_2,24.37
1511883044885,Humidity_2,21.548382537813723
1511883044890,Brightness_2,81.0
1511883047772,Sound_P,65.24535518573873
1511883047776,PodiumIR,99
1511883051565,Temperature_1,25.19
1511883051568,Humidity_1,20.931783134809596
1511883051572,Brightness_1,70.0
1511883051574,Temperature_2,24.37
1511883051577,Humidity_2,21.548382537813723
1511883051579,Brightness_2,81.0
1511883057779,Sound_P,63.95233273361063
1511883057782,PodiumIR,95
1511883058298,Temperature_1,25.19
1511883058301,Humidity_1,20.931783134809596
1511883058304,Brightness_1,76.0
1511883058306,Temperature_2,24.37
1511883058309,Humidity_2,21.548382537813723
1511883058312,Brightness_2,81.0
1511883064708,Temperature_1,25.19
1511883064711,Humidity_1,20.931783134809596
1511883064715,Brightness_1,76.0
1511883064717,Temperature_2,24.37
1511883064719,Humidity_2,21.548382537813723
1511883064723,Brightness_2,81.0
1511883067785,Sound_P,62.551438321825636
1511883067788,PodiumIR,114
1511883071397,Temperature_1,25.19
1511883071400,Humidity_1,20.931783134809596
1511883071403,Brightness_1,76.0
1511883071405,Temperature_2,24.37
1511883071408,Humidity_2,21.548382537813723
1511883071411,Brightness_2,81.0
1511883077791,Sound_P,63.95233273361063
1511883077794,PodiumIR,71
1511883077829,Temperature_1,25.19
1511883077833,Humidity_1,20.931783134809596
1511883077837,Brightness_1,76.0
1511883077839,Temperature_2,24.37
1511883077841,Humidity_2,21.548382537813723
1511883077844,Brightness_2,81.0
1511883084299,Temperature_1,25.19
1511883084302,Humidity_1,20.931783134809596
1511883084305,Brightness_1,76.0
1511883084308,Temperature_2,24.37
1511883084310,Humidity_2,21.548382537813723
1511883084314,Brightness_2,81.0
1511883087797,Sound_P,65.24535518573873
1511883087800,PodiumIR,95
1511883090708,Temperature_1,25.19
1511883090711,Humidity_1,20.931783134809596
1511883090715,Brightness_1,76.0
1511883090717,Temperature_2,24.37
1511883090720,Humidity_2,21.548382537813723
1511883090722,Brightness_2,81.0
1511883097509,Temperature_1,25.19
1511883097512,Humidity_1,20.931783134809596
1511883097516,Brightness_1,76.0
1511883097518,Temperature_2,24.37
1511883097521,Humidity_2,21.548382537813723
1511883097525,Brightness_2,81.0
1511883097803,Sound_P,63.95233273361063
1511883097806,PodiumIR,89
1511883103960,Temperature_1,25.19
1511883103963,Humidity_1,20.931783134809596
1511883103967,Brightness_1,76.0
1511883103969,Temperature_2,24.49
1511883103971,Humidity_2,21.425062657212898
1511883103974,Brightness_2,83.0
1511883107817,Sound_P,65.24535518573873
1511883107820,PodiumIR,84
1511883110410,Temperature_1,25.19
1511883110414,Humidity_1,20.931783134809596
1511883110418,Brightness_1,76.0
1511883110420,Temperature_2,24.49
1511883110422,Humidity_2,21.425062657212898
1511883110425,Brightness_2,83.0
1511883116862,Temperature_1,25.19
1511883116865,Humidity_1,20.931783134809596
1511883116868,Brightness_1,76.0
1511883116871,Temperature_2,24.49
1511883116873,Humidity_2,21.425062657212898
1511883116877,Brightness_2,83.0
1511883117823,Sound_P,63.95233273361063
1511883117826,PodiumIR,73
1511883123267,Temperature_1,25.19
1511883123270,Humidity_1,20.931783134809596
1511883123273,Brightness_1,75.0
1511883123276,Temperature_2,24.49
1511883123278,Humidity_2,21.425062657212898
1511883123280,Brightness_2,83.0
1511883127829,Sound_P,61.80460425887306
1511883127832,PodiumIR,88
1511883129970,Temperature_1,25.19
1511883129973,Humidity_1,20.931783134809596
1511883129977,Brightness_1,75.0
1511883129979,Temperature_2,24.49
1511883129981,Humidity_2,21.425062657212898
1511883129984,Brightness_2,83.0
1511883136406,Temperature_1,25.19
1511883136411,Humidity_1,20.931783134809596
1511883136416,Brightness_1,75.0
1511883136419,Temperature_2,24.49
1511883136421,Humidity_2,21.425062657212898
1511883136425,Brightness_2,83.0
1511883137835,Sound_P,63.95233273361063
1511883137838,PodiumIR,102
1511883143077,Temperature_1,25.19
1511883143080,Humidity_1,20.931783134809596
1511883143084,Brightness_1,75.0
1511883143086,Temperature_2,24.49
1511883143089,Humidity_2,21.425062657212898
1511883143093,Brightness_2,83.0
1511883147841,Sound_P,62.551438321825636
1511883147844,PodiumIR,112
1511883149487,Temperature_1,25.19
1511883149490,Humidity_1,20.931783134809596
1511883149494,Brightness_1,75.0
1511883149497,Temperature_2,24.49
1511883149499,Humidity_2,21.425062657212898
1511883149503,Brightness_2,83.0
1511883156189,Temperature_1,25.19
1511883156192,Humidity_1,20.931783134809596
1511883156196,Brightness_1,75.0
1511883156198,Temperature_2,24.49
1511883156201,Humidity_2,21.425062657212898
1511883156205,Brightness_2,83.0
1511883157847,Sound_P,63.95233273361063
1511883157850,PodiumIR,82
1511883162601,Temperature_1,25.19
1511883162604,Humidity_1,20.931783134809596
1511883162608,Brightness_1,75.0
1511883162610,Temperature_2,24.49
1511883162613,Humidity_2,21.425062657212898
1511883162616,Brightness_2,83.0
1511883167853,Sound_P,63.26648240367583
1511883167856,PodiumIR,89
1511883169016,Temperature_1,25.19
1511883169019,Humidity_1,20.931783134809596
1511883169023,Brightness_1,75.0
1511883169025,Temperature_2,24.49
1511883169027,Humidity_2,21.548382537813723
1511883169030,Brightness_2,83.0
1511883175544,Temperature_1,25.19
1511883175547,Humidity_1,20.931783134809596
1511883175551,Brightness_1,75.0
1511883175553,Temperature_2,24.49
1511883175555,Humidity_2,21.548382537813723
1511883175557,Brightness_2,83.0
1511883177867,Sound_P,65.8563679754536
1511883177871,PodiumIR,90
1511883181990,Temperature_1,25.19
1511883181993,Humidity_1,20.931783134809596
1511883181997,Brightness_1,72.0
1511883182000,Temperature_2,24.49
1511883182002,Humidity_2,21.548382537813723
1511883182004,Brightness_2,83.0
1511883187873,Sound_P,63.26648240367583
1511883187877,PodiumIR,121
1511883188418,Temperature_1,25.19
1511883188421,Humidity_1,20.931783134809596
1511883188425,Brightness_1,72.0
1511883188427,Temperature_2,24.49
1511883188429,Humidity_2,21.548382537813723
1511883188434,Brightness_2,83.0
1511883195098,Temperature_1,25.19
1511883195101,Humidity_1,20.931783134809596
1511883195104,Brightness_1,72.0
1511883195107,Temperature_2,24.49
1511883195109,Humidity_2,21.548382537813723
1511883195111,Brightness_2,83.0
1511883197879,Sound_P,62.551438321825636
1511883197883,PodiumIR,79
1511883201861,Temperature_1,25.19
1511883201864,Humidity_1,20.931783134809596
1511883201867,Brightness_1,72.0
1511883201870,Temperature_2,24.49
1511883201872,Humidity_2,21.548382537813723
1511883201874,Brightness_2,83.0
1511883207885,Sound_P,65.24535518573873
1511883207889,PodiumIR,81
1511883208399,Temperature_1,25.19
1511883208402,Humidity_1,20.931783134809596
1511883208405,Brightness_1,72.0
1511883208409,Temperature_2,24.49
1511883208415,Humidity_2,21.548382537813723
1511883208418,Brightness_2,83.0
1511883215180,Temperature_1,25.19
1511883215183,Humidity_1,20.931783134809596
1511883215187,Brightness_1,72.0
1511883215189,Temperature_2,24.49
1511883215191,Humidity_2,21.548382537813723
1511883215195,Brightness_2,83.0
1511883217892,Sound_P,63.26648240367583
1511883217895,PodiumIR,101
1511883221621,Temperature_1,25.19
1511883221624,Humidity_1,20.931783134809596
1511883221628,Brightness_1,72.0
1511883221630,Temperature_2,24.49
1511883221633,Humidity_2,21.548382537813723
1511883221635,Brightness_2,83.0
1511883227898,Sound_P,64.61127993529891
1511883227901,PodiumIR,89
1511883228378,Temperature_1,25.19
1511883228381,Humidity_1,20.931783134809596
1511883228385,Brightness_1,72.0
1511883228387,Temperature_2,24.49
1511883228390,Humidity_2,21.548382537813723
1511883228394,Brightness_2,83.0
1511883234838,Temperature_1,25.19
1511883234841,Humidity_1,20.931783134809596
1511883234845,Brightness_1,72.0
1511883234847,Temperature_2,24.37
1511883234849,Humidity_2,21.548382537813723
1511883234852,Brightness_2,79.0
1511883237903,Sound_P,63.95233273361063
1511883237907,PodiumIR,91
1511883241281,Temperature_1,25.19
1511883241291,Humidity_1,20.931783134809596
1511883241295,Brightness_1,72.0
1511883241297,Temperature_2,24.37
1511883241299,Humidity_2,21.548382537813723
1511883241303,Brightness_2,79.0
1511883247732,Temperature_1,25.19
1511883247735,Humidity_1,20.931783134809596
1511883247739,Brightness_1,70.0
1511883247741,Temperature_2,24.37
1511883247743,Humidity_2,21.548382537813723
1511883247746,Brightness_2,79.0
1511883247910,Sound_P,64.61127993529891
1511883247913,PodiumIR,105
1511883254183,Temperature_1,25.19
1511883254186,Humidity_1,20.931783134809596
1511883254190,Brightness_1,70.0
1511883254192,Temperature_2,24.37
1511883254195,Humidity_2,21.548382537813723
1511883254197,Brightness_2,79.0
1511883257915,Sound_P,65.24535518573873
1511883257919,PodiumIR,118
1511883260597,Temperature_1,25.19
1511883260600,Humidity_1,20.931783134809596
1511883260604,Brightness_1,70.0
1511883260606,Temperature_2,24.37
1511883260609,Humidity_2,21.548382537813723
1511883260613,Brightness_2,79.0
1511883267496,Temperature_1,25.19
1511883267499,Humidity_1,20.931783134809596
1511883267502,Brightness_1,70.0
1511883267504,Temperature_2,24.37
1511883267507,Humidity_2,21.548382537813723
1511883267510,Brightness_2,79.0
1511883267921,Sound_P,62.551438321825636
1511883267925,PodiumIR,70
1511883274254,Temperature_1,25.19
1511883274257,Humidity_1,20.931783134809596
1511883274260,Brightness_1,70.0
1511883274262,Temperature_2,24.37
1511883274265,Humidity_2,21.548382537813723
1511883274268,Brightness_2,79.0
1511883277927,Sound_P,63.95233273361063
1511883277931,PodiumIR,74
1511883280676,Temperature_1,25.19
1511883280679,Humidity_1,20.931783134809596
1511883280683,Brightness_1,70.0
1511883280685,Temperature_2,24.37
1511883280688,Humidity_2,21.548382537813723
1511883280690,Brightness_2,79.0
1511883287669,Temperature_1,25.19
1511883287672,Humidity_1,20.931783134809596
1511883287675,Brightness_1,70.0
1511883287678,Temperature_2,24.37
1511883287681,Humidity_2,21.548382537813723
1511883287685,Brightness_2,79.0
1511883287933,Sound_P,62.551438321825636
1511883287937,PodiumIR,92
1511883294125,Temperature_1,25.19
1511883294128,Humidity_1,20.931783134809596
1511883294132,Brightness_1,70.0
1511883294134,Temperature_2,24.49
1511883294136,Humidity_2,21.548382537813723
1511883294139,Brightness_2,80.0
1511883297940,Sound_P,62.551438321825636
1511883297943,PodiumIR,100
1511883300537,Temperature_1,25.19
1511883300540,Humidity_1,20.931783134809596
1511883300544,Brightness_1,70.0
1511883300546,Temperature_2,24.49
1511883300548,Humidity_2,21.548382537813723
1511883300553,Brightness_2,80.0
1511883307228,Temperature_1,25.19
1511883307231,Humidity_1,20.931783134809596
1511883307234,Brightness_1,70.0
1511883307236,Temperature_2,24.49
1511883307239,Humidity_2,21.548382537813723
1511883307241,Brightness_2,80.0
1511883307945,Sound_P,62.551438321825636
1511883307949,PodiumIR,94
1511883313986,Temperature_1,25.19
1511883313989,Humidity_1,20.931783134809596
1511883313993,Brightness_1,73.0
1511883313995,Temperature_2,24.49
1511883313997,Humidity_2,21.548382537813723
1511883314000,Brightness_2,80.0
1511883317958,Sound_P,63.26648240367583
1511883317969,PodiumIR,105
1511883320425,Temperature_1,25.19
1511883320428,Humidity_1,20.931783134809596
1511883320431,Brightness_1,73.0
1511883320435,Temperature_2,24.49
1511883320438,Humidity_2,21.548382537813723
1511883320440,Brightness_2,80.0
1511883327093,Temperature_1,25.19
1511883327096,Humidity_1,20.931783134809596
1511883327100,Brightness_1,73.0
1511883327102,Temperature_2,24.49
1511883327104,Humidity_2,21.548382537813723
1511883327108,Brightness_2,80.0
1511883327983,Sound_P,62.551438321825636
1511883327987,PodiumIR,104
1511883333749,Temperature_1,25.19
1511883333752,Humidity_1,20.931783134809596
1511883333756,Brightness_1,73.0
1511883333758,Temperature_2,24.49
1511883333760,Humidity_2,21.548382537813723
1511883333764,Brightness_2,80.0
1511883337990,Sound_P,64.61127993529891
1511883337993,PodiumIR,88
1511883340201,Temperature_1,25.19
1511883340204,Humidity_1,20.931783134809596
1511883340208,Brightness_1,73.0
1511883340210,Temperature_2,24.49
1511883340212,Humidity_2,21.548382537813723
1511883340215,Brightness_2,80.0
1511883346614,Temperature_1,25.19
1511883346618,Humidity_1,20.931783134809596
1511883346621,Brightness_1,73.0
1511883346623,Temperature_2,24.49
1511883346626,Humidity_2,21.548382537813723
1511883346630,Brightness_2,80.0
1511883347995,Sound_P,61.80460425887306
1511883347999,PodiumIR,95
1511883353318,Temperature_1,25.19
1511883353321,Humidity_1,20.931783134809596
1511883353325,Brightness_1,73.0
1511883353327,Temperature_2,24.49
1511883353330,Humidity_2,21.548382537813723
1511883353334,Brightness_2,80.0
1511883358001,Sound_P,63.95233273361063
1511883358005,PodiumIR,91
1511883359759,Temperature_1,25.19
1511883359762,Humidity_1,20.931783134809596
1511883359766,Brightness_1,73.0
1511883359768,Temperature_2,24.37
1511883359771,Humidity_2,21.548382537813723
1511883359774,Brightness_2,82.0
1511883366211,Temperature_1,25.19
1511883366214,Humidity_1,20.931783134809596
1511883366218,Brightness_1,73.0
1511883366220,Temperature_2,24.37
1511883366222,Humidity_2,21.548382537813723
1511883366225,Brightness_2,82.0
1511883368007,Sound_P,62.551438321825636
1511883368011,PodiumIR,124
1511883372624,Temperature_1,25.07
1511883372627,Humidity_1,20.931783134809596
1511883372631,Brightness_1,70.0
1511883372633,Temperature_2,24.37
1511883372635,Humidity_2,21.548382537813723
1511883372639,Brightness_2,82.0
1511883378013,Sound_P,65.24535518573873
1511883378017,PodiumIR,63
1511883379318,Temperature_1,25.07
1511883379321,Humidity_1,20.931783134809596
1511883379325,Brightness_1,70.0
1511883379327,Temperature_2,24.37
1511883379329,Humidity_2,21.548382537813723
1511883379333,Brightness_2,82.0
1511883385769,Temperature_1,25.07
1511883385772,Humidity_1,20.931783134809596
1511883385776,Brightness_1,70.0
1511883385778,Temperature_2,24.37
1511883385781,Humidity_2,21.548382537813723
1511883385785,Brightness_2,82.0
1511883388019,Sound_P,65.8563679754536
1511883388030,PodiumIR,98
1511883392190,Temperature_1,25.07
1511883392193,Humidity_1,20.931783134809596
1511883392197,Brightness_1,70.0
1511883392199,Temperature_2,24.37
1511883392201,Humidity_2,21.548382537813723
1511883392204,Brightness_2,82.0
1511883398032,Sound_P,64.61127993529891
1511883398035,PodiumIR,84
1511883398604,Temperature_1,25.07
1511883398608,Humidity_1,20.931783134809596
1511883398611,Brightness_1,70.0
1511883398614,Temperature_2,24.37
1511883398616,Humidity_2,21.548382537813723
1511883398620,Brightness_2,82.0
1511883405328,Temperature_1,25.07
1511883405331,Humidity_1,20.931783134809596
1511883405334,Brightness_1,70.0
1511883405337,Temperature_2,24.37
1511883405339,Humidity_2,21.548382537813723
1511883405343,Brightness_2,82.0
1511883408038,Sound_P,63.26648240367583
1511883408041,PodiumIR,103
1511883412086,Temperature_1,25.07
1511883412089,Humidity_1,20.931783134809596
1511883412093,Brightness_1,70.0
1511883412095,Temperature_2,24.37
1511883412097,Humidity_2,21.548382537813723
1511883412101,Brightness_2,82.0
1511883418044,Sound_P,61.80460425887306
1511883418048,PodiumIR,115
1511883418495,Temperature_1,25.07
1511883418498,Humidity_1,20.931783134809596
1511883418502,Brightness_1,70.0
1511883418504,Temperature_2,24.37
1511883418506,Humidity_2,21.548382537813723
1511883418509,Brightness_2,82.0
1511883425194,Temperature_1,25.07
1511883425197,Humidity_1,20.931783134809596
1511883425201,Brightness_1,70.0
1511883425203,Temperature_2,24.37
1511883425205,Humidity_2,21.548382537813723
1511883425208,Brightness_2,84.0
1511883428050,Sound_P,65.24535518573873
1511883428053,PodiumIR,88
1511883431624,Temperature_1,25.07
1511883431627,Humidity_1,20.931783134809596
1511883431630,Brightness_1,70.0
1511883431632,Temperature_2,24.37
1511883431636,Humidity_2,21.548382537813723
1511883431638,Brightness_2,84.0
1511883438056,Sound_P,64.61127993529891
1511883438059,PodiumIR,91
1511883438078,Temperature_1,25.07
1511883438081,Humidity_1,20.931783134809596
1511883438085,Brightness_1,72.0
1511883438088,Temperature_2,24.37
1511883438090,Humidity_2,21.548382537813723
1511883438093,Brightness_2,84.0
1511883444507,Temperature_1,25.07
1511883444511,Humidity_1,20.931783134809596
1511883444515,Brightness_1,72.0
1511883444517,Temperature_2,24.37
1511883444520,Humidity_2,21.548382537813723
1511883444522,Brightness_2,84.0
1511883448061,Sound_P,61.80460425887306
1511883448064,PodiumIR,81
1511883451413,Temperature_1,25.07
1511883451416,Humidity_1,20.931783134809596
1511883451419,Brightness_1,72.0
1511883451422,Temperature_2,24.37
1511883451424,Humidity_2,21.548382537813723
1511883451427,Brightness_2,84.0
1511883457963,Temperature_1,25.07
1511883457965,Humidity_1,20.931783134809596
1511883457969,Brightness_1,72.0
1511883457971,Temperature_2,24.37
1511883457974,Humidity_2,21.548382537813723
1511883457978,Brightness_2,84.0
1511883458071,Sound_P,63.26648240367583
1511883458074,PodiumIR,84
1511883464423,Temperature_1,25.07
1511883464426,Humidity_1,20.931783134809596
1511883464430,Brightness_1,72.0
1511883464432,Temperature_2,24.37
1511883464434,Humidity_2,21.548382537813723
1511883464438,Brightness_2,84.0
1511883468077,Sound_P,63.26648240367583
1511883468080,PodiumIR,123
1511883471069,Temperature_1,25.07
1511883471072,Humidity_1,20.931783134809596
1511883471076,Brightness_1,72.0
1511883471078,Temperature_2,24.37
1511883471081,Humidity_2,21.548382537813723
1511883471085,Brightness_2,84.0
1511883477483,Temperature_1,25.07
1511883477487,Humidity_1,20.931783134809596
1511883477490,Brightness_1,72.0
1511883477493,Temperature_2,24.37
1511883477495,Humidity_2,21.548382537813723
1511883477498,Brightness_2,84.0
1511883478083,Sound_P,65.24535518573873
1511883478086,PodiumIR,89
1511883484178,Temperature_1,25.07
1511883484181,Humidity_1,20.931783134809596
1511883484185,Brightness_1,72.0
1511883484187,Temperature_2,24.37
1511883484189,Humidity_2,21.548382537813723
1511883484192,Brightness_2,84.0
1511883488089,Sound_P,62.551438321825636
1511883488092,PodiumIR,92
1511883490624,Temperature_1,25.07
1511883490627,Humidity_1,20.931783134809596
1511883490630,Brightness_1,72.0
1511883490633,Temperature_2,24.37
1511883490635,Humidity_2,21.548382537813723
1511883490638,Brightness_2,84.0
1511883497387,Temperature_1,25.07
1511883497390,Humidity_1,20.931783134809596
1511883497394,Brightness_1,72.0
1511883497396,Temperature_2,24.37
1511883497398,Humidity_2,21.548382537813723
1511883497401,Brightness_2,84.0
1511883498095,Sound_P,63.26648240367583
1511883498098,PodiumIR,121
1511883504043,Temperature_1,25.07
1511883504046,Humidity_1,20.931783134809596
1511883504049,Brightness_1,75.0
1511883504052,Temperature_2,24.37
1511883504054,Humidity_2,21.548382537813723
1511883504056,Brightness_2,84.0
1511883508101,Sound_P,65.24535518573873
1511883508104,PodiumIR,87
1511883510467,Temperature_1,25.07
1511883510469,Humidity_1,20.931783134809596
1511883510473,Brightness_1,75.0
1511883510475,Temperature_2,24.37
1511883510478,Humidity_2,21.548382537813723
1511883510480,Brightness_2,84.0
1511883517158,Temperature_1,25.07
1511883517161,Humidity_1,20.931783134809596
1511883517165,Brightness_1,75.0
1511883517167,Temperature_2,24.37
1511883517169,Humidity_2,21.548382537813723
1511883517172,Brightness_2,84.0
1511883518112,Sound_P,63.95233273361063
1511883518115,PodiumIR,78
1511883523560,Temperature_1,25.07
1511883523563,Humidity_1,20.931783134809596
1511883523566,Brightness_1,75.0
1511883523569,Temperature_2,24.37
1511883523571,Humidity_2,21.548382537813723
1511883523574,Brightness_2,84.0
1511883528120,Sound_P,65.24535518573873
1511883528133,PodiumIR,65
1511883530267,Temperature_1,25.07
1511883530270,Humidity_1,20.931783134809596
1511883530274,Brightness_1,75.0
1511883530276,Temperature_2,24.37
1511883530278,Humidity_2,21.548382537813723
1511883530283,Brightness_2,84.0
1511883536680,Temperature_1,25.07
1511883536683,Humidity_1,20.931783134809596
1511883536687,Brightness_1,75.0
1511883536689,Temperature_2,24.37
1511883536691,Humidity_2,21.548382537813723
1511883536694,Brightness_2,84.0
1511883538137,Sound_P,64.61127993529891
1511883538140,PodiumIR,81
1511883543366,Temperature_1,25.07
1511883543369,Humidity_1,20.931783134809596
1511883543372,Brightness_1,75.0
1511883543375,Temperature_2,24.37
1511883543377,Humidity_2,21.548382537813723
1511883543379,Brightness_2,84.0
1511883548145,Sound_P,62.551438321825636
1511883548149,PodiumIR,115
1511883550124,Temperature_1,25.07
1511883550127,Humidity_1,20.931783134809596
1511883550131,Brightness_1,75.0
1511883550133,Temperature_2,24.37
1511883550135,Humidity_2,21.548382537813723
1511883550139,Brightness_2,84.0
1511883556522,Temperature_1,25.07
1511883556525,Humidity_1,20.931783134809596
1511883556529,Brightness_1,75.0
1511883556531,Temperature_2,24.37
1511883556533,Humidity_2,21.548382537813723
1511883556536,Brightness_2,84.0
1511883558153,Sound_P,63.95233273361063
1511883558156,PodiumIR,87
1511883563231,Temperature_1,25.07
1511883563234,Humidity_1,20.931783134809596
1511883563238,Brightness_1,70.0
1511883563240,Temperature_2,24.37
1511883563243,Humidity_2,21.548382537813723
1511883563247,Brightness_2,84.0
1511883568165,Sound_P,64.61127993529891
1511883568168,PodiumIR,86
1511883569639,Temperature_1,25.07
1511883569642,Humidity_1,20.931783134809596
1511883569646,Brightness_1,70.0
1511883569648,Temperature_2,24.37
1511883569651,Humidity_2,21.548382537813723
1511883569653,Brightness_2,84.0
1511883576339,Temperature_1,25.07
1511883576342,Humidity_1,20.931783134809596
1511883576345,Brightness_1,70.0
1511883576348,Temperature_2,24.37
1511883576350,Humidity_2,21.548382537813723
1511883576354,Brightness_2,84.0
1511883578171,Sound_P,63.95233273361063
1511883578174,PodiumIR,72
1511883582744,Temperature_1,25.07
1511883582748,Humidity_1,20.931783134809596
1511883582751,Brightness_1,70.0
1511883582753,Temperature_2,24.37
1511883582756,Humidity_2,21.548382537813723
1511883582760,Brightness_2,84.0
1511883588177,Sound_P,62.551438321825636
1511883588180,PodiumIR,99
1511883589192,Temperature_1,25.07
1511883589195,Humidity_1,20.931783134809596
1511883589199,Brightness_1,70.0
1511883589201,Temperature_2,24.37
1511883589203,Humidity_2,21.548382537813723
1511883589206,Brightness_2,84.0
1511883595897,Temperature_1,25.07
1511883595900,Humidity_1,20.931783134809596
1511883595904,Brightness_1,70.0
1511883595906,Temperature_2,24.37
1511883595909,Humidity_2,21.548382537813723
1511883595913,Brightness_2,84.0
1511883598183,Sound_P,65.24535518573873
1511883598186,PodiumIR,112
1511883602407,Temperature_1,25.07
1511883602410,Humidity_1,20.931783134809596
1511883602414,Brightness_1,70.0
1511883602417,Temperature_2,24.37
1511883602419,Humidity_2,21.548382537813723
1511883602423,Brightness_2,84.0
1511883608189,Sound_P,63.26648240367583
1511883608192,PodiumIR,77
1511883608813,Temperature_1,25.07
1511883608816,Humidity_1,20.931783134809596
1511883608820,Brightness_1,70.0
1511883608823,Temperature_2,24.37
1511883608825,Humidity_2,21.548382537813723
1511883608828,Brightness_2,84.0
1511883615252,Temperature_1,25.07
1511883615254,Humidity_1,20.931783134809596
1511883615258,Brightness_1,70.0
1511883615260,Temperature_2,24.37
1511883615263,Humidity_2,21.548382537813723
1511883615265,Brightness_2,79.0
1511883618195,Sound_P,62.551438321825636
1511883618198,PodiumIR,90
1511883621653,Temperature_1,25.07
1511883621656,Humidity_1,20.931783134809596
1511883621660,Brightness_1,70.0
1511883621662,Temperature_2,24.37
1511883621664,Humidity_2,21.548382537813723
1511883621667,Brightness_2,79.0
1511883628201,Sound_P,63.26648240367583
1511883628204,PodiumIR,66
1511883628282,Temperature_1,25.07
1511883628285,Humidity_1,21.05510301541042
1511883628288,Brightness_1,74.0
1511883628291,Temperature_2,24.37
1511883628294,Humidity_2,21.548382537813723
1511883628296,Brightness_2,79.0
1511883634686,Temperature_1,25.07
1511883634689,Humidity_1,21.05510301541042
1511883634693,Brightness_1,74.0
1511883634695,Temperature_2,24.37
1511883634697,Humidity_2,21.548382537813723
1511883634702,Brightness_2,79.0
1511883638207,Sound_P,62.551438321825636
1511883638210,PodiumIR,85
1511883641159,Temperature_1,25.07
1511883641162,Humidity_1,21.05510301541042
1511883641166,Brightness_1,74.0
1511883641168,Temperature_2,24.37
1511883641170,Humidity_2,21.548382537813723
1511883641173,Brightness_2,79.0
1511883647610,Temperature_1,25.07
1511883647613,Humidity_1,21.05510301541042
1511883647617,Brightness_1,74.0
1511883647619,Temperature_2,24.37
1511883647621,Humidity_2,21.548382537813723
1511883647623,Brightness_2,79.0
1511883648213,Sound_P,63.95233273361063
1511883648222,PodiumIR,98
1511883654028,Temperature_1,25.07
1511883654031,Humidity_1,21.05510301541042
1511883654035,Brightness_1,74.0
1511883654037,Temperature_2,24.37
1511883654039,Humidity_2,21.548382537813723
1511883654041,Brightness_2,79.0
1511883658226,Sound_P,64.61127993529891
1511883658230,PodiumIR,90
1511883660443,Temperature_1,25.07
1511883660446,Humidity_1,21.05510301541042
1511883660450,Brightness_1,74.0
1511883660452,Temperature_2,24.37
1511883660455,Humidity_2,21.548382537813723
1511883660457,Brightness_2,79.0
1511883666964,Temperature_1,25.07
1511883666967,Humidity_1,21.05510301541042
1511883666971,Brightness_1,74.0
1511883666973,Temperature_2,24.37
1511883666975,Humidity_2,21.548382537813723
1511883666979,Brightness_2,79.0
1511883668238,Sound_P,64.61127993529891
1511883668242,PodiumIR,88
1511883673620,Temperature_1,25.07
1511883673623,Humidity_1,21.05510301541042
1511883673627,Brightness_1,74.0
1511883673629,Temperature_2,24.37
1511883673631,Humidity_2,21.548382537813723
1511883673635,Brightness_2,79.0
1511883678246,Sound_P,62.551438321825636
1511883678259,PodiumIR,99
1511883680071,Temperature_1,25.07
1511883680074,Humidity_1,21.05510301541042
1511883680078,Brightness_1,74.0
1511883680080,Temperature_2,24.37
1511883680082,Humidity_2,21.548382537813723
1511883680084,Brightness_2,81.0
1511883686508,Temperature_1,25.07
1511883686511,Humidity_1,21.05510301541042
1511883686515,Brightness_1,74.0
1511883686518,Temperature_2,24.37
1511883686522,Humidity_2,21.548382537813723
1511883686524,Brightness_2,81.0
1511883688264,Sound_P,64.61127993529891
1511883688267,PodiumIR,87
1511883693281,Temperature_1,25.07
1511883693284,Humidity_1,21.05510301541042
1511883693288,Brightness_1,74.0
1511883693290,Temperature_2,24.37
1511883693292,Humidity_2,21.548382537813723
1511883693296,Brightness_2,81.0
1511883698272,Sound_P,64.61127993529891
1511883698275,PodiumIR,99
1511883699756,Temperature_1,25.07
1511883699759,Humidity_1,21.05510301541042
1511883699763,Brightness_1,74.0
1511883699766,Temperature_2,24.37
1511883699769,Humidity_2,21.548382537813723
1511883699773,Brightness_2,81.0
1511883706401,Temperature_1,25.07
1511883706404,Humidity_1,21.05510301541042
1511883706408,Brightness_1,74.0
1511883706411,Temperature_2,24.37
1511883706414,Humidity_2,21.548382537813723
1511883706418,Brightness_2,81.0
1511883708285,Sound_P,63.95233273361063
1511883708289,PodiumIR,72
1511883713147,Temperature_1,25.07
1511883713150,Humidity_1,21.05510301541042
1511883713154,Brightness_1,74.0
1511883713157,Temperature_2,24.37
1511883713159,Humidity_2,21.548382537813723
1511883713162,Brightness_2,81.0
1511883718293,Sound_P,62.551438321825636
1511883718296,PodiumIR,88
1511883719594,Temperature_1,25.07
1511883719597,Humidity_1,21.05510301541042
1511883719601,Brightness_1,74.0
1511883719604,Temperature_2,24.37
1511883719606,Humidity_2,21.548382537813723
1511883719609,Brightness_2,81.0
1511883726060,Temperature_1,25.07
1511883726063,Humidity_1,21.05510301541042
1511883726065,Brightness_1,74.0
1511883726068,Temperature_2,24.37
1511883726072,Humidity_2,21.548382537813723
1511883726074,Brightness_2,81.0
1511883728300,Sound_P,61.80460425887306
1511883728303,PodiumIR,111
1511883732465,Temperature_1,25.07
1511883732469,Humidity_1,21.05510301541042
1511883732473,Brightness_1,74.0
1511883732475,Temperature_2,24.37
1511883732478,Humidity_2,21.548382537813723
1511883732482,Brightness_2,81.0
1511883738308,Sound_P,62.551438321825636
1511883738311,PodiumIR,91
1511883738876,Temperature_1,25.07
1511883738879,Humidity_1,21.05510301541042
1511883738883,Brightness_1,74.0
1511883738885,Temperature_2,24.37
1511883738889,Humidity_2,21.548382537813723
1511883738893,Brightness_2,79.0
1511883745608,Temperature_1,25.07
1511883745612,Humidity_1,21.05510301541042
1511883745616,Brightness_1,74.0
1511883745619,Temperature_2,24.37
1511883745622,Humidity_2,21.548382537813723
1511883745626,Brightness_2,79.0
1511883748315,Sound_P,63.95233273361063
1511883748319,PodiumIR,101
1511883752055,Temperature_1,25.07
1511883752059,Humidity_1,21.05510301541042
1511883752063,Brightness_1,74.0
1511883752065,Temperature_2,24.37
1511883752068,Humidity_2,21.548382537813723
1511883752073,Brightness_2,79.0
1511883758323,Sound_P,63.95233273361063
1511883758326,PodiumIR,84
1511883758465,Temperature_1,25.07
1511883758468,Humidity_1,20.931783134809596
1511883758472,Brightness_1,70.0
1511883758475,Temperature_2,24.37
1511883758477,Humidity_2,21.548382537813723
1511883758481,Brightness_2,79.0
1511883765168,Temperature_1,25.07
1511883765171,Humidity_1,20.931783134809596
1511883765175,Brightness_1,70.0
1511883765177,Temperature_2,24.37
1511883765180,Humidity_2,21.548382537813723
1511883765183,Brightness_2,79.0
1511883768337,Sound_P,64.61127993529891
1511883768340,PodiumIR,88
1511883771623,Temperature_1,25.07
1511883771626,Humidity_1,20.931783134809596
1511883771630,Brightness_1,70.0
1511883771633,Temperature_2,24.37
1511883771635,Humidity_2,21.548382537813723
1511883771639,Brightness_2,79.0
1511883778069,Temperature_1,25.07
1511883778073,Humidity_1,20.931783134809596
1511883778077,Brightness_1,70.0
1511883778080,Temperature_2,24.37
1511883778083,Humidity_2,21.548382537813723
1511883778087,Brightness_2,79.0
1511883778346,Sound_P,64.61127993529891
1511883778349,PodiumIR,85
1511883784478,Temperature_1,25.07
1511883784480,Humidity_1,20.931783134809596
1511883784482,Brightness_1,70.0
1511883784483,Temperature_2,24.37
1511883784484,Humidity_2,21.548382537813723
1511883784488,Brightness_2,79.0
1511883788356,Sound_P,63.26648240367583
1511883788359,PodiumIR,97
1511883791178,Temperature_1,25.07
1511883791180,Humidity_1,20.931783134809596
1511883791184,Brightness_1,70.0
1511883791187,Temperature_2,24.37
1511883791190,Humidity_2,21.548382537813723
1511883791194,Brightness_2,79.0
1511883797628,Temperature_1,25.07
1511883797631,Humidity_1,20.931783134809596
1511883797635,Brightness_1,70.0
1511883797637,Temperature_2,24.37
1511883797639,Humidity_2,21.548382537813723
1511883797642,Brightness_2,79.0
1511883798362,Sound_P,62.551438321825636
1511883798365,PodiumIR,93
1511883804284,Temperature_1,25.07
1511883804287,Humidity_1,20.931783134809596
1511883804291,Brightness_1,70.0
1511883804293,Temperature_2,24.37
1511883804295,Humidity_2,21.548382537813723
1511883804298,Brightness_2,80.0
1511883808367,Sound_P,63.26648240367583
1511883808371,PodiumIR,67
1511883810695,Temperature_1,25.07
1511883810698,Humidity_1,20.931783134809596
1511883810702,Brightness_1,70.0
1511883810704,Temperature_2,24.37
1511883810706,Humidity_2,21.548382537813723
1511883810709,Brightness_2,80.0
1511883817392,Temperature_1,25.07
1511883817395,Humidity_1,20.931783134809596
1511883817398,Brightness_1,76.0
1511883817400,Temperature_2,24.37
1511883817403,Humidity_2,21.548382537813723
1511883817405,Brightness_2,80.0
1511883818373,Sound_P,66.44593723960276
1511883818376,PodiumIR,89
1511883823805,Temperature_1,25.07
1511883823808,Humidity_1,20.931783134809596
1511883823812,Brightness_1,76.0
1511883823814,Temperature_2,24.37
1511883823817,Humidity_2,21.548382537813723
1511883823821,Brightness_2,80.0
1511883828379,Sound_P,64.61127993529891
1511883828382,PodiumIR,94
1511883830399,Temperature_1,25.07
1511883830402,Humidity_1,20.931783134809596
1511883830405,Brightness_1,76.0
1511883830408,Temperature_2,24.37
1511883830410,Humidity_2,21.548382537813723
1511883830412,Brightness_2,80.0
1511883836848,Temperature_1,25.07
1511883836851,Humidity_1,20.931783134809596
1511883836854,Brightness_1,76.0
1511883836856,Temperature_2,24.37
1511883836858,Humidity_2,21.548382537813723
1511883836861,Brightness_2,80.0
1511883838384,Sound_P,63.95233273361063
1511883838387,PodiumIR,91
1511883843709,Temperature_1,25.07
1511883843712,Humidity_1,20.931783134809596
1511883843715,Brightness_1,76.0
1511883843718,Temperature_2,24.37
1511883843720,Humidity_2,21.548382537813723
1511883843723,Brightness_2,80.0
1511883848395,Sound_P,64.61127993529891
1511883848398,PodiumIR,90
1511883850399,Temperature_1,25.07
1511883850402,Humidity_1,20.931783134809596
1511883850406,Brightness_1,76.0
1511883850409,Temperature_2,24.37
1511883850412,Humidity_2,21.548382537813723
1511883850414,Brightness_2,80.0
1511883856919,Temperature_1,25.07
1511883856922,Humidity_1,20.931783134809596
1511883856925,Brightness_1,76.0
1511883856928,Temperature_2,24.37
1511883856930,Humidity_2,21.548382537813723
1511883856933,Brightness_2,80.0
1511883858405,Sound_P,65.8563679754536
1511883858409,PodiumIR,90
1511883863344,Temperature_1,25.07
1511883863347,Humidity_1,20.931783134809596
1511883863351,Brightness_1,76.0
1511883863353,Temperature_2,24.37
1511883863355,Humidity_2,21.548382537813723
1511883863359,Brightness_2,80.0
1511883868417,Sound_P,64.61127993529891
1511883868425,PodiumIR,101
1511883870035,Temperature_1,25.07
1511883870038,Humidity_1,20.931783134809596
1511883870042,Brightness_1,76.0
1511883870044,Temperature_2,24.37
1511883870046,Humidity_2,21.548382537813723
1511883870049,Brightness_2,84.0
1511883876491,Temperature_1,25.07
1511883876494,Humidity_1,20.931783134809596
1511883876498,Brightness_1,76.0
1511883876500,Temperature_2,24.37
1511883876502,Humidity_2,21.548382537813723
1511883876504,Brightness_2,84.0
1511883878432,Sound_P,63.26648240367583
1511883878436,PodiumIR,82
1511883882897,Temperature_1,25.07
1511883882900,Humidity_1,20.931783134809596
1511883882904,Brightness_1,70.0
1511883882906,Temperature_2,24.37
1511883882908,Humidity_2,21.548382537813723
1511883882912,Brightness_2,84.0
1511883888440,Sound_P,65.24535518573873
1511883888443,PodiumIR,81
1511883889585,Temperature_1,25.07
1511883889588,Humidity_1,20.931783134809596
1511883889591,Brightness_1,70.0
1511883889594,Temperature_2,24.37
1511883889596,Humidity_2,21.548382537813723
1511883889599,Brightness_2,84.0
1511883896036,Temperature_1,25.07
1511883896039,Humidity_1,20.931783134809596
1511883896043,Brightness_1,70.0
1511883896045,Temperature_2,24.37
1511883896047,Humidity_2,21.548382537813723
1511883896050,Brightness_2,84.0
1511883898448,Sound_P,63.26648240367583
1511883898452,PodiumIR,79
1511883902455,Temperature_1,25.07
1511883902458,Humidity_1,20.931783134809596
1511883902461,Brightness_1,70.0
1511883902464,Temperature_2,24.37
1511883902466,Humidity_2,21.548382537813723
1511883902469,Brightness_2,84.0
1511883908458,Sound_P,63.95233273361063
1511883908461,PodiumIR,91
1511883908865,Temperature_1,25.07
1511883908868,Humidity_1,20.931783134809596
1511883908871,Brightness_1,70.0
1511883908874,Temperature_2,24.37
1511883908876,Humidity_2,21.548382537813723
1511883908879,Brightness_2,84.0
1511883915288,Temperature_1,25.07
1511883915291,Humidity_1,20.931783134809596
1511883915295,Brightness_1,70.0
1511883915297,Temperature_2,24.37
1511883915299,Humidity_2,21.548382537813723
1511883915302,Brightness_2,84.0
1511883918465,Sound_P,65.24535518573873
1511883918468,PodiumIR,134
1511883921684,Temperature_1,25.07
1511883921687,Humidity_1,20.931783134809596
1511883921691,Brightness_1,70.0
1511883921693,Temperature_2,24.37
1511883921695,Humidity_2,21.548382537813723
1511883921697,Brightness_2,84.0
1511883928395,Temperature_1,25.07
1511883928398,Humidity_1,20.931783134809596
1511883928402,Brightness_1,70.0
1511883928404,Temperature_2,24.37
1511883928406,Humidity_2,21.548382537813723
1511883928409,Brightness_2,84.0
1511883928473,Sound_P,65.24535518573873
1511883928476,PodiumIR,97
1511883935153,Temperature_1,25.07
1511883935156,Humidity_1,20.931783134809596
1511883935159,Brightness_1,70.0
1511883935162,Temperature_2,24.37
1511883935164,Humidity_2,21.548382537813723
1511883935170,Brightness_2,82.0
1511883938480,Sound_P,61.80460425887306
1511883938484,PodiumIR,77
1511883941576,Temperature_1,25.07
1511883941582,Humidity_1,20.931783134809596
1511883941585,Brightness_1,70.0
1511883941588,Temperature_2,24.37
1511883941590,Humidity_2,21.548382537813723
1511883941595,Brightness_2,82.0
1511883948286,Temperature_1,25.07
1511883948292,Humidity_1,21.05510301541042
1511883948295,Brightness_1,74.0
1511883948297,Temperature_2,24.37
1511883948300,Humidity_2,21.548382537813723
1511883948302,Brightness_2,82.0
1511883948487,Sound_P,63.26648240367583
1511883948490,PodiumIR,90
1511883954704,Temperature_1,25.07
1511883954709,Humidity_1,21.05510301541042
1511883954712,Brightness_1,74.0
1511883954714,Temperature_2,24.37
1511883954717,Humidity_2,21.548382537813723
1511883954722,Brightness_2,82.0
1511883958495,Sound_P,67.56641902255494
1511883958498,PodiumIR,83
1511883961368,Temperature_1,25.07
1511883961371,Humidity_1,21.05510301541042
1511883961374,Brightness_1,74.0
1511883961377,Temperature_2,24.37
1511883961379,Humidity_2,21.548382537813723
1511883961382,Brightness_2,82.0
1511883967843,Temperature_1,25.07
1511883967847,Humidity_1,21.05510301541042
1511883967851,Brightness_1,74.0
1511883967853,Temperature_2,24.37
1511883967856,Humidity_2,21.548382537813723
1511883967860,Brightness_2,82.0
1511883968503,Sound_P,63.26648240367583
1511883968506,PodiumIR,133
1511883974400,Temperature_1,25.07
1511883974403,Humidity_1,21.05510301541042
1511883974407,Brightness_1,74.0
1511883974410,Temperature_2,24.37
1511883974414,Humidity_2,21.548382537813723
1511883974420,Brightness_2,82.0
1511883978510,Sound_P,65.8563679754536
1511883978514,PodiumIR,79
1511883980823,Temperature_1,25.07
1511883980827,Humidity_1,21.05510301541042
1511883980831,Brightness_1,74.0
1511883980833,Temperature_2,24.37
1511883980836,Humidity_2,21.548382537813723
1511883980839,Brightness_2,82.0
1511883987481,Temperature_1,25.07
1511883987484,Humidity_1,21.05510301541042
1511883987485,Brightness_1,74.0
1511883987490,Temperature_2,24.37
1511883987493,Humidity_2,21.548382537813723
1511883987501,Brightness_2,82.0
1511883988518,Sound_P,61.80460425887306
1511883988521,PodiumIR,80
1511883993933,Temperature_1,25.07
1511883993939,Humidity_1,21.05510301541042
1511883993942,Brightness_1,74.0
1511883993945,Temperature_2,24.37
1511883993953,Humidity_2,21.548382537813723
1511883993955,Brightness_2,83.0
1511883998531,Sound_P,63.95233273361063
1511883998534,PodiumIR,134
1511884000402,Temperature_1,25.07
1511884000412,Humidity_1,21.05510301541042
1511884000424,Brightness_1,74.0
1511884000427,Temperature_2,24.37
1511884000430,Humidity_2,21.548382537813723
1511884000438,Brightness_2,83.0
1511884007142,Temperature_1,25.07
1511884007149,Humidity_1,21.05510301541042
1511884007151,Brightness_1,74.0
1511884007153,Temperature_2,24.37
1511884007161,Humidity_2,21.548382537813723
1511884007164,Brightness_2,83.0
1511884008545,Sound_P,64.61127993529891
1511884008549,PodiumIR,76
1511884013696,Temperature_1,24.96
1511884013702,Humidity_1,20.931783134809596
1511884013705,Brightness_1,76.0
1511884013707,Temperature_2,24.37
1511884013716,Humidity_2,21.548382537813723
1511884013718,Brightness_2,83.0
1511884018551,Sound_P,65.24535518573873
1511884018562,PodiumIR,100
1511884020115,Temperature_1,24.96
1511884020122,Humidity_1,20.931783134809596
1511884020125,Brightness_1,76.0
1511884020135,Temperature_2,24.37
1511884020137,Humidity_2,21.548382537813723
1511884020139,Brightness_2,83.0
1511884026543,Temperature_1,24.96
1511884026549,Humidity_1,20.931783134809596
1511884026552,Brightness_1,76.0
1511884026555,Temperature_2,24.37
1511884026558,Humidity_2,21.548382537813723
1511884026560,Brightness_2,83.0
1511884028564,Sound_P,63.26648240367583
1511884028568,PodiumIR,98
1511884033255,Temperature_1,24.96
1511884033261,Humidity_1,20.931783134809596
1511884033264,Brightness_1,76.0
1511884033267,Temperature_2,24.37
1511884033276,Humidity_2,21.548382537813723
1511884033279,Brightness_2,83.0
1511884038570,Sound_P,65.8563679754536
1511884038573,PodiumIR,98
1511884039706,Temperature_1,24.96
1511884039712,Humidity_1,20.931783134809596
1511884039715,Brightness_1,76.0
1511884039717,Temperature_2,24.37
1511884039726,Humidity_2,21.548382537813723
1511884039729,Brightness_2,83.0
1511884046157,Temperature_1,24.96
1511884046164,Humidity_1,20.931783134809596
1511884046166,Brightness_1,76.0
1511884046169,Temperature_2,24.37
1511884046172,Humidity_2,21.548382537813723
1511884046174,Brightness_2,83.0
1511884048576,Sound_P,61.80460425887306
1511884048579,PodiumIR,89
1511884052563,Temperature_1,24.96
1511884052569,Humidity_1,20.931783134809596
1511884052572,Brightness_1,76.0
1511884052574,Temperature_2,24.37
1511884052583,Humidity_2,21.548382537813723
1511884052586,Brightness_2,83.0
1511884058582,Sound_P,63.26648240367583
1511884058585,PodiumIR,101
1511884059264,Temperature_1,24.96
1511884059271,Humidity_1,20.931783134809596
1511884059274,Brightness_1,76.0
1511884059281,Temperature_2,24.37
1511884059284,Humidity_2,21.548382537813723
1511884059290,Brightness_2,79.0
1511884065818,Temperature_1,24.96
1511884065825,Humidity_1,20.931783134809596
1511884065828,Brightness_1,76.0
1511884065831,Temperature_2,24.37
1511884065839,Humidity_2,21.548382537813723
1511884065841,Brightness_2,79.0
1511884068588,Sound_P,63.95233273361063
1511884068591,PodiumIR,87
1511884072269,Temperature_1,25.07
1511884072276,Humidity_1,20.931783134809596
1511884072279,Brightness_1,75.0
1511884072281,Temperature_2,24.37
1511884072289,Humidity_2,21.548382537813723
1511884072292,Brightness_2,79.0
1511884078594,Sound_P,61.80460425887306
1511884078598,PodiumIR,95
1511884078674,Temperature_1,25.07
1511884078681,Humidity_1,20.931783134809596
1511884078683,Brightness_1,75.0
1511884078686,Temperature_2,24.37
1511884078689,Humidity_2,21.548382537813723
1511884078696,Brightness_2,79.0
1511884085402,Temperature_1,25.07
1511884085408,Humidity_1,20.931783134809596
1511884085411,Brightness_1,75.0
1511884085413,Temperature_2,24.37
1511884085416,Humidity_2,21.548382537813723
1511884085419,Brightness_2,79.0
1511884088600,Sound_P,64.61127993529891
1511884088603,PodiumIR,90
1511884091812,Temperature_1,25.07
1511884091818,Humidity_1,20.931783134809596
1511884091821,Brightness_1,75.0
1511884091829,Temperature_2,24.37
1511884091832,Humidity_2,21.548382537813723
1511884091834,Brightness_2,79.0
1511884098279,Temperature_1,25.07
1511884098286,Humidity_1,20.931783134809596
1511884098289,Brightness_1,75.0
1511884098297,Temperature_2,24.37
1511884098300,Humidity_2,21.548382537813723
1511884098308,Brightness_2,79.0
1511884098606,Sound_P,64.61127993529891
1511884098610,PodiumIR,90
1511884104830,Temperature_1,25.07
1511884104836,Humidity_1,20.931783134809596
1511884104838,Brightness_1,75.0
1511884104841,Temperature_2,24.37
1511884104843,Humidity_2,21.548382537813723
1511884104846,Brightness_2,79.0
1511884108612,Sound_P,65.8563679754536
1511884108615,PodiumIR,83
1511884111281,Temperature_1,25.07
1511884111287,Humidity_1,20.931783134809596
1511884111290,Brightness_1,75.0
1511884111293,Temperature_2,24.37
1511884111296,Humidity_2,21.548382537813723
1511884111304,Brightness_2,79.0
1511884117736,Temperature_1,25.07
1511884117742,Humidity_1,20.931783134809596
1511884117745,Brightness_1,75.0
1511884117749,Temperature_2,24.37
1511884117752,Humidity_2,21.548382537813723
1511884117755,Brightness_2,79.0
1511884118618,Sound_P,61.80460425887306
1511884118622,PodiumIR,96
1511884124392,Temperature_1,25.07
1511884124399,Humidity_1,20.931783134809596
1511884124402,Brightness_1,75.0
1511884124405,Temperature_2,24.25
1511884124417,Humidity_2,21.548382537813723
1511884124420,Brightness_2,81.0
1511884128624,Sound_P,63.95233273361063
1511884128628,PodiumIR,80
1511884130812,Temperature_1,25.07
1511884130818,Humidity_1,20.931783134809596
1511884130821,Brightness_1,75.0
1511884130823,Temperature_2,24.25
1511884130832,Humidity_2,21.548382537813723
1511884130835,Brightness_2,81.0
1511884137500,Temperature_1,25.07
1511884137506,Humidity_1,20.931783134809596
1511884137509,Brightness_1,73.0
1511884137512,Temperature_2,24.25
1511884137515,Humidity_2,21.548382537813723
1511884137518,Brightness_2,81.0
1511884138630,Sound_P,63.26648240367583
1511884138633,PodiumIR,93
1511884143955,Temperature_1,25.07
1511884143962,Humidity_1,20.931783134809596
1511884143964,Brightness_1,73.0
1511884143971,Temperature_2,24.25
1511884143974,Humidity_2,21.548382537813723
1511884143977,Brightness_2,81.0
1511884148636,Sound_P,63.26648240367583
1511884148656,PodiumIR,124
1511884150399,Temperature_1,25.07
1511884150406,Humidity_1,20.931783134809596
1511884150412,Brightness_1,73.0
1511884150422,Temperature_2,24.25
1511884150425,Humidity_2,21.548382537813723
1511884150432,Brightness_2,81.0
1511884157161,Temperature_1,25.07
1511884157167,Humidity_1,20.931783134809596
1511884157170,Brightness_1,73.0
1511884157178,Temperature_2,24.25
1511884157181,Humidity_2,21.548382537813723
1511884157189,Brightness_2,81.0
1511884158661,Sound_P,64.61127993529891
1511884158664,PodiumIR,88
1511884163728,Temperature_1,25.07
1511884163735,Humidity_1,20.931783134809596
1511884163738,Brightness_1,73.0
1511884163740,Temperature_2,24.25
1511884163743,Humidity_2,21.548382537813723
1511884163752,Brightness_2,81.0
1511884168667,Sound_P,63.95233273361063
1511884168681,PodiumIR,91
1511884170379,Temperature_1,25.07
1511884170385,Humidity_1,20.931783134809596
1511884170389,Brightness_1,73.0
1511884170392,Temperature_2,24.25
1511884170395,Humidity_2,21.548382537813723
1511884170402,Brightness_2,81.0
1511884177131,Temperature_1,25.07
1511884177138,Humidity_1,20.931783134809596
1511884177141,Brightness_1,73.0
1511884177143,Temperature_2,24.25
1511884177146,Humidity_2,21.548382537813723
1511884177149,Brightness_2,81.0
1511884178692,Sound_P,64.61127993529891
1511884178695,PodiumIR,84
1511884183551,Temperature_1,25.07
1511884183557,Humidity_1,20.931783134809596
1511884183560,Brightness_1,73.0
1511884183567,Temperature_2,24.25
1511884183569,Humidity_2,21.548382537813723
1511884183572,Brightness_2,79.0
1511884188698,Sound_P,64.61127993529891
1511884188705,PodiumIR,88
1511884190237,Temperature_1,25.07
1511884190243,Humidity_1,20.931783134809596
1511884190246,Brightness_1,73.0
1511884190249,Temperature_2,24.25
1511884190256,Humidity_2,21.548382537813723
1511884190263,Brightness_2,79.0
1511884196661,Temperature_1,25.07
1511884196667,Humidity_1,20.931783134809596
1511884196670,Brightness_1,73.0
1511884196672,Temperature_2,24.25
1511884196682,Humidity_2,21.548382537813723
1511884196685,Brightness_2,79.0
1511884198716,Sound_P,63.95233273361063
1511884198719,PodiumIR,78
1511884203344,Temperature_1,25.07
1511884203351,Humidity_1,20.931783134809596
1511884203354,Brightness_1,70.0
1511884203362,Temperature_2,24.25
1511884203365,Humidity_2,21.548382537813723
1511884203373,Brightness_2,79.0
1511884208722,Sound_P,61.80460425887306
1511884208732,PodiumIR,64
1511884209751,Temperature_1,25.07
1511884209757,Humidity_1,20.931783134809596
1511884209760,Brightness_1,70.0
1511884209763,Temperature_2,24.25
1511884209765,Humidity_2,21.548382537813723
1511884209773,Brightness_2,79.0
1511884216404,Temperature_1,25.07
1511884216415,Humidity_1,20.931783134809596
1511884216418,Brightness_1,70.0
1511884216426,Temperature_2,24.25
1511884216429,Humidity_2,21.548382537813723
1511884216437,Brightness_2,79.0
1511884218743,Sound_P,63.26648240367583
1511884218747,PodiumIR,89
1511884223108,Temperature_1,25.07
1511884223114,Humidity_1,20.931783134809596
1511884223117,Brightness_1,70.0
1511884223125,Temperature_2,24.25
1511884223129,Humidity_2,21.548382537813723
1511884223136,Brightness_2,79.0
1511884228749,Sound_P,65.24535518573873
1511884228753,PodiumIR,92
1511884229666,Temperature_1,25.07
1511884229673,Humidity_1,20.931783134809596
1511884229675,Brightness_1,70.0
1511884229678,Temperature_2,24.25
1511884229681,Humidity_2,21.548382537813723
1511884229684,Brightness_2,79.0
1511884236083,Temperature_1,25.07
1511884236089,Humidity_1,20.931783134809596
1511884236092,Brightness_1,70.0
1511884236094,Temperature_2,24.25
1511884236103,Humidity_2,21.548382537813723
1511884236111,Brightness_2,79.0
1511884238755,Sound_P,63.95233273361063
1511884238764,PodiumIR,87
1511884242512,Temperature_1,25.07
1511884242519,Humidity_1,20.931783134809596
1511884242522,Brightness_1,70.0
1511884242524,Temperature_2,24.25
1511884242532,Humidity_2,21.548382537813723
1511884242534,Brightness_2,79.0
1511884248766,Sound_P,64.61127993529891
1511884248770,PodiumIR,82
1511884249229,Temperature_1,25.07
1511884249235,Humidity_1,20.931783134809596
1511884249238,Brightness_1,70.0
1511884249241,Temperature_2,24.25
1511884249250,Humidity_2,21.548382537813723
1511884249253,Brightness_2,84.0
1511884255795,Temperature_1,25.07
1511884255801,Humidity_1,20.931783134809596
1511884255804,Brightness_1,70.0
1511884255807,Temperature_2,24.25
1511884255810,Humidity_2,21.548382537813723
1511884255818,Brightness_2,84.0
1511884258772,Sound_P,64.61127993529891
1511884258776,PodiumIR,83
1511884262210,Temperature_1,25.07
1511884262217,Humidity_1,21.05510301541042
1511884262224,Brightness_1,70.0
1511884262228,Temperature_2,24.25
1511884262231,Humidity_2,21.548382537813723
1511884262234,Brightness_2,84.0
1511884268630,Temperature_1,25.07
1511884268637,Humidity_1,21.05510301541042
1511884268640,Brightness_1,70.0
1511884268642,Temperature_2,24.25
1511884268645,Humidity_2,21.548382537813723
1511884268648,Brightness_2,84.0
1511884268779,Sound_P,64.61127993529891
1511884268782,PodiumIR,85
1511884275341,Temperature_1,25.07
1511884275347,Humidity_1,21.05510301541042
1511884275350,Brightness_1,70.0
1511884275353,Temperature_2,24.25
1511884275362,Humidity_2,21.548382537813723
1511884275364,Brightness_2,84.0
1511884278784,Sound_P,65.8563679754536
1511884278788,PodiumIR,86
1511884282090,Temperature_1,25.07
1511884282097,Humidity_1,21.05510301541042
1511884282099,Brightness_1,70.0
1511884282102,Temperature_2,24.25
1511884282109,Humidity_2,21.548382537813723
1511884282112,Brightness_2,84.0
1511884288500,Temperature_1,25.07
1511884288507,Humidity_1,21.05510301541042
1511884288510,Brightness_1,70.0
1511884288512,Temperature_2,24.25
1511884288521,Humidity_2,21.548382537813723
1511884288524,Brightness_2,84.0
1511884288790,Sound_P,63.95233273361063
1511884288794,PodiumIR,95
1511884295198,Temperature_1,25.07
1511884295204,Humidity_1,21.05510301541042
1511884295207,Brightness_1,70.0
1511884295215,Temperature_2,24.25
1511884295218,Humidity_2,21.548382537813723
1511884295225,Brightness_2,84.0
1511884298796,Sound_P,65.24535518573873
1511884298800,PodiumIR,90
1511884301654,Temperature_1,25.07
1511884301660,Humidity_1,21.05510301541042
1511884301663,Brightness_1,70.0
1511884301665,Temperature_2,24.25
1511884301668,Humidity_2,21.548382537813723
1511884301671,Brightness_2,84.0
1511884308107,Temperature_1,25.07
1511884308113,Humidity_1,21.05510301541042
1511884308116,Brightness_1,70.0
1511884308119,Temperature_2,24.25
1511884308128,Humidity_2,21.548382537813723
1511884308131,Brightness_2,84.0
1511884308802,Sound_P,64.61127993529891
1511884308806,PodiumIR,80
1511884314524,Temperature_1,25.07
1511884314530,Humidity_1,21.05510301541042
1511884314533,Brightness_1,70.0
1511884314536,Temperature_2,24.25
1511884314544,Humidity_2,21.548382537813723
1511884314547,Brightness_2,81.0
1511884318808,Sound_P,62.551438321825636
1511884318812,PodiumIR,89
1511884321208,Temperature_1,25.07
1511884321214,Humidity_1,21.05510301541042
1511884321217,Brightness_1,70.0
1511884321220,Temperature_2,24.25
1511884321228,Humidity_2,21.548382537813723
1511884321231,Brightness_2,81.0
1511884327764,Temperature_1,24.96
1511884327771,Humidity_1,20.931783134809596
1511884327774,Brightness_1,70.0
1511884327782,Temperature_2,24.25
1511884327785,Humidity_2,21.548382537813723
1511884327787,Brightness_2,81.0
1511884328814,Sound_P,64.61127993529891
1511884328818,PodiumIR,92
1511884334399,Temperature_1,24.96
1511884334406,Humidity_1,20.931783134809596
1511884334411,Brightness_1,70.0
1511884334420,Temperature_2,24.25
1511884334423,Humidity_2,21.548382537813723
1511884334426,Brightness_2,81.0
1511884338820,Sound_P,62.551438321825636
1511884338823,PodiumIR,121
1511884340853,Temperature_1,24.96
1511884340860,Humidity_1,20.931783134809596
1511884340863,Brightness_1,70.0
1511884340866,Temperature_2,24.25
1511884340869,Humidity_2,21.548382537813723
1511884340872,Brightness_2,81.0
1511884347629,Temperature_1,24.96
1511884347634,Humidity_1,20.931783134809596
1511884347637,Brightness_1,70.0
1511884347640,Temperature_2,24.25
1511884347648,Humidity_2,21.548382537813723
1511884347651,Brightness_2,81.0
1511884348826,Sound_P,63.26648240367583
1511884348829,PodiumIR,84
1511884354080,Temperature_1,24.96
1511884354086,Humidity_1,20.931783134809596
1511884354089,Brightness_1,70.0
1511884354097,Temperature_2,24.25
1511884354100,Humidity_2,21.548382537813723
1511884354103,Brightness_2,81.0
1511884358832,Sound_P,61.80460425887306
1511884358835,PodiumIR,92
1511884360500,Temperature_1,24.96
1511884360506,Humidity_1,20.931783134809596
1511884360509,Brightness_1,70.0
1511884360517,Temperature_2,24.25
1511884360520,Humidity_2,21.548382537813723
1511884360523,Brightness_2,81.0
1511884367186,Temperature_1,24.96
1511884367193,Humidity_1,20.931783134809596
1511884367196,Brightness_1,70.0
1511884367198,Temperature_2,24.25
1511884367206,Humidity_2,21.548382537813723
1511884367208,Brightness_2,81.0
1511884368838,Sound_P,63.95233273361063
1511884368841,PodiumIR,85
1511884373740,Temperature_1,24.96
1511884373746,Humidity_1,20.931783134809596
1511884373749,Brightness_1,70.0
1511884373751,Temperature_2,24.25
1511884373760,Humidity_2,21.548382537813723
1511884373762,Brightness_2,79.0
1511884378844,Sound_P,62.551438321825636
1511884378853,PodiumIR,124
1511884380192,Temperature_1,24.96
1511884380198,Humidity_1,20.931783134809596
1511884380201,Brightness_1,70.0
1511884380203,Temperature_2,24.25
1511884380212,Humidity_2,21.548382537813723
1511884380215,Brightness_2,79.0
1511884386619,Temperature_1,24.96
1511884386626,Humidity_1,20.931783134809596
1511884386629,Brightness_1,70.0
1511884386631,Temperature_2,24.25
1511884386638,Humidity_2,21.548382537813723
1511884386645,Brightness_2,79.0
1511884388863,Sound_P,63.95233273361063
1511884388866,PodiumIR,73
1511884393298,Temperature_1,24.84
1511884393305,Humidity_1,20.931783134809596
1511884393308,Brightness_1,73.0
1511884393311,Temperature_2,24.25
1511884393318,Humidity_2,21.548382537813723
1511884393325,Brightness_2,79.0
1511884398877,Sound_P,65.24535518573873
1511884398881,PodiumIR,83
1511884399750,Temperature_1,24.84
1511884399756,Humidity_1,20.931783134809596
1511884399772,Brightness_1,73.0
1511884399775,Temperature_2,24.25
1511884399782,Humidity_2,21.548382537813723
1511884399785,Brightness_2,79.0
1511884406401,Temperature_1,24.84
1511884406407,Humidity_1,20.931783134809596
1511884406413,Brightness_1,73.0
1511884406421,Temperature_2,24.25
1511884406424,Humidity_2,21.548382537813723
1511884406431,Brightness_2,79.0
1511884408883,Sound_P,65.24535518573873
1511884408887,PodiumIR,90
1511884412857,Temperature_1,24.84
1511884412863,Humidity_1,20.931783134809596
1511884412867,Brightness_1,73.0
1511884412873,Temperature_2,24.25
1511884412876,Humidity_2,21.548382537813723
1511884412884,Brightness_2,79.0
1511884418889,Sound_P,63.26648240367583
1511884418893,PodiumIR,97
1511884419411,Temperature_1,24.84
1511884419418,Humidity_1,20.931783134809596
1511884419420,Brightness_1,73.0
1511884419423,Temperature_2,24.25
1511884419426,Humidity_2,21.548382537813723
1511884419433,Brightness_2,79.0
1511884425863,Temperature_1,24.84
1511884425866,Humidity_1,20.931783134809596
1511884425873,Brightness_1,73.0
1511884425876,Temperature_2,24.25
1511884425879,Humidity_2,21.548382537813723
1511884425881,Brightness_2,79.0
1511884428896,Sound_P,64.61127993529891
1511884428899,PodiumIR,135
1511884432273,Temperature_1,24.84
1511884432279,Humidity_1,20.931783134809596
1511884432282,Brightness_1,73.0
1511884432284,Temperature_2,24.25
1511884432292,Humidity_2,21.548382537813723
1511884432300,Brightness_2,79.0
1511884438718,Temperature_1,24.84
1511884438724,Humidity_1,20.931783134809596
1511884438727,Brightness_1,73.0
1511884438729,Temperature_2,24.25
1511884438732,Humidity_2,21.548382537813723
1511884438735,Brightness_2,79.0
1511884438909,Sound_P,64.61127993529891
1511884438912,PodiumIR,81
1511884445428,Temperature_1,24.84
1511884445435,Humidity_1,20.931783134809596
1511884445438,Brightness_1,73.0
1511884445446,Temperature_2,24.25
1511884445449,Humidity_2,21.548382537813723
1511884445451,Brightness_2,79.0
1511884448914,Sound_P,63.95233273361063
1511884448918,PodiumIR,92
1511884452179,Temperature_1,24.84
1511884452186,Humidity_1,20.931783134809596
1511884452189,Brightness_1,73.0
1511884452192,Temperature_2,24.25
1511884452194,Humidity_2,21.548382537813723
1511884452197,Brightness_2,79.0
1511884458593,Temperature_1,24.96
1511884458599,Humidity_1,21.05510301541042
1511884458602,Brightness_1,70.0
1511884458605,Temperature_2,24.25
1511884458612,Humidity_2,21.548382537813723
1511884458616,Brightness_2,79.0
1511884458920,Sound_P,63.26648240367583
1511884458923,PodiumIR,84
1511884465296,Temperature_1,24.96
1511884465302,Humidity_1,21.05510301541042
1511884465305,Brightness_1,70.0
1511884465311,Temperature_2,24.25
1511884465315,Humidity_2,21.548382537813723
1511884465317,Brightness_2,79.0
1511884468926,Sound_P,63.95233273361063
1511884468929,PodiumIR,96
1511884471734,Temperature_1,24.96
1511884471741,Humidity_1,21.05510301541042
1511884471743,Brightness_1,70.0
1511884471745,Temperature_2,24.25
1511884471749,Humidity_2,21.548382537813723
1511884471751,Brightness_2,79.0
1511884478196,Temperature_1,24.96
1511884478206,Humidity_1,21.05510301541042
1511884478209,Brightness_1,70.0
1511884478212,Temperature_2,24.25
1511884478220,Humidity_2,21.548382537813723
1511884478222,Brightness_2,79.0
1511884478936,Sound_P,63.26648240367583
1511884478939,PodiumIR,103
1511884484632,Temperature_1,24.96
1511884484639,Humidity_1,21.05510301541042
1511884484642,Brightness_1,70.0
1511884484644,Temperature_2,24.25
1511884484653,Humidity_2,21.548382537813723
1511884484655,Brightness_2,79.0
1511884488942,Sound_P,64.61127993529891
1511884488955,PodiumIR,81
1511884491052,Temperature_1,24.96
1511884491059,Humidity_1,21.05510301541042
1511884491062,Brightness_1,70.0
1511884491070,Temperature_2,24.25
1511884491073,Humidity_2,21.548382537813723
1511884491080,Brightness_2,79.0
1511884497749,Temperature_1,24.96
1511884497755,Humidity_1,21.05510301541042
1511884497758,Brightness_1,70.0
1511884497761,Temperature_2,24.25
1511884497769,Humidity_2,21.548382537813723
1511884497771,Brightness_2,79.0
1511884498961,Sound_P,66.44593723960276
1511884498964,PodiumIR,93
1511884504399,Temperature_1,24.96
1511884504406,Humidity_1,21.05510301541042
1511884504416,Brightness_1,70.0
1511884504419,Temperature_2,24.25
1511884504422,Humidity_2,21.548382537813723
1511884504425,Brightness_2,84.0
1511884508967,Sound_P,62.551438321825636
1511884508970,PodiumIR,88
1511884510802,Temperature_1,24.96
1511884510810,Humidity_1,21.05510301541042
1511884510813,Brightness_1,70.0
1511884510815,Temperature_2,24.25
1511884510823,Humidity_2,21.548382537813723
1511884510826,Brightness_2,84.0
1511884517518,Temperature_1,24.96
1511884517523,Humidity_1,21.05510301541042
1511884517526,Brightness_1,70.0
1511884517535,Temperature_2,24.25
1511884517538,Humidity_2,21.548382537813723
1511884517540,Brightness_2,84.0
1511884518973,Sound_P,63.95233273361063
1511884518976,PodiumIR,97
1511884524072,Temperature_1,24.96
1511884524078,Humidity_1,21.05510301541042
1511884524081,Brightness_1,70.0
1511884524090,Temperature_2,24.25
1511884524093,Humidity_2,21.548382537813723
1511884524095,Brightness_2,84.0
1511884528979,Sound_P,65.24535518573873
1511884528982,PodiumIR,128
1511884530504,Temperature_1,24.96
1511884530511,Humidity_1,21.05510301541042
1511884530514,Brightness_1,70.0
1511884530516,Temperature_2,24.25
1511884530519,Humidity_2,21.548382537813723
1511884530527,Brightness_2,84.0
1511884537275,Temperature_1,24.96
1511884537282,Humidity_1,21.05510301541042
1511884537285,Brightness_1,70.0
1511884537287,Temperature_2,24.25
1511884537290,Humidity_2,21.548382537813723
1511884537299,Brightness_2,84.0
1511884538985,Sound_P,63.95233273361063
1511884538995,PodiumIR,66
1511884543727,Temperature_1,24.96
1511884543733,Humidity_1,21.05510301541042
1511884543736,Brightness_1,70.0
1511884543744,Temperature_2,24.25
1511884543747,Humidity_2,21.548382537813723
1511884543754,Brightness_2,84.0
1511884548998,Sound_P,63.26648240367583
1511884549010,PodiumIR,99
1511884550289,Temperature_1,24.96
1511884550295,Humidity_1,21.05510301541042
1511884550307,Brightness_1,70.0
1511884550310,Temperature_2,24.25
1511884550312,Humidity_2,21.548382537813723
1511884550321,Brightness_2,84.0
1511884556712,Temperature_1,24.96
1511884556719,Humidity_1,21.05510301541042
1511884556722,Brightness_1,70.0
1511884556724,Temperature_2,24.25
1511884556733,Humidity_2,21.548382537813723
1511884556736,Brightness_2,84.0
1511884559016,Sound_P,63.95233273361063
1511884559019,PodiumIR,88
1511884563394,Temperature_1,24.96
1511884563401,Humidity_1,21.05510301541042
1511884563404,Brightness_1,70.0
1511884563407,Temperature_2,24.25
1511884563410,Humidity_2,21.548382537813723
1511884563412,Brightness_2,84.0
1511884569022,Sound_P,65.24535518573873
1511884569030,PodiumIR,83
1511884569950,Temperature_1,24.96
1511884569956,Humidity_1,21.05510301541042
1511884569959,Brightness_1,70.0
1511884569967,Temperature_2,24.25
1511884569970,Humidity_2,21.548382537813723
1511884569972,Brightness_2,83.0
1511884576405,Temperature_1,24.96
1511884576415,Humidity_1,21.05510301541042
1511884576418,Brightness_1,70.0
1511884576421,Temperature_2,24.25
1511884576429,Humidity_2,21.548382537813723
1511884576432,Brightness_2,83.0
1511884579038,Sound_P,63.26648240367583
1511884579041,PodiumIR,115
1511884582844,Temperature_1,24.96
1511884582850,Humidity_1,20.931783134809596
1511884582853,Brightness_1,74.0
1511884582856,Temperature_2,24.25
1511884582859,Humidity_2,21.548382537813723
1511884582861,Brightness_2,83.0
1511884589044,Sound_P,64.61127993529891
1511884589047,PodiumIR,86
1511884589506,Temperature_1,24.96
1511884589511,Humidity_1,20.931783134809596
1511884589514,Brightness_1,74.0
1511884589522,Temperature_2,24.25
1511884589524,Humidity_2,21.548382537813723
1511884589527,Brightness_2,83.0
1511884596061,Temperature_1,24.96
1511884596068,Humidity_1,20.931783134809596
1511884596071,Brightness_1,74.0
1511884596073,Temperature_2,24.25
1511884596081,Humidity_2,21.548382537813723
1511884596083,Brightness_2,83.0
1511884599050,Sound_P,65.8563679754536
1511884599053,PodiumIR,88
1511884602492,Temperature_1,24.96
1511884602499,Humidity_1,20.931783134809596
1511884602502,Brightness_1,74.0
1511884602504,Temperature_2,24.25
1511884602510,Humidity_2,21.548382537813723
1511884602513,Brightness_2,83.0
1511884609056,Sound_P,65.24535518573873
1511884609059,PodiumIR,97
1511884609095,Temperature_1,24.96
1511884609101,Humidity_1,20.931783134809596
1511884609104,Brightness_1,74.0
1511884609106,Temperature_2,24.25
1511884609115,Humidity_2,21.548382537813723
1511884609118,Brightness_2,83.0
1511884615858,Temperature_1,24.96
1511884615864,Humidity_1,20.931783134809596
1511884615867,Brightness_1,74.0
1511884615870,Temperature_2,24.25
1511884615876,Humidity_2,21.548382537813723
1511884615879,Brightness_2,83.0
1511884619062,Sound_P,63.26648240367583
1511884619065,PodiumIR,90
1511884622304,Temperature_1,24.96
1511884622310,Humidity_1,20.931783134809596
1511884622313,Brightness_1,74.0
1511884622315,Temperature_2,24.25
1511884622318,Humidity_2,21.548382537813723
1511884622321,Brightness_2,83.0
1511884628761,Temperature_1,24.96
1511884628768,Humidity_1,20.931783134809596
1511884628771,Brightness_1,74.0
1511884628773,Temperature_2,24.25
1511884628780,Humidity_2,21.671702418414547
1511884628782,Brightness_2,84.0
1511884629067,Sound_P,65.24535518573873
1511884629071,PodiumIR,89
1511884635487,Temperature_1,24.96
1511884635493,Humidity_1,20.931783134809596
1511884635495,Brightness_1,74.0
1511884635498,Temperature_2,24.25
1511884635505,Humidity_2,21.671702418414547
1511884635507,Brightness_2,84.0
1511884639073,Sound_P,62.551438321825636
1511884639077,PodiumIR,117
1511884642040,Temperature_1,24.96
1511884642046,Humidity_1,20.931783134809596
1511884642049,Brightness_1,74.0
1511884642051,Temperature_2,24.25
1511884642059,Humidity_2,21.671702418414547
1511884642062,Brightness_2,84.0
1511884648461,Temperature_1,24.72
1511884648467,Humidity_1,21.05510301541042
1511884648470,Brightness_1,76.0
1511884648473,Temperature_2,24.25
1511884648481,Humidity_2,21.671702418414547
1511884648483,Brightness_2,84.0
1511884649079,Sound_P,61.80460425887306
1511884649083,PodiumIR,84
1511884654935,Temperature_1,24.72
1511884654941,Humidity_1,21.05510301541042
1511884654944,Brightness_1,76.0
1511884654946,Temperature_2,24.25
1511884654955,Humidity_2,21.671702418414547
1511884654957,Brightness_2,84.0
1511884659085,Sound_P,62.551438321825636
1511884659089,PodiumIR,73
1511884661372,Temperature_1,24.72
1511884661378,Humidity_1,21.05510301541042
1511884661386,Brightness_1,76.0
1511884661389,Temperature_2,24.25
1511884661391,Humidity_2,21.671702418414547
1511884661398,Brightness_2,84.0
1511884668145,Temperature_1,24.72
1511884668152,Humidity_1,21.05510301541042
1511884668154,Brightness_1,76.0
1511884668157,Temperature_2,24.25
1511884668159,Humidity_2,21.671702418414547
1511884668167,Brightness_2,84.0
1511884669091,Sound_P,64.61127993529891
1511884669095,PodiumIR,91
1511884674552,Temperature_1,24.72
1511884674556,Humidity_1,21.05510301541042
1511884674559,Brightness_1,76.0
1511884674561,Temperature_2,24.25
1511884674563,Humidity_2,21.671702418414547
1511884674566,Brightness_2,84.0
1511884679097,Sound_P,63.95233273361063
1511884679101,PodiumIR,94
1511884681267,Temperature_1,24.72
1511884681270,Humidity_1,21.05510301541042
1511884681273,Brightness_1,76.0
1511884681276,Temperature_2,24.25
1511884681278,Humidity_2,21.671702418414547
1511884681281,Brightness_2,84.0
1511884687805,Temperature_1,24.72
1511884687809,Humidity_1,21.05510301541042
1511884687812,Brightness_1,76.0
1511884687814,Temperature_2,24.25
1511884687816,Humidity_2,21.671702418414547
1511884687820,Brightness_2,84.0
1511884689103,Sound_P,63.26648240367583
1511884689107,PodiumIR,82
1511884694257,Temperature_1,24.72
1511884694261,Humidity_1,21.05510301541042
1511884694265,Brightness_1,76.0
1511884694268,Temperature_2,24.25
1511884694270,Humidity_2,21.671702418414547
1511884694274,Brightness_2,84.0
1511884699109,Sound_P,65.24535518573873
1511884699113,PodiumIR,92
1511884700673,Temperature_1,24.72
1511884700676,Humidity_1,21.05510301541042
1511884700679,Brightness_1,76.0
1511884700681,Temperature_2,24.25
1511884700684,Humidity_2,21.671702418414547
1511884700686,Brightness_2,84.0
1511884707398,Temperature_1,24.96
1511884707401,Humidity_1,20.931783134809596
1511884707405,Brightness_1,70.0
1511884707408,Temperature_2,24.25
1511884707410,Humidity_2,21.671702418414547
1511884707413,Brightness_2,84.0
1511884709116,Sound_P,65.8563679754536
1511884709119,PodiumIR,106
1511884714028,Temperature_1,24.96
1511884714030,Humidity_1,20.931783134809596
1511884714032,Brightness_1,70.0
1511884714033,Temperature_2,24.25
1511884714035,Humidity_2,21.671702418414547
1511884714036,Brightness_2,84.0
1511884719122,Sound_P,64.61127993529891
1511884719133,PodiumIR,64
1511884720431,Temperature_1,24.96
1511884720434,Humidity_1,20.931783134809596
1511884720437,Brightness_1,70.0
1511884720439,Temperature_2,24.25
1511884720441,Humidity_2,21.671702418414547
1511884720444,Brightness_2,84.0
1511884727134,Temperature_1,24.96
1511884727137,Humidity_1,20.931783134809596
1511884727140,Brightness_1,70.0
1511884727142,Temperature_2,24.25
1511884727144,Humidity_2,21.671702418414547
1511884727147,Brightness_2,84.0
1511884729138,Sound_P,63.26648240367583
1511884729141,PodiumIR,87
1511884733589,Temperature_1,24.96
1511884733592,Humidity_1,20.931783134809596
1511884733596,Brightness_1,70.0
1511884733599,Temperature_2,24.25
1511884733602,Humidity_2,21.671702418414547
1511884733604,Brightness_2,84.0
1511884739144,Sound_P,64.61127993529891
1511884739152,PodiumIR,99
1511884740030,Temperature_1,24.96
1511884740034,Humidity_1,20.931783134809596
1511884740037,Brightness_1,70.0
1511884740040,Temperature_2,24.25
1511884740043,Humidity_2,21.671702418414547
1511884740046,Brightness_2,84.0
1511884746614,Temperature_1,24.96
1511884746618,Humidity_1,20.931783134809596
1511884746621,Brightness_1,70.0
1511884746624,Temperature_2,24.25
1511884746627,Humidity_2,21.671702418414547
1511884746630,Brightness_2,84.0
1511884749160,Sound_P,63.26648240367583
1511884749163,PodiumIR,92
1511884753248,Temperature_1,24.96
1511884753252,Humidity_1,20.931783134809596
1511884753255,Brightness_1,70.0
1511884753258,Temperature_2,24.25
1511884753261,Humidity_2,21.671702418414547
1511884753265,Brightness_2,84.0
1511884759166,Sound_P,63.26648240367583
1511884759169,PodiumIR,90
1511884759691,Temperature_1,24.96
1511884759695,Humidity_1,20.931783134809596
1511884759699,Brightness_1,70.0
1511884759702,Temperature_2,24.25
1511884759704,Humidity_2,21.548382537813723
1511884759708,Brightness_2,80.0
1511884766118,Temperature_1,24.96
1511884766122,Humidity_1,20.931783134809596
1511884766125,Brightness_1,70.0
1511884766129,Temperature_2,24.25
1511884766132,Humidity_2,21.548382537813723
1511884766136,Brightness_2,80.0
1511884769172,Sound_P,63.26648240367583
1511884769175,PodiumIR,117
1511884772521,Temperature_1,24.96
1511884772524,Humidity_1,21.05510301541042
1511884772528,Brightness_1,70.0
1511884772531,Temperature_2,24.25
1511884772534,Humidity_2,21.548382537813723
1511884772536,Brightness_2,80.0
1511884779178,Sound_P,65.8563679754536
1511884779182,PodiumIR,92
1511884779202,Temperature_1,24.96
1511884779205,Humidity_1,21.05510301541042
1511884779209,Brightness_1,70.0
1511884779212,Temperature_2,24.25
1511884779214,Humidity_2,21.548382537813723
1511884779217,Brightness_2,80.0
1511884785911,Temperature_1,24.96
1511884785915,Humidity_1,21.05510301541042
1511884785919,Brightness_1,70.0
1511884785921,Temperature_2,24.25
1511884785924,Humidity_2,21.548382537813723
1511884785928,Brightness_2,80.0
1511884789184,Sound_P,63.26648240367583
1511884789188,PodiumIR,82
1511884792363,Temperature_1,24.96
1511884792366,Humidity_1,21.05510301541042
1511884792371,Brightness_1,70.0
1511884792373,Temperature_2,24.25
1511884792376,Humidity_2,21.548382537813723
1511884792379,Brightness_2,80.0
1511884798815,Temperature_1,24.96
1511884798819,Humidity_1,21.05510301541042
1511884798823,Brightness_1,70.0
1511884798825,Temperature_2,24.25
1511884798829,Humidity_2,21.548382537813723
1511884798832,Brightness_2,80.0
1511884799190,Sound_P,63.26648240367583
1511884799194,PodiumIR,94
1511884805266,Temperature_1,24.96
1511884805269,Humidity_1,21.05510301541042
1511884805272,Brightness_1,70.0
1511884805275,Temperature_2,24.25
1511884805278,Humidity_2,21.548382537813723
1511884805287,Brightness_2,80.0
1511884809196,Sound_P,63.95233273361063
1511884809199,PodiumIR,87
1511884811720,Temperature_1,24.96
1511884811723,Humidity_1,21.05510301541042
1511884811726,Brightness_1,70.0
1511884811729,Temperature_2,24.25
1511884811731,Humidity_2,21.548382537813723
1511884811734,Brightness_2,80.0
1511884818173,Temperature_1,24.96
1511884818176,Humidity_1,21.05510301541042
1511884818179,Brightness_1,70.0
1511884818182,Temperature_2,24.25
1511884818184,Humidity_2,21.671702418414547
1511884818186,Brightness_2,84.0
1511884819202,Sound_P,62.551438321825636
1511884819205,PodiumIR,78
1511884824581,Temperature_1,24.96
1511884824585,Humidity_1,21.05510301541042
1511884824588,Brightness_1,70.0
1511884824590,Temperature_2,24.25
1511884824592,Humidity_2,21.671702418414547
1511884824595,Brightness_2,84.0
1511884829208,Sound_P,63.26648240367583
1511884829211,PodiumIR,125
1511884831008,Temperature_1,24.96
1511884831011,Humidity_1,21.05510301541042
1511884831014,Brightness_1,70.0
1511884831017,Temperature_2,24.25
1511884831019,Humidity_2,21.671702418414547
1511884831022,Brightness_2,84.0
1511884837829,Temperature_1,24.96
1511884837832,Humidity_1,21.05510301541042
1511884837835,Brightness_1,75.0
1511884837838,Temperature_2,24.25
1511884837840,Humidity_2,21.671702418414547
1511884837842,Brightness_2,84.0
1511884839214,Sound_P,64.61127993529891
1511884839218,PodiumIR,89
1511884844383,Temperature_1,24.96
1511884844386,Humidity_1,21.05510301541042
1511884844390,Brightness_1,75.0
1511884844393,Temperature_2,24.25
1511884844395,Humidity_2,21.671702418414547
1511884844398,Brightness_2,84.0
1511884849234,Sound_P,65.24535518573873
1511884849237,PodiumIR,97
1511884850841,Temperature_1,24.96
1511884850844,Humidity_1,21.05510301541042
1511884850848,Brightness_1,75.0
1511884850850,Temperature_2,24.25
1511884850852,Humidity_2,21.671702418414547
1511884850856,Brightness_2,84.0
1511884857593,Temperature_1,24.96
1511884857596,Humidity_1,21.05510301541042
1511884857599,Brightness_1,75.0
1511884857602,Temperature_2,24.25
1511884857604,Humidity_2,21.671702418414547
1511884857606,Brightness_2,84.0
1511884859246,Sound_P,63.95233273361063
1511884859250,PodiumIR,83
1511884864044,Temperature_1,24.96
1511884864047,Humidity_1,21.05510301541042
1511884864051,Brightness_1,75.0
1511884864053,Temperature_2,24.25
1511884864055,Humidity_2,21.671702418414547
1511884864058,Brightness_2,84.0
1511884869259,Sound_P,63.26648240367583
1511884869265,PodiumIR,84
1511884870445,Temperature_1,24.96
1511884870448,Humidity_1,21.05510301541042
1511884870451,Brightness_1,75.0
1511884870454,Temperature_2,24.25
1511884870456,Humidity_2,21.671702418414547
1511884870459,Brightness_2,84.0
1511884877146,Temperature_1,24.96
1511884877149,Humidity_1,21.05510301541042
1511884877152,Brightness_1,75.0
1511884877155,Temperature_2,24.25
1511884877157,Humidity_2,21.671702418414547
1511884877160,Brightness_2,84.0
1511884879271,Sound_P,63.26648240367583
1511884879274,PodiumIR,77
1511884883905,Temperature_1,24.96
1511884883908,Humidity_1,21.05510301541042
1511884883912,Brightness_1,75.0
1511884883914,Temperature_2,24.25
1511884883917,Humidity_2,21.548382537813723
1511884883919,Brightness_2,83.0
1511884889278,Sound_P,63.95233273361063
1511884889287,PodiumIR,96
1511884890400,Temperature_1,24.96
1511884890403,Humidity_1,21.05510301541042
1511884890406,Brightness_1,75.0
1511884890409,Temperature_2,24.25
1511884890412,Humidity_2,21.548382537813723
1511884890414,Brightness_2,83.0
1511884897120,Temperature_1,24.96
1511884897122,Humidity_1,21.05510301541042
1511884897126,Brightness_1,72.0
1511884897128,Temperature_2,24.25
1511884897130,Humidity_2,21.548382537813723
1511884897132,Brightness_2,83.0
1511884899295,Sound_P,63.95233273361063
1511884899298,PodiumIR,91
1511884903775,Temperature_1,24.96
1511884903778,Humidity_1,21.05510301541042
1511884903782,Brightness_1,72.0
1511884903784,Temperature_2,24.25
1511884903787,Humidity_2,21.548382537813723
1511884903789,Brightness_2,83.0
1511884909307,Sound_P,63.26648240367583
1511884909310,PodiumIR,88
1511884910222,Temperature_1,24.96
1511884910225,Humidity_1,21.05510301541042
1511884910228,Brightness_1,72.0
1511884910231,Temperature_2,24.25
1511884910233,Humidity_2,21.548382537813723
1511884910236,Brightness_2,83.0
1511884916665,Temperature_1,24.96
1511884916668,Humidity_1,21.05510301541042
1511884916671,Brightness_1,72.0
1511884916673,Temperature_2,24.25
1511884916675,Humidity_2,21.548382537813723
1511884916679,Brightness_2,83.0
1511884919318,Sound_P,63.95233273361063
1511884919321,PodiumIR,85
1511884923329,Temperature_1,24.96
1511884923332,Humidity_1,21.05510301541042
1511884923335,Brightness_1,72.0
1511884923337,Temperature_2,24.25
1511884923340,Humidity_2,21.548382537813723
1511884923342,Brightness_2,83.0
1511884929324,Sound_P,64.61127993529891
1511884929332,PodiumIR,81
1511884929787,Temperature_1,24.96
1511884929791,Humidity_1,21.05510301541042
1511884929794,Brightness_1,72.0
1511884929797,Temperature_2,24.25
1511884929799,Humidity_2,21.548382537813723
1511884929801,Brightness_2,83.0
1511884936244,Temperature_1,24.96
1511884936247,Humidity_1,21.05510301541042
1511884936251,Brightness_1,72.0
1511884936253,Temperature_2,24.25
1511884936255,Humidity_2,21.548382537813723
1511884936258,Brightness_2,83.0
1511884939335,Sound_P,62.551438321825636
1511884939343,PodiumIR,91
1511884942656,Temperature_1,24.96
1511884942659,Humidity_1,21.05510301541042
1511884942662,Brightness_1,72.0
1511884942665,Temperature_2,24.25
1511884942667,Humidity_2,21.548382537813723
1511884942671,Brightness_2,83.0
1511884949134,Temperature_1,24.96
1511884949137,Humidity_1,21.05510301541042
1511884949141,Brightness_1,72.0
1511884949143,Temperature_2,24.25
1511884949145,Humidity_2,21.548382537813723
1511884949148,Brightness_2,79.0
1511884949347,Sound_P,63.95233273361063
1511884949351,PodiumIR,78
1511884955893,Temperature_1,24.96
1511884955896,Humidity_1,21.05510301541042
1511884955899,Brightness_1,72.0
1511884955901,Temperature_2,24.25
1511884955904,Humidity_2,21.548382537813723
1511884955906,Brightness_2,79.0
1511884959356,Sound_P,64.61127993529891
1511884959360,PodiumIR,92
1511884962344,Temperature_1,24.96
1511884962347,Humidity_1,21.05510301541042
1511884962351,Brightness_1,75.0
1511884962353,Temperature_2,24.25
1511884962355,Humidity_2,21.548382537813723
1511884962358,Brightness_2,79.0
1511884968757,Temperature_1,24.96
1511884968760,Humidity_1,21.05510301541042
1511884968763,Brightness_1,75.0
1511884968765,Temperature_2,24.25
1511884968768,Humidity_2,21.548382537813723
1511884968770,Brightness_2,79.0
1511884969369,Sound_P,63.95233273361063
1511884969372,PodiumIR,89
1511884975164,Temperature_1,24.96
1511884975167,Humidity_1,21.05510301541042
1511884975170,Brightness_1,75.0
1511884975173,Temperature_2,24.25
1511884975175,Humidity_2,21.548382537813723
1511884975178,Brightness_2,79.0
1511884979379,Sound_P,65.8563679754536
1511884979382,PodiumIR,87
1511884982005,Temperature_1,24.96
1511884982008,Humidity_1,21.05510301541042
1511884982011,Brightness_1,75.0
1511884982014,Temperature_2,24.25
1511884982016,Humidity_2,21.548382537813723
1511884982020,Brightness_2,79.0
1511884988420,Temperature_1,24.96
1511884988423,Humidity_1,21.05510301541042
1511884988426,Brightness_1,75.0
1511884988429,Temperature_2,24.25
1511884988431,Humidity_2,21.548382537813723
1511884988434,Brightness_2,79.0
1511884989385,Sound_P,63.95233273361063
1511884989390,PodiumIR,92
1511884995113,Temperature_1,24.96
1511884995117,Humidity_1,21.05510301541042
1511884995120,Brightness_1,75.0
1511884995122,Temperature_2,24.25
1511884995125,Humidity_2,21.548382537813723
1511884995128,Brightness_2,79.0
1511884999396,Sound_P,63.26648240367583
1511884999399,PodiumIR,81
1511885001525,Temperature_1,24.96
1511885001528,Humidity_1,21.05510301541042
1511885001531,Brightness_1,75.0
1511885001534,Temperature_2,24.25
1511885001536,Humidity_2,21.548382537813723
1511885001539,Brightness_2,79.0
1511885008327,Temperature_1,24.96
1511885008330,Humidity_1,21.05510301541042
1511885008333,Brightness_1,75.0
1511885008336,Temperature_2,24.25
1511885008338,Humidity_2,21.548382537813723
1511885008340,Brightness_2,79.0
1511885009401,Sound_P,64.61127993529891
1511885009404,PodiumIR,115
1511885014746,Temperature_1,24.96
1511885014749,Humidity_1,21.05510301541042
1511885014752,Brightness_1,75.0
1511885014755,Temperature_2,24.25
1511885014757,Humidity_2,21.548382537813723
1511885014760,Brightness_2,84.0
1511885019411,Sound_P,67.01551720930587
1511885019416,PodiumIR,84
1511885021430,Temperature_1,24.96
1511885021433,Humidity_1,21.05510301541042
1511885021436,Brightness_1,75.0
1511885021439,Temperature_2,24.25
1511885021441,Humidity_2,21.548382537813723
1511885021444,Brightness_2,84.0
1511885027896,Temperature_1,24.96
1511885027899,Humidity_1,21.05510301541042
1511885027902,Brightness_1,70.0
1511885027905,Temperature_2,24.25
1511885027907,Humidity_2,21.548382537813723
1511885027910,Brightness_2,84.0
1511885029422,Sound_P,63.26648240367583
1511885029425,PodiumIR,84
1511885034406,Temperature_1,24.96
1511885034409,Humidity_1,21.05510301541042
1511885034413,Brightness_1,70.0
1511885034416,Temperature_2,24.25
1511885034419,Humidity_2,21.548382537813723
1511885034421,Brightness_2,84.0
1511885039428,Sound_P,61.80460425887306
1511885039442,PodiumIR,91
1511885041091,Temperature_1,24.96
1511885041094,Humidity_1,21.05510301541042
1511885041098,Brightness_1,70.0
1511885041100,Temperature_2,24.25
1511885041102,Humidity_2,21.548382537813723
1511885041105,Brightness_2,84.0
1511885047542,Temperature_1,24.96
1511885047545,Humidity_1,21.05510301541042
1511885047548,Brightness_1,70.0
1511885047551,Temperature_2,24.25
1511885047553,Humidity_2,21.548382537813723
1511885047556,Brightness_2,84.0
1511885049447,Sound_P,62.551438321825636
1511885049450,PodiumIR,122
1511885054199,Temperature_1,24.96
1511885054202,Humidity_1,21.05510301541042
1511885054205,Brightness_1,70.0
1511885054208,Temperature_2,24.25
1511885054210,Humidity_2,21.548382537813723
1511885054213,Brightness_2,84.0
1511885059452,Sound_P,62.551438321825636
1511885059455,PodiumIR,83
1511885060613,Temperature_1,24.96
1511885060616,Humidity_1,21.05510301541042
1511885060619,Brightness_1,70.0
1511885060621,Temperature_2,24.25
1511885060624,Humidity_2,21.548382537813723
1511885060626,Brightness_2,84.0
1511885067309,Temperature_1,24.96
1511885067312,Humidity_1,21.05510301541042
1511885067315,Brightness_1,70.0
1511885067318,Temperature_2,24.25
1511885067320,Humidity_2,21.548382537813723
1511885067323,Brightness_2,84.0
1511885069460,Sound_P,64.61127993529891
1511885069463,PodiumIR,84
1511885073757,Temperature_1,24.96
1511885073760,Humidity_1,21.05510301541042
1511885073763,Brightness_1,70.0
1511885073765,Temperature_2,24.25
1511885073766,Humidity_2,21.671702418414547
1511885073769,Brightness_2,80.0
1511885079467,Sound_P,63.95233273361063
1511885079471,PodiumIR,83
1511885080214,Temperature_1,24.96
1511885080217,Humidity_1,21.05510301541042
1511885080220,Brightness_1,70.0
1511885080222,Temperature_2,24.25
1511885080225,Humidity_2,21.671702418414547
1511885080227,Brightness_2,80.0
1511885086627,Temperature_1,24.96
1511885086630,Humidity_1,21.05510301541042
1511885086633,Brightness_1,70.0
1511885086635,Temperature_2,24.25
1511885086638,Humidity_2,21.671702418414547
1511885086641,Brightness_2,80.0
1511885089473,Sound_P,64.61127993529891
1511885089478,PodiumIR,143
1511885093318,Temperature_1,24.84
1511885093321,Humidity_1,21.05510301541042
1511885093324,Brightness_1,74.0
1511885093327,Temperature_2,24.25
1511885093329,Humidity_2,21.671702418414547
1511885093331,Brightness_2,80.0
1511885099482,Sound_P,61.80460425887306
1511885099487,PodiumIR,72
1511885099972,Temperature_1,24.84
1511885099975,Humidity_1,21.05510301541042
1511885099979,Brightness_1,74.0
1511885099981,Temperature_2,24.25
1511885099983,Humidity_2,21.671702418414547
1511885099986,Brightness_2,80.0
1511885106441,Temperature_1,24.84
1511885106443,Humidity_1,21.05510301541042
1511885106446,Brightness_1,74.0
1511885106449,Temperature_2,24.25
1511885106451,Humidity_2,21.671702418414547
1511885106454,Brightness_2,80.0
1511885109492,Sound_P,64.61127993529891
1511885109496,PodiumIR,88
1511885112831,Temperature_1,24.84
1511885112834,Humidity_1,21.05510301541042
1511885112837,Brightness_1,74.0
1511885112839,Temperature_2,24.25
1511885112842,Humidity_2,21.671702418414547
1511885112845,Brightness_2,80.0
1511885119500,Sound_P,65.8563679754536
1511885119503,PodiumIR,86
1511885119533,Temperature_1,24.84
1511885119536,Humidity_1,21.05510301541042
1511885119540,Brightness_1,74.0
1511885119542,Temperature_2,24.25
1511885119544,Humidity_2,21.671702418414547
1511885119547,Brightness_2,80.0
1511885126224,Temperature_1,24.84
1511885126227,Humidity_1,21.05510301541042
1511885126231,Brightness_1,74.0
1511885126233,Temperature_2,24.25
1511885126235,Humidity_2,21.671702418414547
1511885126238,Brightness_2,80.0
1511885129506,Sound_P,67.01551720930587
1511885129509,PodiumIR,94
1511885132630,Temperature_1,24.84
1511885132633,Humidity_1,21.05510301541042
1511885132636,Brightness_1,74.0
1511885132638,Temperature_2,24.25
1511885132640,Humidity_2,21.671702418414547
1511885132643,Brightness_2,80.0
1511885139194,Temperature_1,24.84
1511885139197,Humidity_1,21.05510301541042
1511885139200,Brightness_1,74.0
1511885139202,Temperature_2,24.25
1511885139205,Humidity_2,21.671702418414547
1511885139207,Brightness_2,79.0
1511885139515,Sound_P,65.8563679754536
1511885139519,PodiumIR,65
1511885145643,Temperature_1,24.84
1511885145646,Humidity_1,21.05510301541042
1511885145649,Brightness_1,74.0
1511885145651,Temperature_2,24.25
1511885145654,Humidity_2,21.671702418414547
1511885145656,Brightness_2,79.0
1511885149521,Sound_P,65.8563679754536
1511885149524,PodiumIR,86
1511885152299,Temperature_1,24.84
1511885152302,Humidity_1,21.05510301541042
1511885152305,Brightness_1,76.0
1511885152308,Temperature_2,24.25
1511885152310,Humidity_2,21.671702418414547
1511885152313,Brightness_2,79.0
1511885158710,Temperature_1,24.84
1511885158713,Humidity_1,21.05510301541042
1511885158717,Brightness_1,76.0
1511885158719,Temperature_2,24.25
1511885158721,Humidity_2,21.671702418414547
1511885158723,Brightness_2,79.0
1511885159532,Sound_P,65.24535518573873
1511885159535,PodiumIR,81
1511885165131,Temperature_1,24.84
1511885165133,Humidity_1,21.05510301541042
1511885165137,Brightness_1,76.0
1511885165139,Temperature_2,24.25
1511885165141,Humidity_2,21.671702418414547
1511885165144,Brightness_2,79.0
1511885169542,Sound_P,63.26648240367583
1511885169545,PodiumIR,115
1511885171653,Temperature_1,24.84
1511885171656,Humidity_1,21.05510301541042
1511885171659,Brightness_1,76.0
1511885171661,Temperature_2,24.25
1511885171663,Humidity_2,21.671702418414547
1511885171664,Brightness_2,79.0
1511885178314,Temperature_1,24.84
1511885178316,Humidity_1,21.05510301541042
1511885178319,Brightness_1,76.0
1511885178322,Temperature_2,24.25
1511885178324,Humidity_2,21.671702418414547
1511885178326,Brightness_2,79.0
1511885179553,Sound_P,63.26648240367583
1511885179556,PodiumIR,80
1511885184720,Temperature_1,24.84
1511885184723,Humidity_1,21.05510301541042
1511885184727,Brightness_1,76.0
1511885184729,Temperature_2,24.25
1511885184731,Humidity_2,21.671702418414547
1511885184734,Brightness_2,79.0
1511885189559,Sound_P,63.26648240367583
1511885189562,PodiumIR,93
1511885191145,Temperature_1,24.84
1511885191148,Humidity_1,21.05510301541042
1511885191152,Brightness_1,76.0
1511885191154,Temperature_2,24.25
1511885191157,Humidity_2,21.671702418414547
1511885191159,Brightness_2,79.0
1511885197664,Temperature_1,24.84
1511885197667,Humidity_1,21.05510301541042
1511885197671,Brightness_1,76.0
1511885197673,Temperature_2,24.25
1511885197675,Humidity_2,21.671702418414547
1511885197677,Brightness_2,79.0
1511885199564,Sound_P,63.26648240367583
1511885199568,PodiumIR,87
1511885204325,Temperature_1,24.84
1511885204328,Humidity_1,21.05510301541042
1511885204332,Brightness_1,76.0
1511885204334,Temperature_2,24.25
1511885204337,Humidity_2,21.548382537813723
1511885204340,Brightness_2,79.0
1511885209570,Sound_P,64.61127993529891
1511885209580,PodiumIR,107
1511885210750,Temperature_1,24.84
1511885210753,Humidity_1,21.05510301541042
1511885210756,Brightness_1,76.0
1511885210759,Temperature_2,24.25
1511885210761,Humidity_2,21.548382537813723
1511885210765,Brightness_2,79.0
1511885217222,Temperature_1,24.84
1511885217225,Humidity_1,21.05510301541042
1511885217229,Brightness_1,74.0
1511885217232,Temperature_2,24.25
1511885217234,Humidity_2,21.548382537813723
1511885217236,Brightness_2,79.0
1511885219587,Sound_P,65.8563679754536
1511885219590,PodiumIR,88
1511885223881,Temperature_1,24.84
1511885223884,Humidity_1,21.05510301541042
1511885223888,Brightness_1,74.0
1511885223890,Temperature_2,24.25
1511885223892,Humidity_2,21.548382537813723
1511885223895,Brightness_2,79.0
1511885229594,Sound_P,64.61127993529891
1511885229598,PodiumIR,84
1511885230338,Temperature_1,24.84
1511885230341,Humidity_1,21.05510301541042
1511885230345,Brightness_1,74.0
1511885230347,Temperature_2,24.25
1511885230349,Humidity_2,21.548382537813723
1511885230352,Brightness_2,79.0
1511885236742,Temperature_1,24.84
1511885236745,Humidity_1,21.05510301541042
1511885236749,Brightness_1,74.0
1511885236751,Temperature_2,24.25
1511885236754,Humidity_2,21.548382537813723
1511885236758,Brightness_2,79.0
1511885239606,Sound_P,62.551438321825636
1511885239610,PodiumIR,74
1511885243191,Temperature_1,24.84
1511885243194,Humidity_1,21.05510301541042
1511885243198,Brightness_1,74.0
1511885243200,Temperature_2,24.25
1511885243203,Humidity_2,21.548382537813723
1511885243205,Brightness_2,79.0
1511885249619,Sound_P,63.26648240367583
1511885249622,PodiumIR,72
1511885249643,Temperature_1,24.84
1511885249646,Humidity_1,21.05510301541042
1511885249650,Brightness_1,74.0
1511885249653,Temperature_2,24.25
1511885249655,Humidity_2,21.548382537813723
1511885249657,Brightness_2,79.0
1511885256340,Temperature_1,24.84
1511885256343,Humidity_1,21.05510301541042
1511885256347,Brightness_1,74.0
1511885256350,Temperature_2,24.25
1511885256352,Humidity_2,21.548382537813723
1511885256354,Brightness_2,79.0
1511885259625,Sound_P,64.61127993529891
1511885259628,PodiumIR,87
1511885262742,Temperature_1,24.84
1511885262745,Humidity_1,21.05510301541042
1511885262749,Brightness_1,74.0
1511885262751,Temperature_2,24.25
1511885262753,Humidity_2,21.671702418414547
1511885262756,Brightness_2,81.0
1511885269450,Temperature_1,24.84
1511885269453,Humidity_1,21.05510301541042
1511885269457,Brightness_1,74.0
1511885269459,Temperature_2,24.25
1511885269462,Humidity_2,21.671702418414547
1511885269472,Brightness_2,81.0
1511885269631,Sound_P,64.61127993529891
1511885269634,PodiumIR,88
1511885275898,Temperature_1,24.84
1511885275901,Humidity_1,21.05510301541042
1511885275905,Brightness_1,74.0
1511885275907,Temperature_2,24.25
1511885275910,Humidity_2,21.671702418414547
1511885275912,Brightness_2,81.0
1511885279637,Sound_P,63.26648240367583
1511885279640,PodiumIR,93
1511885282349,Temperature_1,24.84
1511885282352,Humidity_1,21.05510301541042
1511885282356,Brightness_1,72.0
1511885282359,Temperature_2,24.25
1511885282361,Humidity_2,21.671702418414547
1511885282363,Brightness_2,81.0
1511885288752,Temperature_1,24.84
1511885288754,Humidity_1,21.05510301541042
1511885288758,Brightness_1,72.0
1511885288760,Temperature_2,24.25
1511885288763,Humidity_2,21.671702418414547
1511885288767,Brightness_2,81.0
1511885289650,Sound_P,63.26648240367583
1511885289653,PodiumIR,132
1511885295457,Temperature_1,24.84
1511885295460,Humidity_1,21.05510301541042
1511885295464,Brightness_1,72.0
1511885295467,Temperature_2,24.25
1511885295469,Humidity_2,21.671702418414547
1511885295473,Brightness_2,81.0
1511885299656,Sound_P,64.61127993529891
1511885299660,PodiumIR,71
1511885302215,Temperature_1,24.84
1511885302219,Humidity_1,21.05510301541042
1511885302222,Brightness_1,72.0
1511885302225,Temperature_2,24.25
1511885302228,Humidity_2,21.671702418414547
1511885302231,Brightness_2,81.0
1511885308632,Temperature_1,24.84
1511885308635,Humidity_1,21.05510301541042
1511885308639,Brightness_1,72.0
1511885308641,Temperature_2,24.25
1511885308644,Humidity_2,21.671702418414547
1511885308646,Brightness_2,81.0
1511885309662,Sound_P,62.551438321825636
1511885309665,PodiumIR,92
1511885315324,Temperature_1,24.84
1511885315327,Humidity_1,21.05510301541042
1511885315331,Brightness_1,72.0
1511885315334,Temperature_2,24.25
1511885315336,Humidity_2,21.671702418414547
1511885315340,Brightness_2,81.0
1511885319674,Sound_P,63.26648240367583
1511885319677,PodiumIR,96
1511885321738,Temperature_1,24.84
1511885321741,Humidity_1,21.05510301541042
1511885321745,Brightness_1,72.0
1511885321747,Temperature_2,24.25
1511885321750,Humidity_2,21.671702418414547
1511885321754,Brightness_2,81.0
1511885328409,Temperature_1,24.84
1511885328412,Humidity_1,21.05510301541042
1511885328420,Brightness_1,72.0
1511885328422,Temperature_2,24.25
1511885328424,Humidity_2,21.671702418414547
1511885328427,Brightness_2,83.0
1511885329684,Sound_P,63.26648240367583
1511885329687,PodiumIR,80
1511885335098,Temperature_1,24.84
1511885335101,Humidity_1,21.05510301541042
1511885335104,Brightness_1,72.0
1511885335107,Temperature_2,24.25
1511885335109,Humidity_2,21.671702418414547
1511885335111,Brightness_2,83.0
1511885339694,Sound_P,64.61127993529891
1511885339698,PodiumIR,102
1511885341947,Temperature_1,24.84
1511885341950,Humidity_1,21.05510301541042
1511885341954,Brightness_1,72.0
1511885341956,Temperature_2,24.25
1511885341959,Humidity_2,21.671702418414547
1511885341963,Brightness_2,83.0
1511885348398,Temperature_1,24.84
1511885348401,Humidity_1,21.05510301541042
1511885348405,Brightness_1,70.0
1511885348408,Temperature_2,24.25
1511885348411,Humidity_2,21.671702418414547
1511885348413,Brightness_2,83.0
1511885349705,Sound_P,64.61127993529891
1511885349708,PodiumIR,97
1511885354811,Temperature_1,24.84
1511885354814,Humidity_1,21.05510301541042
1511885354818,Brightness_1,70.0
1511885354821,Temperature_2,24.25
1511885354823,Humidity_2,21.671702418414547
1511885354827,Brightness_2,83.0
1511885359717,Sound_P,63.26648240367583
1511885359720,PodiumIR,76
1511885361506,Temperature_1,24.84
1511885361510,Humidity_1,21.05510301541042
1511885361513,Brightness_1,70.0
1511885361516,Temperature_2,24.25
1511885361519,Humidity_2,21.671702418414547
1511885361523,Brightness_2,83.0
1511885367976,Temperature_1,24.84
1511885367979,Humidity_1,21.05510301541042
1511885367983,Brightness_1,70.0
1511885367986,Temperature_2,24.25
1511885367989,Humidity_2,21.671702418414547
1511885367992,Brightness_2,83.0
1511885369726,Sound_P,63.95233273361063
1511885369730,PodiumIR,85
1511885374399,Temperature_1,24.84
1511885374403,Humidity_1,21.05510301541042
1511885374406,Brightness_1,70.0
1511885374409,Temperature_2,24.25
1511885374416,Humidity_2,21.671702418414547
1511885374419,Brightness_2,83.0
1511885379735,Sound_P,61.80460425887306
1511885379750,PodiumIR,136
1511885380821,Temperature_1,24.84
1511885380824,Humidity_1,21.05510301541042
1511885380828,Brightness_1,70.0
1511885380830,Temperature_2,24.25
1511885380833,Humidity_2,21.671702418414547
1511885380837,Brightness_2,83.0
1511885387516,Temperature_1,24.84
1511885387518,Humidity_1,21.05510301541042
1511885387520,Brightness_1,70.0
1511885387521,Temperature_2,24.25
1511885387523,Humidity_2,21.671702418414547
1511885387527,Brightness_2,83.0
1511885389753,Sound_P,62.551438321825636
1511885389756,PodiumIR,52
1511885393930,Temperature_1,24.84
1511885393936,Humidity_1,21.05510301541042
1511885393939,Brightness_1,70.0
1511885393946,Temperature_2,24.25
1511885393949,Humidity_2,21.671702418414547
1511885393957,Brightness_2,79.0
1511885399759,Sound_P,63.95233273361063
1511885399762,PodiumIR,83
1511885400399,Temperature_1,24.84
1511885400404,Humidity_1,21.05510301541042
1511885400419,Brightness_1,70.0
1511885400423,Temperature_2,24.25
1511885400426,Humidity_2,21.671702418414547
1511885400428,Brightness_2,79.0
1511885406871,Temperature_1,24.84
1511885406876,Humidity_1,21.05510301541042
1511885406879,Brightness_1,73.0
1511885406888,Temperature_2,24.25
1511885406890,Humidity_2,21.671702418414547
1511885406897,Brightness_2,79.0
1511885409764,Sound_P,63.95233273361063
1511885409767,PodiumIR,89
1511885413321,Temperature_1,24.84
1511885413327,Humidity_1,21.05510301541042
1511885413330,Brightness_1,73.0
1511885413333,Temperature_2,24.25
1511885413336,Humidity_2,21.671702418414547
1511885413344,Brightness_2,79.0
1511885419770,Sound_P,64.61127993529891
1511885419773,Temperature_1,24.84
1511885419774,PodiumIR,83
1511885419780,Humidity_1,21.05510301541042
1511885419783,Brightness_1,73.0
1511885419786,Temperature_2,24.25
1511885419788,Humidity_2,21.671702418414547
1511885419797,Brightness_2,79.0
1511885426224,Temperature_1,24.84
1511885426230,Humidity_1,21.05510301541042
1511885426232,Brightness_1,73.0
1511885426235,Temperature_2,24.25
1511885426241,Humidity_2,21.671702418414547
1511885426244,Brightness_2,79.0
1511885429778,Sound_P,63.26648240367583
1511885429781,PodiumIR,86
1511885432650,Temperature_1,24.84
1511885432656,Humidity_1,21.05510301541042
1511885432659,Brightness_1,73.0
1511885432662,Temperature_2,24.25
1511885432670,Humidity_2,21.671702418414547
1511885432677,Brightness_2,79.0
1511885439127,Temperature_1,24.84
1511885439132,Humidity_1,21.05510301541042
1511885439135,Brightness_1,73.0
1511885439137,Temperature_2,24.25
1511885439145,Humidity_2,21.671702418414547
1511885439147,Brightness_2,79.0
1511885439787,Sound_P,63.95233273361063
1511885439791,PodiumIR,82
1511885445578,Temperature_1,24.84
1511885445584,Humidity_1,21.05510301541042
1511885445587,Brightness_1,73.0
1511885445589,Temperature_2,24.25
1511885445598,Humidity_2,21.671702418414547
1511885445601,Brightness_2,79.0
1511885449797,Sound_P,63.26648240367583
1511885449800,PodiumIR,94
1511885452030,Temperature_1,24.84
1511885452035,Humidity_1,21.05510301541042
1511885452038,Brightness_1,73.0
1511885452041,Temperature_2,24.25
1511885452048,Humidity_2,21.671702418414547
1511885452050,Brightness_2,79.0
1511885458440,Temperature_1,24.84
1511885458445,Humidity_1,21.05510301541042
1511885458448,Brightness_1,73.0
1511885458450,Temperature_2,24.25
1511885458452,Humidity_2,21.548382537813723
1511885458455,Brightness_2,79.0
1511885459804,Sound_P,63.26648240367583
1511885459808,PodiumIR,85
1511885465137,Temperature_1,24.84
1511885465143,Humidity_1,21.05510301541042
1511885465146,Brightness_1,73.0
1511885465148,Temperature_2,24.25
1511885465156,Humidity_2,21.548382537813723
1511885465158,Brightness_2,79.0
1511885469816,Sound_P,64.61127993529891
1511885469819,PodiumIR,108
1511885472130,Temperature_1,24.84
1511885472134,Humidity_1,21.05510301541042
1511885472137,Brightness_1,72.0
1511885472140,Temperature_2,24.25
1511885472143,Humidity_2,21.548382537813723
1511885472145,Brightness_2,79.0
1511885478560,Temperature_1,24.84
1511885478562,Humidity_1,21.05510301541042
1511885478564,Brightness_1,72.0
1511885478566,Temperature_2,24.25
1511885478577,Humidity_2,21.548382537813723
1511885478580,Brightness_2,79.0
1511885479822,Sound_P,64.61127993529891
1511885479825,PodiumIR,93
1511885485207,Temperature_1,24.84
1511885485210,Humidity_1,21.05510301541042
1511885485214,Brightness_1,72.0
1511885485217,Temperature_2,24.25
1511885485220,Humidity_2,21.548382537813723
1511885485224,Brightness_2,79.0
1511885489847,Sound_P,63.95233273361063
1511885489850,PodiumIR,96
1511885491863,Temperature_1,24.84
1511885491867,Humidity_1,21.05510301541042
1511885491870,Brightness_1,72.0
1511885491873,Temperature_2,24.25
1511885491876,Humidity_2,21.548382537813723
1511885491879,Brightness_2,79.0
1511885498399,Temperature_1,24.84
1511885498402,Humidity_1,21.05510301541042
1511885498406,Brightness_1,72.0
1511885498409,Temperature_2,24.25
1511885498411,Humidity_2,21.548382537813723
1511885498414,Brightness_2,79.0
1511885499857,Sound_P,64.61127993529891
1511885499860,PodiumIR,104
1511885505082,Temperature_1,24.84
1511885505085,Humidity_1,21.05510301541042
1511885505089,Brightness_1,72.0
1511885505092,Temperature_2,24.25
1511885505095,Humidity_2,21.548382537813723
1511885505099,Brightness_2,79.0
1511885509862,Sound_P,64.61127993529891
1511885509865,PodiumIR,71
1511885511934,Temperature_1,24.84
1511885511937,Humidity_1,21.05510301541042
1511885511941,Brightness_1,72.0
1511885511944,Temperature_2,24.25
1511885511947,Humidity_2,21.548382537813723
1511885511950,Brightness_2,79.0
1511885518404,Temperature_1,24.84
1511885518408,Humidity_1,21.05510301541042
1511885518412,Brightness_1,72.0
1511885518415,Temperature_2,24.25
1511885518418,Humidity_2,21.671702418414547
1511885518422,Brightness_2,79.0
1511885519868,Sound_P,63.95233273361063
1511885519871,PodiumIR,82
1511885524837,Temperature_1,24.84
1511885524840,Humidity_1,21.05510301541042
1511885524844,Brightness_1,72.0
1511885524846,Temperature_2,24.25
1511885524849,Humidity_2,21.671702418414547
1511885524852,Brightness_2,79.0
1511885529874,Sound_P,64.61127993529891
1511885529885,PodiumIR,91
1511885531269,Temperature_1,24.84
1511885531273,Humidity_1,21.05510301541042
1511885531277,Brightness_1,72.0
1511885531279,Temperature_2,24.25
1511885531282,Humidity_2,21.671702418414547
1511885531285,Brightness_2,79.0
1511885537739,Temperature_1,24.72
1511885537743,Humidity_1,21.05510301541042
1511885537746,Brightness_1,72.0
1511885537749,Temperature_2,24.25
1511885537752,Humidity_2,21.671702418414547
1511885537756,Brightness_2,79.0
1511885539893,Sound_P,63.26648240367583
1511885539896,PodiumIR,72
1511885544169,Temperature_1,24.72
1511885544172,Humidity_1,21.05510301541042
1511885544176,Brightness_1,72.0
1511885544179,Temperature_2,24.25
1511885544181,Humidity_2,21.671702418414547
1511885544184,Brightness_2,79.0
1511885549899,Sound_P,65.24535518573873
1511885549902,PodiumIR,91
1511885550603,Temperature_1,24.72
1511885550607,Humidity_1,21.05510301541042
1511885550610,Brightness_1,72.0
1511885550613,Temperature_2,24.25
1511885550616,Humidity_2,21.671702418414547
1511885550619,Brightness_2,79.0
1511885557307,Temperature_1,24.72
1511885557310,Humidity_1,21.05510301541042
1511885557313,Brightness_1,72.0
1511885557316,Temperature_2,24.25
1511885557319,Humidity_2,21.671702418414547
1511885557329,Brightness_2,79.0
1511885559905,Sound_P,63.26648240367583
1511885559908,PodiumIR,95
1511885564063,Temperature_1,24.72
1511885564067,Humidity_1,21.05510301541042
1511885564070,Brightness_1,72.0
1511885564073,Temperature_2,24.25
1511885564076,Humidity_2,21.671702418414547
1511885564079,Brightness_2,79.0
1511885569911,Sound_P,63.95233273361063
1511885569914,PodiumIR,91
1511885570489,Temperature_1,24.72
1511885570492,Humidity_1,21.05510301541042
1511885570495,Brightness_1,72.0
1511885570498,Temperature_2,24.25
1511885570501,Humidity_2,21.671702418414547
1511885570504,Brightness_2,79.0
1511885577266,Temperature_1,24.72
1511885577270,Humidity_1,21.05510301541042
1511885577273,Brightness_1,72.0
1511885577276,Temperature_2,24.25
1511885577279,Humidity_2,21.671702418414547
1511885577283,Brightness_2,79.0
1511885579917,Sound_P,63.26648240367583
1511885579921,PodiumIR,66
1511885583669,Temperature_1,24.72
1511885583672,Humidity_1,21.05510301541042
1511885583676,Brightness_1,72.0
1511885583679,Temperature_2,24.25
1511885583682,Humidity_2,21.671702418414547
1511885583686,Brightness_2,82.0
1511885589923,Sound_P,62.551438321825636
1511885589927,PodiumIR,89
1511885590374,Temperature_1,24.72
1511885590377,Humidity_1,21.05510301541042
1511885590381,Brightness_1,72.0
1511885590384,Temperature_2,24.25
1511885590387,Humidity_2,21.671702418414547
1511885590391,Brightness_2,82.0
1511885597030,Temperature_1,24.84
1511885597033,Humidity_1,21.05510301541042
1511885597037,Brightness_1,74.0
1511885597040,Temperature_2,24.25
1511885597042,Humidity_2,21.671702418414547
1511885597045,Brightness_2,82.0
1511885599930,Sound_P,63.95233273361063
1511885599933,PodiumIR,81
1511885603788,Temperature_1,24.84
1511885603792,Humidity_1,21.05510301541042
1511885603795,Brightness_1,74.0
1511885603798,Temperature_2,24.25
1511885603801,Humidity_2,21.671702418414547
1511885603805,Brightness_2,82.0
1511885609940,Sound_P,63.95233273361063
1511885609943,PodiumIR,100
1511885610405,Temperature_1,24.84
1511885610409,Humidity_1,21.05510301541042
1511885610413,Brightness_1,74.0
1511885610416,Temperature_2,24.25
1511885610419,Humidity_2,21.671702418414547
1511885610423,Brightness_2,82.0
1511885617101,Temperature_1,24.84
1511885617104,Humidity_1,21.05510301541042
1511885617108,Brightness_1,74.0
1511885617111,Temperature_2,24.25
1511885617113,Humidity_2,21.671702418414547
1511885617116,Brightness_2,82.0
1511885619946,Sound_P,62.551438321825636
1511885619949,PodiumIR,80
1511885623762,Temperature_1,24.84
1511885623765,Humidity_1,21.05510301541042
1511885623769,Brightness_1,74.0
1511885623772,Temperature_2,24.25
1511885623774,Humidity_2,21.671702418414547
1511885623778,Brightness_2,82.0
1511885629952,Sound_P,62.551438321825636
1511885629955,PodiumIR,89
1511885630402,Temperature_1,24.84
1511885630405,Humidity_1,21.05510301541042
1511885630410,Brightness_1,74.0
1511885630412,Temperature_2,24.25
1511885630415,Humidity_2,21.671702418414547
1511885630418,Brightness_2,82.0
1511885636864,Temperature_1,24.84
1511885636868,Humidity_1,21.05510301541042
1511885636871,Brightness_1,74.0
1511885636874,Temperature_2,24.25
1511885636877,Humidity_2,21.671702418414547
1511885636881,Brightness_2,82.0
1511885639957,Sound_P,61.80460425887306
1511885639960,PodiumIR,108
1511885643525,Temperature_1,24.84
1511885643529,Humidity_1,21.05510301541042
1511885643532,Brightness_1,74.0
1511885643535,Temperature_2,24.25
1511885643538,Humidity_2,21.671702418414547
1511885643541,Brightness_2,82.0
1511885649963,Sound_P,63.26648240367583
1511885649966,PodiumIR,137
1511885649988,Temperature_1,24.84
1511885649991,Humidity_1,21.05510301541042
1511885649995,Brightness_1,74.0
1511885649998,Temperature_2,24.25
1511885650001,Humidity_2,21.548382537813723
1511885650005,Brightness_2,84.0
1511885656428,Temperature_1,24.84
1511885656431,Humidity_1,21.05510301541042
1511885656435,Brightness_1,74.0
1511885656438,Temperature_2,24.25
1511885656440,Humidity_2,21.548382537813723
1511885656445,Brightness_2,84.0
1511885659969,Sound_P,63.95233273361063
1511885659972,PodiumIR,72
1511885662874,Temperature_1,24.84
1511885662880,Humidity_1,21.05510301541042
1511885662882,Brightness_1,70.0
1511885662884,Temperature_2,24.25
1511885662893,Humidity_2,21.548382537813723
1511885662895,Brightness_2,84.0
1511885669325,Temperature_1,24.84
1511885669331,Humidity_1,21.05510301541042
1511885669334,Brightness_1,70.0
1511885669337,Temperature_2,24.25
1511885669339,Humidity_2,21.548382537813723
1511885669345,Brightness_2,84.0
1511885669975,Sound_P,63.95233273361063
1511885669978,PodiumIR,79
1511885675777,Temperature_1,24.84
1511885675783,Humidity_1,21.05510301541042
1511885675786,Brightness_1,70.0
1511885675788,Temperature_2,24.25
1511885675790,Humidity_2,21.548382537813723
1511885675797,Brightness_2,84.0
1511885679980,Sound_P,61.80460425887306
1511885679983,PodiumIR,92
1511885682229,Temperature_1,24.84
1511885682234,Humidity_1,21.05510301541042
1511885682237,Brightness_1,70.0
1511885682239,Temperature_2,24.25
1511885682241,Humidity_2,21.548382537813723
1511885682249,Brightness_2,84.0
1511885688628,Temperature_1,24.84
1511885688633,Humidity_1,21.05510301541042
1511885688635,Brightness_1,70.0
1511885688638,Temperature_2,24.25
1511885688645,Humidity_2,21.548382537813723
1511885688648,Brightness_2,84.0
1511885689985,Sound_P,61.80460425887306
1511885689988,PodiumIR,86
1511885695340,Temperature_1,24.84
1511885695345,Humidity_1,21.05510301541042
1511885695348,Brightness_1,70.0
1511885695351,Temperature_2,24.25
1511885695354,Humidity_2,21.548382537813723
1511885695361,Brightness_2,84.0
1511885699991,Sound_P,64.61127993529891
1511885699996,PodiumIR,66
1511885702098,Temperature_1,24.84
1511885702104,Humidity_1,21.05510301541042
1511885702107,Brightness_1,70.0
1511885702110,Temperature_2,24.25
1511885702116,Humidity_2,21.548382537813723
1511885702119,Brightness_2,84.0
1511885708508,Temperature_1,24.84
1511885708514,Humidity_1,21.05510301541042
1511885708517,Brightness_1,70.0
1511885708519,Temperature_2,24.25
1511885708521,Humidity_2,21.671702418414547
1511885708523,Brightness_2,84.0
1511885710002,Sound_P,64.61127993529891
1511885710005,PodiumIR,80
1511885715202,Temperature_1,24.84
1511885715207,Humidity_1,21.05510301541042
1511885715210,Brightness_1,70.0
1511885715212,Temperature_2,24.25
1511885715214,Humidity_2,21.671702418414547
1511885715223,Brightness_2,84.0
1511885720010,Sound_P,65.24535518573873
1511885720013,PodiumIR,101
1511885721658,Temperature_1,24.84
1511885721664,Humidity_1,21.05510301541042
1511885721666,Brightness_1,70.0
1511885721669,Temperature_2,24.25
1511885721677,Humidity_2,21.671702418414547
1511885721679,Brightness_2,84.0
1511885728212,Temperature_1,24.84
1511885728218,Humidity_1,21.05510301541042
1511885728221,Brightness_1,73.0
1511885728223,Temperature_2,24.25
1511885728231,Humidity_2,21.671702418414547
1511885728233,Brightness_2,84.0
1511885730015,Sound_P,63.95233273361063
1511885730018,PodiumIR,91
1511885734638,Temperature_1,24.84
1511885734643,Humidity_1,21.05510301541042
1511885734646,Brightness_1,73.0
1511885734649,Temperature_2,24.25
1511885734651,Humidity_2,21.671702418414547
1511885734653,Brightness_2,84.0
1511885740021,Sound_P,65.24535518573873
1511885740028,PodiumIR,88
1511885741078,Temperature_1,24.84
1511885741084,Humidity_1,21.05510301541042
1511885741086,Brightness_1,73.0
1511885741089,Temperature_2,24.25
1511885741096,Humidity_2,21.671702418414547
1511885741099,Brightness_2,84.0
1511885747663,Temperature_1,24.84
1511885747668,Humidity_1,21.05510301541042
1511885747671,Brightness_1,73.0
1511885747673,Temperature_2,24.25
1511885747675,Humidity_2,21.671702418414547
1511885747683,Brightness_2,84.0
1511885750033,Sound_P,63.26648240367583
1511885750036,PodiumIR,92
1511885754114,Temperature_1,24.84
1511885754119,Humidity_1,21.05510301541042
1511885754122,Brightness_1,73.0
1511885754124,Temperature_2,24.25
1511885754133,Humidity_2,21.671702418414547
1511885754135,Brightness_2,84.0
1511885760040,Sound_P,63.95233273361063
1511885760043,PodiumIR,69
1511885760545,Temperature_1,24.84
1511885760551,Humidity_1,21.05510301541042
1511885760554,Brightness_1,73.0
1511885760556,Temperature_2,24.25
1511885760558,Humidity_2,21.671702418414547
1511885760566,Brightness_2,84.0
1511885767228,Temperature_1,24.84
1511885767233,Humidity_1,21.05510301541042
1511885767236,Brightness_1,73.0
1511885767238,Temperature_2,24.25
1511885767241,Humidity_2,21.671702418414547
1511885767243,Brightness_2,84.0
1511885770048,Sound_P,63.95233273361063
1511885770050,PodiumIR,97
1511885773673,Temperature_1,24.84
1511885773678,Humidity_1,21.05510301541042
1511885773681,Brightness_1,73.0
1511885773683,Temperature_2,24.25
1511885773686,Humidity_2,21.671702418414547
1511885773693,Brightness_2,80.0
1511885780054,Sound_P,63.95233273361063
1511885780057,PodiumIR,84
1511885780128,Temperature_1,24.84
1511885780134,Humidity_1,21.05510301541042
1511885780137,Brightness_1,73.0
1511885780140,Temperature_2,24.25
1511885780147,Humidity_2,21.671702418414547
1511885780150,Brightness_2,80.0
1511885787127,Temperature_1,24.6
1511885787133,Humidity_1,21.05510301541042
1511885787136,Brightness_1,75.0
1511885787139,Temperature_2,24.25
1511885787145,Humidity_2,21.671702418414547
1511885787148,Brightness_2,80.0
1511885790062,Sound_P,65.8563679754536
1511885790065,PodiumIR,83
1511885793852,Temperature_1,24.6
1511885793857,Humidity_1,21.05510301541042
1511885793860,Brightness_1,75.0
1511885793862,Temperature_2,24.25
1511885793864,Humidity_2,21.671702418414547
1511885793871,Brightness_2,80.0
1511885800071,Sound_P,63.95233273361063
1511885800074,PodiumIR,142
1511885800400,Temperature_1,24.6
1511885800406,Humidity_1,21.05510301541042
1511885800412,Brightness_1,75.0
1511885800415,Temperature_2,24.25
1511885800420,Humidity_2,21.671702418414547
1511885800423,Brightness_2,80.0
1511885806855,Temperature_1,24.6
1511885806858,Humidity_1,21.05510301541042
1511885806863,Brightness_1,75.0
1511885806865,Temperature_2,24.25
1511885806870,Humidity_2,21.671702418414547
1511885806873,Brightness_2,80.0
1511885810076,Sound_P,62.551438321825636
1511885810080,PodiumIR,76
1511885813302,Temperature_1,24.6
1511885813305,Humidity_1,21.05510301541042
1511885813309,Brightness_1,75.0
1511885813312,Temperature_2,24.25
1511885813316,Humidity_2,21.671702418414547
1511885813320,Brightness_2,80.0
1511885819754,Temperature_1,24.6
1511885819757,Humidity_1,21.05510301541042
1511885819761,Brightness_1,75.0
1511885819764,Temperature_2,24.25
1511885819766,Humidity_2,21.671702418414547
1511885819769,Brightness_2,80.0
1511885820082,Sound_P,62.551438321825636
1511885820085,PodiumIR,93
1511885826398,Temperature_1,24.6
1511885826401,Humidity_1,21.05510301541042
1511885826404,Brightness_1,75.0
1511885826407,Temperature_2,24.25
1511885826411,Humidity_2,21.671702418414547
1511885826414,Brightness_2,80.0
1511885830088,Sound_P,65.24535518573873
1511885830091,PodiumIR,84
1511885833065,Temperature_1,24.6
1511885833069,Humidity_1,21.05510301541042
1511885833073,Brightness_1,75.0
1511885833076,Temperature_2,24.25
1511885833078,Humidity_2,21.671702418414547
1511885833081,Brightness_2,80.0
1511885839722,Temperature_1,24.6
1511885839725,Humidity_1,21.05510301541042
1511885839729,Brightness_1,75.0
1511885839732,Temperature_2,24.25
1511885839735,Humidity_2,21.671702418414547
1511885839738,Brightness_2,82.0
1511885840094,Sound_P,63.26648240367583
1511885840097,PodiumIR,76
1511885846400,Temperature_1,24.6
1511885846403,Humidity_1,21.05510301541042
1511885846406,Brightness_1,75.0
1511885846408,Temperature_2,24.25
1511885846410,Humidity_2,21.671702418414547
1511885846413,Brightness_2,82.0
1511885850100,Sound_P,62.551438321825636
1511885850103,PodiumIR,93
1511885852830,Temperature_1,24.84
1511885852832,Humidity_1,21.05510301541042
1511885852836,Brightness_1,70.0
1511885852838,Temperature_2,24.25
1511885852841,Humidity_2,21.671702418414547
1511885852843,Brightness_2,82.0
1511885859286,Temperature_1,24.84
1511885859289,Humidity_1,21.05510301541042
1511885859293,Brightness_1,70.0
1511885859295,Temperature_2,24.25
1511885859297,Humidity_2,21.671702418414547
1511885859300,Brightness_2,82.0
1511885860105,Sound_P,61.80460425887306
1511885860108,PodiumIR,80
1511885865687,Temperature_1,24.84
1511885865690,Humidity_1,21.05510301541042
1511885865693,Brightness_1,70.0
1511885865696,Temperature_2,24.25
1511885865698,Humidity_2,21.671702418414547
1511885865700,Brightness_2,82.0
1511885870111,Sound_P,63.95233273361063
1511885870114,PodiumIR,86
1511885872388,Temperature_1,24.84
1511885872390,Humidity_1,21.05510301541042
1511885872394,Brightness_1,70.0
1511885872396,Temperature_2,24.25
1511885872399,Humidity_2,21.671702418414547
1511885872401,Brightness_2,82.0
1511885879147,Temperature_1,24.84
1511885879150,Humidity_1,21.05510301541042
1511885879153,Brightness_1,70.0
1511885879155,Temperature_2,24.25
1511885879158,Humidity_2,21.671702418414547
1511885879160,Brightness_2,82.0
1511885880116,Sound_P,64.61127993529891
1511885880119,PodiumIR,72
1511885885905,Temperature_1,24.84
1511885885908,Humidity_1,21.05510301541042
1511885885911,Brightness_1,70.0
1511885885913,Temperature_2,24.25
1511885885916,Humidity_2,21.671702418414547
1511885885920,Brightness_2,82.0
1511885890122,Sound_P,63.26648240367583
1511885890125,PodiumIR,90
1511885892403,Temperature_1,24.84
1511885892406,Humidity_1,21.05510301541042
1511885892409,Brightness_1,70.0
1511885892412,Temperature_2,24.25
1511885892414,Humidity_2,21.671702418414547
1511885892417,Brightness_2,82.0
1511885899119,Temperature_1,24.84
1511885899126,Humidity_1,21.05510301541042
1511885899129,Brightness_1,70.0
1511885899131,Temperature_2,24.25
1511885899133,Humidity_2,21.671702418414547
1511885899135,Brightness_2,82.0
1511885900128,Sound_P,64.61127993529891
1511885900131,PodiumIR,82
1511885905579,Temperature_1,24.84
1511885905584,Humidity_1,21.05510301541042
1511885905587,Brightness_1,70.0
1511885905590,Temperature_2,24.25
1511885905592,Humidity_2,21.671702418414547
1511885905600,Brightness_2,82.0
1511885910136,Sound_P,63.95233273361063
1511885910139,PodiumIR,93
1511885912007,Temperature_1,24.84
1511885912013,Humidity_1,21.05510301541042
1511885912015,Brightness_1,70.0
1511885912018,Temperature_2,24.25
1511885912027,Humidity_2,21.671702418414547
1511885912030,Brightness_2,82.0
1511885918426,Temperature_1,24.84
1511885918432,Humidity_1,21.05510301541042
1511885918435,Brightness_1,72.0
1511885918437,Temperature_2,24.25
1511885918445,Humidity_2,21.671702418414547
1511885918448,Brightness_2,82.0
1511885920145,Sound_P,64.61127993529891
1511885920150,PodiumIR,91
1511885925127,Temperature_1,24.84
1511885925132,Humidity_1,21.05510301541042
1511885925135,Brightness_1,72.0
1511885925137,Temperature_2,24.25
1511885925139,Humidity_2,21.671702418414547
1511885925147,Brightness_2,82.0
1511885930155,Sound_P,63.26648240367583
1511885930161,PodiumIR,84
1511885931578,Temperature_1,24.84
1511885931584,Humidity_1,21.05510301541042
1511885931587,Brightness_1,72.0
1511885931589,Temperature_2,24.25
1511885931596,Humidity_2,21.671702418414547
1511885931599,Brightness_2,82.0
1511885938132,Temperature_1,24.84
1511885938137,Humidity_1,21.05510301541042
1511885938140,Brightness_1,72.0
1511885938143,Temperature_2,24.25
1511885938149,Humidity_2,21.671702418414547
1511885938152,Brightness_2,82.0
1511885940164,Sound_P,63.95233273361063
1511885940167,PodiumIR,102
1511885944536,Temperature_1,24.84
1511885944541,Humidity_1,21.05510301541042
1511885944544,Brightness_1,72.0
1511885944546,Temperature_2,24.25
1511885944554,Humidity_2,21.671702418414547
1511885944557,Brightness_2,82.0
1511885950170,Sound_P,64.61127993529891
1511885950182,PodiumIR,90
1511885951238,Temperature_1,24.84
1511885951244,Humidity_1,21.05510301541042
1511885951247,Brightness_1,72.0
1511885951249,Temperature_2,24.25
1511885951251,Humidity_2,21.671702418414547
1511885951258,Brightness_2,82.0
1511885957791,Temperature_1,24.84
1511885957797,Humidity_1,21.05510301541042
1511885957800,Brightness_1,72.0
1511885957802,Temperature_2,24.25
1511885957809,Humidity_2,21.671702418414547
1511885957812,Brightness_2,82.0
1511885960188,Sound_P,64.61127993529891
1511885960192,PodiumIR,78
1511885964346,Temperature_1,24.84
1511885964352,Humidity_1,21.05510301541042
1511885964355,Brightness_1,72.0
1511885964357,Temperature_2,24.25
1511885964359,Humidity_2,21.671702418414547
1511885964368,Brightness_2,79.0
1511885970198,Sound_P,64.61127993529891
1511885970206,PodiumIR,89
1511885970776,Temperature_1,24.84
1511885970782,Humidity_1,21.05510301541042
1511885970785,Brightness_1,72.0
1511885970788,Temperature_2,24.25
1511885970790,Humidity_2,21.671702418414547
1511885970799,Brightness_2,79.0
1511885977452,Temperature_1,24.6
1511885977458,Humidity_1,21.05510301541042
1511885977461,Brightness_1,72.0
1511885977463,Temperature_2,24.25
1511885977466,Humidity_2,21.671702418414547
1511885977473,Brightness_2,79.0
1511885980212,Sound_P,62.551438321825636
1511885980215,PodiumIR,90
1511885983904,Temperature_1,24.6
1511885983909,Humidity_1,21.05510301541042
1511885983912,Brightness_1,72.0
1511885983914,Temperature_2,24.25
1511885983917,Humidity_2,21.671702418414547
1511885983923,Brightness_2,79.0
1511885990220,Sound_P,62.551438321825636
1511885990223,PodiumIR,86
1511885990317,Temperature_1,24.6
1511885990322,Humidity_1,21.05510301541042
1511885990324,Brightness_1,72.0
1511885990326,Temperature_2,24.25
1511885990328,Humidity_2,21.671702418414547
1511885990330,Brightness_2,79.0
1511885996735,Temperature_1,24.6
1511885996741,Humidity_1,21.05510301541042
1511885996744,Brightness_1,72.0
1511885996747,Temperature_2,24.25
1511885996755,Humidity_2,21.671702418414547
1511885996757,Brightness_2,79.0
1511886000227,Sound_P,63.26648240367583
1511886000230,PodiumIR,92
1511886003361,Temperature_1,24.6
1511886003366,Humidity_1,21.05510301541042
1511886003369,Brightness_1,72.0
1511886003372,Temperature_2,24.25
1511886003374,Humidity_2,21.671702418414547
1511886003377,Brightness_2,79.0
1511886009811,Temperature_1,24.6
1511886009814,Humidity_1,21.05510301541042
1511886009817,Brightness_1,72.0
1511886009820,Temperature_2,24.25
1511886009822,Humidity_2,21.671702418414547
1511886009825,Brightness_2,79.0
1511886010233,Sound_P,63.26648240367583
1511886010236,PodiumIR,86
1511886016263,Temperature_1,24.6
1511886016265,Humidity_1,21.05510301541042
1511886016269,Brightness_1,72.0
1511886016271,Temperature_2,24.25
1511886016273,Humidity_2,21.671702418414547
1511886016276,Brightness_2,79.0
1511886020241,Sound_P,61.80460425887306
1511886020244,PodiumIR,90
1511886022676,Temperature_1,24.6
1511886022679,Humidity_1,21.05510301541042
1511886022682,Brightness_1,72.0
1511886022684,Temperature_2,24.25
1511886022686,Humidity_2,21.671702418414547
1511886022689,Brightness_2,79.0
1511886029370,Temperature_1,24.6
1511886029374,Humidity_1,21.05510301541042
1511886029377,Brightness_1,72.0
1511886029379,Temperature_2,24.25
1511886029382,Humidity_2,21.671702418414547
1511886029384,Brightness_2,79.0
1511886030248,Sound_P,63.26648240367583
1511886030251,PodiumIR,107
1511886035775,Temperature_1,24.6
1511886035778,Humidity_1,21.05510301541042
1511886035781,Brightness_1,72.0
1511886035784,Temperature_2,24.25
1511886035786,Humidity_2,21.671702418414547
1511886035788,Brightness_2,79.0
1511886040256,Sound_P,65.24535518573873
1511886040259,PodiumIR,84
1511886042400,Temperature_1,24.84
1511886042403,Humidity_1,21.05510301541042
1511886042406,Brightness_1,70.0
1511886042410,Temperature_2,24.25
1511886042417,Humidity_2,21.671702418414547
1511886042419,Brightness_2,79.0
1511886049133,Temperature_1,24.84
1511886049136,Humidity_1,21.05510301541042
1511886049140,Brightness_1,70.0
1511886049142,Temperature_2,24.25
1511886049144,Humidity_2,21.671702418414547
1511886049146,Brightness_2,79.0
1511886050266,Sound_P,64.61127993529891
1511886050269,PodiumIR,86
1511886055892,Temperature_1,24.84
1511886055895,Humidity_1,21.05510301541042
1511886055898,Brightness_1,70.0
1511886055900,Temperature_2,24.25
1511886055902,Humidity_2,21.671702418414547
1511886055905,Brightness_2,79.0
1511886060272,Sound_P,61.80460425887306
1511886060275,PodiumIR,88
1511886062343,Temperature_1,24.84
1511886062346,Humidity_1,21.05510301541042
1511886062350,Brightness_1,70.0
1511886062352,Temperature_2,24.25
1511886062354,Humidity_2,21.671702418414547
1511886062356,Brightness_2,79.0
1511886068737,Temperature_1,24.84
1511886068740,Humidity_1,21.05510301541042
1511886068744,Brightness_1,70.0
1511886068746,Temperature_2,24.25
1511886068748,Humidity_2,21.671702418414547
1511886068751,Brightness_2,79.0
1511886070278,Sound_P,66.44593723960276
1511886070281,PodiumIR,95
1511886075450,Temperature_1,24.84
1511886075453,Humidity_1,21.05510301541042
1511886075456,Brightness_1,70.0
1511886075459,Temperature_2,24.25
1511886075461,Humidity_2,21.671702418414547
1511886075464,Brightness_2,79.0
1511886080284,Sound_P,63.95233273361063
1511886080288,PodiumIR,58
1511886081855,Temperature_1,24.84
1511886081858,Humidity_1,21.05510301541042
1511886081861,Brightness_1,70.0
1511886081864,Temperature_2,24.25
1511886081866,Humidity_2,21.671702418414547
1511886081869,Brightness_2,79.0
1511886088404,Temperature_1,24.84
1511886088407,Humidity_1,21.05510301541042
1511886088411,Brightness_1,70.0
1511886088414,Temperature_2,24.25
1511886088416,Humidity_2,21.671702418414547
1511886088418,Brightness_2,79.0
1511886090293,Sound_P,65.8563679754536
1511886090296,PodiumIR,86
1511886095112,Temperature_1,24.84
1511886095114,Humidity_1,21.05510301541042
1511886095118,Brightness_1,70.0
1511886095120,Temperature_2,24.25
1511886095122,Humidity_2,21.671702418414547
1511886095124,Brightness_2,83.0
1511886100299,Sound_P,64.61127993529891
1511886100303,PodiumIR,87
1511886101571,Temperature_1,24.84
1511886101574,Humidity_1,21.05510301541042
1511886101577,Brightness_1,70.0
1511886101580,Temperature_2,24.25
1511886101582,Humidity_2,21.671702418414547
1511886101584,Brightness_2,83.0
1511886108014,Temperature_1,24.84
1511886108017,Humidity_1,21.05510301541042
1511886108020,Brightness_1,70.0
1511886108023,Temperature_2,24.25
1511886108025,Humidity_2,21.671702418414547
1511886108028,Brightness_2,83.0
1511886110311,Sound_P,63.95233273361063
1511886110314,PodiumIR,101
1511886114442,Temperature_1,24.84
1511886114445,Humidity_1,21.05510301541042
1511886114448,Brightness_1,70.0
1511886114450,Temperature_2,24.25
1511886114452,Humidity_2,21.671702418414547
1511886114455,Brightness_2,83.0
1511886120324,Sound_P,63.95233273361063
1511886120328,PodiumIR,92
1511886120848,Temperature_1,24.84
1511886120851,Humidity_1,21.05510301541042
1511886120854,Brightness_1,70.0
1511886120856,Temperature_2,24.25
1511886120859,Humidity_2,21.671702418414547
1511886120861,Brightness_2,83.0
1511886127573,Temperature_1,24.84
1511886127576,Humidity_1,21.05510301541042
1511886127579,Brightness_1,70.0
1511886127582,Temperature_2,24.25
1511886127584,Humidity_2,21.671702418414547
1511886127586,Brightness_2,83.0
1511886130339,Sound_P,65.24535518573873
1511886130343,PodiumIR,93
1511886134229,Temperature_1,24.84
1511886134232,Humidity_1,21.05510301541042
1511886134236,Brightness_1,70.0
1511886134238,Temperature_2,24.25
1511886134240,Humidity_2,21.671702418414547
1511886134242,Brightness_2,83.0
1511886140355,Sound_P,64.61127993529891
1511886140358,PodiumIR,112
1511886140637,Temperature_1,24.84
1511886140640,Humidity_1,21.05510301541042
1511886140644,Brightness_1,70.0
1511886140646,Temperature_2,24.25
1511886140656,Humidity_2,21.671702418414547
1511886140659,Brightness_2,83.0
1511886147337,Temperature_1,24.84
1511886147340,Humidity_1,21.05510301541042
1511886147350,Brightness_1,70.0
1511886147353,Temperature_2,24.25
1511886147355,Humidity_2,21.671702418414547
1511886147357,Brightness_2,83.0
1511886150368,Sound_P,64.61127993529891
1511886150371,PodiumIR,65
1511886153788,Temperature_1,24.84
1511886153791,Humidity_1,21.05510301541042
1511886153794,Brightness_1,70.0
1511886153796,Temperature_2,24.25
1511886153799,Humidity_2,21.671702418414547
1511886153801,Brightness_2,79.0
1511886160239,Temperature_1,24.84
1511886160242,Humidity_1,21.05510301541042
1511886160245,Brightness_1,70.0
1511886160247,Temperature_2,24.25
1511886160250,Humidity_2,21.671702418414547
1511886160253,Brightness_2,79.0
1511886160375,Sound_P,63.26648240367583
1511886160379,PodiumIR,88
1511886166669,Temperature_1,24.84
1511886166672,Humidity_1,21.05510301541042
1511886166675,Brightness_1,70.0
1511886166678,Temperature_2,24.25
1511886166680,Humidity_2,21.671702418414547
1511886166682,Brightness_2,79.0
1511886170385,Sound_P,63.26648240367583
1511886170389,PodiumIR,94
1511886173138,Temperature_1,24.72
1511886173141,Humidity_1,21.05510301541042
1511886173144,Brightness_1,73.0
1511886173147,Temperature_2,24.25
1511886173149,Humidity_2,21.671702418414547
1511886173152,Brightness_2,79.0
1511886179593,Temperature_1,24.72
1511886179596,Humidity_1,21.05510301541042
1511886179599,Brightness_1,73.0
1511886179601,Temperature_2,24.25
1511886179604,Humidity_2,21.671702418414547
1511886179606,Brightness_2,79.0
1511886180392,Sound_P,65.24535518573873
1511886180395,PodiumIR,84
1511886186249,Temperature_1,24.72
1511886186252,Humidity_1,21.05510301541042
1511886186255,Brightness_1,73.0
1511886186258,Temperature_2,24.25
1511886186260,Humidity_2,21.671702418414547
1511886186262,Brightness_2,79.0
1511886190400,Sound_P,65.8563679754536
1511886190403,PodiumIR,82
1511886192656,Temperature_1,24.72
1511886192659,Humidity_1,21.05510301541042
1511886192662,Brightness_1,73.0
1511886192664,Temperature_2,24.25
1511886192667,Humidity_2,21.671702418414547
1511886192669,Brightness_2,79.0
1511886199357,Temperature_1,24.72
1511886199360,Humidity_1,21.05510301541042
1511886199363,Brightness_1,73.0
1511886199365,Temperature_2,24.25
1511886199368,Humidity_2,21.671702418414547
1511886199370,Brightness_2,79.0
1511886200406,Sound_P,63.26648240367583
1511886200409,PodiumIR,97
1511886205808,Temperature_1,24.72
1511886205811,Humidity_1,21.05510301541042
1511886205814,Brightness_1,73.0
1511886205817,Temperature_2,24.25
1511886205819,Humidity_2,21.671702418414547
1511886205821,Brightness_2,79.0
1511886210412,Sound_P,64.61127993529891
1511886210415,PodiumIR,135
1511886212259,Temperature_1,24.72
1511886212262,Humidity_1,21.05510301541042
1511886212265,Brightness_1,73.0
1511886212268,Temperature_2,24.25
1511886212270,Humidity_2,21.671702418414547
1511886212272,Brightness_2,79.0
1511886218706,Temperature_1,24.72
1511886218709,Humidity_1,21.05510301541042
1511886218712,Brightness_1,73.0
1511886218715,Temperature_2,24.25
1511886218717,Humidity_2,21.671702418414547
1511886218719,Brightness_2,83.0
1511886220425,Sound_P,62.551438321825636
1511886220428,PodiumIR,81
1511886225367,Temperature_1,24.72
1511886225370,Humidity_1,21.05510301541042
1511886225373,Brightness_1,73.0
1511886225376,Temperature_2,24.25
1511886225378,Humidity_2,21.671702418414547
1511886225381,Brightness_2,83.0
1511886230431,Sound_P,63.95233273361063
1511886230441,PodiumIR,85
1511886232022,Temperature_1,24.84
1511886232025,Humidity_1,21.05510301541042
1511886232029,Brightness_1,76.0
1511886232031,Temperature_2,24.25
1511886232033,Humidity_2,21.671702418414547
1511886232035,Brightness_2,83.0
1511886238445,Temperature_1,24.84
1511886238448,Humidity_1,21.05510301541042
1511886238451,Brightness_1,76.0
1511886238454,Temperature_2,24.25
1511886238456,Humidity_2,21.671702418414547
1511886238458,Brightness_2,83.0
1511886240443,Sound_P,63.26648240367583
1511886240447,PodiumIR,95
1511886245130,Temperature_1,24.84
1511886245133,Humidity_1,21.05510301541042
1511886245136,Brightness_1,76.0
1511886245139,Temperature_2,24.25
1511886245141,Humidity_2,21.671702418414547
1511886245143,Brightness_2,83.0
1511886250449,Sound_P,64.61127993529891
1511886250453,PodiumIR,93
1511886251536,Temperature_1,24.84
1511886251539,Humidity_1,21.05510301541042
1511886251542,Brightness_1,76.0
1511886251544,Temperature_2,24.25
1511886251547,Humidity_2,21.671702418414547
1511886251550,Brightness_2,83.0
1511886258237,Temperature_1,24.84
1511886258240,Humidity_1,21.05510301541042
1511886258243,Brightness_1,76.0
1511886258246,Temperature_2,24.25
1511886258248,Humidity_2,21.671702418414547
1511886258251,Brightness_2,83.0
1511886260455,Sound_P,65.8563679754536
1511886260459,PodiumIR,91
1511886264646,Temperature_1,24.84
1511886264649,Humidity_1,21.05510301541042
1511886264652,Brightness_1,76.0
1511886264654,Temperature_2,24.25
1511886264657,Humidity_2,21.671702418414547
1511886264659,Brightness_2,83.0
1511886270461,Sound_P,63.95233273361063
1511886270465,PodiumIR,86
1511886271345,Temperature_1,24.84
1511886271348,Humidity_1,21.05510301541042
1511886271351,Brightness_1,76.0
1511886271354,Temperature_2,24.25
1511886271356,Humidity_2,21.671702418414547
1511886271358,Brightness_2,83.0
1511886277797,Temperature_1,24.84
1511886277800,Humidity_1,21.05510301541042
1511886277803,Brightness_1,76.0
1511886277805,Temperature_2,24.25
1511886277808,Humidity_2,21.671702418414547
1511886277810,Brightness_2,83.0
1511886280467,Sound_P,63.26648240367583
1511886280471,PodiumIR,95
1511886284247,Temperature_1,24.84
1511886284250,Humidity_1,21.05510301541042
1511886284253,Brightness_1,76.0
1511886284256,Temperature_2,24.25
1511886284258,Humidity_2,21.671702418414547
1511886284260,Brightness_2,79.0
1511886290473,Sound_P,63.95233273361063
1511886290477,PodiumIR,86
1511886290655,Temperature_1,24.84
1511886290658,Humidity_1,21.05510301541042
1511886290661,Brightness_1,76.0
1511886290663,Temperature_2,24.25
1511886290665,Humidity_2,21.671702418414547
1511886290669,Brightness_2,79.0
1511886297355,Temperature_1,24.84
1511886297358,Humidity_1,21.05510301541042
1511886297361,Brightness_1,70.0
1511886297363,Temperature_2,24.25
1511886297365,Humidity_2,21.671702418414547
1511886297369,Brightness_2,79.0
1511886300479,Sound_P,62.551438321825636
1511886300483,PodiumIR,79
1511886303811,Temperature_1,24.84
1511886303814,Humidity_1,21.05510301541042
1511886303817,Brightness_1,70.0
1511886303820,Temperature_2,24.25
1511886303822,Humidity_2,21.671702418414547
1511886303824,Brightness_2,79.0
1511886310405,Temperature_1,24.84
1511886310409,Humidity_1,21.05510301541042
1511886310415,Brightness_1,70.0
1511886310418,Temperature_2,24.25
1511886310421,Humidity_2,21.671702418414547
1511886310424,Brightness_2,79.0
1511886310485,Sound_P,64.61127993529891
1511886310489,PodiumIR,91
1511886317323,Temperature_1,24.84
1511886317326,Humidity_1,21.05510301541042
1511886317329,Brightness_1,70.0
1511886317332,Temperature_2,24.25
1511886317334,Humidity_2,21.671702418414547
1511886317336,Brightness_2,79.0
1511886320491,Sound_P,64.61127993529891
1511886320495,PodiumIR,86
1511886323765,Temperature_1,24.84
1511886323768,Humidity_1,21.05510301541042
1511886323771,Brightness_1,70.0
1511886323773,Temperature_2,24.25
1511886323775,Humidity_2,21.671702418414547
1511886323778,Brightness_2,79.0
1511886330399,Temperature_1,24.84
1511886330402,Humidity_1,21.05510301541042
1511886330405,Brightness_1,70.0
1511886330408,Temperature_2,24.25
1511886330410,Humidity_2,21.671702418414547
1511886330413,Brightness_2,79.0
1511886330497,Sound_P,64.61127993529891
1511886330501,PodiumIR,134
1511886337087,Temperature_1,24.84
1511886337090,Humidity_1,21.05510301541042
1511886337093,Brightness_1,70.0
1511886337095,Temperature_2,24.25
1511886337098,Humidity_2,21.671702418414547
1511886337101,Brightness_2,79.0
1511886340503,Sound_P,63.95233273361063
1511886340507,PodiumIR,84
1511886343845,Temperature_1,24.84
1511886343848,Humidity_1,21.05510301541042
1511886343852,Brightness_1,70.0
1511886343854,Temperature_2,24.25
1511886343856,Humidity_2,21.671702418414547
1511886343858,Brightness_2,79.0
1511886350509,Sound_P,65.24535518573873
1511886350513,PodiumIR,103
1511886350525,Temperature_1,24.84
1511886350528,Humidity_1,21.05510301541042
1511886350531,Brightness_1,70.0
1511886350533,Temperature_2,24.25
1511886350536,Humidity_2,21.671702418414547
1511886350538,Brightness_2,79.0
1511886357114,Temperature_1,24.84
1511886357117,Humidity_1,21.05510301541042
1511886357120,Brightness_1,70.0
1511886357123,Temperature_2,24.25
1511886357125,Humidity_2,21.671702418414547
1511886357128,Brightness_2,79.0
1511886360515,Sound_P,62.551438321825636
1511886360519,PodiumIR,99
1511886363524,Temperature_1,24.84
1511886363528,Humidity_1,21.05510301541042
1511886363531,Brightness_1,70.0
1511886363533,Temperature_2,24.25
1511886363535,Humidity_2,21.671702418414547
1511886363538,Brightness_2,79.0
1511886370265,Temperature_1,24.84
1511886370268,Humidity_1,21.05510301541042
1511886370272,Brightness_1,70.0
1511886370274,Temperature_2,24.25
1511886370276,Humidity_2,21.671702418414547
1511886370278,Brightness_2,79.0
1511886370521,Sound_P,64.61127993529891
1511886370525,PodiumIR,116
1511886376675,Temperature_1,24.84
1511886376678,Humidity_1,21.05510301541042
1511886376680,Brightness_1,70.0
1511886376683,Temperature_2,24.25
1511886376685,Humidity_2,21.671702418414547
1511886376688,Brightness_2,79.0
1511886380528,Sound_P,61.80460425887306
1511886380531,PodiumIR,78
1511886383372,Temperature_1,24.84
1511886383375,Humidity_1,21.05510301541042
1511886383378,Brightness_1,70.0
1511886383380,Temperature_2,24.25
1511886383383,Humidity_2,21.671702418414547
1511886383385,Brightness_2,79.0
1511886389831,Temperature_1,24.84
1511886389834,Humidity_1,21.05510301541042
1511886389838,Brightness_1,70.0
1511886389840,Temperature_2,24.25
1511886389842,Humidity_2,21.671702418414547
1511886389844,Brightness_2,79.0
1511886390534,Sound_P,65.24535518573873
1511886390537,PodiumIR,86
1511886396264,Temperature_1,24.84
1511886396267,Humidity_1,21.05510301541042
1511886396270,Brightness_1,70.0
1511886396272,Temperature_2,24.25
1511886396275,Humidity_2,21.671702418414547
1511886396277,Brightness_2,79.0
1511886400540,Sound_P,65.24535518573873
1511886400543,PodiumIR,77
1511886402665,Temperature_1,24.84
1511886402668,Humidity_1,21.05510301541042
1511886402672,Brightness_1,70.0
1511886402674,Temperature_2,24.25
1511886402677,Humidity_2,21.671702418414547
1511886402681,Brightness_2,79.0
1511886409280,Temperature_1,24.84
1511886409283,Humidity_1,21.05510301541042
1511886409285,Brightness_1,70.0
1511886409288,Temperature_2,24.25
1511886409291,Humidity_2,21.671702418414547
1511886409293,Brightness_2,81.0
1511886410545,Sound_P,63.95233273361063
1511886410548,PodiumIR,80
1511886415838,Temperature_1,24.84
1511886415841,Humidity_1,21.05510301541042
1511886415844,Brightness_1,70.0
1511886415847,Temperature_2,24.25
1511886415849,Humidity_2,21.671702418414547
1511886415853,Brightness_2,81.0
1511886420551,Sound_P,62.551438321825636
1511886420554,PodiumIR,98
1511886422412,Temperature_1,24.84
1511886422416,Humidity_1,21.05510301541042
1511886422420,Brightness_1,76.0
1511886422422,Temperature_2,24.25
1511886422424,Humidity_2,21.671702418414547
1511886422427,Brightness_2,81.0
1511886429249,Temperature_1,24.84
1511886429251,Humidity_1,21.05510301541042
1511886429255,Brightness_1,76.0
1511886429257,Temperature_2,24.25
1511886429259,Humidity_2,21.671702418414547
1511886429261,Brightness_2,81.0
1511886430557,Sound_P,64.61127993529891
1511886430560,PodiumIR,97
1511886436007,Temperature_1,24.84
1511886436010,Humidity_1,21.05510301541042
1511886436013,Brightness_1,76.0
1511886436014,Temperature_2,24.25
1511886436016,Humidity_2,21.671702418414547
1511886436028,Brightness_2,81.0
1511886440563,Sound_P,64.61127993529891
1511886440566,PodiumIR,74
1511886442414,Temperature_1,24.84
1511886442417,Humidity_1,21.05510301541042
1511886442421,Brightness_1,76.0
1511886442423,Temperature_2,24.25
1511886442425,Humidity_2,21.671702418414547
1511886442428,Brightness_2,81.0
1511886449217,Temperature_1,24.84
1511886449220,Humidity_1,21.05510301541042
1511886449223,Brightness_1,76.0
1511886449226,Temperature_2,24.25
1511886449228,Humidity_2,21.671702418414547
1511886449230,Brightness_2,81.0
1511886450569,Sound_P,61.80460425887306
1511886450572,PodiumIR,95
1511886455976,Temperature_1,24.84
1511886455979,Humidity_1,21.05510301541042
1511886455982,Brightness_1,76.0
1511886455984,Temperature_2,24.25
1511886455987,Humidity_2,21.671702418414547
1511886455989,Brightness_2,81.0
1511886460575,Sound_P,62.551438321825636
1511886460578,PodiumIR,93
1511886462444,Temperature_1,24.84
1511886462447,Humidity_1,21.05510301541042
1511886462451,Brightness_1,76.0
1511886462453,Temperature_2,24.25
1511886462455,Humidity_2,21.671702418414547
1511886462459,Brightness_2,81.0
1511886468879,Temperature_1,24.84
1511886468883,Humidity_1,21.05510301541042
1511886468886,Brightness_1,76.0
1511886468889,Temperature_2,24.25
1511886468891,Humidity_2,21.671702418414547
1511886468893,Brightness_2,81.0
1511886470581,Sound_P,63.95233273361063
1511886470584,PodiumIR,88
1511886475636,Temperature_1,24.84
1511886475639,Humidity_1,21.05510301541042
1511886475643,Brightness_1,76.0
1511886475645,Temperature_2,24.25
1511886475648,Humidity_2,21.671702418414547
1511886475651,Brightness_2,84.0
1511886480587,Sound_P,66.44593723960276
1511886480590,PodiumIR,88
1511886482088,Temperature_1,24.84
1511886482091,Humidity_1,21.05510301541042
1511886482094,Brightness_1,76.0
1511886482097,Temperature_2,24.25
1511886482099,Humidity_2,21.671702418414547
1511886482102,Brightness_2,84.0
1511886488506,Temperature_1,24.72
1511886488509,Humidity_1,21.05510301541042
1511886488512,Brightness_1,70.0
1511886488515,Temperature_2,24.25
1511886488517,Humidity_2,21.671702418414547
1511886488520,Brightness_2,84.0
1511886490593,Sound_P,61.80460425887306
1511886490596,PodiumIR,112
1511886495195,Temperature_1,24.72
1511886495198,Humidity_1,21.05510301541042
1511886495201,Brightness_1,70.0
1511886495204,Temperature_2,24.25
1511886495206,Humidity_2,21.671702418414547
1511886495208,Brightness_2,84.0
1511886500601,Sound_P,63.95233273361063
1511886500604,PodiumIR,87
1511886502164,Temperature_1,24.72
1511886502167,Humidity_1,21.05510301541042
1511886502171,Brightness_1,70.0
1511886502173,Temperature_2,24.25
1511886502175,Humidity_2,21.671702418414547
1511886502178,Brightness_2,84.0
1511886508577,Temperature_1,24.72
1511886508580,Humidity_1,21.05510301541042
1511886508583,Brightness_1,70.0
1511886508586,Temperature_2,24.25
1511886508588,Humidity_2,21.671702418414547
1511886508590,Brightness_2,84.0
1511886510607,Sound_P,65.24535518573873
1511886510610,PodiumIR,98
1511886515368,Temperature_1,24.72
1511886515371,Humidity_1,21.05510301541042
1511886515374,Brightness_1,70.0
1511886515377,Temperature_2,24.25
1511886515379,Humidity_2,21.671702418414547
1511886515381,Brightness_2,84.0
1511886520614,Sound_P,63.95233273361063
1511886520623,PodiumIR,107
1511886521820,Temperature_1,24.72
1511886521823,Humidity_1,21.05510301541042
1511886521827,Brightness_1,70.0
1511886521829,Temperature_2,24.25
1511886521831,Humidity_2,21.671702418414547
1511886521834,Brightness_2,84.0
1511886528309,Temperature_1,24.72
1511886528312,Humidity_1,21.05510301541042
1511886528315,Brightness_1,70.0
1511886528318,Temperature_2,24.25
1511886528320,Humidity_2,21.671702418414547
1511886528323,Brightness_2,84.0
1511886530628,Sound_P,61.80460425887306
1511886530632,PodiumIR,77
1511886534715,Temperature_1,24.72
1511886534718,Humidity_1,21.05510301541042
1511886534721,Brightness_1,70.0
1511886534723,Temperature_2,24.25
1511886534726,Humidity_2,21.671702418414547
1511886534728,Brightness_2,79.0
1511886540641,Sound_P,61.80460425887306
1511886540644,PodiumIR,92
1511886541385,Temperature_1,24.72
1511886541388,Humidity_1,21.05510301541042
1511886541391,Brightness_1,70.0
1511886541394,Temperature_2,24.25
1511886541396,Humidity_2,21.671702418414547
1511886541398,Brightness_2,79.0
1511886548250,Temperature_1,24.72
1511886548253,Humidity_1,21.05510301541042
1511886548257,Brightness_1,70.0
1511886548259,Temperature_2,24.25
1511886548261,Humidity_2,21.671702418414547
1511886548264,Brightness_2,79.0
1511886550647,Sound_P,63.95233273361063
1511886550651,PodiumIR,94
1511886554690,Temperature_1,24.84
1511886554692,Humidity_1,21.178422896011256
1511886554696,Brightness_1,70.0
1511886554698,Temperature_2,24.25
1511886554700,Humidity_2,21.671702418414547
1511886554702,Brightness_2,79.0
1511886560653,Sound_P,63.95233273361063
1511886560657,PodiumIR,106
1511886561146,Temperature_1,24.84
1511886561149,Humidity_1,21.178422896011256
1511886561152,Brightness_1,70.0
1511886561155,Temperature_2,24.25
1511886561157,Humidity_2,21.671702418414547
1511886561159,Brightness_2,79.0
1511886567597,Temperature_1,24.84
1511886567601,Humidity_1,21.178422896011256
1511886567604,Brightness_1,70.0
1511886567607,Temperature_2,24.25
1511886567609,Humidity_2,21.671702418414547
1511886567612,Brightness_2,79.0
1511886570659,Sound_P,64.61127993529891
1511886570663,PodiumIR,94
1511886574253,Temperature_1,24.84
1511886574257,Humidity_1,21.178422896011256
1511886574260,Brightness_1,70.0
1511886574263,Temperature_2,24.25
1511886574265,Humidity_2,21.671702418414547
1511886574268,Brightness_2,79.0
1511886580665,Temperature_1,24.84
1511886580665,Sound_P,63.26648240367583
1511886580669,Humidity_1,21.178422896011256
1511886580669,PodiumIR,95
1511886580672,Brightness_1,70.0
1511886580675,Temperature_2,24.25
1511886580678,Humidity_2,21.671702418414547
1511886580682,Brightness_2,79.0
1511886587357,Temperature_1,24.84
1511886587360,Humidity_1,21.178422896011256
1511886587363,Brightness_1,70.0
1511886587366,Temperature_2,24.25
1511886587368,Humidity_2,21.671702418414547
1511886587372,Brightness_2,79.0
1511886590672,Sound_P,62.551438321825636
1511886590676,PodiumIR,113
1511886594115,Temperature_1,24.84
1511886594121,Humidity_1,21.178422896011256
1511886594124,Brightness_1,70.0
1511886594126,Temperature_2,24.25
1511886594128,Humidity_2,21.671702418414547
1511886594131,Brightness_2,79.0
1511886600524,Temperature_1,24.84
1511886600532,Humidity_1,21.178422896011256
1511886600534,Brightness_1,70.0
1511886600537,Temperature_2,24.25
1511886600544,Humidity_2,21.671702418414547
1511886600547,Brightness_2,82.0
1511886600678,Sound_P,65.24535518573873
1511886600682,PodiumIR,94
1511886607227,Temperature_1,24.84
1511886607233,Humidity_1,21.178422896011256
1511886607236,Brightness_1,70.0
1511886607238,Temperature_2,24.25
1511886607244,Humidity_2,21.671702418414547
1511886607247,Brightness_2,82.0
1511886610684,Sound_P,65.24535518573873
1511886610688,PodiumIR,99
1511886613656,Temperature_1,24.84
1511886613662,Humidity_1,21.05510301541042
1511886613665,Brightness_1,75.0
1511886613667,Temperature_2,24.25
1511886613670,Humidity_2,21.671702418414547
1511886613673,Brightness_2,82.0
1511886620130,Temperature_1,24.84
1511886620135,Humidity_1,21.05510301541042
1511886620138,Brightness_1,75.0
1511886620140,Temperature_2,24.25
1511886620146,Humidity_2,21.671702418414547
1511886620149,Brightness_2,82.0
1511886620690,Sound_P,65.24535518573873
1511886620694,PodiumIR,88
1511886626549,Temperature_1,24.84
1511886626555,Humidity_1,21.05510301541042
1511886626558,Brightness_1,75.0
1511886626560,Temperature_2,24.25
1511886626565,Humidity_2,21.671702418414547
1511886626568,Brightness_2,82.0
1511886630696,Sound_P,62.551438321825636
1511886630700,PodiumIR,93
1511886633239,Temperature_1,24.84
1511886633245,Humidity_1,21.05510301541042
1511886633248,Brightness_1,75.0
1511886633250,Temperature_2,24.25
1511886633253,Humidity_2,21.671702418414547
1511886633255,Brightness_2,82.0
1511886639898,Temperature_1,24.84
1511886639901,Humidity_1,21.05510301541042
1511886639904,Brightness_1,75.0
1511886639907,Temperature_2,24.25
1511886639909,Humidity_2,21.671702418414547
1511886639911,Brightness_2,82.0
1511886640702,Sound_P,63.26648240367583
1511886640705,PodiumIR,88
1511886646335,Temperature_1,24.84
1511886646338,Humidity_1,21.05510301541042
1511886646341,Brightness_1,75.0
1511886646344,Temperature_2,24.25
1511886646346,Humidity_2,21.671702418414547
1511886646349,Brightness_2,82.0
1511886650708,Sound_P,62.551438321825636
1511886650711,PodiumIR,95
1511886652742,Temperature_1,24.84
1511886652745,Humidity_1,21.05510301541042
1511886652748,Brightness_1,75.0
1511886652751,Temperature_2,24.25
1511886652754,Humidity_2,21.671702418414547
1511886652758,Brightness_2,82.0
1511886659454,Temperature_1,24.84
1511886659458,Humidity_1,21.05510301541042
1511886659461,Brightness_1,75.0
1511886659464,Temperature_2,24.25
1511886659467,Humidity_2,21.671702418414547
1511886659470,Brightness_2,82.0
1511886660713,Sound_P,61.80460425887306
1511886660724,PodiumIR,88
1511886665899,Temperature_1,24.84
1511886665902,Humidity_1,21.05510301541042
1511886665906,Brightness_1,75.0
1511886665909,Temperature_2,24.25
1511886665911,Humidity_2,21.671702418414547
1511886665914,Brightness_2,79.0
1511886670735,Sound_P,63.26648240367583
1511886670738,PodiumIR,94
1511886672402,Temperature_1,24.84
1511886672406,Humidity_1,21.05510301541042
1511886672410,Brightness_1,75.0
1511886672414,Temperature_2,24.25
1511886672417,Humidity_2,21.671702418414547
1511886672421,Brightness_2,79.0
1511886679116,Temperature_1,24.84
1511886679119,Humidity_1,21.05510301541042
1511886679123,Brightness_1,73.0
1511886679126,Temperature_2,24.25
1511886679129,Humidity_2,21.671702418414547
1511886679132,Brightness_2,79.0
1511886680741,Sound_P,65.24535518573873
1511886680744,PodiumIR,86
1511886685581,Temperature_1,24.84
1511886685585,Humidity_1,21.05510301541042
1511886685589,Brightness_1,73.0
1511886685591,Temperature_2,24.25
1511886685594,Humidity_2,21.671702418414547
1511886685597,Brightness_2,79.0
1511886690747,Sound_P,63.26648240367583
1511886690750,PodiumIR,118
1511886691992,Temperature_1,24.84
1511886691995,Humidity_1,21.05510301541042
1511886691999,Brightness_1,73.0
1511886692002,Temperature_2,24.25
1511886692004,Humidity_2,21.671702418414547
1511886692007,Brightness_2,79.0
1511886698410,Temperature_1,24.84
1511886698414,Humidity_1,21.05510301541042
1511886698418,Brightness_1,73.0
1511886698420,Temperature_2,24.25
1511886698423,Humidity_2,21.671702418414547
1511886698426,Brightness_2,79.0
1511886700753,Sound_P,64.61127993529891
1511886700756,PodiumIR,64
1511886705118,Temperature_1,24.84
1511886705122,Humidity_1,21.05510301541042
1511886705125,Brightness_1,73.0
1511886705129,Temperature_2,24.25
1511886705132,Humidity_2,21.671702418414547
1511886705135,Brightness_2,79.0
1511886710759,Sound_P,63.26648240367583
1511886710762,PodiumIR,91
1511886711570,Temperature_1,24.84
1511886711573,Humidity_1,21.05510301541042
1511886711577,Brightness_1,73.0
1511886711580,Temperature_2,24.25
1511886711582,Humidity_2,21.671702418414547
1511886711586,Brightness_2,79.0
1511886718029,Temperature_1,24.84
1511886718031,Humidity_1,21.05510301541042
1511886718034,Brightness_1,73.0
1511886718037,Temperature_2,24.25
1511886718039,Humidity_2,21.671702418414547
1511886718042,Brightness_2,79.0
1511886720765,Sound_P,63.95233273361063
1511886720768,PodiumIR,98
1511886724451,Temperature_1,24.84
1511886724454,Humidity_1,21.05510301541042
1511886724457,Brightness_1,73.0
1511886724460,Temperature_2,24.25
1511886724462,Humidity_2,21.671702418414547
1511886724464,Brightness_2,79.0
1511886730771,Sound_P,64.61127993529891
1511886730774,PodiumIR,107
1511886730859,Temperature_1,24.84
1511886730861,Humidity_1,21.05510301541042
1511886730864,Brightness_1,73.0
1511886730867,Temperature_2,24.25
1511886730869,Humidity_2,21.671702418414547
1511886730872,Brightness_2,79.0
1511886737268,Temperature_1,24.84
1511886737271,Humidity_1,21.05510301541042
1511886737274,Brightness_1,73.0
1511886737277,Temperature_2,24.25
1511886737279,Humidity_2,21.671702418414547
1511886737282,Brightness_2,79.0
1511886740777,Sound_P,63.95233273361063
1511886740780,PodiumIR,69
1511886743928,Temperature_1,24.84
1511886743932,Humidity_1,21.05510301541042
1511886743935,Brightness_1,75.0
1511886743937,Temperature_2,24.25
1511886743940,Humidity_2,21.671702418414547
1511886743943,Brightness_2,79.0
1511886750385,Temperature_1,24.84
1511886750388,Humidity_1,21.05510301541042
1511886750391,Brightness_1,75.0
1511886750393,Temperature_2,24.25
1511886750396,Humidity_2,21.671702418414547
1511886750399,Brightness_2,79.0
1511886750783,Sound_P,64.61127993529891
1511886750787,PodiumIR,91
1511886756831,Temperature_1,24.84
1511886756834,Humidity_1,21.05510301541042
1511886756837,Brightness_1,75.0
1511886756840,Temperature_2,24.25
1511886756842,Humidity_2,21.671702418414547
1511886756844,Brightness_2,79.0
1511886760789,Sound_P,65.24535518573873
1511886760792,PodiumIR,90
1511886763487,Temperature_1,24.84
1511886763490,Humidity_1,21.05510301541042
1511886763493,Brightness_1,75.0
1511886763495,Temperature_2,24.25
1511886763498,Humidity_2,21.671702418414547
1511886763500,Brightness_2,79.0
1511886770246,Temperature_1,24.84
1511886770277,Humidity_1,21.05510301541042
1511886770280,Brightness_1,75.0
1511886770283,Temperature_2,24.25
1511886770285,Humidity_2,21.671702418414547
1511886770288,Brightness_2,79.0
1511886770795,Sound_P,62.551438321825636
1511886770799,PodiumIR,112
1511886776679,Temperature_1,24.84
1511886776682,Humidity_1,21.05510301541042
1511886776685,Brightness_1,75.0
1511886776688,Temperature_2,24.25
1511886776690,Humidity_2,21.671702418414547
1511886776692,Brightness_2,79.0
1511886780801,Sound_P,63.95233273361063
1511886780805,PodiumIR,77
1511886783108,Temperature_1,24.84
1511886783111,Humidity_1,21.05510301541042
1511886783114,Brightness_1,75.0
1511886783116,Temperature_2,24.25
1511886783119,Humidity_2,21.671702418414547
1511886783122,Brightness_2,79.0
1511886789600,Temperature_1,24.84
1511886789603,Humidity_1,21.05510301541042
1511886789606,Brightness_1,75.0
1511886789608,Temperature_2,24.25
1511886789610,Humidity_2,21.671702418414547
1511886789613,Brightness_2,79.0
1511886790816,Sound_P,63.95233273361063
1511886790820,PodiumIR,102
1511886796256,Temperature_1,24.84
1511886796259,Humidity_1,21.05510301541042
1511886796262,Brightness_1,75.0
1511886796264,Temperature_2,24.25
1511886796267,Humidity_2,21.671702418414547
1511886796269,Brightness_2,79.0
1511886800822,Sound_P,63.26648240367583
1511886800825,PodiumIR,89
1511886802719,Temperature_1,24.84
1511886802722,Humidity_1,21.05510301541042
1511886802725,Brightness_1,75.0
1511886802728,Temperature_2,24.25
1511886802730,Humidity_2,21.671702418414547
1511886802733,Brightness_2,79.0
1511886809261,Temperature_1,24.84
1511886809264,Humidity_1,21.05510301541042
1511886809267,Brightness_1,74.0
1511886809270,Temperature_2,24.25
1511886809272,Humidity_2,21.671702418414547
1511886809274,Brightness_2,79.0
1511886810828,Sound_P,63.26648240367583
1511886810831,PodiumIR,120
1511886815917,Temperature_1,24.84
1511886815920,Humidity_1,21.05510301541042
1511886815924,Brightness_1,74.0
1511886815926,Temperature_2,24.25
1511886815929,Humidity_2,21.671702418414547
1511886815931,Brightness_2,79.0
1511886820834,Sound_P,61.80460425887306
1511886820837,PodiumIR,86
1511886822379,Temperature_1,24.84
1511886822382,Humidity_1,21.05510301541042
1511886822385,Brightness_1,74.0
1511886822388,Temperature_2,24.25
1511886822390,Humidity_2,21.671702418414547
1511886822394,Brightness_2,79.0
1511886828819,Temperature_1,24.84
1511886828823,Humidity_1,21.05510301541042
1511886828826,Brightness_1,74.0
1511886828829,Temperature_2,24.25
1511886828832,Humidity_2,21.671702418414547
1511886828835,Brightness_2,79.0
1511886830840,Sound_P,63.95233273361063
1511886830843,PodiumIR,90
1511886835290,Temperature_1,24.84
1511886835293,Humidity_1,21.05510301541042
1511886835296,Brightness_1,74.0
1511886835299,Temperature_2,24.25
1511886835301,Humidity_2,21.671702418414547
1511886835304,Brightness_2,79.0
1511886840846,Sound_P,63.26648240367583
1511886840862,PodiumIR,83
1511886841740,Temperature_1,24.84
1511886841743,Humidity_1,21.05510301541042
1511886841746,Brightness_1,74.0
1511886841748,Temperature_2,24.25
1511886841750,Humidity_2,21.671702418414547
1511886841753,Brightness_2,79.0
1511886848173,Temperature_1,24.84
1511886848176,Humidity_1,21.05510301541042
1511886848179,Brightness_1,74.0
1511886848182,Temperature_2,24.25
1511886848184,Humidity_2,21.671702418414547
1511886848187,Brightness_2,79.0
1511886850865,Sound_P,63.26648240367583
1511886850868,PodiumIR,66
1511886854579,Temperature_1,24.84
1511886854582,Humidity_1,21.05510301541042
1511886854585,Brightness_1,74.0
1511886854588,Temperature_2,24.25
1511886854590,Humidity_2,21.671702418414547
1511886854593,Brightness_2,79.0
1511886860871,Sound_P,63.26648240367583
1511886860874,PodiumIR,96
1511886860998,Temperature_1,24.84
1511886861001,Humidity_1,21.05510301541042
1511886861005,Brightness_1,74.0
1511886861007,Temperature_2,24.25
1511886861009,Humidity_2,21.671702418414547
1511886861012,Brightness_2,79.0
1511886867733,Temperature_1,24.84
1511886867736,Humidity_1,21.05510301541042
1511886867739,Brightness_1,70.0
1511886867741,Temperature_2,24.25
1511886867743,Humidity_2,21.671702418414547
1511886867746,Brightness_2,79.0
1511886870877,Sound_P,64.61127993529891
1511886870880,PodiumIR,85
1511886874202,Temperature_1,24.84
1511886874205,Humidity_1,21.05510301541042
1511886874209,Brightness_1,70.0
1511886874211,Temperature_2,24.25
1511886874213,Humidity_2,21.671702418414547
1511886874215,Brightness_2,79.0
1511886880608,Temperature_1,24.84
1511886880611,Humidity_1,21.05510301541042
1511886880614,Brightness_1,70.0
1511886880616,Temperature_2,24.25
1511886880619,Humidity_2,21.671702418414547
1511886880621,Brightness_2,79.0
1511886880883,Sound_P,65.24535518573873
1511886880886,PodiumIR,118
1511886887291,Temperature_1,24.84
1511886887294,Humidity_1,21.05510301541042
1511886887298,Brightness_1,70.0
1511886887300,Temperature_2,24.25
1511886887302,Humidity_2,21.671702418414547
1511886887304,Brightness_2,79.0
1511886890892,Sound_P,64.61127993529891
1511886890896,PodiumIR,82
1511886893699,Temperature_1,24.84
1511886893702,Humidity_1,21.05510301541042
1511886893705,Brightness_1,70.0
1511886893707,Temperature_2,24.25
1511886893710,Humidity_2,21.671702418414547
1511886893712,Brightness_2,79.0
1511886900402,Temperature_1,24.84
1511886900405,Humidity_1,21.05510301541042
1511886900409,Brightness_1,70.0
1511886900411,Temperature_2,24.25
1511886900414,Humidity_2,21.671702418414547
1511886900417,Brightness_2,79.0
1511886900899,Sound_P,63.26648240367583
1511886900902,PodiumIR,83
1511886906849,Temperature_1,24.84
1511886906853,Humidity_1,21.05510301541042
1511886906856,Brightness_1,70.0
1511886906859,Temperature_2,24.25
1511886906861,Humidity_2,21.671702418414547
1511886906863,Brightness_2,79.0
1511886910905,Sound_P,63.26648240367583
1511886910917,PodiumIR,86
1511886920925,Sound_P,63.95233273361063
1511886920928,PodiumIR,85
1511886928277,Temperature_1,24.84
1511886928280,Humidity_1,21.05510301541042
1511886928283,Brightness_1,70.0
1511886928286,Temperature_2,24.25
1511886928288,Humidity_2,21.671702418414547
1511886928291,Brightness_2,81.0
1511886930931,Sound_P,63.26648240367583
1511886930934,PodiumIR,60
1511886934688,Temperature_1,24.84
1511886934691,Humidity_1,21.05510301541042
1511886934694,Brightness_1,72.0
1511886934697,Temperature_2,24.25
1511886934699,Humidity_2,21.671702418414547
1511886934702,Brightness_2,81.0
1511886940937,Sound_P,62.551438321825636
1511886940941,PodiumIR,96
1511886941257,Temperature_1,24.84
1511886941260,Humidity_1,21.05510301541042
1511886941263,Brightness_1,72.0
1511886941265,Temperature_2,24.25
1511886941267,Humidity_2,21.671702418414547
1511886941270,Brightness_2,81.0
1511886947708,Temperature_1,24.84
1511886947711,Humidity_1,21.05510301541042
1511886947714,Brightness_1,72.0
1511886947717,Temperature_2,24.25
1511886947719,Humidity_2,21.671702418414547
1511886947722,Brightness_2,81.0
1511886950943,Sound_P,64.61127993529891
1511886950947,PodiumIR,92
1511886954401,Temperature_1,24.84
1511886954404,Humidity_1,21.05510301541042
1511886954408,Brightness_1,72.0
1511886954410,Temperature_2,24.25
1511886954413,Humidity_2,21.671702418414547
1511886954416,Brightness_2,81.0
1511886960816,Temperature_1,24.84
1511886960819,Humidity_1,21.05510301541042
1511886960822,Brightness_1,72.0
1511886960825,Temperature_2,24.25
1511886960827,Humidity_2,21.671702418414547
1511886960830,Brightness_2,81.0
1511886960956,Sound_P,63.95233273361063
1511886960959,PodiumIR,86
1511886967272,Temperature_1,24.84
1511886967275,Humidity_1,21.05510301541042
1511886967278,Brightness_1,72.0
1511886967280,Temperature_2,24.25
1511886967283,Humidity_2,21.671702418414547
1511886967285,Brightness_2,81.0
1511886970961,Sound_P,65.24535518573873
1511886970965,PodiumIR,103
1511886974025,Temperature_1,24.84
1511886974028,Humidity_1,21.05510301541042
1511886974031,Brightness_1,72.0
1511886974034,Temperature_2,24.25
1511886974036,Humidity_2,21.671702418414547
1511886974039,Brightness_2,81.0
1511886980427,Temperature_1,24.84
1511886980430,Humidity_1,21.05510301541042
1511886980433,Brightness_1,72.0
1511886980436,Temperature_2,24.25
1511886980438,Humidity_2,21.671702418414547
1511886980441,Brightness_2,84.0
1511886980967,Sound_P,64.61127993529891
1511886980970,PodiumIR,74
1511886987133,Temperature_1,24.84
1511886987136,Humidity_1,21.05510301541042
1511886987140,Brightness_1,72.0
1511886987142,Temperature_2,24.25
1511886987144,Humidity_2,21.671702418414547
1511886987147,Brightness_2,84.0
1511886990973,Sound_P,63.26648240367583
1511886990983,PodiumIR,88
1511886993637,Temperature_1,24.84
1511886993639,Humidity_1,21.05510301541042
1511886993643,Brightness_1,70.0
1511886993645,Temperature_2,24.25
1511886993648,Humidity_2,21.671702418414547
1511886993651,Brightness_2,84.0
1511887000342,Temperature_1,24.84
1511887000345,Humidity_1,21.05510301541042
1511887000348,Brightness_1,70.0
1511887000351,Temperature_2,24.25
1511887000353,Humidity_2,21.671702418414547
1511887000356,Brightness_2,84.0
1511887000986,Sound_P,63.95233273361063
1511887000989,PodiumIR,85
1511887006756,Temperature_1,24.84
1511887006759,Humidity_1,21.05510301541042
1511887006763,Brightness_1,70.0
1511887006765,Temperature_2,24.25
1511887006767,Humidity_2,21.671702418414547
1511887006770,Brightness_2,84.0
1511887010992,Sound_P,65.24535518573873
1511887010995,PodiumIR,88
1511887013162,Temperature_1,24.84
1511887013165,Humidity_1,21.05510301541042
1511887013168,Brightness_1,70.0
1511887013170,Temperature_2,24.25
1511887013173,Humidity_2,21.671702418414547
1511887013175,Brightness_2,84.0
1511887019901,Temperature_1,24.84
1511887019904,Humidity_1,21.05510301541042
1511887019908,Brightness_1,70.0
1511887019910,Temperature_2,24.25
1511887019912,Humidity_2,21.671702418414547
1511887019915,Brightness_2,84.0
1511887020998,Sound_P,64.61127993529891
1511887021001,PodiumIR,118
1511887026348,Temperature_1,24.84
1511887026351,Humidity_1,21.05510301541042
1511887026362,Brightness_1,70.0
1511887026365,Temperature_2,24.25
1511887026367,Humidity_2,21.671702418414547
1511887026370,Brightness_2,84.0
1511887031004,Sound_P,63.95233273361063
1511887031018,PodiumIR,74
1511887032766,Temperature_1,24.84
1511887032769,Humidity_1,21.05510301541042
1511887032773,Brightness_1,70.0
1511887032775,Temperature_2,24.25
1511887032777,Humidity_2,21.671702418414547
1511887032780,Brightness_2,84.0
1511887039467,Temperature_1,24.84
1511887039470,Humidity_1,21.05510301541042
1511887039473,Brightness_1,70.0
1511887039475,Temperature_2,24.25
1511887039478,Humidity_2,21.671702418414547
1511887039480,Brightness_2,84.0
1511887041021,Sound_P,65.24535518573873
1511887041024,PodiumIR,90
1511887045916,Temperature_1,24.84
1511887045919,Humidity_1,21.05510301541042
1511887045922,Brightness_1,70.0
1511887045925,Temperature_2,24.25
1511887045927,Humidity_2,21.671702418414547
1511887045930,Brightness_2,79.0
1511887051035,Sound_P,63.26648240367583
1511887051039,PodiumIR,91
1511887052371,Temperature_1,24.84
1511887052374,Humidity_1,21.05510301541042
1511887052377,Brightness_1,70.0
1511887052379,Temperature_2,24.25
1511887052382,Humidity_2,21.671702418414547
1511887052384,Brightness_2,79.0
1511887058817,Temperature_1,24.84
1511887058820,Humidity_1,21.05510301541042
1511887058823,Brightness_1,70.0
1511887058826,Temperature_2,24.25
1511887058828,Humidity_2,21.671702418414547
1511887058832,Brightness_2,79.0
1511887061041,Sound_P,63.26648240367583
1511887061044,PodiumIR,88
1511887065478,Temperature_1,24.84
1511887065481,Humidity_1,21.05510301541042
1511887065484,Brightness_1,70.0
1511887065487,Temperature_2,24.25
1511887065490,Humidity_2,21.671702418414547
1511887065493,Brightness_2,79.0
1511887071047,Sound_P,63.26648240367583
1511887071062,PodiumIR,91
1511887071921,Temperature_1,24.84
1511887071924,Humidity_1,21.05510301541042
1511887071927,Brightness_1,70.0
1511887071930,Temperature_2,24.25
1511887071932,Humidity_2,21.671702418414547
1511887071934,Brightness_2,79.0
1511887078372,Temperature_1,24.84
1511887078375,Humidity_1,21.05510301541042
1511887078379,Brightness_1,70.0
1511887078381,Temperature_2,24.25
1511887078383,Humidity_2,21.671702418414547
1511887078386,Brightness_2,79.0
1511887081065,Sound_P,63.95233273361063
1511887081069,PodiumIR,80
1511887085031,Temperature_1,24.84
1511887085034,Humidity_1,21.05510301541042
1511887085038,Brightness_1,70.0
1511887085040,Temperature_2,24.25
1511887085042,Humidity_2,21.671702418414547
1511887085044,Brightness_2,79.0
1511887091071,Sound_P,65.24535518573873
1511887091074,PodiumIR,95
1511887091478,Temperature_1,24.84
1511887091481,Humidity_1,21.05510301541042
1511887091484,Brightness_1,70.0
1511887091487,Temperature_2,24.25
1511887091489,Humidity_2,21.671702418414547
1511887091491,Brightness_2,79.0
1511887098139,Temperature_1,24.84
1511887098142,Humidity_1,21.05510301541042
1511887098145,Brightness_1,70.0
1511887098147,Temperature_2,24.25
1511887098150,Humidity_2,21.671702418414547
1511887098152,Brightness_2,79.0
1511887101077,Sound_P,64.61127993529891
1511887101081,PodiumIR,102
1511887104556,Temperature_1,24.84
1511887104559,Humidity_1,21.05510301541042
1511887104562,Brightness_1,70.0
1511887104565,Temperature_2,24.25
1511887104567,Humidity_2,21.671702418414547
1511887104570,Brightness_2,79.0
1511887111083,Sound_P,64.61127993529891
1511887111087,PodiumIR,131
1511887111110,Temperature_1,24.84
1511887111113,Humidity_1,21.05510301541042
1511887111117,Brightness_1,70.0
1511887111119,Temperature_2,24.25
1511887111121,Humidity_2,21.671702418414547
1511887111125,Brightness_2,80.0
1511887117805,Temperature_1,24.84
1511887117809,Humidity_1,21.05510301541042
1511887117812,Brightness_1,70.0
1511887117814,Temperature_2,24.25
1511887117817,Humidity_2,21.671702418414547
1511887117820,Brightness_2,80.0
1511887121099,Sound_P,63.26648240367583
1511887121102,PodiumIR,75
1511887124226,Temperature_1,24.84
1511887124229,Humidity_1,21.05510301541042
1511887124233,Brightness_1,70.0
1511887124235,Temperature_2,24.25
1511887124237,Humidity_2,21.671702418414547
1511887124240,Brightness_2,80.0
1511887130646,Temperature_1,24.84
1511887130649,Humidity_1,21.05510301541042
1511887130652,Brightness_1,70.0
1511887130654,Temperature_2,24.25
1511887130657,Humidity_2,21.671702418414547
1511887130659,Brightness_2,80.0
1511887131105,Sound_P,65.24535518573873
1511887131108,PodiumIR,89
1511887137365,Temperature_1,24.84
1511887137368,Humidity_1,21.05510301541042
1511887137371,Brightness_1,70.0
1511887137373,Temperature_2,24.25
1511887137375,Humidity_2,21.671702418414547
1511887137378,Brightness_2,80.0
1511887141111,Sound_P,63.95233273361063
1511887141114,PodiumIR,87
1511887143809,Temperature_1,24.84
1511887143811,Humidity_1,21.05510301541042
1511887143812,Brightness_1,70.0
1511887143814,Temperature_2,24.25
1511887143815,Humidity_2,21.671702418414547
1511887143818,Brightness_2,80.0
1511887150403,Temperature_1,24.84
1511887150406,Humidity_1,21.05510301541042
1511887150410,Brightness_1,70.0
1511887150413,Temperature_2,24.25
1511887150416,Humidity_2,21.671702418414547
1511887150419,Brightness_2,80.0
1511887151125,Sound_P,64.61127993529891
1511887151129,PodiumIR,106
1511887157121,Temperature_1,24.84
1511887157124,Humidity_1,21.05510301541042
1511887157128,Brightness_1,70.0
1511887157131,Temperature_2,24.25
1511887157133,Humidity_2,21.671702418414547
1511887157137,Brightness_2,80.0
1511887161131,Sound_P,62.551438321825636
1511887161135,PodiumIR,87
1511887163571,Temperature_1,24.84
1511887163574,Humidity_1,21.05510301541042
1511887163577,Brightness_1,70.0
1511887163580,Temperature_2,24.25
1511887163583,Humidity_2,21.671702418414547
1511887163586,Brightness_2,80.0
1511887170028,Temperature_1,24.84
1511887170031,Humidity_1,21.05510301541042
1511887170035,Brightness_1,70.0
1511887170038,Temperature_2,24.25
1511887170040,Humidity_2,21.671702418414547
1511887170044,Brightness_2,83.0
1511887171137,Sound_P,65.8563679754536
1511887171141,PodiumIR,86
1511887176486,Temperature_1,24.84
1511887176489,Humidity_1,21.05510301541042
1511887176492,Brightness_1,70.0
1511887176495,Temperature_2,24.25
1511887176498,Humidity_2,21.671702418414547
1511887176501,Brightness_2,83.0
1511887181143,Sound_P,63.26648240367583
1511887181166,PodiumIR,105
1511887182906,Temperature_1,24.84
1511887182909,Humidity_1,21.05510301541042
1511887182913,Brightness_1,70.0
1511887182915,Temperature_2,24.25
1511887182918,Humidity_2,21.671702418414547
1511887182921,Brightness_2,83.0
1511887189581,Temperature_1,24.84
1511887189584,Humidity_1,21.05510301541042
1511887189587,Brightness_1,76.0
1511887189590,Temperature_2,24.25
1511887189592,Humidity_2,21.671702418414547
1511887189595,Brightness_2,83.0
1511887191169,Sound_P,62.551438321825636
1511887191172,PodiumIR,74
1511887196034,Temperature_1,24.84
1511887196037,Humidity_1,21.05510301541042
1511887196041,Brightness_1,76.0
1511887196043,Temperature_2,24.25
1511887196046,Humidity_2,21.671702418414547
1511887196049,Brightness_2,83.0
1511887201175,Sound_P,63.26648240367583
1511887201183,PodiumIR,93
1511887202448,Temperature_1,24.84
1511887202451,Humidity_1,21.05510301541042
1511887202454,Brightness_1,76.0
1511887202457,Temperature_2,24.25
1511887202459,Humidity_2,21.671702418414547
1511887202462,Brightness_2,83.0
1511887209139,Temperature_1,24.84
1511887209142,Humidity_1,21.05510301541042
1511887209146,Brightness_1,76.0
1511887209148,Temperature_2,24.25
1511887209150,Humidity_2,21.671702418414547
1511887209154,Brightness_2,83.0
1511887211186,Sound_P,64.61127993529891
1511887211189,PodiumIR,91
1511887215795,Temperature_1,24.84
1511887215799,Humidity_1,21.05510301541042
1511887215802,Brightness_1,76.0
1511887215804,Temperature_2,24.25
1511887215807,Humidity_2,21.671702418414547
1511887215810,Brightness_2,83.0
1511887221191,Sound_P,63.95233273361063
1511887221203,PodiumIR,79
1511887222401,Temperature_1,24.84
1511887222404,Humidity_1,21.05510301541042
1511887222408,Brightness_1,76.0
1511887222411,Temperature_2,24.25
1511887222415,Humidity_2,21.671702418414547
1511887222418,Brightness_2,83.0
1511887229108,Temperature_1,24.84
1511887229111,Humidity_1,21.05510301541042
1511887229112,Brightness_1,76.0
1511887229114,Temperature_2,24.25
1511887229116,Humidity_2,21.671702418414547
1511887229119,Brightness_2,83.0
1511887231208,Sound_P,63.26648240367583
1511887231211,PodiumIR,87
1511887235560,Temperature_1,24.84
1511887235562,Humidity_1,21.05510301541042
1511887235566,Brightness_1,76.0
1511887235568,Temperature_2,24.25
1511887235570,Humidity_2,21.671702418414547
1511887235573,Brightness_2,81.0
1511887241214,Sound_P,62.551438321825636
1511887241221,PodiumIR,91
1511887241975,Temperature_1,24.84
1511887241978,Humidity_1,21.05510301541042
1511887241980,Brightness_1,76.0
1511887241982,Temperature_2,24.25
1511887241984,Humidity_2,21.671702418414547
1511887241986,Brightness_2,81.0
1511887248406,Temperature_1,24.84
1511887248411,Humidity_1,21.178422896011256
1511887248416,Brightness_1,70.0
1511887248419,Temperature_2,24.25
1511887248421,Humidity_2,21.671702418414547
1511887248424,Brightness_2,81.0
1511887251230,Sound_P,63.95233273361063
1511887251233,PodiumIR,105
1511887255118,Temperature_1,24.84
1511887255121,Humidity_1,21.178422896011256
1511887255124,Brightness_1,70.0
1511887255126,Temperature_2,24.25
1511887255128,Humidity_2,21.671702418414547
1511887255131,Brightness_2,81.0
1511887261236,Sound_P,65.24535518573873
1511887261239,PodiumIR,64
1511887261877,Temperature_1,24.84
1511887261880,Humidity_1,21.178422896011256
1511887261883,Brightness_1,70.0
1511887261885,Temperature_2,24.25
1511887261888,Humidity_2,21.671702418414547
1511887261890,Brightness_2,81.0
1511887268404,Temperature_1,24.84
1511887268408,Humidity_1,21.178422896011256
1511887268414,Brightness_1,70.0
1511887268418,Temperature_2,24.25
1511887268421,Humidity_2,21.671702418414547
1511887268424,Brightness_2,81.0
1511887271241,Sound_P,63.95233273361063
1511887271245,PodiumIR,86
1511887275090,Temperature_1,24.84
1511887275093,Humidity_1,21.178422896011256
1511887275096,Brightness_1,70.0
1511887275099,Temperature_2,24.25
1511887275101,Humidity_2,21.671702418414547
1511887275103,Brightness_2,81.0
1511887281247,Sound_P,63.95233273361063
1511887281251,PodiumIR,76
1511887281747,Temperature_1,24.84
1511887281750,Humidity_1,21.178422896011256
1511887281753,Brightness_1,70.0
1511887281756,Temperature_2,24.25
1511887281758,Humidity_2,21.671702418414547
1511887281761,Brightness_2,81.0
1511887288220,Temperature_1,24.84
1511887288223,Humidity_1,21.178422896011256
1511887288226,Brightness_1,70.0
1511887288229,Temperature_2,24.25
1511887288231,Humidity_2,21.671702418414547
1511887288233,Brightness_2,81.0
1511887291253,Sound_P,65.24535518573873
1511887291257,PodiumIR,96
1511887294734,Temperature_1,24.84
1511887294737,Humidity_1,21.178422896011256
1511887294741,Brightness_1,70.0
1511887294744,Temperature_2,24.25
1511887294747,Humidity_2,21.671702418414547
1511887294749,Brightness_2,81.0
1511887301186,Temperature_1,24.84
1511887301189,Humidity_1,21.178422896011256
1511887301193,Brightness_1,70.0
1511887301195,Temperature_2,24.25
1511887301197,Humidity_2,21.671702418414547
1511887301200,Brightness_2,81.0
1511887301259,Sound_P,64.61127993529891
1511887301263,PodiumIR,125
1511887307650,Temperature_1,24.84
1511887307653,Humidity_1,21.178422896011256
1511887307656,Brightness_1,70.0
1511887307658,Temperature_2,24.25
1511887307660,Humidity_2,21.671702418414547
1511887307664,Brightness_2,81.0
1511887311265,Sound_P,63.26648240367583
1511887311269,PodiumIR,87
1511887314306,Temperature_1,24.84
1511887314309,Humidity_1,21.178422896011256
1511887314312,Brightness_1,70.0
1511887314314,Temperature_2,24.25
1511887314317,Humidity_2,21.671702418414547
1511887314319,Brightness_2,81.0
1511887320727,Temperature_1,24.84
1511887320730,Humidity_1,21.178422896011256
1511887320733,Brightness_1,70.0
1511887320735,Temperature_2,24.25
1511887320737,Humidity_2,21.671702418414547
1511887320739,Brightness_2,81.0
1511887321272,Sound_P,64.61127993529891
1511887321282,PodiumIR,94
1511887327413,Temperature_1,24.84
1511887327416,Humidity_1,21.178422896011256
1511887327420,Brightness_1,70.0
1511887327422,Temperature_2,24.25
1511887327424,Humidity_2,21.671702418414547
1511887327427,Brightness_2,81.0
1511887331284,Sound_P,63.26648240367583
1511887331293,PodiumIR,83
1511887333807,Temperature_1,24.84
1511887333810,Humidity_1,21.178422896011256
1511887333813,Brightness_1,70.0
1511887333815,Temperature_2,24.25
1511887333818,Humidity_2,21.671702418414547
1511887333821,Brightness_2,81.0
1511887340227,Temperature_1,24.84
1511887340230,Humidity_1,21.178422896011256
1511887340233,Brightness_1,70.0
1511887340236,Temperature_2,24.25
1511887340238,Humidity_2,21.671702418414547
1511887340240,Brightness_2,81.0
1511887341298,Sound_P,64.61127993529891
1511887341301,PodiumIR,72
1511887346628,Temperature_1,24.84
1511887346631,Humidity_1,21.178422896011256
1511887346634,Brightness_1,70.0
1511887346637,Temperature_2,24.25
1511887346639,Humidity_2,21.671702418414547
1511887346642,Brightness_2,81.0
1511887351304,Sound_P,65.24535518573873
1511887351307,PodiumIR,76
1511887353059,Temperature_1,24.84
1511887353062,Humidity_1,21.178422896011256
1511887353065,Brightness_1,70.0
1511887353068,Temperature_2,24.25
1511887353070,Humidity_2,21.671702418414547
1511887353073,Brightness_2,81.0
1511887359773,Temperature_1,24.84
1511887359776,Humidity_1,21.178422896011256
1511887359779,Brightness_1,70.0
1511887359782,Temperature_2,24.25
1511887359784,Humidity_2,21.671702418414547
1511887359786,Brightness_2,79.0
1511887361310,Sound_P,63.26648240367583
1511887361313,PodiumIR,92
1511887366229,Temperature_1,24.84
1511887366232,Humidity_1,21.178422896011256
1511887366235,Brightness_1,70.0
1511887366237,Temperature_2,24.25
1511887366240,Humidity_2,21.671702418414547
1511887366243,Brightness_2,79.0
1511887371316,Sound_P,63.95233273361063
1511887371323,PodiumIR,120
1511887372628,Temperature_1,24.84
1511887372631,Humidity_1,21.178422896011256
1511887372634,Brightness_1,70.0
1511887372637,Temperature_2,24.25
1511887372639,Humidity_2,21.671702418414547
1511887372642,Brightness_2,79.0
1511887379331,Temperature_1,24.84
1511887379334,Humidity_1,21.05510301541042
1511887379337,Brightness_1,70.0
1511887379340,Temperature_2,24.25
1511887379342,Humidity_2,21.671702418414547
1511887379344,Brightness_2,79.0
1511887381333,Sound_P,64.61127993529891
1511887381337,PodiumIR,83
1511887385783,Temperature_1,24.84
1511887385786,Humidity_1,21.05510301541042
1511887385789,Brightness_1,70.0
1511887385791,Temperature_2,24.25
1511887385794,Humidity_2,21.671702418414547
1511887385796,Brightness_2,79.0
1511887391339,Sound_P,64.61127993529891
1511887391342,PodiumIR,91
1511887392196,Temperature_1,24.84
1511887392199,Humidity_1,21.05510301541042
1511887392202,Brightness_1,70.0
1511887392205,Temperature_2,24.25
1511887392207,Humidity_2,21.671702418414547
1511887392210,Brightness_2,79.0
1511887398615,Temperature_1,24.84
1511887398618,Humidity_1,21.05510301541042
1511887398621,Brightness_1,70.0
1511887398624,Temperature_2,24.25
1511887398626,Humidity_2,21.671702418414547
1511887398629,Brightness_2,79.0
1511887401345,Sound_P,61.80460425887306
1511887401348,PodiumIR,85
1511887405238,Temperature_1,24.84
1511887405241,Humidity_1,21.05510301541042
1511887405244,Brightness_1,70.0
1511887405247,Temperature_2,24.25
1511887405249,Humidity_2,21.671702418414547
1511887405252,Brightness_2,79.0
1511887411360,Sound_P,64.61127993529891
1511887411364,PodiumIR,102
1511887412001,Temperature_1,24.84
1511887412004,Humidity_1,21.05510301541042
1511887412008,Brightness_1,70.0
1511887412010,Temperature_2,24.25
1511887412012,Humidity_2,21.671702418414547
1511887412015,Brightness_2,79.0
1511887418406,Temperature_1,24.84
1511887418408,Humidity_1,21.05510301541042
1511887418411,Brightness_1,70.0
1511887418414,Temperature_2,24.25
1511887418416,Humidity_2,21.671702418414547
1511887418418,Brightness_2,79.0
1511887421366,Sound_P,65.8563679754536
1511887421370,PodiumIR,81
1511887425104,Temperature_1,24.84
1511887425108,Humidity_1,21.05510301541042
1511887425111,Brightness_1,70.0
1511887425113,Temperature_2,24.25
1511887425115,Humidity_2,21.671702418414547
1511887425118,Brightness_2,79.0
1511887431372,Sound_P,64.61127993529891
1511887431376,PodiumIR,89
1511887431863,Temperature_1,24.84
1511887431866,Humidity_1,21.05510301541042
1511887431869,Brightness_1,70.0
1511887431872,Temperature_2,24.25
1511887431874,Humidity_2,21.671702418414547
1511887431877,Brightness_2,79.0
1511887438403,Temperature_1,24.84
1511887438406,Humidity_1,21.05510301541042
1511887438410,Brightness_1,70.0
1511887438412,Temperature_2,24.25
1511887438416,Humidity_2,21.671702418414547
1511887438419,Brightness_2,79.0
1511887441379,Sound_P,65.24535518573873
1511887441382,PodiumIR,83
1511887445073,Temperature_1,24.84
1511887445076,Humidity_1,21.178422896011256
1511887445079,Brightness_1,73.0
1511887445081,Temperature_2,24.25
1511887445082,Humidity_2,21.671702418414547
1511887445084,Brightness_2,79.0
1511887451384,Sound_P,63.26648240367583
1511887451388,PodiumIR,87
1511887451496,Temperature_1,24.84
1511887451499,Humidity_1,21.178422896011256
1511887451502,Brightness_1,73.0
1511887451504,Temperature_2,24.25
1511887451506,Humidity_2,21.671702418414547
1511887451509,Brightness_2,79.0
1511887458184,Temperature_1,24.84
1511887458187,Humidity_1,21.178422896011256
1511887458190,Brightness_1,73.0
1511887458192,Temperature_2,24.25
1511887458195,Humidity_2,21.671702418414547
1511887458197,Brightness_2,79.0
1511887461390,Sound_P,63.26648240367583
1511887461394,PodiumIR,88
1511887464590,Temperature_1,24.84
1511887464593,Humidity_1,21.178422896011256
1511887464596,Brightness_1,73.0
1511887464599,Temperature_2,24.25
1511887464601,Humidity_2,21.671702418414547
1511887464604,Brightness_2,79.0
1511887471290,Temperature_1,24.84
1511887471293,Humidity_1,21.178422896011256
1511887471296,Brightness_1,73.0
1511887471299,Temperature_2,24.25
1511887471301,Humidity_2,21.671702418414547
1511887471304,Brightness_2,79.0
1511887471396,Sound_P,63.26648240367583
1511887471399,PodiumIR,85
1511887477708,Temperature_1,24.84
1511887477711,Humidity_1,21.178422896011256
1511887477714,Brightness_1,73.0
1511887477717,Temperature_2,24.25
1511887477719,Humidity_2,21.671702418414547
1511887477721,Brightness_2,79.0
1511887481401,Sound_P,63.95233273361063
1511887481405,PodiumIR,81
1511887484401,Temperature_1,24.84
1511887484404,Humidity_1,21.178422896011256
1511887484407,Brightness_1,73.0
1511887484410,Temperature_2,24.25
1511887484413,Humidity_2,21.671702418414547
1511887484417,Brightness_2,79.0
1511887490846,Temperature_1,24.84
1511887490850,Humidity_1,21.178422896011256
1511887490853,Brightness_1,73.0
1511887490856,Temperature_2,24.25
1511887490858,Humidity_2,21.671702418414547
1511887490862,Brightness_2,80.0
1511887491407,Sound_P,63.26648240367583
1511887491411,PodiumIR,85
1511887497502,Temperature_1,24.84
1511887497506,Humidity_1,21.178422896011256
1511887497509,Brightness_1,73.0
1511887497512,Temperature_2,24.25
1511887497515,Humidity_2,21.671702418414547
1511887497518,Brightness_2,80.0
1511887501413,Sound_P,62.551438321825636
1511887501417,PodiumIR,91
1511887504159,Temperature_1,24.84
1511887504162,Humidity_1,21.05510301541042
1511887504165,Brightness_1,75.0
1511887504168,Temperature_2,24.25
1511887504171,Humidity_2,21.671702418414547
1511887504174,Brightness_2,80.0
1511887510555,Temperature_1,24.84
1511887510558,Humidity_1,21.05510301541042
1511887510561,Brightness_1,75.0
1511887510564,Temperature_2,24.25
1511887510567,Humidity_2,21.671702418414547
1511887510573,Brightness_2,80.0
1511887511422,Sound_P,63.26648240367583
1511887511426,PodiumIR,88
1511887517271,Temperature_1,24.84
1511887517276,Humidity_1,21.05510301541042
1511887517279,Brightness_1,75.0
1511887517282,Temperature_2,24.25
1511887517287,Humidity_2,21.671702418414547
1511887517290,Brightness_2,80.0
1511887521428,Sound_P,63.26648240367583
1511887521432,PodiumIR,86
1511887523927,Temperature_1,24.84
1511887523930,Humidity_1,21.05510301541042
1511887523935,Brightness_1,75.0
1511887523938,Temperature_2,24.25
1511887523940,Humidity_2,21.671702418414547
1511887523946,Brightness_2,80.0
1511887531434,Sound_P,64.61127993529891
1511887531438,PodiumIR,74
1511887534355,Temperature_1,24.84
1511887534361,Humidity_1,21.05510301541042
1511887534364,Brightness_1,75.0
1511887534366,Temperature_2,24.25
1511887534368,Humidity_2,21.671702418414547
1511887534372,Brightness_2,80.0
1511887540776,Temperature_1,24.84
1511887540779,Humidity_1,21.05510301541042
1511887540782,Brightness_1,75.0
1511887540785,Temperature_2,24.25
1511887540787,Humidity_2,21.671702418414547
1511887540790,Brightness_2,80.0
1511887541441,Sound_P,63.26648240367583
1511887541444,PodiumIR,91
1511887547474,Temperature_1,24.84
1511887547478,Humidity_1,21.05510301541042
1511887547481,Brightness_1,75.0
1511887547483,Temperature_2,24.25
1511887547485,Humidity_2,21.671702418414547
1511887547488,Brightness_2,80.0
1511887551447,Sound_P,63.26648240367583
1511887551450,PodiumIR,111
1511887553926,Temperature_1,24.84
1511887553929,Humidity_1,21.05510301541042
1511887553932,Brightness_1,75.0
1511887553935,Temperature_2,24.25
1511887553937,Humidity_2,21.671702418414547
1511887553940,Brightness_2,79.0
1511887560400,Temperature_1,24.84
1511887560403,Humidity_1,21.05510301541042
1511887560406,Brightness_1,75.0
1511887560409,Temperature_2,24.25
1511887560411,Humidity_2,21.671702418414547
1511887560416,Brightness_2,79.0
1511887561453,Sound_P,65.24535518573873
1511887561456,PodiumIR,103
1511887566829,Temperature_1,24.84
1511887566832,Humidity_1,21.178422896011256
1511887566835,Brightness_1,74.0
1511887566838,Temperature_2,24.25
1511887566840,Humidity_2,21.671702418414547
1511887566842,Brightness_2,79.0
1511887571459,Sound_P,61.80460425887306
1511887571462,PodiumIR,91
1511887573590,Temperature_1,24.84
1511887573592,Humidity_1,21.178422896011256
1511887573596,Brightness_1,74.0
1511887573598,Temperature_2,24.25
1511887573600,Humidity_2,21.671702418414547
1511887573604,Brightness_2,79.0
1511887580038,Temperature_1,24.84
1511887580041,Humidity_1,21.178422896011256
1511887580044,Brightness_1,74.0
1511887580047,Temperature_2,24.25
1511887580049,Humidity_2,21.671702418414547
1511887580052,Brightness_2,79.0
1511887581465,Sound_P,65.24535518573873
1511887581468,PodiumIR,93
1511887586480,Temperature_1,24.84
1511887586483,Humidity_1,21.178422896011256
1511887586486,Brightness_1,74.0
1511887586489,Temperature_2,24.25
1511887586491,Humidity_2,21.671702418414547
1511887586494,Brightness_2,79.0
1511887591471,Sound_P,63.95233273361063
1511887591474,PodiumIR,98
1511887592884,Temperature_1,24.84
1511887592887,Humidity_1,21.178422896011256
1511887592890,Brightness_1,74.0
1511887592892,Temperature_2,24.25
1511887592894,Humidity_2,21.671702418414547
1511887592897,Brightness_2,79.0
1511887599598,Temperature_1,24.84
1511887599600,Humidity_1,21.178422896011256
1511887599604,Brightness_1,74.0
1511887599607,Temperature_2,24.25
1511887599609,Humidity_2,21.671702418414547
1511887599613,Brightness_2,79.0
1511887601491,Sound_P,64.61127993529891
1511887601494,PodiumIR,72
1511887606355,Temperature_1,24.84
1511887606358,Humidity_1,21.178422896011256
1511887606362,Brightness_1,74.0
1511887606365,Temperature_2,24.25
1511887606367,Humidity_2,21.671702418414547
1511887606371,Brightness_2,79.0
1511887611504,Sound_P,62.551438321825636
1511887611526,PodiumIR,90
1511887612774,Temperature_1,24.84
1511887612777,Humidity_1,21.178422896011256
1511887612780,Brightness_1,74.0
1511887612783,Temperature_2,24.25
1511887612785,Humidity_2,21.671702418414547
1511887612787,Brightness_2,79.0
1511887619463,Temperature_1,24.84
1511887619466,Humidity_1,21.178422896011256
1511887619470,Brightness_1,74.0
1511887619472,Temperature_2,24.25
1511887619474,Humidity_2,21.671702418414547
1511887619476,Brightness_2,79.0
1511887621529,Sound_P,63.26648240367583
1511887621532,PodiumIR,83
1511887625902,Temperature_1,24.84
1511887625905,Humidity_1,21.178422896011256
1511887625910,Brightness_1,74.0
1511887625912,Temperature_2,24.25
1511887625915,Humidity_2,21.671702418414547
1511887625919,Brightness_2,79.0
1511887631535,Sound_P,65.24535518573873
1511887631539,PodiumIR,87
1511887632404,Temperature_1,24.72
1511887632407,Humidity_1,21.178422896011256
1511887632412,Brightness_1,73.0
1511887632415,Temperature_2,24.25
1511887632418,Humidity_2,21.671702418414547
1511887632422,Brightness_2,79.0
1511887638820,Temperature_1,24.72
1511887638823,Humidity_1,21.178422896011256
1511887638827,Brightness_1,73.0
1511887638830,Temperature_2,24.25
1511887638833,Humidity_2,21.671702418414547
1511887638837,Brightness_2,79.0
1511887641541,Sound_P,63.26648240367583
1511887641544,PodiumIR,90
1511887645582,Temperature_1,24.72
1511887645586,Humidity_1,21.178422896011256
1511887645590,Brightness_1,73.0
1511887645593,Temperature_2,24.25
1511887645596,Humidity_2,21.671702418414547
1511887645600,Brightness_2,79.0
1511887651547,Sound_P,63.95233273361063
1511887651551,PodiumIR,92
1511887652027,Temperature_1,24.72
1511887652030,Humidity_1,21.178422896011256
1511887652034,Brightness_1,73.0
1511887652037,Temperature_2,24.25
1511887652040,Humidity_2,21.671702418414547
1511887652044,Brightness_2,79.0
1511887658449,Temperature_1,24.72
1511887658452,Humidity_1,21.178422896011256
1511887658456,Brightness_1,73.0
1511887658459,Temperature_2,24.25
1511887658462,Humidity_2,21.671702418414547
1511887658464,Brightness_2,79.0
1511887661553,Sound_P,64.61127993529891
1511887661557,PodiumIR,118
1511887665134,Temperature_1,24.72
1511887665137,Humidity_1,21.178422896011256
1511887665142,Brightness_1,73.0
1511887665144,Temperature_2,24.25
1511887665147,Humidity_2,21.671702418414547
1511887665151,Brightness_2,79.0
1511887671559,Sound_P,62.551438321825636
1511887671562,PodiumIR,80
1511887671591,Temperature_1,24.72
1511887671593,Humidity_1,21.178422896011256
1511887671595,Brightness_1,73.0
1511887671596,Temperature_2,24.25
1511887671600,Humidity_2,21.671702418414547
1511887671603,Brightness_2,79.0
1511887678040,Temperature_1,24.72
1511887678043,Humidity_1,21.178422896011256
1511887678046,Brightness_1,73.0
1511887678049,Temperature_2,24.25
1511887678051,Humidity_2,21.671702418414547
1511887678053,Brightness_2,79.0
1511887681574,Sound_P,65.8563679754536
1511887681577,PodiumIR,79
1511887684465,Temperature_1,24.72
1511887684468,Humidity_1,21.178422896011256
1511887684471,Brightness_1,73.0
1511887684473,Temperature_2,24.25
1511887684475,Humidity_2,21.671702418414547
1511887684479,Brightness_2,79.0
1511887691246,Temperature_1,24.72
1511887691249,Humidity_1,21.178422896011256
1511887691253,Brightness_1,73.0
1511887691255,Temperature_2,24.25
1511887691257,Humidity_2,21.671702418414547
1511887691259,Brightness_2,79.0
1511887691580,Sound_P,63.95233273361063
1511887691583,PodiumIR,93
1511887697902,Temperature_1,24.84
1511887697905,Humidity_1,21.05510301541042
1511887697909,Brightness_1,70.0
1511887697911,Temperature_2,24.25
1511887697913,Humidity_2,21.671702418414547
1511887697915,Brightness_2,79.0
1511887701586,Sound_P,63.95233273361063
1511887701589,PodiumIR,77
1511887704399,Temperature_1,24.84
1511887704402,Humidity_1,21.05510301541042
1511887704406,Brightness_1,70.0
1511887704409,Temperature_2,24.25
1511887704411,Humidity_2,21.671702418414547
1511887704416,Brightness_2,79.0
1511887710813,Temperature_1,24.84
1511887710816,Humidity_1,21.05510301541042
1511887710820,Brightness_1,70.0
1511887710822,Temperature_2,24.25
1511887710824,Humidity_2,21.671702418414547
1511887710827,Brightness_2,79.0
1511887711592,Sound_P,64.61127993529891
1511887711595,PodiumIR,83
1511887717292,Temperature_1,24.84
1511887717295,Humidity_1,21.05510301541042
1511887717298,Brightness_1,70.0
1511887717300,Temperature_2,24.25
1511887717303,Humidity_2,21.671702418414547
1511887717305,Brightness_2,79.0
1511887721598,Sound_P,62.551438321825636
1511887721601,PodiumIR,112
1511887723694,Temperature_1,24.84
1511887723697,Humidity_1,21.05510301541042
1511887723700,Brightness_1,70.0
1511887723703,Temperature_2,24.25
1511887723705,Humidity_2,21.671702418414547
1511887723707,Brightness_2,79.0
1511887730367,Temperature_1,24.84
1511887730370,Humidity_1,21.05510301541042
1511887730374,Brightness_1,70.0
1511887730376,Temperature_2,24.25
1511887730379,Humidity_2,21.671702418414547
1511887730383,Brightness_2,79.0
1511887731604,Sound_P,65.24535518573873
1511887731613,PodiumIR,66
1511887737020,Temperature_1,24.84
1511887737023,Humidity_1,21.05510301541042
1511887737026,Brightness_1,70.0
1511887737029,Temperature_2,24.25
1511887737032,Humidity_2,21.671702418414547
1511887737035,Brightness_2,79.0
1511887741618,Sound_P,64.61127993529891
1511887741621,PodiumIR,91
1511887743471,Temperature_1,24.84
1511887743475,Humidity_1,21.05510301541042
1511887743478,Brightness_1,70.0
1511887743481,Temperature_2,24.25
1511887743484,Humidity_2,21.671702418414547
1511887743488,Brightness_2,80.0
1511887749924,Temperature_1,24.84
1511887749928,Humidity_1,21.05510301541042
1511887749931,Brightness_1,70.0
1511887749934,Temperature_2,24.25
1511887749937,Humidity_2,21.671702418414547
1511887749940,Brightness_2,80.0
1511887751624,Sound_P,63.26648240367583
1511887751627,PodiumIR,121
1511887756941,Temperature_1,24.84
1511887756944,Humidity_1,21.178422896011256
1511887756946,Brightness_1,72.0
1511887756949,Temperature_2,24.25
1511887756951,Humidity_2,21.671702418414547
1511887756954,Brightness_2,80.0
1511887761630,Sound_P,63.26648240367583
1511887761633,PodiumIR,81
1511887763351,Temperature_1,24.84
1511887763354,Humidity_1,21.178422896011256
1511887763358,Brightness_1,72.0
1511887763360,Temperature_2,24.25
1511887763363,Humidity_2,21.671702418414547
1511887763365,Brightness_2,80.0
1511887769790,Temperature_1,24.84
1511887769793,Humidity_1,21.178422896011256
1511887769797,Brightness_1,72.0
1511887769799,Temperature_2,24.25
1511887769802,Humidity_2,21.671702418414547
1511887769805,Brightness_2,80.0
1511887771636,Sound_P,62.551438321825636
1511887771639,PodiumIR,97
1511887776240,Temperature_1,24.84
1511887776243,Humidity_1,21.178422896011256
1511887776246,Brightness_1,72.0
1511887776249,Temperature_2,24.25
1511887776251,Humidity_2,21.671702418414547
1511887776254,Brightness_2,80.0
1511887781642,Sound_P,64.61127993529891
1511887781645,PodiumIR,89
1511887782648,Temperature_1,24.84
1511887782651,Humidity_1,21.178422896011256
1511887782658,Brightness_1,72.0
1511887782661,Temperature_2,24.25
1511887782663,Humidity_2,21.671702418414547
1511887782665,Brightness_2,80.0
1511887789349,Temperature_1,24.84
1511887789352,Humidity_1,21.178422896011256
1511887789355,Brightness_1,72.0
1511887789358,Temperature_2,24.25
1511887789360,Humidity_2,21.671702418414547
1511887789363,Brightness_2,80.0
1511887791648,Sound_P,63.26648240367583
1511887791651,PodiumIR,77
1511887796109,Temperature_1,24.84
1511887796112,Humidity_1,21.178422896011256
1511887796115,Brightness_1,72.0
1511887796118,Temperature_2,24.25
1511887796120,Humidity_2,21.671702418414547
1511887796122,Brightness_2,80.0
1511887801654,Sound_P,64.61127993529891
1511887801657,PodiumIR,93
1511887802518,Temperature_1,24.84
1511887802521,Humidity_1,21.178422896011256
1511887802525,Brightness_1,72.0
1511887802527,Temperature_2,24.25
1511887802530,Humidity_2,21.671702418414547
1511887802533,Brightness_2,80.0
1511887811660,Sound_P,62.551438321825636
1511887811663,PodiumIR,77
1511887811931,Temperature_1,24.84
1511887811933,Humidity_1,21.178422896011256
1511887811935,Brightness_1,72.0
1511887811947,Temperature_2,24.13
1511887811951,Humidity_2,21.671702418414547
1511887811953,Brightness_2,81.0
1511887818400,Temperature_1,24.84
1511887818403,Humidity_1,21.178422896011256
1511887818406,Brightness_1,72.0
1511887818409,Temperature_2,24.13
1511887818411,Humidity_2,21.671702418414547
1511887818414,Brightness_2,81.0
1511887821669,Sound_P,63.26648240367583
1511887821672,PodiumIR,90
1511887825085,Temperature_1,24.84
1511887825088,Humidity_1,21.178422896011256
1511887825092,Brightness_1,73.0
1511887825094,Temperature_2,24.13
1511887825096,Humidity_2,21.671702418414547
1511887825099,Brightness_2,81.0
1511887831538,Temperature_1,24.84
1511887831541,Humidity_1,21.178422896011256
1511887831545,Brightness_1,73.0
1511887831548,Temperature_2,24.13
1511887831551,Humidity_2,21.671702418414547
1511887831554,Brightness_2,81.0
1511887831675,Sound_P,64.61127993529891
1511887831678,PodiumIR,90
1511887838193,Temperature_1,24.84
1511887838197,Humidity_1,21.178422896011256
1511887838200,Brightness_1,73.0
1511887838203,Temperature_2,24.13
1511887838206,Humidity_2,21.671702418414547
1511887838209,Brightness_2,81.0
1511887841680,Sound_P,64.61127993529891
1511887841684,PodiumIR,83
1511887844600,Temperature_1,24.84
1511887844603,Humidity_1,21.178422896011256
1511887844605,Brightness_1,73.0
1511887844608,Temperature_2,24.13
1511887844611,Humidity_2,21.671702418414547
1511887844613,Brightness_2,81.0
1511887851301,Temperature_1,24.84
1511887851304,Humidity_1,21.178422896011256
1511887851307,Brightness_1,73.0
1511887851310,Temperature_2,24.13
1511887851312,Humidity_2,21.671702418414547
1511887851315,Brightness_2,81.0
1511887851686,Sound_P,63.26648240367583
1511887851689,PodiumIR,90
1511887857752,Temperature_1,24.84
1511887857754,Humidity_1,21.178422896011256
1511887857758,Brightness_1,73.0
1511887857761,Temperature_2,24.13
1511887857769,Humidity_2,21.671702418414547
1511887857771,Brightness_2,81.0
1511887861692,Sound_P,62.551438321825636
1511887861695,PodiumIR,75
1511887864203,Temperature_1,24.84
1511887864206,Humidity_1,21.178422896011256
1511887864210,Brightness_1,73.0
1511887864212,Temperature_2,24.13
1511887864214,Humidity_2,21.671702418414547
1511887864218,Brightness_2,81.0
1511887870611,Temperature_1,24.84
1511887870614,Humidity_1,21.178422896011256
1511887870618,Brightness_1,73.0
1511887870620,Temperature_2,24.13
1511887870622,Humidity_2,21.918342179616197
1511887870625,Brightness_2,84.0
1511887871698,Sound_P,64.61127993529891
1511887871701,PodiumIR,91
1511887877311,Temperature_1,24.84
1511887877314,Humidity_1,21.178422896011256
1511887877317,Brightness_1,73.0
1511887877320,Temperature_2,24.13
1511887877322,Humidity_2,21.918342179616197
1511887877325,Brightness_2,84.0
1511887881704,Sound_P,65.8563679754536
1511887881707,PodiumIR,77
1511887883762,Temperature_1,24.72
1511887883765,Humidity_1,21.05510301541042
1511887883768,Brightness_1,75.0
1511887883771,Temperature_2,24.13
1511887883773,Humidity_2,21.918342179616197
1511887883777,Brightness_2,84.0
1511887890399,Temperature_1,24.72
1511887890402,Humidity_1,21.05510301541042
1511887890405,Brightness_1,75.0
1511887890408,Temperature_2,24.13
1511887890411,Humidity_2,21.918342179616197
1511887890414,Brightness_2,84.0
1511887891710,Sound_P,62.551438321825636
1511887891720,PodiumIR,137
1511887897074,Temperature_1,24.72
1511887897077,Humidity_1,21.05510301541042
1511887897080,Brightness_1,75.0
1511887897083,Temperature_2,24.13
1511887897085,Humidity_2,21.918342179616197
1511887897088,Brightness_2,84.0
1511887901723,Sound_P,64.61127993529891
1511887901726,PodiumIR,101
1511887903480,Temperature_1,24.72
1511887903483,Humidity_1,21.05510301541042
1511887903486,Brightness_1,75.0
1511887903489,Temperature_2,24.13
1511887903491,Humidity_2,21.918342179616197
1511887903494,Brightness_2,84.0
1511887910181,Temperature_1,24.72
1511887910184,Humidity_1,21.05510301541042
1511887910188,Brightness_1,75.0
1511887910190,Temperature_2,24.13
1511887910193,Humidity_2,21.918342179616197
1511887910195,Brightness_2,84.0
1511887911728,Sound_P,63.26648240367583
1511887911732,PodiumIR,91
1511887916610,Temperature_1,24.72
1511887916613,Humidity_1,21.05510301541042
1511887916617,Brightness_1,75.0
1511887916619,Temperature_2,24.13
1511887916621,Humidity_2,21.918342179616197
1511887916625,Brightness_2,84.0
1511887921734,Sound_P,62.551438321825636
1511887921749,PodiumIR,105
1511887923293,Temperature_1,24.72
1511887923296,Humidity_1,21.05510301541042
1511887923300,Brightness_1,75.0
1511887923302,Temperature_2,24.13
1511887923305,Humidity_2,21.918342179616197
1511887923308,Brightness_2,84.0
1511887930150,Temperature_1,24.72
1511887930153,Humidity_1,21.05510301541042
1511887930156,Brightness_1,75.0
1511887930159,Temperature_2,24.13
1511887930161,Humidity_2,21.918342179616197
1511887930165,Brightness_2,84.0
1511887931751,Sound_P,63.26648240367583
1511887931755,PodiumIR,90
1511887936561,Temperature_1,24.72
1511887936564,Humidity_1,21.05510301541042
1511887936567,Brightness_1,75.0
1511887936570,Temperature_2,24.13
1511887936572,Humidity_2,21.671702418414547
1511887936575,Brightness_2,82.0
1511887941757,Sound_P,63.26648240367583
1511887941770,PodiumIR,88
1511887943257,Temperature_1,24.72
1511887943260,Humidity_1,21.05510301541042
1511887943264,Brightness_1,75.0
1511887943266,Temperature_2,24.13
1511887943269,Humidity_2,21.671702418414547
1511887943272,Brightness_2,82.0
1511887949708,Temperature_1,24.84
1511887949711,Humidity_1,21.178422896011256
1511887949715,Brightness_1,74.0
1511887949717,Temperature_2,24.13
1511887949720,Humidity_2,21.671702418414547
1511887949723,Brightness_2,82.0
1511887951778,Sound_P,63.95233273361063
1511887951781,PodiumIR,103
1511887956399,Temperature_1,24.84
1511887956402,Humidity_1,21.178422896011256
1511887956406,Brightness_1,74.0
1511887956408,Temperature_2,24.13
1511887956411,Humidity_2,21.671702418414547
1511887956414,Brightness_2,82.0
1511887961784,Sound_P,64.61127993529891
1511887961793,PodiumIR,91
1511887963123,Temperature_1,24.84
1511887963126,Humidity_1,21.178422896011256
1511887963129,Brightness_1,74.0
1511887963132,Temperature_2,24.13
1511887963134,Humidity_2,21.671702418414547
1511887963137,Brightness_2,82.0
1511887969781,Temperature_1,24.84
1511887969784,Humidity_1,21.178422896011256
1511887969788,Brightness_1,74.0
1511887969790,Temperature_2,24.13
1511887969792,Humidity_2,21.671702418414547
1511887969796,Brightness_2,82.0
1511887971798,Sound_P,62.551438321825636
1511887971801,PodiumIR,88
1511887976240,Temperature_1,24.84
1511887976244,Humidity_1,21.178422896011256
1511887976247,Brightness_1,74.0
1511887976250,Temperature_2,24.13
1511887976252,Humidity_2,21.671702418414547
1511887976256,Brightness_2,82.0
1511887981804,Sound_P,63.95233273361063
1511887981807,PodiumIR,111
1511887982649,Temperature_1,24.84
1511887982652,Humidity_1,21.178422896011256
1511887982656,Brightness_1,74.0
1511887982658,Temperature_2,24.13
1511887982661,Humidity_2,21.671702418414547
1511887982663,Brightness_2,82.0
1511887989340,Temperature_1,24.84
1511887989343,Humidity_1,21.178422896011256
1511887989347,Brightness_1,74.0
1511887989349,Temperature_2,24.13
1511887989351,Humidity_2,21.671702418414547
1511887989355,Brightness_2,82.0
1511887991810,Sound_P,65.24535518573873
1511887991813,PodiumIR,72
1511887995791,Temperature_1,24.84
1511887995794,Humidity_1,21.178422896011256
1511887995798,Brightness_1,74.0
1511887995800,Temperature_2,24.13
1511887995802,Humidity_2,21.671702418414547
1511887995805,Brightness_2,80.0
1511888001816,Sound_P,65.24535518573873
1511888001819,PodiumIR,90
1511888002343,Temperature_1,24.84
1511888002346,Humidity_1,21.178422896011256
1511888002349,Brightness_1,74.0
1511888002352,Temperature_2,24.13
1511888002354,Humidity_2,21.671702418414547
1511888002358,Brightness_2,80.0
1511888008749,Temperature_1,24.84
1511888008752,Humidity_1,21.178422896011256
1511888008755,Brightness_1,74.0
1511888008758,Temperature_2,24.13
1511888008760,Humidity_2,21.671702418414547
1511888008763,Brightness_2,80.0
1511888011822,Sound_P,63.26648240367583
1511888011825,PodiumIR,89
1511888015459,Temperature_1,24.84
1511888015462,Humidity_1,21.05510301541042
1511888015465,Brightness_1,76.0
1511888015468,Temperature_2,24.13
1511888015470,Humidity_2,21.671702418414547
1511888015473,Brightness_2,80.0
1511888021830,Sound_P,63.26648240367583
1511888021834,PodiumIR,114
1511888021873,Temperature_1,24.84
1511888021876,Humidity_1,21.05510301541042
1511888021879,Brightness_1,76.0
1511888021882,Temperature_2,24.13
1511888021884,Humidity_2,21.671702418414547
1511888021889,Brightness_2,80.0
1511888028399,Temperature_1,24.84
1511888028405,Humidity_1,21.05510301541042
1511888028408,Brightness_1,76.0
1511888028411,Temperature_2,24.13
1511888028413,Humidity_2,21.671702418414547
1511888028416,Brightness_2,80.0
1511888031838,Sound_P,65.24535518573873
1511888031841,PodiumIR,80
1511888035113,Temperature_1,24.84
1511888035119,Humidity_1,21.05510301541042
1511888035122,Brightness_1,76.0
1511888035124,Temperature_2,24.13
1511888035130,Humidity_2,21.671702418414547
1511888035133,Brightness_2,80.0
1511888041563,Temperature_1,24.84
1511888041568,Humidity_1,21.05510301541042
1511888041571,Brightness_1,76.0
1511888041573,Temperature_2,24.13
1511888041576,Humidity_2,21.671702418414547
1511888041578,Brightness_2,80.0
1511888041845,Sound_P,63.95233273361063
1511888041849,PodiumIR,92
1511888048016,Temperature_1,24.84
1511888048022,Humidity_1,21.05510301541042
1511888048025,Brightness_1,76.0
1511888048027,Temperature_2,24.13
1511888048029,Humidity_2,21.671702418414547
1511888048034,Brightness_2,80.0
1511888051853,Sound_P,62.551438321825636
1511888051856,PodiumIR,105
1511888054438,Temperature_1,24.84
1511888054444,Humidity_1,21.05510301541042
1511888054447,Brightness_1,76.0
1511888054449,Temperature_2,24.13
1511888054451,Humidity_2,21.671702418414547
1511888054453,Brightness_2,80.0
1511888061123,Temperature_1,24.84
1511888061126,Humidity_1,21.05510301541042
1511888061129,Brightness_1,76.0
1511888061132,Temperature_2,24.13
1511888061134,Humidity_2,21.671702418414547
1511888061136,Brightness_2,79.0
1511888061865,Sound_P,62.551438321825636
1511888061868,PodiumIR,85
1511888067777,Temperature_1,24.84
1511888067780,Humidity_1,21.05510301541042
1511888067783,Brightness_1,76.0
1511888067785,Temperature_2,24.13
1511888067786,Humidity_2,21.671702418414547
1511888067788,Brightness_2,79.0
1511888071871,Sound_P,62.551438321825636
1511888071874,PodiumIR,88
1511888074404,Temperature_1,24.84
1511888074408,Humidity_1,21.05510301541042
1511888074415,Brightness_1,72.0
1511888074418,Temperature_2,24.13
1511888074420,Humidity_2,21.671702418414547
1511888074423,Brightness_2,79.0
1511888081090,Temperature_1,24.84
1511888081093,Humidity_1,21.05510301541042
1511888081096,Brightness_1,72.0
1511888081098,Temperature_2,24.13
1511888081101,Humidity_2,21.671702418414547
1511888081104,Brightness_2,79.0
1511888081877,Sound_P,63.26648240367583
1511888081880,PodiumIR,78
1511888087541,Temperature_1,24.84
1511888087544,Humidity_1,21.05510301541042
1511888087547,Brightness_1,72.0
1511888087550,Temperature_2,24.13
1511888087552,Humidity_2,21.671702418414547
1511888087554,Brightness_2,79.0
1511888091883,Sound_P,63.95233273361063
1511888091886,PodiumIR,90
1511888093993,Temperature_1,24.84
1511888093996,Humidity_1,21.05510301541042
1511888093999,Brightness_1,72.0
1511888094001,Temperature_2,24.13
1511888094004,Humidity_2,21.671702418414547
1511888094007,Brightness_2,79.0
1511888100408,Temperature_1,24.84
1511888100411,Humidity_1,21.05510301541042
1511888100417,Brightness_1,72.0
1511888100420,Temperature_2,24.13
1511888100422,Humidity_2,21.671702418414547
1511888100425,Brightness_2,79.0
1511888101889,Sound_P,63.95233273361063
1511888101892,PodiumIR,94
1511888107110,Temperature_1,24.84
1511888107113,Humidity_1,21.05510301541042
1511888107117,Brightness_1,72.0
1511888107119,Temperature_2,24.13
1511888107121,Humidity_2,21.671702418414547
1511888107124,Brightness_2,79.0
1511888111894,Sound_P,61.80460425887306
1511888111898,PodiumIR,90
1511888113540,Temperature_1,24.84
1511888113543,Humidity_1,21.05510301541042
1511888113546,Brightness_1,72.0
1511888113548,Temperature_2,24.13
1511888113551,Humidity_2,21.671702418414547
1511888113554,Brightness_2,79.0
1511888120014,Temperature_1,24.84
1511888120017,Humidity_1,21.05510301541042
1511888120020,Brightness_1,72.0
1511888120022,Temperature_2,24.13
1511888120025,Humidity_2,21.671702418414547
1511888120027,Brightness_2,79.0
1511888121901,Sound_P,63.26648240367583
1511888121904,PodiumIR,86
1511888126601,Temperature_1,24.84
1511888126604,Humidity_1,21.05510301541042
1511888126607,Brightness_1,72.0
1511888126609,Temperature_2,24.13
1511888126611,Humidity_2,21.671702418414547
1511888126613,Brightness_2,79.0
1511888131907,Sound_P,61.80460425887306
1511888131918,PodiumIR,76
1511888133315,Temperature_1,24.84
1511888133318,Humidity_1,21.05510301541042
1511888133321,Brightness_1,72.0
1511888133324,Temperature_2,24.13
1511888133326,Humidity_2,21.671702418414547
1511888133329,Brightness_2,79.0
1511888139972,Temperature_1,24.84
1511888139975,Humidity_1,21.05510301541042
1511888139978,Brightness_1,70.0
1511888139981,Temperature_2,24.13
1511888139983,Humidity_2,21.671702418414547
1511888139985,Brightness_2,79.0
1511888141923,Sound_P,63.26648240367583
1511888141926,PodiumIR,88
1511888146418,Temperature_1,24.84
1511888146420,Humidity_1,21.05510301541042
1511888146423,Brightness_1,70.0
1511888146425,Temperature_2,24.13
1511888146427,Humidity_2,21.671702418414547
1511888146429,Brightness_2,79.0
1511888151934,Sound_P,61.80460425887306
1511888151943,PodiumIR,79
1511888152873,Temperature_1,24.84
1511888152876,Humidity_1,21.05510301541042
1511888152880,Brightness_1,70.0
1511888152882,Temperature_2,24.13
1511888152884,Humidity_2,21.671702418414547
1511888152888,Brightness_2,79.0
1511888159529,Temperature_1,24.84
1511888159533,Humidity_1,21.05510301541042
1511888159536,Brightness_1,70.0
1511888159539,Temperature_2,24.13
1511888159541,Humidity_2,21.671702418414547
1511888159545,Brightness_2,79.0
1511888161950,Sound_P,61.80460425887306
1511888161953,PodiumIR,93
1511888165981,Temperature_1,24.84
1511888165984,Humidity_1,21.05510301541042
1511888165987,Brightness_1,70.0
1511888165990,Temperature_2,24.13
1511888165992,Humidity_2,21.671702418414547
1511888165995,Brightness_2,79.0
1511888171956,Sound_P,64.61127993529891
1511888171960,PodiumIR,92
1511888172399,Temperature_1,24.84
1511888172402,Humidity_1,21.05510301541042
1511888172406,Brightness_1,70.0
1511888172410,Temperature_2,24.13
1511888172415,Humidity_2,21.671702418414547
1511888172418,Brightness_2,79.0
1511888179088,Temperature_1,24.84
1511888179091,Humidity_1,21.05510301541042
1511888179094,Brightness_1,70.0
1511888179097,Temperature_2,24.13
1511888179100,Humidity_2,21.671702418414547
1511888179103,Brightness_2,79.0
1511888181962,Sound_P,62.551438321825636
1511888181965,PodiumIR,92
1511888185950,Temperature_1,24.84
1511888185953,Humidity_1,21.05510301541042
1511888185957,Brightness_1,70.0
1511888185959,Temperature_2,24.13
1511888185961,Humidity_2,21.671702418414547
1511888185965,Brightness_2,79.0
1511888191968,Sound_P,62.551438321825636
1511888191972,PodiumIR,92
1511888192404,Temperature_1,24.84
1511888192407,Humidity_1,21.05510301541042
1511888192420,Brightness_1,70.0
1511888192423,Temperature_2,24.13
1511888192425,Humidity_2,21.671702418414547
1511888192428,Brightness_2,80.0
1511888198864,Temperature_1,24.84
1511888198868,Humidity_1,21.05510301541042
1511888198871,Brightness_1,70.0
1511888198873,Temperature_2,24.13
1511888198876,Humidity_2,21.671702418414547
1511888198879,Brightness_2,80.0
1511888201974,Sound_P,63.95233273361063
1511888201982,PodiumIR,93
1511888205610,Temperature_1,24.84
1511888205613,Humidity_1,21.05510301541042
1511888205617,Brightness_1,70.0
1511888205619,Temperature_2,24.13
1511888205622,Humidity_2,21.671702418414547
1511888205625,Brightness_2,80.0
1511888211987,Sound_P,63.26648240367583
1511888211990,PodiumIR,117
1511888212018,Temperature_1,24.84
1511888212021,Humidity_1,21.05510301541042
1511888212024,Brightness_1,70.0
1511888212027,Temperature_2,24.13
1511888212029,Humidity_2,21.671702418414547
1511888212032,Brightness_2,80.0
1511888218438,Temperature_1,24.84
1511888218441,Humidity_1,21.05510301541042
1511888218445,Brightness_1,70.0
1511888218447,Temperature_2,24.13
1511888218449,Humidity_2,21.671702418414547
1511888218452,Brightness_2,80.0
1511888221993,Sound_P,63.95233273361063
1511888221996,PodiumIR,91
1511888224862,Temperature_1,24.84
1511888224865,Humidity_1,21.05510301541042
1511888224869,Brightness_1,70.0
1511888224871,Temperature_2,24.13
1511888224873,Humidity_2,21.671702418414547
1511888224877,Brightness_2,80.0
1511888231313,Temperature_1,24.84
1511888231317,Humidity_1,21.05510301541042
1511888231320,Brightness_1,70.0
1511888231323,Temperature_2,24.13
1511888231325,Humidity_2,21.671702418414547
1511888231328,Brightness_2,80.0
1511888231999,Sound_P,63.26648240367583
1511888232002,PodiumIR,93
1511888237970,Temperature_1,24.84
1511888237973,Humidity_1,21.05510301541042
1511888237977,Brightness_1,70.0
1511888237979,Temperature_2,24.13
1511888237981,Humidity_2,21.671702418414547
1511888237985,Brightness_2,80.0
1511888242005,Sound_P,63.26648240367583
1511888242008,PodiumIR,85
1511888244399,Temperature_1,24.84
1511888244402,Humidity_1,21.05510301541042
1511888244406,Brightness_1,70.0
1511888244410,Temperature_2,24.13
1511888244415,Humidity_2,21.671702418414547
1511888244418,Brightness_2,80.0
1511888251077,Temperature_1,24.84
1511888251080,Humidity_1,21.05510301541042
1511888251084,Brightness_1,70.0
1511888251086,Temperature_2,24.13
1511888251088,Humidity_2,21.671702418414547
1511888251092,Brightness_2,80.0
1511888252011,Sound_P,64.61127993529891
1511888252014,PodiumIR,65
1511888257529,Temperature_1,24.84
1511888257532,Humidity_1,21.05510301541042
1511888257535,Brightness_1,70.0
1511888257538,Temperature_2,24.13
1511888257540,Humidity_2,21.671702418414547
1511888257544,Brightness_2,80.0
1511888262024,Sound_P,62.551438321825636
1511888262033,PodiumIR,82
1511888264287,Temperature_1,24.84
1511888264290,Humidity_1,21.05510301541042
1511888264293,Brightness_1,70.0
1511888264296,Temperature_2,24.13
1511888264298,Humidity_2,21.671702418414547
1511888264302,Brightness_2,80.0
1511888270701,Temperature_1,24.84
1511888270704,Humidity_1,21.178422896011256
1511888270708,Brightness_1,72.0
1511888270710,Temperature_2,24.13
1511888270712,Humidity_2,21.671702418414547
1511888270714,Brightness_2,80.0
1511888272038,Sound_P,65.24535518573873
1511888272041,PodiumIR,90
1511888277397,Temperature_1,24.84
1511888277400,Humidity_1,21.178422896011256
1511888277403,Brightness_1,72.0
1511888277406,Temperature_2,24.13
1511888277408,Humidity_2,21.671702418414547
1511888277411,Brightness_2,80.0
1511888282049,Sound_P,63.26648240367583
1511888282052,PodiumIR,103
1511888284058,Temperature_1,24.84
1511888284061,Humidity_1,21.178422896011256
1511888284064,Brightness_1,72.0
1511888284067,Temperature_2,24.13
1511888284069,Humidity_2,21.671702418414547
1511888284072,Brightness_2,80.0
1511888290497,Temperature_1,24.84
1511888290500,Humidity_1,21.178422896011256
1511888290503,Brightness_1,72.0
1511888290505,Temperature_2,24.13
1511888290508,Humidity_2,21.671702418414547
1511888290511,Brightness_2,80.0
1511888292058,Sound_P,63.95233273361063
1511888292061,PodiumIR,85
1511888297157,Temperature_1,24.84
1511888297160,Humidity_1,21.178422896011256
1511888297163,Brightness_1,72.0
1511888297164,Temperature_2,24.13
1511888297166,Humidity_2,21.671702418414547
1511888297168,Brightness_2,80.0
1511888302068,Sound_P,63.95233273361063
1511888302071,PodiumIR,84
1511888303609,Temperature_1,24.84
1511888303612,Humidity_1,21.178422896011256
1511888303615,Brightness_1,72.0
1511888303618,Temperature_2,24.13
1511888303620,Humidity_2,21.671702418414547
1511888303623,Brightness_2,80.0
1511888310060,Temperature_1,24.84
1511888310063,Humidity_1,21.178422896011256
1511888310067,Brightness_1,72.0
1511888310070,Temperature_2,24.13
1511888310072,Humidity_2,21.671702418414547
1511888310075,Brightness_2,80.0
1511888312082,Sound_P,63.26648240367583
1511888312085,PodiumIR,86
1511888317106,Temperature_1,24.84
1511888317109,Humidity_1,21.178422896011256
1511888317112,Brightness_1,72.0
1511888317115,Temperature_2,24.13
1511888317118,Humidity_2,21.671702418414547
1511888317121,Brightness_2,79.0
1511888322090,Sound_P,62.551438321825636
1511888322093,PodiumIR,78
1511888323782,Temperature_1,24.84
1511888323785,Humidity_1,21.178422896011256
1511888323788,Brightness_1,72.0
1511888323791,Temperature_2,24.13
1511888323793,Humidity_2,21.671702418414547
1511888323796,Brightness_2,79.0
1511888330233,Temperature_1,24.84
1511888330236,Humidity_1,21.178422896011256
1511888330239,Brightness_1,73.0
1511888330241,Temperature_2,24.13
1511888330244,Humidity_2,21.671702418414547
1511888330247,Brightness_2,79.0
1511888332098,Sound_P,62.551438321825636
1511888332101,PodiumIR,90
1511888335965,Door,activate
1511888336646,Temperature_1,24.84
1511888336649,Humidity_1,21.178422896011256
1511888336652,Brightness_1,73.0
1511888336656,Temperature_2,24.13
1511888336659,Humidity_2,21.671702418414547
1511888336661,Brightness_2,79.0
1511888342106,Sound_P,64.61127993529891
1511888342113,PodiumIR,101
1511888343057,Temperature_1,24.84
1511888343060,Humidity_1,21.178422896011256
1511888343063,Brightness_1,73.0
1511888343066,Temperature_2,24.13
1511888343068,Humidity_2,21.671702418414547
1511888343070,Brightness_2,79.0
1511888349692,Temperature_1,24.84
1511888349695,Humidity_1,21.178422896011256
1511888349698,Brightness_1,73.0
1511888349700,Temperature_2,24.13
1511888349703,Humidity_2,21.671702418414547
1511888349706,Brightness_2,79.0
1511888352118,Sound_P,64.61127993529891
1511888352121,PodiumIR,62
1511888356141,Temperature_1,24.84
1511888356144,Humidity_1,21.178422896011256
1511888356147,Brightness_1,73.0
1511888356149,Temperature_2,24.13
1511888356152,Humidity_2,21.671702418414547
1511888356155,Brightness_2,79.0
1511888362125,Sound_P,63.95233273361063
1511888362129,PodiumIR,89
1511888362558,Temperature_1,24.84
1511888362561,Humidity_1,21.178422896011256
1511888362564,Brightness_1,73.0
1511888362566,Temperature_2,24.13
1511888362568,Humidity_2,21.671702418414547
1511888362571,Brightness_2,79.0
1511888369248,Temperature_1,24.84
1511888369252,Humidity_1,21.178422896011256
1511888369255,Brightness_1,73.0
1511888369258,Temperature_2,24.13
1511888369261,Humidity_2,21.671702418414547
1511888369265,Brightness_2,79.0
1511888372133,Sound_P,63.26648240367583
1511888372137,PodiumIR,91
1511888375722,Temperature_1,24.84
1511888375725,Humidity_1,21.178422896011256
1511888375729,Brightness_1,73.0
1511888375732,Temperature_2,24.13
1511888375734,Humidity_2,21.671702418414547
1511888375738,Brightness_2,79.0
1511888378396,Door,activate
1511888382142,Sound_P,63.95233273361063
1511888382145,PodiumIR,83
1511888382204,Temperature_1,24.84
1511888382208,Humidity_1,21.178422896011256
1511888382211,Brightness_1,73.0
1511888382214,Temperature_2,24.13
1511888382217,Humidity_2,21.671702418414547
1511888382221,Brightness_2,79.0
1511888388616,Temperature_1,24.84
1511888388619,Humidity_1,21.178422896011256
1511888388623,Brightness_1,73.0
1511888388625,Temperature_2,24.13
1511888388628,Humidity_2,21.671702418414547
1511888388631,Brightness_2,79.0
1511888392150,Sound_P,63.95233273361063
1511888392153,PodiumIR,98
1511888395031,Temperature_1,24.84
1511888395034,Humidity_1,21.178422896011256
1511888395038,Brightness_1,70.0
1511888395040,Temperature_2,24.13
1511888395043,Humidity_2,21.671702418414547
1511888395045,Brightness_2,79.0
1511888401712,Temperature_1,24.84
1511888401715,Humidity_1,21.178422896011256
1511888401719,Brightness_1,70.0
1511888401721,Temperature_2,24.13
1511888401724,Humidity_2,21.671702418414547
1511888401728,Brightness_2,79.0
1511888402159,Sound_P,63.95233273361063
1511888402163,PodiumIR,88
1511888408162,Temperature_1,24.84
1511888408165,Humidity_1,21.178422896011256
1511888408169,Brightness_1,70.0
1511888408172,Temperature_2,24.13
1511888408174,Humidity_2,21.671702418414547
1511888408178,Brightness_2,79.0
1511888412170,Sound_P,64.61127993529891
1511888412173,PodiumIR,88
1511888414569,Temperature_1,24.84
1511888414572,Humidity_1,21.178422896011256
1511888414576,Brightness_1,70.0
1511888414578,Temperature_2,24.13
1511888414581,Humidity_2,21.671702418414547
1511888414585,Brightness_2,79.0
1511888421268,Temperature_1,24.84
1511888421272,Humidity_1,21.178422896011256
1511888421275,Brightness_1,70.0
1511888421278,Temperature_2,24.13
1511888421281,Humidity_2,21.671702418414547
1511888421283,Brightness_2,79.0
1511888422179,Sound_P,63.95233273361063
1511888422183,PodiumIR,90
1511888428032,Temperature_1,24.84
1511888428036,Humidity_1,21.178422896011256
1511888428039,Brightness_1,70.0
1511888428042,Temperature_2,24.13
1511888428044,Humidity_2,21.671702418414547
1511888428048,Brightness_2,79.0
1511888432186,Sound_P,63.26648240367583
1511888432189,PodiumIR,123
1511888434474,Temperature_1,24.84
1511888434478,Humidity_1,21.178422896011256
1511888434481,Brightness_1,70.0
1511888434484,Temperature_2,24.13
1511888434486,Humidity_2,21.671702418414547
1511888434489,Brightness_2,79.0
1511888441139,Temperature_1,24.84
1511888441143,Humidity_1,21.178422896011256
1511888441146,Brightness_1,70.0
1511888441149,Temperature_2,24.13
1511888441152,Humidity_2,21.671702418414547
1511888441155,Brightness_2,79.0
1511888442195,Sound_P,63.26648240367583
1511888442199,PodiumIR,91
1511888447586,Temperature_1,24.84
1511888447589,Humidity_1,21.178422896011256
1511888447591,Brightness_1,70.0
1511888447593,Temperature_2,24.13
1511888447595,Humidity_2,21.671702418414547
1511888447598,Brightness_2,79.0
1511888452205,Sound_P,64.61127993529891
1511888452209,PodiumIR,87
1511888454037,Temperature_1,24.84
1511888454040,Humidity_1,21.178422896011256
1511888454043,Brightness_1,70.0
1511888454045,Temperature_2,24.13
1511888454047,Humidity_2,21.671702418414547
1511888454050,Brightness_2,79.0
1511888460439,Temperature_1,24.72
1511888460442,Humidity_1,21.178422896011256
1511888460445,Brightness_1,74.0
1511888460448,Temperature_2,24.13
1511888460450,Humidity_2,21.671702418414547
1511888460453,Brightness_2,79.0
1511888462211,Sound_P,62.551438321825636
1511888462215,PodiumIR,88
1511888467144,Temperature_1,24.72
1511888467147,Humidity_1,21.178422896011256
1511888467150,Brightness_1,74.0
1511888467152,Temperature_2,24.13
1511888467155,Humidity_2,21.671702418414547
1511888467157,Brightness_2,79.0
1511888468747,Light_1,Off
1511888468814,Light_3,Off
1511888472221,Sound_P,63.26648240367583
1511888472229,PodiumIR,65
1511888473801,Temperature_1,24.72
1511888473804,Humidity_1,21.178422896011256
1511888473807,Brightness_1,74.0
1511888473810,Temperature_2,24.13
1511888473812,Humidity_2,21.671702418414547
1511888473814,Brightness_2,79.0
