timestamp,sensor_name,value
1508473823075,Door,activate
1508473823456,Sound_P,63.95233273361063
1508473823460,PodiumIR,80
1508473826638,Sound_R,57.64876836723147
1508473827403,Sound_C,54.84791959860769
1508473833462,Sound_P,63.26648240367583
1508473833464,PodiumIR,108
1508473836638,Sound_R,58.813202734889984
1508473837403,Sound_C,56.10236285346674
1508473843466,Sound_P,63.95233273361063
1508473843468,PodiumIR,96
1508473846638,Sound_R,59.97236892977755
1508473847403,Sound_C,56.92210966364786
1508473853474,Sound_P,62.551438321825636
1508473853476,PodiumIR,83
1508473856638,Sound_R,59.81693216691226
1508473857403,Sound_C,56.756274936808076
1508473863478,Sound_P,65.8563679754536
1508473863480,PodiumIR,99
1508473866638,Sound_R,61.716997340398116
1508473867403,Sound_C,57.70517432569392
1508473873482,Sound_P,66.44593723960276
1508473873484,PodiumIR,105
1508473876638,Sound_R,63.62752557303366
1508473877403,Sound_C,60.39157811919412
1508473883486,Sound_P,62.551438321825636
1508473883489,PodiumIR,105
1508473886638,Sound_R,65.513389397035
1508473887403,Sound_C,62.3845179599197
1508473893490,Sound_P,68.0998289029382
1508473893493,PodiumIR,109
1508473896638,Sound_R,69.26157930639867
1508473897403,Sound_C,64.53802893222593
1508473903495,Sound_P,68.61682354019833
1508473903497,PodiumIR,93
1508473906638,Sound_R,71.4701210551151
1508473907403,Sound_C,65.90412123033045
1508473913499,Sound_P,69.11838317407611
1508473913503,PodiumIR,97
1508473916638,Sound_R,72.93301133323293
1508473917403,Sound_C,68.26318573489301
1508473923505,Sound_P,70.987085069563
1508473923516,PodiumIR,91
1508473926638,Sound_R,76.76668465487842
1508473927403,Sound_C,71.266024049186
1508473933518,Sound_P,65.8563679754536
1508473933520,PodiumIR,113
1508473936638,Sound_R,74.24039566688953
1508473937403,Sound_C,67.01547295758172
1508473943522,Sound_P,63.95233273361063
1508473943524,PodiumIR,89
1508473946638,Sound_R,65.77566528832212
1508473947403,Sound_C,60.89032492591565
1508473953526,Sound_P,62.551438321825636
1508473953529,PodiumIR,108
1508473956638,Sound_R,63.853447103548035
1508473957403,Sound_C,59.796512280958616
1508473963530,Sound_P,63.95233273361063
1508473963533,PodiumIR,99
1508473966638,Sound_R,62.721080481615786
1508473967403,Sound_C,58.11567866330781
1508473973534,Sound_P,63.95233273361063
1508473973536,PodiumIR,94
1508473976638,Sound_R,61.02145365153149
1508473977403,Sound_C,56.13484505471359
1508473983538,Sound_P,64.61127993529891
1508473983540,PodiumIR,96
1508473986638,Sound_R,59.304336070325405
1508473987403,Sound_C,55.97569234069247
1508473993542,Sound_P,65.8563679754536
1508473993545,PodiumIR,97
1508473996638,Sound_R,57.98333947051742
1508473997403,Sound_C,55.562877193161405
1508474003546,Sound_P,62.551438321825636
1508474003549,PodiumIR,103
1508474006638,Sound_R,58.57302282384742
1508474007403,Sound_C,54.83564960960362
1508474013550,Sound_P,67.01551720930587
1508474013552,PodiumIR,96
1508474016638,Sound_R,58.14206836144913
1508474017403,Sound_C,54.16825429417623
1508474023554,Sound_P,64.61127993529891
1508474023556,PodiumIR,89
1508474026638,Sound_R,56.088374998960255
1508474027403,Sound_C,53.349411427782364
1508474033558,Sound_P,61.80460425887306
1508474033560,PodiumIR,93
1508474036638,Sound_R,55.64482365320882
1508474037403,Sound_C,52.692908097400874
1508474043562,Sound_P,62.551438321825636
1508474043564,PodiumIR,95
1508474046638,Sound_R,57.71696454517303
1508474047403,Sound_C,53.49585981906073
1508474053565,Sound_P,66.44593723960276
1508474053569,PodiumIR,100
1508474056638,Sound_R,58.77452280822032
1508474057403,Sound_C,54.47223876008511
1508474063571,Sound_P,62.551438321825636
1508474063573,PodiumIR,70
1508474066638,Sound_R,57.47562037001699
1508474067403,Sound_C,54.85344020717718
1508474073575,Sound_P,62.551438321825636
1508474073589,PodiumIR,105
1508474076638,Sound_R,56.8730211482611
1508474077403,Sound_C,55.42349472741521
1508474083597,Sound_P,62.551438321825636
1508474083600,PodiumIR,86
1508474086638,Sound_R,57.90853379216148
1508474087403,Sound_C,55.363123103037104
1508474093601,Sound_P,63.95233273361063
1508474093604,PodiumIR,100
1508474096638,Sound_R,58.19315714777829
1508474097403,Sound_C,54.213725479433684
1508474103606,Sound_P,61.023021476191225
1508474103608,PodiumIR,93
1508474106638,Sound_R,57.584055435315975
1508474107403,Sound_C,54.35111662331078
1508474113610,Sound_P,62.551438321825636
1508474113612,PodiumIR,94
1508474116638,Sound_R,58.00219149194527
1508474117403,Sound_C,55.37919814968253
1508474123614,Sound_P,62.551438321825636
1508474123616,PodiumIR,99
1508474126638,Sound_R,58.88897624604605
1508474127403,Sound_C,55.67450049141528
1508474133618,Sound_P,63.95233273361063
1508474133620,PodiumIR,103
1508474136638,Sound_R,59.82803054790616
1508474137403,Sound_C,55.81926557039103
1508474143622,Sound_P,62.551438321825636
1508474143625,PodiumIR,88
1508474146638,Sound_R,59.833670064462645
1508474147403,Sound_C,55.88795186533286
1508474153626,Sound_P,63.95233273361063
1508474153629,PodiumIR,109
1508474156638,Sound_R,58.470595459782636
1508474157403,Sound_C,55.498307047348554
1508474163630,Sound_P,61.80460425887306
1508474163633,PodiumIR,120
1508474166638,Sound_R,57.96383591180046
1508474167403,Sound_C,56.226529508424655
1508474173634,Sound_P,65.24535518573873
1508474173637,PodiumIR,102
1508474176638,Sound_R,58.34123124016628
1508474177403,Sound_C,55.660702752730884
1508474183638,Sound_P,61.80460425887306
1508474183641,PodiumIR,96
1508474186638,Sound_R,59.50649728183533
1508474187403,Sound_C,55.122751366054786
1508474193642,Sound_P,66.44593723960276
1508474193645,PodiumIR,86
1508474196638,Sound_R,60.77673904083007
1508474197403,Sound_C,56.94250803847304
1508474203646,Sound_P,63.26648240367583
1508474203649,PodiumIR,102
1508474206638,Sound_R,59.25251717825359
1508474207403,Sound_C,56.13854177309679
1508474213650,Sound_P,61.80460425887306
1508474213653,PodiumIR,89
1508474216638,Sound_R,57.269796461825166
1508474217403,Sound_C,54.52748179365244
1508474223654,Sound_P,63.26648240367583
1508474223656,PodiumIR,109
1508474226638,Sound_R,57.380177961269965
1508474227403,Sound_C,54.113778410139425
1508474233658,Sound_P,64.61127993529891
1508474233661,PodiumIR,120
1508474236638,Sound_R,57.07776267479778
1508474237403,Sound_C,53.97782523692248
1508474243663,Sound_P,62.551438321825636
1508474243665,PodiumIR,98
1508474246638,Sound_R,57.15669043093141
1508474247403,Sound_C,53.85817396594297
1508474253667,Sound_P,63.95233273361063
1508474253669,PodiumIR,98
1508474256638,Sound_R,57.31789688233349
1508474257403,Sound_C,54.12065896928766
1508474263671,Sound_P,61.80460425887306
1508474263673,PodiumIR,98
1508474266638,Sound_R,58.278746032076555
1508474267403,Sound_C,54.6450430529594
1508474273675,Sound_P,61.80460425887306
1508474273683,PodiumIR,108
1508474276638,Sound_R,58.66196168091691
1508474277403,Sound_C,54.333560126198684
1508474283686,Sound_P,65.24535518573873
1508474283689,PodiumIR,80
1508474286638,Sound_R,58.273875793508516
1508474287403,Sound_C,54.33396976723869
1508474293691,Sound_P,61.023021476191225
1508474293693,PodiumIR,86
1508474296638,Sound_R,58.677482054644464
1508474297403,Sound_C,54.418718887595816
1508474303695,Sound_P,65.24535518573873
1508474303698,PodiumIR,97
1508474306638,Sound_R,59.57386894081335
1508474307403,Sound_C,56.03819814169137
1508474313699,Sound_P,62.551438321825636
1508474313701,PodiumIR,115
1508474316638,Sound_R,59.852903219216664
1508474317403,Sound_C,57.345458953242485
1508474323703,Sound_P,65.24535518573873
1508474323705,PodiumIR,104
1508474326638,Sound_R,60.51995522405405
1508474327403,Sound_C,58.31281806577797
1508474333707,Sound_P,63.26648240367583
1508474333710,PodiumIR,101
1508474336638,Sound_R,62.07979206909126
1508474337403,Sound_C,58.66721883481745
1508474343711,Sound_P,67.01551720930587
1508474343713,PodiumIR,102
1508474346638,Sound_R,62.611176238660924
1508474347403,Sound_C,58.641499862555406
1508474353715,Sound_P,63.26648240367583
1508474353717,PodiumIR,90
1508474356638,Sound_R,61.45924409483113
1508474357403,Sound_C,57.70742919085993
1508474363719,Sound_P,65.24535518573873
1508474363722,PodiumIR,102
1508474366638,Sound_R,62.483931406016545
1508474367403,Sound_C,57.89097646371501
1508474373723,Sound_P,63.95233273361063
1508474373726,PodiumIR,108
1508474376638,Sound_R,63.67125565899014
1508474377403,Sound_C,60.12498641628776
1508474383727,Sound_P,63.26648240367583
1508474383730,PodiumIR,108
1508474386638,Sound_R,61.87517093489376
1508474387403,Sound_C,57.75722707566121
1508474393732,Sound_P,67.56641902255494
1508474393734,PodiumIR,98
1508474396638,Sound_R,63.40842383373148
1508474397403,Sound_C,56.830830893308104
1508474403736,Sound_P,63.26648240367583
1508474403738,PodiumIR,107
1508474406638,Sound_R,62.41543201059324
1508474407403,Sound_C,57.91071752113985
1508474413740,Sound_P,64.61127993529891
1508474413743,PodiumIR,95
1508474416638,Sound_R,60.480671281766426
1508474417403,Sound_C,57.43244778547313
1508474423744,Sound_P,67.01551720930587
1508474423747,PodiumIR,102
1508474426638,Sound_R,60.52058069218571
1508474427403,Sound_C,56.64416861160686
1508474433749,Sound_P,63.95233273361063
1508474433751,PodiumIR,106
1508474436638,Sound_R,60.421447744481014
1508474437403,Sound_C,56.3724726218505
1508474443757,Sound_P,63.95233273361063
1508474443760,PodiumIR,86
1508474446638,Sound_R,60.101615924429474
1508474447403,Sound_C,56.55591563493269
1508474453765,Sound_P,65.24535518573873
1508474453768,PodiumIR,82
1508474456638,Sound_R,58.402859064598545
1508474457403,Sound_C,56.003676247693136
1508474463770,Sound_P,61.80460425887306
1508474463772,PodiumIR,99
1508474466638,Sound_R,58.410916132359006
1508474467403,Sound_C,56.51326892353049
1508474473774,Sound_P,64.61127993529891
1508474473776,PodiumIR,89
1508474476638,Sound_R,58.92361575956655
1508474477403,Sound_C,57.08306626331498
1508474483778,Sound_P,61.80460425887306
1508474483780,PodiumIR,92
1508474486638,Sound_R,59.33296941964377
1508474487403,Sound_C,56.16691775558353
1508474493782,Sound_P,65.24535518573873
1508474493784,PodiumIR,99
1508474496638,Sound_R,58.85052974976901
1508474497403,Sound_C,54.50697610539612
1508474503786,Sound_P,61.023021476191225
1508474503788,PodiumIR,94
1508474506638,Sound_R,56.9750865763786
1508474507403,Sound_C,54.09267790137105
1508474513790,Sound_P,64.61127993529891
1508474513793,PodiumIR,103
1508474516638,Sound_R,57.59954920832371
1508474517403,Sound_C,54.671443003994106
1508474523794,Sound_P,61.80460425887306
1508474523797,PodiumIR,113
1508474526638,Sound_R,58.59285795573562
1508474527403,Sound_C,54.72521117283795
1508474533799,Sound_P,62.551438321825636
1508474533801,PodiumIR,99
1508474536638,Sound_R,56.567078771664704
1508474537403,Sound_C,53.750953006775944
1508474543803,Sound_P,62.551438321825636
1508474543805,PodiumIR,98
1508474546638,Sound_R,55.97833509514577
1508474547403,Sound_C,51.87767241731596
1508474553807,Sound_P,64.61127993529891
1508474553810,PodiumIR,104
1508474556638,Sound_R,57.48674708225544
1508474557403,Sound_C,52.80756119493741
1508474563811,Sound_P,62.551438321825636
1508474563813,PodiumIR,90
1508474566638,Sound_R,57.734242572616246
1508474567403,Sound_C,54.50494599560892
1508474573815,Sound_P,63.95233273361063
1508474573817,PodiumIR,100
1508474576638,Sound_R,57.26195941754363
1508474577403,Sound_C,53.965130463584906
1508474583819,Sound_P,63.95233273361063
1508474583827,PodiumIR,93
1508474586638,Sound_R,56.920408224441985
1508474587403,Sound_C,53.812872950047
1508474593836,Sound_P,63.26648240367583
1508474593839,PodiumIR,98
1508474596638,Sound_R,56.65200550533672
1508474597403,Sound_C,53.01894450867163
1508474603841,Sound_P,65.8563679754536
1508474603848,PodiumIR,100
1508474606638,Sound_R,55.79309214196786
1508474607403,Sound_C,52.606936604472615
1508474613850,Sound_P,61.80460425887306
1508474613852,PodiumIR,105
1508474616638,Sound_R,56.15975968926937
1508474617403,Sound_C,53.138794394123
1508474623854,Sound_P,61.80460425887306
1508474623856,PodiumIR,95
1508474626638,Sound_R,57.169564297195414
1508474627403,Sound_C,53.66071843833624
1508474633864,Sound_P,64.61127993529891
1508474633867,PodiumIR,106
1508474636638,Sound_R,58.13810979190981
1508474637403,Sound_C,55.582847521174635
1508474643869,Sound_P,61.023021476191225
1508474643871,PodiumIR,99
1508474646638,Sound_R,59.44468857839082
1508474647403,Sound_C,57.4173678278633
1508474653873,Sound_P,63.95233273361063
1508474653875,PodiumIR,106
1508474656638,Sound_R,58.78283191991674
1508474657403,Sound_C,56.78845189064211
1508474663877,Sound_P,61.80460425887306
1508474663879,PodiumIR,64
1508474666638,Sound_R,56.47762436412375
1508474667403,Sound_C,54.53674099694894
1508474673881,Sound_P,65.24535518573873
1508474673883,PodiumIR,101
1508474676638,Sound_R,55.59148448972448
1508474677403,Sound_C,54.852686735504086
1508474683885,Sound_P,62.551438321825636
1508474683888,PodiumIR,100
1508474686638,Sound_R,56.98848151286478
1508474687403,Sound_C,55.1071300255922
1508474693889,Sound_P,61.80460425887306
1508474693900,PodiumIR,108
1508474696638,Sound_R,57.55432090929583
1508474697403,Sound_C,53.96042804386465
1508474703902,Sound_P,61.80460425887306
1508474703904,PodiumIR,96
1508474706638,Sound_R,58.06287297292196
1508474707403,Sound_C,54.87784545892461
1508474713906,Sound_P,61.023021476191225
1508474713908,PodiumIR,109
1508474716638,Sound_R,58.65583121363151
1508474717403,Sound_C,55.412400565465155
1508474723910,Sound_P,63.95233273361063
1508474723912,PodiumIR,101
1508474726638,Sound_R,58.382457449186944
1508474727403,Sound_C,54.35004847291518
1508474733914,Sound_P,62.551438321825636
1508474733917,PodiumIR,86
1508474736638,Sound_R,58.725301838164604
1508474737403,Sound_C,54.02998526804481
1508474743918,Sound_P,61.80460425887306
1508474743920,PodiumIR,91
1508474746638,Sound_R,60.726825173094575
1508474747403,Sound_C,54.63824509688911
1508474753922,Sound_P,65.8563679754536
1508474753924,PodiumIR,113
1508474756638,Sound_R,61.35708501230025
1508474757403,Sound_C,55.238142741454226
1508474763926,Sound_P,61.80460425887306
1508474763928,PodiumIR,98
1508474766638,Sound_R,59.246988210056855
1508474767403,Sound_C,54.96124649456025
1508474773930,Sound_P,63.26648240367583
1508474773933,PodiumIR,115
1508474776638,Sound_R,57.97274549957853
1508474777403,Sound_C,53.897239072457786
1508474783934,Sound_P,62.551438321825636
1508474783937,PodiumIR,88
1508474786638,Sound_R,58.52843439116058
1508474787403,Sound_C,54.21575101765432
1508474793939,Sound_P,65.24535518573873
1508474793941,PodiumIR,100
1508474796638,Sound_R,60.16588380629724
1508474797403,Sound_C,55.779739115719586
1508474803943,Sound_P,63.26648240367583
1508474803945,PodiumIR,95
1508474806638,Sound_R,60.08841570444968
1508474807403,Sound_C,56.79753130580344
1508474813947,Sound_P,63.95233273361063
1508474813950,PodiumIR,94
1508474816638,Sound_R,61.08154165024095
1508474817403,Sound_C,57.75615569952138
1508474823952,Sound_P,64.61127993529891
1508474823954,PodiumIR,100
1508474826638,Sound_R,62.811023204059445
1508474827403,Sound_C,57.83782991222955
1508474833956,Sound_P,64.61127993529891
1508474833959,PodiumIR,84
1508474836638,Sound_R,61.87677958980072
1508474837403,Sound_C,57.144804035606796
1508474843961,Sound_P,62.551438321825636
1508474843963,PodiumIR,97
1508474846638,Sound_R,61.715378130063186
1508474847403,Sound_C,57.635089847781984
1508474853965,Sound_P,65.24535518573873
1508474853967,PodiumIR,109
1508474856638,Sound_R,63.293094781694776
1508474857403,Sound_C,59.36277751666571
1508474863969,Sound_P,65.24535518573873
1508474863972,PodiumIR,106
1508474866638,Sound_R,65.20660970836002
1508474867403,Sound_C,61.33284965269228
1508474873974,Sound_P,65.24535518573873
1508474873976,PodiumIR,103
1508474876638,Sound_R,63.90032924983484
1508474877403,Sound_C,62.097906266568124
1508474883978,Sound_P,63.95233273361063
1508474883980,PodiumIR,107
1508474886638,Sound_R,62.3828890707994
1508474887403,Sound_C,62.05691564525028
1508474893982,Sound_P,68.0998289029382
1508474893984,PodiumIR,97
1508474896638,Sound_R,61.754207790991934
1508474897403,Sound_C,59.53841951377377
1508474903986,Sound_P,68.0998289029382
1508474903989,PodiumIR,110
1508474906638,Sound_R,61.438225398271975
1508474907403,Sound_C,57.19344558295203
1508474913990,Sound_P,69.60540278108363
1508474913993,PodiumIR,92
1508474916638,Sound_R,61.283021025713545
1508474917403,Sound_C,56.76804593704701
1508474923994,Sound_P,61.023021476191225
1508474923996,PodiumIR,103
1508474926638,Sound_R,59.18670753940458
1508474927403,Sound_C,55.94244461253709
1508474933998,Sound_P,63.95233273361063
1508474934012,PodiumIR,98
1508474936638,Sound_R,58.000188361134896
1508474937403,Sound_C,54.785097041196785
1508474944013,Sound_P,64.61127993529891
1508474944016,PodiumIR,110
1508474946638,Sound_R,57.88794745017483
1508474947403,Sound_C,54.71120541300081
1508474954017,Sound_P,64.61127993529891
1508474954019,PodiumIR,100
1508474956638,Sound_R,57.50811622662662
1508474957403,Sound_C,55.196523557766874
1508474964021,Sound_P,62.551438321825636
1508474964023,PodiumIR,99
1508474966638,Sound_R,57.91397928509891
1508474967403,Sound_C,55.627815727327004
1508474974025,Sound_P,63.26648240367583
1508474974028,PodiumIR,80
1508474976638,Sound_R,58.029866524633235
1508474977403,Sound_C,56.665391679598486
1508474984029,Sound_P,61.80460425887306
1508474984032,PodiumIR,108
1508474986638,Sound_R,57.356350740824176
1508474987403,Sound_C,55.615122947783725
1508474994033,Sound_P,76.89092096632638
1508474994035,PodiumIR,112
1508474996638,Sound_R,57.10885255420146
1508474997403,Sound_C,53.65021843686703
1508475004037,Sound_P,63.95233273361063
1508475004040,PodiumIR,110
1508475006638,Sound_R,56.854127520387344
1508475007403,Sound_C,52.181601625048046
1508475014042,Sound_P,62.551438321825636
1508475014044,PodiumIR,103
1508475016638,Sound_R,56.20906485689696
1508475017403,Sound_C,52.68042310676291
1508475024046,Sound_P,63.26648240367583
1508475024048,PodiumIR,111
1508475026638,Sound_R,56.513342276817845
1508475027403,Sound_C,53.656674591164084
1508475034051,Sound_P,61.023021476191225
1508475034053,PodiumIR,103
1508475036638,Sound_R,57.004184874019124
1508475037403,Sound_C,53.15074825085935
1508475044055,Sound_P,63.95233273361063
1508475044057,PodiumIR,103
1508475046638,Sound_R,56.29054282816878
1508475047403,Sound_C,52.46478306491856
1508475054060,Sound_P,63.95233273361063
1508475054063,PodiumIR,104
1508475056638,Sound_R,54.7533813830568
1508475057403,Sound_C,52.51197583425627
1508475064065,Sound_P,64.61127993529891
1508475064067,PodiumIR,104
1508475066638,Sound_R,55.79267577217246
1508475067403,Sound_C,53.90998359213788
1508475074072,Sound_P,61.80460425887306
1508475074074,PodiumIR,86
1508475076638,Sound_R,58.464222538485664
1508475077403,Sound_C,55.62001078845037
1508475084076,Sound_P,64.61127993529891
1508475084078,PodiumIR,91
1508475086638,Sound_R,59.020822544894685
1508475087403,Sound_C,56.07747300524574
1508475094080,Sound_P,62.551438321825636
1508475094083,PodiumIR,104
1508475096638,Sound_R,59.620448830156555
1508475097403,Sound_C,55.912270353756334
1508475104084,Sound_P,63.95233273361063
1508475104087,PodiumIR,106
1508475106638,Sound_R,58.772974400891684
1508475107403,Sound_C,55.63829827751339
1508475114089,Sound_P,65.8563679754536
1508475114091,PodiumIR,98
1508475116638,Sound_R,57.28962733758832
1508475117403,Sound_C,54.662339214001896
1508475124093,Sound_P,66.44593723960276
1508475124096,PodiumIR,102
1508475126638,Sound_R,57.32076890932981
1508475127403,Sound_C,53.87183292043639
1508475134097,Sound_P,63.26648240367583
1508475134100,PodiumIR,101
1508475136638,Sound_R,59.319341593268256
1508475137403,Sound_C,54.889541149069004
1508475144101,Sound_P,63.95233273361063
1508475144103,PodiumIR,105
1508475146638,Sound_R,59.418947325698376
1508475147403,Sound_C,55.83448648268301
1508475154105,Sound_P,64.61127993529891
1508475154108,PodiumIR,104
1508475156638,Sound_R,57.883796065086365
1508475157403,Sound_C,55.91370642044489
1508475164110,Sound_P,64.61127993529891
1508475164118,PodiumIR,122
1508475166638,Sound_R,57.792449819423005
1508475167403,Sound_C,55.370220801259194
1508475174122,Sound_P,63.95233273361063
1508475174125,PodiumIR,103
1508475176638,Sound_R,56.958321774055264
1508475177403,Sound_C,54.430617339163895
1508475184128,Sound_P,63.26648240367583
1508475184135,PodiumIR,103
1508475186638,Sound_R,56.55720685222906
1508475187403,Sound_C,53.15986118245346
1508475194138,Sound_P,64.61127993529891
1508475194141,PodiumIR,98
1508475196638,Sound_R,57.182024542404484
1508475197403,Sound_C,53.65270474119817
1508475204145,Sound_P,63.26648240367583
1508475204150,PodiumIR,102
1508475206638,Sound_R,58.571634885531324
1508475207403,Sound_C,55.98060926170093
1508475214152,Sound_P,64.61127993529891
1508475214155,PodiumIR,108
1508475216638,Sound_R,58.85658870997145
1508475217403,Sound_C,54.898139113427455
1508475224156,Sound_P,67.01551720930587
1508475224159,PodiumIR,110
1508475226638,Sound_R,58.659401788080125
1508475227403,Sound_C,53.171159478258865
1508475234164,Sound_P,65.8563679754536
1508475234166,PodiumIR,103
1508475236638,Sound_R,59.59863598318148
1508475237403,Sound_C,53.77591239946807
1508475244168,Sound_P,62.551438321825636
1508475244177,PodiumIR,106
1508475246638,Sound_R,59.44183251469977
1508475247403,Sound_C,55.34348198628471
1508475254179,Sound_P,62.551438321825636
1508475254181,PodiumIR,92
1508475256638,Sound_R,58.28000230978058
1508475257403,Sound_C,54.83711059967664
1508475264183,Sound_P,66.44593723960276
1508475264186,PodiumIR,104
1508475266638,Sound_R,58.22844066053432
1508475267403,Sound_C,54.408035146363524
1508475274187,Sound_P,63.95233273361063
1508475274190,PodiumIR,103
1508475276638,Sound_R,59.595249218699855
1508475277403,Sound_C,54.965886887027274
1508475284191,Sound_P,63.26648240367583
1508475284193,PodiumIR,100
1508475286638,Sound_R,58.62424059930577
1508475287403,Sound_C,53.43254132117678
1508475294195,Sound_P,61.023021476191225
1508475294198,PodiumIR,105
1508475296638,Sound_R,56.9208668445277
1508475297403,Sound_C,52.90197280999175
1508475304200,Sound_P,64.61127993529891
1508475304202,PodiumIR,89
1508475306638,Sound_R,58.574615976651664
1508475307403,Sound_C,54.6807878191021
1508475314204,Sound_P,63.95233273361063
1508475314206,PodiumIR,104
1508475316638,Sound_R,59.75968269265105
1508475317403,Sound_C,55.711434511021956
1508475324208,Sound_P,64.61127993529891
1508475324211,PodiumIR,89
1508475326638,Sound_R,59.49649346216245
1508475327403,Sound_C,54.732549769948776
1508475334212,Sound_P,61.023021476191225
1508475334214,PodiumIR,103
1508475336638,Sound_R,58.06087475640118
1508475337403,Sound_C,53.546767604550126
1508475344216,Sound_P,61.80460425887306
1508475344218,PodiumIR,109
1508475346638,Sound_R,56.965658026919556
1508475347403,Sound_C,53.04081843025775
1508475354220,Sound_P,61.80460425887306
1508475354223,PodiumIR,98
1508475356638,Sound_R,57.146402887256244
1508475357403,Sound_C,52.2266702486393
1508475364225,Sound_P,63.26648240367583
1508475364227,PodiumIR,89
1508475366638,Sound_R,56.28433126565761
1508475367403,Sound_C,52.130441713420005
1508475374229,Sound_P,65.8563679754536
1508475374231,PodiumIR,97
1508475376638,Sound_R,56.16639421717513
1508475377403,Sound_C,54.279385698100505
1508475384233,Sound_P,63.95233273361063
1508475384236,PodiumIR,85
1508475386638,Sound_R,57.54431021775599
1508475387403,Sound_C,55.88985139936556
1508475394237,Sound_P,64.61127993529891
1508475394240,PodiumIR,103
1508475396638,Sound_R,58.98653131812199
1508475397403,Sound_C,56.37006808754256
1508475404241,Sound_P,64.61127993529891
1508475404244,PodiumIR,81
1508475406638,Sound_R,59.52303069077553
1508475407403,Sound_C,56.33550034550179
1508475414245,Sound_P,61.80460425887306
1508475414247,PodiumIR,90
1508475416638,Sound_R,59.014217520228385
1508475417403,Sound_C,55.830275524526066
1508475424249,Sound_P,63.26648240367583
1508475424251,PodiumIR,99
1508475426638,Sound_R,59.063664653371355
1508475427403,Sound_C,56.15995068849861
1508475434253,Sound_P,61.80460425887306
1508475434255,PodiumIR,113
1508475436638,Sound_R,58.609184153431016
1508475437403,Sound_C,55.830050517008296
1508475444257,Sound_P,63.95233273361063
1508475444260,PodiumIR,109
1508475446638,Sound_R,56.620785156680164
1508475447403,Sound_C,55.12397867766305
1508475454261,Sound_P,63.26648240367583
1508475454263,PodiumIR,106
1508475456638,Sound_R,55.48439998636278
1508475457403,Sound_C,55.52589057941942
1508475464265,Sound_P,62.551438321825636
1508475464267,PodiumIR,110
1508475466638,Sound_R,55.93370260677517
1508475467403,Sound_C,56.624501849385354
1508475474269,Sound_P,63.95233273361063
1508475474271,PodiumIR,98
1508475476638,Sound_R,56.1305388668056
1508475477403,Sound_C,56.52664923059268
1508475484273,Sound_P,65.24535518573873
1508475484275,PodiumIR,78
1508475486638,Sound_R,57.1633072778036
1508475487403,Sound_C,56.481711160920746
1508475494277,Sound_P,64.61127993529891
1508475494280,PodiumIR,104
1508475496638,Sound_R,60.02475425021288
1508475497403,Sound_C,58.61833924779996
1508475504282,Sound_P,64.61127993529891
1508475504284,PodiumIR,91
1508475506638,Sound_R,62.55560201984935
1508475507403,Sound_C,59.733904152252855
1508475514286,Sound_P,62.551438321825636
1508475514288,PodiumIR,103
1508475516638,Sound_R,62.182810998515514
1508475517403,Sound_C,58.64031436166429
1508475524294,Sound_P,67.56641902255494
1508475524297,PodiumIR,114
1508475526638,Sound_R,60.09342241359442
1508475527403,Sound_C,57.68169834960104
1508475534298,Sound_P,63.26648240367583
1508475534300,PodiumIR,117
1508475536638,Sound_R,58.47242313490884
1508475537403,Sound_C,56.32365682299308
1508475544302,Sound_P,64.61127993529891
1508475544304,PodiumIR,100
1508475546638,Sound_R,57.34821751248594
1508475547403,Sound_C,55.45251808090014
1508475554306,Sound_P,63.26648240367583
1508475554308,PodiumIR,116
1508475556638,Sound_R,57.05908819316293
1508475557403,Sound_C,55.97672670413804
1508475564310,Sound_P,61.80460425887306
1508475564313,PodiumIR,93
1508475566638,Sound_R,57.91556176228431
1508475567403,Sound_C,56.57712770103357
1508475574315,Sound_P,64.61127993529891
1508475574317,PodiumIR,78
1508475576638,Sound_R,58.174741606655004
1508475577403,Sound_C,56.312797841920116
1508475584319,Sound_P,61.80460425887306
1508475584321,PodiumIR,89
1508475586638,Sound_R,57.26621780663219
1508475587403,Sound_C,55.175093807035374
1508475594323,Sound_P,65.8563679754536
1508475594334,PodiumIR,98
1508475596638,Sound_R,57.37156886154562
1508475597403,Sound_C,55.11216100427799
1508475604337,Sound_P,62.551438321825636
1508475604339,PodiumIR,121
1508475606638,Sound_R,57.702008213242785
1508475607403,Sound_C,55.21868547366369
1508475614341,Sound_P,61.80460425887306
1508475614344,PodiumIR,105
1508475616638,Sound_R,57.32986197055046
1508475617403,Sound_C,55.10041759764266
1508475624345,Sound_P,64.61127993529891
1508475624347,PodiumIR,105
1508475626638,Sound_R,57.28905918543918
1508475627403,Sound_C,55.82813485830376
1508475634354,Sound_P,64.61127993529891
1508475634356,PodiumIR,106
1508475636638,Sound_R,58.520646926264824
1508475637403,Sound_C,56.34329515120586
1508475644357,Sound_P,63.26648240367583
1508475644360,PodiumIR,111
1508475646638,Sound_R,57.43476717951442
1508475647403,Sound_C,55.15846919254733
1508475654370,Sound_P,65.24535518573873
1508475654372,PodiumIR,94
1508475656638,Sound_R,55.7463615907188
1508475657403,Sound_C,54.113663410834626
1508475664374,Sound_P,63.95233273361063
1508475664376,PodiumIR,99
1508475666638,Sound_R,56.289375815164824
1508475667403,Sound_C,53.76484109559984
1508475674378,Sound_P,63.95233273361063
1508475674380,PodiumIR,90
1508475676638,Sound_R,56.93720272722819
1508475677403,Sound_C,53.792205679005775
1508475684382,Sound_P,62.551438321825636
1508475684385,PodiumIR,98
1508475686638,Sound_R,57.87896227574263
1508475687403,Sound_C,54.12012123596864
1508475694387,Sound_P,62.551438321825636
1508475694389,PodiumIR,81
1508475696638,Sound_R,58.35138071762018
1508475697403,Sound_C,54.69478206344505
1508475704394,Sound_P,64.61127993529891
1508475704396,PodiumIR,94
1508475706638,Sound_R,58.61506583065907
1508475707403,Sound_C,55.695798224050996
1508475714400,Sound_P,63.26648240367583
1508475714403,PodiumIR,103
1508475716638,Sound_R,58.88929716603929
1508475717403,Sound_C,55.31235695143234
1508475724405,Sound_P,61.023021476191225
1508475724407,PodiumIR,103
1508475726638,Sound_R,58.31282779464065
1508475727403,Sound_C,54.38053104996343
1508475734410,Sound_P,63.95233273361063
1508475734412,PodiumIR,97
1508475736638,Sound_R,56.394206992521845
1508475737403,Sound_C,53.77173940099967
1508475744414,Sound_P,63.95233273361063
1508475744417,PodiumIR,105
1508475746638,Sound_R,56.840802568077955
1508475747403,Sound_C,52.43181706414321
1508475754419,Sound_P,61.80460425887306
1508475754422,PodiumIR,96
1508475756638,Sound_R,58.46493324527046
1508475757403,Sound_C,51.930881026749184
1508475764423,Sound_P,62.551438321825636
1508475764426,PodiumIR,94
1508475766638,Sound_R,58.6417231027527
1508475767403,Sound_C,53.69760719172848
1508475774430,Sound_P,64.61127993529891
1508475774432,PodiumIR,96
1508475776638,Sound_R,57.960584845782385
1508475777403,Sound_C,54.881062649832906
1508475784436,Sound_P,63.95233273361063
1508475784439,PodiumIR,101
1508475786638,Sound_R,57.32025754244095
1508475787403,Sound_C,54.652575336325036
1508475794440,Sound_P,65.24535518573873
1508475794442,PodiumIR,105
1508475796638,Sound_R,57.26583243278961
1508475797403,Sound_C,54.09522249727283
1508475804444,Sound_P,61.80460425887306
1508475804446,PodiumIR,103
1508475806638,Sound_R,56.93812925963943
1508475807403,Sound_C,54.55156495614187
1508475814448,Sound_P,63.26648240367583
1508475814451,PodiumIR,106
1508475816638,Sound_R,55.66087634839105
1508475817403,Sound_C,55.139622311596064
1508475824452,Sound_P,68.0998289029382
1508475824454,PodiumIR,105
1508475826638,Sound_R,56.1923011132547
1508475827403,Sound_C,54.89087892298377
1508475834456,Sound_P,65.24535518573873
1508475834459,PodiumIR,107
1508475836638,Sound_R,58.07415913001504
1508475837403,Sound_C,55.0868546475088
1508475844464,Sound_P,65.8563679754536
1508475844467,PodiumIR,105
1508475846638,Sound_R,57.93442054114919
1508475847403,Sound_C,56.22385251468097
1508475854469,Sound_P,66.44593723960276
1508475854471,PodiumIR,100
1508475856638,Sound_R,57.68454262552703
1508475857403,Sound_C,56.765071818271075
1508475864473,Sound_P,65.8563679754536
1508475864476,PodiumIR,113
1508475866638,Sound_R,59.7946527454916
1508475867404,Sound_C,56.99123888291842
1508475874478,Sound_P,62.551438321825636
1508475874480,PodiumIR,99
1508475876638,Sound_R,63.18968520932909
1508475877403,Sound_C,57.92377302054379
1508475884505,Sound_P,63.95233273361063
1508475884507,PodiumIR,107
1508475886638,Sound_R,63.99285264522411
1508475887403,Sound_C,57.7097170234969
1508475894512,Sound_P,61.80460425887306
1508475894515,PodiumIR,91
1508475896638,Sound_R,62.45987227039357
1508475897403,Sound_C,57.254476857623054
1508475904520,Sound_P,63.95233273361063
1508475904522,PodiumIR,107
1508475906638,Sound_R,60.19709039066848
1508475907403,Sound_C,57.67141872373826
1508475914525,Sound_P,62.551438321825636
1508475914528,PodiumIR,105
1508475916638,Sound_R,58.33899699129308
1508475917403,Sound_C,56.65295878627871
1508475924532,Sound_P,61.80460425887306
1508475924535,PodiumIR,98
1508475926638,Sound_R,57.799861344490544
1508475927403,Sound_C,54.981101664126264
1508475934536,Sound_P,63.95233273361063
1508475934540,PodiumIR,107
1508475936638,Sound_R,57.39596824006542
1508475937403,Sound_C,54.91729752721065
1508475944544,Sound_P,64.61127993529891
1508475944547,PodiumIR,104
1508475946638,Sound_R,57.31521135081952
1508475947403,Sound_C,54.18651884882528
1508475954551,Sound_P,65.24535518573873
1508475954553,PodiumIR,99
1508475956638,Sound_R,57.49964610319821
1508475957403,Sound_C,53.713149492250444
1508475964557,Sound_P,63.95233273361063
1508475964560,PodiumIR,110
1508475966638,Sound_R,56.98469992072506
1508475967403,Sound_C,53.73890921373275
1508475974571,Sound_P,61.023021476191225
1508475974573,PodiumIR,91
1508475976638,Sound_R,55.61277140541867
1508475977403,Sound_C,53.81013403837699
1508475984576,Sound_P,62.551438321825636
1508475984580,PodiumIR,96
1508475986638,Sound_R,56.4868646426123
1508475987403,Sound_C,55.443077295817
1508475994581,Sound_P,63.95233273361063
1508475994584,PodiumIR,94
1508475996638,Sound_R,58.771875601041536
1508475997403,Sound_C,55.53162479572266
1508476004585,Sound_P,65.24535518573873
1508476004587,PodiumIR,95
1508476006638,Sound_R,59.03240054873294
1508476007403,Sound_C,54.28864411682315
1508476014590,Sound_P,63.26648240367583
1508476014592,PodiumIR,97
1508476016638,Sound_R,58.096791961281575
1508476017403,Sound_C,54.24041325616816
1508476024595,Sound_P,61.80460425887306
1508476024598,PodiumIR,91
1508476026638,Sound_R,57.42784241871135
1508476027403,Sound_C,55.27251389456645
1508476034600,Sound_P,63.26648240367583
1508476034602,PodiumIR,112
1508476036638,Sound_R,57.882089464940634
1508476037403,Sound_C,55.31923631416375
1508476044604,Sound_P,61.80460425887306
1508476044606,PodiumIR,104
1508476046638,Sound_R,57.918665481336205
1508476047403,Sound_C,54.137105282158096
1508476054612,Sound_P,64.61127993529891
1508476054614,PodiumIR,99
1508476056638,Sound_R,56.92595296349506
1508476057403,Sound_C,53.659513076776044
1508476064616,Sound_P,62.551438321825636
1508476064619,PodiumIR,103
1508476066638,Sound_R,55.4626292920675
1508476067403,Sound_C,53.54711394439653
1508476074623,Sound_P,62.551438321825636
1508476074627,PodiumIR,85
1508476076638,Sound_R,55.535061402576794
1508476077403,Sound_C,53.59437048632102
1508476084631,Sound_P,61.80460425887306
1508476084634,PodiumIR,114
1508476086638,Sound_R,56.11420921072497
1508476087403,Sound_C,54.37260481141669
1508476094639,Sound_P,63.26648240367583
1508476094641,PodiumIR,98
1508476096638,Sound_R,56.13204491874858
1508476097403,Sound_C,56.306339784814945
1508476104643,Sound_P,61.80460425887306
1508476104646,PodiumIR,91
1508476106638,Sound_R,57.15903695124239
1508476107403,Sound_C,56.70167541897977
1508476114650,Sound_P,64.61127993529891
1508476114653,PodiumIR,92
1508476116638,Sound_R,57.81949073347899
1508476117403,Sound_C,56.23460979796963
1508476124654,Sound_P,63.95233273361063
1508476124656,PodiumIR,90
1508476126638,Sound_R,58.31927079621523
1508476127403,Sound_C,56.071814564605695
1508476134663,Sound_P,61.023021476191225
1508476134665,PodiumIR,97
1508476136638,Sound_R,58.98943093662251
1508476137403,Sound_C,54.94765504883234
1508476144667,Sound_P,62.551438321825636
1508476144669,PodiumIR,106
1508476146638,Sound_R,58.42454667577844
1508476147403,Sound_C,55.60290513984429
1508476154671,Sound_P,63.26648240367583
1508476154673,PodiumIR,104
1508476156638,Sound_R,58.11739409121793
1508476157403,Sound_C,55.87964298987625
1508476164675,Sound_P,61.80460425887306
1508476164677,PodiumIR,103
1508476166638,Sound_R,58.191320075718856
1508476167403,Sound_C,54.99183433201822
1508476174686,Sound_P,64.61127993529891
1508476174689,PodiumIR,101
1508476176638,Sound_R,57.78428293671749
1508476177403,Sound_C,54.7518516809162
1508476184691,Sound_P,63.95233273361063
1508476184693,PodiumIR,108
1508476186638,Sound_R,57.47083053722681
1508476187403,Sound_C,54.908802637970524
1508476194695,Sound_P,61.80460425887306
1508476194697,PodiumIR,85
1508476196638,Sound_R,58.42279295918686
1508476197403,Sound_C,56.03468516079502
1508476204706,Sound_P,62.551438321825636
1508476204709,PodiumIR,98
1508476206638,Sound_R,59.463234303445894
1508476207403,Sound_C,56.143725925725384
1508476214711,Sound_P,63.26648240367583
1508476214721,PodiumIR,120
1508476216638,Sound_R,57.24146095317028
1508476217403,Sound_C,54.36567462224949
1508476224730,Sound_P,61.023021476191225
1508476224733,PodiumIR,97
1508476226638,Sound_R,56.563490976329184
1508476227403,Sound_C,53.67641500265
1508476234735,Sound_P,65.24535518573873
1508476234744,PodiumIR,97
1508476236638,Sound_R,57.39889464033235
1508476237403,Sound_C,53.697569997619006
1508476244753,Sound_P,63.95233273361063
1508476244755,PodiumIR,105
1508476246638,Sound_R,56.78183846461865
1508476247403,Sound_C,53.21323895511045
1508476254757,Sound_P,65.24535518573873
1508476254759,PodiumIR,104
1508476256638,Sound_R,56.407388395316076
1508476257403,Sound_C,53.4301075058108
1508476264761,Sound_P,62.551438321825636
1508476264764,PodiumIR,108
1508476266638,Sound_R,56.9228468828371
1508476267403,Sound_C,53.058688869043046
1508476274765,Sound_P,61.80460425887306
1508476274770,PodiumIR,94
1508476276638,Sound_R,57.217717488756676
1508476277403,Sound_C,52.940682226803126
1508476284772,Sound_P,61.80460425887306
1508476284775,PodiumIR,87
1508476286638,Sound_R,56.14913738475466
1508476287403,Sound_C,53.054207202492556
1508476294777,Sound_P,61.80460425887306
1508476294779,PodiumIR,101
1508476296638,Sound_R,56.906498298113824
1508476297403,Sound_C,53.35417618842546
1508476304785,Sound_P,64.61127993529891
1508476304787,PodiumIR,111
1508476306638,Sound_R,57.78940619665739
1508476307403,Sound_C,53.836491232674724
1508476314789,Sound_P,62.551438321825636
1508476314797,PodiumIR,99
1508476316638,Sound_R,57.06460532864096
1508476317403,Sound_C,53.501960701477934
1508476324803,Sound_P,61.80460425887306
1508476324805,PodiumIR,105
1508476326638,Sound_R,56.500344178979425
1508476327403,Sound_C,52.999421227449005
1508476334807,Sound_P,61.80460425887306
1508476334810,PodiumIR,90
1508476336638,Sound_R,57.11557650782075
1508476337403,Sound_C,53.14181625893485
1508476344811,Sound_P,63.95233273361063
1508476344814,PodiumIR,104
1508476346638,Sound_R,57.804742406989305
1508476347403,Sound_C,53.87093855155695
1508476354815,Sound_P,61.80460425887306
1508476354818,PodiumIR,81
1508476356638,Sound_R,56.57818300588338
1508476357403,Sound_C,53.58961400849265
1508476364825,Sound_P,64.61127993529891
1508476364827,PodiumIR,102
1508476366638,Sound_R,54.7294570286594
1508476367403,Sound_C,53.193461149015974
1508476374829,Sound_P,63.95233273361063
1508476374831,PodiumIR,102
1508476376638,Sound_R,55.81373596738043
1508476377403,Sound_C,53.4524454652279
1508476384833,Sound_P,62.551438321825636
1508476384836,PodiumIR,97
1508476386638,Sound_R,57.85915802502142
1508476387403,Sound_C,54.524643503855
1508476394837,Sound_P,63.26648240367583
1508476394846,PodiumIR,128
1508476396638,Sound_R,56.97719453877863
1508476397403,Sound_C,54.841492464358105
1508476404851,Sound_P,62.551438321825636
1508476404853,PodiumIR,106
1508476406638,Sound_R,57.35447966791212
1508476407403,Sound_C,54.53733192573764
1508476414855,Sound_P,64.61127993529891
1508476414857,PodiumIR,83
1508476416638,Sound_R,59.62530118239729
1508476417403,Sound_C,55.156123285956
1508476424860,Sound_P,62.551438321825636
1508476424863,PodiumIR,104
1508476426638,Sound_R,59.42154886208143
1508476427403,Sound_C,55.29088919071355
1508476434865,Sound_P,63.26648240367583
1508476434867,PodiumIR,99
1508476436638,Sound_R,59.51016511906141
1508476437403,Sound_C,55.93636135214826
1508476444869,Sound_P,61.023021476191225
1508476444872,PodiumIR,67
1508476446638,Sound_R,59.60871926008685
1508476447403,Sound_C,55.392624624658914
1508476454873,Sound_P,63.95233273361063
1508476454875,PodiumIR,111
1508476456638,Sound_R,57.81102007792824
1508476457403,Sound_C,54.29249328713281
1508476464877,Sound_P,61.023021476191225
1508476464880,PodiumIR,103
1508476466638,Sound_R,57.307140898079105
1508476467403,Sound_C,54.29267480934326
1508476474881,Sound_P,63.26648240367583
1508476474883,PodiumIR,109
1508476476638,Sound_R,57.15367161508328
1508476477403,Sound_C,53.84750419914474
1508476484885,Sound_P,63.26648240367583
1508476484887,PodiumIR,101
1508476486638,Sound_R,55.84060693502904
1508476487403,Sound_C,53.71962272020544
1508476494891,Sound_P,63.26648240367583
1508476494893,PodiumIR,101
1508476496638,Sound_R,55.383309317743546
1508476497403,Sound_C,53.428019897337485
1508476504895,Sound_P,66.44593723960276
1508476504897,PodiumIR,96
1508476506638,Sound_R,55.71327558136673
1508476507403,Sound_C,53.59916442971697
1508476514899,Sound_P,61.80460425887306
1508476514902,PodiumIR,103
1508476516638,Sound_R,56.71630363914025
1508476517403,Sound_C,54.175845188026216
1508476524903,Sound_P,65.8563679754536
1508476524908,PodiumIR,119
1508476526638,Sound_R,57.4480155894934
1508476527403,Sound_C,53.8302689176308
1508476534912,Sound_P,61.023021476191225
1508476534914,PodiumIR,97
1508476536638,Sound_R,57.34304518099929
1508476537403,Sound_C,54.00588084182278
1508476544920,Sound_P,61.023021476191225
1508476544923,PodiumIR,100
1508476546638,Sound_R,56.64575769450602
1508476547403,Sound_C,53.78900284523966
1508476554925,Sound_P,61.023021476191225
1508476554927,PodiumIR,98
1508476556638,Sound_R,55.59499737797779
1508476557403,Sound_C,52.99815154220861
1508476564931,Sound_P,63.95233273361063
1508476564933,PodiumIR,90
1508476566638,Sound_R,55.98085196053083
1508476567403,Sound_C,52.985692221124566
1508476574935,Sound_P,61.80460425887306
1508476574938,PodiumIR,103
1508476576638,Sound_R,56.44220356427254
1508476577403,Sound_C,53.73933339967872
1508476584941,Sound_P,61.80460425887306
1508476584943,PodiumIR,95
1508476586638,Sound_R,56.3699523980492
1508476587403,Sound_C,53.498928605570406
1508476594946,Sound_P,61.023021476191225
1508476594950,PodiumIR,61
1508476596638,Sound_R,56.329232648422646
1508476597403,Sound_C,52.87321438690473
1508476604954,Sound_P,63.95233273361063
1508476604956,PodiumIR,101
1508476606638,Sound_R,57.25166579724195
1508476607403,Sound_C,53.308360424867324
1508476614958,Sound_P,63.95233273361063
1508476614962,PodiumIR,106
1508476616638,Sound_R,56.46156659139236
1508476617403,Sound_C,54.02906254000936
1508476624965,Sound_P,61.80460425887306
1508476624978,PodiumIR,99
1508476626638,Sound_R,54.89569685327064
1508476627403,Sound_C,53.886186933879166
1508476634981,Sound_P,61.80460425887306
1508476634983,PodiumIR,104
1508476636638,Sound_R,54.96211083957496
1508476637403,Sound_C,53.66786543052323
1508476644984,Sound_P,63.95233273361063
1508476644987,PodiumIR,97
1508476646638,Sound_R,55.48466436684753
1508476647403,Sound_C,53.646015536794216
1508476654988,Sound_P,62.551438321825636
1508476654990,PodiumIR,115
1508476656638,Sound_R,56.322165018035456
1508476657403,Sound_C,53.67978772132068
1508476664996,Sound_P,62.551438321825636
1508476665002,PodiumIR,102
1508476666638,Sound_R,57.53869935178394
1508476667403,Sound_C,54.61078673696097
1508476675005,Sound_P,64.61127993529891
1508476675008,PodiumIR,95
1508476676638,Sound_R,58.951615975531524
1508476677403,Sound_C,55.28004620492996
1508476685010,Sound_P,62.551438321825636
1508476685016,PodiumIR,124
1508476686638,Sound_R,59.287858220066006
1508476687403,Sound_C,55.06965830617253
1508476695022,Sound_P,65.24535518573873
1508476695024,PodiumIR,104
1508476696638,Sound_R,59.2843844720306
1508476697403,Sound_C,54.11616548482541
1508476705026,Sound_P,61.80460425887306
1508476705028,PodiumIR,88
1508476706638,Sound_R,59.1257608572166
1508476707403,Sound_C,53.09768896944444
1508476715030,Sound_P,64.61127993529891
1508476715032,PodiumIR,97
1508476716638,Sound_R,58.22651334121887
1508476717403,Sound_C,52.86631181902967
1508476725034,Sound_P,63.95233273361063
1508476725042,PodiumIR,97
1508476726638,Sound_R,56.956898655552315
1508476727403,Sound_C,53.225888089800456
1508476735049,Sound_P,63.95233273361063
1508476735051,PodiumIR,98
1508476736638,Sound_R,55.96171513662721
1508476737403,Sound_C,53.58815096300318
1508476745053,Sound_P,63.95233273361063
1508476745055,PodiumIR,83
1508476746638,Sound_R,56.69645972714181
1508476747403,Sound_C,54.051175302083344
1508476755057,Sound_P,61.80460425887306
1508476755059,PodiumIR,89
1508476756638,Sound_R,58.03387240097728
1508476757403,Sound_C,54.08691063674261
1508476765061,Sound_P,64.61127993529891
1508476765063,PodiumIR,98
1508476766638,Sound_R,57.22649320185766
1508476767403,Sound_C,54.213085404118594
1508476775065,Sound_P,63.95233273361063
1508476775067,PodiumIR,105
1508476776638,Sound_R,56.58113988466514
1508476777403,Sound_C,54.186831954845765
1508476785070,Sound_P,63.26648240367583
1508476785073,PodiumIR,86
1508476786638,Sound_R,56.39697976577426
1508476787403,Sound_C,54.07252614447685
1508476795074,Sound_P,63.26648240367583
1508476795077,PodiumIR,102
1508476796638,Sound_R,56.571629504494325
1508476797403,Sound_C,53.87067467632111
1508476805079,Sound_P,63.26648240367583
1508476805087,PodiumIR,97
1508476806638,Sound_R,55.860960744150056
1508476807403,Sound_C,53.013612552217324
1508476815089,Sound_P,63.26648240367583
1508476815091,PodiumIR,94
1508476816638,Sound_R,54.82423012719156
1508476817403,Sound_C,52.31890699609432
1508476825093,Sound_P,63.95233273361063
1508476825095,PodiumIR,100
1508476826638,Sound_R,55.53567313852258
1508476827403,Sound_C,53.186392490221756
1508476835097,Sound_P,63.95233273361063
1508476835099,PodiumIR,98
1508476836638,Sound_R,55.776022682503594
1508476837403,Sound_C,54.067253962947454
1508476845101,Sound_P,62.551438321825636
1508476845103,PodiumIR,109
1508476846638,Sound_R,55.7022047949337
1508476847403,Sound_C,53.473379833768114
1508476855105,Sound_P,61.80460425887306
1508476855107,PodiumIR,100
1508476856638,Sound_R,56.64792822776763
1508476857403,Sound_C,54.046536222779345
1508476865113,Sound_P,61.80460425887306
1508476865116,PodiumIR,107
1508476866638,Sound_R,57.03630961686514
1508476867403,Sound_C,54.73123044669774
1508476875117,Sound_P,61.023021476191225
1508476875120,PodiumIR,73
1508476876638,Sound_R,56.666851891165585
1508476877403,Sound_C,53.6133312375739
1508476885121,Sound_P,63.26648240367583
1508476885124,PodiumIR,101
1508476886638,Sound_R,57.582462160650635
1508476887403,Sound_C,53.718725197134766
1508476895125,Sound_P,63.95233273361063
1508476895128,PodiumIR,104
1508476896638,Sound_R,58.48436951972735
1508476897403,Sound_C,54.460580678476354
1508476905129,Sound_P,63.26648240367583
1508476905132,PodiumIR,98
1508476906638,Sound_R,57.5104947833024
1508476907403,Sound_C,53.387002681174316
1508476915133,Sound_P,64.61127993529891
1508476915136,PodiumIR,99
1508476916638,Sound_R,57.14114827646293
1508476917403,Sound_C,52.86172504624
1508476925137,Sound_P,61.023021476191225
1508476925140,PodiumIR,111
1508476926638,Sound_R,57.641076578324885
1508476927403,Sound_C,53.45278119263727
1508476935142,Sound_P,60.20329792798059
1508476935147,PodiumIR,102
1508476936638,Sound_R,57.85993413244963
1508476937403,Sound_C,53.73581531105241
1508476945151,Sound_P,64.61127993529891
1508476945153,PodiumIR,105
1508476946638,Sound_R,57.42962552591388
1508476947403,Sound_C,53.50383560792164
1508476955155,Sound_P,63.26648240367583
1508476955157,PodiumIR,101
1508476956638,Sound_R,56.84506666089874
1508476957403,Sound_C,53.43314358756616
1508476965163,Sound_P,62.551438321825636
1508476965166,PodiumIR,94
1508476966638,Sound_R,56.29162608029706
1508476967403,Sound_C,53.67722081493222
1508476975168,Sound_P,61.80460425887306
1508476975170,PodiumIR,96
1508476976638,Sound_R,56.389858756541095
1508476977403,Sound_C,53.72494308423628
1508476985176,Sound_P,63.95233273361063
1508476985188,PodiumIR,98
1508476986638,Sound_R,56.13110066917929
1508476987403,Sound_C,52.96486917315345
1508476995191,Sound_P,63.95233273361063
1508476995194,PodiumIR,90
1508476996638,Sound_R,55.48332264035955
1508476997403,Sound_C,52.7641626536121
1508477005195,Sound_P,62.551438321825636
1508477005197,PodiumIR,111
1508477006638,Sound_R,56.1517367362155
1508477007403,Sound_C,53.25105215649071
1508477015199,Sound_P,63.95233273361063
1508477015201,PodiumIR,106
1508477016638,Sound_R,57.20412966044838
1508477017403,Sound_C,53.771727458885664
1508477025203,Sound_P,61.80460425887306
1508477025205,PodiumIR,83
1508477026638,Sound_R,56.91846139254864
1508477027403,Sound_C,53.91959889471164
1508477035207,Sound_P,62.551438321825636
1508477035210,PodiumIR,99
1508477036638,Sound_R,55.50318150239525
1508477037403,Sound_C,53.189032802003595
1508477045211,Sound_P,63.26648240367583
1508477045213,PodiumIR,109
1508477046638,Sound_R,54.47416112397266
1508477047403,Sound_C,52.364248600569816
1508477055215,Sound_P,61.023021476191225
1508477055217,PodiumIR,93
1508477056638,Sound_R,54.15298391042021
1508477057403,Sound_C,51.82445490231036
1508477065219,Sound_P,64.61127993529891
1508477065221,PodiumIR,93
1508477066638,Sound_R,55.11124421060316
1508477067403,Sound_C,51.88922655781389
1508477075223,Sound_P,61.80460425887306
1508477075225,PodiumIR,77
1508477076638,Sound_R,55.695963723565036
1508477077403,Sound_C,52.55280595449462
1508477085227,Sound_P,61.80460425887306
1508477085230,PodiumIR,98
1508477086638,Sound_R,56.38157730066465
1508477087403,Sound_C,53.7618284156953
1508477095237,Sound_P,61.80460425887306
1508477095243,PodiumIR,110
1508477096638,Sound_R,56.30558184669652
1508477097403,Sound_C,54.194433188210134
1508477105246,Sound_P,63.26648240367583
1508477105249,PodiumIR,106
1508477106638,Sound_R,55.927522570640484
1508477107403,Sound_C,53.73176535475674
1508477115252,Sound_P,63.26648240367583
1508477115254,PodiumIR,104
1508477116638,Sound_R,57.031419535132066
1508477117403,Sound_C,53.62547315691925
1508477125260,Sound_P,61.80460425887306
1508477125267,PodiumIR,66
1508477126638,Sound_R,58.84729541218031
1508477127403,Sound_C,54.83922822786345
1508477135270,Sound_P,62.551438321825636
1508477135274,PodiumIR,110
1508477136638,Sound_R,60.017349180572495
1508477137403,Sound_C,54.53130524325536
1508477145278,Sound_P,63.95233273361063
1508477145281,PodiumIR,85
1508477146638,Sound_R,58.10950709682732
1508477147403,Sound_C,52.900348577265675
1508477155285,Sound_P,64.61127993529891
1508477155289,PodiumIR,105
1508477156638,Sound_R,57.220609163998034
1508477157403,Sound_C,54.13820030377229
1508477165293,Sound_P,61.023021476191225
1508477165296,PodiumIR,118
1508477166638,Sound_R,58.157437890078874
1508477167403,Sound_C,55.86352263659456
1508477175301,Sound_P,64.61127993529891
1508477175303,PodiumIR,104
1508477176638,Sound_R,58.44129671800484
1508477177403,Sound_C,55.509654235790265
1508477185305,Sound_P,62.551438321825636
1508477185307,PodiumIR,103
1508477186638,Sound_R,57.68868160158106
1508477187403,Sound_C,55.29618034456226
1508477195314,Sound_P,63.95233273361063
1508477195317,PodiumIR,97
1508477196638,Sound_R,56.73437384946962
1508477197403,Sound_C,55.64617351165044
1508477205322,Sound_P,61.023021476191225
1508477205324,PodiumIR,98
1508477206638,Sound_R,55.97705774942337
1508477207403,Sound_C,54.8076868249132
1508477215326,Sound_P,61.023021476191225
1508477215329,PodiumIR,96
1508477216638,Sound_R,56.0125443891412
1508477217403,Sound_C,53.66942305943312
1508477225335,Sound_P,62.551438321825636
1508477225337,PodiumIR,78
1508477226638,Sound_R,56.37363528643561
1508477227403,Sound_C,53.426940602072726
1508477235342,Sound_P,61.023021476191225
1508477235344,PodiumIR,101
1508477236638,Sound_R,57.24099724459837
1508477237403,Sound_C,53.76352886714787
1508477245346,Sound_P,62.551438321825636
1508477245348,PodiumIR,101
1508477246638,Sound_R,57.76479898597106
1508477247403,Sound_C,53.94856147874748
1508477255350,Sound_P,63.95233273361063
1508477255354,PodiumIR,100
1508477256638,Sound_R,57.333136992605624
1508477257403,Sound_C,54.631723487081594
1508477265358,Sound_P,64.61127993529891
1508477265361,PodiumIR,101
1508477266638,Sound_R,57.02410973171819
1508477267403,Sound_C,55.13776186825864
1508477275365,Sound_P,63.26648240367583
1508477275368,PodiumIR,104
1508477276638,Sound_R,57.017240071542574
1508477277403,Sound_C,54.88756435884343
1508477285370,Sound_P,61.023021476191225
1508477285372,PodiumIR,113
1508477286638,Sound_R,56.748135787044525
1508477287403,Sound_C,54.75663932242288
1508477295374,Sound_P,61.80460425887306
1508477295376,PodiumIR,87
1508477296638,Sound_R,55.53493820532521
1508477297403,Sound_C,53.828014400425026
1508477305378,Sound_P,63.26648240367583
1508477305381,PodiumIR,92
1508477306638,Sound_R,55.09864587142806
1508477307403,Sound_C,53.28662376749426
1508477315384,Sound_P,63.26648240367583
1508477315387,PodiumIR,105
1508477316638,Sound_R,56.95583434760618
1508477317403,Sound_C,54.654427421334816
1508477325390,Sound_P,63.26648240367583
1508477325394,PodiumIR,92
1508477326638,Sound_R,58.29859188009211
1508477327403,Sound_C,55.670824404773725
1508477335397,Sound_P,64.61127993529891
1508477335411,PodiumIR,102
1508477336638,Sound_R,57.483965533973354
1508477337403,Sound_C,55.37113512479032
1508477345414,Sound_P,61.80460425887306
1508477345417,PodiumIR,84
1508477346638,Sound_R,57.3115307520132
1508477347403,Sound_C,54.80244132364657
1508477355421,Sound_P,65.24535518573873
1508477355424,PodiumIR,109
1508477356638,Sound_R,58.5904526948139
1508477357403,Sound_C,55.12639054801215
1508477365427,Sound_P,65.8563679754536
1508477365430,PodiumIR,105
1508477366638,Sound_R,59.21609284512397
1508477367403,Sound_C,55.7626528356742
1508477375433,Sound_P,62.551438321825636
1508477375436,PodiumIR,104
1508477376638,Sound_R,56.68262263703816
1508477377403,Sound_C,54.42528992668057
1508477385438,Sound_P,62.551438321825636
1508477385440,PodiumIR,93
1508477386638,Sound_R,55.77161127721775
1508477387403,Sound_C,53.310353122024736
1508477395442,Sound_P,63.95233273361063
1508477395444,PodiumIR,99
1508477396638,Sound_R,56.53579395779078
1508477397403,Sound_C,52.51165637831837
1508477405446,Sound_P,61.80460425887306
1508477405448,PodiumIR,114
1508477406638,Sound_R,55.25511377375599
1508477407403,Sound_C,51.396374887402494
1508477415450,Sound_P,61.80460425887306
1508477415453,PodiumIR,102
1508477416638,Sound_R,55.639551877636556
1508477417403,Sound_C,52.229445991652
1508477425460,Sound_P,64.61127993529891
1508477425463,PodiumIR,87
1508477426638,Sound_R,56.95256097672822
1508477427403,Sound_C,53.5835258308176
1508477435465,Sound_P,63.95233273361063
1508477435467,PodiumIR,97
1508477436638,Sound_R,57.9997654709694
1508477437403,Sound_C,53.987260659799404
1508477445470,Sound_P,63.26648240367583
1508477445472,PodiumIR,71
1508477446638,Sound_R,58.47714336341115
1508477447403,Sound_C,53.10225199159606
1508477455474,Sound_P,61.80460425887306
1508477455476,PodiumIR,107
1508477456638,Sound_R,57.16707313308567
1508477457403,Sound_C,52.40410303839946
1508477465479,Sound_P,63.95233273361063
1508477465481,PodiumIR,106
1508477466638,Sound_R,56.41524588283952
1508477467403,Sound_C,53.106931573013526
1508477475483,Sound_P,61.80460425887306
1508477475486,PodiumIR,120
1508477476638,Sound_R,56.08505843512776
1508477477403,Sound_C,53.62207468206103
1508477485488,Sound_P,61.023021476191225
1508477485490,PodiumIR,114
1508477486638,Sound_R,55.603429857550545
1508477487403,Sound_C,54.37129815369622
1508477495492,Sound_P,63.26648240367583
1508477495496,PodiumIR,100
1508477496638,Sound_R,56.15593361846056
1508477497403,Sound_C,54.64476703923103
1508477505498,Sound_P,63.26648240367583
1508477505500,PodiumIR,100
1508477506638,Sound_R,56.350202145383605
1508477507403,Sound_C,53.86397428557846
1508477515502,Sound_P,64.61127993529891
1508477515505,PodiumIR,104
1508477516638,Sound_R,56.70871659805471
1508477517403,Sound_C,53.591762694963904
1508477525507,Sound_P,61.023021476191225
1508477525509,PodiumIR,99
1508477526638,Sound_R,56.47971156534211
1508477527403,Sound_C,53.28328396022555
1508477535513,Sound_P,65.8563679754536
1508477535515,PodiumIR,95
1508477536638,Sound_R,55.77640285311469
1508477537403,Sound_C,53.59307212382823
1508477545518,Sound_P,63.95233273361063
1508477545520,PodiumIR,103
1508477546638,Sound_R,56.0812621371334
1508477547403,Sound_C,54.51656237047957
1508477555522,Sound_P,63.95233273361063
1508477555524,PodiumIR,95
1508477556638,Sound_R,57.4420403401129
1508477557403,Sound_C,54.08518592997364
1508477565526,Sound_P,62.551438321825636
1508477565528,PodiumIR,106
1508477566638,Sound_R,58.328466944799494
1508477567403,Sound_C,53.92553628662932
1508477575530,Sound_P,63.26648240367583
1508477575533,PodiumIR,95
1508477576638,Sound_R,58.27278603221313
1508477577403,Sound_C,54.76256956791999
1508477585534,Sound_P,61.023021476191225
1508477585537,PodiumIR,80
1508477586638,Sound_R,58.83197259041731
1508477587403,Sound_C,54.78792868361478
1508477595541,Sound_P,62.551438321825636
1508477595544,PodiumIR,117
1508477596638,Sound_R,59.20040147875466
1508477597403,Sound_C,54.823377183920876
1508477605547,Sound_P,61.023021476191225
1508477605550,PodiumIR,90
1508477606638,Sound_R,58.627664501732745
1508477607403,Sound_C,54.929795898529896
1508477615554,Sound_P,62.551438321825636
1508477615557,PodiumIR,83
1508477616638,Sound_R,57.88822329067674
1508477617403,Sound_C,55.073328822423825
1508477625565,Sound_P,63.95233273361063
1508477625567,PodiumIR,100
1508477626638,Sound_R,57.41355629995014
1508477627403,Sound_C,54.82506649478438
1508477635569,Sound_P,64.61127993529891
1508477635572,PodiumIR,97
1508477636638,Sound_R,57.480711744010215
1508477637403,Sound_C,54.54544866060391
1508477645573,Sound_P,61.80460425887306
1508477645576,PodiumIR,109
1508477646638,Sound_R,57.20905925445894
1508477647403,Sound_C,54.74345523809604
1508477655578,Sound_P,62.551438321825636
1508477655580,PodiumIR,81
1508477656638,Sound_R,56.29526511931579
1508477657403,Sound_C,54.13633868580222
1508477665582,Sound_P,62.551438321825636
1508477665585,PodiumIR,101
1508477666638,Sound_R,55.742053207439746
1508477667403,Sound_C,52.99426562283123
1508477675593,Sound_P,63.95233273361063
1508477675597,PodiumIR,101
1508477676638,Sound_R,56.5499409779601
1508477677403,Sound_C,52.587709275215765
1508477685601,Sound_P,61.023021476191225
1508477685603,PodiumIR,98
1508477686638,Sound_R,57.216907950347355
1508477687403,Sound_C,52.957687670732334
1508477695605,Sound_P,61.023021476191225
1508477695608,PodiumIR,105
1508477696638,Sound_R,57.054257831943005
1508477697403,Sound_C,53.20790631586443
1508477705610,Sound_P,61.023021476191225
1508477705612,PodiumIR,100
1508477706638,Sound_R,57.348204325595134
1508477707403,Sound_C,53.54379894794929
1508477715621,Sound_P,63.26648240367583
1508477715624,PodiumIR,90
1508477716638,Sound_R,57.49926035813374
1508477717403,Sound_C,53.9758234069821
1508477725626,Sound_P,63.26648240367583
1508477725628,PodiumIR,98
1508477726638,Sound_R,56.29834731124786
1508477727403,Sound_C,54.32094997965904
1508477735630,Sound_P,64.61127993529891
1508477735633,PodiumIR,113
1508477736638,Sound_R,55.51240100038163
1508477737403,Sound_C,53.80177167332756
1508477745634,Sound_P,62.551438321825636
1508477745637,PodiumIR,96
1508477746638,Sound_R,55.670353901023184
1508477747403,Sound_C,53.62292184602605
1508477755645,Sound_P,62.551438321825636
1508477755647,PodiumIR,103
1508477756638,Sound_R,56.62138279072568
1508477757403,Sound_C,54.0176627572022
1508477765649,Sound_P,63.95233273361063
1508477765652,PodiumIR,95
1508477766638,Sound_R,56.50363887998524
1508477767403,Sound_C,53.364551339755536
1508477775654,Sound_P,61.023021476191225
1508477775656,PodiumIR,97
1508477776638,Sound_R,56.65711395166719
1508477777403,Sound_C,52.08432266269501
1508477785663,Sound_P,61.80460425887306
1508477785665,PodiumIR,99
1508477786638,Sound_R,57.24085749953448
1508477787403,Sound_C,52.285385574552485
1508477795668,Sound_P,63.95233273361063
1508477795670,PodiumIR,101
1508477796638,Sound_R,57.550200529270796
1508477797403,Sound_C,53.81371153650449
1508477805676,Sound_P,63.95233273361063
1508477805687,PodiumIR,122
1508477806638,Sound_R,57.814350754921215
1508477807403,Sound_C,54.882788203469914
1508477815689,Sound_P,63.95233273361063
1508477815691,PodiumIR,103
1508477816638,Sound_R,57.375681059596474
1508477817403,Sound_C,54.38660181593314
1508477825699,Sound_P,64.61127993529891
1508477825701,PodiumIR,97
1508477826638,Sound_R,56.59891430831067
1508477827403,Sound_C,52.94663081303562
1508477835703,Sound_P,63.95233273361063
1508477835709,PodiumIR,92
1508477836638,Sound_R,57.03601107338891
1508477837403,Sound_C,53.80834470402931
1508477845713,Sound_P,63.95233273361063
1508477845715,PodiumIR,111
1508477846638,Sound_R,57.50937954354566
1508477847403,Sound_C,55.267826962420294
1508477855719,Sound_P,61.80460425887306
1508477855721,PodiumIR,99
1508477856638,Sound_R,56.57707920985681
1508477857403,Sound_C,55.69074608850921
1508477865724,Sound_P,62.551438321825636
1508477865726,PodiumIR,108
1508477866638,Sound_R,56.23020064334722
1508477867403,Sound_C,54.83533630509313
1508477875730,Sound_P,62.551438321825636
1508477875734,PodiumIR,99
1508477876638,Sound_R,55.745682817136704
1508477877403,Sound_C,53.27995424068215
1508477885738,Sound_P,60.20329792798059
1508477885741,PodiumIR,94
1508477886638,Sound_R,56.89665013590815
1508477887403,Sound_C,53.72775875575524
1508477895746,Sound_P,63.26648240367583
1508477895749,PodiumIR,104
1508477896638,Sound_R,57.344677915283995
1508477897403,Sound_C,54.43755186766583
1508477905753,Sound_P,62.551438321825636
1508477905757,PodiumIR,96
1508477906638,Sound_R,55.91853575397783
1508477907403,Sound_C,53.874917989950795
1508477915761,Sound_P,64.61127993529891
1508477915763,PodiumIR,106
1508477916638,Sound_R,56.29879657819646
1508477917403,Sound_C,53.12521991076181
1508477925769,Sound_P,62.551438321825636
1508477925771,PodiumIR,103
1508477926638,Sound_R,56.54023778477687
1508477927403,Sound_C,52.43580283370645
1508477935773,Sound_P,63.95233273361063
1508477935775,PodiumIR,105
1508477936638,Sound_R,56.23717971203851
1508477937403,Sound_C,52.58594742309558
1508477945777,Sound_P,65.24535518573873
1508477945781,PodiumIR,79
1508477946638,Sound_R,56.43995003108851
1508477947403,Sound_C,53.15722690755448
1508477955785,Sound_P,63.26648240367583
1508477955787,PodiumIR,105
1508477956638,Sound_R,57.2578993772643
1508477957403,Sound_C,53.65452285586949
1508477965789,Sound_P,61.80460425887306
1508477965799,PodiumIR,103
1508477966638,Sound_R,57.23170785188987
1508477967403,Sound_C,53.44957118876875
1508477975801,Sound_P,61.023021476191225
1508477975803,PodiumIR,106
1508477976638,Sound_R,56.157195046321995
1508477977403,Sound_C,53.14124512628835
1508477985805,Sound_P,61.80460425887306
1508477985807,PodiumIR,102
1508477986638,Sound_R,56.75686002741967
1508477987403,Sound_C,53.717815946733275
1508477995809,Sound_P,61.80460425887306
1508477995812,PodiumIR,99
1508477996638,Sound_R,57.64908233194706
1508477997403,Sound_C,54.123348795986765
1508478005817,Sound_P,61.80460425887306
1508478005820,PodiumIR,108
1508478006638,Sound_R,57.278679427821224
1508478007403,Sound_C,54.232791757960975
1508478015826,Sound_P,61.80460425887306
1508478015828,PodiumIR,100
1508478016638,Sound_R,55.49725395353371
1508478017403,Sound_C,53.73608018196327
1508478025830,Sound_P,61.80460425887306
1508478025833,PodiumIR,120
1508478026638,Sound_R,55.58460352702438
1508478027403,Sound_C,52.820712210108546
1508478035836,Sound_P,61.023021476191225
1508478035838,PodiumIR,101
1508478036638,Sound_R,56.77509381048032
1508478037403,Sound_C,52.71252291569928
1508478045840,Sound_P,63.95233273361063
1508478045843,PodiumIR,72
1508478046638,Sound_R,55.53497667819014
1508478047403,Sound_C,53.59742939045724
1508478055847,Sound_P,62.551438321825636
1508478055853,PodiumIR,111
1508478056638,Sound_R,54.682818080873766
1508478057403,Sound_C,53.948815630443534
1508478065857,Sound_P,63.26648240367583
1508478065860,PodiumIR,100
1508478066638,Sound_R,55.38440100838404
1508478067403,Sound_C,52.88792764131703
1508478075864,Sound_P,61.023021476191225
1508478075867,PodiumIR,94
1508478076638,Sound_R,55.664368642372374
1508478077403,Sound_C,52.72744126161901
1508478085868,Sound_P,62.551438321825636
1508478085870,PodiumIR,109
1508478086638,Sound_R,55.953299935780024
1508478087403,Sound_C,53.407726349589204
1508478095872,Sound_P,63.95233273361063
1508478095874,PodiumIR,98
1508478096638,Sound_R,57.0311866817749
1508478097403,Sound_C,54.03403114245423
1508478105876,Sound_P,64.61127993529891
1508478105878,PodiumIR,101
1508478106638,Sound_R,57.00900172716382
1508478107403,Sound_C,53.80458690391174
1508478115880,Sound_P,63.95233273361063
1508478115890,PodiumIR,81
1508478116638,Sound_R,56.707651121989215
1508478117403,Sound_C,54.06993154247193
1508478125896,Sound_P,62.551438321825636
1508478125898,PodiumIR,105
1508478126638,Sound_R,57.59143280760603
1508478127403,Sound_C,56.10111231453188
1508478135900,Sound_P,64.61127993529891
1508478135902,PodiumIR,102
1508478136638,Sound_R,56.84446191843826
1508478137403,Sound_C,56.10196375420657
1508478145904,Sound_P,70.5390318503356
1508478145906,PodiumIR,99
1508478146638,Sound_R,57.35806358315468
1508478147403,Sound_C,55.73869307830511
1508478155908,Sound_P,63.95233273361063
1508478155911,PodiumIR,103
1508478156638,Sound_R,59.09294154818372
1508478157403,Sound_C,56.21439183473205
1508478165917,Sound_P,61.023021476191225
1508478165919,PodiumIR,100
1508478166638,Sound_R,58.76397950089029
1508478167403,Sound_C,55.603857641098294
1508478175922,Sound_P,63.26648240367583
1508478175930,PodiumIR,101
1508478176638,Sound_R,57.910243363795644
1508478177403,Sound_C,54.656444858856275
1508478185933,Sound_P,63.26648240367583
1508478185936,PodiumIR,99
1508478186638,Sound_R,58.19024301492136
1508478187403,Sound_C,53.92363671967275
1508478195942,Sound_P,63.26648240367583
1508478195959,PodiumIR,104
1508478196638,Sound_R,59.32198349614948
1508478197403,Sound_C,54.28008289765808
1508478205961,Sound_P,60.20329792798059
1508478205963,PodiumIR,100
1508478206638,Sound_R,58.27105542030116
1508478207403,Sound_C,54.145757034212615
1508478215965,Sound_P,65.8563679754536
1508478215967,PodiumIR,114
1508478216638,Sound_R,56.84318770743874
1508478217403,Sound_C,53.729716448993464
1508478225982,Sound_P,63.26648240367583
1508478225986,PodiumIR,90
1508478226638,Sound_R,57.560324927709786
1508478227403,Sound_C,54.43519345989116
1508478235989,Sound_P,64.61127993529891
1508478235999,PodiumIR,101
1508478236638,Sound_R,57.84515892953859
1508478237403,Sound_C,54.08232865752544
1508478246002,Sound_P,62.551438321825636
1508478246004,PodiumIR,86
1508478246638,Sound_R,56.446782667821715
1508478247403,Sound_C,53.31761549493137
1508478256008,Sound_P,65.8563679754536
1508478256010,PodiumIR,106
1508478256638,Sound_R,56.15604334785629
1508478257403,Sound_C,53.30219070688698
1508478266017,Sound_P,64.61127993529891
1508478266020,PodiumIR,100
1508478266638,Sound_R,58.67409290542458
1508478267403,Sound_C,54.13479674851462
1508478276021,Sound_P,63.95233273361063
1508478276023,PodiumIR,101
1508478276638,Sound_R,58.61115890416449
1508478277403,Sound_C,54.530234029790584
1508478286032,Sound_P,65.24535518573873
1508478286034,PodiumIR,95
1508478286638,Sound_R,56.904476404303466
1508478287403,Sound_C,54.474731986972834
1508478296036,Sound_P,61.80460425887306
1508478296039,PodiumIR,100
1508478296638,Sound_R,56.40299376007315
1508478297403,Sound_C,54.554237245853265
1508478306040,Sound_P,60.20329792798059
1508478306055,PodiumIR,99
1508478306638,Sound_R,56.047011805377984
1508478307403,Sound_C,54.08711704573869
1508478316057,Sound_P,63.26648240367583
1508478316060,PodiumIR,92
1508478316638,Sound_R,56.166410125144274
1508478317403,Sound_C,52.76443491489295
1508478326062,Sound_P,63.95233273361063
1508478326070,PodiumIR,112
1508478326638,Sound_R,55.636927342880476
1508478327403,Sound_C,52.67642077473835
1508478336076,Sound_P,63.26648240367583
1508478336078,PodiumIR,94
1508478336638,Sound_R,54.8704453823986
1508478337403,Sound_C,53.85829227035624
1508478346080,Sound_P,63.95233273361063
1508478346091,PodiumIR,95
1508478346638,Sound_R,55.52542481852894
1508478347403,Sound_C,54.273001364408316
1508478356094,Sound_P,64.61127993529891
1508478356096,PodiumIR,112
1508478356638,Sound_R,55.798960441671795
1508478357403,Sound_C,54.01186854735267
1508478366097,Sound_P,63.26648240367583
1508478366110,PodiumIR,84
1508478366638,Sound_R,55.59120423613606
1508478367403,Sound_C,53.62049573109626
1508478376112,Sound_P,61.80460425887306
1508478376114,PodiumIR,116
1508478376638,Sound_R,54.87408284500892
1508478377403,Sound_C,53.05259937807704
1508478386116,Sound_P,61.80460425887306
1508478386118,PodiumIR,108
1508478386638,Sound_R,54.88092670292638
1508478387403,Sound_C,52.54427026666749
1508478396120,Sound_P,60.20329792798059
1508478396123,PodiumIR,101
1508478396638,Sound_R,56.204645353385324
1508478397403,Sound_C,53.44053783844985
1508478406125,Sound_P,64.61127993529891
1508478406127,PodiumIR,102
1508478406638,Sound_R,56.215131770112976
1508478407403,Sound_C,54.03208268016798
1508478416130,Sound_P,63.26648240367583
1508478416136,PodiumIR,102
1508478416638,Sound_R,57.319459918570665
1508478417403,Sound_C,53.908506667250826
1508478426140,Sound_P,62.551438321825636
1508478426143,PodiumIR,104
1508478426638,Sound_R,59.51324245387699
1508478427403,Sound_C,55.258281609158836
1508478436144,Sound_P,61.023021476191225
1508478436162,PodiumIR,119
1508478436638,Sound_R,59.97646097997413
1508478437403,Sound_C,56.02831667021875
1508478446164,Sound_P,63.26648240367583
1508478446166,PodiumIR,105
1508478446638,Sound_R,59.826381005022135
1508478447403,Sound_C,55.93722995089732
1508478456168,Sound_P,62.551438321825636
1508478456171,PodiumIR,101
1508478456638,Sound_R,60.221770785335536
1508478457403,Sound_C,56.374676555892314
1508478466172,Sound_P,63.95233273361063
1508478466174,PodiumIR,107
1508478466638,Sound_R,59.332815279901325
1508478467403,Sound_C,56.799481197274126
1508478476176,Sound_P,61.80460425887306
1508478476179,PodiumIR,100
1508478476638,Sound_R,59.6926413817996
1508478477403,Sound_C,57.81028413640133
1508478486180,Sound_P,65.24535518573873
1508478486183,PodiumIR,96
1508478486638,Sound_R,60.59047956651571
1508478487403,Sound_C,57.90353161538187
1508478496184,Sound_P,63.95233273361063
1508478496187,PodiumIR,94
1508478496638,Sound_R,60.853730285058134
1508478497403,Sound_C,57.816173081912545
1508478506189,Sound_P,65.24535518573873
1508478506191,PodiumIR,95
1508478506638,Sound_R,61.6534997692354
1508478507403,Sound_C,56.99059291420419
1508478516193,Sound_P,63.26648240367583
1508478516195,PodiumIR,92
1508478516638,Sound_R,60.779680771922784
1508478517403,Sound_C,56.446923199432064
1508478526197,Sound_P,65.24535518573873
1508478526199,PodiumIR,101
1508478526638,Sound_R,58.76546577695475
1508478527403,Sound_C,55.75024532908798
1508478536201,Sound_P,61.80460425887306
1508478536204,PodiumIR,90
1508478536638,Sound_R,57.87564705413183
1508478537403,Sound_C,53.38987045290089
1508478546205,Sound_P,61.80460425887306
1508478546207,PodiumIR,95
1508478546638,Sound_R,57.185046000023256
1508478547403,Sound_C,53.20327958590198
1508478556209,Sound_P,62.551438321825636
1508478556212,PodiumIR,100
1508478556638,Sound_R,57.13297986492788
1508478557403,Sound_C,53.97499749384743
1508478566218,Sound_P,61.80460425887306
1508478566220,PodiumIR,107
1508478566638,Sound_R,57.401066616995756
1508478567403,Sound_C,53.957013908054556
1508478576222,Sound_P,63.26648240367583
1508478576224,PodiumIR,79
1508478576638,Sound_R,58.33846297867739
1508478577403,Sound_C,53.81706117872741
1508478586226,Sound_P,63.26648240367583
1508478586229,PodiumIR,89
1508478586638,Sound_R,58.45829612484278
1508478587403,Sound_C,56.137080926507316
1508478596230,Sound_P,63.26648240367583
1508478596233,PodiumIR,121
1508478596638,Sound_R,58.444078808587214
1508478597403,Sound_C,58.02634635778474
1508478606243,Sound_P,63.95233273361063
1508478606245,PodiumIR,105
1508478606638,Sound_R,59.19148880375988
1508478607403,Sound_C,56.70486193308948
1508478616247,Sound_P,64.61127993529891
1508478616249,PodiumIR,100
1508478616638,Sound_R,59.45201589220099
1508478617403,Sound_C,56.299386084304984
1508478626251,Sound_P,63.95233273361063
1508478626254,PodiumIR,102
1508478626638,Sound_R,63.82110680149788
1508478627403,Sound_C,59.58192420719312
1508478636256,Sound_P,72.66858725677886
1508478636258,PodiumIR,107
1508478636638,Sound_R,69.56061504316193
1508478637403,Sound_C,66.59527970648209
1508478646265,Sound_P,66.44593723960276
1508478646267,PodiumIR,93
1508478646638,Sound_R,70.6360797761135
1508478647403,Sound_C,68.87171183092944
1508478656269,Sound_P,63.95233273361063
1508478656271,PodiumIR,97
1508478656638,Sound_R,66.71072171087262
1508478657403,Sound_C,63.29451702576754
1508478666273,Sound_P,64.61127993529891
1508478666276,PodiumIR,96
1508478666638,Sound_R,62.07889941469073
1508478667403,Sound_C,57.85975571358446
1508478676277,Sound_P,62.551438321825636
1508478676280,PodiumIR,79
1508478676638,Sound_R,59.54079937710646
1508478677403,Sound_C,56.594988178572095
1508478686281,Sound_P,65.24535518573873
1508478686283,PodiumIR,91
1508478686638,Sound_R,58.408268437896915
1508478687403,Sound_C,56.2347910456971
1508478696285,Sound_P,61.023021476191225
1508478696287,PodiumIR,106
1508478696638,Sound_R,57.50823664957698
1508478697403,Sound_C,54.300528196157245
1508478706289,Sound_P,61.80460425887306
1508478706292,PodiumIR,109
1508478706638,Sound_R,56.128251521879406
1508478707403,Sound_C,52.01066794777815
1508478716294,Sound_P,63.26648240367583
1508478716296,PodiumIR,104
1508478716638,Sound_R,55.91604963214379
1508478717403,Sound_C,51.433231645177266
1508478726298,Sound_P,65.8563679754536
1508478726300,PodiumIR,82
1508478726638,Sound_R,56.812076788063756
1508478727403,Sound_C,53.13632504149249
1508478736302,Sound_P,62.551438321825636
1508478736304,PodiumIR,101
1508478736638,Sound_R,57.34963371810145
1508478737403,Sound_C,54.40497885250358
1508478746306,Sound_P,63.95233273361063
1508478746308,PodiumIR,103
1508478746638,Sound_R,58.613352507270754
1508478747403,Sound_C,55.65079985260491
1508478756310,Sound_P,65.24535518573873
1508478756313,PodiumIR,98
1508478756638,Sound_R,58.412016852658915
1508478757403,Sound_C,57.32818246247703
1508478766320,Sound_P,63.26648240367583
1508478766323,PodiumIR,101
1508478766638,Sound_R,59.12979161467363
1508478767403,Sound_C,58.84893211403878
1508478776328,Sound_P,63.26648240367583
1508478776330,PodiumIR,87
1508478776638,Sound_R,61.52418245655657
1508478777403,Sound_C,58.8901355583973
1508478786332,Sound_P,62.551438321825636
1508478786334,PodiumIR,95
1508478786638,Sound_R,60.84310872222455
1508478787403,Sound_C,56.54538002738508
1508478796336,Sound_P,63.26648240367583
1508478796338,PodiumIR,104
1508478796638,Sound_R,57.94892124186086
1508478797403,Sound_C,54.981849434749996
1508478806340,Sound_P,61.023021476191225
1508478806343,PodiumIR,108
1508478806638,Sound_R,57.7682966040666
1508478807403,Sound_C,54.88517224224788
1508478816344,Sound_P,62.551438321825636
1508478816346,PodiumIR,96
1508478816638,Sound_R,58.10713183040235
1508478817403,Sound_C,55.02147819540496
1508478826348,Sound_P,61.023021476191225
1508478826351,PodiumIR,100
1508478826638,Sound_R,56.52833227489297
1508478827403,Sound_C,56.00782702896408
1508478836352,Sound_P,65.8563679754536
1508478836355,PodiumIR,108
1508478836638,Sound_R,57.20479258648164
1508478837403,Sound_C,57.807562049875344
1508478846356,Sound_P,68.61682354019833
1508478846363,PodiumIR,102
1508478846638,Sound_R,63.26260538204042
1508478847403,Sound_C,61.60526234367089
1508478856365,Sound_P,82.41011779552353
1508478856368,PodiumIR,115
1508478856638,Sound_R,77.58854554264313
1508478857403,Sound_C,75.04214852847052
1508478866370,Sound_P,76.25684571588656
1508478866372,PodiumIR,101
1508478866638,Sound_R,80.97600847304396
1508478867403,Sound_C,78.7654033923482
1508478876374,Sound_P,70.5390318503356
1508478876377,PodiumIR,90
1508478876638,Sound_R,75.72996839006699
1508478877403,Sound_C,72.70263156864603
1508478886379,Sound_P,68.0998289029382
1508478886381,PodiumIR,95
1508478886638,Sound_R,74.88304689626743
1508478887403,Sound_C,70.75664150410951
1508478896383,Sound_P,64.61127993529891
1508478896386,PodiumIR,88
1508478896638,Sound_R,70.64140797485182
1508478897403,Sound_C,66.5063670852487
1508478906387,Sound_P,61.023021476191225
1508478906390,PodiumIR,109
1508478906638,Sound_R,65.83684883217065
1508478907403,Sound_C,61.12127338623978
1508478916391,Sound_P,67.01551720930587
1508478916394,PodiumIR,103
1508478916638,Sound_R,63.609769963505244
1508478917403,Sound_C,59.079219298129225
1508478926395,Sound_P,62.551438321825636
1508478926398,PodiumIR,98
1508478926638,Sound_R,61.60550363536591
1508478927403,Sound_C,59.224314347382155
1508478936400,Sound_P,64.61127993529891
1508478936402,PodiumIR,105
1508478936638,Sound_R,60.03437168328286
1508478937403,Sound_C,57.24869605275675
1508478946403,Sound_P,61.023021476191225
1508478946405,PodiumIR,101
1508478946638,Sound_R,59.32136057635657
1508478947403,Sound_C,55.81859656985316
1508478956407,Sound_P,63.26648240367583
1508478956410,PodiumIR,111
1508478956638,Sound_R,57.343465242959724
1508478957403,Sound_C,54.542729492490615
1508478966411,Sound_P,63.26648240367583
1508478966414,PodiumIR,96
1508478966638,Sound_R,59.39600989153616
1508478967403,Sound_C,55.9374198415857
1508478976415,Sound_P,61.80460425887306
1508478976418,PodiumIR,101
1508478976638,Sound_R,60.567729185601216
1508478977403,Sound_C,56.58034950591099
1508478986426,Sound_P,62.551438321825636
1508478986431,PodiumIR,97
1508478986638,Sound_R,58.70227226251881
1508478987403,Sound_C,55.61919924738283
1508478996432,Sound_P,61.80460425887306
1508478996434,PodiumIR,111
1508478996638,Sound_R,58.60806505646425
1508478997403,Sound_C,55.50883930109527
1508479006436,Sound_P,62.551438321825636
1508479006438,PodiumIR,95
1508479006638,Sound_R,59.809538902179476
1508479007403,Sound_C,55.727857955762055
1508479016440,Sound_P,64.61127993529891
1508479016443,PodiumIR,104
1508479016638,Sound_R,61.17433592293221
1508479017403,Sound_C,56.46900001606864
1508479026444,Sound_P,65.24535518573873
1508479026447,PodiumIR,98
1508479026638,Sound_R,61.77438694670068
1508479027403,Sound_C,56.8241389026135
1508479036449,Sound_P,63.26648240367583
1508479036456,PodiumIR,107
1508479036638,Sound_R,59.65063608323874
1508479037403,Sound_C,55.898516187150925
1508479046458,Sound_P,63.95233273361063
1508479046460,PodiumIR,100
1508479046638,Sound_R,57.32524232140469
1508479047403,Sound_C,54.64447493614288
1508479056462,Sound_P,63.26648240367583
1508479056465,PodiumIR,110
1508479056638,Sound_R,57.02082389951746
1508479057403,Sound_C,54.32442776430525
1508479066466,Sound_P,63.26648240367583
1508479066469,PodiumIR,101
1508479066638,Sound_R,57.57759107609252
1508479067403,Sound_C,54.75784169266995
1508479076477,Sound_P,62.551438321825636
1508479076480,PodiumIR,115
1508479076638,Sound_R,58.726616094049426
1508479077403,Sound_C,55.1906585601408
1508479086482,Sound_P,62.551438321825636
1508479086485,PodiumIR,104
1508479086638,Sound_R,59.331946259093094
1508479087403,Sound_C,55.8558244939229
1508479096486,Sound_P,61.023021476191225
1508479096488,PodiumIR,94
1508479096638,Sound_R,58.428054294132096
1508479097403,Sound_C,55.45710015650027
1508479106490,Sound_P,65.24535518573873
1508479106492,PodiumIR,109
1508479106638,Sound_R,58.020928971637886
1508479107403,Sound_C,55.51130309821616
1508479116494,Sound_P,62.551438321825636
1508479116497,PodiumIR,97
1508479116638,Sound_R,56.65218635506863
1508479117403,Sound_C,55.487697135157696
1508479126498,Sound_P,63.26648240367583
1508479126500,PodiumIR,102
1508479126638,Sound_R,55.772351440884044
1508479127403,Sound_C,54.21144834728562
1508479136502,Sound_P,62.551438321825636
1508479136504,PodiumIR,100
1508479136638,Sound_R,56.6412193897992
1508479137403,Sound_C,54.031745965022075
1508479146506,Sound_P,61.023021476191225
1508479146511,PodiumIR,104
1508479146638,Sound_R,56.82081925223189
1508479147403,Sound_C,54.81786481904613
1508479156513,Sound_P,63.26648240367583
1508479156515,PodiumIR,106
1508479156638,Sound_R,57.96853468167179
1508479157403,Sound_C,55.49440461528578
1508479166517,Sound_P,61.80460425887306
1508479166520,PodiumIR,101
1508479166638,Sound_R,58.320457482012266
1508479167403,Sound_C,55.529021647597006
1508479176521,Sound_P,67.01551720930587
1508479176523,PodiumIR,94
1508479176638,Sound_R,57.223535571394336
1508479177403,Sound_C,56.144980317914
1508479186525,Sound_P,66.44593723960276
1508479186527,PodiumIR,115
1508479186638,Sound_R,58.194943944557
1508479187403,Sound_C,56.90479082143569
1508479196538,Sound_P,72.66858725677886
1508479196540,PodiumIR,107
1508479196638,Sound_R,59.61533140456495
1508479197403,Sound_C,58.23251882770237
1508479206542,Sound_P,68.61682354019833
1508479206544,PodiumIR,108
1508479206638,Sound_R,58.58479655709846
1508479207403,Sound_C,58.254299268054154
1508479216546,Sound_P,61.80460425887306
1508479216549,PodiumIR,98
1508479216638,Sound_R,59.72521576794736
1508479217403,Sound_C,57.830669055913994
1508479226551,Sound_P,65.24535518573873
1508479226553,PodiumIR,90
1508479226638,Sound_R,62.119277405921366
1508479227404,Sound_C,58.61145820076107
1508479236555,Sound_P,62.551438321825636
1508479236557,PodiumIR,66
1508479236638,Sound_R,62.37682937406308
1508479237403,Sound_C,59.162957252446034
1508479246565,Sound_P,62.551438321825636
1508479246577,PodiumIR,97
1508479246638,Sound_R,63.05950247327755
1508479247403,Sound_C,60.89306305321541
1508479256579,Sound_P,64.61127993529891
1508479256581,PodiumIR,86
1508479256638,Sound_R,63.05795960256032
1508479257403,Sound_C,60.70209043787501
1508479266583,Sound_P,65.8563679754536
1508479266585,PodiumIR,103
1508479266638,Sound_R,61.79488643624444
1508479267403,Sound_C,58.3845006475521
1508479276587,Sound_P,63.95233273361063
1508479276590,PodiumIR,103
1508479276638,Sound_R,62.84937276881909
1508479277403,Sound_C,59.596166223692244
1508479286592,Sound_P,63.95233273361063
1508479286594,PodiumIR,106
1508479286638,Sound_R,62.94922004726044
1508479287403,Sound_C,60.5961360088271
1508479296596,Sound_P,63.95233273361063
1508479296599,PodiumIR,97
1508479296638,Sound_R,61.14082733280092
1508479297403,Sound_C,58.73476079900245
1508479306600,Sound_P,62.551438321825636
1508479306602,PodiumIR,82
1508479306638,Sound_R,61.139620284814576
1508479307403,Sound_C,57.68026011620565
1508479316604,Sound_P,62.551438321825636
1508479316606,PodiumIR,108
1508479316638,Sound_R,61.12352204745098
1508479317403,Sound_C,57.202059773667095
1508479326608,Sound_P,65.8563679754536
1508479326611,PodiumIR,95
1508479326638,Sound_R,60.972092649047276
1508479327403,Sound_C,57.22363974494247
1508479336612,Sound_P,61.023021476191225
1508479336615,PodiumIR,99
1508479336638,Sound_R,59.999142339828616
1508479337403,Sound_C,56.12911158453591
1508479346616,Sound_P,61.023021476191225
1508479346619,PodiumIR,109
1508479346638,Sound_R,59.30454016682632
1508479347403,Sound_C,55.545621054686514
1508479356620,Sound_P,63.26648240367583
1508479356623,PodiumIR,94
1508479356638,Sound_R,58.92175212726924
1508479357403,Sound_C,54.94993704198206
1508479366624,Sound_P,62.551438321825636
1508479366626,PodiumIR,101
1508479366638,Sound_R,57.08078656460373
1508479367403,Sound_C,53.50555361094464
1508479376628,Sound_P,62.551438321825636
1508479376630,PodiumIR,71
1508479376638,Sound_R,57.34536584568539
1508479377403,Sound_C,53.42069009059912
1508479386632,Sound_P,62.551438321825636
1508479386635,PodiumIR,112
1508479386638,Sound_R,58.24503901804309
1508479387403,Sound_C,54.16051203584007
1508479396636,Sound_P,64.61127993529891
1508479396638,Sound_R,57.41285733778565
1508479396639,PodiumIR,108
1508479397403,Sound_C,54.63728415158
1508479406638,Sound_R,56.89035054609775
1508479406640,Sound_P,62.551438321825636
1508479406642,PodiumIR,93
1508479407403,Sound_C,54.133194385036724
1508479416638,Sound_R,57.98610326075022
1508479416644,Sound_P,63.26648240367583
1508479416646,PodiumIR,101
1508479417403,Sound_C,54.31734478403627
1508479426638,Sound_R,58.90786453770229
1508479426648,Sound_P,65.8563679754536
1508479426650,PodiumIR,74
1508479427403,Sound_C,54.74371693792412
1508479436638,Sound_R,58.304050874656355
1508479436652,Sound_P,63.26648240367583
1508479436654,PodiumIR,106
1508479437403,Sound_C,55.06145173492939
1508479446638,Sound_R,56.987585928046144
1508479446656,Sound_P,61.80460425887306
1508479446660,PodiumIR,113
1508479447403,Sound_C,55.845981570002415
1508479456638,Sound_R,57.93838920161474
1508479456661,Sound_P,61.023021476191225
1508479456664,PodiumIR,101
1508479457403,Sound_C,55.73818334338923
1508479466638,Sound_R,60.58701915835826
1508479466666,Sound_P,63.95233273361063
1508479466668,PodiumIR,101
1508479467403,Sound_C,56.256853875553794
1508479476638,Sound_R,60.48226733445409
1508479476677,Sound_P,62.551438321825636
1508479476680,PodiumIR,85
1508479477403,Sound_C,57.40912901239887
1508479486638,Sound_R,59.25261802229988
1508479486681,Sound_P,62.551438321825636
1508479486683,PodiumIR,106
1508479487403,Sound_C,56.8172366110121
1508479496638,Sound_R,57.60983430177012
1508479496685,Sound_P,63.95233273361063
1508479496687,PodiumIR,78
1508479497403,Sound_C,55.80676505049761
1508479506638,Sound_R,57.74017638059032
1508479506708,Sound_P,61.80460425887306
1508479506710,PodiumIR,100
1508479507403,Sound_C,54.67885050501568
1508479516638,Sound_R,57.88154314602459
1508479516712,Sound_P,61.80460425887306
1508479516720,PodiumIR,97
1508479517403,Sound_C,54.3357425141267
1508479526638,Sound_R,57.107238860599445
1508479526731,Sound_P,63.26648240367583
1508479526734,PodiumIR,105
1508479527403,Sound_C,54.40304632480815
1508479536638,Sound_R,56.28576105976791
1508479536735,Sound_P,60.20329792798059
1508479536737,PodiumIR,87
1508479537403,Sound_C,53.700403603667525
1508479546638,Sound_R,56.49294078231018
1508479546739,Sound_P,67.01551720930587
1508479546741,PodiumIR,100
1508479547403,Sound_C,53.54898963941401
1508479556638,Sound_R,57.28754438805259
1508479556743,Sound_P,61.023021476191225
1508479556746,PodiumIR,68
1508479557403,Sound_C,55.43905026940913
1508479566638,Sound_R,56.586740852984356
1508479566747,Sound_P,62.551438321825636
1508479566750,PodiumIR,97
1508479567403,Sound_C,57.06442489356491
1508479576638,Sound_R,56.354078146014906
1508479576752,Sound_P,61.023021476191225
1508479576754,PodiumIR,103
1508479577403,Sound_C,55.31372063472352
1508479586638,Sound_R,57.209595373335894
1508479586756,Sound_P,64.61127993529891
1508479586759,PodiumIR,98
1508479587403,Sound_C,54.085536975941544
1508479596638,Sound_R,57.572031543264984
1508479596760,Sound_P,63.95233273361063
1508479596762,PodiumIR,77
1508479597403,Sound_C,54.08541793351875
1508479606638,Sound_R,56.319542562069216
1508479606764,Sound_P,62.551438321825636
1508479606766,PodiumIR,105
1508479607403,Sound_C,53.572801922210296
1508479616638,Sound_R,55.4277432405182
1508479616768,Sound_P,61.80460425887306
1508479616771,PodiumIR,99
1508479617403,Sound_C,54.01026153389864
1508479626638,Sound_R,58.31826651750736
1508479626772,Sound_P,63.26648240367583
1508479626775,PodiumIR,100
1508479627403,Sound_C,56.43139269967711
1508479636638,Sound_R,59.68201270051642
1508479636776,Sound_P,62.551438321825636
1508479636779,PodiumIR,98
1508479637403,Sound_C,56.88023154112981
1508479646638,Sound_R,59.69854490525163
1508479646780,Sound_P,61.80460425887306
1508479646783,PodiumIR,100
1508479647403,Sound_C,55.178258499805146
1508479656638,Sound_R,59.11184382031928
1508479656784,Sound_P,65.24535518573873
1508479656787,PodiumIR,95
1508479657403,Sound_C,54.595142765925424
1508479666638,Sound_R,57.03744506680977
1508479666788,Sound_P,63.26648240367583
1508479666791,PodiumIR,92
1508479667403,Sound_C,54.18458014532528
1508479676638,Sound_R,56.91752496816334
1508479676793,Sound_P,63.26648240367583
1508479676795,PodiumIR,99
1508479677403,Sound_C,54.10806270139228
1508479686638,Sound_R,57.07808207285013
1508479686797,Sound_P,63.95233273361063
1508479686799,PodiumIR,87
1508479687403,Sound_C,54.7675861733343
1508479696638,Sound_R,58.12746671958424
1508479696801,Sound_P,61.80460425887306
1508479696803,PodiumIR,106
1508479697403,Sound_C,55.60683966786463
1508479706638,Sound_R,58.36545505235947
1508479706814,Sound_P,63.26648240367583
1508479706816,PodiumIR,88
1508479707403,Sound_C,55.24333135478411
1508479716638,Sound_R,58.69870127492417
1508479716818,Sound_P,63.26648240367583
1508479716821,PodiumIR,103
1508479717403,Sound_C,55.406169152442395
1508479726638,Sound_R,60.234071605413874
1508479726823,Sound_P,63.95233273361063
1508479726825,PodiumIR,87
1508479727403,Sound_C,56.71796379991782
1508479736638,Sound_R,60.08572345858786
1508479736827,Sound_P,61.80460425887306
1508479736830,PodiumIR,104
1508479737403,Sound_C,56.765818551853954
1508479746638,Sound_R,59.53725840710799
1508479746832,Sound_P,61.023021476191225
1508479746835,PodiumIR,94
1508479747403,Sound_C,57.06788469110387
1508479756638,Sound_R,60.213900980289246
1508479756837,Sound_P,62.551438321825636
1508479756839,PodiumIR,93
1508479757403,Sound_C,57.3890750047496
1508479766638,Sound_R,59.66417144939737
1508479766841,Sound_P,61.80460425887306
1508479766848,PodiumIR,108
1508479767403,Sound_C,55.47619310659874
1508479776638,Sound_R,58.149581930295675
1508479776850,Sound_P,63.26648240367583
1508479776853,PodiumIR,82
1508479777403,Sound_C,54.59163136355957
1508479786638,Sound_R,58.25087097489101
1508479786855,Sound_P,62.551438321825636
1508479786865,PodiumIR,100
1508479787403,Sound_C,54.960582264559264
1508479796638,Sound_R,57.75800042061897
1508479796866,Sound_P,62.551438321825636
1508479796869,PodiumIR,96
1508479797403,Sound_C,54.70200869615659
1508479806638,Sound_R,57.44229701033989
1508479806871,Sound_P,62.551438321825636
1508479806878,PodiumIR,90
1508479807403,Sound_C,54.863593711352195
1508479816638,Sound_R,58.15378028292256
1508479816880,Sound_P,64.61127993529891
1508479816882,PodiumIR,97
1508479817403,Sound_C,55.76687674012036
1508479826638,Sound_R,57.99183987319939
1508479826884,Sound_P,61.80460425887306
1508479826887,PodiumIR,91
1508479827403,Sound_C,55.49176777788995
1508479836638,Sound_R,58.47709966165786
1508479836888,Sound_P,63.26648240367583
1508479836890,PodiumIR,94
1508479837403,Sound_C,55.22344446281349
1508479846638,Sound_R,58.246065331109556
1508479846892,Sound_P,63.26648240367583
1508479846899,PodiumIR,68
1508479847403,Sound_C,55.58267220121161
1508479856638,Sound_R,57.54782234783004
1508479856901,Sound_P,61.80460425887306
1508479856904,PodiumIR,97
1508479857403,Sound_C,54.84000832116137
1508479866638,Sound_R,58.089935979378716
1508479866905,Sound_P,60.20329792798059
1508479866909,PodiumIR,100
1508479867403,Sound_C,55.00309428085478
1508479876638,Sound_R,59.4250849746837
1508479876911,Sound_P,63.26648240367583
1508479876914,PodiumIR,102
1508479877403,Sound_C,55.748501537382054
1508479886638,Sound_R,61.446969317484935
1508479886916,Sound_P,63.95233273361063
1508479886920,PodiumIR,99
1508479887403,Sound_C,56.80688921207125
1508479896638,Sound_R,63.389635988519274
1508479896922,Sound_P,68.61682354019833
1508479896924,PodiumIR,94
1508479897403,Sound_C,58.942028225479305
1508479906638,Sound_R,66.2464616539976
1508479906926,Sound_P,64.61127993529891
1508479906928,PodiumIR,104
1508479907403,Sound_C,62.572872557007564
1508479916638,Sound_R,71.33976328751828
1508479916930,Sound_P,71.42349921662418
1508479916933,PodiumIR,72
1508479917403,Sound_C,69.27919036091843
1508479926638,Sound_R,73.80820502174599
1508479926934,Sound_P,67.01551720930587
1508479926937,PodiumIR,121
1508479927403,Sound_C,72.23014576268062
1508479936638,Sound_R,71.37594900020798
1508479936938,Sound_P,72.26372429269907
1508479936941,PodiumIR,112
1508479937403,Sound_C,70.09336484174243
1508479946638,Sound_R,70.60395645588459
1508479946942,Sound_P,65.24535518573873
1508479946944,PodiumIR,101
1508479947403,Sound_C,68.86621106403187
1508479956638,Sound_R,67.81596517516671
1508479956946,Sound_P,61.80460425887306
1508479956949,PodiumIR,94
1508479957403,Sound_C,64.73094616536783
1508479966638,Sound_R,63.61106182649237
1508479966950,Sound_P,67.56641902255494
1508479966953,PodiumIR,99
1508479967403,Sound_C,60.78611584568023
1508479976638,Sound_R,62.66115467639586
1508479976954,Sound_P,63.95233273361063
1508479976957,PodiumIR,90
1508479977403,Sound_C,59.77409998216664
1508479986638,Sound_R,60.26597648002498
1508479986958,Sound_P,60.20329792798059
1508479986962,PodiumIR,104
1508479987403,Sound_C,58.10031079438628
1508479996638,Sound_R,58.40309978681708
1508479996963,Sound_P,63.26648240367583
1508479996966,PodiumIR,88
1508479997403,Sound_C,56.41319646397133
1508480006638,Sound_R,57.86425176514002
1508480006967,Sound_P,61.80460425887306
1508480006970,PodiumIR,104
1508480007403,Sound_C,55.18455967643981
1508480016638,Sound_R,56.83398654718923
1508480016972,Sound_P,63.26648240367583
1508480016974,PodiumIR,89
1508480017403,Sound_C,54.10008741011216
1508480026638,Sound_R,56.45046642926951
1508480026976,Sound_P,61.80460425887306
1508480026978,PodiumIR,98
1508480027403,Sound_C,53.39707636145459
1508480036638,Sound_R,56.99284996509431
1508480036980,Sound_P,62.551438321825636
1508480036982,PodiumIR,94
1508480037403,Sound_C,54.41872781676972
1508480046638,Sound_R,57.979223510019075
1508480046984,Sound_P,61.023021476191225
1508480046986,PodiumIR,92
1508480047403,Sound_C,56.040465927700915
1508480056638,Sound_R,59.00126298500823
1508480056988,Sound_P,63.95233273361063
1508480056990,PodiumIR,100
1508480057403,Sound_C,56.07049952878145
1508480066638,Sound_R,58.558524747343995
1508480066992,Sound_P,63.26648240367583
1508480066994,PodiumIR,95
1508480067403,Sound_C,55.55401869416539
1508480076638,Sound_R,56.97277168780814
1508480076996,Sound_P,60.20329792798059
1508480076999,PodiumIR,101
1508480077403,Sound_C,54.70481576352541
1508480086638,Sound_R,56.46076943780495
1508480087000,Sound_P,64.61127993529891
1508480087002,PodiumIR,99
1508480087403,Sound_C,54.41275626964096
1508480096638,Sound_R,57.53875690860611
1508480097004,Sound_P,63.95233273361063
1508480097006,PodiumIR,104
1508480097403,Sound_C,56.25977730981075
1508480106638,Sound_R,57.508370923779545
1508480107008,Sound_P,61.80460425887306
1508480107011,PodiumIR,103
1508480107403,Sound_C,56.435164241089666
1508480116638,Sound_R,56.69118851500975
1508480117012,Sound_P,61.023021476191225
1508480117014,PodiumIR,61
1508480117403,Sound_C,54.383458620858214
1508480126638,Sound_R,56.99813367888731
1508480127016,Sound_P,63.95233273361063
1508480127019,PodiumIR,107
1508480127403,Sound_C,54.52892598008574
1508480136638,Sound_R,57.994820022935585
1508480137020,Sound_P,63.95233273361063
1508480137030,PodiumIR,106
1508480137403,Sound_C,54.44983827303642
1508480146638,Sound_R,59.71631440904476
1508480147032,Sound_P,65.8563679754536
1508480147034,PodiumIR,94
1508480147403,Sound_C,54.3265508008235
1508480156638,Sound_R,59.75459295854185
1508480157036,Sound_P,64.61127993529891
1508480157039,PodiumIR,105
1508480157403,Sound_C,56.29051322567884
1508480166638,Sound_R,59.678582049448586
1508480167040,Sound_P,63.26648240367583
1508480167042,PodiumIR,96
1508480167403,Sound_C,57.73608966000043
1508480176638,Sound_R,59.71513112037146
1508480177044,Sound_P,65.24535518573873
1508480177048,PodiumIR,92
1508480177403,Sound_C,57.41857719354604
1508480186638,Sound_R,59.50600183777931
1508480187050,Sound_P,61.80460425887306
1508480187053,PodiumIR,103
1508480187403,Sound_C,56.32882718078744
1508480196638,Sound_R,59.807960818848606
1508480197054,Sound_P,62.551438321825636
1508480197056,PodiumIR,105
1508480197403,Sound_C,54.41942904099074
1508480206638,Sound_R,59.12291730326344
1508480207058,Sound_P,62.551438321825636
1508480207060,PodiumIR,83
1508480207403,Sound_C,54.10540129378304
1508480216638,Sound_R,58.16292259076358
1508480217063,Sound_P,63.95233273361063
1508480217065,PodiumIR,88
1508480217403,Sound_C,54.846082760256245
1508480226638,Sound_R,57.20471004751692
1508480227066,Sound_P,61.80460425887306
1508480227080,PodiumIR,107
1508480227403,Sound_C,54.47492200620712
1508480236638,Sound_R,57.58957827892201
1508480237082,Sound_P,59.341519288975356
1508480237084,PodiumIR,105
1508480237403,Sound_C,54.737802400535884
1508480246638,Sound_R,57.47657997020775
1508480247086,Sound_P,61.023021476191225
1508480247088,PodiumIR,106
1508480247403,Sound_C,54.97804120151924
1508480256638,Sound_R,57.34955598175812
1508480257096,Sound_P,63.26648240367583
1508480257101,PodiumIR,96
1508480257403,Sound_C,54.57001971247371
1508480266638,Sound_R,57.00463395175317
1508480267111,Sound_P,63.95233273361063
1508480267113,PodiumIR,100
1508480267403,Sound_C,53.79397106618535
1508480276638,Sound_R,55.78891359725477
1508480277115,Sound_P,59.341519288975356
1508480277117,PodiumIR,104
1508480277403,Sound_C,53.30334416529714
1508480286638,Sound_R,55.97422050260885
1508480287119,Sound_P,62.551438321825636
1508480287121,PodiumIR,108
1508480287403,Sound_C,53.03750073888053
1508480296638,Sound_R,56.968706878122816
1508480297123,Sound_P,61.023021476191225
1508480297125,PodiumIR,94
1508480297403,Sound_C,53.55608187109789
1508480306638,Sound_R,56.78722518219681
1508480307127,Sound_P,61.80460425887306
1508480307129,PodiumIR,97
1508480307403,Sound_C,54.51289255912704
1508480316638,Sound_R,55.76961745520244
1508480317131,Sound_P,61.80460425887306
1508480317134,PodiumIR,99
1508480317403,Sound_C,53.80857001513041
1508480326638,Sound_R,56.89396710479897
1508480327135,Sound_P,62.551438321825636
1508480327143,PodiumIR,108
1508480327403,Sound_C,52.80904343139728
1508480336638,Sound_R,57.11161852413563
1508480337145,Sound_P,62.551438321825636
1508480337147,PodiumIR,101
1508480337403,Sound_C,52.96725832653206
1508480346638,Sound_R,57.132036873729255
1508480347149,Sound_P,63.95233273361063
1508480347152,PodiumIR,74
1508480347403,Sound_C,53.45834460024423
1508480356638,Sound_R,58.49376786316581
1508480357153,Sound_P,60.20329792798059
1508480357155,PodiumIR,108
1508480357403,Sound_C,54.65267198739124
1508480366638,Sound_R,58.528956870603345
1508480367157,Sound_P,61.023021476191225
1508480367159,PodiumIR,107
1508480367403,Sound_C,56.022174554760404
1508480376638,Sound_R,59.28592779852428
1508480377161,Sound_P,61.023021476191225
1508480377163,PodiumIR,87
1508480377403,Sound_C,57.18531412765551
1508480386638,Sound_R,58.809134890960415
1508480387165,Sound_P,62.551438321825636
1508480387167,PodiumIR,103
1508480387403,Sound_C,57.81658164929303
1508480396638,Sound_R,58.72701575715133
1508480397169,Sound_P,60.20329792798059
1508480397171,PodiumIR,99
1508480397403,Sound_C,57.5644077801175
1508480406638,Sound_R,58.0588742795419
1508480407173,Sound_P,60.20329792798059
1508480407176,PodiumIR,93
1508480407403,Sound_C,56.058745674612396
1508480416638,Sound_R,57.55785764843725
1508480417177,Sound_P,62.551438321825636
1508480417179,PodiumIR,95
1508480417403,Sound_C,55.40537136531615
1508480426638,Sound_R,58.24031373077268
1508480427181,Sound_P,61.80460425887306
1508480427183,PodiumIR,93
1508480427403,Sound_C,56.04334509911837
1508480436638,Sound_R,58.268869701987065
1508480437185,Sound_P,63.26648240367583
1508480437187,PodiumIR,107
1508480437403,Sound_C,55.48401773233524
1508480446638,Sound_R,58.45949330329416
1508480447189,Sound_P,61.023021476191225
1508480447192,PodiumIR,98
1508480447403,Sound_C,55.38020035756917
1508480456638,Sound_R,58.48903622254968
1508480457193,Sound_P,61.80460425887306
1508480457195,PodiumIR,110
1508480457403,Sound_C,55.376470520483394
1508480466638,Sound_R,57.6309735171661
1508480467197,Sound_P,62.551438321825636
1508480467212,PodiumIR,101
1508480467403,Sound_C,55.52562534668545
1508480476638,Sound_R,56.92658122976292
1508480477214,Sound_P,61.80460425887306
1508480477217,PodiumIR,95
1508480477403,Sound_C,55.02453486907995
1508480486638,Sound_R,57.76189150489272
1508480487219,Sound_P,62.551438321825636
1508480487221,PodiumIR,104
1508480487403,Sound_C,54.34451052001686
1508480496638,Sound_R,57.9979494442982
1508480497223,Sound_P,62.551438321825636
1508480497225,PodiumIR,105
1508480497403,Sound_C,54.3259744781982
1508480506638,Sound_R,57.92549652420369
1508480507227,Sound_P,61.80460425887306
1508480507230,PodiumIR,87
1508480507403,Sound_C,54.62403072725919
1508480516638,Sound_R,57.53203035006508
1508480517231,Sound_P,63.26648240367583
1508480517233,PodiumIR,109
1508480517403,Sound_C,55.207385737311256
1508480526638,Sound_R,58.33765485388739
1508480527235,Sound_P,59.341519288975356
1508480527237,PodiumIR,98
1508480527403,Sound_C,55.208214973545445
1508480536638,Sound_R,59.43810385959028
1508480537239,Sound_P,61.023021476191225
1508480537242,PodiumIR,97
1508480537403,Sound_C,55.238833698764324
1508480546638,Sound_R,58.11246132293658
1508480547244,Sound_P,61.023021476191225
1508480547246,PodiumIR,98
1508480547403,Sound_C,55.28305000730231
1508480556638,Sound_R,56.462167508348294
1508480557248,Sound_P,61.80460425887306
1508480557250,PodiumIR,105
1508480557403,Sound_C,54.79857643980453
1508480566638,Sound_R,56.83689505066534
1508480567252,Sound_P,61.023021476191225
1508480567254,PodiumIR,103
1508480567403,Sound_C,54.1564881271106
1508480576638,Sound_R,56.68259589026999
1508480577256,Sound_P,63.26648240367583
1508480577258,PodiumIR,92
1508480577403,Sound_C,54.19409398757893
1508480586638,Sound_R,55.08751973894707
1508480587260,Sound_P,61.023021476191225
1508480587263,PodiumIR,103
1508480587403,Sound_C,53.92543071745636
1508480596638,Sound_R,55.5906914791205
1508480597264,Sound_P,62.551438321825636
1508480597267,PodiumIR,103
1508480597403,Sound_C,53.51014395401082
1508480606638,Sound_R,56.78636137143536
1508480607268,Sound_P,61.023021476191225
1508480607271,PodiumIR,78
1508480607403,Sound_C,53.87703511436575
1508480616638,Sound_R,58.08994276063612
1508480617272,Sound_P,65.24535518573873
1508480617274,PodiumIR,102
1508480617403,Sound_C,54.057186040673606
1508480626638,Sound_R,58.969970791812706
1508480627276,Sound_P,61.023021476191225
1508480627279,PodiumIR,117
1508480627403,Sound_C,53.95129549647739
1508480636638,Sound_R,58.09844003107154
1508480637280,Sound_P,60.20329792798059
1508480637282,PodiumIR,106
1508480637403,Sound_C,53.78774428105482
1508480646638,Sound_R,57.087711955413305
1508480647284,Sound_P,61.023021476191225
1508480647286,PodiumIR,104
1508480647403,Sound_C,53.64506711800025
1508480656638,Sound_R,57.43583808164157
1508480657288,Sound_P,59.341519288975356
1508480657291,PodiumIR,112
1508480657403,Sound_C,53.29980677304346
1508480666638,Sound_R,57.73906802061402
1508480667292,Sound_P,63.95233273361063
1508480667294,PodiumIR,89
1508480667403,Sound_C,53.1395180797285
1508480676638,Sound_R,57.79965675668851
1508480677296,Sound_P,62.551438321825636
1508480677298,PodiumIR,103
1508480677403,Sound_C,54.1909739873064
1508480686638,Sound_R,58.03090028044304
1508480687300,Sound_P,59.341519288975356
1508480687303,PodiumIR,100
1508480687403,Sound_C,55.715978493057456
1508480696638,Sound_R,58.73999595021446
1508480697304,Sound_P,63.95233273361063
1508480697306,PodiumIR,85
1508480697403,Sound_C,56.76609619205075
1508480706638,Sound_R,61.5275611234438
1508480707308,Sound_P,70.987085069563
1508480707310,PodiumIR,104
1508480707403,Sound_C,58.862059267473285
1508480716638,Sound_R,64.26546871232604
1508480717312,Sound_P,61.80460425887306
1508480717314,PodiumIR,106
1508480717403,Sound_C,61.96859040990273
1508480726638,Sound_R,62.49482543009552
1508480727316,Sound_P,61.80460425887306
1508480727318,PodiumIR,106
1508480727403,Sound_C,60.496363694777756
1508480736638,Sound_R,58.78529495933875
1508480737320,Sound_P,63.95233273361063
1508480737323,PodiumIR,95
1508480737403,Sound_C,56.72063815288471
1508480746638,Sound_R,57.215485241895976
1508480747324,Sound_P,62.551438321825636
1508480747326,PodiumIR,97
1508480747403,Sound_C,55.721243668076845
1508480756638,Sound_R,57.036761259754485
1508480757328,Sound_P,63.95233273361063
1508480757330,PodiumIR,105
1508480757403,Sound_C,55.967594502758494
1508480766638,Sound_R,57.695934430941115
1508480767332,Sound_P,62.551438321825636
1508480767334,PodiumIR,95
1508480767403,Sound_C,56.054320303867456
1508480776638,Sound_R,58.64923373840656
1508480777336,Sound_P,63.26648240367583
1508480777339,PodiumIR,100
1508480777403,Sound_C,55.7407370533445
1508480786638,Sound_R,59.300880424969336
1508480787340,Sound_P,60.20329792798059
1508480787342,PodiumIR,90
1508480787403,Sound_C,55.29323365676671
1508480796638,Sound_R,59.35530197741321
1508480797344,Sound_P,62.551438321825636
1508480797346,PodiumIR,92
1508480797403,Sound_C,56.37253100567577
1508480806638,Sound_R,61.15828795483156
1508480807348,Sound_P,61.023021476191225
1508480807351,PodiumIR,107
1508480807403,Sound_C,58.54580375890732
1508480816638,Sound_R,62.87081049372514
1508480817356,Sound_P,67.56641902255494
1508480817359,PodiumIR,96
1508480817403,Sound_C,59.42570621317275
1508480826638,Sound_R,61.69380796924056
1508480827362,Sound_P,61.023021476191225
1508480827365,PodiumIR,96
1508480827403,Sound_C,58.43764619053089
1508480836638,Sound_R,61.90819829915267
1508480837367,Sound_P,63.95233273361063
1508480837369,PodiumIR,110
1508480837403,Sound_C,58.07541097618512
1508480846638,Sound_R,62.326388830607335
1508480847371,Sound_P,63.26648240367583
1508480847374,PodiumIR,99
1508480847403,Sound_C,58.15064736667977
1508480856638,Sound_R,61.851554886394986
1508480857375,Sound_P,60.20329792798059
1508480857378,PodiumIR,85
1508480857403,Sound_C,57.19635915512044
1508480866638,Sound_R,60.96244380460012
1508480867385,Sound_P,62.551438321825636
1508480867388,PodiumIR,104
1508480867403,Sound_C,56.58357941173255
1508480876638,Sound_R,59.49025707184746
1508480877390,Sound_P,61.80460425887306
1508480877392,PodiumIR,101
1508480877403,Sound_C,55.82298385913983
1508480886638,Sound_R,59.5121965033029
1508480887394,Sound_P,61.023021476191225
1508480887397,PodiumIR,99
1508480887403,Sound_C,55.95966146394636
1508480896638,Sound_R,58.46921058427855
1508480897403,Sound_C,55.886337788737734
1508480897410,Sound_P,62.551438321825636
1508480897412,PodiumIR,118
1508480906638,Sound_R,56.59026742066249
1508480907403,Sound_C,54.75069054408214
1508480907414,Sound_P,62.551438321825636
1508480907417,PodiumIR,101
1508480916638,Sound_R,56.30641582226983
1508480917403,Sound_C,54.67568412180221
1508480917428,Sound_P,63.26648240367583
1508480917430,PodiumIR,102
1508480926638,Sound_R,59.63312770127996
1508480927403,Sound_C,55.64069744384542
1508480927432,Sound_P,59.341519288975356
1508480927435,PodiumIR,99
1508480936638,Sound_R,62.91489173398338
1508480937403,Sound_C,57.12551063768828
1508480937437,Sound_P,62.551438321825636
1508480937439,PodiumIR,105
1508480946638,Sound_R,61.7445840795894
1508480947403,Sound_C,57.969625285077804
1508480947441,Sound_P,62.551438321825636
1508480947455,PodiumIR,102
1508480956638,Sound_R,60.01194641678777
1508480957403,Sound_C,57.14485879044083
1508480957457,Sound_P,63.95233273361063
1508480957459,PodiumIR,108
1508480966638,Sound_R,58.65458749095961
1508480967403,Sound_C,56.062130707449086
1508480967461,Sound_P,61.023021476191225
1508480967464,PodiumIR,110
1508480976638,Sound_R,57.374974889822546
1508480977403,Sound_C,55.07745846747778
1508480977466,Sound_P,61.80460425887306
1508480977468,PodiumIR,84
1508480986638,Sound_R,58.31978702883192
1508480987403,Sound_C,54.97023275795841
1508480987470,Sound_P,60.20329792798059
1508480987472,PodiumIR,111
1508480996638,Sound_R,58.96127047364888
1508480997403,Sound_C,54.67445405167083
1508480997474,Sound_P,61.023021476191225
1508480997476,PodiumIR,93
1508481006638,Sound_R,58.965494362827094
1508481007403,Sound_C,54.05355461149813
1508481007478,Sound_P,60.20329792798059
1508481007480,PodiumIR,92
1508481016638,Sound_R,58.605876552850255
1508481017403,Sound_C,53.832939114817115
1508481017482,Sound_P,61.80460425887306
1508481017484,PodiumIR,97
1508481026638,Sound_R,58.83634827639306
1508481027403,Sound_C,53.70471502295501
1508481027491,Sound_P,58.433135904413454
1508481027493,PodiumIR,112
1508481036638,Sound_R,59.71004744163139
1508481037403,Sound_C,54.32628064598495
1508481037495,Sound_P,59.341519288975356
1508481037497,PodiumIR,99
1508481046638,Sound_R,58.29298580012619
1508481047403,Sound_C,54.93129949540266
1508481047506,Sound_P,61.023021476191225
1508481047514,PodiumIR,84
1508481056638,Sound_R,57.37452613815333
1508481057403,Sound_C,55.51160082843818
1508481057516,Sound_P,61.80460425887306
1508481057518,PodiumIR,111
1508481066638,Sound_R,58.53727591810553
1508481067403,Sound_C,55.25782591396064
1508481067520,Sound_P,61.80460425887306
1508481067523,PodiumIR,106
1508481076638,Sound_R,57.86981124437616
1508481077403,Sound_C,54.55933534082684
1508481077524,Sound_P,60.20329792798059
1508481077527,PodiumIR,101
1508481086638,Sound_R,56.4615426197198
1508481087403,Sound_C,54.59366171518527
1508481087528,Sound_P,60.20329792798059
1508481087530,PodiumIR,104
1508481096638,Sound_R,57.01851302302689
1508481097403,Sound_C,54.97057146568519
1508481097532,Sound_P,61.80460425887306
1508481097534,PodiumIR,111
1508481106638,Sound_R,57.45788838432188
1508481107403,Sound_C,55.52278718755554
1508481107536,Sound_P,59.341519288975356
1508481107539,PodiumIR,106
1508481116638,Sound_R,57.99807012495183
1508481117403,Sound_C,55.533117226076904
1508481117541,Sound_P,62.551438321825636
1508481117543,PodiumIR,107
1508481126638,Sound_R,57.652660843924004
1508481127403,Sound_C,54.56417771498649
1508481127545,Sound_P,59.341519288975356
1508481127547,PodiumIR,118
1508481136638,Sound_R,58.21711494020335
1508481137403,Sound_C,54.72584610335529
1508481137549,Sound_P,58.433135904413454
1508481137552,PodiumIR,104
1508481146638,Sound_R,60.41845284530576
1508481147403,Sound_C,56.708542215148135
1508481147553,Sound_P,63.26648240367583
1508481147556,PodiumIR,103
1508481156638,Sound_R,59.763125055722014
1508481157403,Sound_C,56.947191720388425
1508481157557,Sound_P,62.551438321825636
1508481157559,PodiumIR,107
1508481166638,Sound_R,58.433778938553964
1508481167403,Sound_C,55.58288039333311
1508481167561,Sound_P,63.95233273361063
1508481167564,PodiumIR,100
1508481176638,Sound_R,58.03758526835529
1508481177403,Sound_C,55.26283616381761
1508481177565,Sound_P,61.023021476191225
1508481177567,PodiumIR,103
1508481186638,Sound_R,56.84878745700814
1508481187403,Sound_C,54.39432496794503
1508481187569,Sound_P,61.80460425887306
1508481187572,PodiumIR,102
1508481196638,Sound_R,56.95696468880008
1508481197403,Sound_C,54.43418056202524
1508481197573,Sound_P,63.26648240367583
1508481197576,PodiumIR,101
1508481206638,Sound_R,57.73490807731677
1508481207403,Sound_C,55.25951516288538
1508481207577,Sound_P,61.80460425887306
1508481207587,PodiumIR,58
1508481216638,Sound_R,56.81275630059577
1508481217403,Sound_C,54.939549420576526
1508481217589,Sound_P,61.80460425887306
1508481217592,PodiumIR,104
1508481226638,Sound_R,56.62665623052931
1508481227403,Sound_C,55.58695142254473
1508481227593,Sound_P,61.023021476191225
1508481227601,PodiumIR,104
1508481236638,Sound_R,57.76058918208065
1508481237403,Sound_C,55.0832734512616
1508481237603,Sound_P,59.341519288975356
1508481237605,PodiumIR,105
1508481246638,Sound_R,57.75201636552203
1508481247403,Sound_C,53.73755456203986
1508481247607,Sound_P,61.80460425887306
1508481247610,PodiumIR,107
1508481256638,Sound_R,56.86268731850771
1508481257403,Sound_C,54.067701685521456
1508481257611,Sound_P,63.26648240367583
1508481257613,PodiumIR,95
1508481266638,Sound_R,56.09734455675764
1508481267403,Sound_C,54.8712425289738
1508481267615,Sound_P,65.24535518573873
1508481267618,PodiumIR,92
1508481276638,Sound_R,56.79567260904849
1508481277403,Sound_C,55.133294560009254
1508481277620,Sound_P,59.341519288975356
1508481277622,PodiumIR,103
1508481286638,Sound_R,57.692219309050664
1508481287403,Sound_C,53.789989126556264
1508481287624,Sound_P,61.80460425887306
1508481287635,PodiumIR,100
1508481296638,Sound_R,56.32871241043241
1508481297403,Sound_C,52.909449446651855
1508481297637,Sound_P,61.80460425887306
1508481297640,PodiumIR,100
1508481306638,Sound_R,56.3202972086976
1508481307403,Sound_C,53.74183879583876
1508481307642,Sound_P,62.551438321825636
1508481307651,PodiumIR,99
1508481316638,Sound_R,57.7901017399298
1508481317403,Sound_C,53.08102022964314
1508481317660,Sound_P,64.61127993529891
1508481317663,PodiumIR,102
1508481326638,Sound_R,57.62590960769518
1508481327403,Sound_C,51.99082795647854
1508481327664,Sound_P,61.80460425887306
1508481327666,PodiumIR,67
1508481336638,Sound_R,58.11567180096989
1508481337403,Sound_C,53.202032476875466
1508481337668,Sound_P,63.95233273361063
1508481337670,PodiumIR,85
1508481346638,Sound_R,60.80414654567312
1508481347403,Sound_C,56.08992356611666
1508481347672,Sound_P,68.0998289029382
1508481347675,PodiumIR,101
1508481356638,Sound_R,63.38127464755661
1508481357403,Sound_C,58.811499346254635
1508481357676,Sound_P,63.95233273361063
1508481357679,PodiumIR,120
1508481366638,Sound_R,61.869585526300234
1508481367403,Sound_C,57.930821018435125
1508481367680,Sound_P,61.023021476191225
1508481367683,PodiumIR,117
1508481376638,Sound_R,58.26848858325777
1508481377403,Sound_C,54.662681487157876
1508481377684,Sound_P,59.341519288975356
1508481377687,PodiumIR,105
1508481386638,Sound_R,56.04220765345283
1508481387403,Sound_C,53.116384481428355
1508481387689,Sound_P,60.20329792798059
1508481387691,PodiumIR,90
1508481396638,Sound_R,55.92027805080853
1508481397403,Sound_C,53.73424709011641
1508481397700,Sound_P,60.20329792798059
1508481397703,PodiumIR,94
1508481406638,Sound_R,57.4216096932066
1508481407403,Sound_C,55.1169938470865
1508481407705,Sound_P,61.80460425887306
1508481407707,PodiumIR,106
1508481416638,Sound_R,57.91899191218034
1508481417403,Sound_C,56.75289469251188
1508481417709,Sound_P,60.20329792798059
1508481417711,PodiumIR,104
1508481426638,Sound_R,57.84634611132601
1508481427403,Sound_C,57.01977621603635
1508481427713,Sound_P,62.551438321825636
1508481427715,PodiumIR,114
1508481436638,Sound_R,57.46562019689886
1508481437403,Sound_C,54.82539331771886
1508481437717,Sound_P,62.551438321825636
1508481437720,PodiumIR,107
1508481446638,Sound_R,56.94575034458429
1508481447403,Sound_C,53.16903744923505
1508481447721,Sound_P,60.20329792798059
1508481447724,PodiumIR,111
1508481456638,Sound_R,57.29963431828545
1508481457403,Sound_C,52.794509648135914
1508481457725,Sound_P,62.551438321825636
1508481457728,PodiumIR,89
1508481466638,Sound_R,57.94264669012813
1508481467403,Sound_C,54.01829990877523
1508481467730,Sound_P,60.20329792798059
1508481467732,PodiumIR,87
1508481476638,Sound_R,58.696600597602206
1508481477403,Sound_C,55.609108833771465
1508481477734,Sound_P,64.61127993529891
1508481477736,PodiumIR,89
1508481486638,Sound_R,59.46673213833193
1508481487403,Sound_C,56.11484980315819
1508481487738,Sound_P,65.8563679754536
1508481487740,PodiumIR,106
1508481496638,Sound_R,59.91168293675628
1508481497403,Sound_C,56.37391694005074
1508481497742,Sound_P,64.61127993529891
1508481497749,PodiumIR,119
1508481506638,Sound_R,60.46141157107696
1508481507403,Sound_C,57.27236061111213
1508481507752,Sound_P,61.023021476191225
1508481507754,PodiumIR,114
1508481516638,Sound_R,58.98476981068654
1508481517403,Sound_C,56.919141016318264
1508481517756,Sound_P,63.26648240367583
1508481517758,PodiumIR,95
1508481526638,Sound_R,55.90388842438549
1508481527403,Sound_C,55.16710006591152
1508481527760,Sound_P,63.26648240367583
1508481527763,PodiumIR,104
1508481536638,Sound_R,55.511524619578985
1508481537403,Sound_C,54.62457029862526
1508481537764,Sound_P,61.023021476191225
1508481537767,PodiumIR,96
1508481546638,Sound_R,56.19663236122821
1508481547403,Sound_C,54.87697007956053
1508481547769,Sound_P,61.023021476191225
1508481547771,PodiumIR,101
1508481556638,Sound_R,57.56002549802228
1508481557403,Sound_C,54.84334299317575
1508481557773,Sound_P,62.551438321825636
1508481557776,PodiumIR,109
1508481566638,Sound_R,58.41928598975016
1508481567403,Sound_C,54.089256093789594
1508481567777,Sound_P,61.80460425887306
1508481567780,PodiumIR,96
1508481576638,Sound_R,58.237341007028114
1508481577403,Sound_C,54.16340235572238
1508481577782,Sound_P,63.95233273361063
1508481577784,PodiumIR,105
1508481586638,Sound_R,57.21062575170483
1508481587403,Sound_C,55.47422614590689
1508481587786,Sound_P,64.61127993529891
1508481587789,PodiumIR,103
1508481596638,Sound_R,56.8017887367156
1508481597403,Sound_C,55.63918695735805
1508481597790,Sound_P,64.61127993529891
1508481597797,PodiumIR,94
1508481606638,Sound_R,57.692500048896655
1508481607403,Sound_C,56.22996892850668
1508481607806,Sound_P,62.551438321825636
1508481607808,PodiumIR,113
1508481616638,Sound_R,57.918019849599126
1508481617403,Sound_C,58.34950466620713
1508481617810,Sound_P,65.8563679754536
1508481617824,PodiumIR,101
1508481626638,Sound_R,57.643018059231856
1508481627403,Sound_C,59.645812895415766
1508481627833,Sound_P,61.023021476191225
1508481627835,PodiumIR,104
1508481636638,Sound_R,56.04931995833607
1508481637403,Sound_C,57.87848955407424
1508481637837,Sound_P,61.023021476191225
1508481637839,PodiumIR,108
1508481646638,Sound_R,55.54917872623097
1508481647403,Sound_C,54.94089429228012
1508481647841,Sound_P,61.023021476191225
1508481647844,PodiumIR,85
1508481656638,Sound_R,56.829611409548626
1508481657403,Sound_C,54.22291878588165
1508481657845,Sound_P,62.551438321825636
1508481657848,PodiumIR,106
1508481666638,Sound_R,58.06588206735296
1508481667403,Sound_C,55.24885585195867
1508481667849,Sound_P,61.023021476191225
1508481667852,PodiumIR,88
1508481676638,Sound_R,57.98941630946562
1508481677403,Sound_C,55.682309064281206
1508481677854,Sound_P,61.80460425887306
1508481677856,PodiumIR,94
1508481686638,Sound_R,58.40981745474868
1508481687403,Sound_C,53.68473319835207
1508481687858,Sound_P,61.023021476191225
1508481687861,PodiumIR,80
1508481696638,Sound_R,58.78919316208614
1508481697403,Sound_C,52.560476607345755
1508481697862,Sound_P,61.023021476191225
1508481697865,PodiumIR,87
1508481706638,Sound_R,57.55832239893263
1508481707403,Sound_C,52.89490777272399
1508481707867,Sound_P,61.023021476191225
1508481707869,PodiumIR,83
1508481717871,Sound_P,61.80460425887306
1508481717873,PodiumIR,96
