timestamp,sensor_name,value
1512720028025,Temperature_1,24.72
1512720028034,Humidity_1,12.422711373352646
1512720028038,Brightness_1,18.0
1512720028040,Temperature_2,24.49
1512720028042,Humidity_2,10.81955292554192
1512720028045,Brightness_2,127.0
1512720028875,Sound_P,66.44593723960276
1512720028878,PodiumIR,106
1512720034461,Temperature_1,24.72
1512720034464,Humidity_1,12.422711373352646
1512720034467,Brightness_1,18.0
1512720034470,Temperature_2,24.49
1512720034472,Humidity_2,10.81955292554192
1512720034475,Brightness_2,127.0
1512720038881,Sound_P,68.0998289029382
1512720038884,PodiumIR,131
1512720040876,Temperature_1,24.72
1512720040879,Humidity_1,12.422711373352646
1512720040882,Brightness_1,18.0
1512720040884,Temperature_2,24.49
1512720040887,Humidity_2,10.81955292554192
1512720040890,Brightness_2,127.0
1512720047657,Temperature_1,24.72
1512720047660,Humidity_1,12.422711373352646
1512720047663,Brightness_1,18.0
1512720047666,Temperature_2,24.49
1512720047668,Humidity_2,10.81955292554192
1512720047670,Brightness_2,127.0
1512720048895,Sound_P,70.5390318503356
1512720048898,PodiumIR,91
1512720054418,Temperature_1,24.72
1512720054420,Humidity_1,12.422711373352646
1512720054423,Brightness_1,18.0
1512720054426,Temperature_2,24.49
1512720054428,Humidity_2,10.81955292554192
1512720054431,Brightness_2,127.0
1512720058901,Sound_P,70.0787016850011
1512720058909,PodiumIR,96
1512720060832,Temperature_1,24.84
1512720060835,Humidity_1,12.299391492751816
1512720060838,Brightness_1,16.0
1512720060840,Temperature_2,24.49
1512720060842,Humidity_2,10.81955292554192
1512720060845,Brightness_2,121.0
1512720067525,Temperature_1,24.84
1512720067528,Humidity_1,12.299391492751816
1512720067531,Brightness_1,16.0
1512720067533,Temperature_2,24.49
1512720067536,Humidity_2,10.81955292554192
1512720067539,Brightness_2,121.0
1512720068915,Sound_P,69.60540278108363
1512720068919,PodiumIR,106
1512720074179,Temperature_1,24.84
1512720074182,Humidity_1,12.299391492751816
1512720074185,Brightness_1,16.0
1512720074187,Temperature_2,24.49
1512720074189,Humidity_2,10.81955292554192
1512720074192,Brightness_2,121.0
1512720078921,Sound_P,65.8563679754536
1512720078932,PodiumIR,94
1512720080612,Temperature_1,24.84
1512720080614,Humidity_1,12.299391492751816
1512720080618,Brightness_1,16.0
1512720080620,Temperature_2,24.49
1512720080622,Humidity_2,10.81955292554192
1512720080624,Brightness_2,121.0
1512720087292,Temperature_1,24.84
1512720087295,Humidity_1,12.299391492751816
1512720087298,Brightness_1,16.0
1512720087300,Temperature_2,24.49
1512720087303,Humidity_2,10.81955292554192
1512720087305,Brightness_2,121.0
1512720088935,Sound_P,68.0998289029382
1512720088938,PodiumIR,103
1512720093739,Temperature_1,24.84
1512720093742,Humidity_1,12.299391492751816
1512720093745,Brightness_1,16.0
1512720093747,Temperature_2,24.49
1512720093749,Humidity_2,10.81955292554192
1512720093751,Brightness_2,121.0
1512720098950,Sound_P,69.11838317407611
1512720098965,PodiumIR,100
1512720100395,Temperature_1,24.84
1512720100398,Humidity_1,12.299391492751816
1512720100402,Brightness_1,16.0
1512720100404,Temperature_2,24.49
1512720100407,Humidity_2,10.81955292554192
1512720100409,Brightness_2,121.0
1512720106801,Temperature_1,24.84
1512720106804,Humidity_1,12.299391492751816
1512720106808,Brightness_1,16.0
1512720106810,Temperature_2,24.49
1512720106812,Humidity_2,10.81955292554192
1512720106814,Brightness_2,121.0
1512720108971,Sound_P,68.0998289029382
1512720108974,PodiumIR,103
1512720113509,Temperature_1,24.84
1512720113512,Humidity_1,12.299391492751816
1512720113516,Brightness_1,16.0
1512720113518,Temperature_2,24.49
1512720113521,Humidity_2,10.81955292554192
1512720113523,Brightness_2,121.0
1512720118981,Sound_P,72.26372429269907
1512720118990,PodiumIR,85
1512720119960,Temperature_1,24.84
1512720119963,Humidity_1,12.299391492751816
1512720119966,Brightness_1,18.0
1512720119968,Temperature_2,24.49
1512720119971,Humidity_2,10.81955292554192
1512720119973,Brightness_2,126.0
1512720126410,Temperature_1,24.84
1512720126413,Humidity_1,12.299391492751816
1512720126417,Brightness_1,18.0
1512720126419,Temperature_2,24.49
1512720126421,Humidity_2,10.81955292554192
1512720126423,Brightness_2,126.0
1512720128993,Sound_P,66.44593723960276
1512720128996,PodiumIR,112
1512720132830,Temperature_1,24.84
1512720132833,Humidity_1,12.299391492751816
1512720132837,Brightness_1,18.0
1512720132839,Temperature_2,24.49
1512720132842,Humidity_2,10.81955292554192
1512720132844,Brightness_2,126.0
1512720138999,Sound_P,70.5390318503356
1512720139002,PodiumIR,107
1512720139513,Temperature_1,24.84
1512720139516,Humidity_1,12.299391492751816
1512720139519,Brightness_1,18.0
1512720139521,Temperature_2,24.49
1512720139524,Humidity_2,10.81955292554192
1512720139526,Brightness_2,126.0
1512720145971,Temperature_1,24.84
1512720145973,Humidity_1,12.299391492751816
1512720145977,Brightness_1,18.0
1512720145979,Temperature_2,24.49
1512720145981,Humidity_2,10.81955292554192
1512720145984,Brightness_2,126.0
1512720149005,Sound_P,66.44593723960276
1512720149008,PodiumIR,95
1512720152430,Temperature_1,24.84
1512720152433,Humidity_1,12.299391492751816
1512720152436,Brightness_1,18.0
1512720152438,Temperature_2,24.49
1512720152441,Humidity_2,10.81955292554192
1512720152443,Brightness_2,126.0
1512720158833,Temperature_1,24.84
1512720158845,Humidity_1,12.299391492751816
1512720158848,Brightness_1,18.0
1512720158850,Temperature_2,24.49
1512720158852,Humidity_2,10.81955292554192
1512720158855,Brightness_2,126.0
1512720159011,Sound_P,65.8563679754536
1512720159014,PodiumIR,121
1512720165726,Temperature_1,24.84
1512720165729,Humidity_1,12.299391492751816
1512720165733,Brightness_1,18.0
1512720165735,Temperature_2,24.49
1512720165737,Humidity_2,10.81955292554192
1512720165740,Brightness_2,126.0
1512720169016,Sound_P,68.61682354019833
1512720169020,PodiumIR,109
1512720172383,Temperature_1,24.84
1512720172386,Humidity_1,12.299391492751816
1512720172389,Brightness_1,18.0
1512720172392,Temperature_2,24.49
1512720172394,Humidity_2,10.81955292554192
1512720172397,Brightness_2,126.0
1512720178822,Temperature_1,24.84
1512720178825,Humidity_1,12.299391492751816
1512720178828,Brightness_1,18.0
1512720178831,Temperature_2,24.49
1512720178834,Humidity_2,10.81955292554192
1512720178837,Brightness_2,126.0
1512720179029,Sound_P,69.11838317407611
1512720179032,PodiumIR,76
1512720185232,Temperature_1,24.72
1512720185235,Humidity_1,12.422711373352646
1512720185238,Brightness_1,16.0
1512720185241,Temperature_2,24.49
1512720185243,Humidity_2,10.81955292554192
1512720185246,Brightness_2,126.0
1512720189039,Sound_P,67.56641902255494
1512720189042,PodiumIR,96
1512720191944,Temperature_1,24.72
1512720191947,Humidity_1,12.422711373352646
1512720191950,Brightness_1,16.0
1512720191952,Temperature_2,24.49
1512720191955,Humidity_2,10.81955292554192
1512720191957,Brightness_2,126.0
1512720198395,Temperature_1,24.72
1512720198398,Humidity_1,12.422711373352646
1512720198401,Brightness_1,16.0
1512720198404,Temperature_2,24.49
1512720198406,Humidity_2,10.81955292554192
1512720198408,Brightness_2,126.0
1512720199045,Sound_P,70.0787016850011
1512720199048,PodiumIR,127
1512720202949,Door,activate
1512720204791,Temperature_1,24.72
1512720204794,Humidity_1,12.422711373352646
1512720204798,Brightness_1,16.0
1512720204801,Temperature_2,24.49
1512720204806,Humidity_2,10.81955292554192
1512720204809,Brightness_2,126.0
1512720209051,Sound_P,70.987085069563
1512720209054,PodiumIR,101
1512720211189,Temperature_1,24.72
1512720211192,Humidity_1,12.422711373352646
1512720211196,Brightness_1,16.0
1512720211198,Temperature_2,24.49
1512720211204,Humidity_2,10.81955292554192
1512720211207,Brightness_2,126.0
1512720217850,Temperature_1,24.72
1512720217854,Humidity_1,12.422711373352646
1512720217858,Brightness_1,16.0
1512720217860,Temperature_2,24.49
1512720217863,Humidity_2,10.81955292554192
1512720217865,Brightness_2,126.0
1512720219062,Sound_P,71.84886370856825
1512720219065,PodiumIR,101
1512720224509,Temperature_1,24.72
1512720224512,Humidity_1,12.422711373352646
1512720224516,Brightness_1,16.0
1512720224530,Temperature_2,24.49
1512720224533,Humidity_2,10.81955292554192
1512720224537,Brightness_2,126.0
1512720227149,Door,activate
1512720229067,Sound_P,69.11838317407611
1512720229071,PodiumIR,94
1512720230931,Temperature_1,24.72
1512720230935,Humidity_1,12.422711373352646
1512720230938,Brightness_1,16.0
1512720230941,Temperature_2,24.49
1512720230946,Humidity_2,10.81955292554192
1512720230949,Brightness_2,126.0
1512720237619,Temperature_1,24.72
1512720237623,Humidity_1,12.422711373352646
1512720237626,Brightness_1,16.0
1512720237629,Temperature_2,24.49
1512720237633,Humidity_2,10.81955292554192
1512720237637,Brightness_2,126.0
1512720239073,Sound_P,68.0998289029382
1512720239077,PodiumIR,91
1512720244088,Temperature_1,24.72
1512720244091,Humidity_1,12.422711373352646
1512720244094,Brightness_1,16.0
1512720244097,Temperature_2,24.49
1512720244100,Humidity_2,10.81955292554192
1512720244104,Brightness_2,126.0
1512720245476,Door,activate
1512720249079,Sound_P,71.84886370856825
1512720249082,PodiumIR,111
1512720250541,Temperature_1,24.84
1512720250545,Humidity_1,12.299391492751816
1512720250548,Brightness_1,16.0
1512720250551,Temperature_2,24.49
1512720250555,Humidity_2,10.69623304494109
1512720250559,Brightness_2,123.0
1512720257070,Temperature_1,24.84
1512720257073,Humidity_1,12.299391492751816
1512720257077,Brightness_1,16.0
1512720257079,Temperature_2,24.49
1512720257083,Humidity_2,10.69623304494109
1512720257087,Brightness_2,123.0
1512720259085,Sound_P,68.0998289029382
1512720259088,PodiumIR,100
1512720263521,Temperature_1,24.84
1512720263525,Humidity_1,12.299391492751816
1512720263529,Brightness_1,16.0
1512720263531,Temperature_2,24.49
1512720263536,Humidity_2,10.69623304494109
1512720263540,Brightness_2,123.0
1512720269091,Sound_P,67.01551720930587
1512720269094,PodiumIR,99
1512720269973,Temperature_1,24.84
1512720269976,Humidity_1,12.299391492751816
1512720269980,Brightness_1,16.0
1512720269983,Temperature_2,24.49
1512720269987,Humidity_2,10.69623304494109
1512720269991,Brightness_2,123.0
1512720276433,Temperature_1,24.84
1512720276436,Humidity_1,12.299391492751816
1512720276440,Brightness_1,16.0
1512720276442,Temperature_2,24.49
1512720276444,Humidity_2,10.69623304494109
1512720276449,Brightness_2,123.0
1512720279097,Sound_P,69.60540278108363
1512720279100,PodiumIR,144
1512720282848,Temperature_1,24.84
1512720282851,Humidity_1,12.299391492751816
1512720282855,Brightness_1,16.0
1512720282858,Temperature_2,24.49
1512720282863,Humidity_2,10.69623304494109
1512720282866,Brightness_2,123.0
1512720289102,Sound_P,67.56641902255494
1512720289106,PodiumIR,101
1512720289544,Temperature_1,24.84
1512720289547,Humidity_1,12.299391492751816
1512720289551,Brightness_1,16.0
1512720289554,Temperature_2,24.49
1512720289558,Humidity_2,10.69623304494109
1512720289562,Brightness_2,123.0
1512720296292,Temperature_1,24.84
1512720296295,Humidity_1,12.299391492751816
1512720296299,Brightness_1,16.0
1512720296302,Temperature_2,24.49
1512720296305,Humidity_2,10.69623304494109
1512720296307,Brightness_2,123.0
1512720299109,Sound_P,65.8563679754536
1512720299112,PodiumIR,99
1512720302719,Temperature_1,24.84
1512720302722,Humidity_1,12.299391492751816
1512720302726,Brightness_1,16.0
1512720302729,Temperature_2,24.49
1512720302734,Humidity_2,10.69623304494109
1512720302738,Brightness_2,123.0
1512720309114,Sound_P,67.56641902255494
1512720309118,PodiumIR,99
1512720309139,Temperature_1,24.84
1512720309142,Humidity_1,12.299391492751816
1512720309147,Brightness_1,16.0
1512720309149,Temperature_2,24.49
1512720309152,Humidity_2,10.81955292554192
1512720309159,Brightness_2,120.0
1512720315959,Temperature_1,24.84
1512720315962,Humidity_1,12.299391492751816
1512720315966,Brightness_1,16.0
1512720315968,Temperature_2,24.49
1512720315971,Humidity_2,10.81955292554192
1512720315976,Brightness_2,120.0
1512720319121,Sound_P,70.5390318503356
1512720319124,PodiumIR,102
1512720322403,Temperature_1,24.84
1512720322406,Humidity_1,12.299391492751816
1512720322410,Brightness_1,16.0
1512720322413,Temperature_2,24.49
1512720322415,Humidity_2,10.81955292554192
1512720322419,Brightness_2,120.0
1512720328814,Temperature_1,24.84
1512720328817,Humidity_1,12.299391492751816
1512720328821,Brightness_1,16.0
1512720328823,Temperature_2,24.49
1512720328825,Humidity_2,10.81955292554192
1512720328829,Brightness_2,120.0
1512720329127,Sound_P,67.56641902255494
1512720329129,PodiumIR,99
1512720335235,Temperature_1,24.84
1512720335238,Humidity_1,12.299391492751816
1512720335241,Brightness_1,16.0
1512720335244,Temperature_2,24.49
1512720335248,Humidity_2,10.81955292554192
1512720335252,Brightness_2,120.0
1512720339132,Sound_P,71.84886370856825
1512720339135,PodiumIR,123
1512720341757,Temperature_1,24.84
1512720341760,Humidity_1,12.299391492751816
1512720341764,Brightness_1,16.0
1512720341767,Temperature_2,24.49
1512720341772,Humidity_2,10.81955292554192
1512720341775,Brightness_2,120.0
1512720348208,Temperature_1,24.84
1512720348211,Humidity_1,12.299391492751816
1512720348215,Brightness_1,16.0
1512720348217,Temperature_2,24.49
1512720348220,Humidity_2,10.81955292554192
1512720348222,Brightness_2,120.0
1512720349138,Sound_P,70.0787016850011
1512720349142,PodiumIR,99
1512720354607,Temperature_1,24.84
1512720354610,Humidity_1,12.299391492751816
1512720354614,Brightness_1,16.0
1512720354617,Temperature_2,24.49
1512720354623,Humidity_2,10.81955292554192
1512720354625,Brightness_2,120.0
1512720356605,Door,activate
1512720359144,Sound_P,69.11838317407611
1512720359161,PodiumIR,99
1512720361035,Temperature_1,24.84
1512720361038,Humidity_1,12.299391492751816
1512720361042,Brightness_1,16.0
1512720361045,Temperature_2,24.49
1512720361050,Humidity_2,10.81955292554192
1512720361053,Brightness_2,120.0
1512720367767,Temperature_1,24.84
1512720367770,Humidity_1,12.299391492751816
1512720367774,Brightness_1,16.0
1512720367777,Temperature_2,24.49
1512720367781,Humidity_2,10.81955292554192
1512720367785,Brightness_2,120.0
1512720369166,Sound_P,69.11838317407611
1512720369170,PodiumIR,118
1512720374251,Temperature_1,24.84
1512720374254,Humidity_1,12.299391492751816
1512720374257,Brightness_1,16.0
1512720374260,Temperature_2,24.49
1512720374263,Humidity_2,10.69623304494109
1512720374267,Brightness_2,116.0
1512720376460,Door,activate
1512720379172,Sound_P,70.987085069563
1512720379175,PodiumIR,95
1512720380654,Temperature_1,24.84
1512720380657,Humidity_1,12.299391492751816
1512720380660,Brightness_1,16.0
1512720380663,Temperature_2,24.49
1512720380667,Humidity_2,10.69623304494109
1512720380670,Brightness_2,116.0
1512720387121,Temperature_1,24.84
1512720387124,Humidity_1,12.299391492751816
1512720387127,Brightness_1,16.0
1512720387130,Temperature_2,24.49
1512720387132,Humidity_2,10.69623304494109
1512720387134,Brightness_2,116.0
1512720389178,Sound_P,70.0787016850011
1512720389181,PodiumIR,111
1512720393576,Temperature_1,24.84
1512720393579,Humidity_1,12.299391492751816
1512720393583,Brightness_1,16.0
1512720393586,Temperature_2,24.49
1512720393589,Humidity_2,10.69623304494109
1512720393591,Brightness_2,116.0
1512720396412,Door,activate
1512720396964,Door,activate
1512720397428,Door,activate
1512720399184,Sound_P,65.8563679754536
1512720399188,PodiumIR,93
1512720400001,Temperature_1,24.84
1512720400004,Humidity_1,12.299391492751816
1512720400008,Brightness_1,16.0
1512720400010,Temperature_2,24.49
1512720400013,Humidity_2,10.69623304494109
1512720400015,Brightness_2,116.0
1512720403916,Door,activate
1512720406393,Temperature_1,24.84
1512720406397,Humidity_1,12.299391492751816
1512720406401,Brightness_1,16.0
1512720406403,Temperature_2,24.49
1512720406407,Humidity_2,10.69623304494109
1512720406412,Brightness_2,116.0
1512720409190,Sound_P,69.11838317407611
1512720409193,PodiumIR,105
1512720412804,Temperature_1,24.84
1512720412807,Humidity_1,12.299391492751816
1512720412811,Brightness_1,16.0
1512720412814,Temperature_2,24.49
1512720412817,Humidity_2,10.69623304494109
1512720412823,Brightness_2,116.0
1512720418220,Door,activate
1512720418468,Door,activate
1512720419195,Sound_P,68.0998289029382
1512720419199,PodiumIR,107
1512720419255,Temperature_1,24.84
1512720419258,Humidity_1,12.299391492751816
1512720419262,Brightness_1,16.0
1512720419265,Temperature_2,24.49
1512720419268,Humidity_2,10.69623304494109
1512720419274,Brightness_2,116.0
1512720425724,Temperature_1,24.84
1512720425728,Humidity_1,12.299391492751816
1512720425732,Brightness_1,16.0
1512720425734,Temperature_2,24.49
1512720425737,Humidity_2,10.69623304494109
1512720425740,Brightness_2,116.0
1512720429201,Sound_P,71.84886370856825
1512720429204,PodiumIR,135
1512720432381,Temperature_1,24.84
1512720432384,Humidity_1,12.299391492751816
1512720432388,Brightness_1,16.0
1512720432390,Temperature_2,24.49
1512720432393,Humidity_2,10.69623304494109
1512720432395,Brightness_2,116.0
1512720438789,Temperature_1,24.84
1512720438792,Humidity_1,12.299391492751816
1512720438796,Brightness_1,15.0
1512720438799,Temperature_2,24.49
1512720438802,Humidity_2,10.69623304494109
1512720438804,Brightness_2,113.0
1512720439207,Sound_P,66.44593723960276
1512720439210,PodiumIR,98
1512720445490,Temperature_1,24.84
1512720445493,Humidity_1,12.299391492751816
1512720445498,Brightness_1,15.0
1512720445501,Temperature_2,24.49
1512720445515,Humidity_2,10.69623304494109
1512720445518,Brightness_2,113.0
1512720449213,Sound_P,68.0998289029382
1512720449216,PodiumIR,107
1512720451917,Temperature_1,24.84
1512720451920,Humidity_1,12.299391492751816
1512720451922,Brightness_1,15.0
1512720451926,Temperature_2,24.49
1512720451929,Humidity_2,10.69623304494109
1512720451932,Brightness_2,113.0
1512720458510,Temperature_1,24.84
1512720458513,Humidity_1,12.299391492751816
1512720458520,Brightness_1,15.0
1512720458530,Temperature_2,24.49
1512720458533,Humidity_2,10.69623304494109
1512720458537,Brightness_2,113.0
1512720459222,Sound_P,70.5390318503356
1512720459225,PodiumIR,102
1512720465356,Temperature_1,24.84
1512720465359,Humidity_1,12.299391492751816
1512720465363,Brightness_1,15.0
1512720465366,Temperature_2,24.49
1512720465369,Humidity_2,10.69623304494109
1512720465372,Brightness_2,113.0
1512720469227,Sound_P,67.01551720930587
1512720469230,PodiumIR,103
1512720472018,Temperature_1,24.84
1512720472022,Humidity_1,12.299391492751816
1512720472025,Brightness_1,15.0
1512720472028,Temperature_2,24.49
1512720472032,Humidity_2,10.69623304494109
1512720472037,Brightness_2,113.0
1512720478509,Temperature_1,24.84
1512720478512,Humidity_1,12.299391492751816
1512720478516,Brightness_1,15.0
1512720478527,Temperature_2,24.49
1512720478530,Humidity_2,10.69623304494109
1512720478532,Brightness_2,113.0
1512720479233,Sound_P,67.01551720930587
1512720479236,PodiumIR,86
1512720485222,Temperature_1,24.84
1512720485225,Humidity_1,12.299391492751816
1512720485229,Brightness_1,15.0
1512720485232,Temperature_2,24.49
1512720485235,Humidity_2,10.69623304494109
1512720485238,Brightness_2,113.0
1512720489239,Sound_P,66.44593723960276
1512720489242,PodiumIR,101
1512720491627,Temperature_1,24.84
1512720491630,Humidity_1,12.299391492751816
1512720491632,Brightness_1,15.0
1512720491634,Temperature_2,24.49
1512720491636,Humidity_2,10.69623304494109
1512720491641,Brightness_2,113.0
1512720498346,Temperature_1,24.84
1512720498349,Humidity_1,12.299391492751816
1512720498354,Brightness_1,15.0
1512720498357,Temperature_2,24.49
1512720498359,Humidity_2,10.69623304494109
1512720498364,Brightness_2,113.0
1512720499245,Sound_P,71.42349921662418
1512720499248,PodiumIR,123
1512720504757,Temperature_1,24.84
1512720504760,Humidity_1,12.299391492751816
1512720504764,Brightness_1,15.0
1512720504767,Temperature_2,24.49
1512720504770,Humidity_2,10.81955292554192
1512720504773,Brightness_2,110.0
1512720509256,Sound_P,69.11838317407611
1512720509259,PodiumIR,102
1512720511167,Temperature_1,24.84
1512720511170,Humidity_1,12.299391492751816
1512720511172,Brightness_1,15.0
1512720511174,Temperature_2,24.49
1512720511176,Humidity_2,10.81955292554192
1512720511180,Brightness_2,110.0
1512720517901,Temperature_1,24.84
1512720517904,Humidity_1,12.299391492751816
1512720517908,Brightness_1,15.0
1512720517911,Temperature_2,24.49
1512720517916,Humidity_2,10.81955292554192
1512720517919,Brightness_2,110.0
1512720519265,Sound_P,67.01551720930587
1512720519269,PodiumIR,100
1512720524524,Temperature_1,24.84
1512720524527,Humidity_1,12.299391492751816
1512720524531,Brightness_1,15.0
1512720524534,Temperature_2,24.49
1512720524537,Humidity_2,10.81955292554192
1512720524542,Brightness_2,110.0
1512720529271,Sound_P,68.0998289029382
1512720529274,PodiumIR,99
1512720531200,Temperature_1,24.84
1512720531203,Humidity_1,12.299391492751816
1512720531207,Brightness_1,15.0
1512720531210,Temperature_2,24.49
1512720531213,Humidity_2,10.81955292554192
1512720531218,Brightness_2,110.0
1512720537654,Temperature_1,24.84
1512720537658,Humidity_1,12.299391492751816
1512720537661,Brightness_1,15.0
1512720537664,Temperature_2,24.49
1512720537668,Humidity_2,10.81955292554192
1512720537672,Brightness_2,110.0
1512720539277,Sound_P,70.0787016850011
1512720539281,PodiumIR,103
1512720544115,Temperature_1,24.84
1512720544119,Humidity_1,12.299391492751816
1512720544123,Brightness_1,15.0
1512720544125,Temperature_2,24.49
1512720544130,Humidity_2,10.81955292554192
1512720544133,Brightness_2,110.0
1512720549283,Sound_P,65.8563679754536
1512720549295,PodiumIR,94
1512720550528,Temperature_1,24.84
1512720550531,Humidity_1,12.299391492751816
1512720550535,Brightness_1,15.0
1512720550538,Temperature_2,24.49
1512720550542,Humidity_2,10.81955292554192
1512720550546,Brightness_2,110.0
1512720557209,Temperature_1,24.84
1512720557212,Humidity_1,12.299391492751816
1512720557216,Brightness_1,15.0
1512720557219,Temperature_2,24.49
1512720557224,Humidity_2,10.81955292554192
1512720557227,Brightness_2,110.0
1512720559301,Sound_P,68.0998289029382
1512720559304,PodiumIR,116
1512720563660,Temperature_1,24.84
1512720563663,Humidity_1,12.299391492751816
1512720563667,Brightness_1,15.0
1512720563670,Temperature_2,24.49
1512720563673,Humidity_2,10.69623304494109
1512720563676,Brightness_2,117.0
1512720569307,Sound_P,68.61682354019833
1512720569310,PodiumIR,102
1512720570067,Temperature_1,24.84
1512720570070,Humidity_1,12.299391492751816
1512720570074,Brightness_1,15.0
1512720570078,Temperature_2,24.49
1512720570083,Humidity_2,10.69623304494109
1512720570086,Brightness_2,117.0
1512720576518,Temperature_1,24.84
1512720576524,Humidity_1,12.299391492751816
1512720576528,Brightness_1,15.0
1512720576530,Temperature_2,24.49
1512720576536,Humidity_2,10.69623304494109
1512720576539,Brightness_2,117.0
1512720579312,Sound_P,69.11838317407611
1512720579316,PodiumIR,109
1512720583218,Temperature_1,24.84
1512720583222,Humidity_1,12.299391492751816
1512720583226,Brightness_1,15.0
1512720583229,Temperature_2,24.49
1512720583233,Humidity_2,10.69623304494109
1512720583237,Brightness_2,117.0
1512720589323,Sound_P,67.56641902255494
1512720589327,PodiumIR,98
1512720589774,Temperature_1,24.84
1512720589777,Humidity_1,12.299391492751816
1512720589781,Brightness_1,15.0
1512720589784,Temperature_2,24.49
1512720589787,Humidity_2,10.69623304494109
1512720589792,Brightness_2,117.0
1512720596223,Temperature_1,24.84
1512720596227,Humidity_1,12.299391492751816
1512720596231,Brightness_1,15.0
1512720596234,Temperature_2,24.49
1512720596239,Humidity_2,10.69623304494109
1512720596242,Brightness_2,117.0
1512720599329,Sound_P,66.44593723960276
1512720599333,PodiumIR,110
1512720602650,Temperature_1,24.84
1512720602653,Humidity_1,12.299391492751816
1512720602657,Brightness_1,15.0
1512720602660,Temperature_2,24.49
1512720602665,Humidity_2,10.69623304494109
1512720602669,Brightness_2,117.0
1512720609333,Temperature_1,24.84
1512720609335,Sound_P,70.0787016850011
1512720609336,Humidity_1,12.299391492751816
1512720609339,PodiumIR,97
1512720609339,Brightness_1,15.0
1512720609349,Temperature_2,24.49
1512720609353,Humidity_2,10.69623304494109
1512720609363,Brightness_2,117.0
1512720615993,Temperature_1,24.84
1512720615996,Humidity_1,12.299391492751816
1512720616000,Brightness_1,15.0
1512720616002,Temperature_2,24.49
1512720616005,Humidity_2,10.69623304494109
1512720616011,Brightness_2,117.0
1512720619342,Sound_P,64.61127993529891
1512720619346,PodiumIR,99
1512720622438,Temperature_1,24.84
1512720622442,Humidity_1,12.299391492751816
1512720622445,Brightness_1,15.0
1512720622448,Temperature_2,24.49
1512720622453,Humidity_2,10.69623304494109
1512720622456,Brightness_2,117.0
1512720628882,Temperature_1,24.84
1512720628885,Humidity_1,12.299391492751816
1512720628889,Brightness_1,15.0
1512720628892,Temperature_2,24.49
1512720628894,Humidity_2,10.69623304494109
1512720628899,Brightness_2,110.0
1512720629348,Sound_P,70.5390318503356
1512720629351,PodiumIR,87
1512720635343,Temperature_1,24.84
1512720635346,Humidity_1,12.299391492751816
1512720635350,Brightness_1,15.0
1512720635352,Temperature_2,24.49
1512720635356,Humidity_2,10.69623304494109
1512720635360,Brightness_2,110.0
1512720639354,Sound_P,66.44593723960276
1512720639358,PodiumIR,100
1512720641803,Temperature_1,24.84
1512720641806,Humidity_1,12.299391492751816
1512720641809,Brightness_1,15.0
1512720641812,Temperature_2,24.49
1512720641815,Humidity_2,10.69623304494109
1512720641820,Brightness_2,110.0
1512720648218,Temperature_1,24.84
1512720648221,Humidity_1,12.299391492751816
1512720648225,Brightness_1,15.0
1512720648227,Temperature_2,24.49
1512720648231,Humidity_2,10.69623304494109
1512720648235,Brightness_2,110.0
1512720649360,Sound_P,70.5390318503356
1512720649363,PodiumIR,114
1512720654636,Temperature_1,24.84
1512720654640,Humidity_1,12.299391492751816
1512720654643,Brightness_1,15.0
1512720654645,Temperature_2,24.49
1512720654648,Humidity_2,10.69623304494109
1512720654650,Brightness_2,110.0
1512720659366,Sound_P,65.8563679754536
1512720659369,PodiumIR,106
1512720661046,Temperature_1,24.84
1512720661049,Humidity_1,12.299391492751816
1512720661052,Brightness_1,15.0
1512720661055,Temperature_2,24.49
1512720661058,Humidity_2,10.69623304494109
1512720661060,Brightness_2,110.0
1512720667501,Temperature_1,24.84
1512720667504,Humidity_1,12.299391492751816
1512720667508,Brightness_1,15.0
1512720667510,Temperature_2,24.49
1512720667514,Humidity_2,10.69623304494109
1512720667518,Brightness_2,110.0
1512720669372,Sound_P,67.01551720930587
1512720669375,PodiumIR,105
1512720673896,Temperature_1,24.84
1512720673899,Humidity_1,12.299391492751816
1512720673902,Brightness_1,15.0
1512720673905,Temperature_2,24.49
1512720673910,Humidity_2,10.69623304494109
1512720673913,Brightness_2,110.0
1512720679378,Sound_P,68.61682354019833
1512720679381,PodiumIR,100
1512720680509,Temperature_1,24.84
1512720680512,Humidity_1,12.299391492751816
1512720680516,Brightness_1,15.0
1512720680525,Temperature_2,24.49
1512720680528,Humidity_2,10.69623304494109
1512720680531,Brightness_2,110.0
1512720683435,Door,activate
1512720686952,Temperature_1,24.84
1512720686955,Humidity_1,12.299391492751816
1512720686959,Brightness_1,15.0
1512720686961,Temperature_2,24.49
1512720686963,Humidity_2,10.69623304494109
1512720686965,Brightness_2,110.0
1512720689384,Sound_P,67.56641902255494
1512720689387,PodiumIR,97
1512720693404,Temperature_1,24.72
1512720693407,Humidity_1,12.299391492751816
1512720693411,Brightness_1,15.0
1512720693413,Temperature_2,24.49
1512720693415,Humidity_2,10.69623304494109
1512720693418,Brightness_2,109.0
1512720699390,Sound_P,74.55832985633069
1512720699393,PodiumIR,83
1512720699857,Temperature_1,24.72
1512720699860,Humidity_1,12.299391492751816
1512720699864,Brightness_1,15.0
1512720699866,Temperature_2,24.49
1512720699868,Humidity_2,10.69623304494109
1512720699873,Brightness_2,109.0
1512720706317,Temperature_1,24.72
1512720706320,Humidity_1,12.299391492751816
1512720706324,Brightness_1,15.0
1512720706327,Temperature_2,24.49
1512720706332,Humidity_2,10.69623304494109
1512720706335,Brightness_2,109.0
1512720709395,Sound_P,69.60540278108363
1512720709398,PodiumIR,107
1512720712736,Temperature_1,24.72
1512720712739,Humidity_1,12.299391492751816
1512720712743,Brightness_1,15.0
1512720712746,Temperature_2,24.49
1512720712749,Humidity_2,10.69623304494109
1512720712753,Brightness_2,109.0
1512720719403,Sound_P,72.66858725677886
1512720719406,PodiumIR,112
1512720719420,Temperature_1,24.72
1512720719423,Humidity_1,12.299391492751816
1512720719429,Brightness_1,15.0
1512720719432,Temperature_2,24.49
1512720719438,Humidity_2,10.69623304494109
1512720719442,Brightness_2,109.0
1512720725880,Temperature_1,24.72
1512720725883,Humidity_1,12.299391492751816
1512720725887,Brightness_1,15.0
1512720725890,Temperature_2,24.49
1512720725893,Humidity_2,10.69623304494109
1512720725895,Brightness_2,109.0
1512720729412,Sound_P,67.56641902255494
1512720729415,PodiumIR,107
1512720732317,Temperature_1,24.72
1512720732321,Humidity_1,12.299391492751816
1512720732325,Brightness_1,15.0
1512720732328,Temperature_2,24.49
1512720732331,Humidity_2,10.69623304494109
1512720732336,Brightness_2,109.0
1512720738726,Temperature_1,24.72
1512720738737,Humidity_1,12.299391492751816
1512720738741,Brightness_1,15.0
1512720738744,Temperature_2,24.49
1512720738750,Humidity_2,10.69623304494109
1512720738753,Brightness_2,109.0
1512720739423,Sound_P,67.01551720930587
1512720739426,PodiumIR,109
1512720745423,Temperature_1,24.72
1512720745426,Humidity_1,12.299391492751816
1512720745430,Brightness_1,15.0
1512720745433,Temperature_2,24.49
1512720745436,Humidity_2,10.69623304494109
1512720745442,Brightness_2,109.0
1512720749429,Sound_P,68.61682354019833
1512720749432,PodiumIR,100
1512720752079,Temperature_1,24.72
1512720752085,Humidity_1,12.299391492751816
1512720752088,Brightness_1,15.0
1512720752090,Temperature_2,24.49
1512720752092,Humidity_2,10.69623304494109
1512720752098,Brightness_2,114.0
1512720758509,Temperature_1,24.84
1512720758515,Humidity_1,12.299391492751816
1512720758519,Brightness_1,14.0
1512720758521,Temperature_2,24.49
1512720758524,Humidity_2,10.69623304494109
1512720758530,Brightness_2,114.0
1512720759435,Sound_P,68.61682354019833
1512720759438,PodiumIR,94
1512720765196,Temperature_1,24.84
1512720765202,Humidity_1,12.299391492751816
1512720765205,Brightness_1,14.0
1512720765208,Temperature_2,24.49
1512720765213,Humidity_2,10.69623304494109
1512720765216,Brightness_2,114.0
1512720769441,Sound_P,68.61682354019833
1512720769444,PodiumIR,79
1512720771616,Temperature_1,24.84
1512720771621,Humidity_1,12.299391492751816
1512720771624,Brightness_1,14.0
1512720771626,Temperature_2,24.49
1512720771629,Humidity_2,10.69623304494109
1512720771632,Brightness_2,114.0
1512720778300,Temperature_1,24.84
1512720778303,Humidity_1,12.299391492751816
1512720778306,Brightness_1,14.0
1512720778309,Temperature_2,24.49
1512720778311,Humidity_2,10.69623304494109
1512720778313,Brightness_2,114.0
1512720779447,Sound_P,72.26372429269907
1512720779450,PodiumIR,97
1512720784767,Temperature_1,24.84
1512720784770,Humidity_1,12.299391492751816
1512720784773,Brightness_1,14.0
1512720784775,Temperature_2,24.49
1512720784777,Humidity_2,10.69623304494109
1512720784779,Brightness_2,114.0
1512720789453,Sound_P,71.84886370856825
1512720789456,PodiumIR,103
1512720791175,Temperature_1,24.84
1512720791178,Humidity_1,12.299391492751816
1512720791181,Brightness_1,14.0
1512720791183,Temperature_2,24.49
1512720791185,Humidity_2,10.69623304494109
1512720791188,Brightness_2,114.0
1512720797857,Temperature_1,24.84
1512720797860,Humidity_1,12.299391492751816
1512720797863,Brightness_1,14.0
1512720797865,Temperature_2,24.49
1512720797868,Humidity_2,10.69623304494109
1512720797870,Brightness_2,114.0
1512720799459,Sound_P,71.84886370856825
1512720799462,PodiumIR,97
1512720804521,Temperature_1,24.84
1512720804524,Humidity_1,12.299391492751816
1512720804528,Brightness_1,14.0
1512720804530,Temperature_2,24.49
1512720804532,Humidity_2,10.69623304494109
1512720804535,Brightness_2,114.0
1512720809465,Sound_P,71.42349921662418
1512720809481,PodiumIR,110
1512720810936,Temperature_1,24.84
1512720810939,Humidity_1,12.299391492751816
1512720810942,Brightness_1,14.0
1512720810944,Temperature_2,24.49
1512720810947,Humidity_2,10.69623304494109
1512720810950,Brightness_2,114.0
1512720817621,Temperature_1,24.84
1512720817624,Humidity_1,12.299391492751816
1512720817627,Brightness_1,14.0
1512720817630,Temperature_2,24.49
1512720817632,Humidity_2,10.69623304494109
1512720817634,Brightness_2,108.0
1512720819484,Sound_P,71.84886370856825
1512720819487,PodiumIR,132
1512720824085,Temperature_1,24.84
1512720824088,Humidity_1,12.299391492751816
1512720824091,Brightness_1,14.0
1512720824093,Temperature_2,24.49
1512720824095,Humidity_2,10.69623304494109
1512720824097,Brightness_2,108.0
1512720829490,Sound_P,70.5390318503356
1512720829493,PodiumIR,136
1512720830535,Temperature_1,24.84
1512720830538,Humidity_1,12.299391492751816
1512720830541,Brightness_1,14.0
1512720830544,Temperature_2,24.49
1512720830546,Humidity_2,10.69623304494109
1512720830548,Brightness_2,108.0
1512720839496,Sound_P,71.42349921662418
1512720839499,PodiumIR,79
1512720844147,Temperature_1,24.84
1512720844150,Humidity_1,12.299391492751816
1512720844153,Brightness_1,14.0
1512720844156,Temperature_2,24.49
1512720844158,Humidity_2,10.69623304494109
1512720844160,Brightness_2,108.0
1512720849502,Sound_P,73.45017003946069
1512720849560,PodiumIR,98
1512720850592,Temperature_1,24.84
1512720850595,Humidity_1,12.299391492751816
1512720850598,Brightness_1,14.0
1512720850600,Temperature_2,24.49
1512720850603,Humidity_2,10.69623304494109
1512720850605,Brightness_2,108.0
1512720857250,Door,activate
1512720857275,Temperature_1,24.84
1512720857278,Humidity_1,12.299391492751816
1512720857281,Brightness_1,14.0
1512720857284,Temperature_2,24.49
1512720857286,Humidity_2,10.69623304494109
1512720857288,Brightness_2,108.0
1512720857521,Door,activate
1512720859564,Sound_P,75.59789851419828
1512720859568,PodiumIR,100
1512720863803,Temperature_1,24.84
1512720863806,Humidity_1,12.299391492751816
1512720863809,Brightness_1,14.0
1512720863811,Temperature_2,24.49
1512720863813,Humidity_2,10.69623304494109
1512720863814,Brightness_2,108.0
1512720869572,Sound_P,71.84886370856825
1512720869575,PodiumIR,102
1512720870221,Temperature_1,24.84
1512720870224,Humidity_1,12.299391492751816
1512720870227,Brightness_1,14.0
1512720870229,Temperature_2,24.49
1512720870231,Humidity_2,10.69623304494109
1512720870233,Brightness_2,108.0
1512720879581,Sound_P,70.0787016850011
1512720879584,PodiumIR,102
1512720880099,Temperature_1,24.84
1512720880102,Humidity_1,12.299391492751816
1512720880105,Brightness_1,14.0
1512720880108,Temperature_2,24.49
1512720880110,Humidity_2,10.69623304494109
1512720880112,Brightness_2,113.0
1512720886512,Temperature_1,24.84
1512720886515,Humidity_1,12.299391492751816
1512720886519,Brightness_1,15.0
1512720886522,Temperature_2,24.49
1512720886524,Humidity_2,10.69623304494109
1512720886527,Brightness_2,113.0
1512720889590,Sound_P,72.66858725677886
1512720889593,PodiumIR,100
1512720892925,Temperature_1,24.84
1512720892928,Humidity_1,12.299391492751816
1512720892931,Brightness_1,15.0
1512720892933,Temperature_2,24.49
1512720892935,Humidity_2,10.69623304494109
1512720892938,Brightness_2,113.0
1512720899596,Sound_P,72.66858725677886
1512720899599,PodiumIR,97
1512720899629,Temperature_1,24.84
1512720899632,Humidity_1,12.299391492751816
1512720899635,Brightness_1,15.0
1512720899638,Temperature_2,24.49
1512720899640,Humidity_2,10.69623304494109
1512720899642,Brightness_2,113.0
1512720906301,Temperature_1,24.84
1512720906304,Humidity_1,12.299391492751816
1512720906307,Brightness_1,15.0
1512720906309,Temperature_2,24.49
1512720906311,Humidity_2,10.69623304494109
1512720906314,Brightness_2,113.0
1512720909602,Sound_P,72.26372429269907
1512720909605,PodiumIR,105
1512720912759,Temperature_1,24.84
1512720912762,Humidity_1,12.299391492751816
1512720912766,Brightness_1,15.0
1512720912768,Temperature_2,24.49
1512720912770,Humidity_2,10.69623304494109
1512720912772,Brightness_2,113.0
1512720919471,Temperature_1,24.84
1512720919474,Humidity_1,12.299391492751816
1512720919477,Brightness_1,15.0
1512720919480,Temperature_2,24.49
1512720919482,Humidity_2,10.69623304494109
1512720919484,Brightness_2,113.0
1512720919609,Sound_P,74.55832985633069
1512720919613,PodiumIR,106
1512720926099,Temperature_1,24.84
1512720926102,Humidity_1,12.299391492751816
1512720926105,Brightness_1,15.0
1512720926108,Temperature_2,24.49
1512720926110,Humidity_2,10.69623304494109
1512720926112,Brightness_2,113.0
1512720929615,Sound_P,73.06392314376754
1512720929619,PodiumIR,84
1512720932532,Temperature_1,24.84
1512720932535,Humidity_1,12.299391492751816
1512720932538,Brightness_1,15.0
1512720932540,Temperature_2,24.49
1512720932543,Humidity_2,10.69623304494109
1512720932545,Brightness_2,113.0
1512720938983,Temperature_1,24.84
1512720938986,Humidity_1,12.299391492751816
1512720938989,Brightness_1,15.0
1512720938991,Temperature_2,24.49
1512720938994,Humidity_2,10.69623304494109
1512720938996,Brightness_2,113.0
1512720939622,Sound_P,71.84886370856825
1512720939626,PodiumIR,102
1512720945742,Temperature_1,24.84
1512720945745,Humidity_1,12.299391492751816
1512720945748,Brightness_1,15.0
1512720945751,Temperature_2,24.49
1512720945753,Humidity_2,10.81955292554192
1512720945755,Brightness_2,114.0
1512720949630,Sound_P,71.84886370856825
1512720949634,PodiumIR,125
1512720952379,Temperature_1,24.84
1512720952382,Humidity_1,12.299391492751816
1512720952385,Brightness_1,15.0
1512720952388,Temperature_2,24.49
1512720952390,Humidity_2,10.81955292554192
1512720952392,Brightness_2,114.0
1512720958826,Temperature_1,24.84
1512720958829,Humidity_1,12.299391492751816
1512720958832,Brightness_1,15.0
1512720958834,Temperature_2,24.49
1512720958836,Humidity_2,10.81955292554192
1512720958839,Brightness_2,114.0
1512720959639,Sound_P,73.82773649063114
1512720959643,PodiumIR,95
1512720965598,Temperature_1,24.84
1512720965601,Humidity_1,12.299391492751816
1512720965604,Brightness_1,15.0
1512720965607,Temperature_2,24.49
1512720965609,Humidity_2,10.81955292554192
1512720965611,Brightness_2,114.0
1512720969647,Sound_P,71.42349921662418
1512720969651,PodiumIR,113
1512720972093,Temperature_1,24.84
1512720972096,Humidity_1,12.299391492751816
1512720972099,Brightness_1,15.0
1512720972102,Temperature_2,24.49
1512720972104,Humidity_2,10.81955292554192
1512720972106,Brightness_2,114.0
1512720978510,Temperature_1,24.84
1512720978513,Humidity_1,12.299391492751816
1512720978517,Brightness_1,15.0
1512720978519,Temperature_2,24.49
1512720978522,Humidity_2,10.81955292554192
1512720978524,Brightness_2,114.0
1512720979655,Sound_P,70.0787016850011
1512720979659,PodiumIR,100
1512720984963,Temperature_1,24.84
1512720984966,Humidity_1,12.299391492751816
1512720984969,Brightness_1,15.0
1512720984971,Temperature_2,24.49
1512720984974,Humidity_2,10.81955292554192
1512720984976,Brightness_2,114.0
1512720989661,Sound_P,70.0787016850011
1512720989666,PodiumIR,102
1512720991807,Temperature_1,24.84
1512720991810,Humidity_1,12.299391492751816
1512720991813,Brightness_1,15.0
1512720991815,Temperature_2,24.49
1512720991818,Humidity_2,10.81955292554192
1512720991820,Brightness_2,114.0
1512720998476,Temperature_1,24.84
1512720998479,Humidity_1,12.299391492751816
1512720998483,Brightness_1,15.0
1512720998485,Temperature_2,24.49
1512720998487,Humidity_2,10.81955292554192
1512720998489,Brightness_2,114.0
1512720999670,Sound_P,72.26372429269907
1512720999674,PodiumIR,102
1512721004928,Temperature_1,24.84
1512721004931,Humidity_1,12.299391492751816
1512721004934,Brightness_1,15.0
1512721004937,Temperature_2,24.49
1512721004939,Humidity_2,10.69623304494109
1512721004941,Brightness_2,107.0
1512721009679,Sound_P,72.26372429269907
1512721009682,PodiumIR,105
1512721011580,Temperature_1,24.72
1512721011583,Humidity_1,12.299391492751816
1512721011586,Brightness_1,15.0
1512721011589,Temperature_2,24.49
1512721011591,Humidity_2,10.69623304494109
1512721011593,Brightness_2,107.0
1512721018135,Temperature_1,24.72
1512721018138,Humidity_1,12.299391492751816
1512721018141,Brightness_1,15.0
1512721018144,Temperature_2,24.49
1512721018146,Humidity_2,10.69623304494109
1512721018148,Brightness_2,107.0
1512721019684,Sound_P,72.66858725677886
1512721019687,PodiumIR,102
1512721024560,Temperature_1,24.72
1512721024563,Humidity_1,12.299391492751816
1512721024566,Brightness_1,15.0
1512721024569,Temperature_2,24.49
1512721024571,Humidity_2,10.69623304494109
1512721024574,Brightness_2,107.0
1512721029690,Sound_P,74.55832985633069
1512721029716,PodiumIR,96
1512721030989,Temperature_1,24.72
1512721030992,Humidity_1,12.299391492751816
1512721030995,Brightness_1,15.0
1512721030998,Temperature_2,24.49
1512721031000,Humidity_2,10.69623304494109
1512721031002,Brightness_2,107.0
1512721037698,Temperature_1,24.72
1512721037701,Humidity_1,12.299391492751816
1512721037704,Brightness_1,15.0
1512721037705,Temperature_2,24.49
1512721037707,Humidity_2,10.69623304494109
1512721037709,Brightness_2,107.0
1512721039720,Sound_P,72.66858725677886
1512721039723,PodiumIR,109
1512721044129,Temperature_1,24.72
1512721044132,Humidity_1,12.299391492751816
1512721044135,Brightness_1,15.0
1512721044137,Temperature_2,24.49
1512721044139,Humidity_2,10.69623304494109
1512721044141,Brightness_2,107.0
1512721049730,Sound_P,72.26372429269907
1512721049733,PodiumIR,110
1512721050551,Temperature_1,24.72
1512721050554,Humidity_1,12.299391492751816
1512721050558,Brightness_1,15.0
1512721050560,Temperature_2,24.49
1512721050562,Humidity_2,10.69623304494109
1512721050564,Brightness_2,107.0
1512721057236,Temperature_1,24.72
1512721057239,Humidity_1,12.299391492751816
1512721057242,Brightness_1,15.0
1512721057244,Temperature_2,24.49
1512721057247,Humidity_2,10.69623304494109
1512721057249,Brightness_2,107.0
1512721059736,Sound_P,71.84886370856825
1512721059739,PodiumIR,108
1512721063903,Temperature_1,24.72
1512721063906,Humidity_1,12.299391492751816
1512721063909,Brightness_1,15.0
1512721063912,Temperature_2,24.49
1512721063914,Humidity_2,10.69623304494109
1512721063916,Brightness_2,107.0
1512721069742,Sound_P,70.5390318503356
1512721069745,PodiumIR,134
1512721070518,Temperature_1,24.84
1512721070521,Humidity_1,12.299391492751816
1512721070526,Brightness_1,14.0
1512721070529,Temperature_2,24.49
1512721070531,Humidity_2,10.69623304494109
1512721070533,Brightness_2,106.0
1512721076959,Temperature_1,24.84
1512721076962,Humidity_1,12.299391492751816
1512721076965,Brightness_1,14.0
1512721076967,Temperature_2,24.49
1512721076970,Humidity_2,10.69623304494109
1512721076972,Brightness_2,106.0
1512721079750,Sound_P,73.45017003946069
1512721079753,PodiumIR,106
1512721083656,Temperature_1,24.84
1512721083659,Humidity_1,12.299391492751816
1512721083662,Brightness_1,14.0
1512721083665,Temperature_2,24.49
1512721083667,Humidity_2,10.69623304494109
1512721083669,Brightness_2,106.0
1512721089756,Sound_P,70.987085069563
1512721089759,PodiumIR,102
1512721090317,Temperature_1,24.84
1512721090320,Humidity_1,12.299391492751816
1512721090324,Brightness_1,14.0
1512721090326,Temperature_2,24.49
1512721090328,Humidity_2,10.69623304494109
1512721090331,Brightness_2,106.0
1512721096739,Temperature_1,24.84
1512721096742,Humidity_1,12.299391492751816
1512721096745,Brightness_1,14.0
1512721096748,Temperature_2,24.49
1512721096750,Humidity_2,10.69623304494109
1512721096752,Brightness_2,106.0
1512721099762,Sound_P,73.45017003946069
1512721099765,PodiumIR,97
1512721103439,Temperature_1,24.84
1512721103442,Humidity_1,12.299391492751816
1512721103445,Brightness_1,14.0
1512721103448,Temperature_2,24.49
1512721103450,Humidity_2,10.69623304494109
1512721103452,Brightness_2,106.0
1512721109774,Sound_P,69.60540278108363
1512721109777,PodiumIR,104
1512721109873,Temperature_1,24.84
1512721109876,Humidity_1,12.299391492751816
1512721109880,Brightness_1,14.0
1512721109882,Temperature_2,24.49
1512721109885,Humidity_2,10.69623304494109
1512721109887,Brightness_2,106.0
1512721116322,Temperature_1,24.84
1512721116325,Humidity_1,12.299391492751816
1512721116329,Brightness_1,14.0
1512721116331,Temperature_2,24.49
1512721116333,Humidity_2,10.69623304494109
1512721116335,Brightness_2,106.0
1512721119780,Sound_P,72.66858725677886
1512721119783,PodiumIR,99
1512721122776,Temperature_1,24.84
1512721122779,Humidity_1,12.299391492751816
1512721122782,Brightness_1,14.0
1512721122785,Temperature_2,24.49
1512721122787,Humidity_2,10.69623304494109
1512721122789,Brightness_2,106.0
1512721129234,Temperature_1,24.84
1512721129237,Humidity_1,12.299391492751816
1512721129240,Brightness_1,14.0
1512721129242,Temperature_2,24.49
1512721129245,Humidity_2,10.69623304494109
1512721129247,Brightness_2,106.0
1512721129786,Sound_P,67.56641902255494
1512721129791,PodiumIR,130
1512721136009,Temperature_1,24.72
1512721136021,Humidity_1,12.299391492751816
1512721136025,Brightness_1,14.0
1512721136028,Temperature_2,24.49
1512721136030,Humidity_2,10.69623304494109
1512721136032,Brightness_2,113.0
1512721137376,Door,activate
1512721139797,Sound_P,72.66858725677886
1512721139801,PodiumIR,99
1512721142430,Temperature_1,24.72
1512721142433,Humidity_1,12.299391492751816
1512721142437,Brightness_1,14.0
1512721142439,Temperature_2,24.49
1512721142441,Humidity_2,10.69623304494109
1512721142443,Brightness_2,113.0
1512721148869,Temperature_1,24.72
1512721148872,Humidity_1,12.299391492751816
1512721148876,Brightness_1,14.0
1512721148878,Temperature_2,24.49
1512721148881,Humidity_2,10.69623304494109
1512721148883,Brightness_2,113.0
1512721149807,Sound_P,71.84886370856825
1512721149810,PodiumIR,105
1512721155370,Temperature_1,24.72
1512721155376,Humidity_1,12.299391492751816
1512721155379,Brightness_1,14.0
1512721155381,Temperature_2,24.49
1512721155383,Humidity_2,10.69623304494109
1512721155390,Brightness_2,113.0
1512721159812,Sound_P,72.26372429269907
1512721159815,PodiumIR,106
1512721161838,Temperature_1,24.72
1512721161844,Humidity_1,12.299391492751816
1512721161847,Brightness_1,14.0
1512721161849,Temperature_2,24.49
1512721161852,Humidity_2,10.69623304494109
1512721161854,Brightness_2,113.0
1512721168513,Temperature_1,24.72
1512721168520,Humidity_1,12.299391492751816
1512721168522,Brightness_1,14.0
1512721168525,Temperature_2,24.49
1512721168527,Humidity_2,10.69623304494109
1512721168529,Brightness_2,113.0
1512721169818,Sound_P,65.24535518573873
1512721169821,PodiumIR,94
1512721175207,Temperature_1,24.72
1512721175213,Humidity_1,12.299391492751816
1512721175216,Brightness_1,14.0
1512721175218,Temperature_2,24.49
1512721175220,Humidity_2,10.69623304494109
1512721175223,Brightness_2,113.0
1512721179823,Sound_P,67.01551720930587
1512721179827,PodiumIR,108
1512721181645,Temperature_1,24.72
1512721181652,Humidity_1,12.299391492751816
1512721181655,Brightness_1,14.0
1512721181657,Temperature_2,24.49
1512721181659,Humidity_2,10.69623304494109
1512721181665,Brightness_2,113.0
1512721188106,Temperature_1,24.72
1512721188112,Humidity_1,12.299391492751816
1512721188115,Brightness_1,14.0
1512721188117,Temperature_2,24.49
1512721188119,Humidity_2,10.69623304494109
1512721188122,Brightness_2,113.0
1512721189830,Sound_P,70.987085069563
1512721189837,PodiumIR,103
1512721194542,Temperature_1,24.72
1512721194548,Humidity_1,12.299391492751816
1512721194551,Brightness_1,14.0
1512721194556,Temperature_2,24.49
1512721194558,Humidity_2,10.69623304494109
1512721194563,Brightness_2,113.0
1512721199843,Sound_P,68.0998289029382
1512721199855,PodiumIR,99
1512721200978,Temperature_1,24.96
1512721200984,Humidity_1,12.299391492751816
1512721200987,Brightness_1,14.0
1512721200989,Temperature_2,24.6
1512721200991,Humidity_2,10.69623304494109
1512721200994,Brightness_2,113.0
1512721207660,Temperature_1,24.96
1512721207663,Humidity_1,12.299391492751816
1512721207667,Brightness_1,14.0
1512721207669,Temperature_2,24.6
1512721207671,Humidity_2,10.69623304494109
1512721207674,Brightness_2,113.0
1512721209858,Sound_P,67.56641902255494
1512721209863,PodiumIR,89
1512721214320,Temperature_1,24.96
1512721214323,Humidity_1,12.299391492751816
1512721214327,Brightness_1,14.0
1512721214329,Temperature_2,24.6
1512721214332,Humidity_2,10.69623304494109
1512721214334,Brightness_2,113.0
1512721219869,Sound_P,67.56641902255494
1512721219880,PodiumIR,114
1512721220738,Temperature_1,24.96
1512721220741,Humidity_1,12.299391492751816
1512721220745,Brightness_1,14.0
1512721220747,Temperature_2,24.6
1512721220749,Humidity_2,10.69623304494109
1512721220753,Brightness_2,113.0
1512721227225,Temperature_1,24.96
1512721227228,Humidity_1,12.299391492751816
1512721227232,Brightness_1,14.0
1512721227234,Temperature_2,24.6
1512721227236,Humidity_2,10.69623304494109
1512721227239,Brightness_2,113.0
1512721229885,Sound_P,71.84886370856825
1512721229889,PodiumIR,128
1512721233909,Temperature_1,24.96
1512721233912,Humidity_1,12.299391492751816
1512721233916,Brightness_1,14.0
1512721233918,Temperature_2,24.6
1512721233921,Humidity_2,10.69623304494109
1512721233923,Brightness_2,113.0
1512721239891,Sound_P,68.0998289029382
1512721239894,PodiumIR,120
1512721240522,Temperature_1,24.96
1512721240525,Humidity_1,12.299391492751816
1512721240529,Brightness_1,14.0
1512721240531,Temperature_2,24.6
1512721240534,Humidity_2,10.69623304494109
1512721240536,Brightness_2,113.0
1512721247294,Temperature_1,24.96
1512721247297,Humidity_1,12.299391492751816
1512721247301,Brightness_1,14.0
1512721247303,Temperature_2,24.6
1512721247305,Humidity_2,10.69623304494109
1512721247307,Brightness_2,113.0
1512721249897,Sound_P,68.0998289029382
1512721249900,PodiumIR,111
1512721253955,Temperature_1,24.96
1512721253958,Humidity_1,12.299391492751816
1512721253961,Brightness_1,14.0
1512721253963,Temperature_2,24.6
1512721253966,Humidity_2,10.69623304494109
1512721253969,Brightness_2,113.0
1512721259903,Sound_P,71.42349921662418
1512721259906,PodiumIR,106
1512721260401,Temperature_1,24.96
1512721260404,Humidity_1,12.299391492751816
1512721260408,Brightness_1,14.0
1512721260410,Temperature_2,24.6
1512721260412,Humidity_2,10.69623304494109
1512721260414,Brightness_2,107.0
1512721266807,Temperature_1,24.84
1512721266810,Humidity_1,12.299391492751816
1512721266814,Brightness_1,14.0
1512721266816,Temperature_2,24.6
1512721266819,Humidity_2,10.69623304494109
1512721266823,Brightness_2,107.0
1512721269909,Sound_P,73.45017003946069
1512721269912,PodiumIR,116
1512721273509,Temperature_1,24.84
1512721273511,Humidity_1,12.299391492751816
1512721273515,Brightness_1,14.0
1512721273517,Temperature_2,24.6
1512721273519,Humidity_2,10.69623304494109
1512721273521,Brightness_2,107.0
1512721279915,Sound_P,68.0998289029382
1512721279918,PodiumIR,101
1512721279950,Temperature_1,24.84
1512721279953,Humidity_1,12.299391492751816
1512721279957,Brightness_1,14.0
1512721279959,Temperature_2,24.6
1512721279961,Humidity_2,10.69623304494109
1512721279963,Brightness_2,107.0
1512721286521,Temperature_1,24.84
1512721286524,Humidity_1,12.299391492751816
1512721286530,Brightness_1,14.0
1512721286532,Temperature_2,24.6
1512721286534,Humidity_2,10.69623304494109
1512721286536,Brightness_2,107.0
1512721289921,Sound_P,65.8563679754536
1512721289924,PodiumIR,114
1512721292965,Temperature_1,24.84
1512721292968,Humidity_1,12.299391492751816
1512721292971,Brightness_1,14.0
1512721292974,Temperature_2,24.6
1512721292976,Humidity_2,10.69623304494109
1512721292978,Brightness_2,107.0
1512721299723,Temperature_1,24.84
1512721299726,Humidity_1,12.299391492751816
1512721299730,Brightness_1,14.0
1512721299732,Temperature_2,24.6
1512721299734,Humidity_2,10.69623304494109
1512721299736,Brightness_2,107.0
1512721299927,Sound_P,70.987085069563
1512721299930,PodiumIR,98
1512721306379,Temperature_1,24.84
1512721306382,Humidity_1,12.299391492751816
1512721306385,Brightness_1,14.0
1512721306387,Temperature_2,24.6
1512721306390,Humidity_2,10.69623304494109
1512721306392,Brightness_2,107.0
1512721309933,Sound_P,69.11838317407611
1512721309936,PodiumIR,103
1512721312797,Temperature_1,24.84
1512721312800,Humidity_1,12.299391492751816
1512721312803,Brightness_1,14.0
1512721312805,Temperature_2,24.6
1512721312808,Humidity_2,10.69623304494109
1512721312811,Brightness_2,107.0
1512721319490,Temperature_1,24.84
1512721319492,Humidity_1,12.299391492751816
1512721319496,Brightness_1,14.0
1512721319498,Temperature_2,24.6
1512721319500,Humidity_2,10.69623304494109
1512721319503,Brightness_2,107.0
1512721319943,Sound_P,66.44593723960276
1512721319947,PodiumIR,103
1512721325957,Temperature_1,24.84
1512721325960,Humidity_1,12.299391492751816
1512721325963,Brightness_1,14.0
1512721325965,Temperature_2,24.49
1512721325968,Humidity_2,10.69623304494109
1512721325971,Brightness_2,106.0
1512721329956,Sound_P,67.01551720930587
1512721329959,PodiumIR,113
1512721332492,Temperature_1,24.84
1512721332495,Humidity_1,12.299391492751816
1512721332498,Brightness_1,14.0
1512721332509,Temperature_2,24.49
1512721332512,Humidity_2,10.69623304494109
1512721332514,Brightness_2,106.0
1512721338943,Temperature_1,24.84
1512721338946,Humidity_1,12.299391492751816
1512721338950,Brightness_1,14.0
1512721338953,Temperature_2,24.49
1512721338955,Humidity_2,10.69623304494109
1512721338957,Brightness_2,106.0
1512721339966,Sound_P,68.0998289029382
1512721339969,PodiumIR,106
1512721345600,Temperature_1,24.84
1512721345603,Humidity_1,12.299391492751816
1512721345606,Brightness_1,14.0
1512721345608,Temperature_2,24.49
1512721345610,Humidity_2,10.69623304494109
1512721345612,Brightness_2,106.0
1512721349972,Sound_P,67.01551720930587
1512721349975,PodiumIR,107
1512721352052,Temperature_1,24.84
1512721352058,Humidity_1,12.299391492751816
1512721352061,Brightness_1,14.0
1512721352063,Temperature_2,24.49
1512721352065,Humidity_2,10.69623304494109
1512721352071,Brightness_2,106.0
1512721358502,Temperature_1,24.84
1512721358508,Humidity_1,12.299391492751816
1512721358511,Brightness_1,14.0
1512721358513,Temperature_2,24.49
1512721358515,Humidity_2,10.69623304494109
1512721358518,Brightness_2,106.0
1512721359979,Sound_P,68.0998289029382
1512721359983,PodiumIR,103
1512721364908,Temperature_1,24.84
1512721364914,Humidity_1,12.299391492751816
1512721364917,Brightness_1,14.0
1512721364919,Temperature_2,24.49
1512721364921,Humidity_2,10.69623304494109
1512721364927,Brightness_2,106.0
1512721369987,Sound_P,68.0998289029382
1512721369998,PodiumIR,95
1512721371610,Temperature_1,24.84
1512721371616,Humidity_1,12.299391492751816
1512721371619,Brightness_1,14.0
1512721371621,Temperature_2,24.49
1512721371623,Humidity_2,10.69623304494109
1512721371628,Brightness_2,106.0
1512721380004,Sound_P,69.60540278108363
1512721380008,PodiumIR,112
1512721382007,Temperature_1,24.84
1512721382013,Humidity_1,12.299391492751816
1512721382015,Brightness_1,14.0
1512721382017,Temperature_2,24.49
1512721382018,Humidity_2,10.69623304494109
1512721382020,Brightness_2,106.0
1512721388509,Temperature_1,24.96
1512721388511,Humidity_1,12.299391492751816
1512721388515,Brightness_1,14.0
1512721388517,Temperature_2,24.49
1512721388519,Humidity_2,10.69623304494109
1512721388522,Brightness_2,104.0
1512721390015,Sound_P,69.11838317407611
1512721390019,PodiumIR,112
1512721395264,Temperature_1,24.96
1512721395267,Humidity_1,12.299391492751816
1512721395270,Brightness_1,14.0
1512721395272,Temperature_2,24.49
1512721395274,Humidity_2,10.69623304494109
1512721395277,Brightness_2,104.0
1512721400031,Sound_P,69.11838317407611
1512721400035,PodiumIR,95
1512721401920,Temperature_1,24.96
1512721401923,Humidity_1,12.299391492751816
1512721401926,Brightness_1,14.0
1512721401929,Temperature_2,24.49
1512721401931,Humidity_2,10.69623304494109
1512721401933,Brightness_2,104.0
1512721408515,Temperature_1,24.96
1512721408519,Humidity_1,12.299391492751816
1512721408522,Brightness_1,14.0
1512721408524,Temperature_2,24.49
1512721408526,Humidity_2,10.69623304494109
1512721408528,Brightness_2,104.0
1512721410040,Sound_P,68.61682354019833
1512721410043,PodiumIR,109
1512721414925,Temperature_1,24.96
1512721414928,Humidity_1,12.299391492751816
1512721414931,Brightness_1,14.0
1512721414933,Temperature_2,24.49
1512721414935,Humidity_2,10.69623304494109
1512721414938,Brightness_2,104.0
1512721420046,Sound_P,72.66858725677886
1512721420053,PodiumIR,99
1512721421581,Temperature_1,24.96
1512721421584,Humidity_1,12.299391492751816
1512721421587,Brightness_1,14.0
1512721421590,Temperature_2,24.49
1512721421592,Humidity_2,10.69623304494109
1512721421594,Brightness_2,104.0
1512721423351,Door,activate
1512721423646,Door,activate
1512721428004,Temperature_1,24.96
1512721428008,Humidity_1,12.299391492751816
1512721428011,Brightness_1,14.0
1512721428014,Temperature_2,24.49
1512721428017,Humidity_2,10.69623304494109
1512721428020,Brightness_2,104.0
1512721430059,Sound_P,70.5390318503356
1512721430064,PodiumIR,109
1512721434522,Temperature_1,24.96
1512721434526,Humidity_1,12.299391492751816
1512721434529,Brightness_1,14.0
1512721434532,Temperature_2,24.49
1512721434534,Humidity_2,10.69623304494109
1512721434537,Brightness_2,104.0
1512721440069,Sound_P,67.56641902255494
1512721440073,PodiumIR,106
1512721440950,Temperature_1,24.96
1512721440954,Humidity_1,12.299391492751816
1512721440957,Brightness_1,14.0
1512721440960,Temperature_2,24.49
1512721440963,Humidity_2,10.69623304494109
1512721440966,Brightness_2,104.0
1512721447387,Temperature_1,24.96
1512721447391,Humidity_1,12.299391492751816
1512721447394,Brightness_1,14.0
1512721447397,Temperature_2,24.49
1512721447399,Humidity_2,10.69623304494109
1512721447402,Brightness_2,104.0
1512721450075,Sound_P,70.0787016850011
1512721450079,PodiumIR,104
1512721453804,Temperature_1,24.96
1512721453807,Humidity_1,12.299391492751816
1512721453811,Brightness_1,14.0
1512721453814,Temperature_2,24.6
1512721453817,Humidity_2,10.69623304494109
1512721453820,Brightness_2,104.0
1512721460081,Sound_P,70.987085069563
1512721460085,PodiumIR,96
1512721460517,Temperature_1,24.96
1512721460519,Humidity_1,12.299391492751816
1512721460521,Brightness_1,14.0
1512721460523,Temperature_2,24.6
1512721460525,Humidity_2,10.69623304494109
1512721460527,Brightness_2,104.0
1512721466945,Temperature_1,24.96
1512721466949,Humidity_1,12.299391492751816
1512721466952,Brightness_1,14.0
1512721466955,Temperature_2,24.6
1512721466958,Humidity_2,10.69623304494109
1512721466961,Brightness_2,104.0
1512721470087,Sound_P,67.01551720930587
1512721470091,PodiumIR,86
1512721473602,Temperature_1,24.96
1512721473605,Humidity_1,12.299391492751816
1512721473608,Brightness_1,14.0
1512721473611,Temperature_2,24.6
1512721473613,Humidity_2,10.69623304494109
1512721473616,Brightness_2,104.0
1512721480093,Sound_P,67.56641902255494
1512721480097,PodiumIR,105
1512721480196,Temperature_1,24.96
1512721480200,Humidity_1,12.299391492751816
1512721480203,Brightness_1,14.0
1512721480205,Temperature_2,24.6
1512721480208,Humidity_2,10.69623304494109
1512721480211,Brightness_2,104.0
1512721486607,Temperature_1,24.96
1512721486610,Humidity_1,12.299391492751816
1512721486614,Brightness_1,14.0
1512721486616,Temperature_2,24.6
1512721486619,Humidity_2,10.69623304494109
1512721486621,Brightness_2,104.0
1512721490099,Sound_P,68.0998289029382
1512721490103,PodiumIR,99
1512721493365,Temperature_1,24.96
1512721493368,Humidity_1,12.299391492751816
1512721493371,Brightness_1,14.0
1512721493374,Temperature_2,24.6
1512721493377,Humidity_2,10.69623304494109
1512721493380,Brightness_2,104.0
1512721500038,Temperature_1,24.96
1512721500041,Humidity_1,12.299391492751816
1512721500045,Brightness_1,14.0
1512721500048,Temperature_2,24.6
1512721500050,Humidity_2,10.69623304494109
1512721500054,Brightness_2,104.0
1512721500105,Sound_P,72.26372429269907
1512721500109,PodiumIR,107
1512721506515,Temperature_1,24.96
1512721506519,Humidity_1,12.299391492751816
1512721506523,Brightness_1,14.0
1512721506526,Temperature_2,24.6
1512721506528,Humidity_2,10.69623304494109
1512721506531,Brightness_2,104.0
1512721510111,Sound_P,67.56641902255494
1512721510115,PodiumIR,97
1512721513232,Temperature_1,24.96
1512721513235,Humidity_1,12.299391492751816
1512721513239,Brightness_1,14.0
1512721513241,Temperature_2,24.6
1512721513244,Humidity_2,10.69623304494109
1512721513247,Brightness_2,113.0
1512721520096,Temperature_1,24.84
1512721520100,Humidity_1,12.299391492751816
1512721520103,Brightness_1,15.0
1512721520106,Temperature_2,24.6
1512721520109,Humidity_2,10.69623304494109
1512721520112,Brightness_2,113.0
1512721520125,Sound_P,68.61682354019833
1512721520129,PodiumIR,96
1512721526539,Temperature_1,24.84
1512721526542,Humidity_1,12.299391492751816
1512721526546,Brightness_1,15.0
1512721526549,Temperature_2,24.6
1512721526551,Humidity_2,10.69623304494109
1512721526554,Brightness_2,113.0
1512721530131,Sound_P,67.56641902255494
1512721530135,PodiumIR,101
1512721533199,Temperature_1,24.84
1512721533203,Humidity_1,12.299391492751816
1512721533206,Brightness_1,15.0
1512721533209,Temperature_2,24.6
1512721533211,Humidity_2,10.69623304494109
1512721533215,Brightness_2,113.0
1512721539651,Temperature_1,24.84
1512721539654,Humidity_1,12.299391492751816
1512721539658,Brightness_1,15.0
1512721539661,Temperature_2,24.6
1512721539663,Humidity_2,10.69623304494109
1512721539667,Brightness_2,113.0
1512721540145,Sound_P,71.84886370856825
1512721540149,PodiumIR,113
1512721546318,Temperature_1,24.84
1512721546321,Humidity_1,12.299391492751816
1512721546324,Brightness_1,15.0
1512721546327,Temperature_2,24.6
1512721546330,Humidity_2,10.69623304494109
1512721546332,Brightness_2,113.0
1512721550151,Sound_P,67.56641902255494
1512721550155,PodiumIR,104
1512721552741,Temperature_1,24.84
1512721552744,Humidity_1,12.299391492751816
1512721552748,Brightness_1,15.0
1512721552750,Temperature_2,24.6
1512721552753,Humidity_2,10.69623304494109
1512721552755,Brightness_2,113.0
1512721559209,Temperature_1,24.84
1512721559213,Humidity_1,12.299391492751816
1512721559216,Brightness_1,15.0
1512721559219,Temperature_2,24.6
1512721559222,Humidity_2,10.69623304494109
1512721559225,Brightness_2,113.0
1512721560157,Sound_P,67.01551720930587
1512721560161,PodiumIR,106
1512721565608,Temperature_1,24.84
1512721565611,Humidity_1,12.299391492751816
1512721565615,Brightness_1,15.0
1512721565617,Temperature_2,24.6
1512721565620,Humidity_2,10.69623304494109
1512721565623,Brightness_2,113.0
1512721570163,Sound_P,67.01551720930587
1512721570167,PodiumIR,101
1512721572354,Temperature_1,24.84
1512721572357,Humidity_1,12.299391492751816
1512721572361,Brightness_1,15.0
1512721572363,Temperature_2,24.6
1512721572366,Humidity_2,10.69623304494109
1512721572368,Brightness_2,113.0
1512721579113,Temperature_1,24.84
1512721579116,Humidity_1,12.299391492751816
1512721579119,Brightness_1,14.0
1512721579122,Temperature_2,24.6
1512721579124,Humidity_2,10.69623304494109
1512721579127,Brightness_2,106.0
1512721580170,Sound_P,65.24535518573873
1512721580173,PodiumIR,104
1512721585840,Temperature_1,24.84
1512721585844,Humidity_1,12.299391492751816
1512721585847,Brightness_1,14.0
1512721585850,Temperature_2,24.6
1512721585853,Humidity_2,10.69623304494109
1512721585856,Brightness_2,106.0
1512721590182,Sound_P,64.61127993529891
1512721590185,PodiumIR,115
1512721592289,Temperature_1,24.84
1512721592292,Humidity_1,12.299391492751816
1512721592295,Brightness_1,14.0
1512721592298,Temperature_2,24.6
1512721592301,Humidity_2,10.69623304494109
1512721592304,Brightness_2,106.0
1512721598688,Temperature_1,24.84
1512721598691,Humidity_1,12.299391492751816
1512721598695,Brightness_1,14.0
1512721598698,Temperature_2,24.6
1512721598701,Humidity_2,10.69623304494109
1512721598704,Brightness_2,106.0
1512721600196,Sound_P,67.56641902255494
1512721600199,PodiumIR,119
1512721605398,Temperature_1,24.84
1512721605401,Humidity_1,12.299391492751816
1512721605404,Brightness_1,14.0
1512721605407,Temperature_2,24.6
1512721605409,Humidity_2,10.69623304494109
1512721605412,Brightness_2,106.0
1512721610202,Sound_P,68.0998289029382
1512721610205,PodiumIR,130
1512721612058,Temperature_1,24.84
1512721612061,Humidity_1,12.299391492751816
1512721612065,Brightness_1,14.0
1512721612067,Temperature_2,24.6
1512721612070,Humidity_2,10.69623304494109
1512721612074,Brightness_2,106.0
1512721618500,Temperature_1,24.84
1512721618503,Humidity_1,12.299391492751816
1512721618507,Brightness_1,14.0
1512721618510,Temperature_2,24.6
1512721618512,Humidity_2,10.69623304494109
1512721618515,Brightness_2,106.0
1512721620208,Sound_P,66.44593723960276
1512721620219,PodiumIR,102
1512721624965,Temperature_1,24.84
1512721624968,Humidity_1,12.299391492751816
1512721624972,Brightness_1,14.0
1512721624974,Temperature_2,24.6
1512721624977,Humidity_2,10.69623304494109
1512721624980,Brightness_2,106.0
1512721630222,Sound_P,68.0998289029382
1512721630233,PodiumIR,105
1512721631370,Temperature_1,24.84
1512721631373,Humidity_1,12.299391492751816
1512721631377,Brightness_1,14.0
1512721631379,Temperature_2,24.6
1512721631382,Humidity_2,10.69623304494109
1512721631385,Brightness_2,106.0
1512721638059,Temperature_1,24.84
1512721638062,Humidity_1,12.299391492751816
1512721638066,Brightness_1,14.0
1512721638069,Temperature_2,24.6
1512721638071,Humidity_2,10.69623304494109
1512721638074,Brightness_2,106.0
1512721640238,Sound_P,72.66858725677886
1512721640241,PodiumIR,100
1512721644616,Temperature_1,24.72
1512721644619,Humidity_1,12.176071612151
1512721644623,Brightness_1,14.0
1512721644626,Temperature_2,24.49
1512721644629,Humidity_2,10.572913164340275
1512721644631,Brightness_2,110.0
1512721650244,Sound_P,68.61682354019833
1512721650254,PodiumIR,106
1512721651269,Temperature_1,24.72
1512721651272,Humidity_1,12.176071612151
1512721651273,Brightness_1,14.0
1512721651275,Temperature_2,24.49
1512721651279,Humidity_2,10.572913164340275
1512721651281,Brightness_2,110.0
1512721658027,Temperature_1,24.72
1512721658030,Humidity_1,12.176071612151
1512721658034,Brightness_1,14.0
1512721658036,Temperature_2,24.49
1512721658039,Humidity_2,10.572913164340275
1512721658042,Brightness_2,110.0
1512721660262,Sound_P,67.56641902255494
1512721660267,PodiumIR,99
1512721664509,Temperature_1,24.72
1512721664512,Humidity_1,12.176071612151
1512721664515,Brightness_1,14.0
1512721664519,Temperature_2,24.49
1512721664522,Humidity_2,10.572913164340275
1512721664528,Brightness_2,110.0
1512721670272,Sound_P,71.42349921662418
1512721670275,PodiumIR,102
1512721670930,Temperature_1,24.72
1512721670933,Humidity_1,12.176071612151
1512721670934,Brightness_1,14.0
1512721670935,Temperature_2,24.49
1512721670939,Humidity_2,10.572913164340275
1512721670941,Brightness_2,110.0
1512721677382,Temperature_1,24.72
1512721677386,Humidity_1,12.176071612151
1512721677389,Brightness_1,14.0
1512721677392,Temperature_2,24.49
1512721677394,Humidity_2,10.572913164340275
1512721677397,Brightness_2,110.0
1512721680279,Sound_P,65.24535518573873
1512721680283,PodiumIR,110
1512721683876,Temperature_1,24.72
1512721683879,Humidity_1,12.176071612151
1512721683881,Brightness_1,14.0
1512721683884,Temperature_2,24.49
1512721683887,Humidity_2,10.572913164340275
1512721683890,Brightness_2,110.0
1512721690289,Sound_P,67.56641902255494
1512721690293,PodiumIR,100
1512721690309,Temperature_1,24.72
1512721690313,Humidity_1,12.176071612151
1512721690317,Brightness_1,14.0
1512721690320,Temperature_2,24.49
1512721690322,Humidity_2,10.572913164340275
1512721690325,Brightness_2,110.0
1512721696757,Temperature_1,24.72
1512721696760,Humidity_1,12.176071612151
1512721696764,Brightness_1,14.0
1512721696766,Temperature_2,24.49
1512721696769,Humidity_2,10.572913164340275
1512721696771,Brightness_2,110.0
1512721700298,Sound_P,72.66858725677886
1512721700302,PodiumIR,91
1512721703392,Temperature_1,24.72
1512721703395,Humidity_1,12.176071612151
1512721703399,Brightness_1,14.0
1512721703401,Temperature_2,24.49
1512721703404,Humidity_2,10.572913164340275
1512721703407,Brightness_2,109.0
1512721709842,Temperature_1,24.84
1512721709846,Humidity_1,12.176071612151
1512721709849,Brightness_1,15.0
1512721709852,Temperature_2,24.49
1512721709854,Humidity_2,10.572913164340275
1512721709858,Brightness_2,109.0
1512721710305,Sound_P,66.44593723960276
1512721710309,PodiumIR,99
1512721716405,Temperature_1,24.84
1512721716408,Humidity_1,12.176071612151
1512721716412,Brightness_1,15.0
1512721716414,Temperature_2,24.49
1512721716417,Humidity_2,10.572913164340275
1512721716419,Brightness_2,109.0
1512721720314,Sound_P,65.24535518573873
1512721720317,PodiumIR,97
1512721722817,Temperature_1,24.84
1512721722820,Humidity_1,12.176071612151
1512721722824,Brightness_1,15.0
1512721722826,Temperature_2,24.49
1512721722829,Humidity_2,10.572913164340275
1512721722831,Brightness_2,109.0
1512721729504,Temperature_1,24.84
1512721729507,Humidity_1,12.176071612151
1512721729511,Brightness_1,15.0
1512721729513,Temperature_2,24.49
1512721729516,Humidity_2,10.572913164340275
1512721729519,Brightness_2,109.0
1512721730322,Sound_P,71.42349921662418
1512721730325,PodiumIR,102
1512721736160,Temperature_1,24.84
1512721736163,Humidity_1,12.176071612151
1512721736166,Brightness_1,15.0
1512721736169,Temperature_2,24.49
1512721736171,Humidity_2,10.572913164340275
1512721736175,Brightness_2,109.0
1512721740330,Sound_P,67.01551720930587
1512721740333,PodiumIR,83
1512721742567,Temperature_1,24.84
1512721742570,Humidity_1,12.176071612151
1512721742574,Brightness_1,15.0
1512721742576,Temperature_2,24.49
1512721742579,Humidity_2,10.572913164340275
1512721742583,Brightness_2,109.0
1512721748972,Temperature_1,24.84
1512721748976,Humidity_1,12.176071612151
1512721748980,Brightness_1,15.0
1512721748982,Temperature_2,24.49
1512721748984,Humidity_2,10.572913164340275
1512721748988,Brightness_2,109.0
1512721750337,Sound_P,70.0787016850011
1512721750340,PodiumIR,103
1512721755418,Temperature_1,24.84
1512721755422,Humidity_1,12.176071612151
1512721755425,Brightness_1,15.0
1512721755428,Temperature_2,24.49
1512721755430,Humidity_2,10.572913164340275
1512721755434,Brightness_2,109.0
1512721760349,Sound_P,68.0998289029382
1512721760352,PodiumIR,94
1512721761868,Temperature_1,24.84
1512721761872,Humidity_1,12.176071612151
1512721761875,Brightness_1,15.0
1512721761878,Temperature_2,24.49
1512721761881,Humidity_2,10.572913164340275
1512721761885,Brightness_2,109.0
1512721768314,Temperature_1,24.84
1512721768317,Humidity_1,12.176071612151
1512721768321,Brightness_1,15.0
1512721768323,Temperature_2,24.49
1512721768326,Humidity_2,10.449593283739445
1512721768329,Brightness_2,104.0
1512721770361,Sound_P,70.5390318503356
1512721770365,PodiumIR,127
1512721774717,Temperature_1,24.72
1512721774720,Humidity_1,12.176071612151
1512721774724,Brightness_1,14.0
1512721774726,Temperature_2,24.49
1512721774729,Humidity_2,10.449593283739445
1512721774732,Brightness_2,104.0
1512721780367,Sound_P,66.44593723960276
1512721780370,PodiumIR,133
1512721781128,Temperature_1,24.72
1512721781131,Humidity_1,12.176071612151
1512721781134,Brightness_1,14.0
1512721781137,Temperature_2,24.49
1512721781140,Humidity_2,10.449593283739445
1512721781143,Brightness_2,104.0
1512721787873,Temperature_1,24.72
1512721787876,Humidity_1,12.176071612151
1512721787880,Brightness_1,14.0
1512721787883,Temperature_2,24.49
1512721787885,Humidity_2,10.449593283739445
1512721787888,Brightness_2,104.0
1512721790373,Sound_P,66.44593723960276
1512721790376,PodiumIR,98
1512721794513,Temperature_1,24.72
1512721794517,Humidity_1,12.176071612151
1512721794523,Brightness_1,14.0
1512721794527,Temperature_2,24.49
1512721794531,Humidity_2,10.449593283739445
1512721794533,Brightness_2,104.0
1512721800379,Sound_P,67.01551720930587
1512721800382,PodiumIR,127
1512721800936,Temperature_1,24.72
1512721800940,Humidity_1,12.176071612151
1512721800943,Brightness_1,14.0
1512721800946,Temperature_2,24.49
1512721800949,Humidity_2,10.449593283739445
1512721800952,Brightness_2,104.0
1512721807637,Temperature_1,24.72
1512721807643,Humidity_1,12.176071612151
1512721807646,Brightness_1,14.0
1512721807649,Temperature_2,24.49
1512721807652,Humidity_2,10.449593283739445
1512721807655,Brightness_2,104.0
1512721810385,Sound_P,73.06392314376754
1512721810389,PodiumIR,114
1512721814087,Temperature_1,24.72
1512721814091,Humidity_1,12.176071612151
1512721814094,Brightness_1,14.0
1512721814097,Temperature_2,24.49
1512721814099,Humidity_2,10.449593283739445
1512721814103,Brightness_2,104.0
1512721820391,Sound_P,69.11838317407611
1512721820394,PodiumIR,111
1512721820506,Temperature_1,24.72
1512721820510,Humidity_1,12.176071612151
1512721820513,Brightness_1,14.0
1512721820516,Temperature_2,24.49
1512721820519,Humidity_2,10.449593283739445
1512721820522,Brightness_2,104.0
1512721827297,Temperature_1,24.72
1512721827300,Humidity_1,12.176071612151
1512721827304,Brightness_1,14.0
1512721827307,Temperature_2,24.49
1512721827309,Humidity_2,10.449593283739445
1512721827313,Brightness_2,104.0
1512721830397,Sound_P,67.56641902255494
1512721830401,PodiumIR,121
1512721833851,Temperature_1,24.72
1512721833855,Humidity_1,12.176071612151
1512721833858,Brightness_1,14.0
1512721833861,Temperature_2,24.49
1512721833864,Humidity_2,10.572913164340275
1512721833868,Brightness_2,104.0
1512721840315,Temperature_1,24.72
1512721840318,Humidity_1,12.176071612151
1512721840322,Brightness_1,14.0
1512721840324,Temperature_2,24.49
1512721840327,Humidity_2,10.572913164340275
1512721840331,Brightness_2,104.0
1512721840403,Sound_P,69.60540278108363
1512721840407,PodiumIR,124
1512721846766,Temperature_1,24.72
1512721846769,Humidity_1,12.176071612151
1512721846773,Brightness_1,14.0
1512721846775,Temperature_2,24.49
1512721846778,Humidity_2,10.572913164340275
1512721846781,Brightness_2,104.0
1512721850419,Sound_P,71.42349921662418
1512721850422,PodiumIR,101
1512721853414,Temperature_1,24.72
1512721853417,Humidity_1,12.176071612151
1512721853421,Brightness_1,14.0
1512721853424,Temperature_2,24.49
1512721853427,Humidity_2,10.572913164340275
1512721853429,Brightness_2,104.0
1512721859861,Temperature_1,24.72
1512721859864,Humidity_1,12.176071612151
1512721859868,Brightness_1,14.0
1512721859871,Temperature_2,24.49
1512721859873,Humidity_2,10.572913164340275
1512721859876,Brightness_2,104.0
1512721860425,Sound_P,68.61682354019833
1512721860429,PodiumIR,68
1512721866365,Temperature_1,24.72
1512721866368,Humidity_1,12.176071612151
1512721866372,Brightness_1,14.0
1512721866375,Temperature_2,24.49
1512721866378,Humidity_2,10.572913164340275
1512721866382,Brightness_2,104.0
1512721870431,Sound_P,68.61682354019833
1512721870444,PodiumIR,100
1512721872839,Temperature_1,24.72
1512721872843,Humidity_1,12.176071612151
1512721872847,Brightness_1,14.0
1512721872849,Temperature_2,24.49
1512721872852,Humidity_2,10.572913164340275
1512721872854,Brightness_2,104.0
1512721879522,Temperature_1,24.72
1512721879525,Humidity_1,12.176071612151
1512721879529,Brightness_1,14.0
1512721879532,Temperature_2,24.49
1512721879534,Humidity_2,10.572913164340275
1512721879538,Brightness_2,104.0
1512721880447,Sound_P,67.01551720930587
1512721880450,PodiumIR,102
1512721885973,Temperature_1,24.72
1512721885976,Humidity_1,12.176071612151
1512721885979,Brightness_1,14.0
1512721885981,Temperature_2,24.49
1512721885984,Humidity_2,10.572913164340275
1512721885986,Brightness_2,104.0
1512721890453,Sound_P,66.44593723960276
1512721890456,PodiumIR,112
1512721892513,Temperature_1,24.72
1512721892517,Humidity_1,12.176071612151
1512721892523,Brightness_1,14.0
1512721892526,Temperature_2,24.49
1512721892528,Humidity_2,10.572913164340275
1512721892530,Brightness_2,111.0
1512721899393,Temperature_1,24.84
1512721899396,Humidity_1,12.176071612151
1512721899399,Brightness_1,14.0
1512721899402,Temperature_2,24.49
1512721899404,Humidity_2,10.572913164340275
1512721899407,Brightness_2,111.0
1512721900459,Sound_P,65.8563679754536
1512721900462,PodiumIR,99
1512721905805,Temperature_1,24.84
1512721905809,Humidity_1,12.176071612151
1512721905812,Brightness_1,14.0
1512721905814,Temperature_2,24.49
1512721905816,Humidity_2,10.572913164340275
1512721905819,Brightness_2,111.0
1512721910465,Sound_P,65.8563679754536
1512721910468,PodiumIR,102
1512721912495,Temperature_1,24.84
1512721912499,Humidity_1,12.176071612151
1512721912502,Brightness_1,14.0
1512721912504,Temperature_2,24.49
1512721912506,Humidity_2,10.572913164340275
1512721912509,Brightness_2,111.0
1512721919259,Temperature_1,24.84
1512721919262,Humidity_1,12.176071612151
1512721919265,Brightness_1,14.0
1512721919267,Temperature_2,24.49
1512721919269,Humidity_2,10.572913164340275
1512721919272,Brightness_2,111.0
1512721920471,Sound_P,69.60540278108363
1512721920474,PodiumIR,101
1512721925915,Temperature_1,24.84
1512721925918,Humidity_1,12.176071612151
1512721925921,Brightness_1,14.0
1512721925924,Temperature_2,24.49
1512721925926,Humidity_2,10.572913164340275
1512721925929,Brightness_2,111.0
1512721930477,Sound_P,70.987085069563
1512721930480,PodiumIR,100
1512721932357,Temperature_1,24.84
1512721932360,Humidity_1,12.176071612151
1512721932363,Brightness_1,14.0
1512721932366,Temperature_2,24.49
1512721932368,Humidity_2,10.572913164340275
1512721932372,Brightness_2,111.0
1512721938765,Temperature_1,24.84
1512721938768,Humidity_1,12.176071612151
1512721938771,Brightness_1,14.0
1512721938774,Temperature_2,24.49
1512721938776,Humidity_2,10.572913164340275
1512721938778,Brightness_2,111.0
1512721940483,Sound_P,67.01551720930587
1512721940487,PodiumIR,99
1512721945472,Temperature_1,24.84
1512721945475,Humidity_1,12.176071612151
1512721945478,Brightness_1,14.0
1512721945480,Temperature_2,24.49
1512721945482,Humidity_2,10.572913164340275
1512721945484,Brightness_2,111.0
1512721950489,Sound_P,69.60540278108363
1512721950501,PodiumIR,101
1512721951920,Temperature_1,24.84
1512721951923,Humidity_1,12.176071612151
1512721951926,Brightness_1,14.0
1512721951929,Temperature_2,24.49
1512721951931,Humidity_2,10.572913164340275
1512721951934,Brightness_2,111.0
1512721958371,Temperature_1,24.84
1512721958374,Humidity_1,12.176071612151
1512721958378,Brightness_1,14.0
1512721958380,Temperature_2,24.49
1512721958382,Humidity_2,10.449593283739445
1512721958384,Brightness_2,109.0
1512721960505,Sound_P,70.0787016850011
1512721960509,PodiumIR,88
1512721964777,Temperature_1,24.72
1512721964780,Humidity_1,12.176071612151
1512721964783,Brightness_1,14.0
1512721964785,Temperature_2,24.49
1512721964787,Humidity_2,10.449593283739445
1512721964790,Brightness_2,109.0
1512721970520,Sound_P,65.8563679754536
1512721970524,PodiumIR,140
1512721971486,Temperature_1,24.72
1512721971489,Humidity_1,12.176071612151
1512721971492,Brightness_1,14.0
1512721971494,Temperature_2,24.49
1512721971496,Humidity_2,10.449593283739445
1512721971499,Brightness_2,109.0
1512721977930,Temperature_1,24.72
1512721977933,Humidity_1,12.176071612151
1512721977936,Brightness_1,14.0
1512721977939,Temperature_2,24.49
1512721977941,Humidity_2,10.449593283739445
1512721977943,Brightness_2,109.0
1512721980526,Sound_P,67.01551720930587
1512721980530,PodiumIR,95
1512721984510,Temperature_1,24.72
1512721984513,Humidity_1,12.176071612151
1512721984516,Brightness_1,14.0
1512721984518,Temperature_2,24.49
1512721984520,Humidity_2,10.449593283739445
1512721984523,Brightness_2,109.0
1512721990532,Sound_P,67.56641902255494
1512721990537,PodiumIR,104
1512721991040,Temperature_1,24.72
1512721991043,Humidity_1,12.176071612151
1512721991046,Brightness_1,14.0
1512721991049,Temperature_2,24.49
1512721991051,Humidity_2,10.449593283739445
1512721991053,Brightness_2,109.0
1512721997455,Temperature_1,24.72
1512721997458,Humidity_1,12.176071612151
1512721997461,Brightness_1,14.0
1512721997463,Temperature_2,24.49
1512721997465,Humidity_2,10.449593283739445
1512721997468,Brightness_2,109.0
1512722000540,Sound_P,68.61682354019833
1512722000543,PodiumIR,97
1512722003865,Temperature_1,24.72
1512722003868,Humidity_1,12.176071612151
1512722003871,Brightness_1,14.0
1512722003873,Temperature_2,24.49
1512722003876,Humidity_2,10.449593283739445
1512722003878,Brightness_2,109.0
1512722010394,Temperature_1,24.72
1512722010397,Humidity_1,12.176071612151
1512722010400,Brightness_1,14.0
1512722010402,Temperature_2,24.49
1512722010404,Humidity_2,10.449593283739445
1512722010407,Brightness_2,109.0
1512722010546,Sound_P,72.66858725677886
1512722010549,PodiumIR,103
1512722016835,Temperature_1,24.72
1512722016838,Humidity_1,12.176071612151
1512722016841,Brightness_1,14.0
1512722016843,Temperature_2,24.49
1512722016845,Humidity_2,10.449593283739445
1512722016848,Brightness_2,109.0
1512722020562,Sound_P,66.44593723960276
1512722020565,PodiumIR,127
1512722023499,Temperature_1,24.84
1512722023502,Humidity_1,12.176071612151
1512722023505,Brightness_1,14.0
1512722023508,Temperature_2,24.49
1512722023510,Humidity_2,10.572913164340275
1512722023512,Brightness_2,104.0
1512722030273,Temperature_1,24.84
1512722030276,Humidity_1,12.176071612151
1512722030279,Brightness_1,14.0
1512722030282,Temperature_2,24.49
1512722030284,Humidity_2,10.572913164340275
1512722030287,Brightness_2,104.0
1512722030581,Sound_P,65.24535518573873
1512722030584,PodiumIR,110
1512722036686,Temperature_1,24.84
1512722036689,Humidity_1,12.176071612151
1512722036692,Brightness_1,14.0
1512722036694,Temperature_2,24.49
1512722036697,Humidity_2,10.572913164340275
1512722036700,Brightness_2,104.0
1512722040591,Sound_P,68.0998289029382
1512722040594,PodiumIR,105
1512722043106,Temperature_1,24.84
1512722043109,Humidity_1,12.176071612151
1512722043112,Brightness_1,14.0
1512722043114,Temperature_2,24.49
1512722043117,Humidity_2,10.572913164340275
1512722043121,Brightness_2,104.0
1512722049834,Temperature_1,24.84
1512722049836,Humidity_1,12.176071612151
1512722049839,Brightness_1,14.0
1512722049842,Temperature_2,24.49
1512722049844,Humidity_2,10.572913164340275
1512722049846,Brightness_2,104.0
1512722050597,Sound_P,66.44593723960276
1512722050600,PodiumIR,104
1512722056508,Temperature_1,24.84
1512722056511,Humidity_1,12.176071612151
1512722056515,Brightness_1,14.0
1512722056517,Temperature_2,24.49
1512722056520,Humidity_2,10.572913164340275
1512722056522,Brightness_2,104.0
1512722060603,Sound_P,65.24535518573873
1512722060606,PodiumIR,104
1512722062935,Temperature_1,24.84
1512722062938,Humidity_1,12.176071612151
1512722062941,Brightness_1,14.0
1512722062943,Temperature_2,24.49
1512722062946,Humidity_2,10.572913164340275
1512722062949,Brightness_2,104.0
1512722069386,Temperature_1,24.84
1512722069389,Humidity_1,12.176071612151
1512722069392,Brightness_1,14.0
1512722069395,Temperature_2,24.49
1512722069397,Humidity_2,10.572913164340275
1512722069400,Brightness_2,104.0
1512722070613,Sound_P,73.06392314376754
1512722070616,PodiumIR,98
1512722076032,Temperature_1,24.84
1512722076035,Humidity_1,12.176071612151
1512722076038,Brightness_1,14.0
1512722076040,Temperature_2,24.49
1512722076042,Humidity_2,10.572913164340275
1512722076044,Brightness_2,104.0
1512722080622,Sound_P,70.987085069563
1512722080625,PodiumIR,94
1512722082445,Temperature_1,24.84
1512722082449,Humidity_1,12.176071612151
1512722082452,Brightness_1,14.0
1512722082455,Temperature_2,24.49
1512722082458,Humidity_2,10.449593283739445
1512722082461,Brightness_2,109.0
1512722088844,Temperature_1,24.84
1512722088848,Humidity_1,12.176071612151
1512722088851,Brightness_1,14.0
1512722088854,Temperature_2,24.49
1512722088857,Humidity_2,10.449593283739445
1512722088860,Brightness_2,109.0
1512722090630,Sound_P,72.26372429269907
1512722090634,PodiumIR,86
1512722095385,Temperature_1,24.84
1512722095388,Humidity_1,12.176071612151
1512722095392,Brightness_1,14.0
1512722095395,Temperature_2,24.49
1512722095398,Humidity_2,10.449593283739445
1512722095402,Brightness_2,109.0
1512722100636,Sound_P,70.5390318503356
1512722100643,PodiumIR,127
1512722102045,Temperature_1,24.84
1512722102048,Humidity_1,12.176071612151
1512722102051,Brightness_1,14.0
1512722102054,Temperature_2,24.49
1512722102056,Humidity_2,10.449593283739445
1512722102063,Brightness_2,109.0
1512722108494,Temperature_1,24.84
1512722108497,Humidity_1,12.176071612151
1512722108500,Brightness_1,14.0
1512722108502,Temperature_2,24.49
1512722108504,Humidity_2,10.449593283739445
1512722108507,Brightness_2,109.0
1512722110648,Sound_P,72.26372429269907
1512722110652,PodiumIR,96
1512722115148,Temperature_1,24.84
1512722115151,Humidity_1,12.176071612151
1512722115154,Brightness_1,14.0
1512722115157,Temperature_2,24.49
1512722115159,Humidity_2,10.449593283739445
1512722115161,Brightness_2,109.0
1512722120657,Sound_P,73.45017003946069
1512722120661,PodiumIR,92
1512722121640,Door,activate
1512722121941,Temperature_1,24.84
1512722121944,Humidity_1,12.176071612151
1512722121947,Brightness_1,14.0
1512722121949,Temperature_2,24.49
1512722121951,Humidity_2,10.449593283739445
1512722121953,Brightness_2,109.0
1512722128510,Temperature_1,24.84
1512722128513,Humidity_1,12.176071612151
1512722128516,Brightness_1,14.0
1512722128519,Temperature_2,24.49
1512722128522,Humidity_2,10.449593283739445
1512722128524,Brightness_2,109.0
1512722130666,Sound_P,70.5390318503356
1512722130669,PodiumIR,99
1512722135219,Temperature_1,24.84
1512722135222,Humidity_1,12.176071612151
1512722135225,Brightness_1,14.0
1512722135226,Temperature_2,24.49
1512722135228,Humidity_2,10.449593283739445
1512722135231,Brightness_2,109.0
1512722140673,Sound_P,68.0998289029382
1512722140677,PodiumIR,97
1512722141624,Temperature_1,24.84
1512722141627,Humidity_1,12.176071612151
1512722141630,Brightness_1,14.0
1512722141632,Temperature_2,24.49
1512722141634,Humidity_2,10.449593283739445
1512722141637,Brightness_2,109.0
1512722148344,Temperature_1,24.84
1512722148347,Humidity_1,12.176071612151
1512722148350,Brightness_1,14.0
1512722148352,Temperature_2,24.49
1512722148354,Humidity_2,10.449593283739445
1512722148357,Brightness_2,104.0
1512722150681,Sound_P,76.25684571588656
1512722150684,PodiumIR,94
1512722154747,Temperature_1,24.84
1512722154750,Humidity_1,12.176071612151
1512722154753,Brightness_1,14.0
1512722154755,Temperature_2,24.49
1512722154758,Humidity_2,10.449593283739445
1512722154761,Brightness_2,104.0
1512722160688,Sound_P,70.987085069563
1512722160691,PodiumIR,105
1512722161434,Temperature_1,24.84
1512722161437,Humidity_1,12.176071612151
1512722161440,Brightness_1,14.0
1512722161442,Temperature_2,24.49
1512722161445,Humidity_2,10.449593283739445
1512722161447,Brightness_2,104.0
1512722164168,Door,activate
1512722168094,Temperature_1,24.84
1512722168097,Humidity_1,12.176071612151
1512722168100,Brightness_1,14.0
1512722168103,Temperature_2,24.49
1512722168105,Humidity_2,10.449593283739445
1512722168108,Brightness_2,104.0
1512722170696,Sound_P,67.01551720930587
1512722170699,PodiumIR,72
1512722174517,Temperature_1,24.84
1512722174520,Humidity_1,12.176071612151
1512722174523,Brightness_1,14.0
1512722174525,Temperature_2,24.49
1512722174527,Humidity_2,10.449593283739445
1512722174530,Brightness_2,104.0
1512722180704,Sound_P,75.25847282855663
1512722180707,PodiumIR,101
1512722181229,Temperature_1,24.84
1512722181232,Humidity_1,12.176071612151
1512722181247,Brightness_1,14.0
1512722181250,Temperature_2,24.49
1512722181252,Humidity_2,10.449593283739445
1512722181254,Brightness_2,104.0
1512722187964,Temperature_1,24.84
1512722187970,Humidity_1,12.176071612151
1512722187973,Brightness_1,14.0
1512722187975,Temperature_2,24.49
1512722187977,Humidity_2,10.449593283739445
1512722187983,Brightness_2,104.0
1512722190711,Sound_P,71.84886370856825
1512722190715,PodiumIR,100
1512722194397,Temperature_1,24.84
1512722194403,Humidity_1,12.176071612151
1512722194405,Brightness_1,14.0
1512722194408,Temperature_2,24.49
1512722194414,Humidity_2,10.449593283739445
1512722194417,Brightness_2,104.0
1512722200719,Sound_P,75.25847282855663
1512722200722,PodiumIR,105
1512722200826,Temperature_1,24.84
1512722200833,Humidity_1,12.176071612151
1512722200836,Brightness_1,14.0
1512722200838,Temperature_2,24.49
1512722200840,Humidity_2,10.449593283739445
1512722200846,Brightness_2,104.0
1512722207623,Temperature_1,24.84
1512722207629,Humidity_1,12.176071612151
1512722207632,Brightness_1,14.0
1512722207634,Temperature_2,24.49
1512722207637,Humidity_2,10.449593283739445
1512722207641,Brightness_2,104.0
1512722210727,Sound_P,71.84886370856825
1512722210730,PodiumIR,96
1512722214069,Temperature_1,24.72
1512722214079,Humidity_1,12.176071612151
1512722214082,Brightness_1,14.0
1512722214084,Temperature_2,24.49
1512722214087,Humidity_2,10.449593283739445
1512722214089,Brightness_2,111.0
1512722220509,Temperature_1,24.72
1512722220512,Humidity_1,12.176071612151
1512722220515,Brightness_1,14.0
1512722220518,Temperature_2,24.49
1512722220520,Humidity_2,10.449593283739445
1512722220524,Brightness_2,111.0
1512722220734,Sound_P,69.60540278108363
1512722220738,PodiumIR,102
1512722227176,Temperature_1,24.72
1512722227179,Humidity_1,12.176071612151
1512722227182,Brightness_1,14.0
1512722227185,Temperature_2,24.49
1512722227187,Humidity_2,10.449593283739445
1512722227190,Brightness_2,111.0
1512722230742,Sound_P,72.26372429269907
1512722230746,PodiumIR,98
1512722233934,Temperature_1,24.72
1512722233938,Humidity_1,12.176071612151
1512722233941,Brightness_1,14.0
1512722233943,Temperature_2,24.49
1512722233946,Humidity_2,10.449593283739445
1512722233949,Brightness_2,111.0
1512722240510,Temperature_1,24.72
1512722240512,Humidity_1,12.176071612151
1512722240516,Brightness_1,14.0
1512722240519,Temperature_2,24.49
1512722240521,Humidity_2,10.449593283739445
1512722240524,Brightness_2,111.0
1512722240752,Sound_P,74.55832985633069
1512722240755,PodiumIR,98
1512722246941,Temperature_1,24.72
1512722246944,Humidity_1,12.176071612151
1512722246947,Brightness_1,14.0
1512722246949,Temperature_2,24.49
1512722246951,Humidity_2,10.449593283739445
1512722246954,Brightness_2,111.0
1512722250761,Sound_P,69.60540278108363
1512722250764,PodiumIR,97
1512722253595,Temperature_1,24.72
1512722253599,Humidity_1,12.176071612151
1512722253602,Brightness_1,14.0
1512722253604,Temperature_2,24.49
1512722253607,Humidity_2,10.449593283739445
1512722253610,Brightness_2,111.0
1512722260252,Temperature_1,24.72
1512722260254,Humidity_1,12.176071612151
1512722260258,Brightness_1,14.0
1512722260261,Temperature_2,24.49
1512722260263,Humidity_2,10.449593283739445
1512722260265,Brightness_2,111.0
1512722260774,Sound_P,71.42349921662418
1512722260777,PodiumIR,121
1512722266669,Temperature_1,24.72
1512722266672,Humidity_1,12.176071612151
1512722266675,Brightness_1,14.0
1512722266678,Temperature_2,24.49
1512722266680,Humidity_2,10.449593283739445
1512722266682,Brightness_2,111.0
1512722270782,Sound_P,71.84886370856825
1512722270785,PodiumIR,99
1512722273100,Temperature_1,24.72
1512722273102,Humidity_1,12.176071612151
1512722273106,Brightness_1,14.0
1512722273108,Temperature_2,24.49
1512722273110,Humidity_2,10.449593283739445
1512722273113,Brightness_2,104.0
1512722279815,Temperature_1,24.84
1512722279818,Humidity_1,12.052751731550176
1512722279821,Brightness_1,14.0
1512722279823,Temperature_2,24.49
1512722279825,Humidity_2,10.449593283739445
1512722279828,Brightness_2,104.0
1512722280792,Sound_P,70.0787016850011
1512722280795,PodiumIR,122
1512722286264,Temperature_1,24.84
1512722286267,Humidity_1,12.052751731550176
1512722286270,Brightness_1,14.0
1512722286273,Temperature_2,24.49
1512722286275,Humidity_2,10.449593283739445
1512722286277,Brightness_2,104.0
1512722290798,Sound_P,70.5390318503356
1512722290803,PodiumIR,111
1512722292679,Temperature_1,24.84
1512722292682,Humidity_1,12.052751731550176
1512722292685,Brightness_1,14.0
1512722292687,Temperature_2,24.49
1512722292690,Humidity_2,10.449593283739445
1512722292693,Brightness_2,104.0
1512722299370,Temperature_1,24.84
1512722299373,Humidity_1,12.052751731550176
1512722299376,Brightness_1,14.0
1512722299378,Temperature_2,24.49
1512722299380,Humidity_2,10.449593283739445
1512722299383,Brightness_2,104.0
1512722300808,Sound_P,70.0787016850011
1512722300813,PodiumIR,100
1512722306129,Temperature_1,24.84
1512722306132,Humidity_1,12.052751731550176
1512722306135,Brightness_1,14.0
1512722306137,Temperature_2,24.49
1512722306140,Humidity_2,10.449593283739445
1512722306143,Brightness_2,104.0
1512722310819,Sound_P,74.55832985633069
1512722310822,PodiumIR,120
1512722312538,Temperature_1,24.84
1512722312541,Humidity_1,12.052751731550176
1512722312544,Brightness_1,14.0
1512722312545,Temperature_2,24.49
1512722312547,Humidity_2,10.449593283739445
1512722312550,Brightness_2,104.0
1512722319341,Temperature_1,24.84
1512722319344,Humidity_1,12.052751731550176
1512722319348,Brightness_1,14.0
1512722319350,Temperature_2,24.49
1512722319352,Humidity_2,10.449593283739445
1512722319355,Brightness_2,104.0
1512722320824,Sound_P,70.0787016850011
1512722320829,PodiumIR,81
1512722325789,Temperature_1,24.84
1512722325792,Humidity_1,12.052751731550176
1512722325795,Brightness_1,14.0
1512722325797,Temperature_2,24.49
1512722325800,Humidity_2,10.449593283739445
1512722325802,Brightness_2,104.0
1512722330832,Sound_P,72.26372429269907
1512722330847,PodiumIR,102
1512722332241,Temperature_1,24.84
1512722332243,Humidity_1,12.052751731550176
1512722332247,Brightness_1,14.0
1512722332249,Temperature_2,24.49
1512722332251,Humidity_2,10.449593283739445
1512722332254,Brightness_2,104.0
1512722338659,Temperature_1,24.84
1512722338662,Humidity_1,12.052751731550176
1512722338665,Brightness_1,14.0
1512722338668,Temperature_2,24.49
1512722338670,Humidity_2,10.449593283739445
1512722338672,Brightness_2,110.0
1512722340851,Sound_P,72.26372429269907
1512722340854,PodiumIR,109
1512722345347,Temperature_1,24.84
1512722345351,Humidity_1,12.052751731550176
1512722345354,Brightness_1,14.0
1512722345356,Temperature_2,24.49
1512722345359,Humidity_2,10.449593283739445
1512722345362,Brightness_2,110.0
1512722350857,Sound_P,72.26372429269907
1512722350864,PodiumIR,105
1512722352106,Temperature_1,24.84
1512722352109,Humidity_1,12.052751731550176
1512722352112,Brightness_1,14.0
1512722352114,Temperature_2,24.49
1512722352117,Humidity_2,10.449593283739445
1512722352120,Brightness_2,110.0
1512722358520,Temperature_1,24.84
1512722358523,Humidity_1,12.052751731550176
1512722358527,Brightness_1,14.0
1512722358529,Temperature_2,24.49
1512722358531,Humidity_2,10.449593283739445
1512722358535,Brightness_2,110.0
1512722360868,Sound_P,70.0787016850011
1512722360871,PodiumIR,99
1512722365217,Temperature_1,24.84
1512722365220,Humidity_1,12.052751731550176
1512722365223,Brightness_1,14.0
1512722365226,Temperature_2,24.49
1512722365229,Humidity_2,10.449593283739445
1512722365232,Brightness_2,110.0
1512722370874,Sound_P,70.987085069563
1512722370878,PodiumIR,109
1512722371869,Temperature_1,24.84
1512722371873,Humidity_1,12.052751731550176
1512722371876,Brightness_1,14.0
1512722371878,Temperature_2,24.49
1512722371880,Humidity_2,10.449593283739445
1512722371883,Brightness_2,110.0
1512722378508,Temperature_1,24.84
1512722378511,Humidity_1,12.052751731550176
1512722378514,Brightness_1,14.0
1512722378517,Temperature_2,24.49
1512722378520,Humidity_2,10.449593283739445
1512722378525,Brightness_2,110.0
1512722380882,Sound_P,69.11838317407611
1512722380887,PodiumIR,100
1512722385182,Temperature_1,24.84
1512722385185,Humidity_1,12.052751731550176
1512722385189,Brightness_1,14.0
1512722385191,Temperature_2,24.49
1512722385193,Humidity_2,10.449593283739445
1512722385196,Brightness_2,110.0
1512722390895,Sound_P,74.91204818426347
1512722390899,PodiumIR,104
1512722391634,Temperature_1,24.84
1512722391637,Humidity_1,12.052751731550176
1512722391640,Brightness_1,14.0
1512722391642,Temperature_2,24.49
1512722391645,Humidity_2,10.449593283739445
1512722391648,Brightness_2,110.0
1512722398084,Temperature_1,24.84
1512722398087,Humidity_1,12.052751731550176
1512722398090,Brightness_1,14.0
1512722398093,Temperature_2,24.49
1512722398095,Humidity_2,10.449593283739445
1512722398098,Brightness_2,110.0
1512722400905,Sound_P,70.5390318503356
1512722400916,PodiumIR,107
1512722404659,Temperature_1,24.84
1512722404662,Humidity_1,12.052751731550176
1512722404665,Brightness_1,14.0
1512722404668,Temperature_2,24.49
1512722404670,Humidity_2,10.449593283739445
1512722404672,Brightness_2,104.0
1512722410923,Sound_P,70.5390318503356
1512722410929,PodiumIR,138
1512722411399,Temperature_1,24.84
1512722411402,Humidity_1,12.052751731550176
1512722411405,Brightness_1,14.0
1512722411407,Temperature_2,24.49
1512722411410,Humidity_2,10.449593283739445
1512722411413,Brightness_2,104.0
1512722418160,Temperature_1,24.84
1512722418163,Humidity_1,12.052751731550176
1512722418166,Brightness_1,14.0
1512722418169,Temperature_2,24.49
1512722418171,Humidity_2,10.449593283739445
1512722418174,Brightness_2,104.0
1512722420934,Sound_P,70.987085069563
1512722420940,PodiumIR,83
1512722424578,Temperature_1,24.84
1512722424581,Humidity_1,12.052751731550176
1512722424584,Brightness_1,14.0
1512722424587,Temperature_2,24.49
1512722424589,Humidity_2,10.449593283739445
1512722424592,Brightness_2,104.0
1512722430946,Sound_P,71.84886370856825
1512722430950,PodiumIR,100
1512722430987,Temperature_1,24.84
1512722430990,Humidity_1,12.052751731550176
1512722430994,Brightness_1,14.0
1512722430996,Temperature_2,24.49
1512722430998,Humidity_2,10.449593283739445
1512722431001,Brightness_2,104.0
1512722437509,Temperature_1,24.84
1512722437512,Humidity_1,12.052751731550176
1512722437515,Brightness_1,14.0
1512722437518,Temperature_2,24.49
1512722437520,Humidity_2,10.449593283739445
1512722437524,Brightness_2,104.0
1512722440956,Sound_P,75.59789851419828
1512722440961,PodiumIR,94
1512722444273,Temperature_1,24.84
1512722444276,Humidity_1,12.052751731550176
1512722444279,Brightness_1,14.0
1512722444281,Temperature_2,24.49
1512722444283,Humidity_2,10.449593283739445
1512722444287,Brightness_2,104.0
1512722450681,Temperature_1,24.84
1512722450684,Humidity_1,12.052751731550176
1512722450687,Brightness_1,14.0
1512722450689,Temperature_2,24.49
1512722450692,Humidity_2,10.449593283739445
1512722450695,Brightness_2,104.0
1512722450966,Sound_P,70.5390318503356
1512722450969,PodiumIR,96
1512722457375,Temperature_1,24.84
1512722457378,Humidity_1,12.052751731550176
1512722457381,Brightness_1,14.0
1512722457383,Temperature_2,24.49
1512722457386,Humidity_2,10.449593283739445
1512722457388,Brightness_2,104.0
1512722460972,Sound_P,69.60540278108363
1512722460977,PodiumIR,108
1512722464151,Temperature_1,24.84
1512722464154,Humidity_1,12.052751731550176
1512722464157,Brightness_1,14.0
1512722464160,Temperature_2,24.49
1512722464162,Humidity_2,10.449593283739445
1512722464165,Brightness_2,107.0
1512722470558,Temperature_1,24.72
1512722470561,Humidity_1,12.052751731550176
1512722470564,Brightness_1,14.0
1512722470567,Temperature_2,24.49
1512722470569,Humidity_2,10.449593283739445
1512722470572,Brightness_2,107.0
1512722470982,Sound_P,72.66858725677886
1512722470985,PodiumIR,101
1512722476987,Temperature_1,24.72
1512722476990,Humidity_1,12.052751731550176
1512722476993,Brightness_1,14.0
1512722476996,Temperature_2,24.49
1512722476998,Humidity_2,10.449593283739445
1512722477000,Brightness_2,107.0
1512722480988,Sound_P,68.0998289029382
1512722480992,PodiumIR,102
1512722483487,Temperature_1,24.72
1512722483490,Humidity_1,12.052751731550176
1512722483494,Brightness_1,14.0
1512722483496,Temperature_2,24.49
1512722483498,Humidity_2,10.449593283739445
1512722483501,Brightness_2,107.0
1512722490041,Temperature_1,24.72
1512722490044,Humidity_1,12.052751731550176
1512722490047,Brightness_1,14.0
1512722490050,Temperature_2,24.49
1512722490052,Humidity_2,10.449593283739445
1512722490054,Brightness_2,107.0
1512722491003,Sound_P,72.26372429269907
1512722491006,PodiumIR,114
1512722496518,Temperature_1,24.72
1512722496521,Humidity_1,12.052751731550176
1512722496525,Brightness_1,14.0
1512722496528,Temperature_2,24.49
1512722496531,Humidity_2,10.449593283739445
1512722496533,Brightness_2,107.0
1512722501015,Sound_P,69.11838317407611
1512722501019,PodiumIR,108
1512722503165,Temperature_1,24.72
1512722503168,Humidity_1,12.052751731550176
1512722503171,Brightness_1,14.0
1512722503174,Temperature_2,24.49
1512722503176,Humidity_2,10.449593283739445
1512722503178,Brightness_2,107.0
1512722509811,Temperature_1,24.72
1512722509814,Humidity_1,12.052751731550176
1512722509817,Brightness_1,14.0
1512722509820,Temperature_2,24.49
1512722509822,Humidity_2,10.449593283739445
1512722509825,Brightness_2,107.0
1512722511029,Sound_P,70.5390318503356
1512722511032,PodiumIR,107
1512722516256,Temperature_1,24.72
1512722516259,Humidity_1,12.052751731550176
1512722516262,Brightness_1,14.0
1512722516265,Temperature_2,24.49
1512722516267,Humidity_2,10.449593283739445
1512722516270,Brightness_2,107.0
1512722521044,Sound_P,74.55832985633069
1512722521047,PodiumIR,113
1512722522658,Temperature_1,24.72
1512722522661,Humidity_1,12.052751731550176
1512722522664,Brightness_1,14.0
1512722522667,Temperature_2,24.49
1512722522669,Humidity_2,10.449593283739445
1512722522671,Brightness_2,107.0
1512722529363,Temperature_1,24.72
1512722529367,Humidity_1,12.052751731550176
1512722529370,Brightness_1,14.0
1512722529372,Temperature_2,24.49
1512722529375,Humidity_2,10.32627340313862
1512722529377,Brightness_2,108.0
1512722531059,Sound_P,70.987085069563
1512722531062,PodiumIR,147
1512722536031,Temperature_1,24.84
1512722536034,Humidity_1,12.052751731550176
1512722536037,Brightness_1,14.0
1512722536040,Temperature_2,24.49
1512722536042,Humidity_2,10.32627340313862
1512722536045,Brightness_2,108.0
1512722541072,Sound_P,75.59789851419828
1512722541083,PodiumIR,106
1512722542512,Temperature_1,24.84
1512722542515,Humidity_1,12.052751731550176
1512722542518,Brightness_1,14.0
1512722542521,Temperature_2,24.49
1512722542524,Humidity_2,10.32627340313862
1512722542527,Brightness_2,108.0
1512722549230,Temperature_1,24.84
1512722549233,Humidity_1,12.052751731550176
1512722549236,Brightness_1,14.0
1512722549239,Temperature_2,24.49
1512722549241,Humidity_2,10.32627340313862
1512722549244,Brightness_2,108.0
1512722551092,Sound_P,68.61682354019833
1512722551096,PodiumIR,91
1512722555692,Temperature_1,24.84
1512722555695,Humidity_1,12.052751731550176
1512722555698,Brightness_1,14.0
1512722555700,Temperature_2,24.49
1512722555703,Humidity_2,10.32627340313862
1512722555705,Brightness_2,108.0
1512722561102,Sound_P,71.84886370856825
1512722561109,PodiumIR,104
1512722562247,Temperature_1,24.84
1512722562250,Humidity_1,12.052751731550176
1512722562253,Brightness_1,14.0
1512722562256,Temperature_2,24.49
1512722562258,Humidity_2,10.32627340313862
1512722562260,Brightness_2,108.0
1512722568637,Temperature_1,24.84
1512722568640,Humidity_1,12.052751731550176
1512722568643,Brightness_1,14.0
1512722568645,Temperature_2,24.49
1512722568648,Humidity_2,10.32627340313862
1512722568651,Brightness_2,108.0
1512722571118,Sound_P,74.19700410241327
1512722571129,PodiumIR,102
1512722575342,Temperature_1,24.84
1512722575345,Humidity_1,12.052751731550176
1512722575348,Brightness_1,14.0
1512722575351,Temperature_2,24.49
1512722575353,Humidity_2,10.32627340313862
1512722575355,Brightness_2,108.0
1512722581131,Sound_P,69.60540278108363
1512722581135,PodiumIR,117
1512722581795,Temperature_1,24.84
1512722581798,Humidity_1,12.052751731550176
1512722581801,Brightness_1,14.0
1512722581803,Temperature_2,24.49
1512722581805,Humidity_2,10.32627340313862
1512722581809,Brightness_2,108.0
1512722588516,Temperature_1,24.84
1512722588519,Humidity_1,12.052751731550176
1512722588523,Brightness_1,14.0
1512722588526,Temperature_2,24.49
1512722588528,Humidity_2,10.32627340313862
1512722588531,Brightness_2,108.0
1512722591137,Sound_P,68.61682354019833
1512722591141,PodiumIR,102
1512722595223,Temperature_1,24.84
1512722595226,Humidity_1,12.052751731550176
1512722595229,Brightness_1,15.0
1512722595232,Temperature_2,24.49
1512722595234,Humidity_2,10.32627340313862
1512722595236,Brightness_2,104.0
1512722601144,Sound_P,70.0787016850011
1512722601147,PodiumIR,99
1512722601659,Temperature_1,24.84
1512722601662,Humidity_1,12.052751731550176
1512722601665,Brightness_1,15.0
1512722601668,Temperature_2,24.49
1512722601670,Humidity_2,10.32627340313862
1512722601674,Brightness_2,104.0
1512722608213,Temperature_1,24.84
1512722608216,Humidity_1,12.052751731550176
1512722608220,Brightness_1,15.0
1512722608222,Temperature_2,24.49
1512722608224,Humidity_2,10.32627340313862
1512722608227,Brightness_2,104.0
1512722611149,Sound_P,70.0787016850011
1512722611153,PodiumIR,98
1512722614616,Temperature_1,24.84
1512722614619,Humidity_1,12.052751731550176
1512722614622,Brightness_1,15.0
1512722614625,Temperature_2,24.49
1512722614627,Humidity_2,10.32627340313862
1512722614630,Brightness_2,104.0
1512722614938,Door,activate
1512722621155,Sound_P,69.60540278108363
1512722621159,PodiumIR,107
1512722621179,Temperature_1,24.84
1512722621182,Humidity_1,12.052751731550176
1512722621185,Brightness_1,15.0
1512722621189,Temperature_2,24.49
1512722621192,Humidity_2,10.32627340313862
1512722621194,Brightness_2,104.0
1512722627578,Temperature_1,24.84
1512722627581,Humidity_1,12.052751731550176
1512722627584,Brightness_1,15.0
1512722627587,Temperature_2,24.49
1512722627589,Humidity_2,10.32627340313862
1512722627592,Brightness_2,104.0
1512722631163,Sound_P,70.0787016850011
1512722631167,PodiumIR,103
1512722632715,Door,activate
1512722633627,Door,activate
1512722634034,Temperature_1,24.84
1512722634037,Humidity_1,12.052751731550176
1512722634040,Brightness_1,15.0
1512722634042,Temperature_2,24.49
1512722634045,Humidity_2,10.32627340313862
1512722634048,Brightness_2,104.0
1512722640471,Temperature_1,24.84
1512722640474,Humidity_1,12.052751731550176
1512722640477,Brightness_1,15.0
1512722640480,Temperature_2,24.49
1512722640482,Humidity_2,10.32627340313862
1512722640484,Brightness_2,104.0
1512722641173,Sound_P,72.26372429269907
1512722641177,PodiumIR,126
1512722646877,Temperature_1,24.84
1512722646880,Humidity_1,12.052751731550176
1512722646883,Brightness_1,15.0
1512722646885,Temperature_2,24.49
1512722646888,Humidity_2,10.32627340313862
1512722646891,Brightness_2,104.0
1512722651182,Sound_P,74.55832985633069
1512722651185,PodiumIR,96
1512722653578,Temperature_1,24.84
1512722653581,Humidity_1,12.052751731550176
1512722653585,Brightness_1,15.0
1512722653587,Temperature_2,24.49
1512722653589,Humidity_2,10.32627340313862
1512722653592,Brightness_2,111.0
1512722660338,Temperature_1,24.84
1512722660341,Humidity_1,12.052751731550176
1512722660344,Brightness_1,14.0
1512722660346,Temperature_2,24.49
1512722660349,Humidity_2,10.32627340313862
1512722660352,Brightness_2,111.0
1512722661188,Sound_P,71.42349921662418
1512722661191,PodiumIR,104
1512722666736,Temperature_1,24.84
1512722666739,Humidity_1,12.052751731550176
1512722666742,Brightness_1,14.0
1512722666745,Temperature_2,24.49
1512722666748,Humidity_2,10.32627340313862
1512722666751,Brightness_2,111.0
1512722671193,Sound_P,74.55832985633069
1512722671198,PodiumIR,106
1512722673444,Temperature_1,24.84
1512722673447,Humidity_1,12.052751731550176
1512722673450,Brightness_1,14.0
1512722673453,Temperature_2,24.49
1512722673455,Humidity_2,10.32627340313862
1512722673458,Brightness_2,111.0
1512722680110,Temperature_1,24.84
1512722680113,Humidity_1,12.052751731550176
1512722680117,Brightness_1,14.0
1512722680119,Temperature_2,24.49
1512722680121,Humidity_2,10.32627340313862
1512722680124,Brightness_2,111.0
1512722681202,Sound_P,70.5390318503356
1512722681206,PodiumIR,98
1512722686527,Temperature_1,24.84
1512722686529,Humidity_1,12.052751731550176
1512722686533,Brightness_1,14.0
1512722686535,Temperature_2,24.49
1512722686537,Humidity_2,10.32627340313862
1512722686540,Brightness_2,111.0
1512722691223,Sound_P,68.61682354019833
1512722691236,PodiumIR,107
1512722693212,Temperature_1,24.84
1512722693215,Humidity_1,12.052751731550176
1512722693219,Brightness_1,14.0
1512722693221,Temperature_2,24.49
1512722693223,Humidity_2,10.32627340313862
1512722693226,Brightness_2,111.0
1512722699671,Temperature_1,24.84
1512722699674,Humidity_1,12.052751731550176
1512722699678,Brightness_1,14.0
1512722699680,Temperature_2,24.49
1512722699682,Humidity_2,10.32627340313862
1512722699685,Brightness_2,111.0
1512722701242,Sound_P,68.0998289029382
1512722701246,PodiumIR,109
1512722706429,Temperature_1,24.84
1512722706431,Humidity_1,12.052751731550176
1512722706435,Brightness_1,14.0
1512722706437,Temperature_2,24.49
1512722706440,Humidity_2,10.32627340313862
1512722706442,Brightness_2,111.0
1512722711255,Sound_P,70.0787016850011
1512722711259,PodiumIR,101
1512722712846,Temperature_1,24.84
1512722712849,Humidity_1,12.052751731550176
1512722712852,Brightness_1,14.0
1512722712855,Temperature_2,24.49
1512722712857,Humidity_2,10.32627340313862
1512722712861,Brightness_2,111.0
1512722719523,Temperature_1,24.84
1512722719526,Humidity_1,12.052751731550176
1512722719529,Brightness_1,14.0
1512722719531,Temperature_2,24.49
1512722719533,Humidity_2,10.32627340313862
1512722719537,Brightness_2,111.0
1512722721271,Sound_P,70.987085069563
1512722721274,PodiumIR,98
1512722726179,Temperature_1,24.72
1512722726182,Humidity_1,12.052751731550176
1512722726186,Brightness_1,15.0
1512722726188,Temperature_2,24.49
1512722726190,Humidity_2,10.32627340313862
1512722726193,Brightness_2,111.0
1512722731286,Sound_P,70.987085069563
1512722731292,PodiumIR,103
1512722732586,Temperature_1,24.72
1512722732589,Humidity_1,12.052751731550176
1512722732593,Brightness_1,15.0
1512722732595,Temperature_2,24.49
1512722732597,Humidity_2,10.32627340313862
1512722732600,Brightness_2,111.0
1512722739299,Temperature_1,24.72
1512722739302,Humidity_1,12.052751731550176
1512722739305,Brightness_1,15.0
1512722739307,Temperature_2,24.49
1512722739310,Humidity_2,10.32627340313862
1512722739312,Brightness_2,111.0
1512722741301,Sound_P,64.61127993529891
1512722741305,PodiumIR,101
1512722745857,Temperature_1,24.72
1512722745860,Humidity_1,12.052751731550176
1512722745863,Brightness_1,15.0
1512722745866,Temperature_2,24.49
1512722745868,Humidity_2,10.32627340313862
1512722745871,Brightness_2,111.0
1512722751314,Sound_P,67.56641902255494
1512722751318,PodiumIR,110
1512722752518,Temperature_1,24.72
1512722752521,Humidity_1,12.052751731550176
1512722752526,Brightness_1,15.0
1512722752529,Temperature_2,24.49
1512722752531,Humidity_2,10.32627340313862
1512722752534,Brightness_2,111.0
1512722759162,Temperature_1,24.72
1512722759165,Humidity_1,12.052751731550176
1512722759168,Brightness_1,15.0
1512722759170,Temperature_2,24.49
1512722759173,Humidity_2,10.32627340313862
1512722759176,Brightness_2,111.0
1512722761323,Sound_P,67.56641902255494
1512722761326,PodiumIR,107
1512722765575,Temperature_1,24.72
1512722765578,Humidity_1,12.052751731550176
1512722765582,Brightness_1,15.0
1512722765584,Temperature_2,24.49
1512722765586,Humidity_2,10.32627340313862
1512722765589,Brightness_2,111.0
1512722771331,Sound_P,69.60540278108363
1512722771335,PodiumIR,115
1512722772270,Temperature_1,24.72
1512722772273,Humidity_1,12.052751731550176
1512722772276,Brightness_1,15.0
1512722772279,Temperature_2,24.49
1512722772281,Humidity_2,10.32627340313862
1512722772285,Brightness_2,111.0
1512722776987,Door,activate
1512722778188,Door,activate
1512722778685,Temperature_1,24.72
1512722778688,Humidity_1,12.052751731550176
1512722778691,Brightness_1,15.0
1512722778693,Temperature_2,24.49
1512722778696,Humidity_2,10.32627340313862
1512722778699,Brightness_2,106.0
1512722781338,Sound_P,66.44593723960276
1512722781342,PodiumIR,112
1512722785480,Temperature_1,24.72
1512722785483,Humidity_1,12.052751731550176
1512722785487,Brightness_1,14.0
1512722785489,Temperature_2,24.49
1512722785491,Humidity_2,10.32627340313862
1512722785495,Brightness_2,106.0
1512722791347,Sound_P,69.11838317407611
1512722791350,PodiumIR,85
1512722791922,Temperature_1,24.72
1512722791925,Humidity_1,12.052751731550176
1512722791928,Brightness_1,14.0
1512722791930,Temperature_2,24.49
1512722791932,Humidity_2,10.32627340313862
1512722791935,Brightness_2,106.0
1512722798382,Temperature_1,24.72
1512722798385,Humidity_1,12.052751731550176
1512722798389,Brightness_1,14.0
1512722798391,Temperature_2,24.49
1512722798393,Humidity_2,10.32627340313862
1512722798395,Brightness_2,106.0
1512722801356,Sound_P,64.61127993529891
1512722801359,PodiumIR,83
1512722804796,Temperature_1,24.72
1512722804807,Humidity_1,12.052751731550176
1512722804811,Brightness_1,14.0
1512722804813,Temperature_2,24.49
1512722804815,Humidity_2,10.32627340313862
1512722804818,Brightness_2,106.0
1512722811362,Sound_P,69.11838317407611
1512722811365,PodiumIR,103
1512722811388,Temperature_1,24.72
1512722811391,Humidity_1,12.052751731550176
1512722811394,Brightness_1,14.0
1512722811397,Temperature_2,24.49
1512722811399,Humidity_2,10.32627340313862
1512722811403,Brightness_2,106.0
1512722817838,Temperature_1,24.72
1512722817841,Humidity_1,12.052751731550176
1512722817844,Brightness_1,14.0
1512722817847,Temperature_2,24.49
1512722817849,Humidity_2,10.32627340313862
1512722817852,Brightness_2,106.0
1512722821368,Sound_P,64.61127993529891
1512722821371,PodiumIR,106
1512722824534,Temperature_1,24.72
1512722824538,Humidity_1,12.052751731550176
1512722824541,Brightness_1,14.0
1512722824543,Temperature_2,24.49
1512722824545,Humidity_2,10.32627340313862
1512722824548,Brightness_2,106.0
1512722831256,Temperature_1,24.72
1512722831259,Humidity_1,12.052751731550176
1512722831262,Brightness_1,14.0
1512722831265,Temperature_2,24.49
1512722831267,Humidity_2,10.32627340313862
1512722831269,Brightness_2,106.0
1512722831374,Sound_P,66.44593723960276
1512722831377,PodiumIR,101
1512722837695,Temperature_1,24.72
1512722837698,Humidity_1,12.052751731550176
1512722837701,Brightness_1,14.0
1512722837704,Temperature_2,24.49
1512722837706,Humidity_2,10.32627340313862
1512722837709,Brightness_2,106.0
1512722841380,Sound_P,69.11838317407611
1512722841384,PodiumIR,110
1512722844360,Temperature_1,24.72
1512722844362,Humidity_1,12.052751731550176
1512722844366,Brightness_1,14.0
1512722844368,Temperature_2,24.49
1512722844370,Humidity_2,10.32627340313862
1512722844375,Brightness_2,104.0
1512722850776,Temperature_1,24.84
1512722850779,Humidity_1,12.052751731550176
1512722850782,Brightness_1,15.0
1512722850785,Temperature_2,24.49
1512722850787,Humidity_2,10.32627340313862
1512722850790,Brightness_2,104.0
1512722851390,Sound_P,68.61682354019833
1512722851394,PodiumIR,94
1512722857467,Temperature_1,24.84
1512722857470,Humidity_1,12.052751731550176
1512722857473,Brightness_1,15.0
1512722857476,Temperature_2,24.49
1512722857478,Humidity_2,10.32627340313862
1512722857480,Brightness_2,104.0
1512722861399,Sound_P,65.24535518573873
1512722861402,PodiumIR,105
1512722863914,Temperature_1,24.84
1512722863917,Humidity_1,12.052751731550176
1512722863920,Brightness_1,15.0
1512722863923,Temperature_2,24.49
1512722863925,Humidity_2,10.32627340313862
1512722863928,Brightness_2,104.0
1512722870370,Temperature_1,24.84
1512722870373,Humidity_1,12.052751731550176
1512722870377,Brightness_1,15.0
1512722870379,Temperature_2,24.49
1512722870381,Humidity_2,10.32627340313862
1512722870384,Brightness_2,104.0
1512722871411,Sound_P,65.24535518573873
1512722871414,PodiumIR,86
1512722876786,Temperature_1,24.84
1512722876789,Humidity_1,12.052751731550176
1512722876793,Brightness_1,15.0
1512722876795,Temperature_2,24.49
1512722876798,Humidity_2,10.32627340313862
1512722876800,Brightness_2,104.0
1512722881420,Sound_P,68.0998289029382
1512722881425,PodiumIR,86
1512722883185,Temperature_1,24.84
1512722883188,Humidity_1,12.052751731550176
1512722883191,Brightness_1,15.0
1512722883193,Temperature_2,24.49
1512722883195,Humidity_2,10.32627340313862
1512722883198,Brightness_2,104.0
1512722889921,Temperature_1,24.84
1512722889924,Humidity_1,12.052751731550176
1512722889928,Brightness_1,15.0
1512722889930,Temperature_2,24.49
1512722889932,Humidity_2,10.32627340313862
1512722889934,Brightness_2,104.0
1512722891431,Sound_P,71.42349921662418
1512722891434,PodiumIR,97
1512722896349,Temperature_1,24.84
1512722896352,Humidity_1,12.052751731550176
1512722896355,Brightness_1,15.0
1512722896358,Temperature_2,24.49
1512722896360,Humidity_2,10.32627340313862
1512722896363,Brightness_2,104.0
1512722901436,Sound_P,64.61127993529891
1512722901439,PodiumIR,89
1512722902754,Temperature_1,24.84
1512722902757,Humidity_1,12.052751731550176
1512722902760,Brightness_1,15.0
1512722902763,Temperature_2,24.49
1512722902765,Humidity_2,10.32627340313862
1512722902768,Brightness_2,104.0
1512722909480,Temperature_1,24.84
1512722909483,Humidity_1,12.052751731550176
1512722909486,Brightness_1,15.0
1512722909489,Temperature_2,24.49
1512722909491,Humidity_2,10.202953522537785
1512722909494,Brightness_2,107.0
1512722911442,Sound_P,71.84886370856825
1512722911445,PodiumIR,81
1512722915931,Temperature_1,24.72
1512722915934,Humidity_1,12.052751731550176
1512722915938,Brightness_1,15.0
1512722915940,Temperature_2,24.49
1512722915942,Humidity_2,10.202953522537785
1512722915945,Brightness_2,107.0
1512722921451,Sound_P,71.42349921662418
1512722921454,PodiumIR,146
1512722922385,Temperature_1,24.72
1512722922388,Humidity_1,12.052751731550176
1512722922391,Brightness_1,15.0
1512722922394,Temperature_2,24.49
1512722922396,Humidity_2,10.202953522537785
1512722922399,Brightness_2,107.0
1512722928816,Temperature_1,24.72
1512722928820,Humidity_1,12.052751731550176
1512722928823,Brightness_1,15.0
1512722928825,Temperature_2,24.49
1512722928827,Humidity_2,10.202953522537785
1512722928830,Brightness_2,107.0
1512722931457,Sound_P,66.44593723960276
1512722931460,PodiumIR,105
1512722935491,Temperature_1,24.72
1512722935493,Humidity_1,12.052751731550176
1512722935497,Brightness_1,15.0
1512722935500,Temperature_2,24.49
1512722935502,Humidity_2,10.202953522537785
1512722935504,Brightness_2,107.0
1512722941463,Sound_P,71.84886370856825
1512722941466,PodiumIR,103
1512722941884,Temperature_1,24.72
1512722941887,Humidity_1,12.052751731550176
1512722941890,Brightness_1,15.0
1512722941893,Temperature_2,24.49
1512722941895,Humidity_2,10.202953522537785
1512722941898,Brightness_2,107.0
1512722948509,Temperature_1,24.72
1512722948512,Humidity_1,12.052751731550176
1512722948516,Brightness_1,15.0
1512722948519,Temperature_2,24.49
1512722948522,Humidity_2,10.202953522537785
1512722948526,Brightness_2,107.0
1512722951469,Sound_P,68.0998289029382
1512722951472,PodiumIR,97
1512722954958,Temperature_1,24.72
1512722954961,Humidity_1,12.052751731550176
1512722954964,Brightness_1,15.0
1512722954967,Temperature_2,24.49
1512722954969,Humidity_2,10.202953522537785
1512722954972,Brightness_2,107.0
1512722961475,Sound_P,72.66858725677886
1512722961479,PodiumIR,100
1512722968510,Temperature_1,24.72
1512722968513,Humidity_1,12.052751731550176
1512722968517,Brightness_1,15.0
1512722968520,Temperature_2,24.49
1512722968523,Humidity_2,10.202953522537785
1512722968527,Brightness_2,108.0
1512722971481,Sound_P,64.61127993529891
1512722971492,PodiumIR,100
1512722975229,Temperature_1,24.72
1512722975233,Humidity_1,12.052751731550176
1512722975238,Brightness_1,15.0
1512722975241,Temperature_2,24.49
1512722975244,Humidity_2,10.202953522537785
1512722975248,Brightness_2,108.0
1512722981495,Sound_P,65.8563679754536
1512722981499,PodiumIR,130
1512722981981,Temperature_1,24.84
1512722981984,Humidity_1,11.929431850949346
1512722981988,Brightness_1,14.0
1512722981991,Temperature_2,24.49
1512722981994,Humidity_2,10.202953522537785
1512722981998,Brightness_2,108.0
1512722988403,Temperature_1,24.84
1512722988406,Humidity_1,11.929431850949346
1512722988408,Brightness_1,14.0
1512722988410,Temperature_2,24.49
1512722988412,Humidity_2,10.202953522537785
1512722988414,Brightness_2,108.0
1512722991501,Sound_P,68.0998289029382
1512722991505,PodiumIR,104
1512722994804,Temperature_1,24.84
1512722994807,Humidity_1,11.929431850949346
1512722994811,Brightness_1,14.0
1512722994813,Temperature_2,24.49
1512722994815,Humidity_2,10.202953522537785
1512722994819,Brightness_2,108.0
1512723001258,Temperature_1,24.84
1512723001262,Humidity_1,11.929431850949346
1512723001265,Brightness_1,14.0
1512723001268,Temperature_2,24.49
1512723001271,Humidity_2,10.202953522537785
1512723001274,Brightness_2,108.0
1512723001507,Sound_P,68.61682354019833
1512723001511,PodiumIR,126
1512723008097,Temperature_1,24.84
1512723008101,Humidity_1,11.929431850949346
1512723008104,Brightness_1,14.0
1512723008106,Temperature_2,24.49
1512723008109,Humidity_2,10.202953522537785
1512723008111,Brightness_2,108.0
1512723011513,Sound_P,63.95233273361063
1512723011517,PodiumIR,106
1512723014523,Temperature_1,24.84
1512723014526,Humidity_1,11.929431850949346
1512723014529,Brightness_1,14.0
1512723014532,Temperature_2,24.49
1512723014534,Humidity_2,10.202953522537785
1512723014537,Brightness_2,108.0
1512723021205,Temperature_1,24.84
1512723021208,Humidity_1,11.929431850949346
1512723021211,Brightness_1,14.0
1512723021213,Temperature_2,24.49
1512723021215,Humidity_2,10.202953522537785
1512723021218,Brightness_2,108.0
1512723021522,Sound_P,65.24535518573873
1512723021525,PodiumIR,128
1512723027656,Temperature_1,24.84
1512723027659,Humidity_1,11.929431850949346
1512723027662,Brightness_1,14.0
1512723027664,Temperature_2,24.49
1512723027666,Humidity_2,10.202953522537785
1512723027669,Brightness_2,108.0
1512723031528,Sound_P,66.44593723960276
1512723031531,PodiumIR,97
1512723034058,Temperature_1,24.84
1512723034061,Humidity_1,11.929431850949346
1512723034064,Brightness_1,14.0
1512723034066,Temperature_2,24.49
1512723034069,Humidity_2,10.202953522537785
1512723034072,Brightness_2,113.0
1512723040517,Temperature_1,24.84
1512723040521,Humidity_1,11.929431850949346
1512723040525,Brightness_1,14.0
1512723040528,Temperature_2,24.49
1512723040530,Humidity_2,10.202953522537785
1512723040533,Brightness_2,113.0
1512723041534,Sound_P,64.61127993529891
1512723041538,PodiumIR,107
1512723047215,Temperature_1,24.84
1512723047218,Humidity_1,11.929431850949346
1512723047221,Brightness_1,14.0
1512723047224,Temperature_2,24.49
1512723047226,Humidity_2,10.202953522537785
1512723047229,Brightness_2,113.0
1512723051540,Sound_P,63.26648240367583
1512723051543,PodiumIR,94
1512723053670,Temperature_1,24.84
1512723053673,Humidity_1,11.929431850949346
1512723053676,Brightness_1,14.0
1512723053679,Temperature_2,24.49
1512723053681,Humidity_2,10.202953522537785
1512723053684,Brightness_2,113.0
1512723061546,Sound_P,63.95233273361063
1512723061549,PodiumIR,79
1512723067105,Temperature_1,24.84
1512723067113,Humidity_1,11.929431850949346
1512723067117,Brightness_1,14.0
1512723067119,Temperature_2,24.49
1512723067121,Humidity_2,10.202953522537785
1512723067124,Brightness_2,113.0
1512723071552,Sound_P,69.60540278108363
1512723071555,PodiumIR,97
1512723073507,Temperature_1,24.84
1512723073510,Humidity_1,11.929431850949346
1512723073513,Brightness_1,14.0
1512723073516,Temperature_2,24.49
1512723073518,Humidity_2,10.202953522537785
1512723073520,Brightness_2,113.0
1512723080189,Temperature_1,24.84
1512723080192,Humidity_1,11.929431850949346
1512723080195,Brightness_1,14.0
1512723080198,Temperature_2,24.49
1512723080200,Humidity_2,10.202953522537785
1512723080202,Brightness_2,113.0
1512723081558,Sound_P,65.8563679754536
1512723081562,PodiumIR,107
1512723086607,Temperature_1,24.84
1512723086610,Humidity_1,11.929431850949346
1512723086613,Brightness_1,14.0
1512723086615,Temperature_2,24.49
1512723086618,Humidity_2,10.202953522537785
1512723086621,Brightness_2,113.0
1512723091564,Sound_P,67.01551720930587
1512723091567,PodiumIR,84
1512723093106,Temperature_1,24.84
1512723093109,Humidity_1,11.929431850949346
1512723093112,Brightness_1,14.0
1512723093114,Temperature_2,24.49
1512723093117,Humidity_2,10.202953522537785
1512723093119,Brightness_2,113.0
1512723099951,Temperature_1,24.84
1512723099954,Humidity_1,11.929431850949346
1512723099957,Brightness_1,14.0
1512723099960,Temperature_2,24.49
1512723099962,Humidity_2,10.202953522537785
1512723099965,Brightness_2,103.0
1512723101573,Sound_P,67.56641902255494
1512723101576,PodiumIR,98
1512723106410,Temperature_1,24.84
1512723106413,Humidity_1,11.929431850949346
1512723106416,Brightness_1,14.0
1512723106419,Temperature_2,24.49
1512723106421,Humidity_2,10.202953522537785
1512723106424,Brightness_2,103.0
1512723111581,Sound_P,66.44593723960276
1512723111584,PodiumIR,119
1512723112825,Temperature_1,24.84
1512723112828,Humidity_1,11.929431850949346
1512723112831,Brightness_1,14.0
1512723112834,Temperature_2,24.49
1512723112836,Humidity_2,10.202953522537785
1512723112839,Brightness_2,103.0
1512723119504,Temperature_1,24.84
1512723119508,Humidity_1,11.929431850949346
1512723119511,Brightness_1,14.0
1512723119513,Temperature_2,24.49
1512723119516,Humidity_2,10.202953522537785
1512723119519,Brightness_2,103.0
1512723121589,Sound_P,66.44593723960276
1512723121592,PodiumIR,98
1512723125956,Temperature_1,24.84
1512723125959,Humidity_1,11.929431850949346
1512723125962,Brightness_1,14.0
1512723125964,Temperature_2,24.49
1512723125967,Humidity_2,10.202953522537785
1512723125970,Brightness_2,103.0
1512723131601,Sound_P,64.61127993529891
1512723131604,PodiumIR,101
1512723132416,Temperature_1,24.84
1512723132419,Humidity_1,11.929431850949346
1512723132422,Brightness_1,14.0
1512723132425,Temperature_2,24.49
1512723132427,Humidity_2,10.202953522537785
1512723132430,Brightness_2,103.0
1512723138834,Temperature_1,24.84
1512723138838,Humidity_1,11.929431850949346
1512723138841,Brightness_1,14.0
1512723138843,Temperature_2,24.49
1512723138845,Humidity_2,10.202953522537785
1512723138848,Brightness_2,103.0
1512723141607,Sound_P,66.44593723960276
1512723141610,PodiumIR,103
1512723145514,Temperature_1,24.84
1512723145518,Humidity_1,11.929431850949346
1512723145521,Brightness_1,14.0
1512723145523,Temperature_2,24.49
1512723145526,Humidity_2,10.202953522537785
1512723145529,Brightness_2,103.0
1512723151613,Sound_P,66.44593723960276
1512723151622,PodiumIR,109
1512723152079,Temperature_1,24.84
1512723152082,Humidity_1,11.929431850949346
1512723152085,Brightness_1,14.0
1512723152088,Temperature_2,24.49
1512723152090,Humidity_2,10.202953522537785
1512723152093,Brightness_2,103.0
1512723158475,Temperature_1,24.84
1512723158478,Humidity_1,11.929431850949346
1512723158482,Brightness_1,14.0
1512723158484,Temperature_2,24.49
1512723158486,Humidity_2,10.202953522537785
1512723158489,Brightness_2,111.0
1512723161627,Sound_P,66.44593723960276
1512723161631,PodiumIR,107
1512723165176,Temperature_1,24.84
1512723165179,Humidity_1,11.929431850949346
1512723165182,Brightness_1,14.0
1512723165184,Temperature_2,24.49
1512723165187,Humidity_2,10.202953522537785
1512723165190,Brightness_2,111.0
1512723171628,Temperature_1,24.72
1512723171631,Humidity_1,11.929431850949346
1512723171633,Sound_P,66.44593723960276
1512723171634,Brightness_1,15.0
1512723171637,PodiumIR,109
1512723171637,Temperature_2,24.49
1512723171640,Humidity_2,10.202953522537785
1512723171643,Brightness_2,111.0
1512723178080,Temperature_1,24.72
1512723178083,Humidity_1,11.929431850949346
1512723178086,Brightness_1,15.0
1512723178089,Temperature_2,24.49
1512723178091,Humidity_2,10.202953522537785
1512723178094,Brightness_2,111.0
1512723181640,Sound_P,69.11838317407611
1512723181644,PodiumIR,102
1512723184526,Temperature_1,24.72
1512723184529,Humidity_1,11.929431850949346
1512723184532,Brightness_1,15.0
1512723184535,Temperature_2,24.49
1512723184537,Humidity_2,10.202953522537785
1512723184540,Brightness_2,111.0
1512723190982,Temperature_1,24.72
1512723190985,Humidity_1,11.929431850949346
1512723190988,Brightness_1,15.0
1512723190990,Temperature_2,24.49
1512723190993,Humidity_2,10.202953522537785
1512723190996,Brightness_2,111.0
1512723191647,Sound_P,65.8563679754536
1512723191650,PodiumIR,103
1512723197403,Temperature_1,24.72
1512723197406,Humidity_1,11.929431850949346
1512723197409,Brightness_1,15.0
1512723197411,Temperature_2,24.49
1512723197414,Humidity_2,10.202953522537785
1512723197416,Brightness_2,111.0
1512723201652,Sound_P,68.61682354019833
1512723201666,PodiumIR,90
1512723204088,Temperature_1,24.72
1512723204091,Humidity_1,11.929431850949346
1512723204094,Brightness_1,15.0
1512723204097,Temperature_2,24.49
1512723204099,Humidity_2,10.202953522537785
1512723204102,Brightness_2,111.0
1512723210519,Temperature_1,24.72
1512723210523,Humidity_1,11.929431850949346
1512723210527,Brightness_1,15.0
1512723210529,Temperature_2,24.49
1512723210532,Humidity_2,10.202953522537785
1512723210534,Brightness_2,111.0
1512723211671,Sound_P,68.61682354019833
1512723211674,PodiumIR,117
1512723217211,Temperature_1,24.72
1512723217213,Humidity_1,11.929431850949346
1512723217217,Brightness_1,15.0
1512723217219,Temperature_2,24.49
1512723217221,Humidity_2,10.202953522537785
1512723217224,Brightness_2,111.0
1512723221677,Sound_P,69.60540278108363
1512723221680,PodiumIR,104
1512723223757,Temperature_1,24.72
1512723223760,Humidity_1,11.929431850949346
1512723223763,Brightness_1,15.0
1512723223765,Temperature_2,24.49
1512723223768,Humidity_2,10.202953522537785
1512723223770,Brightness_2,106.0
1512723230508,Temperature_1,24.84
1512723230511,Humidity_1,11.929431850949346
1512723230514,Brightness_1,14.0
1512723230517,Temperature_2,24.49
1512723230520,Humidity_2,10.202953522537785
1512723230525,Brightness_2,106.0
1512723231682,Sound_P,71.42349921662418
1512723231686,PodiumIR,103
1512723236916,Temperature_1,24.84
1512723236919,Humidity_1,11.929431850949346
1512723236922,Brightness_1,14.0
1512723236924,Temperature_2,24.49
1512723236927,Humidity_2,10.202953522537785
1512723236929,Brightness_2,106.0
1512723241689,Sound_P,66.44593723960276
1512723241692,PodiumIR,98
1512723243623,Temperature_1,24.84
1512723243626,Humidity_1,11.929431850949346
1512723243629,Brightness_1,14.0
1512723243632,Temperature_2,24.49
1512723243634,Humidity_2,10.202953522537785
1512723243636,Brightness_2,106.0
1512723250074,Temperature_1,24.84
1512723250077,Humidity_1,11.929431850949346
1512723250080,Brightness_1,14.0
1512723250083,Temperature_2,24.49
1512723250085,Humidity_2,10.202953522537785
1512723250088,Brightness_2,106.0
1512723251695,Sound_P,68.61682354019833
1512723251698,PodiumIR,102
1512723256508,Temperature_1,24.84
1512723256511,Humidity_1,11.929431850949346
1512723256514,Brightness_1,14.0
1512723256517,Temperature_2,24.49
1512723256522,Humidity_2,10.202953522537785
1512723256524,Brightness_2,106.0
1512723261701,Sound_P,64.61127993529891
1512723261704,PodiumIR,95
1512723262926,Temperature_1,24.84
1512723262929,Humidity_1,11.929431850949346
1512723262932,Brightness_1,14.0
1512723262934,Temperature_2,24.49
1512723262937,Humidity_2,10.202953522537785
1512723262940,Brightness_2,106.0
1512723269626,Temperature_1,24.84
1512723269628,Humidity_1,11.929431850949346
1512723269632,Brightness_1,14.0
1512723269634,Temperature_2,24.49
1512723269636,Humidity_2,10.202953522537785
1512723269639,Brightness_2,106.0
1512723271707,Sound_P,64.61127993529891
1512723271710,PodiumIR,89
1512723276052,Temperature_1,24.84
1512723276055,Humidity_1,11.929431850949346
1512723276058,Brightness_1,14.0
1512723276060,Temperature_2,24.49
1512723276062,Humidity_2,10.202953522537785
1512723276065,Brightness_2,106.0
1512723281722,Sound_P,65.8563679754536
1512723281726,PodiumIR,112
1512723285508,Temperature_1,24.84
1512723285511,Humidity_1,11.929431850949346
1512723285514,Brightness_1,14.0
1512723285517,Temperature_2,24.49
1512723285519,Humidity_2,10.202953522537785
1512723285521,Brightness_2,103.0
1512723291728,Sound_P,71.42349921662418
1512723291732,PodiumIR,108
1512723292268,Temperature_1,24.84
1512723292270,Humidity_1,11.929431850949346
1512723292274,Brightness_1,14.0
1512723292276,Temperature_2,24.49
1512723292278,Humidity_2,10.202953522537785
1512723292281,Brightness_2,103.0
1512723298732,Temperature_1,24.84
1512723298735,Humidity_1,11.929431850949346
1512723298738,Brightness_1,15.0
1512723298741,Temperature_2,24.49
1512723298743,Humidity_2,10.202953522537785
1512723298746,Brightness_2,103.0
1512723301734,Sound_P,66.44593723960276
1512723301738,PodiumIR,136
1512723305476,Temperature_1,24.84
1512723305479,Humidity_1,11.929431850949346
1512723305482,Brightness_1,15.0
1512723305484,Temperature_2,24.49
1512723305487,Humidity_2,10.202953522537785
1512723305490,Brightness_2,103.0
1512723311740,Sound_P,66.44593723960276
1512723311744,PodiumIR,106
1512723311911,Temperature_1,24.84
1512723311914,Humidity_1,11.929431850949346
1512723311917,Brightness_1,15.0
1512723311920,Temperature_2,24.49
1512723311922,Humidity_2,10.202953522537785
1512723311924,Brightness_2,103.0
1512723318369,Temperature_1,24.84
1512723318372,Humidity_1,11.929431850949346
1512723318375,Brightness_1,15.0
1512723318377,Temperature_2,24.49
1512723318380,Humidity_2,10.202953522537785
1512723318383,Brightness_2,103.0
1512723321752,Sound_P,64.61127993529891
1512723321755,PodiumIR,101
1512723324789,Temperature_1,24.84
1512723324792,Humidity_1,11.929431850949346
1512723324795,Brightness_1,15.0
1512723324798,Temperature_2,24.49
1512723324800,Humidity_2,10.202953522537785
1512723324803,Brightness_2,103.0
1512723331487,Temperature_1,24.84
1512723331490,Humidity_1,11.929431850949346
1512723331493,Brightness_1,15.0
1512723331496,Temperature_2,24.49
1512723331498,Humidity_2,10.202953522537785
1512723331501,Brightness_2,103.0
1512723331758,Sound_P,71.42349921662418
1512723331762,PodiumIR,120
1512723338236,Temperature_1,24.84
1512723338239,Humidity_1,11.929431850949346
1512723338242,Brightness_1,15.0
1512723338244,Temperature_2,24.49
1512723338246,Humidity_2,10.202953522537785
1512723338249,Brightness_2,103.0
1512723341764,Sound_P,64.61127993529891
1512723341768,PodiumIR,101
1512723344683,Temperature_1,24.84
1512723344686,Humidity_1,11.929431850949346
1512723344690,Brightness_1,15.0
1512723344692,Temperature_2,24.49
1512723344694,Humidity_2,10.202953522537785
1512723344696,Brightness_2,103.0
1512723351137,Temperature_1,24.84
1512723351140,Humidity_1,11.929431850949346
1512723351143,Brightness_1,15.0
1512723351146,Temperature_2,24.49
1512723351148,Humidity_2,10.202953522537785
1512723351150,Brightness_2,107.0
1512723351770,Sound_P,65.8563679754536
1512723351774,PodiumIR,114
1512723357896,Temperature_1,24.72
1512723357899,Humidity_1,11.929431850949346
1512723357902,Brightness_1,14.0
1512723357905,Temperature_2,24.49
1512723357907,Humidity_2,10.202953522537785
1512723357909,Brightness_2,107.0
1512723361776,Sound_P,67.01551720930587
1512723361780,PodiumIR,101
1512723364347,Temperature_1,24.72
1512723364350,Humidity_1,11.929431850949346
1512723364353,Brightness_1,14.0
1512723364356,Temperature_2,24.49
1512723364358,Humidity_2,10.202953522537785
1512723364361,Brightness_2,107.0
1512723370762,Temperature_1,24.72
1512723370764,Humidity_1,11.929431850949346
1512723370768,Brightness_1,14.0
1512723370770,Temperature_2,24.49
1512723370772,Humidity_2,10.202953522537785
1512723370775,Brightness_2,107.0
1512723371782,Sound_P,64.61127993529891
1512723371785,PodiumIR,105
1512723377455,Temperature_1,24.72
1512723377458,Humidity_1,11.929431850949346
1512723377461,Brightness_1,14.0
1512723377463,Temperature_2,24.49
1512723377465,Humidity_2,10.202953522537785
1512723377468,Brightness_2,107.0
1512723381788,Sound_P,64.61127993529891
1512723381792,PodiumIR,92
1512723384111,Temperature_1,24.72
1512723384114,Humidity_1,11.929431850949346
1512723384117,Brightness_1,14.0
1512723384119,Temperature_2,24.49
1512723384122,Humidity_2,10.202953522537785
1512723384125,Brightness_2,107.0
1512723390542,Temperature_1,24.72
1512723390545,Humidity_1,11.929431850949346
1512723390549,Brightness_1,14.0
1512723390551,Temperature_2,24.49
1512723390553,Humidity_2,10.202953522537785
1512723390556,Brightness_2,107.0
1512723391794,Sound_P,68.61682354019833
1512723391797,PodiumIR,100
1512723397222,Temperature_1,24.72
1512723397225,Humidity_1,11.929431850949346
1512723397228,Brightness_1,14.0
1512723397231,Temperature_2,24.49
1512723397233,Humidity_2,10.202953522537785
1512723397236,Brightness_2,107.0
1512723401800,Sound_P,70.987085069563
1512723401804,PodiumIR,105
1512723403669,Temperature_1,24.72
1512723403672,Humidity_1,11.929431850949346
1512723403675,Brightness_1,14.0
1512723403678,Temperature_2,24.49
1512723403680,Humidity_2,10.202953522537785
1512723403684,Brightness_2,107.0
1512723410224,Temperature_1,24.72
1512723410227,Humidity_1,11.929431850949346
1512723410230,Brightness_1,14.0
1512723410232,Temperature_2,24.49
1512723410234,Humidity_2,10.202953522537785
1512723410237,Brightness_2,107.0
1512723411815,Sound_P,65.24535518573873
1512723411818,PodiumIR,95
1512723416635,Temperature_1,24.72
1512723416639,Humidity_1,11.929431850949346
1512723416642,Brightness_1,14.0
1512723416644,Temperature_2,24.49
1512723416646,Humidity_2,10.202953522537785
1512723416648,Brightness_2,106.0
1512723421821,Sound_P,68.0998289029382
1512723421824,PodiumIR,100
1512723423035,Temperature_1,24.72
1512723423038,Humidity_1,11.929431850949346
1512723423041,Brightness_1,14.0
1512723423044,Temperature_2,24.49
1512723423046,Humidity_2,10.202953522537785
1512723423049,Brightness_2,106.0
1512723429484,Temperature_1,24.72
1512723429487,Humidity_1,11.929431850949346
1512723429490,Brightness_1,14.0
1512723429493,Temperature_2,24.49
1512723429495,Humidity_2,10.202953522537785
1512723429498,Brightness_2,106.0
1512723431827,Sound_P,67.56641902255494
1512723431831,PodiumIR,108
1512723435932,Temperature_1,24.72
1512723435935,Humidity_1,11.929431850949346
1512723435938,Brightness_1,14.0
1512723435940,Temperature_2,24.49
1512723435943,Humidity_2,10.202953522537785
1512723435945,Brightness_2,106.0
1512723441836,Sound_P,71.42349921662418
1512723441840,PodiumIR,101
1512723442386,Temperature_1,24.72
1512723442389,Humidity_1,11.929431850949346
1512723442392,Brightness_1,14.0
1512723442394,Temperature_2,24.49
1512723442397,Humidity_2,10.202953522537785
1512723442400,Brightness_2,106.0
1512723448786,Temperature_1,24.72
1512723448789,Humidity_1,11.929431850949346
1512723448792,Brightness_1,14.0
1512723448794,Temperature_2,24.49
1512723448797,Humidity_2,10.202953522537785
1512723448799,Brightness_2,106.0
1512723451842,Sound_P,65.24535518573873
1512723451845,PodiumIR,117
1512723455486,Temperature_1,24.72
1512723455489,Humidity_1,11.929431850949346
1512723455492,Brightness_1,14.0
1512723455494,Temperature_2,24.49
1512723455497,Humidity_2,10.202953522537785
1512723455499,Brightness_2,106.0
1512723461848,Sound_P,64.61127993529891
1512723461852,PodiumIR,99
1512723461896,Temperature_1,24.72
1512723461899,Humidity_1,11.929431850949346
1512723461902,Brightness_1,14.0
1512723461904,Temperature_2,24.49
1512723461907,Humidity_2,10.202953522537785
1512723461910,Brightness_2,106.0
1512723468304,Temperature_1,24.72
1512723468307,Humidity_1,11.929431850949346
1512723468310,Brightness_1,14.0
1512723468312,Temperature_2,24.49
1512723468315,Humidity_2,10.202953522537785
1512723468318,Brightness_2,106.0
1512723471854,Sound_P,67.01551720930587
1512723471858,PodiumIR,107
1512723474726,Temperature_1,24.72
1512723474732,Humidity_1,11.929431850949346
1512723474735,Brightness_1,14.0
1512723474737,Temperature_2,24.49
1512723474740,Humidity_2,10.202953522537785
1512723474745,Brightness_2,106.0
1512723481495,Temperature_1,24.72
1512723481501,Humidity_1,11.929431850949346
1512723481504,Brightness_1,14.0
1512723481506,Temperature_2,24.49
1512723481508,Humidity_2,10.202953522537785
1512723481515,Brightness_2,110.0
1512723481860,Sound_P,67.56641902255494
1512723481864,PodiumIR,98
1512723487947,Temperature_1,24.84
1512723487952,Humidity_1,11.929431850949346
1512723487955,Brightness_1,14.0
1512723487957,Temperature_2,24.49
1512723487963,Humidity_2,10.202953522537785
1512723487966,Brightness_2,110.0
1512723491866,Sound_P,68.0998289029382
1512723491870,PodiumIR,105
1512723494398,Temperature_1,24.84
1512723494403,Humidity_1,11.929431850949346
1512723494407,Brightness_1,14.0
1512723494410,Temperature_2,24.49
1512723494416,Humidity_2,10.202953522537785
1512723494418,Brightness_2,110.0
1512723500814,Temperature_1,24.84
1512723500820,Humidity_1,11.929431850949346
1512723500823,Brightness_1,14.0
1512723500825,Temperature_2,24.49
1512723500827,Humidity_2,10.202953522537785
1512723500832,Brightness_2,110.0
1512723501872,Sound_P,66.44593723960276
1512723501876,PodiumIR,100
1512723507505,Temperature_1,24.84
1512723507511,Humidity_1,11.929431850949346
1512723507513,Brightness_1,14.0
1512723507516,Temperature_2,24.49
1512723507521,Humidity_2,10.202953522537785
1512723507524,Brightness_2,110.0
1512723511878,Sound_P,72.26372429269907
1512723511882,PodiumIR,114
1512723513963,Temperature_1,24.84
1512723513969,Humidity_1,11.929431850949346
1512723513972,Brightness_1,14.0
1512723513974,Temperature_2,24.49
1512723513977,Humidity_2,10.202953522537785
1512723513981,Brightness_2,110.0
1512723520510,Temperature_1,24.84
1512723520513,Humidity_1,11.929431850949346
1512723520517,Brightness_1,14.0
1512723520520,Temperature_2,24.49
1512723520523,Humidity_2,10.202953522537785
1512723520527,Brightness_2,110.0
1512723521884,Sound_P,65.8563679754536
1512723521888,PodiumIR,120
1512723526962,Temperature_1,24.84
1512723526965,Humidity_1,11.929431850949346
1512723526969,Brightness_1,14.0
1512723526971,Temperature_2,24.49
1512723526974,Humidity_2,10.202953522537785
1512723526976,Brightness_2,110.0
1512723531890,Sound_P,66.44593723960276
1512723531907,PodiumIR,95
1512723533413,Temperature_1,24.84
1512723533416,Humidity_1,11.929431850949346
1512723533420,Brightness_1,14.0
1512723533422,Temperature_2,24.49
1512723533424,Humidity_2,10.202953522537785
1512723533428,Brightness_2,110.0
1512723539876,Temperature_1,24.84
1512723539879,Humidity_1,11.929431850949346
1512723539883,Brightness_1,14.0
1512723539885,Temperature_2,24.49
1512723539887,Humidity_2,10.202953522537785
1512723539891,Brightness_2,110.0
1512723541912,Sound_P,68.61682354019833
1512723541915,PodiumIR,100
1512723546694,Temperature_1,24.84
1512723546697,Humidity_1,11.929431850949346
1512723546700,Brightness_1,14.0
1512723546702,Temperature_2,24.49
1512723546704,Humidity_2,10.202953522537785
1512723546708,Brightness_2,110.0
1512723551927,Sound_P,67.56641902255494
1512723551941,PodiumIR,103
1512723553483,Temperature_1,24.84
1512723553486,Humidity_1,11.929431850949346
1512723553490,Brightness_1,14.0
1512723553492,Temperature_2,24.49
1512723553495,Humidity_2,10.202953522537785
1512723553499,Brightness_2,110.0
1512723559939,Temperature_1,24.84
1512723559942,Humidity_1,11.929431850949346
1512723559946,Brightness_1,14.0
1512723559949,Temperature_2,24.49
1512723559951,Humidity_2,10.202953522537785
1512723559955,Brightness_2,110.0
1512723561951,Sound_P,69.11838317407611
1512723561955,PodiumIR,95
1512723566364,Temperature_1,24.84
1512723566367,Humidity_1,11.929431850949346
1512723566371,Brightness_1,14.0
1512723566373,Temperature_2,24.49
1512723566375,Humidity_2,10.202953522537785
1512723566379,Brightness_2,110.0
1512723571965,Sound_P,65.24535518573873
1512723571976,PodiumIR,104
1512723572763,Temperature_1,24.84
1512723572766,Humidity_1,11.929431850949346
1512723572770,Brightness_1,14.0
1512723572772,Temperature_2,24.49
1512723572775,Humidity_2,10.202953522537785
1512723572778,Brightness_2,110.0
1512723579504,Temperature_1,24.84
1512723579507,Humidity_1,11.929431850949346
1512723579510,Brightness_1,14.0
1512723579513,Temperature_2,24.49
1512723579515,Humidity_2,10.202953522537785
1512723579518,Brightness_2,110.0
1512723581987,Sound_P,66.44593723960276
1512723581991,PodiumIR,108
1512723585945,Temperature_1,24.84
1512723585948,Humidity_1,11.929431850949346
1512723585952,Brightness_1,14.0
1512723585954,Temperature_2,24.49
1512723585956,Humidity_2,10.202953522537785
1512723585958,Brightness_2,110.0
1512723591994,Sound_P,65.8563679754536
1512723591997,PodiumIR,107
1512723592507,Temperature_1,24.84
1512723592510,Humidity_1,11.929431850949346
1512723592514,Brightness_1,14.0
1512723592516,Temperature_2,24.49
1512723592519,Humidity_2,10.202953522537785
1512723592523,Brightness_2,110.0
1512723598958,Temperature_1,24.84
1512723598960,Humidity_1,11.929431850949346
1512723598964,Brightness_1,14.0
1512723598967,Temperature_2,24.49
1512723598969,Humidity_2,10.202953522537785
1512723598973,Brightness_2,110.0
1512723602000,Sound_P,68.0998289029382
1512723602003,PodiumIR,103
1512723605408,Temperature_1,24.84
1512723605411,Humidity_1,11.929431850949346
1512723605414,Brightness_1,14.0
1512723605417,Temperature_2,24.49
1512723605419,Humidity_2,10.202953522537785
1512723605422,Brightness_2,111.0
1512723611860,Temperature_1,24.72
1512723611863,Humidity_1,11.929431850949346
1512723611867,Brightness_1,14.0
1512723611869,Temperature_2,24.49
1512723611871,Humidity_2,10.202953522537785
1512723611874,Brightness_2,111.0
1512723612006,Sound_P,63.95233273361063
1512723612009,PodiumIR,101
1512723618515,Temperature_1,24.72
1512723618519,Humidity_1,11.929431850949346
1512723618525,Brightness_1,14.0
1512723618528,Temperature_2,24.49
1512723618530,Humidity_2,10.202953522537785
1512723618533,Brightness_2,111.0
1512723622011,Sound_P,65.24535518573873
1512723622015,PodiumIR,101
1512723625169,Temperature_1,24.72
1512723625172,Humidity_1,11.929431850949346
1512723625176,Brightness_1,14.0
1512723625179,Temperature_2,24.49
1512723625181,Humidity_2,10.202953522537785
1512723625183,Brightness_2,111.0
1512723631624,Temperature_1,24.72
1512723631627,Humidity_1,11.929431850949346
1512723631631,Brightness_1,14.0
1512723631633,Temperature_2,24.49
1512723631635,Humidity_2,10.202953522537785
1512723631638,Brightness_2,111.0
1512723632026,Sound_P,63.95233273361063
1512723632029,PodiumIR,100
1512723638106,Temperature_1,24.72
1512723638109,Humidity_1,11.929431850949346
1512723638113,Brightness_1,14.0
1512723638115,Temperature_2,24.49
1512723638117,Humidity_2,10.202953522537785
1512723638120,Brightness_2,111.0
1512723642032,Sound_P,70.0787016850011
1512723642035,PodiumIR,127
1512723644519,Temperature_1,24.72
1512723644524,Humidity_1,11.929431850949346
1512723644528,Brightness_1,14.0
1512723644530,Temperature_2,24.49
1512723644533,Humidity_2,10.202953522537785
1512723644536,Brightness_2,111.0
1512723651283,Temperature_1,24.72
1512723651286,Humidity_1,11.929431850949346
1512723651290,Brightness_1,14.0
1512723651292,Temperature_2,24.49
1512723651295,Humidity_2,10.202953522537785
1512723651297,Brightness_2,111.0
1512723652038,Sound_P,63.95233273361063
1512723652041,PodiumIR,94
1512723657940,Temperature_1,24.72
1512723657943,Humidity_1,11.929431850949346
1512723657947,Brightness_1,14.0
1512723657949,Temperature_2,24.49
1512723657951,Humidity_2,10.202953522537785
1512723657955,Brightness_2,111.0
1512723662044,Sound_P,64.61127993529891
1512723662047,PodiumIR,86
1512723664403,Temperature_1,24.72
1512723664406,Humidity_1,11.929431850949346
1512723664409,Brightness_1,14.0
1512723664412,Temperature_2,24.49
1512723664414,Humidity_2,10.202953522537785
1512723664416,Brightness_2,111.0
1512723670812,Temperature_1,24.72
1512723670815,Humidity_1,11.929431850949346
1512723670820,Brightness_1,14.0
1512723670822,Temperature_2,24.49
1512723670824,Humidity_2,10.202953522537785
1512723670827,Brightness_2,110.0
1512723672050,Sound_P,67.56641902255494
1512723672061,PodiumIR,121
1512723677496,Temperature_1,24.72
1512723677499,Humidity_1,11.806111970348521
1512723677503,Brightness_1,14.0
1512723677505,Temperature_2,24.49
1512723677508,Humidity_2,10.202953522537785
1512723677512,Brightness_2,110.0
1512723682064,Sound_P,69.60540278108363
1512723682067,PodiumIR,103
1512723684156,Temperature_1,24.72
1512723684159,Humidity_1,11.806111970348521
1512723684162,Brightness_1,14.0
1512723684164,Temperature_2,24.49
1512723684167,Humidity_2,10.202953522537785
1512723684171,Brightness_2,110.0
1512723690562,Temperature_1,24.72
1512723690569,Humidity_1,11.806111970348521
1512723690571,Brightness_1,14.0
1512723690574,Temperature_2,24.49
1512723690580,Humidity_2,10.202953522537785
1512723690582,Brightness_2,110.0
1512723692070,Sound_P,67.01551720930587
1512723692073,PodiumIR,124
1512723697056,Temperature_1,24.72
1512723697062,Humidity_1,11.806111970348521
1512723697065,Brightness_1,14.0
1512723697067,Temperature_2,24.49
1512723697069,Humidity_2,10.202953522537785
1512723697075,Brightness_2,110.0
1512723702076,Sound_P,65.8563679754536
1512723702091,PodiumIR,100
1512723703507,Temperature_1,24.72
1512723703513,Humidity_1,11.806111970348521
1512723703516,Brightness_1,14.0
1512723703519,Temperature_2,24.49
1512723703521,Humidity_2,10.202953522537785
1512723703527,Brightness_2,110.0
1512723710061,Temperature_1,24.72
1512723710067,Humidity_1,11.806111970348521
1512723710069,Brightness_1,14.0
1512723710071,Temperature_2,24.49
1512723710076,Humidity_2,10.202953522537785
1512723710078,Brightness_2,110.0
1512723712093,Sound_P,66.44593723960276
1512723712097,PodiumIR,99
1512723716513,Temperature_1,24.72
1512723716521,Humidity_1,11.806111970348521
1512723716525,Brightness_1,14.0
1512723716527,Temperature_2,24.49
1512723716530,Humidity_2,10.202953522537785
1512723716533,Brightness_2,110.0
1512723722102,Sound_P,69.11838317407611
1512723722108,PodiumIR,101
1512723722962,Temperature_1,24.72
1512723722966,Humidity_1,11.806111970348521
1512723722969,Brightness_1,14.0
1512723722971,Temperature_2,24.49
1512723722974,Humidity_2,10.202953522537785
1512723722977,Brightness_2,110.0
1512723729826,Temperature_1,24.72
1512723729829,Humidity_1,11.806111970348521
1512723729832,Brightness_1,14.0
1512723729835,Temperature_2,24.49
1512723729837,Humidity_2,10.07963364193696
1512723729840,Brightness_2,113.0
1512723732117,Sound_P,67.56641902255494
1512723732120,PodiumIR,97
1512723736276,Temperature_1,24.72
1512723736280,Humidity_1,11.806111970348521
1512723736283,Brightness_1,14.0
1512723736285,Temperature_2,24.49
1512723736288,Humidity_2,10.07963364193696
1512723736291,Brightness_2,113.0
1512723742123,Sound_P,65.24535518573873
1512723742134,PodiumIR,105
1512723742682,Temperature_1,24.72
1512723742685,Humidity_1,11.929431850949346
1512723742688,Brightness_1,14.0
1512723742691,Temperature_2,24.49
1512723742693,Humidity_2,10.07963364193696
1512723742697,Brightness_2,113.0
1512723749093,Temperature_1,24.72
1512723749096,Humidity_1,11.929431850949346
1512723749099,Brightness_1,14.0
1512723749101,Temperature_2,24.49
1512723749104,Humidity_2,10.07963364193696
1512723749106,Brightness_2,113.0
1512723752137,Sound_P,65.8563679754536
1512723752140,PodiumIR,111
1512723755733,Temperature_1,24.72
1512723755737,Humidity_1,11.929431850949346
1512723755741,Brightness_1,14.0
1512723755743,Temperature_2,24.49
1512723755745,Humidity_2,10.07963364193696
1512723755749,Brightness_2,113.0
1512723762143,Sound_P,69.11838317407611
1512723762146,PodiumIR,100
1512723762216,Temperature_1,24.72
1512723762219,Humidity_1,11.929431850949346
1512723762222,Brightness_1,14.0
1512723762224,Temperature_2,24.49
1512723762227,Humidity_2,10.07963364193696
1512723762229,Brightness_2,113.0
1512723768635,Temperature_1,24.72
1512723768638,Humidity_1,11.929431850949346
1512723768641,Brightness_1,14.0
1512723768644,Temperature_2,24.49
1512723768646,Humidity_2,10.07963364193696
1512723768650,Brightness_2,113.0
1512723772149,Sound_P,65.8563679754536
1512723772152,PodiumIR,121
1512723775127,Temperature_1,24.72
1512723775130,Humidity_1,11.929431850949346
1512723775133,Brightness_1,14.0
1512723775135,Temperature_2,24.49
1512723775138,Humidity_2,10.07963364193696
1512723775141,Brightness_2,113.0
1512723781839,Temperature_1,24.72
1512723781842,Humidity_1,11.929431850949346
1512723781845,Brightness_1,14.0
1512723781848,Temperature_2,24.49
1512723781850,Humidity_2,10.07963364193696
1512723781853,Brightness_2,113.0
1512723782155,Sound_P,65.8563679754536
1512723782158,PodiumIR,101
1512723788295,Temperature_1,24.72
1512723788299,Humidity_1,11.929431850949346
1512723788302,Brightness_1,14.0
1512723788304,Temperature_2,24.49
1512723788307,Humidity_2,10.07963364193696
1512723788311,Brightness_2,113.0
1512723792161,Sound_P,68.61682354019833
1512723792164,PodiumIR,100
1512723794714,Temperature_1,24.72
1512723794720,Humidity_1,11.929431850949346
1512723794723,Brightness_1,14.0
1512723794730,Temperature_2,24.49
1512723794734,Humidity_2,10.07963364193696
1512723794737,Brightness_2,106.0
1512723801408,Temperature_1,24.6
1512723801413,Humidity_1,11.806111970348521
1512723801417,Brightness_1,14.0
1512723801419,Temperature_2,24.49
1512723801425,Humidity_2,10.07963364193696
1512723801428,Brightness_2,106.0
1512723802167,Sound_P,66.44593723960276
1512723802170,PodiumIR,107
1512723808164,Temperature_1,24.6
1512723808170,Humidity_1,11.806111970348521
1512723808172,Brightness_1,14.0
1512723808175,Temperature_2,24.49
1512723808182,Humidity_2,10.07963364193696
1512723808185,Brightness_2,106.0
1512723812173,Sound_P,65.8563679754536
1512723812176,PodiumIR,101
1512723814578,Temperature_1,24.6
1512723814580,Humidity_1,11.806111970348521
1512723814582,Brightness_1,14.0
1512723814584,Temperature_2,24.49
1512723814587,Humidity_2,10.07963364193696
1512723814591,Brightness_2,106.0
1512723821269,Temperature_1,24.6
1512723821272,Humidity_1,11.806111970348521
1512723821276,Brightness_1,14.0
1512723821279,Temperature_2,24.49
1512723821282,Humidity_2,10.07963364193696
1512723821285,Brightness_2,106.0
1512723822179,Sound_P,66.44593723960276
1512723822184,PodiumIR,91
1512723827721,Temperature_1,24.6
1512723827724,Humidity_1,11.806111970348521
1512723827728,Brightness_1,14.0
1512723827731,Temperature_2,24.49
1512723827734,Humidity_2,10.07963364193696
1512723827736,Brightness_2,106.0
1512723832188,Sound_P,68.61682354019833
1512723832195,PodiumIR,96
1512723834131,Temperature_1,24.6
1512723834135,Humidity_1,11.806111970348521
1512723834138,Brightness_1,14.0
1512723834141,Temperature_2,24.49
1512723834145,Humidity_2,10.07963364193696
1512723834149,Brightness_2,106.0
1512723840614,Temperature_1,24.6
1512723840617,Humidity_1,11.806111970348521
1512723840621,Brightness_1,14.0
1512723840624,Temperature_2,24.49
1512723840627,Humidity_2,10.07963364193696
1512723840632,Brightness_2,106.0
1512723842198,Sound_P,67.01551720930587
1512723842202,PodiumIR,108
1512723847279,Temperature_1,24.6
1512723847282,Humidity_1,11.806111970348521
1512723847286,Brightness_1,14.0
1512723847290,Temperature_2,24.49
1512723847295,Humidity_2,10.07963364193696
1512723847298,Brightness_2,106.0
1512723852204,Sound_P,66.44593723960276
1512723852208,PodiumIR,88
1512723853942,Temperature_1,24.6
1512723853945,Humidity_1,11.806111970348521
1512723853949,Brightness_1,14.0
1512723853952,Temperature_2,24.49
1512723853956,Humidity_2,10.07963364193696
1512723853959,Brightness_2,106.0
1512723860510,Temperature_1,24.6
1512723860513,Humidity_1,11.806111970348521
1512723860518,Brightness_1,14.0
1512723860527,Temperature_2,24.49
1512723860530,Humidity_2,10.07963364193696
1512723860533,Brightness_2,104.0
1512723862212,Sound_P,69.11838317407611
1512723862216,PodiumIR,109
1512723867248,Temperature_1,24.84
1512723867251,Humidity_1,11.806111970348521
1512723867255,Brightness_1,14.0
1512723867258,Temperature_2,24.49
1512723867263,Humidity_2,10.07963364193696
1512723867266,Brightness_2,104.0
1512723872220,Sound_P,67.01551720930587
1512723872223,PodiumIR,95
1512723873700,Temperature_1,24.84
1512723873703,Humidity_1,11.806111970348521
1512723873707,Brightness_1,14.0
1512723873710,Temperature_2,24.49
1512723873714,Humidity_2,10.07963364193696
1512723873718,Brightness_2,104.0
1512723880151,Temperature_1,24.84
1512723880154,Humidity_1,11.806111970348521
1512723880158,Brightness_1,14.0
1512723880161,Temperature_2,24.49
1512723880165,Humidity_2,10.07963364193696
1512723880169,Brightness_2,104.0
1512723882226,Sound_P,65.24535518573873
1512723882229,PodiumIR,107
1512723886571,Temperature_1,24.84
1512723886574,Humidity_1,11.806111970348521
1512723886578,Brightness_1,14.0
1512723886581,Temperature_2,24.49
1512723886585,Humidity_2,10.07963364193696
1512723886589,Brightness_2,104.0
1512723892231,Sound_P,65.8563679754536
1512723892240,PodiumIR,113
1512723893257,Temperature_1,24.84
1512723893261,Humidity_1,11.806111970348521
1512723893264,Brightness_1,14.0
1512723893267,Temperature_2,24.49
1512723893270,Humidity_2,10.07963364193696
1512723893273,Brightness_2,104.0
1512723899709,Temperature_1,24.84
1512723899713,Humidity_1,11.806111970348521
1512723899717,Brightness_1,14.0
1512723899720,Temperature_2,24.49
1512723899725,Humidity_2,10.07963364193696
1512723899728,Brightness_2,104.0
1512723902248,Sound_P,67.56641902255494
1512723902251,PodiumIR,108
1512723906160,Temperature_1,24.84
1512723906163,Humidity_1,11.806111970348521
1512723906167,Brightness_1,14.0
1512723906170,Temperature_2,24.49
1512723906175,Humidity_2,10.07963364193696
1512723906178,Brightness_2,104.0
1512723912254,Sound_P,68.61682354019833
1512723912261,PodiumIR,112
1512723912592,Temperature_1,24.84
1512723912595,Humidity_1,11.806111970348521
1512723912599,Brightness_1,14.0
1512723912601,Temperature_2,24.49
1512723912604,Humidity_2,10.07963364193696
1512723912607,Brightness_2,104.0
1512723919267,Temperature_1,24.84
1512723919270,Humidity_1,11.806111970348521
1512723919274,Brightness_1,14.0
1512723919277,Temperature_2,24.49
1512723919279,Humidity_2,10.07963364193696
1512723919282,Brightness_2,113.0
1512723922264,Sound_P,70.0787016850011
1512723922267,PodiumIR,101
1512723926026,Temperature_1,24.84
1512723926029,Humidity_1,11.806111970348521
1512723926033,Brightness_1,14.0
1512723926036,Temperature_2,24.49
1512723926040,Humidity_2,10.07963364193696
1512723926043,Brightness_2,113.0
1512723932270,Sound_P,70.5390318503356
1512723932273,PodiumIR,103
1512723932515,Temperature_1,24.84
1512723932520,Humidity_1,11.806111970348521
1512723932527,Brightness_1,14.0
1512723932530,Temperature_2,24.49
1512723932534,Humidity_2,10.07963364193696
1512723932538,Brightness_2,113.0
1512723939240,Temperature_1,24.84
1512723939243,Humidity_1,11.806111970348521
1512723939246,Brightness_1,14.0
1512723939249,Temperature_2,24.49
1512723939252,Humidity_2,10.07963364193696
1512723939256,Brightness_2,113.0
1512723942276,Sound_P,72.66858725677886
1512723942279,PodiumIR,99
1512723945793,Temperature_1,24.84
1512723945796,Humidity_1,11.806111970348521
1512723945800,Brightness_1,14.0
1512723945802,Temperature_2,24.49
1512723945805,Humidity_2,10.07963364193696
1512723945807,Brightness_2,113.0
1512723952241,Temperature_1,24.84
1512723952244,Humidity_1,11.806111970348521
1512723952248,Brightness_1,14.0
1512723952250,Temperature_2,24.49
1512723952254,Humidity_2,10.07963364193696
1512723952259,Brightness_2,113.0
1512723952282,Sound_P,64.61127993529891
1512723952286,PodiumIR,100
1512723958661,Temperature_1,24.84
1512723958664,Humidity_1,11.806111970348521
1512723958668,Brightness_1,14.0
1512723958671,Temperature_2,24.49
1512723958673,Humidity_2,10.07963364193696
1512723958677,Brightness_2,113.0
1512723962294,Sound_P,63.95233273361063
1512723962297,PodiumIR,104
1512723965355,Temperature_1,24.84
1512723965359,Humidity_1,11.806111970348521
1512723965362,Brightness_1,14.0
1512723965365,Temperature_2,24.49
1512723965370,Humidity_2,10.07963364193696
1512723965373,Brightness_2,113.0
1512723971905,Temperature_1,24.84
1512723971909,Humidity_1,11.806111970348521
1512723971912,Brightness_1,14.0
1512723971915,Temperature_2,24.49
1512723971917,Humidity_2,10.07963364193696
1512723971921,Brightness_2,113.0
1512723972303,Sound_P,65.8563679754536
1512723972307,PodiumIR,97
1512723978357,Temperature_1,24.84
1512723978360,Humidity_1,11.806111970348521
1512723978364,Brightness_1,14.0
1512723978366,Temperature_2,24.49
1512723978370,Humidity_2,10.07963364193696
1512723978374,Brightness_2,113.0
1512723982313,Sound_P,68.0998289029382
1512723982317,PodiumIR,112
1512723985291,Temperature_1,24.84
1512723985294,Humidity_1,11.806111970348521
1512723985297,Brightness_1,14.0
1512723985300,Temperature_2,24.49
1512723985303,Humidity_2,9.956313761336135
1512723985305,Brightness_2,113.0
1512723991973,Temperature_1,24.6
1512723991976,Humidity_1,11.806111970348521
1512723991980,Brightness_1,14.0
1512723991982,Temperature_2,24.49
1512723991984,Humidity_2,9.956313761336135
1512723991987,Brightness_2,113.0
1512723992320,Sound_P,63.95233273361063
1512723992324,PodiumIR,117
1512723998429,Temperature_1,24.6
1512723998432,Humidity_1,11.806111970348521
1512723998435,Brightness_1,14.0
1512723998438,Temperature_2,24.49
1512723998441,Humidity_2,9.956313761336135
1512723998443,Brightness_2,113.0
1512724002330,Sound_P,65.8563679754536
1512724002333,PodiumIR,94
1512724004840,Temperature_1,24.6
1512724004843,Humidity_1,11.806111970348521
1512724004847,Brightness_1,14.0
1512724004850,Temperature_2,24.49
1512724004853,Humidity_2,9.956313761336135
1512724004858,Brightness_2,113.0
1512724011527,Temperature_1,24.6
1512724011530,Humidity_1,11.806111970348521
1512724011534,Brightness_1,14.0
1512724011536,Temperature_2,24.49
1512724011543,Humidity_2,9.956313761336135
1512724011545,Brightness_2,113.0
1512724012340,Sound_P,65.8563679754536
1512724012343,PodiumIR,109
1512724017984,Temperature_1,24.6
1512724017989,Humidity_1,11.806111970348521
1512724017992,Brightness_1,14.0
1512724017994,Temperature_2,24.49
1512724018000,Humidity_2,9.956313761336135
1512724018003,Brightness_2,113.0
1512724022349,Sound_P,70.5390318503356
1512724022353,PodiumIR,103
1512724024514,Temperature_1,24.6
1512724024520,Humidity_1,11.806111970348521
1512724024523,Brightness_1,14.0
1512724024526,Temperature_2,24.49
1512724024529,Humidity_2,9.956313761336135
1512724024531,Brightness_2,113.0
1512724030989,Temperature_1,24.6
1512724030995,Humidity_1,11.806111970348521
1512724030998,Brightness_1,14.0
1512724031001,Temperature_2,24.49
1512724031007,Humidity_2,9.956313761336135
1512724031009,Brightness_2,113.0
1512724032356,Sound_P,66.44593723960276
1512724032359,PodiumIR,101
1512724037420,Temperature_1,24.6
1512724037426,Humidity_1,11.806111970348521
1512724037429,Brightness_1,14.0
1512724037431,Temperature_2,24.49
1512724037434,Humidity_2,9.956313761336135
1512724037438,Brightness_2,113.0
1512724040575,Door,activate
1512724040951,Door,activate
1512724042373,Sound_P,64.61127993529891
1512724042376,PodiumIR,97
1512724043830,Temperature_1,24.6
1512724043833,Humidity_1,11.806111970348521
1512724043837,Brightness_1,14.0
1512724043840,Temperature_2,24.49
1512724043843,Humidity_2,9.956313761336135
1512724043846,Brightness_2,113.0
1512724048483,Door,activate
1512724050509,Temperature_1,24.6
1512724050512,Humidity_1,11.806111970348521
1512724050516,Brightness_1,14.0
1512724050519,Temperature_2,24.49
1512724050522,Humidity_2,10.07963364193696
1512724050526,Brightness_2,110.0
1512724051771,Door,activate
1512724052383,Sound_P,65.24535518573873
1512724052386,PodiumIR,84
1512724053444,Door,activate
1512724057217,Temperature_1,24.6
1512724057219,Humidity_1,11.806111970348521
1512724057221,Brightness_1,14.0
1512724057222,Temperature_2,24.49
1512724057223,Humidity_2,10.07963364193696
1512724057227,Brightness_2,110.0
1512724057464,Door,activate
1512724059608,Door,activate
1512724062392,Sound_P,72.66858725677886
1512724062396,PodiumIR,100
1512724063630,Temperature_1,24.6
1512724063632,Humidity_1,11.806111970348521
1512724063636,Brightness_1,14.0
1512724063639,Temperature_2,24.49
1512724063641,Humidity_2,10.07963364193696
1512724063645,Brightness_2,110.0
1512724066431,Door,activate
1512724069479,Door,activate
1512724070106,Temperature_1,24.6
1512724070109,Humidity_1,11.806111970348521
1512724070112,Brightness_1,14.0
1512724070114,Temperature_2,24.49
1512724070117,Humidity_2,10.07963364193696
1512724070120,Brightness_2,110.0
1512724071552,Door,activate
1512724072402,Sound_P,65.24535518573873
1512724072405,PodiumIR,106
1512724075735,Door,activate
1512724076520,Temperature_1,24.6
1512724076523,Humidity_1,11.806111970348521
1512724076527,Brightness_1,14.0
1512724076529,Temperature_2,24.49
1512724076531,Humidity_2,10.07963364193696
1512724076534,Brightness_2,110.0
1512724079136,Door,activate
1512724080437,Door,activate
1512724082410,Sound_P,66.44593723960276
1512724082413,PodiumIR,103
1512724082930,Temperature_1,24.6
1512724082933,Humidity_1,11.806111970348521
1512724082936,Brightness_1,14.0
1512724082939,Temperature_2,24.49
1512724082941,Humidity_2,10.07963364193696
1512724082944,Brightness_2,110.0
1512724089763,Temperature_1,24.6
1512724089766,Humidity_1,11.806111970348521
1512724089769,Brightness_1,14.0
1512724089771,Temperature_2,24.49
1512724089774,Humidity_2,10.07963364193696
1512724089776,Brightness_2,110.0
1512724092420,Sound_P,69.60540278108363
1512724092423,PodiumIR,95
1512724096239,Temperature_1,24.6
1512724096242,Humidity_1,11.806111970348521
1512724096245,Brightness_1,14.0
1512724096248,Temperature_2,24.49
1512724096250,Humidity_2,10.07963364193696
1512724096252,Brightness_2,110.0
1512724102425,Sound_P,71.84886370856825
1512724102429,PodiumIR,100
1512724102643,Temperature_1,24.6
1512724102647,Humidity_1,11.806111970348521
1512724102650,Brightness_1,14.0
1512724102652,Temperature_2,24.49
1512724102655,Humidity_2,10.07963364193696
1512724102658,Brightness_2,110.0
1512724109325,Temperature_1,24.6
1512724109329,Humidity_1,11.806111970348521
1512724109332,Brightness_1,14.0
1512724109334,Temperature_2,24.49
1512724109336,Humidity_2,9.956313761336135
1512724109339,Brightness_2,109.0
1512724112431,Sound_P,65.8563679754536
1512724112434,PodiumIR,104
1512724115776,Temperature_1,24.6
1512724115778,Humidity_1,11.806111970348521
1512724115781,Brightness_1,14.0
1512724115783,Temperature_2,24.49
1512724115786,Humidity_2,9.956313761336135
1512724115788,Brightness_2,109.0
1512724122433,Temperature_1,24.72
1512724122436,Humidity_1,11.806111970348521
1512724122438,Sound_P,63.26648240367583
1512724122442,PodiumIR,96
1512724122446,Brightness_1,14.0
1512724122451,Temperature_2,24.49
1512724122454,Humidity_2,9.956313761336135
1512724122456,Brightness_2,109.0
1512724128869,Temperature_1,24.72
1512724128872,Humidity_1,11.806111970348521
1512724128876,Brightness_1,14.0
1512724128878,Temperature_2,24.49
1512724128880,Humidity_2,9.956313761336135
1512724128882,Brightness_2,109.0
1512724132446,Sound_P,65.8563679754536
1512724132450,PodiumIR,105
1512724135542,Temperature_1,24.72
1512724135545,Humidity_1,11.806111970348521
1512724135549,Brightness_1,14.0
1512724135551,Temperature_2,24.49
1512724135553,Humidity_2,9.956313761336135
1512724135555,Brightness_2,109.0
1512724141992,Temperature_1,24.72
1512724141995,Humidity_1,11.806111970348521
1512724141998,Brightness_1,14.0
1512724142001,Temperature_2,24.49
1512724142003,Humidity_2,9.956313761336135
1512724142006,Brightness_2,109.0
1512724142454,Sound_P,70.0787016850011
1512724142457,PodiumIR,110
1512724148442,Temperature_1,24.72
1512724148445,Humidity_1,11.806111970348521
1512724148448,Brightness_1,14.0
1512724148450,Temperature_2,24.49
1512724148453,Humidity_2,9.956313761336135
1512724148455,Brightness_2,109.0
1512724152464,Sound_P,67.01551720930587
1512724152468,PodiumIR,95
1512724154859,Temperature_1,24.72
1512724154862,Humidity_1,11.806111970348521
1512724154865,Brightness_1,14.0
1512724154868,Temperature_2,24.49
1512724154870,Humidity_2,9.956313761336135
1512724154873,Brightness_2,109.0
1512724161653,Temperature_1,24.72
1512724161656,Humidity_1,11.806111970348521
1512724161659,Brightness_1,14.0
1512724161661,Temperature_2,24.49
1512724161664,Humidity_2,9.956313761336135
1512724161666,Brightness_2,109.0
1512724162475,Sound_P,66.44593723960276
1512724162478,PodiumIR,108
1512724168059,Temperature_1,24.72
1512724168062,Humidity_1,11.806111970348521
1512724168065,Brightness_1,14.0
1512724168068,Temperature_2,24.49
1512724168071,Humidity_2,9.956313761336135
1512724168074,Brightness_2,109.0
1512724172481,Sound_P,69.11838317407611
1512724172484,PodiumIR,80
1512724174604,Temperature_1,24.72
1512724174607,Humidity_1,11.806111970348521
1512724174610,Brightness_1,14.0
1512724174612,Temperature_2,24.49
1512724174614,Humidity_2,9.956313761336135
1512724174618,Brightness_2,104.0
1512724181308,Temperature_1,24.72
1512724181311,Humidity_1,11.806111970348521
1512724181314,Brightness_1,14.0
1512724181317,Temperature_2,24.49
1512724181319,Humidity_2,9.956313761336135
1512724181322,Brightness_2,104.0
1512724182486,Sound_P,67.01551720930587
1512724182489,PodiumIR,101
1512724187971,Temperature_1,24.72
1512724187974,Humidity_1,11.806111970348521
1512724187978,Brightness_1,15.0
1512724187980,Temperature_2,24.49
1512724187982,Humidity_2,9.956313761336135
1512724187984,Brightness_2,104.0
1512724192492,Sound_P,65.24535518573873
1512724192495,PodiumIR,96
1512724194411,Temperature_1,24.72
1512724194414,Humidity_1,11.806111970348521
1512724194418,Brightness_1,15.0
1512724194421,Temperature_2,24.49
1512724194423,Humidity_2,9.956313761336135
1512724194426,Brightness_2,104.0
1512724200830,Temperature_1,24.72
1512724200833,Humidity_1,11.806111970348521
1512724200837,Brightness_1,15.0
1512724200839,Temperature_2,24.49
1512724200841,Humidity_2,9.956313761336135
1512724200844,Brightness_2,104.0
1512724202498,Sound_P,68.0998289029382
1512724202502,PodiumIR,98
1512724207324,Temperature_1,24.72
1512724207327,Humidity_1,11.806111970348521
1512724207330,Brightness_1,15.0
1512724207332,Temperature_2,24.49
1512724207334,Humidity_2,9.956313761336135
1512724207337,Brightness_2,104.0
1512724212505,Sound_P,70.5390318503356
1512724212514,PodiumIR,103
1512724213778,Temperature_1,24.72
1512724213781,Humidity_1,11.806111970348521
1512724213784,Brightness_1,15.0
1512724213786,Temperature_2,24.49
1512724213788,Humidity_2,9.956313761336135
1512724213790,Brightness_2,104.0
1512724220228,Temperature_1,24.72
1512724220231,Humidity_1,11.806111970348521
1512724220234,Brightness_1,15.0
1512724220237,Temperature_2,24.49
1512724220239,Humidity_2,9.956313761336135
1512724220241,Brightness_2,104.0
1512724222518,Sound_P,67.01551720930587
1512724222521,PodiumIR,79
1512724226640,Temperature_1,24.72
1512724226643,Humidity_1,11.806111970348521
1512724226646,Brightness_1,15.0
1512724226649,Temperature_2,24.49
1512724226651,Humidity_2,9.956313761336135
1512724226654,Brightness_2,104.0
1512724232523,Sound_P,67.56641902255494
1512724232527,PodiumIR,100
1512724233355,Temperature_1,24.72
1512724233358,Humidity_1,11.806111970348521
1512724233361,Brightness_1,15.0
1512724233363,Temperature_2,24.49
1512724233365,Humidity_2,9.956313761336135
1512724233368,Brightness_2,104.0
1512724239896,Temperature_1,24.72
1512724239899,Humidity_1,11.806111970348521
1512724239902,Brightness_1,15.0
1512724239904,Temperature_2,24.49
1512724239906,Humidity_2,9.956313761336135
1512724239909,Brightness_2,104.0
1512724242529,Sound_P,67.56641902255494
1512724242533,PodiumIR,98
1512724246299,Temperature_1,24.6
1512724246302,Humidity_1,11.806111970348521
1512724246305,Brightness_1,14.0
1512724246308,Temperature_2,24.49
1512724246310,Humidity_2,9.956313761336135
1512724246313,Brightness_2,104.0
1512724252535,Sound_P,68.61682354019833
1512724252539,PodiumIR,106
1512724252709,Temperature_1,24.6
1512724252712,Humidity_1,11.806111970348521
1512724252715,Brightness_1,14.0
1512724252718,Temperature_2,24.49
1512724252720,Humidity_2,9.956313761336135
1512724252722,Brightness_2,104.0
1512724259445,Temperature_1,24.6
1512724259449,Humidity_1,11.806111970348521
1512724259452,Brightness_1,14.0
1512724259454,Temperature_2,24.49
1512724259456,Humidity_2,9.956313761336135
1512724259459,Brightness_2,104.0
1512724262541,Sound_P,63.95233273361063
1512724262544,PodiumIR,115
1512724265900,Temperature_1,24.6
1512724265902,Humidity_1,11.806111970348521
1512724265905,Brightness_1,14.0
1512724265908,Temperature_2,24.49
1512724265910,Humidity_2,9.956313761336135
1512724265912,Brightness_2,104.0
1512724272348,Temperature_1,24.6
1512724272351,Humidity_1,11.806111970348521
1512724272354,Brightness_1,14.0
1512724272357,Temperature_2,24.49
1512724272369,Humidity_2,9.956313761336135
1512724272371,Brightness_2,104.0
1512724272547,Sound_P,65.24535518573873
1512724272551,PodiumIR,105
1512724278759,Temperature_1,24.6
1512724278762,Humidity_1,11.806111970348521
1512724278765,Brightness_1,14.0
1512724278768,Temperature_2,24.49
1512724278770,Humidity_2,9.956313761336135
1512724278773,Brightness_2,104.0
1512724282553,Sound_P,68.0998289029382
1512724282556,PodiumIR,140
1512724288426,Temperature_1,24.6
1512724288428,Humidity_1,11.806111970348521
1512724288431,Brightness_1,14.0
1512724288433,Temperature_2,24.49
1512724288435,Humidity_2,9.956313761336135
1512724288438,Brightness_2,104.0
1512724292559,Sound_P,72.26372429269907
1512724292563,PodiumIR,108
1512724294839,Temperature_1,24.6
1512724294842,Humidity_1,11.806111970348521
1512724294845,Brightness_1,14.0
1512724294846,Temperature_2,24.49
1512724294848,Humidity_2,9.956313761336135
1512724294850,Brightness_2,104.0
1512724301533,Temperature_1,24.6
1512724301536,Humidity_1,11.806111970348521
1512724301539,Brightness_1,14.0
1512724301542,Temperature_2,24.49
1512724301544,Humidity_2,10.07963364193696
1512724301548,Brightness_2,104.0
1512724302565,Sound_P,63.95233273361063
1512724302569,PodiumIR,104
1512724307984,Temperature_1,24.6
1512724307987,Humidity_1,11.806111970348521
1512724307990,Brightness_1,14.0
1512724307992,Temperature_2,24.49
1512724307995,Humidity_2,10.07963364193696
1512724307998,Brightness_2,104.0
1512724312571,Sound_P,68.0998289029382
1512724312575,PodiumIR,106
1512724314421,Temperature_1,24.72
1512724314424,Humidity_1,11.806111970348521
1512724314427,Brightness_1,14.0
1512724314429,Temperature_2,24.49
1512724314432,Humidity_2,10.07963364193696
1512724314435,Brightness_2,104.0
1512724320859,Temperature_1,24.72
1512724320862,Humidity_1,11.806111970348521
1512724320865,Brightness_1,14.0
1512724320868,Temperature_2,24.49
1512724320870,Humidity_2,10.07963364193696
1512724320872,Brightness_2,104.0
1512724322577,Sound_P,66.44593723960276
1512724322581,PodiumIR,95
1512724327543,Temperature_1,24.72
1512724327546,Humidity_1,11.806111970348521
1512724327549,Brightness_1,14.0
1512724327551,Temperature_2,24.49
1512724327553,Humidity_2,10.07963364193696
1512724327556,Brightness_2,104.0
1512724332583,Sound_P,65.8563679754536
1512724332591,PodiumIR,84
1512724333998,Temperature_1,24.72
1512724334001,Humidity_1,11.806111970348521
1512724334004,Brightness_1,14.0
1512724334007,Temperature_2,24.49
1512724334009,Humidity_2,10.07963364193696
1512724334011,Brightness_2,104.0
1512724340446,Temperature_1,24.72
1512724340449,Humidity_1,11.806111970348521
1512724340452,Brightness_1,14.0
1512724340454,Temperature_2,24.49
1512724340457,Humidity_2,10.07963364193696
1512724340460,Brightness_2,104.0
1512724342594,Sound_P,65.8563679754536
1512724342600,PodiumIR,105
1512724349970,Temperature_1,24.72
1512724349972,Humidity_1,11.806111970348521
1512724349976,Brightness_1,14.0
1512724349978,Temperature_2,24.49
1512724349980,Humidity_2,10.07963364193696
1512724349982,Brightness_2,104.0
1512724352606,Sound_P,69.60540278108363
1512724352609,PodiumIR,99
1512724356434,Temperature_1,24.72
1512724356437,Humidity_1,11.806111970348521
1512724356441,Brightness_1,14.0
1512724356442,Temperature_2,24.49
1512724356444,Humidity_2,10.07963364193696
1512724356447,Brightness_2,104.0
1512724362612,Sound_P,65.24535518573873
1512724362616,PodiumIR,106
1512724362848,Temperature_1,24.72
1512724362851,Humidity_1,11.806111970348521
1512724362854,Brightness_1,14.0
1512724362857,Temperature_2,24.49
1512724362859,Humidity_2,10.07963364193696
1512724362861,Brightness_2,104.0
1512724364464,Projector,Off
1512724364464,Projector,Off
1512724369728,Temperature_1,24.72
1512724369731,Humidity_1,11.806111970348521
1512724369734,Brightness_1,14.0
1512724369736,Temperature_2,24.49
1512724369738,Humidity_2,10.07963364193696
1512724369741,Brightness_2,104.0
1512724372620,Sound_P,63.95233273361063
1512724372623,PodiumIR,97
1512724376487,Temperature_1,24.6
1512724376490,Humidity_1,11.682792089747695
1512724376493,Brightness_1,14.0
1512724376495,Temperature_2,24.49
1512724376498,Humidity_2,10.07963364193696
1512724376500,Brightness_2,104.0
1512724382625,Sound_P,68.61682354019833
1512724382628,PodiumIR,100
1512724383160,Temperature_1,24.6
1512724383163,Humidity_1,11.682792089747695
1512724383166,Brightness_1,14.0
1512724383169,Temperature_2,24.49
1512724383171,Humidity_2,10.07963364193696
1512724383173,Brightness_2,104.0
1512724389901,Temperature_1,24.6
1512724389904,Humidity_1,11.682792089747695
1512724389907,Brightness_1,14.0
1512724389909,Temperature_2,24.49
1512724389911,Humidity_2,10.07963364193696
1512724389913,Brightness_2,104.0
1512724392638,Sound_P,69.60540278108363
1512724392641,PodiumIR,100
1512724396513,Temperature_1,24.6
1512724396516,Humidity_1,11.682792089747695
1512724396520,Brightness_1,14.0
1512724396522,Temperature_2,24.49
1512724396525,Humidity_2,10.07963364193696
1512724396528,Brightness_2,104.0
1512724399256,Door,activate
1512724402644,Sound_P,72.26372429269907
1512724402647,PodiumIR,102
1512724403217,Temperature_1,24.6
1512724403220,Humidity_1,11.682792089747695
1512724403223,Brightness_1,14.0
1512724403225,Temperature_2,24.49
1512724403228,Humidity_2,10.07963364193696
1512724403231,Brightness_2,104.0
1512724409869,Temperature_1,24.6
1512724409872,Humidity_1,11.682792089747695
1512724409875,Brightness_1,14.0
1512724409878,Temperature_2,24.49
1512724409880,Humidity_2,10.07963364193696
1512724409882,Brightness_2,104.0
1512724412655,Sound_P,74.19700410241327
1512724412658,PodiumIR,101
1512724416288,Temperature_1,24.6
1512724416291,Humidity_1,11.682792089747695
1512724416294,Brightness_1,14.0
1512724416297,Temperature_2,24.49
1512724416299,Humidity_2,10.07963364193696
1512724416301,Brightness_2,104.0
1512724422667,Sound_P,65.24535518573873
1512724422670,PodiumIR,109
1512724422691,Temperature_1,24.6
1512724422694,Humidity_1,11.682792089747695
1512724422698,Brightness_1,14.0
1512724422700,Temperature_2,24.49
1512724422702,Humidity_2,10.07963364193696
1512724422706,Brightness_2,104.0
1512724429433,Temperature_1,24.6
1512724429436,Humidity_1,11.682792089747695
1512724429439,Brightness_1,14.0
1512724429442,Temperature_2,24.49
1512724429444,Humidity_2,9.956313761336135
1512724429447,Brightness_2,110.0
1512724432673,Sound_P,68.61682354019833
1512724432676,PodiumIR,117
1512724435884,Temperature_1,24.72
1512724435887,Humidity_1,11.806111970348521
1512724435890,Brightness_1,14.0
1512724435892,Temperature_2,24.49
1512724435894,Humidity_2,9.956313761336135
1512724435897,Brightness_2,110.0
1512724442509,Temperature_1,24.72
1512724442512,Humidity_1,11.806111970348521
1512724442516,Brightness_1,14.0
1512724442518,Temperature_2,24.49
1512724442521,Humidity_2,9.956313761336135
1512724442524,Brightness_2,110.0
1512724442679,Sound_P,74.19700410241327
1512724442682,PodiumIR,95
1512724448941,Temperature_1,24.72
1512724448944,Humidity_1,11.806111970348521
1512724448947,Brightness_1,14.0
1512724448949,Temperature_2,24.49
1512724448951,Humidity_2,9.956313761336135
1512724448954,Brightness_2,110.0
1512724452685,Sound_P,65.24535518573873
1512724452688,PodiumIR,99
1512724455647,Temperature_1,24.72
1512724455650,Humidity_1,11.806111970348521
1512724455653,Brightness_1,14.0
1512724455656,Temperature_2,24.49
1512724455658,Humidity_2,9.956313761336135
1512724455661,Brightness_2,110.0
1512724462413,Temperature_1,24.72
1512724462416,Humidity_1,11.806111970348521
1512724462419,Brightness_1,14.0
1512724462421,Temperature_2,24.49
1512724462423,Humidity_2,9.956313761336135
1512724462426,Brightness_2,110.0
1512724462691,Sound_P,67.56641902255494
1512724462694,PodiumIR,105
1512724468818,Temperature_1,24.72
1512724468821,Humidity_1,11.806111970348521
1512724468824,Brightness_1,14.0
1512724468827,Temperature_2,24.49
1512724468829,Humidity_2,9.956313761336135
1512724468832,Brightness_2,110.0
1512724472697,Sound_P,69.11838317407611
1512724472700,PodiumIR,86
1512724475218,Temperature_1,24.72
1512724475221,Humidity_1,11.806111970348521
1512724475224,Brightness_1,14.0
1512724475227,Temperature_2,24.49
1512724475229,Humidity_2,9.956313761336135
1512724475231,Brightness_2,110.0
1512724481628,Temperature_1,24.72
1512724481631,Humidity_1,11.806111970348521
1512724481634,Brightness_1,14.0
1512724481637,Temperature_2,24.49
1512724481639,Humidity_2,9.956313761336135
1512724481641,Brightness_2,110.0
1512724482703,Sound_P,70.987085069563
1512724482706,PodiumIR,115
1512724491391,Temperature_1,24.72
1512724491393,Humidity_1,11.806111970348521
1512724491397,Brightness_1,14.0
1512724491399,Temperature_2,24.49
1512724491401,Humidity_2,9.956313761336135
1512724491403,Brightness_2,110.0
1512724492709,Sound_P,76.57687443958919
1512724492712,PodiumIR,109
1512724497838,Temperature_1,24.72
1512724497841,Humidity_1,11.806111970348521
1512724497845,Brightness_1,14.0
1512724497847,Temperature_2,24.49
1512724497849,Humidity_2,9.956313761336135
1512724497851,Brightness_2,107.0
1512724502715,Sound_P,72.26372429269907
1512724502718,PodiumIR,101
1512724504288,Temperature_1,24.6
1512724504291,Humidity_1,11.806111970348521
1512724504294,Brightness_1,15.0
1512724504297,Temperature_2,24.49
1512724504299,Humidity_2,9.956313761336135
1512724504302,Brightness_2,107.0
1512724510713,Temperature_1,24.6
1512724510716,Humidity_1,11.806111970348521
1512724510719,Brightness_1,15.0
1512724510721,Temperature_2,24.49
1512724510724,Humidity_2,9.956313761336135
1512724510726,Brightness_2,107.0
1512724512721,Sound_P,67.01551720930587
1512724512724,PodiumIR,80
1512724517391,Temperature_1,24.6
1512724517394,Humidity_1,11.806111970348521
1512724517398,Brightness_1,15.0
1512724517400,Temperature_2,24.49
1512724517402,Humidity_2,9.956313761336135
1512724517405,Brightness_2,107.0
1512724522727,Sound_P,65.8563679754536
1512724522730,PodiumIR,102
1512724523855,Temperature_1,24.6
1512724523858,Humidity_1,11.806111970348521
1512724523861,Brightness_1,15.0
1512724523863,Temperature_2,24.49
1512724523865,Humidity_2,9.956313761336135
1512724523868,Brightness_2,107.0
1512724530443,Temperature_1,24.6
1512724530446,Humidity_1,11.806111970348521
1512724530449,Brightness_1,15.0
1512724530452,Temperature_2,24.49
1512724530454,Humidity_2,9.956313761336135
1512724530457,Brightness_2,107.0
1512724532733,Sound_P,70.5390318503356
1512724532736,PodiumIR,110
1512724536883,Temperature_1,24.6
1512724536886,Humidity_1,11.806111970348521
1512724536890,Brightness_1,15.0
1512724536892,Temperature_2,24.49
1512724536894,Humidity_2,9.956313761336135
1512724536896,Brightness_2,107.0
1512724542739,Sound_P,68.61682354019833
1512724542742,PodiumIR,72
1512724543612,Temperature_1,24.6
1512724543615,Humidity_1,11.806111970348521
1512724543618,Brightness_1,15.0
1512724543620,Temperature_2,24.49
1512724543623,Humidity_2,9.956313761336135
1512724543625,Brightness_2,107.0
1512724550057,Temperature_1,24.6
1512724550060,Humidity_1,11.806111970348521
1512724550062,Brightness_1,15.0
1512724550064,Temperature_2,24.49
1512724550066,Humidity_2,9.956313761336135
1512724550068,Brightness_2,107.0
1512724552745,Sound_P,65.8563679754536
1512724552748,PodiumIR,104
1512724556516,Temperature_1,24.6
1512724556519,Humidity_1,11.806111970348521
1512724556523,Brightness_1,15.0
1512724556525,Temperature_2,24.49
1512724556527,Humidity_2,9.956313761336135
1512724556530,Brightness_2,108.0
1512724562751,Sound_P,63.95233273361063
1512724562754,PodiumIR,105
1512724563270,Temperature_1,24.6
1512724563273,Humidity_1,11.682792089747695
1512724563276,Brightness_1,14.0
1512724563279,Temperature_2,24.49
1512724563281,Humidity_2,9.956313761336135
1512724563283,Brightness_2,108.0
1512724570039,Temperature_1,24.6
1512724570042,Humidity_1,11.682792089747695
1512724570045,Brightness_1,14.0
1512724570048,Temperature_2,24.49
1512724570050,Humidity_2,9.956313761336135
1512724570053,Brightness_2,108.0
1512724572757,Sound_P,70.5390318503356
1512724572760,PodiumIR,95
1512724576532,Temperature_1,24.6
1512724576535,Humidity_1,11.682792089747695
1512724576538,Brightness_1,14.0
1512724576541,Temperature_2,24.49
1512724576543,Humidity_2,9.956313761336135
1512724576545,Brightness_2,108.0
1512724582763,Sound_P,66.44593723960276
1512724582767,PodiumIR,106
1512724583240,Temperature_1,24.6
1512724583243,Humidity_1,11.682792089747695
1512724583247,Brightness_1,14.0
1512724583249,Temperature_2,24.49
1512724583251,Humidity_2,9.956313761336135
1512724583254,Brightness_2,108.0
1512724589687,Temperature_1,24.6
1512724589690,Humidity_1,11.682792089747695
1512724589693,Brightness_1,14.0
1512724589695,Temperature_2,24.49
1512724589697,Humidity_2,9.956313761336135
1512724589700,Brightness_2,108.0
1512724592769,Sound_P,76.57687443958919
1512724592772,PodiumIR,102
1512724596345,Temperature_1,24.6
1512724596348,Humidity_1,11.682792089747695
1512724596351,Brightness_1,14.0
1512724596353,Temperature_2,24.49
1512724596355,Humidity_2,9.956313761336135
1512724596358,Brightness_2,108.0
1512724602758,Temperature_1,24.6
1512724602761,Humidity_1,11.682792089747695
1512724602764,Brightness_1,14.0
1512724602767,Temperature_2,24.49
1512724602769,Humidity_2,9.956313761336135
1512724602772,Brightness_2,108.0
1512724602775,Sound_P,65.8563679754536
1512724602779,PodiumIR,101
1512724609450,Temperature_1,24.6
1512724609453,Humidity_1,11.682792089747695
1512724609457,Brightness_1,14.0
1512724609459,Temperature_2,24.49
1512724609461,Humidity_2,9.956313761336135
1512724609464,Brightness_2,108.0
1512724612782,Sound_P,66.44593723960276
1512724612785,PodiumIR,107
1512724616106,Temperature_1,24.6
1512724616109,Humidity_1,11.682792089747695
1512724616112,Brightness_1,14.0
1512724616115,Temperature_2,24.49
1512724616117,Humidity_2,9.956313761336135
1512724616120,Brightness_2,104.0
1512724622519,Temperature_1,24.6
1512724622523,Humidity_1,11.682792089747695
1512724622527,Brightness_1,14.0
1512724622529,Temperature_2,24.49
1512724622531,Humidity_2,9.956313761336135
1512724622534,Brightness_2,104.0
1512724622788,Sound_P,65.8563679754536
1512724622792,PodiumIR,104
1512724629226,Temperature_1,24.72
1512724629229,Humidity_1,11.806111970348521
1512724629232,Brightness_1,15.0
1512724629234,Temperature_2,24.49
1512724629236,Humidity_2,9.956313761336135
1512724629239,Brightness_2,104.0
1512724632794,Sound_P,67.56641902255494
1512724632798,PodiumIR,90
1512724635673,Temperature_1,24.72
1512724635676,Humidity_1,11.806111970348521
1512724635679,Brightness_1,15.0
1512724635681,Temperature_2,24.49
1512724635683,Humidity_2,9.956313761336135
1512724635685,Brightness_2,104.0
1512724642129,Temperature_1,24.72
1512724642132,Humidity_1,11.806111970348521
1512724642135,Brightness_1,15.0
1512724642138,Temperature_2,24.49
1512724642140,Humidity_2,9.956313761336135
1512724642143,Brightness_2,104.0
1512724642803,Sound_P,69.11838317407611
1512724642806,PodiumIR,108
1512724648529,Temperature_1,24.72
1512724648531,Humidity_1,11.806111970348521
1512724648535,Brightness_1,15.0
1512724648537,Temperature_2,24.49
1512724648539,Humidity_2,9.956313761336135
1512724648543,Brightness_2,104.0
1512724652812,Sound_P,68.0998289029382
1512724652815,PodiumIR,103
1512724655231,Temperature_1,24.72
1512724655234,Humidity_1,11.806111970348521
1512724655237,Brightness_1,15.0
1512724655240,Temperature_2,24.49
1512724655242,Humidity_2,9.956313761336135
1512724655244,Brightness_2,104.0
1512724661680,Temperature_1,24.72
1512724661683,Humidity_1,11.806111970348521
1512724661686,Brightness_1,15.0
1512724661689,Temperature_2,24.49
1512724661691,Humidity_2,9.956313761336135
1512724661694,Brightness_2,104.0
1512724662820,Sound_P,69.11838317407611
1512724662824,PodiumIR,131
1512724668134,Temperature_1,24.72
1512724668138,Humidity_1,11.806111970348521
1512724668141,Brightness_1,15.0
1512724668143,Temperature_2,24.49
1512724668146,Humidity_2,9.956313761336135
1512724668148,Brightness_2,104.0
1512724672827,Sound_P,67.56641902255494
1512724672830,PodiumIR,100
1512724674548,Temperature_1,24.72
1512724674551,Humidity_1,11.806111970348521
1512724674554,Brightness_1,15.0
1512724674557,Temperature_2,24.49
1512724674559,Humidity_2,9.956313761336135
1512724674562,Brightness_2,104.0
1512724681243,Temperature_1,24.72
1512724681246,Humidity_1,11.806111970348521
1512724681249,Brightness_1,15.0
1512724681252,Temperature_2,24.49
1512724681254,Humidity_2,9.956313761336135
1512724681256,Brightness_2,108.0
1512724682833,Sound_P,70.5390318503356
1512724682837,PodiumIR,104
1512724687692,Temperature_1,24.72
1512724687694,Humidity_1,11.806111970348521
1512724687698,Brightness_1,15.0
1512724687700,Temperature_2,24.49
1512724687702,Humidity_2,9.956313761336135
1512724687704,Brightness_2,108.0
1512724692850,Sound_P,65.8563679754536
1512724692858,PodiumIR,81
1512724694450,Temperature_1,24.72
1512724694453,Humidity_1,11.806111970348521
1512724694456,Brightness_1,14.0
1512724694459,Temperature_2,24.49
1512724694461,Humidity_2,9.956313761336135
1512724694463,Brightness_2,108.0
1512724700861,Temperature_1,24.72
1512724700864,Humidity_1,11.806111970348521
1512724700867,Brightness_1,14.0
1512724700869,Temperature_2,24.49
1512724700871,Humidity_2,9.956313761336135
1512724700874,Brightness_2,108.0
1512724702865,Sound_P,71.84886370856825
1512724702868,PodiumIR,84
1512724707551,Temperature_1,24.72
1512724707554,Humidity_1,11.806111970348521
1512724707557,Brightness_1,14.0
1512724707559,Temperature_2,24.49
1512724707561,Humidity_2,9.956313761336135
1512724707564,Brightness_2,108.0
1512724712871,Sound_P,73.45017003946069
1512724712878,PodiumIR,100
1512724714207,Temperature_1,24.72
1512724714210,Humidity_1,11.806111970348521
1512724714213,Brightness_1,14.0
1512724714215,Temperature_2,24.49
1512724714218,Humidity_2,9.956313761336135
1512724714221,Brightness_2,108.0
1512724720638,Temperature_1,24.72
1512724720641,Humidity_1,11.806111970348521
1512724720644,Brightness_1,14.0
1512724720646,Temperature_2,24.49
1512724720649,Humidity_2,9.956313761336135
1512724720651,Brightness_2,108.0
1512724722883,Sound_P,68.61682354019833
1512724722886,PodiumIR,98
1512724727316,Temperature_1,24.72
1512724727319,Humidity_1,11.806111970348521
1512724727322,Brightness_1,14.0
1512724727324,Temperature_2,24.49
1512724727327,Humidity_2,9.956313761336135
1512724727330,Brightness_2,108.0
1512724732895,Sound_P,69.60540278108363
1512724732906,PodiumIR,95
1512724733977,Temperature_1,24.72
1512724733980,Humidity_1,11.806111970348521
1512724733983,Brightness_1,14.0
1512724733985,Temperature_2,24.49
1512724733988,Humidity_2,9.956313761336135
1512724733990,Brightness_2,108.0
1512724740441,Temperature_1,24.72
1512724740444,Humidity_1,11.806111970348521
1512724740448,Brightness_1,14.0
1512724740450,Temperature_2,24.49
1512724740452,Humidity_2,9.956313761336135
1512724740454,Brightness_2,108.0
1512724742916,Sound_P,68.61682354019833
1512724742920,PodiumIR,98
1512724747084,Temperature_1,24.72
1512724747087,Humidity_1,11.806111970348521
1512724747090,Brightness_1,14.0
1512724747093,Temperature_2,24.49
1512724747095,Humidity_2,9.956313761336135
1512724747098,Brightness_2,106.0
1512724752922,Sound_P,69.60540278108363
1512724752933,PodiumIR,102
1512724753537,Temperature_1,24.72
1512724753540,Humidity_1,11.682792089747695
1512724753543,Brightness_1,14.0
1512724753545,Temperature_2,24.49
1512724753547,Humidity_2,9.956313761336135
1512724753550,Brightness_2,106.0
1512724760192,Temperature_1,24.72
1512724760194,Humidity_1,11.682792089747695
1512724760197,Brightness_1,14.0
1512724760199,Temperature_2,24.49
1512724760201,Humidity_2,9.956313761336135
1512724760204,Brightness_2,106.0
1512724762935,Sound_P,76.57687443958919
1512724762939,PodiumIR,104
1512724766607,Temperature_1,24.72
1512724766610,Humidity_1,11.682792089747695
1512724766613,Brightness_1,14.0
1512724766616,Temperature_2,24.49
1512724766618,Humidity_2,9.956313761336135
1512724766621,Brightness_2,106.0
1512724772941,Sound_P,77.50193375604124
1512724772945,PodiumIR,97
1512724773027,Temperature_1,24.72
1512724773030,Humidity_1,11.682792089747695
1512724773034,Brightness_1,14.0
1512724773036,Temperature_2,24.49
1512724773038,Humidity_2,9.956313761336135
1512724773040,Brightness_2,106.0
1512724779758,Temperature_1,24.72
1512724779761,Humidity_1,11.682792089747695
1512724779764,Brightness_1,14.0
1512724779767,Temperature_2,24.49
1512724779769,Humidity_2,9.956313761336135
1512724779772,Brightness_2,106.0
1512724782947,Sound_P,72.66858725677886
1512724782951,PodiumIR,92
1512724786412,Temperature_1,24.72
1512724786414,Humidity_1,11.682792089747695
1512724786418,Brightness_1,14.0
1512724786420,Temperature_2,24.49
1512724786422,Humidity_2,9.956313761336135
1512724786424,Brightness_2,106.0
1512724787949,Projector,Off
1512724787949,Projector,Off
1512724792817,Temperature_1,24.72
1512724792819,Humidity_1,11.682792089747695
1512724792822,Brightness_1,14.0
1512724792825,Temperature_2,24.49
1512724792827,Humidity_2,9.956313761336135
1512724792830,Brightness_2,106.0
1512724792953,Sound_P,67.01551720930587
1512724792957,PodiumIR,122
1512724799238,Temperature_1,24.72
1512724799241,Humidity_1,11.682792089747695
1512724799244,Brightness_1,14.0
1512724799247,Temperature_2,24.49
1512724799249,Humidity_2,9.956313761336135
1512724799252,Brightness_2,106.0
1512724802959,Sound_P,69.60540278108363
1512724802963,PodiumIR,98
1512724806061,Temperature_1,24.72
1512724806065,Humidity_1,11.682792089747695
1512724806068,Brightness_1,14.0
1512724806070,Temperature_2,24.49
1512724806072,Humidity_2,9.956313761336135
1512724806075,Brightness_2,108.0
1512724812520,Temperature_1,24.72
1512724812524,Humidity_1,11.682792089747695
1512724812528,Brightness_1,14.0
1512724812530,Temperature_2,24.49
1512724812532,Humidity_2,9.956313761336135
1512724812534,Brightness_2,108.0
1512724812965,Sound_P,72.26372429269907
1512724812968,PodiumIR,102
1512724818981,Temperature_1,24.6
1512724818983,Humidity_1,11.806111970348521
1512724818986,Brightness_1,14.0
1512724818988,Temperature_2,24.49
1512724818991,Humidity_2,9.956313761336135
1512724818993,Brightness_2,108.0
1512724822971,Sound_P,68.61682354019833
1512724822974,PodiumIR,101
1512724825729,Temperature_1,24.6
1512724825732,Humidity_1,11.806111970348521
1512724825735,Brightness_1,14.0
1512724825738,Temperature_2,24.49
1512724825740,Humidity_2,9.956313761336135
1512724825742,Brightness_2,108.0
1512724832183,Temperature_1,24.6
1512724832186,Humidity_1,11.806111970348521
1512724832189,Brightness_1,14.0
1512724832191,Temperature_2,24.49
1512724832193,Humidity_2,9.956313761336135
1512724832195,Brightness_2,108.0
1512724832977,Sound_P,72.66858725677886
1512724832980,PodiumIR,107
1512724838615,Temperature_1,24.6
1512724838618,Humidity_1,11.806111970348521
1512724838621,Brightness_1,14.0
1512724838623,Temperature_2,24.49
1512724838625,Humidity_2,9.956313761336135
1512724838628,Brightness_2,108.0
1512724842983,Sound_P,73.06392314376754
1512724842986,PodiumIR,116
1512724845291,Temperature_1,24.6
1512724845294,Humidity_1,11.806111970348521
1512724845297,Brightness_1,14.0
1512724845300,Temperature_2,24.49
1512724845302,Humidity_2,9.956313761336135
1512724845305,Brightness_2,108.0
1512724850157,Door,activate
1512724851704,Temperature_1,24.6
1512724851707,Humidity_1,11.806111970348521
1512724851710,Brightness_1,14.0
1512724851713,Temperature_2,24.49
1512724851715,Humidity_2,9.956313761336135
1512724851718,Brightness_2,108.0
1512724852989,Sound_P,64.61127993529891
1512724852992,PodiumIR,107
1512724862994,Sound_P,67.56641902255494
1512724862998,PodiumIR,101
1512724867201,Temperature_1,24.6
1512724867204,Humidity_1,11.806111970348521
1512724867207,Brightness_1,14.0
1512724867209,Temperature_2,24.49
1512724867211,Humidity_2,9.956313761336135
1512724867214,Brightness_2,108.0
1512724873000,Sound_P,71.42349921662418
1512724873003,PodiumIR,93
1512724873858,Temperature_1,24.6
1512724873860,Humidity_1,11.806111970348521
1512724873864,Brightness_1,14.0
1512724873866,Temperature_2,24.49
1512724873878,Humidity_2,9.956313761336135
1512724873881,Brightness_2,103.0
1512724880515,Temperature_1,24.72
1512724880519,Humidity_1,11.682792089747695
1512724880524,Brightness_1,15.0
1512724880526,Temperature_2,24.49
1512724880529,Humidity_2,9.956313761336135
1512724880532,Brightness_2,103.0
1512724883006,Sound_P,65.24535518573873
1512724883009,PodiumIR,98
1512724886965,Temperature_1,24.72
1512724886968,Humidity_1,11.682792089747695
1512724886971,Brightness_1,15.0
1512724886974,Temperature_2,24.49
1512724886976,Humidity_2,9.956313761336135
1512724886978,Brightness_2,103.0
1512724893012,Sound_P,70.0787016850011
1512724893015,PodiumIR,101
1512724893513,Temperature_1,24.72
1512724893516,Humidity_1,11.682792089747695
1512724893519,Brightness_1,15.0
1512724893522,Temperature_2,24.49
1512724893524,Humidity_2,9.956313761336135
1512724893526,Brightness_2,103.0
1512724899977,Temperature_1,24.72
1512724899980,Humidity_1,11.682792089747695
1512724899983,Brightness_1,15.0
1512724899985,Temperature_2,24.49
1512724899987,Humidity_2,9.956313761336135
1512724899990,Brightness_2,103.0
1512724903018,Sound_P,70.987085069563
1512724903021,PodiumIR,109
1512724906417,Temperature_1,24.72
1512724906420,Humidity_1,11.682792089747695
1512724906423,Brightness_1,15.0
1512724906425,Temperature_2,24.49
1512724906428,Humidity_2,9.956313761336135
1512724906430,Brightness_2,103.0
1512724912871,Temperature_1,24.72
1512724912874,Humidity_1,11.682792089747695
1512724912878,Brightness_1,15.0
1512724912880,Temperature_2,24.49
1512724912882,Humidity_2,9.956313761336135
1512724912884,Brightness_2,103.0
1512724913024,Sound_P,72.26372429269907
1512724913027,PodiumIR,97
1512724919426,Temperature_1,24.72
1512724919429,Humidity_1,11.682792089747695
1512724919432,Brightness_1,15.0
1512724919435,Temperature_2,24.49
1512724919437,Humidity_2,9.956313761336135
1512724919440,Brightness_2,103.0
1512724923030,Sound_P,72.66858725677886
1512724923033,PodiumIR,92
1512724925876,Temperature_1,24.72
1512724925879,Humidity_1,11.682792089747695
1512724925882,Brightness_1,15.0
1512724925885,Temperature_2,24.49
1512724925887,Humidity_2,9.956313761336135
1512724925890,Brightness_2,103.0
1512724933036,Sound_P,74.55832985633069
1512724933039,PodiumIR,113
1512724939422,Temperature_1,24.72
1512724939425,Humidity_1,11.682792089747695
1512724939428,Brightness_1,15.0
1512724939430,Temperature_2,24.37
1512724939432,Humidity_2,9.956313761336135
1512724939435,Brightness_2,104.0
1512724943041,Sound_P,71.84886370856825
1512724943045,PodiumIR,100
1512724946155,Temperature_1,24.72
1512724946158,Humidity_1,11.682792089747695
1512724946161,Brightness_1,14.0
1512724946164,Temperature_2,24.37
1512724946166,Humidity_2,9.956313761336135
1512724946168,Brightness_2,104.0
1512724952578,Temperature_1,24.72
1512724952581,Humidity_1,11.682792089747695
1512724952585,Brightness_1,14.0
1512724952587,Temperature_2,24.37
1512724952589,Humidity_2,9.956313761336135
1512724952591,Brightness_2,104.0
1512724953047,Sound_P,64.61127993529891
1512724953051,PodiumIR,92
1512724959099,Temperature_1,24.72
1512724959102,Humidity_1,11.682792089747695
1512724959105,Brightness_1,14.0
1512724959108,Temperature_2,24.37
1512724959110,Humidity_2,9.956313761336135
1512724959112,Brightness_2,104.0
1512724963053,Sound_P,69.60540278108363
1512724963056,PodiumIR,106
1512724965497,Temperature_1,24.72
1512724965500,Humidity_1,11.682792089747695
1512724965503,Brightness_1,14.0
1512724965506,Temperature_2,24.37
1512724965508,Humidity_2,9.956313761336135
1512724965510,Brightness_2,104.0
1512724972159,Temperature_1,24.72
1512724972161,Humidity_1,11.682792089747695
1512724972164,Brightness_1,14.0
1512724972167,Temperature_2,24.37
1512724972169,Humidity_2,9.956313761336135
1512724972171,Brightness_2,104.0
1512724973059,Sound_P,66.44593723960276
1512724973062,PodiumIR,105
1512724978569,Temperature_1,24.72
1512724978571,Humidity_1,11.682792089747695
1512724978574,Brightness_1,14.0
1512724978576,Temperature_2,24.37
1512724978578,Humidity_2,9.956313761336135
1512724978580,Brightness_2,104.0
1512724983064,Sound_P,69.11838317407611
1512724983067,PodiumIR,99
1512724985283,Temperature_1,24.72
1512724985286,Humidity_1,11.682792089747695
1512724985289,Brightness_1,14.0
1512724985291,Temperature_2,24.37
1512724985294,Humidity_2,9.956313761336135
1512724985296,Brightness_2,104.0
1512724992025,Temperature_1,24.72
1512724992028,Humidity_1,11.682792089747695
1512724992032,Brightness_1,14.0
1512724992035,Temperature_2,24.37
1512724992037,Humidity_2,9.956313761336135
1512724992040,Brightness_2,104.0
1512724993070,Sound_P,66.44593723960276
1512724993073,PodiumIR,99
1512724998510,Temperature_1,24.72
1512724998513,Humidity_1,11.682792089747695
1512724998516,Brightness_1,14.0
1512724998521,Temperature_2,24.37
1512724998525,Humidity_2,9.956313761336135
1512724998528,Brightness_2,106.0
1512725003076,Sound_P,63.26648240367583
1512725003079,PodiumIR,77
1512725005340,Temperature_1,24.72
1512725005343,Humidity_1,11.682792089747695
1512725005346,Brightness_1,14.0
1512725005349,Temperature_2,24.37
1512725005352,Humidity_2,9.956313761336135
1512725005355,Brightness_2,106.0
1512725011991,Temperature_1,24.72
1512725011995,Humidity_1,11.682792089747695
1512725011998,Brightness_1,15.0
1512725012001,Temperature_2,24.37
1512725012004,Humidity_2,9.956313761336135
1512725012007,Brightness_2,106.0
1512725013082,Sound_P,69.11838317407611
1512725013085,PodiumIR,102
1512725018443,Temperature_1,24.72
1512725018446,Humidity_1,11.682792089747695
1512725018450,Brightness_1,15.0
1512725018452,Temperature_2,24.37
1512725018455,Humidity_2,9.956313761336135
1512725018458,Brightness_2,106.0
1512725023089,Sound_P,69.11838317407611
1512725023092,PodiumIR,116
1512725024890,Temperature_1,24.72
1512725024894,Humidity_1,11.682792089747695
1512725024897,Brightness_1,15.0
1512725024900,Temperature_2,24.37
1512725024903,Humidity_2,9.956313761336135
1512725024906,Brightness_2,106.0
1512725031555,Temperature_1,24.72
1512725031558,Humidity_1,11.682792089747695
1512725031562,Brightness_1,15.0
1512725031564,Temperature_2,24.37
1512725031568,Humidity_2,9.956313761336135
1512725031571,Brightness_2,106.0
1512725033095,Sound_P,66.44593723960276
1512725033098,PodiumIR,102
1512725038011,Temperature_1,24.72
1512725038014,Humidity_1,11.682792089747695
1512725038018,Brightness_1,15.0
1512725038021,Temperature_2,24.37
1512725038024,Humidity_2,9.956313761336135
1512725038027,Brightness_2,106.0
1512725043101,Sound_P,66.44593723960276
1512725043112,PodiumIR,99
1512725044509,Temperature_1,24.72
1512725044512,Humidity_1,11.682792089747695
1512725044516,Brightness_1,15.0
1512725044520,Temperature_2,24.37
1512725044524,Humidity_2,9.956313761336135
1512725044528,Brightness_2,106.0
1512725051216,Temperature_1,24.72
1512725051219,Humidity_1,11.682792089747695
1512725051223,Brightness_1,15.0
1512725051225,Temperature_2,24.37
1512725051228,Humidity_2,9.956313761336135
1512725051232,Brightness_2,106.0
1512725053117,Sound_P,70.0787016850011
1512725053120,PodiumIR,107
1512725057872,Temperature_1,24.72
1512725057876,Humidity_1,11.682792089747695
1512725057879,Brightness_1,15.0
1512725057882,Temperature_2,24.37
1512725057884,Humidity_2,9.956313761336135
1512725057888,Brightness_2,106.0
1512725063123,Sound_P,65.24535518573873
1512725063132,PodiumIR,102
1512725064524,Temperature_1,24.72
1512725064528,Humidity_1,11.682792089747695
1512725064531,Brightness_1,15.0
1512725064534,Temperature_2,24.37
1512725064537,Humidity_2,9.83299388073531
1512725064540,Brightness_2,113.0
1512725070987,Temperature_1,24.49
1512725070990,Humidity_1,11.682792089747695
1512725070994,Brightness_1,14.0
1512725070996,Temperature_2,24.37
1512725070999,Humidity_2,9.83299388073531
1512725071002,Brightness_2,113.0
1512725073141,Sound_P,65.8563679754536
1512725073144,PodiumIR,99
1512725077533,Temperature_1,24.49
1512725077536,Humidity_1,11.682792089747695
1512725077540,Brightness_1,14.0
1512725077542,Temperature_2,24.37
1512725077545,Humidity_2,9.83299388073531
1512725077548,Brightness_2,113.0
1512725083147,Sound_P,65.24535518573873
1512725083155,PodiumIR,100
1512725084087,Temperature_1,24.49
1512725084090,Humidity_1,11.682792089747695
1512725084093,Brightness_1,14.0
1512725084096,Temperature_2,24.37
1512725084099,Humidity_2,9.83299388073531
1512725084102,Brightness_2,113.0
1512725090498,Temperature_1,24.49
1512725090501,Humidity_1,11.682792089747695
1512725090505,Brightness_1,14.0
1512725090507,Temperature_2,24.37
1512725090510,Humidity_2,9.83299388073531
1512725090512,Brightness_2,113.0
1512725093160,Sound_P,68.61682354019833
1512725093163,PodiumIR,113
1512725097190,Temperature_1,24.49
1512725097193,Humidity_1,11.682792089747695
1512725097196,Brightness_1,14.0
1512725097199,Temperature_2,24.37
1512725097202,Humidity_2,9.83299388073531
1512725097205,Brightness_2,113.0
1512725103165,Sound_P,64.61127993529891
1512725103169,PodiumIR,102
1512725103627,Temperature_1,24.49
1512725103630,Humidity_1,11.682792089747695
1512725103631,Brightness_1,14.0
1512725103635,Temperature_2,24.37
1512725103637,Humidity_2,9.83299388073531
1512725103640,Brightness_2,113.0
1512725110304,Temperature_1,24.49
1512725110307,Humidity_1,11.682792089747695
1512725110310,Brightness_1,14.0
1512725110312,Temperature_2,24.37
1512725110315,Humidity_2,9.83299388073531
1512725110317,Brightness_2,113.0
1512725113171,Sound_P,65.8563679754536
1512725113175,PodiumIR,107
1512725116718,Temperature_1,24.49
1512725116721,Humidity_1,11.682792089747695
1512725116724,Brightness_1,14.0
1512725116726,Temperature_2,24.37
1512725116729,Humidity_2,9.83299388073531
1512725116732,Brightness_2,113.0
1512725123177,Sound_P,65.8563679754536
1512725123181,PodiumIR,81
1512725123217,Temperature_1,24.49
1512725123220,Humidity_1,11.682792089747695
1512725123223,Brightness_1,14.0
1512725123225,Temperature_2,24.37
1512725123228,Humidity_2,9.956313761336135
1512725123230,Brightness_2,113.0
1512725129689,Temperature_1,24.49
1512725129692,Humidity_1,11.682792089747695
1512725129695,Brightness_1,14.0
1512725129698,Temperature_2,24.37
1512725129700,Humidity_2,9.956313761336135
1512725129702,Brightness_2,113.0
1512725133183,Sound_P,65.8563679754536
1512725133186,PodiumIR,106
1512725136115,Temperature_1,24.49
1512725136118,Humidity_1,11.682792089747695
1512725136121,Brightness_1,15.0
1512725136123,Temperature_2,24.37
1512725136125,Humidity_2,9.956313761336135
1512725136128,Brightness_2,113.0
1512725142528,Temperature_1,24.49
1512725142531,Humidity_1,11.682792089747695
1512725142534,Brightness_1,15.0
1512725142536,Temperature_2,24.37
1512725142538,Humidity_2,9.956313761336135
1512725142541,Brightness_2,113.0
1512725143193,Sound_P,66.44593723960276
1512725143197,PodiumIR,102
1512725149211,Temperature_1,24.49
1512725149214,Humidity_1,11.682792089747695
1512725149217,Brightness_1,15.0
1512725149220,Temperature_2,24.37
1512725149222,Humidity_2,9.956313761336135
1512725149225,Brightness_2,113.0
1512725153199,Sound_P,71.84886370856825
1512725153204,PodiumIR,112
1512725155969,Temperature_1,24.49
1512725155972,Humidity_1,11.682792089747695
1512725155975,Brightness_1,15.0
1512725155978,Temperature_2,24.37
1512725155980,Humidity_2,9.956313761336135
1512725155983,Brightness_2,113.0
1512725162420,Temperature_1,24.49
1512725162423,Humidity_1,11.682792089747695
1512725162426,Brightness_1,15.0
1512725162429,Temperature_2,24.37
1512725162431,Humidity_2,9.956313761336135
1512725162433,Brightness_2,113.0
1512725163209,Sound_P,68.61682354019833
1512725163212,PodiumIR,100
1512725168896,Temperature_1,24.49
1512725168899,Humidity_1,11.682792089747695
1512725168902,Brightness_1,15.0
1512725168904,Temperature_2,24.37
1512725168906,Humidity_2,9.956313761336135
1512725168909,Brightness_2,113.0
1512725173215,Sound_P,66.44593723960276
1512725173226,PodiumIR,104
1512725175505,Temperature_1,24.49
1512725175508,Humidity_1,11.682792089747695
1512725175511,Brightness_1,15.0
1512725175514,Temperature_2,24.37
1512725175516,Humidity_2,9.956313761336135
1512725175518,Brightness_2,113.0
1512725182183,Temperature_1,24.49
1512725182186,Humidity_1,11.682792089747695
1512725182189,Brightness_1,15.0
1512725182192,Temperature_2,24.37
1512725182194,Humidity_2,9.956313761336135
1512725182196,Brightness_2,113.0
1512725183228,Sound_P,68.61682354019833
1512725183232,PodiumIR,138
1512725188577,Temperature_1,24.49
1512725188580,Humidity_1,11.682792089747695
1512725188583,Brightness_1,15.0
1512725188585,Temperature_2,24.37
1512725188588,Humidity_2,9.956313761336135
1512725188591,Brightness_2,108.0
1512725193234,Sound_P,67.01551720930587
1512725193238,PodiumIR,89
1512725195186,Temperature_1,24.49
1512725195189,Humidity_1,11.682792089747695
1512725195192,Brightness_1,15.0
1512725195195,Temperature_2,24.37
1512725195197,Humidity_2,9.956313761336135
1512725195200,Brightness_2,108.0
1512725201769,Temperature_1,24.6
1512725201772,Humidity_1,11.682792089747695
1512725201775,Brightness_1,14.0
1512725201778,Temperature_2,24.37
1512725201780,Humidity_2,9.956313761336135
1512725201782,Brightness_2,108.0
1512725203240,Sound_P,71.84886370856825
1512725203243,PodiumIR,97
1512725208510,Temperature_1,24.6
1512725208513,Humidity_1,11.682792089747695
1512725208516,Brightness_1,14.0
1512725208519,Temperature_2,24.37
1512725208522,Humidity_2,9.956313761336135
1512725208524,Brightness_2,108.0
1512725213246,Sound_P,69.11838317407611
1512725213249,PodiumIR,111
1512725214953,Temperature_1,24.6
1512725214956,Humidity_1,11.682792089747695
1512725214960,Brightness_1,14.0
1512725214962,Temperature_2,24.37
1512725214964,Humidity_2,9.956313761336135
1512725214966,Brightness_2,108.0
1512725221613,Temperature_1,24.6
1512725221616,Humidity_1,11.682792089747695
1512725221619,Brightness_1,14.0
1512725221621,Temperature_2,24.37
1512725221623,Humidity_2,9.956313761336135
1512725221626,Brightness_2,108.0
1512725223252,Sound_P,64.61127993529891
1512725223255,PodiumIR,95
1512725228080,Temperature_1,24.6
1512725228083,Humidity_1,11.682792089747695
1512725228087,Brightness_1,14.0
1512725228089,Temperature_2,24.37
1512725228091,Humidity_2,9.956313761336135
1512725228093,Brightness_2,108.0
1512725233258,Sound_P,69.60540278108363
1512725233261,PodiumIR,78
1512725234515,Temperature_1,24.6
1512725234518,Humidity_1,11.682792089747695
1512725234522,Brightness_1,14.0
1512725234524,Temperature_2,24.37
1512725234527,Humidity_2,9.956313761336135
1512725234530,Brightness_2,108.0
1512725240966,Temperature_1,24.6
1512725240969,Humidity_1,11.682792089747695
1512725240972,Brightness_1,14.0
1512725240974,Temperature_2,24.37
1512725240977,Humidity_2,9.956313761336135
1512725240980,Brightness_2,108.0
1512725243264,Sound_P,67.56641902255494
1512725243275,PodiumIR,100
1512725247418,Temperature_1,24.6
1512725247421,Humidity_1,11.682792089747695
1512725247424,Brightness_1,14.0
1512725247426,Temperature_2,24.37
1512725247428,Humidity_2,9.956313761336135
1512725247431,Brightness_2,108.0
1512725253278,Sound_P,64.61127993529891
1512725253282,PodiumIR,98
1512725254176,Temperature_1,24.6
1512725254179,Humidity_1,11.682792089747695
1512725254182,Brightness_1,14.0
1512725254184,Temperature_2,24.37
1512725254187,Humidity_2,9.956313761336135
1512725254189,Brightness_2,104.0
1512725260706,Temperature_1,24.6
1512725260710,Humidity_1,11.682792089747695
1512725260713,Brightness_1,14.0
1512725260715,Temperature_2,24.37
1512725260717,Humidity_2,9.956313761336135
1512725260720,Brightness_2,104.0
1512725263284,Sound_P,66.44593723960276
1512725263288,PodiumIR,100
1512725267386,Temperature_1,24.6
1512725267389,Humidity_1,11.682792089747695
1512725267392,Brightness_1,15.0
1512725267394,Temperature_2,24.37
1512725267397,Humidity_2,9.956313761336135
1512725267400,Brightness_2,104.0
1512725273290,Sound_P,68.0998289029382
1512725273293,PodiumIR,105
1512725273833,Temperature_1,24.6
1512725273836,Humidity_1,11.682792089747695
1512725273839,Brightness_1,15.0
1512725273841,Temperature_2,24.37
1512725273843,Humidity_2,9.956313761336135
1512725273846,Brightness_2,104.0
1512725280489,Temperature_1,24.6
1512725280492,Humidity_1,11.682792089747695
1512725280495,Brightness_1,15.0
1512725280498,Temperature_2,24.37
1512725280500,Humidity_2,9.956313761336135
1512725280503,Brightness_2,104.0
1512725283296,Sound_P,66.44593723960276
1512725283299,PodiumIR,109
1512725287247,Temperature_1,24.6
1512725287250,Humidity_1,11.682792089747695
1512725287253,Brightness_1,15.0
1512725287256,Temperature_2,24.37
1512725287258,Humidity_2,9.956313761336135
1512725287261,Brightness_2,104.0
1512725293302,Sound_P,67.01551720930587
1512725293305,PodiumIR,100
1512725293905,Temperature_1,24.6
1512725293908,Humidity_1,11.682792089747695
1512725293911,Brightness_1,15.0
1512725293914,Temperature_2,24.37
1512725293916,Humidity_2,9.956313761336135
1512725293919,Brightness_2,104.0
1512725295216,Projector,Off
1512725295216,Projector,Off
1512725300355,Temperature_1,24.6
1512725300358,Humidity_1,11.682792089747695
1512725300361,Brightness_1,15.0
1512725300364,Temperature_2,24.37
1512725300366,Humidity_2,9.956313761336135
1512725300369,Brightness_2,104.0
1512725303309,Sound_P,65.8563679754536
1512725303313,PodiumIR,104
1512725306767,Temperature_1,24.6
1512725306770,Humidity_1,11.682792089747695
1512725306773,Brightness_1,15.0
1512725306775,Temperature_2,24.37
1512725306778,Humidity_2,9.956313761336135
1512725306780,Brightness_2,104.0
1512725313315,Sound_P,69.11838317407611
1512725313319,PodiumIR,119
1512725313343,Temperature_1,24.6
1512725313346,Humidity_1,11.682792089747695
1512725313350,Brightness_1,15.0
1512725313352,Temperature_2,24.37
1512725313354,Humidity_2,9.83299388073531
1512725313357,Brightness_2,104.0
1512725319817,Temperature_1,24.6
1512725319820,Humidity_1,11.682792089747695
1512725319824,Brightness_1,15.0
1512725319826,Temperature_2,24.37
1512725319828,Humidity_2,9.83299388073531
1512725319830,Brightness_2,104.0
1512725323321,Sound_P,67.01551720930587
1512725323324,PodiumIR,102
1512725326474,Temperature_1,24.6
1512725326477,Humidity_1,11.682792089747695
1512725326480,Brightness_1,14.0
1512725326482,Temperature_2,24.37
1512725326485,Humidity_2,9.83299388073531
1512725326487,Brightness_2,104.0
1512725332918,Temperature_1,24.6
1512725332921,Humidity_1,11.682792089747695
1512725332924,Brightness_1,14.0
1512725332927,Temperature_2,24.37
1512725332929,Humidity_2,9.83299388073531
1512725332932,Brightness_2,104.0
1512725333327,Sound_P,64.61127993529891
1512725333330,PodiumIR,127
1512725339370,Temperature_1,24.6
1512725339373,Humidity_1,11.682792089747695
1512725339376,Brightness_1,14.0
1512725339378,Temperature_2,24.37
1512725339380,Humidity_2,9.83299388073531
1512725339383,Brightness_2,104.0
1512725343333,Sound_P,69.11838317407611
1512725343336,PodiumIR,105
1512725346026,Temperature_1,24.6
1512725346029,Humidity_1,11.682792089747695
1512725346032,Brightness_1,14.0
1512725346034,Temperature_2,24.37
1512725346037,Humidity_2,9.83299388073531
1512725346041,Brightness_2,104.0
1512725352442,Temperature_1,24.6
1512725352445,Humidity_1,11.682792089747695
1512725352448,Brightness_1,14.0
1512725352450,Temperature_2,24.37
1512725352452,Humidity_2,9.83299388073531
1512725352454,Brightness_2,104.0
1512725353339,Sound_P,65.24535518573873
1512725353342,PodiumIR,99
1512725358848,Temperature_1,24.6
1512725358851,Humidity_1,11.682792089747695
1512725358854,Brightness_1,14.0
1512725358857,Temperature_2,24.37
1512725358859,Humidity_2,9.83299388073531
1512725358861,Brightness_2,104.0
1512725363345,Sound_P,63.95233273361063
1512725363348,PodiumIR,104
1512725365585,Temperature_1,24.6
1512725365588,Humidity_1,11.682792089747695
1512725365591,Brightness_1,14.0
1512725365593,Temperature_2,24.37
1512725365595,Humidity_2,9.83299388073531
1512725365599,Brightness_2,104.0
1512725372343,Temperature_1,24.6
1512725372346,Humidity_1,11.682792089747695
1512725372349,Brightness_1,14.0
1512725372351,Temperature_2,24.37
1512725372354,Humidity_2,9.83299388073531
1512725372356,Brightness_2,104.0
1512725373353,Sound_P,67.01551720930587
1512725373356,PodiumIR,96
1512725378771,Temperature_1,24.6
1512725378774,Humidity_1,11.682792089747695
1512725378777,Brightness_1,14.0
1512725378779,Temperature_2,24.37
1512725378781,Humidity_2,9.956313761336135
1512725378783,Brightness_2,106.0
1512725383366,Sound_P,70.987085069563
1512725383370,PodiumIR,118
1512725385179,Temperature_1,24.6
1512725385182,Humidity_1,11.682792089747695
1512725385185,Brightness_1,14.0
1512725385188,Temperature_2,24.37
1512725385190,Humidity_2,9.956313761336135
1512725385193,Brightness_2,106.0
1512725391578,Temperature_1,24.6
1512725391581,Humidity_1,11.682792089747695
1512725391585,Brightness_1,14.0
1512725391587,Temperature_2,24.37
1512725391589,Humidity_2,9.956313761336135
1512725391592,Brightness_2,106.0
1512725393377,Sound_P,71.84886370856825
1512725393380,PodiumIR,104
1512725398148,Temperature_1,24.6
1512725398151,Humidity_1,11.682792089747695
1512725398154,Brightness_1,14.0
1512725398157,Temperature_2,24.37
1512725398159,Humidity_2,9.956313761336135
1512725398162,Brightness_2,106.0
1512725403383,Sound_P,67.56641902255494
1512725403386,PodiumIR,82
1512725404549,Temperature_1,24.6
1512725404552,Humidity_1,11.682792089747695
1512725404555,Brightness_1,14.0
1512725404557,Temperature_2,24.37
1512725404559,Humidity_2,9.956313761336135
1512725404562,Brightness_2,106.0
1512725410948,Temperature_1,24.6
1512725410951,Humidity_1,11.682792089747695
1512725410954,Brightness_1,14.0
1512725410956,Temperature_2,24.37
1512725410959,Humidity_2,9.956313761336135
1512725410961,Brightness_2,106.0
1512725413389,Sound_P,66.44593723960276
1512725413392,PodiumIR,109
1512725417502,Temperature_1,24.6
1512725417505,Humidity_1,11.682792089747695
1512725417509,Brightness_1,14.0
1512725417511,Temperature_2,24.37
1512725417513,Humidity_2,9.956313761336135
1512725417516,Brightness_2,106.0
1512725423395,Sound_P,70.987085069563
1512725423398,PodiumIR,108
1512725424158,Temperature_1,24.6
1512725424161,Humidity_1,11.682792089747695
1512725424164,Brightness_1,14.0
1512725424166,Temperature_2,24.37
1512725424169,Humidity_2,9.956313761336135
1512725424171,Brightness_2,106.0
1512725430565,Temperature_1,24.6
1512725430567,Humidity_1,11.682792089747695
1512725430571,Brightness_1,14.0
1512725430573,Temperature_2,24.37
1512725430575,Humidity_2,9.956313761336135
1512725430578,Brightness_2,106.0
1512725433401,Sound_P,66.44593723960276
1512725433404,PodiumIR,98
1512725437266,Temperature_1,24.6
1512725437269,Humidity_1,11.682792089747695
1512725437272,Brightness_1,14.0
1512725437274,Temperature_2,24.37
1512725437277,Humidity_2,9.956313761336135
1512725437280,Brightness_2,106.0
1512725443407,Sound_P,65.8563679754536
1512725443410,PodiumIR,111
1512725443926,Temperature_1,24.6
1512725443929,Humidity_1,11.682792089747695
1512725443932,Brightness_1,14.0
1512725443935,Temperature_2,24.37
1512725443937,Humidity_2,9.956313761336135
1512725443939,Brightness_2,104.0
1512725450509,Temperature_1,24.6
1512725450512,Humidity_1,11.682792089747695
1512725450515,Brightness_1,14.0
1512725450518,Temperature_2,24.37
1512725450523,Humidity_2,9.956313761336135
1512725450527,Brightness_2,104.0
1512725453412,Sound_P,69.11838317407611
1512725453416,PodiumIR,110
1512725457344,Temperature_1,24.6
1512725457347,Humidity_1,11.682792089747695
1512725457359,Brightness_1,14.0
1512725457361,Temperature_2,24.37
1512725457363,Humidity_2,9.956313761336135
1512725457367,Brightness_2,104.0
1512725463418,Sound_P,64.61127993529891
1512725463421,PodiumIR,114
1512725463897,Temperature_1,24.6
1512725463900,Humidity_1,11.682792089747695
1512725463904,Brightness_1,14.0
1512725463906,Temperature_2,24.37
1512725463909,Humidity_2,9.956313761336135
1512725463913,Brightness_2,104.0
1512725470445,Temperature_1,24.6
1512725470449,Humidity_1,11.682792089747695
1512725470452,Brightness_1,14.0
1512725470455,Temperature_2,24.37
1512725470458,Humidity_2,9.956313761336135
1512725470461,Brightness_2,104.0
1512725473424,Sound_P,64.61127993529891
1512725473428,PodiumIR,102
1512725476878,Temperature_1,24.6
1512725476882,Humidity_1,11.682792089747695
1512725476885,Brightness_1,14.0
1512725476888,Temperature_2,24.37
1512725476891,Humidity_2,9.956313761336135
1512725476894,Brightness_2,104.0
1512725483288,Temperature_1,24.6
1512725483291,Humidity_1,11.682792089747695
1512725483294,Brightness_1,14.0
1512725483297,Temperature_2,24.37
1512725483300,Humidity_2,9.956313761336135
1512725483303,Brightness_2,104.0
1512725483430,Sound_P,69.11838317407611
1512725483433,PodiumIR,108
1512725490018,Temperature_1,24.6
1512725490021,Humidity_1,11.682792089747695
1512725490022,Brightness_1,14.0
1512725490024,Temperature_2,24.37
1512725490025,Humidity_2,9.956313761336135
1512725490027,Brightness_2,104.0
1512725493437,Sound_P,73.45017003946069
1512725493440,PodiumIR,110
1512725496454,Temperature_1,24.6
1512725496457,Humidity_1,11.682792089747695
1512725496460,Brightness_1,14.0
1512725496462,Temperature_2,24.37
1512725496464,Humidity_2,9.956313761336135
1512725496467,Brightness_2,104.0
1512725502888,Temperature_1,24.6
1512725502891,Humidity_1,11.682792089747695
1512725502894,Brightness_1,14.0
1512725502896,Temperature_2,24.37
1512725502898,Humidity_2,9.83299388073531
1512725502901,Brightness_2,110.0
1512725503445,Sound_P,62.551438321825636
1512725503448,PodiumIR,102
1512725509918,Temperature_1,24.6
1512725509921,Humidity_1,11.682792089747695
1512725509924,Brightness_1,14.0
1512725509927,Temperature_2,24.37
1512725509929,Humidity_2,9.83299388073531
1512725509931,Brightness_2,110.0
1512725513453,Sound_P,65.24535518573873
1512725513456,PodiumIR,106
1512725516316,Temperature_1,24.6
1512725516319,Humidity_1,11.682792089747695
1512725516322,Brightness_1,14.0
1512725516324,Temperature_2,24.37
1512725516327,Humidity_2,9.83299388073531
1512725516329,Brightness_2,110.0
1512725522727,Temperature_1,24.6
1512725522730,Humidity_1,11.682792089747695
1512725522733,Brightness_1,14.0
1512725522735,Temperature_2,24.37
1512725522738,Humidity_2,9.83299388073531
1512725522741,Brightness_2,110.0
1512725523459,Sound_P,67.56641902255494
1512725523462,PodiumIR,107
1512725529147,Temperature_1,24.6
1512725529150,Humidity_1,11.682792089747695
1512725529154,Brightness_1,14.0
1512725529156,Temperature_2,24.37
1512725529158,Humidity_2,9.83299388073531
1512725529160,Brightness_2,110.0
1512725533466,Sound_P,67.01551720930587
1512725533469,PodiumIR,88
1512725535558,Temperature_1,24.6
1512725535561,Humidity_1,11.682792089747695
1512725535564,Brightness_1,14.0
1512725535566,Temperature_2,24.37
1512725535568,Humidity_2,9.83299388073531
1512725535571,Brightness_2,110.0
1512725542023,Temperature_1,24.6
1512725542026,Humidity_1,11.682792089747695
1512725542029,Brightness_1,14.0
1512725542031,Temperature_2,24.37
1512725542033,Humidity_2,9.83299388073531
1512725542036,Brightness_2,110.0
1512725543475,Sound_P,67.01551720930587
1512725543478,PodiumIR,95
1512725545564,Projector,On
1512725545564,Projector,On
1512725548509,Temperature_1,24.6
1512725548512,Humidity_1,11.682792089747695
1512725548515,Brightness_1,14.0
1512725548518,Temperature_2,24.37
1512725548523,Humidity_2,9.83299388073531
1512725548527,Brightness_2,110.0
1512725553484,Sound_P,65.8563679754536
1512725553488,PodiumIR,101
1512725554930,Temperature_1,24.6
1512725554933,Humidity_1,11.682792089747695
1512725554936,Brightness_1,14.0
1512725554939,Temperature_2,24.37
1512725554941,Humidity_2,9.83299388073531
1512725554944,Brightness_2,110.0
1512725557108,Projector,Off
1512725557108,Projector,Off
1512725561483,Temperature_1,24.6
1512725561487,Humidity_1,11.682792089747695
1512725561490,Brightness_1,14.0
1512725561492,Temperature_2,24.37
1512725561494,Humidity_2,9.83299388073531
1512725561496,Brightness_2,110.0
1512725563491,Sound_P,69.11838317407611
1512725563494,PodiumIR,82
1512725568034,Temperature_1,24.6
1512725568037,Humidity_1,11.682792089747695
1512725568040,Brightness_1,14.0
1512725568042,Temperature_2,24.37
1512725568045,Humidity_2,9.956313761336135
1512725568048,Brightness_2,104.0
1512725573500,Sound_P,65.24535518573873
1512725573503,PodiumIR,109
1512725574609,Temperature_1,24.6
1512725574611,Humidity_1,11.682792089747695
1512725574614,Brightness_1,14.0
1512725574616,Temperature_2,24.37
1512725574618,Humidity_2,9.956313761336135
1512725574620,Brightness_2,104.0
1512725581243,Temperature_1,24.6
1512725581246,Humidity_1,11.682792089747695
1512725581250,Brightness_1,14.0
1512725581252,Temperature_2,24.37
1512725581254,Humidity_2,9.956313761336135
1512725581256,Brightness_2,104.0
1512725583509,Sound_P,66.44593723960276
1512725583512,PodiumIR,107
1512725588105,Temperature_1,24.6
1512725588107,Humidity_1,11.682792089747695
1512725588111,Brightness_1,14.0
1512725588113,Temperature_2,24.37
1512725588115,Humidity_2,9.956313761336135
1512725588118,Brightness_2,104.0
1512725593515,Sound_P,66.44593723960276
1512725593518,PodiumIR,101
1512725594530,Temperature_1,24.6
1512725594533,Humidity_1,11.682792089747695
1512725594536,Brightness_1,14.0
1512725594539,Temperature_2,24.37
1512725594541,Humidity_2,9.956313761336135
1512725594544,Brightness_2,104.0
1512725601212,Temperature_1,24.6
1512725601215,Humidity_1,11.682792089747695
1512725601218,Brightness_1,14.0
1512725601220,Temperature_2,24.37
1512725601223,Humidity_2,9.956313761336135
1512725601225,Brightness_2,104.0
1512725603521,Sound_P,70.987085069563
1512725603524,PodiumIR,99
1512725607870,Temperature_1,24.6
1512725607872,Humidity_1,11.682792089747695
1512725607876,Brightness_1,14.0
1512725607878,Temperature_2,24.37
1512725607880,Humidity_2,9.956313761336135
1512725607883,Brightness_2,104.0
1512725613531,Sound_P,67.56641902255494
1512725613535,PodiumIR,108
1512725614430,Temperature_1,24.6
1512725614433,Humidity_1,11.682792089747695
1512725614436,Brightness_1,14.0
1512725614439,Temperature_2,24.37
1512725614441,Humidity_2,9.956313761336135
1512725614443,Brightness_2,104.0
1512725620838,Temperature_1,24.6
1512725620841,Humidity_1,11.682792089747695
1512725620844,Brightness_1,14.0
1512725620847,Temperature_2,24.37
1512725620849,Humidity_2,9.956313761336135
1512725620851,Brightness_2,104.0
1512725623540,Sound_P,65.24535518573873
1512725623544,PodiumIR,93
1512725627330,Temperature_1,24.6
1512725627333,Humidity_1,11.682792089747695
1512725627336,Brightness_1,14.0
1512725627339,Temperature_2,24.37
1512725627341,Humidity_2,9.956313761336135
1512725627343,Brightness_2,104.0
1512725633546,Sound_P,65.24535518573873
1512725633549,PodiumIR,101
1512725633981,Temperature_1,24.6
1512725633984,Humidity_1,11.682792089747695
1512725633988,Brightness_1,14.0
1512725633990,Temperature_2,24.37
1512725633992,Humidity_2,9.83299388073531
1512725633995,Brightness_2,104.0
1512725640444,Temperature_1,24.6
1512725640447,Humidity_1,11.682792089747695
1512725640450,Brightness_1,14.0
1512725640452,Temperature_2,24.37
1512725640454,Humidity_2,9.83299388073531
1512725640457,Brightness_2,104.0
1512725643552,Sound_P,66.44593723960276
1512725643555,PodiumIR,108
1512725646848,Temperature_1,24.6
1512725646851,Humidity_1,11.682792089747695
1512725646854,Brightness_1,14.0
1512725646856,Temperature_2,24.37
1512725646858,Humidity_2,9.83299388073531
1512725646861,Brightness_2,104.0
1512725653558,Sound_P,65.24535518573873
1512725653561,PodiumIR,110
1512725653582,Temperature_1,24.6
1512725653585,Humidity_1,11.682792089747695
1512725653589,Brightness_1,14.0
1512725653591,Temperature_2,24.37
1512725653594,Humidity_2,9.83299388073531
1512725653597,Brightness_2,104.0
1512725659601,Projector,Off
1512725659601,Projector,Off
1512725660299,Temperature_1,24.6
1512725660302,Humidity_1,11.682792089747695
1512725660306,Brightness_1,14.0
1512725660309,Temperature_2,24.37
1512725660311,Humidity_2,9.83299388073531
1512725660314,Brightness_2,104.0
1512725663564,Sound_P,67.01551720930587
1512725663568,PodiumIR,83
1512725666706,Temperature_1,24.6
1512725666709,Humidity_1,11.682792089747695
1512725666712,Brightness_1,14.0
1512725666714,Temperature_2,24.37
1512725666717,Humidity_2,9.83299388073531
1512725666720,Brightness_2,104.0
1512725673574,Sound_P,69.11838317407611
1512725673577,PodiumIR,114
1512725673602,Temperature_1,24.6
1512725673605,Humidity_1,11.682792089747695
1512725673608,Brightness_1,14.0
1512725673611,Temperature_2,24.37
1512725673613,Humidity_2,9.83299388073531
1512725673616,Brightness_2,104.0
1512725680267,Temperature_1,24.6
1512725680270,Humidity_1,11.682792089747695
1512725680273,Brightness_1,14.0
1512725680274,Temperature_2,24.37
1512725680276,Humidity_2,9.83299388073531
1512725680277,Brightness_2,104.0
1512725683580,Sound_P,65.24535518573873
1512725683583,PodiumIR,106
1512725686746,Temperature_1,24.6
1512725686749,Humidity_1,11.682792089747695
1512725686752,Brightness_1,14.0
1512725686754,Temperature_2,24.37
1512725686757,Humidity_2,9.83299388073531
1512725686760,Brightness_2,104.0
1512725687327,Projector,On
1512725687327,Projector,On
1512725693168,Temperature_1,24.6
1512725693171,Humidity_1,11.682792089747695
1512725693174,Brightness_1,14.0
1512725693176,Temperature_2,24.37
1512725693178,Humidity_2,9.83299388073531
1512725693181,Brightness_2,106.0
1512725693586,Sound_P,69.60540278108363
1512725693589,PodiumIR,107
1512725699978,Door,activate
1512725700032,Temperature_1,24.6
1512725700035,Humidity_1,11.682792089747695
1512725700037,Brightness_1,14.0
1512725700041,Temperature_2,24.37
1512725700044,Humidity_2,9.83299388073531
1512725700046,Brightness_2,106.0
1512725703591,Sound_P,67.01551720930587
1512725703595,PodiumIR,96
1512725706446,Temperature_1,24.49
1512725706450,Humidity_1,11.682792089747695
1512725706453,Brightness_1,15.0
1512725706456,Temperature_2,24.37
1512725706459,Humidity_2,9.83299388073531
1512725706461,Brightness_2,106.0
1512725712907,Temperature_1,24.49
1512725712910,Humidity_1,11.682792089747695
1512725712913,Brightness_1,15.0
1512725712915,Temperature_2,24.37
1512725712918,Humidity_2,9.83299388073531
1512725712920,Brightness_2,106.0
1512725713597,Sound_P,70.5390318503356
1512725713601,PodiumIR,100
1512725719589,Temperature_1,24.49
1512725719592,Humidity_1,11.682792089747695
1512725719595,Brightness_1,15.0
1512725719597,Temperature_2,24.37
1512725719600,Humidity_2,9.83299388073531
1512725719602,Brightness_2,106.0
1512725723603,Sound_P,63.26648240367583
1512725723607,PodiumIR,120
1512725726246,Temperature_1,24.49
1512725726249,Humidity_1,11.682792089747695
1512725726252,Brightness_1,15.0
1512725726254,Temperature_2,24.37
1512725726257,Humidity_2,9.83299388073531
1512725726260,Brightness_2,106.0
1512725732656,Temperature_1,24.49
1512725732659,Humidity_1,11.682792089747695
1512725732662,Brightness_1,15.0
1512725732664,Temperature_2,24.37
1512725732667,Humidity_2,9.83299388073531
1512725732670,Brightness_2,106.0
1512725733609,Sound_P,63.95233273361063
1512725733612,PodiumIR,98
1512725739364,Temperature_1,24.49
1512725739367,Humidity_1,11.682792089747695
1512725739370,Brightness_1,15.0
1512725739372,Temperature_2,24.37
1512725739375,Humidity_2,9.83299388073531
1512725739377,Brightness_2,106.0
1512725743615,Sound_P,70.0787016850011
1512725743619,PodiumIR,108
1512725745809,Temperature_1,24.49
1512725745811,Humidity_1,11.682792089747695
1512725745814,Brightness_1,15.0
1512725745817,Temperature_2,24.37
1512725745819,Humidity_2,9.83299388073531
1512725745821,Brightness_2,106.0
1512725752461,Temperature_1,24.49
1512725752464,Humidity_1,11.682792089747695
1512725752467,Brightness_1,15.0
1512725752470,Temperature_2,24.37
1512725752472,Humidity_2,9.83299388073531
1512725752474,Brightness_2,106.0
1512725753621,Sound_P,67.01551720930587
1512725753624,PodiumIR,110
1512725758868,Temperature_1,24.49
1512725758871,Humidity_1,11.682792089747695
1512725758874,Brightness_1,15.0
1512725758876,Temperature_2,24.37
1512725758878,Humidity_2,9.956313761336135
1512725758881,Brightness_2,106.0
1512725763628,Sound_P,68.0998289029382
1512725763632,PodiumIR,113
1512725765278,Temperature_1,24.49
1512725765281,Humidity_1,11.682792089747695
1512725765284,Brightness_1,15.0
1512725765287,Temperature_2,24.37
1512725765289,Humidity_2,9.956313761336135
1512725765291,Brightness_2,106.0
1512725772028,Temperature_1,24.49
1512725772031,Humidity_1,11.682792089747695
1512725772033,Brightness_1,15.0
1512725772036,Temperature_2,24.37
1512725772038,Humidity_2,9.956313761336135
1512725772041,Brightness_2,106.0
1512725773638,Sound_P,70.0787016850011
1512725773642,PodiumIR,98
1512725778471,Temperature_1,24.49
1512725778474,Humidity_1,11.682792089747695
1512725778477,Brightness_1,15.0
1512725778480,Temperature_2,24.37
1512725778482,Humidity_2,9.956313761336135
1512725778485,Brightness_2,106.0
1512725783646,Sound_P,73.45017003946069
1512725783649,PodiumIR,102
1512725784867,Temperature_1,24.49
1512725784870,Humidity_1,11.682792089747695
1512725784873,Brightness_1,15.0
1512725784875,Temperature_2,24.37
1512725784878,Humidity_2,9.956313761336135
1512725784880,Brightness_2,106.0
1512725786306,Door,activate
1512725791681,Temperature_1,24.49
1512725791684,Humidity_1,11.682792089747695
1512725791687,Brightness_1,15.0
1512725791689,Temperature_2,24.37
1512725791691,Humidity_2,9.956313761336135
1512725791694,Brightness_2,106.0
1512725793652,Sound_P,71.42349921662418
1512725793655,PodiumIR,106
1512725793834,Door,activate
1512725798337,Temperature_1,24.49
1512725798340,Humidity_1,11.682792089747695
1512725798343,Brightness_1,15.0
1512725798345,Temperature_2,24.37
1512725798348,Humidity_2,9.956313761336135
1512725798351,Brightness_2,106.0
1512725803658,Sound_P,65.8563679754536
1512725803662,PodiumIR,136
1512725804747,Temperature_1,24.49
1512725804750,Humidity_1,11.682792089747695
1512725804753,Brightness_1,15.0
1512725804756,Temperature_2,24.37
1512725804758,Humidity_2,9.956313761336135
1512725804761,Brightness_2,106.0
1512725811445,Temperature_1,24.49
1512725811448,Humidity_1,11.682792089747695
1512725811451,Brightness_1,15.0
1512725811453,Temperature_2,24.37
1512725811455,Humidity_2,9.956313761336135
1512725811458,Brightness_2,106.0
1512725813669,Sound_P,64.61127993529891
1512725813672,PodiumIR,89
1512725818101,Temperature_1,24.49
1512725818104,Humidity_1,11.682792089747695
1512725818107,Brightness_1,15.0
1512725818109,Temperature_2,24.37
1512725818111,Humidity_2,9.956313761336135
1512725818114,Brightness_2,106.0
1512725823679,Sound_P,72.66858725677886
1512725823682,PodiumIR,97
1512725824655,Temperature_1,24.49
1512725824657,Humidity_1,11.682792089747695
1512725824661,Brightness_1,15.0
1512725824663,Temperature_2,24.25
1512725824665,Humidity_2,9.83299388073531
1512725824669,Brightness_2,106.0
1512725831412,Temperature_1,24.49
1512725831415,Humidity_1,11.682792089747695
1512725831418,Brightness_1,15.0
1512725831421,Temperature_2,24.25
1512725831423,Humidity_2,9.83299388073531
1512725831427,Brightness_2,106.0
1512725833688,Sound_P,63.95233273361063
1512725833691,PodiumIR,95
1512725835433,Door,activate
1512725837799,Temperature_1,24.6
1512725837802,Humidity_1,11.682792089747695
1512725837805,Brightness_1,15.0
1512725837808,Temperature_2,24.25
1512725837810,Humidity_2,9.83299388073531
1512725837813,Brightness_2,106.0
1512725843697,Sound_P,63.95233273361063
1512725843700,PodiumIR,139
1512725844423,Temperature_1,24.6
1512725844426,Humidity_1,11.682792089747695
1512725844429,Brightness_1,15.0
1512725844432,Temperature_2,24.25
1512725844434,Humidity_2,9.83299388073531
1512725844437,Brightness_2,106.0
1512725850849,Temperature_1,24.6
1512725850852,Humidity_1,11.682792089747695
1512725850855,Brightness_1,15.0
1512725850857,Temperature_2,24.25
1512725850859,Humidity_2,9.83299388073531
1512725850862,Brightness_2,106.0
1512725853705,Sound_P,67.01551720930587
1512725853708,PodiumIR,78
1512725857524,Temperature_1,24.6
1512725857527,Humidity_1,11.682792089747695
1512725857530,Brightness_1,15.0
1512725857532,Temperature_2,24.25
1512725857535,Humidity_2,9.83299388073531
1512725857537,Brightness_2,106.0
1512725863714,Sound_P,63.95233273361063
1512725863717,PodiumIR,104
1512725864079,Temperature_1,24.6
1512725864082,Humidity_1,11.682792089747695
1512725864085,Brightness_1,15.0
1512725864088,Temperature_2,24.25
1512725864090,Humidity_2,9.83299388073531
1512725864093,Brightness_2,106.0
1512725870512,Temperature_1,24.6
1512725870515,Humidity_1,11.682792089747695
1512725870519,Brightness_1,15.0
1512725870524,Temperature_2,24.25
1512725870529,Humidity_2,9.83299388073531
1512725870531,Brightness_2,106.0
1512725873722,Sound_P,68.0998289029382
1512725873725,PodiumIR,114
1512725877187,Temperature_1,24.6
1512725877189,Humidity_1,11.682792089747695
1512725877192,Brightness_1,15.0
1512725877195,Temperature_2,24.25
1512725877197,Humidity_2,9.83299388073531
1512725877200,Brightness_2,106.0
1512725883642,Temperature_1,24.6
1512725883645,Humidity_1,11.682792089747695
1512725883648,Brightness_1,15.0
1512725883651,Temperature_2,24.25
1512725883653,Humidity_2,9.83299388073531
1512725883655,Brightness_2,109.0
1512725883728,Sound_P,67.01551720930587
1512725883732,PodiumIR,98
1512725890089,Temperature_1,24.6
1512725890092,Humidity_1,11.682792089747695
1512725890095,Brightness_1,15.0
1512725890097,Temperature_2,24.25
1512725890099,Humidity_2,9.83299388073531
1512725890102,Brightness_2,109.0
1512725893734,Sound_P,70.987085069563
1512725893737,PodiumIR,98
1512725896510,Temperature_1,24.6
1512725896513,Humidity_1,11.55947220914687
1512725896516,Brightness_1,14.0
1512725896520,Temperature_2,24.25
1512725896524,Humidity_2,9.83299388073531
1512725896526,Brightness_2,109.0
1512725903194,Temperature_1,24.6
1512725903197,Humidity_1,11.55947220914687
1512725903200,Brightness_1,14.0
1512725903202,Temperature_2,24.25
1512725903205,Humidity_2,9.83299388073531
1512725903207,Brightness_2,109.0
1512725903740,Sound_P,67.56641902255494
1512725903743,PodiumIR,93
1512725909602,Temperature_1,24.6
1512725909605,Humidity_1,11.55947220914687
1512725909608,Brightness_1,14.0
1512725909610,Temperature_2,24.25
1512725909613,Humidity_2,9.83299388073531
1512725909615,Brightness_2,109.0
1512725913746,Sound_P,63.26648240367583
1512725913749,PodiumIR,88
1512725916310,Temperature_1,24.6
1512725916313,Humidity_1,11.55947220914687
1512725916315,Brightness_1,14.0
1512725916318,Temperature_2,24.25
1512725916320,Humidity_2,9.83299388073531
1512725916322,Brightness_2,109.0
1512725922758,Temperature_1,24.6
1512725922761,Humidity_1,11.55947220914687
1512725922764,Brightness_1,14.0
1512725922766,Temperature_2,24.25
1512725922768,Humidity_2,9.83299388073531
1512725922771,Brightness_2,109.0
1512725923753,Sound_P,67.56641902255494
1512725923756,PodiumIR,100
1512725929213,Temperature_1,24.6
1512725929216,Humidity_1,11.55947220914687
1512725929219,Brightness_1,14.0
1512725929221,Temperature_2,24.25
1512725929223,Humidity_2,9.83299388073531
1512725929225,Brightness_2,109.0
1512725933762,Sound_P,70.0787016850011
1512725933765,PodiumIR,78
1512725935660,Temperature_1,24.6
1512725935663,Humidity_1,11.55947220914687
1512725935666,Brightness_1,14.0
1512725935668,Temperature_2,24.25
1512725935670,Humidity_2,9.83299388073531
1512725935673,Brightness_2,109.0
1512725942313,Temperature_1,24.6
1512725942316,Humidity_1,11.55947220914687
1512725942319,Brightness_1,14.0
1512725942322,Temperature_2,24.25
1512725942324,Humidity_2,9.83299388073531
1512725942326,Brightness_2,109.0
1512725943769,Sound_P,65.24535518573873
1512725943772,PodiumIR,101
1512725948719,Temperature_1,24.6
1512725948722,Humidity_1,11.55947220914687
1512725948725,Brightness_1,14.0
1512725948727,Temperature_2,24.25
1512725948729,Humidity_2,9.83299388073531
1512725948732,Brightness_2,104.0
1512725953778,Sound_P,69.11838317407611
1512725953781,PodiumIR,107
1512725955423,Temperature_1,24.6
1512725955426,Humidity_1,11.55947220914687
1512725955429,Brightness_1,14.0
1512725955431,Temperature_2,24.25
1512725955433,Humidity_2,9.83299388073531
1512725955435,Brightness_2,104.0
1512725962078,Temperature_1,24.49
1512725962080,Humidity_1,11.55947220914687
1512725962083,Brightness_1,14.0
1512725962085,Temperature_2,24.25
1512725962087,Humidity_2,9.83299388073531
1512725962089,Brightness_2,104.0
1512725963787,Sound_P,65.24535518573873
1512725963790,PodiumIR,93
1512725968509,Temperature_1,24.49
1512725968512,Humidity_1,11.55947220914687
1512725968515,Brightness_1,14.0
1512725968519,Temperature_2,24.25
1512725968522,Humidity_2,9.83299388073531
1512725968525,Brightness_2,104.0
1512725973796,Sound_P,64.61127993529891
1512725973806,PodiumIR,108
1512725974932,Temperature_1,24.49
1512725974935,Humidity_1,11.55947220914687
1512725974939,Brightness_1,14.0
1512725974941,Temperature_2,24.25
1512725974943,Humidity_2,9.83299388073531
1512725974945,Brightness_2,104.0
1512725981640,Temperature_1,24.49
1512725981642,Humidity_1,11.55947220914687
1512725981646,Brightness_1,14.0
1512725981649,Temperature_2,24.25
1512725981651,Humidity_2,9.83299388073531
1512725981654,Brightness_2,104.0
1512725983811,Sound_P,67.56641902255494
1512725983814,PodiumIR,103
1512725988087,Temperature_1,24.49
1512725988090,Humidity_1,11.55947220914687
1512725988094,Brightness_1,14.0
1512725988096,Temperature_2,24.25
1512725988098,Humidity_2,9.83299388073531
1512725988102,Brightness_2,104.0
1512725993820,Sound_P,71.84886370856825
1512725993823,PodiumIR,101
1512725994509,Temperature_1,24.49
1512725994511,Humidity_1,11.55947220914687
1512725994514,Brightness_1,14.0
1512725994517,Temperature_2,24.25
1512725994519,Humidity_2,9.83299388073531
1512725994521,Brightness_2,104.0
1512726001197,Temperature_1,24.49
1512726001200,Humidity_1,11.55947220914687
1512726001203,Brightness_1,14.0
1512726001206,Temperature_2,24.25
1512726001208,Humidity_2,9.83299388073531
1512726001212,Brightness_2,104.0
1512726003826,Sound_P,68.0998289029382
1512726003829,PodiumIR,102
1512726007611,Temperature_1,24.49
1512726007614,Humidity_1,11.55947220914687
1512726007618,Brightness_1,14.0
1512726007620,Temperature_2,24.25
1512726007622,Humidity_2,9.83299388073531
1512726007624,Brightness_2,104.0
1512726013832,Sound_P,70.0787016850011
1512726013835,PodiumIR,101
1512726014300,Temperature_1,24.49
1512726014303,Humidity_1,11.55947220914687
1512726014306,Brightness_1,14.0
1512726014309,Temperature_2,24.25
1512726014312,Humidity_2,9.83299388073531
1512726014316,Brightness_2,108.0
1512726020720,Temperature_1,24.49
1512726020723,Humidity_1,11.55947220914687
1512726020727,Brightness_1,14.0
1512726020729,Temperature_2,24.25
1512726020731,Humidity_2,9.83299388073531
1512726020734,Brightness_2,108.0
1512726023838,Sound_P,67.01551720930587
1512726023841,PodiumIR,87
1512726027410,Temperature_1,24.49
1512726027413,Humidity_1,11.55947220914687
1512726027416,Brightness_1,14.0
1512726027419,Temperature_2,24.25
1512726027421,Humidity_2,9.83299388073531
1512726027423,Brightness_2,108.0
1512726033844,Sound_P,71.84886370856825
1512726033847,PodiumIR,113
1512726033861,Temperature_1,24.49
1512726033864,Humidity_1,11.55947220914687
1512726033868,Brightness_1,14.0
1512726033870,Temperature_2,24.25
1512726033883,Humidity_2,9.83299388073531
1512726033885,Brightness_2,108.0
1512726040320,Temperature_1,24.49
1512726040329,Humidity_1,11.55947220914687
1512726040333,Brightness_1,14.0
1512726040337,Temperature_2,24.25
1512726040342,Humidity_2,9.83299388073531
1512726040345,Brightness_2,108.0
1512726043852,Sound_P,71.84886370856825
1512726043855,PodiumIR,103
1512726046782,Temperature_1,24.49
1512726046784,Humidity_1,11.55947220914687
1512726046788,Brightness_1,14.0
1512726046791,Temperature_2,24.25
1512726046793,Humidity_2,9.83299388073531
1512726046796,Brightness_2,108.0
1512726053217,Temperature_1,24.49
1512726053220,Humidity_1,11.55947220914687
1512726053224,Brightness_1,14.0
1512726053227,Temperature_2,24.25
1512726053232,Humidity_2,9.83299388073531
1512726053235,Brightness_2,108.0
1512726053861,Sound_P,63.26648240367583
1512726053865,PodiumIR,76
1512726059645,Temperature_1,24.49
1512726059648,Humidity_1,11.55947220914687
1512726059650,Brightness_1,14.0
1512726059652,Temperature_2,24.25
1512726059654,Humidity_2,9.83299388073531
1512726059656,Brightness_2,108.0
1512726063867,Sound_P,70.5390318503356
1512726063871,PodiumIR,105
1512726066121,Temperature_1,24.49
1512726066124,Humidity_1,11.55947220914687
1512726066128,Brightness_1,14.0
1512726066131,Temperature_2,24.25
1512726066135,Humidity_2,9.83299388073531
1512726066139,Brightness_2,108.0
1512726072552,Temperature_1,24.49
1512726072556,Humidity_1,11.55947220914687
1512726072560,Brightness_1,14.0
1512726072563,Temperature_2,24.25
1512726072566,Humidity_2,9.83299388073531
1512726072569,Brightness_2,113.0
1512726073873,Sound_P,64.61127993529891
1512726073877,PodiumIR,95
1512726079226,Temperature_1,24.49
1512726079232,Humidity_1,11.55947220914687
1512726079236,Brightness_1,14.0
1512726079240,Temperature_2,24.25
1512726079242,Humidity_2,9.83299388073531
1512726079247,Brightness_2,113.0
1512726083879,Sound_P,72.66858725677886
1512726083882,PodiumIR,94
1512726085675,Temperature_1,24.49
1512726085679,Humidity_1,11.55947220914687
1512726085683,Brightness_1,14.0
1512726085685,Temperature_2,24.25
1512726085690,Humidity_2,9.83299388073531
1512726085693,Brightness_2,113.0
1512726092334,Temperature_1,24.49
1512726092337,Humidity_1,11.55947220914687
1512726092341,Brightness_1,15.0
1512726092344,Temperature_2,24.25
1512726092349,Humidity_2,9.83299388073531
1512726092352,Brightness_2,113.0
1512726093885,Sound_P,73.82773649063114
1512726093888,PodiumIR,103
1512726098750,Temperature_1,24.49
1512726098753,Humidity_1,11.55947220914687
1512726098760,Brightness_1,15.0
1512726098763,Temperature_2,24.25
1512726098766,Humidity_2,9.83299388073531
1512726098771,Brightness_2,113.0
1512726103891,Sound_P,70.987085069563
1512726103894,PodiumIR,103
1512726105335,Temperature_1,24.49
1512726105338,Humidity_1,11.55947220914687
1512726105342,Brightness_1,15.0
1512726105345,Temperature_2,24.25
1512726105350,Humidity_2,9.83299388073531
1512726105353,Brightness_2,113.0
1512726111799,Temperature_1,24.49
1512726111803,Humidity_1,11.55947220914687
1512726111806,Brightness_1,15.0
1512726111808,Temperature_2,24.25
1512726111812,Humidity_2,9.83299388073531
1512726111817,Brightness_2,113.0
1512726113897,Sound_P,68.0998289029382
1512726113900,PodiumIR,109
1512726118446,Temperature_1,24.49
1512726118449,Humidity_1,11.55947220914687
1512726118453,Brightness_1,15.0
1512726118456,Temperature_2,24.25
1512726118461,Humidity_2,9.83299388073531
1512726118464,Brightness_2,113.0
1512726123903,Sound_P,73.06392314376754
1512726123906,PodiumIR,102
1512726124850,Temperature_1,24.49
1512726124853,Humidity_1,11.55947220914687
1512726124856,Brightness_1,15.0
1512726124858,Temperature_2,24.25
1512726124862,Humidity_2,9.83299388073531
1512726124865,Brightness_2,113.0
1512726131554,Temperature_1,24.49
1512726131557,Humidity_1,11.55947220914687
1512726131561,Brightness_1,15.0
1512726131563,Temperature_2,24.25
1512726131567,Humidity_2,9.83299388073531
1512726131571,Brightness_2,113.0
1512726133909,Sound_P,69.11838317407611
1512726133912,PodiumIR,105
1512726138014,Temperature_1,24.49
1512726138017,Humidity_1,11.55947220914687
1512726138021,Brightness_1,15.0
1512726138023,Temperature_2,24.25
1512726138029,Humidity_2,9.83299388073531
1512726138032,Brightness_2,106.0
1512726143915,Sound_P,68.61682354019833
1512726143918,PodiumIR,79
1512726144592,Temperature_1,24.49
1512726144595,Humidity_1,11.55947220914687
1512726144599,Brightness_1,15.0
1512726144601,Temperature_2,24.25
1512726144605,Humidity_2,9.83299388073531
1512726144609,Brightness_2,106.0
1512726151010,Temperature_1,24.49
1512726151012,Humidity_1,11.55947220914687
1512726151016,Brightness_1,15.0
1512726151018,Temperature_2,24.25
1512726151020,Humidity_2,9.83299388073531
1512726151024,Brightness_2,106.0
1512726153921,Sound_P,72.26372429269907
1512726153924,PodiumIR,105
1512726157463,Temperature_1,24.49
1512726157469,Humidity_1,11.55947220914687
1512726157472,Brightness_1,15.0
1512726157479,Temperature_2,24.25
1512726157482,Humidity_2,9.83299388073531
1512726157490,Brightness_2,106.0
1512726163926,Sound_P,65.8563679754536
1512726163929,PodiumIR,100
1512726163945,Temperature_1,24.49
1512726163952,Humidity_1,11.55947220914687
1512726163959,Brightness_1,15.0
1512726163963,Temperature_2,24.25
1512726163970,Humidity_2,9.83299388073531
1512726163973,Brightness_2,106.0
1512726170511,Temperature_1,24.49
1512726170514,Humidity_1,11.55947220914687
1512726170517,Brightness_1,15.0
1512726170520,Temperature_2,24.25
1512726170523,Humidity_2,9.83299388073531
1512726170525,Brightness_2,106.0
1512726173937,Sound_P,68.61682354019833
1512726173940,PodiumIR,110
1512726177224,Temperature_1,24.49
1512726177228,Humidity_1,11.55947220914687
1512726177231,Brightness_1,15.0
1512726177233,Temperature_2,24.25
1512726177235,Humidity_2,9.83299388073531
1512726177238,Brightness_2,106.0
1512726183880,Temperature_1,24.49
1512726183883,Humidity_1,11.55947220914687
1512726183887,Brightness_1,15.0
1512726183889,Temperature_2,24.25
1512726183891,Humidity_2,9.83299388073531
1512726183893,Brightness_2,106.0
1512726183948,Sound_P,65.8563679754536
1512726183951,PodiumIR,99
1512726190332,Temperature_1,24.49
1512726190335,Humidity_1,11.55947220914687
1512726190338,Brightness_1,15.0
1512726190340,Temperature_2,24.25
1512726190342,Humidity_2,9.83299388073531
1512726190344,Brightness_2,106.0
1512726193953,Sound_P,63.26648240367583
1512726193956,PodiumIR,112
1512726196742,Temperature_1,24.49
1512726196745,Humidity_1,11.55947220914687
1512726196748,Brightness_1,15.0
1512726196751,Temperature_2,24.25
1512726196753,Humidity_2,9.83299388073531
1512726196756,Brightness_2,106.0
1512726203439,Temperature_1,24.49
1512726203442,Humidity_1,11.55947220914687
1512726203445,Brightness_1,15.0
1512726203447,Temperature_2,24.25
1512726203450,Humidity_2,9.83299388073531
1512726203452,Brightness_2,109.0
1512726203963,Sound_P,64.61127993529891
1512726203966,PodiumIR,110
1512726209841,Temperature_1,24.49
1512726209844,Humidity_1,11.55947220914687
1512726209847,Brightness_1,15.0
1512726209850,Temperature_2,24.25
1512726209852,Humidity_2,9.83299388073531
1512726209855,Brightness_2,109.0
1512726213972,Sound_P,64.61127993529891
1512726213981,PodiumIR,90
1512726216513,Temperature_1,24.49
1512726216516,Humidity_1,11.55947220914687
1512726216520,Brightness_1,14.0
1512726216523,Temperature_2,24.25
1512726216525,Humidity_2,9.83299388073531
1512726216527,Brightness_2,109.0
1512726222999,Temperature_1,24.49
1512726223002,Humidity_1,11.55947220914687
1512726223005,Brightness_1,14.0
1512726223007,Temperature_2,24.25
1512726223009,Humidity_2,9.83299388073531
1512726223011,Brightness_2,109.0
1512726223984,Sound_P,70.5390318503356
1512726223988,PodiumIR,102
1512726229655,Temperature_1,24.49
1512726229658,Humidity_1,11.55947220914687
1512726229661,Brightness_1,14.0
1512726229663,Temperature_2,24.25
1512726229665,Humidity_2,9.83299388073531
1512726229668,Brightness_2,109.0
1512726233994,Sound_P,66.44593723960276
1512726233998,PodiumIR,109
1512726236105,Temperature_1,24.49
1512726236108,Humidity_1,11.55947220914687
1512726236112,Brightness_1,14.0
1512726236114,Temperature_2,24.25
1512726236117,Humidity_2,9.83299388073531
1512726236120,Brightness_2,109.0
1512726242533,Temperature_1,24.49
1512726242536,Humidity_1,11.55947220914687
1512726242539,Brightness_1,14.0
1512726242541,Temperature_2,24.25
1512726242543,Humidity_2,9.83299388073531
1512726242546,Brightness_2,109.0
1512726244004,Sound_P,71.84886370856825
1512726244007,PodiumIR,108
1512726248941,Temperature_1,24.49
1512726248944,Humidity_1,11.55947220914687
1512726248947,Brightness_1,14.0
1512726248950,Temperature_2,24.25
1512726248952,Humidity_2,9.83299388073531
1512726248955,Brightness_2,109.0
1512726254014,Sound_P,69.60540278108363
1512726254018,PodiumIR,100
1512726255350,Temperature_1,24.49
1512726255353,Humidity_1,11.55947220914687
1512726255356,Brightness_1,14.0
1512726255359,Temperature_2,24.25
1512726255361,Humidity_2,9.83299388073531
1512726255364,Brightness_2,109.0
1512726262218,Temperature_1,24.49
1512726262221,Humidity_1,11.55947220914687
1512726262224,Brightness_1,14.0
1512726262226,Temperature_2,24.25
1512726262229,Humidity_2,9.83299388073531
1512726262231,Brightness_2,109.0
1512726264021,Sound_P,70.0787016850011
1512726264025,PodiumIR,110
1512726268612,Temperature_1,24.49
1512726268614,Humidity_1,11.55947220914687
1512726268618,Brightness_1,14.0
1512726268621,Temperature_2,24.25
1512726268623,Humidity_2,9.83299388073531
1512726268625,Brightness_2,110.0
1512726274031,Sound_P,66.44593723960276
1512726274066,PodiumIR,102
1512726275322,Temperature_1,24.49
1512726275325,Humidity_1,11.55947220914687
1512726275328,Brightness_1,14.0
1512726275331,Temperature_2,24.25
1512726275333,Humidity_2,9.83299388073531
1512726275335,Brightness_2,110.0
1512726281979,Temperature_1,24.49
1512726281982,Humidity_1,11.55947220914687
1512726281985,Brightness_1,14.0
1512726281987,Temperature_2,24.25
1512726281989,Humidity_2,9.83299388073531
1512726281992,Brightness_2,110.0
1512726284069,Sound_P,70.0787016850011
1512726284073,PodiumIR,99
1512726288440,Temperature_1,24.49
1512726288443,Humidity_1,11.55947220914687
1512726288446,Brightness_1,14.0
1512726288449,Temperature_2,24.25
1512726288451,Humidity_2,9.83299388073531
1512726288453,Brightness_2,110.0
1512726294079,Sound_P,63.26648240367583
1512726294083,PodiumIR,88
1512726294850,Temperature_1,24.49
1512726294853,Humidity_1,11.55947220914687
1512726294856,Brightness_1,14.0
1512726294859,Temperature_2,24.25
1512726294861,Humidity_2,9.83299388073531
1512726294863,Brightness_2,110.0
1512726301538,Temperature_1,24.49
1512726301541,Humidity_1,11.55947220914687
1512726301544,Brightness_1,14.0
1512726301549,Temperature_2,24.25
1512726301553,Humidity_2,9.83299388073531
1512726301555,Brightness_2,110.0
1512726304089,Sound_P,65.24535518573873
1512726304092,PodiumIR,101
1512726308096,Temperature_1,24.49
1512726308099,Humidity_1,11.55947220914687
1512726308102,Brightness_1,14.0
1512726308105,Temperature_2,24.25
1512726308107,Humidity_2,9.83299388073531
1512726308109,Brightness_2,110.0
1512726314098,Sound_P,68.0998289029382
1512726314101,PodiumIR,97
1512726314509,Temperature_1,24.49
1512726314512,Humidity_1,11.55947220914687
1512726314515,Brightness_1,14.0
1512726314518,Temperature_2,24.25
1512726314520,Humidity_2,9.83299388073531
1512726314523,Brightness_2,110.0
1512726321198,Temperature_1,24.49
1512726321201,Humidity_1,11.55947220914687
1512726321204,Brightness_1,14.0
1512726321207,Temperature_2,24.25
1512726321209,Humidity_2,9.83299388073531
1512726321212,Brightness_2,110.0
1512726324109,Sound_P,70.0787016850011
1512726324113,PodiumIR,112
1512726327391,Door,activate
1512726327665,Temperature_1,24.49
1512726327668,Humidity_1,11.55947220914687
1512726327671,Brightness_1,14.0
1512726327674,Temperature_2,24.25
1512726327676,Humidity_2,9.83299388073531
1512726327678,Brightness_2,110.0
1512726327934,Door,activate
1512726334119,Sound_P,65.8563679754536
1512726334122,PodiumIR,103
1512726334150,Temperature_1,24.49
1512726334153,Humidity_1,11.55947220914687
1512726334156,Brightness_1,14.0
1512726334159,Temperature_2,24.25
1512726334161,Humidity_2,9.83299388073531
1512726334163,Brightness_2,110.0
1512726340548,Temperature_1,24.49
1512726340551,Humidity_1,11.55947220914687
1512726340554,Brightness_1,14.0
1512726340557,Temperature_2,24.25
1512726340559,Humidity_2,9.83299388073531
1512726340562,Brightness_2,110.0
1512726344129,Sound_P,64.61127993529891
1512726344133,PodiumIR,94
1512726347004,Temperature_1,24.49
1512726347007,Humidity_1,11.55947220914687
1512726347010,Brightness_1,14.0
1512726347012,Temperature_2,24.25
1512726347014,Humidity_2,9.83299388073531
1512726347017,Brightness_2,110.0
1512726353459,Temperature_1,24.49
1512726353462,Humidity_1,11.55947220914687
1512726353465,Brightness_1,14.0
1512726353467,Temperature_2,24.25
1512726353469,Humidity_2,9.83299388073531
1512726353472,Brightness_2,110.0
1512726354139,Sound_P,70.5390318503356
1512726354142,PodiumIR,102
1512726359890,Temperature_1,24.49
1512726359893,Humidity_1,11.55947220914687
1512726359896,Brightness_1,14.0
1512726359898,Temperature_2,24.25
1512726359901,Humidity_2,9.83299388073531
1512726359904,Brightness_2,110.0
1512726364149,Sound_P,70.5390318503356
1512726364153,PodiumIR,88
1512726366509,Temperature_1,24.49
1512726366512,Humidity_1,11.55947220914687
1512726366515,Brightness_1,14.0
1512726366518,Temperature_2,24.25
1512726366520,Humidity_2,9.83299388073531
1512726366522,Brightness_2,110.0
1512726373224,Temperature_1,24.49
1512726373227,Humidity_1,11.55947220914687
1512726373230,Brightness_1,14.0
1512726373233,Temperature_2,24.25
1512726373235,Humidity_2,9.83299388073531
1512726373237,Brightness_2,110.0
1512726374159,Sound_P,64.61127993529891
1512726374162,PodiumIR,119
1512726379669,Temperature_1,24.49
1512726379672,Humidity_1,11.55947220914687
1512726379675,Brightness_1,14.0
1512726379678,Temperature_2,24.25
1512726379680,Humidity_2,9.83299388073531
1512726379683,Brightness_2,110.0
1512726384168,Sound_P,66.44593723960276
1512726384172,PodiumIR,101
1512726385327,Door,activate
1512726386428,Temperature_1,24.49
1512726386431,Humidity_1,11.55947220914687
1512726386434,Brightness_1,14.0
1512726386436,Temperature_2,24.25
1512726386439,Humidity_2,9.83299388073531
1512726386441,Brightness_2,110.0
1512726387487,Door,activate
1512726388118,Door,activate
1512726392830,Temperature_1,24.49
1512726392833,Humidity_1,11.55947220914687
1512726392836,Brightness_1,14.0
1512726392839,Temperature_2,24.25
1512726392841,Humidity_2,9.83299388073531
1512726392843,Brightness_2,113.0
1512726393543,Door,activate
1512726394178,Sound_P,65.8563679754536
1512726394181,PodiumIR,102
1512726395656,Door,activate
1512726397076,Door,activate
1512726399260,Temperature_1,24.49
1512726399263,Humidity_1,11.55947220914687
1512726399267,Brightness_1,14.0
1512726399269,Temperature_2,24.25
1512726399271,Humidity_2,9.83299388073531
1512726399273,Brightness_2,113.0
1512726400763,Door,activate
1512726404184,Sound_P,69.60540278108363
1512726404196,PodiumIR,112
1512726404940,Door,activate
1512726405676,Temperature_1,24.49
1512726405679,Humidity_1,11.55947220914687
1512726405682,Brightness_1,14.0
1512726405685,Temperature_2,24.25
1512726405687,Humidity_2,9.83299388073531
1512726405690,Brightness_2,113.0
1512726412130,Temperature_1,24.49
1512726412133,Humidity_1,11.55947220914687
1512726412137,Brightness_1,14.0
1512726412139,Temperature_2,24.25
1512726412141,Humidity_2,9.83299388073531
1512726412143,Brightness_2,113.0
1512726414202,Sound_P,71.42349921662418
1512726414205,PodiumIR,109
1512726418531,Temperature_1,24.49
1512726418534,Humidity_1,11.55947220914687
1512726418538,Brightness_1,14.0
1512726418540,Temperature_2,24.25
1512726418542,Humidity_2,9.83299388073531
1512726418544,Brightness_2,113.0
1512726424212,Sound_P,67.01551720930587
1512726424223,PodiumIR,101
1512726425237,Temperature_1,24.49
1512726425240,Humidity_1,11.55947220914687
1512726425244,Brightness_1,14.0
1512726425246,Temperature_2,24.25
1512726425248,Humidity_2,9.83299388073531
1512726425251,Brightness_2,113.0
1512726431690,Temperature_1,24.49
1512726431693,Humidity_1,11.55947220914687
1512726431697,Brightness_1,14.0
1512726431699,Temperature_2,24.25
1512726431701,Humidity_2,9.83299388073531
1512726431705,Brightness_2,113.0
1512726434233,Sound_P,65.8563679754536
1512726434236,PodiumIR,94
1512726438145,Temperature_1,24.49
1512726438148,Humidity_1,11.55947220914687
1512726438151,Brightness_1,14.0
1512726438154,Temperature_2,24.25
1512726438156,Humidity_2,9.83299388073531
1512726438159,Brightness_2,113.0
1512726444242,Sound_P,68.61682354019833
1512726444245,PodiumIR,101
1512726444559,Temperature_1,24.49
1512726444562,Humidity_1,11.55947220914687
1512726444565,Brightness_1,14.0
1512726444567,Temperature_2,24.25
1512726444569,Humidity_2,9.83299388073531
1512726444571,Brightness_2,113.0
1512726451248,Temperature_1,24.49
1512726451251,Humidity_1,11.55947220914687
1512726451254,Brightness_1,14.0
1512726451256,Temperature_2,24.25
1512726451258,Humidity_2,9.83299388073531
1512726451261,Brightness_2,113.0
1512726454249,Sound_P,64.61127993529891
1512726454252,PodiumIR,83
1512726457700,Temperature_1,24.49
1512726457702,Humidity_1,11.55947220914687
1512726457706,Brightness_1,14.0
1512726457708,Temperature_2,24.25
1512726457710,Humidity_2,9.83299388073531
1512726457713,Brightness_2,104.0
1512726464150,Temperature_1,24.49
1512726464153,Humidity_1,11.55947220914687
1512726464157,Brightness_1,14.0
1512726464159,Temperature_2,24.25
1512726464162,Humidity_2,9.83299388073531
1512726464165,Brightness_2,104.0
1512726464255,Sound_P,69.60540278108363
1512726464259,PodiumIR,129
1512726470569,Temperature_1,24.49
1512726470572,Humidity_1,11.55947220914687
1512726470576,Brightness_1,15.0
1512726470578,Temperature_2,24.25
1512726470581,Humidity_2,9.83299388073531
1512726470585,Brightness_2,104.0
1512726474265,Sound_P,69.11838317407611
1512726474268,PodiumIR,108
1512726477258,Temperature_1,24.49
1512726477261,Humidity_1,11.55947220914687
1512726477264,Brightness_1,15.0
1512726477267,Temperature_2,24.25
1512726477269,Humidity_2,9.83299388073531
1512726477273,Brightness_2,104.0
1512726483914,Temperature_1,24.49
1512726483917,Humidity_1,11.55947220914687
1512726483921,Brightness_1,15.0
1512726483923,Temperature_2,24.25
1512726483925,Humidity_2,9.83299388073531
1512726483928,Brightness_2,104.0
1512726484274,Sound_P,71.42349921662418
1512726484278,PodiumIR,95
1512726490509,Temperature_1,24.49
1512726490512,Humidity_1,11.55947220914687
1512726490516,Brightness_1,15.0
1512726490519,Temperature_2,24.25
1512726490521,Humidity_2,9.83299388073531
1512726490524,Brightness_2,104.0
1512726494282,Sound_P,68.0998289029382
1512726494287,PodiumIR,102
1512726497226,Temperature_1,24.49
1512726497229,Humidity_1,11.55947220914687
1512726497233,Brightness_1,15.0
1512726497235,Temperature_2,24.25
1512726497237,Humidity_2,9.83299388073531
1512726497242,Brightness_2,104.0
1512726503682,Temperature_1,24.49
1512726503684,Humidity_1,11.55947220914687
1512726503689,Brightness_1,15.0
1512726503691,Temperature_2,24.25
1512726503693,Humidity_2,9.83299388073531
1512726503697,Brightness_2,104.0
1512726504291,Sound_P,67.01551720930587
1512726504295,PodiumIR,115
1512726510079,Temperature_1,24.49
1512726510082,Humidity_1,11.55947220914687
1512726510086,Brightness_1,15.0
1512726510088,Temperature_2,24.25
1512726510090,Humidity_2,9.83299388073531
1512726510094,Brightness_2,104.0
1512726514300,Sound_P,68.0998289029382
1512726514304,PodiumIR,110
1512726516521,Temperature_1,24.49
1512726516524,Humidity_1,11.55947220914687
1512726516528,Brightness_1,15.0
1512726516530,Temperature_2,24.25
1512726516532,Humidity_2,9.83299388073531
1512726516534,Brightness_2,109.0
1512726523240,Temperature_1,24.49
1512726523244,Humidity_1,11.55947220914687
1512726523247,Brightness_1,15.0
1512726523250,Temperature_2,24.25
1512726523252,Humidity_2,9.83299388073531
1512726523256,Brightness_2,109.0
1512726524309,Sound_P,72.66858725677886
1512726524313,PodiumIR,105
1512726529797,Temperature_1,24.49
1512726529800,Humidity_1,11.55947220914687
1512726529804,Brightness_1,15.0
1512726529806,Temperature_2,24.25
1512726529808,Humidity_2,9.83299388073531
1512726529811,Brightness_2,109.0
1512726534318,Sound_P,70.5390318503356
1512726534322,PodiumIR,143
1512726536241,Temperature_1,24.49
1512726536244,Humidity_1,11.55947220914687
1512726536248,Brightness_1,14.0
1512726536251,Temperature_2,24.25
1512726536253,Humidity_2,9.83299388073531
1512726536257,Brightness_2,109.0
1512726542669,Temperature_1,24.49
1512726542672,Humidity_1,11.55947220914687
1512726542676,Brightness_1,14.0
1512726542678,Temperature_2,24.25
1512726542680,Humidity_2,9.83299388073531
1512726542683,Brightness_2,109.0
1512726544326,Sound_P,70.987085069563
1512726544330,PodiumIR,97
1512726549348,Temperature_1,24.49
1512726549351,Humidity_1,11.55947220914687
1512726549355,Brightness_1,14.0
1512726549357,Temperature_2,24.25
1512726549359,Humidity_2,9.83299388073531
1512726549362,Brightness_2,109.0
1512726554335,Sound_P,64.61127993529891
1512726554338,PodiumIR,101
1512726556107,Temperature_1,24.49
1512726556110,Humidity_1,11.55947220914687
1512726556113,Brightness_1,14.0
1512726556114,Temperature_2,24.25
1512726556126,Humidity_2,9.83299388073531
1512726556129,Brightness_2,109.0
1512726562528,Temperature_1,24.49
1512726562531,Humidity_1,11.55947220914687
1512726562535,Brightness_1,14.0
1512726562537,Temperature_2,24.25
1512726562539,Humidity_2,9.83299388073531
1512726562542,Brightness_2,109.0
1512726564344,Sound_P,70.5390318503356
1512726564348,PodiumIR,101
1512726569215,Temperature_1,24.49
1512726569218,Humidity_1,11.55947220914687
1512726569221,Brightness_1,14.0
1512726569224,Temperature_2,24.25
1512726569226,Humidity_2,9.83299388073531
1512726569229,Brightness_2,109.0
1512726574352,Sound_P,63.95233273361063
1512726574356,PodiumIR,99
1512726575667,Temperature_1,24.49
1512726575670,Humidity_1,11.55947220914687
1512726575673,Brightness_1,14.0
1512726575675,Temperature_2,24.25
1512726575678,Humidity_2,9.83299388073531
1512726575681,Brightness_2,109.0
1512726582117,Temperature_1,24.49
1512726582120,Humidity_1,11.55947220914687
1512726582123,Brightness_1,14.0
1512726582125,Temperature_2,24.25
1512726582128,Humidity_2,9.83299388073531
1512726582130,Brightness_2,113.0
1512726584359,Sound_P,68.0998289029382
1512726584363,PodiumIR,101
1512726588528,Temperature_1,24.49
1512726588531,Humidity_1,11.55947220914687
1512726588533,Brightness_1,14.0
1512726588535,Temperature_2,24.25
1512726588538,Humidity_2,9.83299388073531
1512726588540,Brightness_2,113.0
1512726594367,Sound_P,67.56641902255494
1512726594370,PodiumIR,116
1512726594959,Temperature_1,24.49
1512726594961,Humidity_1,11.55947220914687
1512726594965,Brightness_1,14.0
1512726594967,Temperature_2,24.25
1512726594969,Humidity_2,9.83299388073531
1512726594971,Brightness_2,113.0
1512726601368,Temperature_1,24.49
1512726601371,Humidity_1,11.55947220914687
1512726601374,Brightness_1,14.0
1512726601377,Temperature_2,24.25
1512726601379,Humidity_2,9.83299388073531
1512726601382,Brightness_2,113.0
1512726604372,Sound_P,71.42349921662418
1512726604375,PodiumIR,101
1512726608029,Temperature_1,24.49
1512726608032,Humidity_1,11.55947220914687
1512726608035,Brightness_1,14.0
1512726608037,Temperature_2,24.25
1512726608040,Humidity_2,9.83299388073531
1512726608042,Brightness_2,113.0
1512726614378,Sound_P,63.95233273361063
1512726614381,PodiumIR,103
1512726614471,Temperature_1,24.49
1512726614474,Humidity_1,11.55947220914687
1512726614478,Brightness_1,14.0
1512726614480,Temperature_2,24.25
1512726614482,Humidity_2,9.83299388073531
1512726614484,Brightness_2,113.0
1512726620869,Temperature_1,24.49
1512726620872,Humidity_1,11.55947220914687
1512726620875,Brightness_1,14.0
1512726620878,Temperature_2,24.25
1512726620880,Humidity_2,9.83299388073531
1512726620883,Brightness_2,113.0
1512726624385,Sound_P,65.8563679754536
1512726624388,PodiumIR,135
1512726627378,Temperature_1,24.49
1512726627381,Humidity_1,11.55947220914687
1512726627384,Brightness_1,14.0
1512726627387,Temperature_2,24.25
1512726627389,Humidity_2,9.83299388073531
1512726627392,Brightness_2,113.0
1512726634147,Temperature_1,24.49
1512726634150,Humidity_1,11.55947220914687
1512726634153,Brightness_1,14.0
1512726634156,Temperature_2,24.25
1512726634158,Humidity_2,9.83299388073531
1512726634160,Brightness_2,113.0
1512726634392,Sound_P,70.5390318503356
1512726634395,PodiumIR,102
1512726640584,Temperature_1,24.49
1512726640587,Humidity_1,11.55947220914687
1512726640590,Brightness_1,14.0
1512726640593,Temperature_2,24.25
1512726640595,Humidity_2,9.83299388073531
1512726640598,Brightness_2,113.0
1512726644400,Sound_P,67.01551720930587
1512726644403,PodiumIR,99
1512726647357,Temperature_1,24.49
1512726647360,Humidity_1,11.55947220914687
1512726647363,Brightness_1,14.0
1512726647364,Temperature_2,24.25
1512726647366,Humidity_2,9.956313761336135
1512726647368,Brightness_2,113.0
1512726653802,Temperature_1,24.49
1512726653805,Humidity_1,11.55947220914687
1512726653808,Brightness_1,14.0
1512726653810,Temperature_2,24.25
1512726653812,Humidity_2,9.956313761336135
1512726653814,Brightness_2,113.0
1512726654408,Sound_P,65.8563679754536
1512726654411,PodiumIR,110
1512726660454,Temperature_1,24.49
1512726660457,Humidity_1,11.55947220914687
1512726660460,Brightness_1,14.0
1512726660462,Temperature_2,24.25
1512726660464,Humidity_2,9.956313761336135
1512726660467,Brightness_2,113.0
1512726664414,Sound_P,65.24535518573873
1512726664418,PodiumIR,101
1512726666905,Temperature_1,24.49
1512726666908,Humidity_1,11.55947220914687
1512726666911,Brightness_1,14.0
1512726666914,Temperature_2,24.25
1512726666916,Humidity_2,9.956313761336135
1512726666919,Brightness_2,113.0
1512726673568,Temperature_1,24.49
1512726673570,Humidity_1,11.55947220914687
1512726673574,Brightness_1,14.0
1512726673576,Temperature_2,24.25
1512726673578,Humidity_2,9.956313761336135
1512726673581,Brightness_2,113.0
1512726674424,Sound_P,70.0787016850011
1512726674428,PodiumIR,98
1512726675267,Door,activate
1512726679967,Temperature_1,24.49
1512726679970,Humidity_1,11.55947220914687
1512726679973,Brightness_1,14.0
1512726679975,Temperature_2,24.25
1512726679978,Humidity_2,9.956313761336135
1512726679980,Brightness_2,113.0
1512726682075,Door,activate
1512726684433,Sound_P,66.44593723960276
1512726684437,PodiumIR,99
1512726686378,Temperature_1,24.49
1512726686381,Humidity_1,11.55947220914687
1512726686384,Brightness_1,14.0
1512726686386,Temperature_2,24.25
1512726686388,Humidity_2,9.956313761336135
1512726686391,Brightness_2,113.0
1512726692787,Temperature_1,24.49
1512726692790,Humidity_1,11.55947220914687
1512726692793,Brightness_1,14.0
1512726692795,Temperature_2,24.25
1512726692798,Humidity_2,9.956313761336135
1512726692801,Brightness_2,113.0
1512726694442,Sound_P,66.44593723960276
1512726694445,PodiumIR,104
1512726699470,Temperature_1,24.49
1512726699473,Humidity_1,11.55947220914687
1512726699476,Brightness_1,14.0
1512726699478,Temperature_2,24.25
1512726699480,Humidity_2,9.956313761336135
1512726699483,Brightness_2,113.0
1512726702523,Door,activate
1512726702890,Door,activate
1512726704451,Sound_P,68.0998289029382
1512726704455,PodiumIR,100
1512726705879,Temperature_1,24.49
1512726705882,Humidity_1,11.55947220914687
1512726705885,Brightness_1,14.0
1512726705888,Temperature_2,24.25
1512726705890,Humidity_2,9.83299388073531
1512726705892,Brightness_2,104.0
1512726712509,Temperature_1,24.49
1512726712512,Humidity_1,11.55947220914687
1512726712515,Brightness_1,14.0
1512726712518,Temperature_2,24.25
1512726712520,Humidity_2,9.83299388073531
1512726712523,Brightness_2,104.0
