timestamp,sensor_name,value
1505728854944.0,Sound_P,119.30077909343765
1505728854948.0,PodiumIR,91
1505728856638.0,Sound_R,64.64159819195574
1505728857403.0,Sound_C,64.9488549890781
1505728858471.0,Motion_8,False
1505728858471.0,Motion_2,False
1505728858472.0,Motion_6,False
1505728858472.0,Motion_7,False
1505728858472.0,Motion_1,False
1505728858473.0,Seat_3,True
1505728858473.0,Motion_5,False
1505728860127.0,Temperature_1,25.78
1505728860133.969,Humidity_2,58.91430635986382
1505728860134.0,Humidity_1,56.07794910604482
1505728860134.0,Temperature_2,23.55
1505728861990.0,Sound_L,62.49536281941217
1505728862599.0,Door,activate
1505728862970.0,Motion_3,False
1505728862970.0,Motion_4,False
1505728862971.0,Motion_3,True
1505728864956.0,Sound_P,119.35055987059783
1505728864960.0,PodiumIR,135
1505728866197.0,Motion_7,True
1505728866638.0,Sound_R,67.15355891745463
1505728866792.0,Temperature_1,25.78
1505728866795.0,Humidity_1,56.07794910604482
1505728866800.9714,Humidity_2,58.91430635986382
1505728866803.0,Temperature_2,23.55
1505728867403.0,Sound_C,64.7154803954261
1505728870461.0,Door,activate
1505728871466.0,Motion_6,True
1505728871990.0,Sound_L,62.80558718772116
1505728873458.0,Humidity_1,56.07794910604482
1505728873461.0,Temperature_1,25.78
1505728873461.9739,Humidity_2,58.91430635986382
1505728873469.0,Temperature_2,23.55
1505728874967.0,Sound_P,120.22227698963259
1505728874971.0,PodiumIR,237
1505728876552.0,Door,activate
1505728876638.0,Sound_R,66.74771300296109
1505728877403.0,Sound_C,65.55415858928575
1505728879110.0,Motion_3,False
1505728879111.0,Motion_7,True
1505728880120.0,Temperature_1,25.78
1505728880125.0,Humidity_1,56.07794910604482
1505728880128.0,Temperature_2,23.55
1505728880130.976,Humidity_2,58.91430635986382
1505728881990.0,Sound_L,63.32763790120923
1505728882331.0,Seat_10,False
1505728882332.0,Motion_2,True
1505728882332.0,Motion_3,True
1505728883504.0,Motion_1,True
1505728883505.0,Motion_8,True
1505728883506.0,Motion_6,False
1505728884974.0,Sound_P,120.3632652295792
1505728884977.0,PodiumIR,254
1505728886638.0,Sound_R,67.03974762893365
1505728886781.0,Temperature_1,25.78
1505728886784.0,Humidity_1,56.07794910604482
1505728886791.0,Temperature_2,23.55
1505728886799.9785,Humidity_2,58.91430635986382
1505728887403.0,Sound_C,66.84923780123997
1505728889186.0,Projector,On
1505728891829.0,Motion_4,True
1505728891831.0,Motion_7,False
1505728891831.0,Motion_5,True
1505728891990.0,Sound_L,64.1906575982568
1505728893444.0,Temperature_1,25.78
1505728893447.0,Humidity_1,56.07794910604482
1505728893460.0,Temperature_2,23.55
1505728893462.981,Humidity_2,58.91430635986382
1505728894981.0,Sound_P,120.3164004851058
1505728894984.0,PodiumIR,120
1505728896638.0,Sound_R,69.21492872180673
1505728896936.0,Door,activate
1505728897403.0,Sound_C,68.73554834547959
1505728898802.0,Door,activate
1505728899239.0,Door,activate
1505728900108.0,Temperature_1,25.78
1505728900118.0,Humidity_1,56.07794910604482
1505728900122.9834,Humidity_2,58.91430635986382
1505728900124.0,Temperature_2,23.55
1505728901990.0,Sound_L,65.25129423560593
1505728904987.0,Sound_P,120.24585734438058
1505728904991.0,PodiumIR,103
1505728906638.0,Sound_R,71.93587790824411
1505728906777.0,Humidity_1,56.07794910604482
1505728906780.0,Temperature_1,25.78
1505728906784.0,Temperature_2,23.55
1505728906784.9856,Humidity_2,58.91430635986382
1505728907403.0,Sound_C,73.22590968170245
1505728908939.0,Door,activate
1505728911990.0,Sound_L,66.71604065665633
1505728913438.0,Temperature_1,25.78
1505728913447.0,Humidity_1,56.07794910604482
1505728913450.988,Humidity_2,58.91430635986382
1505728913452.0,Temperature_2,23.55
1505728914995.0,Sound_P,120.05628128504893
1505728914998.0,PodiumIR,80
1505728916638.0,Sound_R,73.09577729829002
1505728917403.0,Sound_C,74.88014368558883
1505728920101.0,Temperature_1,25.78
1505728920109.0,Temperature_2,23.55
1505728920111.0,Humidity_1,56.07794910604482
1505728920113.9905,Humidity_2,58.91430635986382
1505728921990.0,Sound_L,67.06746582731392
1505728923472.0,Door,activate
1505728925002.0,Sound_P,120.00855113931097
1505728925006.0,PodiumIR,93
1505728926638.0,Sound_R,71.19852773750348
1505728926766.0,Humidity_1,56.07794910604482
1505728926772.0,Temperature_2,23.55
1505728926773.0,Temperature_1,25.78
1505728926780.993,Humidity_2,58.91430635986382
1505728927403.0,Sound_C,71.3592778757377
1505728931990.0,Sound_L,65.29212148616995
1505728933434.0,Temperature_1,25.78
1505728933437.0,Humidity_1,56.07794910604482
1505728933444.995,Humidity_2,58.91430635986382
1505728933446.0,Temperature_2,23.55
1505728933851.0,Motion_3,False
1505728933852.0,Motion_2,False
1505728933853.0,Motion_8,False
1505728933853.0,Motion_4,False
1505728933853.0,Motion_1,False
1505728933854.0,Motion_7,True
1505728933854.0,Motion_5,False
1505728935010.0,Sound_P,120.03243316181126
1505728935013.0,PodiumIR,282
1505728936638.0,Sound_R,69.24258189029325
1505728937403.0,Sound_C,68.04673896470258
1505728938909.0,Motion_2,True
1505728940096.0,Humidity_1,56.07794910604482
1505728940101.0,Temperature_1,25.78
1505728940102.9976,Humidity_2,58.91430635986382
1505728940104.0,Temperature_2,23.55
1505728941990.0,Sound_L,63.574175612331224
1505728945016.0,Sound_P,120.03243316181126
1505728945020.0,PodiumIR,235
1505728946638.0,Sound_R,68.3309628106311
1505728946760.0,Temperature_1,25.78
1505728946763.0,Humidity_1,56.07794910604482
1505728946769.0,Temperature_2,23.55
1505728946771.0,Humidity_2,58.91430635986382
1505728947403.0,Sound_C,66.6868062193217
1505728951990.0,Sound_L,62.75457831075846
1505728953425.0,Temperature_1,25.78
1505728953431.0,Humidity_1,56.07794910604482
1505728953434.0,Humidity_2,58.91430635986382
1505728953436.0,Temperature_2,23.55
1505728953532.0,Motion_5,True
1505728953532.0,Motion_7,False
1505728953532.0,Motion_2,False
1505728955023.0,Sound_P,120.03243316181126
1505728955028.0,PodiumIR,225
1505728956638.0,Sound_R,68.3864498182427
1505728957403.0,Sound_C,67.08046924653536
1505728960083.0,Temperature_1,25.78
1505728960092.0,Humidity_1,56.07794910604482
1505728960097.0,Humidity_2,58.91430635986382
1505728960097.0,Temperature_2,23.55
1505728961990.0,Sound_L,64.68327135081232
1505728965037.0,Sound_P,120.00855113931097
1505728965041.0,PodiumIR,274
1505728966638.0,Sound_R,69.18016669646175
1505728966748.0,Temperature_1,25.78
1505728966754.0,Humidity_1,56.07794910604482
1505728966759.0,Temperature_2,23.55
1505728966761.0,Humidity_2,58.91430635986382
1505728966804.0,Motion_5,False
1505728966804.0,Motion_4,True
1505728967403.0,Sound_C,67.68970643625148
1505728971990.0,Sound_L,66.36998234439784
1505728973417.0,Humidity_1,56.07794910604482
1505728973419.0,Temperature_1,25.78
1505728973420.0,Temperature_2,23.55
1505728973432.0,Humidity_2,58.91430635986382
1505728975044.0,Sound_P,119.93670070906423
1505728975048.0,PodiumIR,151
1505728976638.0,Sound_R,69.62253939784885
1505728977403.0,Sound_C,68.00350000671295
1505728980077.0,Temperature_1,25.78
1505728980086.0,Humidity_1,56.07794910604482
1505728980091.0,Temperature_2,23.55
1505728980093.0,Humidity_2,58.91430635986382
1505728980696.0,Motion_4,False
1505728980696.0,Motion_5,True
1505728981990.0,Sound_L,66.74613077725246
1505728985065.0,Sound_P,119.91268212027023
1505728985069.0,PodiumIR,230
1505728986638.0,Sound_R,69.69135447708081
1505728986743.0,Humidity_1,56.07794910604482
1505728986744.0,Temperature_1,25.78
1505728986750.0,Temperature_2,23.55
1505728986750.0,Humidity_2,58.91430635986382
1505728987403.0,Sound_C,68.34714330322343
1505728990306.0,Motion_1,True
1505728990306.0,Motion_2,True
1505728991990.0,Sound_L,66.36163973935177
1505728993404.0,Temperature_1,25.78
1505728993413.0,Temperature_2,23.55
1505728993414.0,Humidity_1,56.07794910604482
1505728993415.0,Humidity_2,58.91430635986382
1505728993608.0,Motion_5,True
1505728995072.0,Sound_P,119.91268212027023
1505728995076.0,PodiumIR,283
1505728996638.0,Sound_R,69.6575116670615
1505728997403.0,Sound_C,68.24844695639764
1505729000072.0,Temperature_1,25.78
1505729000078.0,Humidity_1,56.07794910604482
1505729000080.0,Temperature_2,23.55
1505729000084.0,Humidity_2,58.91430635986382
1505729001990.0,Sound_L,66.02768223553339
1505729005079.0,Sound_P,119.93670070906423
1505729005083.0,PodiumIR,288
1505729006638.0,Sound_R,70.95406364591884
1505729006733.0,Temperature_1,25.78
1505729006741.0,Humidity_1,56.07794910604482
1505729006743.0,Temperature_2,23.55
1505729006745.0,Humidity_2,58.91430635986382
1505729007403.0,Sound_C,68.37965271624417
1505729009562.0,Motion_1,False
1505729009562.0,Motion_2,False
1505729009562.0,Motion_5,False
1505729011990.0,Sound_L,66.12228540738877
1505729013395.0,Temperature_1,25.78
1505729013406.0,Humidity_1,56.07794910604482
1505729013414.0,Temperature_2,23.55
1505729013416.0,Humidity_2,58.91430635986382
1505729015086.0,Sound_P,119.91268212027023
1505729015090.0,PodiumIR,287
1505729016638.0,Sound_R,68.47422831093164
1505729017403.0,Sound_C,66.65881175679426
1505729020067.0,Temperature_1,25.78
1505729020069.0,Humidity_1,56.07794910604482
1505729020078.0,Temperature_2,23.55
1505729020079.0,Humidity_2,58.91430635986382
1505729021990.0,Sound_L,65.91033225040758
1505729022474.0,Motion_5,True
1505729025093.0,Sound_P,119.93670070906423
1505729025097.0,PodiumIR,315
1505729026638.0,Sound_R,68.21193793414896
1505729026725.0,Temperature_1,25.78
1505729026728.0,Humidity_1,56.07794910604482
1505729026736.0,Temperature_2,23.55
1505729026743.0,Humidity_2,58.91430635986382
1505729027403.0,Sound_C,68.79918268989012
1505729031990.0,Sound_L,67.63539043237056
1505729033389.0,Temperature_1,25.78
1505729033394.0,Humidity_1,56.07794910604482
1505729033396.0,Temperature_2,23.55
1505729033403.0,Humidity_2,58.91430635986382
1505729035100.0,Sound_P,119.8886291455106
1505729035104.0,PodiumIR,229
1505729036638.0,Sound_R,72.00820279966548
1505729037403.0,Sound_C,71.06658863408596
1505729040054.0,Humidity_1,56.07794910604482
1505729040058.0,Temperature_1,25.78
1505729040066.0,Humidity_2,58.91430635986382
1505729040069.0,Temperature_2,23.55
1505729041990.0,Sound_L,68.22279006318135
1505729044050.0,Motion_8,True
1505729044050.0,Motion_5,False
1505729045107.0,Sound_P,119.81626291733406
1505729045111.0,PodiumIR,142
1505729045636.0,Motion_1,True
1505729046638.0,Sound_R,73.7179319364029
1505729046722.0,Temperature_1,25.78
1505729046724.0,Humidity_1,56.07794910604482
1505729046731.0,Temperature_2,23.55
1505729046733.0,Humidity_2,58.91430635986382
1505729047403.0,Sound_C,70.2494111272207
1505729047627.0,Motion_6,True
1505729047627.0,Motion_2,True
1505729051990.0,Sound_L,68.88569873812868
1505729052605.0,Motion_3,True
1505729052605.0,Seat_6,False
1505729053383.0,Humidity_1,56.07794910604482
1505729053387.0,Temperature_1,25.78
1505729053394.0,Humidity_2,58.91430635986382
1505729053396.0,Temperature_2,23.55
1505729055114.0,Sound_P,119.79207140847481
1505729055118.0,PodiumIR,132
1505729056222.0,Motion_8,False
1505729056222.0,Seat_10,True
1505729056638.0,Sound_R,74.16958881306373
1505729057403.0,Sound_C,70.2354511853564
1505729057938.0,Motion_1,False
1505729057938.0,Motion_5,True
1505729059538.0,Seat_9,True
1505729059538.0,Motion_6,False
1505729060053.0,Temperature_1,25.78
1505729060054.0,Humidity_1,56.07794910604482
1505729060057.0,Temperature_2,23.55
1505729060061.0,Humidity_2,58.91430635986382
1505729061990.0,Sound_L,66.81001481524395
1505729065121.0,Sound_P,119.84041964327858
1505729065125.0,PodiumIR,123
1505729066638.0,Sound_R,71.67926636123227
1505729066712.0,Temperature_1,25.78
1505729066712.0,Humidity_1,56.07794910604482
1505729066719.0,Humidity_2,58.91430635986382
1505729066721.0,Temperature_2,23.55
1505729067403.0,Sound_C,68.65977948496904
1505729071990.0,Sound_L,65.35261999690803
1505729073377.0,Humidity_1,56.07794910604482
1505729073378.0,Temperature_1,25.78
1505729073380.0,Temperature_2,23.55
1505729073392.0,Humidity_2,58.91430635986382
1505729075137.0,Sound_P,119.84041964327858
1505729075141.0,PodiumIR,214
1505729076638.0,Sound_R,70.57642455090992
1505729077403.0,Sound_C,68.51979582323095
1505729080040.0,Temperature_1,25.78
1505729080043.0,Humidity_1,56.07794910604482
1505729080049.0,Temperature_2,23.55
1505729080051.0,Humidity_2,58.91430635986382
1505729081990.0,Sound_L,65.32338941382497
1505729082956.0,Motion_5,False
1505729082956.0,Motion_2,False
1505729082956.0,Motion_3,False
1505729082956.0,Seat_6,True
1505729085144.0,Sound_P,119.79207140847481
1505729085148.0,PodiumIR,138
1505729086638.0,Sound_R,69.71033116612416
1505729086703.0,Temperature_1,25.78
1505729086711.0,Humidity_1,56.07794910604482
1505729086712.0,Temperature_2,23.55
1505729086715.0,Humidity_2,58.91430635986382
1505729087403.0,Sound_C,68.43799395883185
1505729091990.0,Sound_L,65.65870364508083
1505729093368.0,Temperature_1,25.78
1505729093373.0,Humidity_1,56.07794910604482
1505729093374.0,Temperature_2,23.55
1505729093376.0,Humidity_2,58.91430635986382
1505729095151.0,Sound_P,119.79207140847481
1505729095155.0,PodiumIR,230
1505729096638.0,Sound_R,69.75165373217423
1505729097403.0,Sound_C,67.87304901759316
1505729098159.0,Seat_6,False
1505729100031.0,Temperature_1,25.78
1505729100038.0,Humidity_1,56.07794910604482
1505729100042.0,Humidity_2,58.91430635986382
1505729100042.0,Temperature_2,23.55
1505729101990.0,Sound_L,67.01768677222296
1505729105158.0,Sound_P,119.79207140847481
1505729105162.0,PodiumIR,96
1505729106638.0,Sound_R,70.11770410494648
1505729106695.0,Temperature_1,25.78
1505729106701.0,Temperature_2,23.55
1505729106704.0,Humidity_2,58.91430635986382
1505729106704.0,Humidity_1,56.07794910604482
1505729107403.0,Sound_C,68.24005795400673
1505729111990.0,Sound_L,67.30107675898714
1505729113355.0,Temperature_1,25.78
1505729113365.0,Temperature_2,23.55
1505729113367.0,Humidity_1,56.07794910604482
1505729113371.0,Humidity_2,58.91430635986382
1505729115165.0,Sound_P,119.76784501638956
1505729115169.0,PodiumIR,98
1505729116638.0,Sound_R,68.65272313957584
1505729117403.0,Sound_C,68.33036185638149
1505729120024.0,Temperature_1,25.78
1505729120028.0,Temperature_2,23.55
1505729120032.0,Humidity_1,56.07794910604482
1505729120039.0,Humidity_2,58.91430635986382
1505729121990.0,Sound_L,66.69627430556204
1505729125172.0,Sound_P,119.76784501638956
1505729125176.0,PodiumIR,233
1505729126638.0,Sound_R,68.30400944415616
1505729126687.0,Humidity_1,56.07794910604482
1505729126688.0,Temperature_1,25.78
1505729126700.0,Temperature_2,23.55
1505729126704.0,Humidity_2,58.91430635986382
1505729126838.0,Door,activate
1505729127403.0,Sound_C,67.0738852985641
1505729131990.0,Sound_L,66.04985855378129
1505729133278.0,Seat_6,False
1505729133283.0,Seat_6,True
1505729133347.0,Temperature_1,25.78
1505729133353.0,Humidity_1,56.07794910604482
1505729133359.0,Temperature_2,23.55
1505729133366.0,Humidity_2,58.91430635986382
1505729135179.0,Sound_P,119.76784501638956
1505729135183.0,PodiumIR,205
1505729136638.0,Sound_R,67.96019208820746
1505729137403.0,Sound_C,68.82704648416131
1505729140012.0,Temperature_1,25.78
1505729140014.0,Humidity_1,56.07794910604482
1505729140026.0,Temperature_2,23.55
1505729140031.0,Humidity_2,58.91430635986382
1505729141990.0,Sound_L,65.08219302398373
1505729144839.0,Motion_5,True
1505729144839.0,Motion_4,True
1505729145187.0,Sound_P,119.74358364033245
1505729145191.0,PodiumIR,201
1505729146638.0,Sound_R,68.13566599461501
1505729146680.0,Humidity_1,56.07794910604482
1505729146681.0,Temperature_1,25.78
1505729146693.0,Temperature_2,23.55
1505729146696.0,Humidity_2,58.91430635986382
1505729147403.0,Sound_C,69.72935521798166
1505729151990.0,Sound_L,64.82377216413808
1505729153344.0,Temperature_1,25.78
1505729153344.0,Humidity_1,56.07794910604482
1505729153352.0,Temperature_2,23.55
1505729153352.0,Humidity_2,58.91430635986382
1505729155201.0,Sound_P,119.74358364033245
1505729155205.0,PodiumIR,277
1505729156638.0,Sound_R,70.44309631364412
1505729157403.0,Sound_C,69.14020523204493
1505729160007.0,Humidity_1,56.07794910604482
1505729160008.0,Temperature_1,25.78
1505729160015.0,Temperature_2,23.55
1505729160016.0,Humidity_2,58.91430635986382
1505729160807.0,Motion_4,False
1505729160807.0,Motion_5,False
1505729160807.0,Seat_6,False
1505729161990.0,Sound_L,66.26454909810204
1505729165214.0,Sound_P,119.74358364033245
1505729165218.0,PodiumIR,250
1505729166638.0,Sound_R,71.42630909215283
1505729166674.0,Temperature_1,25.78
1505729166678.0,Humidity_1,56.07794910604482
1505729166682.0,Temperature_2,23.55
1505729166684.0,Humidity_2,58.91430635986382
1505729167403.0,Sound_C,71.77777859968295
1505729171990.0,Sound_L,67.78085860536737
1505729173336.0,Temperature_1,25.78
1505729173344.0,Humidity_1,56.07794910604482
1505729173346.0,Humidity_2,58.91430635986382
1505729173348.0,Temperature_2,23.55
1505729174755.0,Motion_5,False
1505729174755.0,Motion_6,True
1505729174755.0,Motion_1,True
1505729175228.0,Sound_P,119.71928717912061
1505729175232.0,PodiumIR,256
1505729176638.0,Sound_R,72.77914813862229
1505729177403.0,Sound_C,73.76185796815706
1505729180001.0,Humidity_1,56.07794910604482
1505729180002.0,Temperature_1,25.78
1505729180005.0,Temperature_2,23.55
1505729180014.0,Humidity_2,58.91430635986382
1505729181990.0,Sound_L,69.90984028454537
1505729185241.0,Sound_P,119.71928717912061
1505729185246.0,PodiumIR,256
1505729186638.0,Sound_R,73.57541431687083
1505729186659.0,Temperature_1,25.78
1505729186665.0,Humidity_1,56.07794910604482
1505729186674.0,Temperature_2,23.55
1505729186680.0,Humidity_2,58.91430635986382
1505729187403.0,Sound_C,73.28832312189105
1505729188292.0,Motion_1,False
1505729188292.0,Motion_6,False
1505729188292.0,Motion_3,True
1505729191990.0,Sound_L,69.47747979576289
1505729193327.0,Temperature_1,25.78
1505729193331.0,Humidity_1,56.07794910604482
1505729193338.0,Temperature_2,23.55
1505729193340.0,Humidity_2,58.91430635986382
1505729195256.0,Sound_P,119.71928717912061
1505729195260.0,PodiumIR,260
1505729196638.0,Sound_R,74.48474493907271
1505729197403.0,Sound_C,72.32051361467119
1505729199991.0,Humidity_1,56.07794910604482
1505729199997.0,Temperature_1,25.78
1505729199999.0,Temperature_2,23.55
1505729200008.0,Humidity_2,58.91430635986382
1505729201204.0,Motion_3,True
1505729201990.0,Sound_L,69.15509547894221
1505729205131.0,Motion_2,True
1505729205273.0,Sound_P,119.71928717912061
1505729205277.0,PodiumIR,256
1505729206427.0,Motion_1,True
1505729206427.0,Motion_8,True
1505729206638.0,Sound_R,74.46290766836547
1505729206653.0,Temperature_1,25.78
1505729206657.0,Humidity_1,56.07794910604482
1505729206660.0,Temperature_2,23.55
1505729206668.0,Humidity_2,58.91430635986382
1505729207403.0,Sound_C,71.96742118531012
1505729211990.0,Sound_L,69.92195428228817
1505729213320.0,Temperature_1,25.78
1505729213323.0,Humidity_1,56.07794910604482
1505729213329.0,Temperature_2,23.55
1505729213331.0,Humidity_2,58.91430635986382
1505729213340.0,Motion_3,False
1505729213340.0,Seat_10,False
1505729213340.0,Seat_6,True
1505729215288.0,Sound_P,119.6461862661181
1505729215291.0,PodiumIR,277
1505729216422.0,Motion_7,True
1505729216427.0,Motion_3,True
1505729216638.0,Sound_R,71.47886594892077
1505729217403.0,Sound_C,70.75328284115457
1505729219988.0,Temperature_1,25.78
1505729219989.0,Temperature_2,23.55
1505729219992.0,Humidity_2,58.91430635986382
1505729219992.0,Humidity_1,56.07794910604482
1505729221990.0,Sound_L,70.26810255159083
1505729225301.0,Sound_P,119.57276590164363
1505729225310.0,PodiumIR,277
1505729226638.0,Sound_R,70.9002255723196
1505729226646.0,Humidity_1,56.07794910604482
1505729226652.0,Temperature_1,25.78
1505729226658.0,Temperature_2,23.55
1505729226661.0,Humidity_2,58.91430635986382
1505729227403.0,Sound_C,69.97365890633216
1505729228964.0,Motion_1,False
1505729228964.0,Motion_8,False
1505729228964.0,Seat_6,False
1505729228964.0,Motion_7,False
1505729228964.0,Motion_2,False
1505729231335.0,Motion_3,False
1505729231335.0,Seat_5,True
1505729231990.0,Sound_L,69.66872077975043
1505729233126.0,Motion_3,True
1505729233308.0,Temperature_1,25.78
1505729233315.0,Humidity_1,56.07794910604482
1505729233318.0,Humidity_2,58.91430635986382
1505729233319.0,Temperature_2,23.55
1505729234677.0,Seat_5,True
1505729235314.0,Sound_P,119.57276590164363
1505729235317.0,PodiumIR,275
1505729236638.0,Sound_R,72.0092522784174
1505729237403.0,Sound_C,71.00963278936963
1505729239974.0,Humidity_1,56.07794910604482
1505729239981.0,Temperature_1,25.78
1505729239987.0,Humidity_2,58.91430635986382
1505729239990.0,Temperature_2,23.55
1505729241990.0,Sound_L,67.22924337305628
1505729245321.0,Sound_P,119.57276590164363
1505729245325.0,PodiumIR,265
1505729246638.0,Sound_R,73.60720677604293
1505729246644.0,Temperature_1,25.78
1505729246644.0,Temperature_2,23.55
1505729246644.0,Humidity_1,56.07794910604482
1505729246650.0,Humidity_2,58.91430635986382
1505729247403.0,Sound_C,72.40664907470399
1505729249485.0,Motion_1,False
1505729249485.0,Motion_3,False
1505729249485.0,Motion_8,False
1505729251990.0,Sound_L,66.81335556133908
1505729253304.0,Humidity_1,56.07794910604482
1505729253307.0,Temperature_1,25.78
1505729253317.0,Humidity_2,58.91430635986382
1505729253318.0,Temperature_2,23.55
1505729255331.0,Sound_P,119.57276590164363
1505729255335.0,PodiumIR,278
1505729256638.0,Sound_R,75.05843459688155
1505729257403.0,Sound_C,72.45687265147264
1505729259970.0,Temperature_1,25.78
1505729259972.0,Humidity_1,56.07794910604482
1505729259978.0,Humidity_2,58.91430635986382
1505729259979.0,Temperature_2,23.55
1505729261990.0,Sound_L,67.07220135925084
1505729265338.0,Sound_P,119.57276590164363
1505729265342.0,PodiumIR,179
1505729266629.0,Temperature_1,25.78
1505729266637.0,Temperature_2,23.55
1505729266638.0,Sound_R,74.60852583885573
1505729266638.0,Humidity_1,56.07794910604482
1505729266641.0,Humidity_2,58.91430635986382
1505729266784.0,Motion_1,False
1505729266784.0,Motion_5,True
1505729267403.0,Sound_C,70.92526584358193
1505729271990.0,Sound_L,67.6888548230537
1505729273299.0,Temperature_1,25.78
1505729273302.0,Humidity_1,56.07794910604482
1505729273303.0,Temperature_2,23.55
1505729273304.0,Humidity_2,58.91430635986382
1505729275345.0,Sound_P,119.57276590164363
1505729275349.0,PodiumIR,234
1505729276638.0,Sound_R,70.5851310598945
1505729277403.0,Sound_C,68.93280342619958
1505729279963.0,Humidity_1,56.07794910604482
1505729279965.0,Temperature_1,25.78
1505729279967.0,Humidity_2,58.91430635986382
1505729279971.0,Temperature_2,23.55
1505729281990.0,Sound_L,67.49995862828602
1505729282737.0,Motion_5,False
1505729285352.0,Sound_P,119.81626291733406
1505729285356.0,PodiumIR,88
1505729286623.0,Temperature_1,25.78
1505729286630.0,Humidity_1,56.07794910604482
1505729286638.0,Sound_R,69.64947076889867
1505729286638.0,Temperature_2,23.55
1505729286639.0,Humidity_2,58.91430635986382
1505729287403.0,Sound_C,67.87781212050965
1505729291990.0,Sound_L,65.89260671748212
1505729293289.0,Temperature_1,25.78
1505729293291.0,Humidity_1,56.07794910604482
1505729293300.0,Temperature_2,23.55
1505729293304.0,Humidity_2,58.91430635986382
1505729295360.0,Sound_P,119.79207140847481
1505729295363.0,PodiumIR,172
1505729296638.0,Sound_R,67.42524860824086
1505729297403.0,Sound_C,66.62147210128498
1505729299952.0,Temperature_1,25.78
1505729299958.0,Humidity_1,56.07794910604482
1505729299964.0,Temperature_2,23.55
1505729299967.0,Humidity_2,58.91430635986382
1505729301990.0,Sound_L,64.56341843106685
1505729305366.0,Sound_P,119.81626291733406
1505729305372.0,PodiumIR,217
1505729306618.0,Humidity_1,56.07794910604482
1505729306619.0,Temperature_1,25.78
1505729306624.0,Humidity_2,58.91430635986382
1505729306630.0,Temperature_2,23.55
1505729306638.0,Sound_R,64.88101508337316
1505729307403.0,Sound_C,65.7460348384018
1505729311990.0,Sound_L,62.32367219231179
1505729313278.0,Temperature_1,25.78
1505729313281.0,Humidity_1,56.07794910604482
1505729313285.0,Temperature_2,23.55
1505729313289.0,Humidity_2,58.91430635986382
1505729315377.0,Sound_P,119.76784501638956
1505729315382.0,PodiumIR,134
1505729316638.0,Sound_R,63.785305122540215
1505729317403.0,Sound_C,65.82423752440693
1505729319943.0,Temperature_1,25.78
1505729319947.0,Humidity_1,56.07794910604482
1505729319953.0,Humidity_2,58.91430635986382
1505729319954.0,Temperature_2,23.55
1505729321990.0,Sound_L,63.360192804101544
1505729323264.0,Motion_3,True
1505729323264.0,Motion_5,False
1505729323264.0,Seat_6,True
1505729325389.0,Sound_P,119.74358364033245
1505729325393.0,PodiumIR,216
1505729326604.0,Temperature_1,25.78
1505729326612.0,Humidity_1,56.07794910604482
1505729326614.0,Temperature_2,23.55
1505729326622.0,Humidity_2,58.91430635986382
1505729326638.0,Sound_R,67.23388958542222
1505729327403.0,Sound_C,65.66877467671158
1505729330148.0,Motion_2,True
1505729331990.0,Sound_L,65.9002832339435
1505729333268.0,Temperature_1,25.78
1505729333271.0,Humidity_1,56.07794910604482
1505729333281.0,Humidity_2,58.91430635986382
1505729333281.0,Temperature_2,23.55
1505729335401.0,Sound_P,119.67058859430047
1505729335404.0,PodiumIR,240
1505729336638.0,Sound_R,72.89687850215697
1505729337076.0,Motion_3,True
1505729337403.0,Sound_C,69.04541734327243
1505729339939.0,Temperature_1,25.78
1505729339941.0,Humidity_1,56.07794910604482
1505729339944.0,Temperature_2,23.55
1505729339944.0,Humidity_2,58.91430635986382
1505729341990.0,Sound_L,67.93905923340586
1505729345413.0,Sound_P,119.59727502342258
1505729345416.0,PodiumIR,229
1505729346600.0,Temperature_1,25.78
1505729346605.0,Humidity_1,56.07794910604482
1505729346610.0,Temperature_2,23.55
1505729346616.0,Humidity_2,58.91430635986382
1505729346638.0,Sound_R,73.04603671355625
1505729347403.0,Sound_C,71.22327550955626
1505729351990.0,Sound_L,67.71849766833333
1505729352610.0,Motion_1,True
1505729352610.0,Motion_2,False
1505729352610.0,Motion_3,False
1505729353259.0,Temperature_1,25.78
1505729353271.0,Humidity_1,56.07794910604482
1505729353272.0,Temperature_2,23.55
1505729353274.0,Humidity_2,58.91430635986382
1505729353645.0,Motion_2,True
1505729355424.0,Sound_P,119.59727502342258
1505729355429.0,PodiumIR,218
1505729356638.0,Sound_R,73.17448275665399
1505729357403.0,Sound_C,70.68148276242162
1505729359928.0,Temperature_1,25.78
1505729359930.0,Humidity_1,56.07794910604482
1505729359937.0,Temperature_2,23.55
1505729359939.0,Humidity_2,58.91430635986382
1505729361990.0,Sound_L,66.81081847675483
1505729365434.0,Sound_P,119.57276590164363
1505729365438.0,PodiumIR,224
1505729366595.0,Humidity_1,56.07794910604482
1505729366596.0,Temperature_1,25.78
1505729366602.0,Temperature_2,23.55
1505729366606.0,Humidity_2,58.91430635986382
1505729366638.0,Sound_R,71.68891535141695
1505729367403.0,Sound_C,70.87624946167102
1505729368573.0,Motion_1,False
1505729368573.0,Motion_2,False
1505729371990.0,Sound_L,65.80614423311118
1505729373256.0,Temperature_1,25.78
1505729373260.0,Humidity_1,56.07794910604482
1505729373262.0,Temperature_2,23.55
1505729373270.0,Humidity_2,58.91430635986382
1505729375441.0,Sound_P,119.57276590164363
1505729375445.0,PodiumIR,207
1505729376638.0,Sound_R,68.98173185590456
1505729377403.0,Sound_C,70.58581621815902
1505729379920.0,Temperature_1,25.78
1505729379923.0,Humidity_1,56.07794910604482
1505729379928.0,Temperature_2,23.55
1505729379929.0,Humidity_2,58.91430635986382
1505729381990.0,Sound_L,68.15695157772831
1505729385460.0,Sound_P,119.57276590164363
1505729385464.0,PodiumIR,202
1505729386586.0,Temperature_1,25.78
1505729386592.0,Humidity_1,56.07794910604482
1505729386594.0,Humidity_2,58.91430635986382
1505729386594.0,Temperature_2,23.55
1505729386638.0,Sound_R,68.55143686345659
1505729387403.0,Sound_C,69.28886673196212
1505729391990.0,Sound_L,67.86722070930047
1505729393249.0,Humidity_1,56.07794910604482
1505729393251.0,Temperature_1,25.78
1505729393253.0,Temperature_2,23.55
1505729393261.0,Humidity_2,58.91430635986382
1505729395469.0,Sound_P,119.54822097397646
1505729395473.0,PodiumIR,180
1505729396638.0,Sound_R,69.83804287114243
1505729397403.0,Sound_C,68.81055886448624
1505729399909.0,Temperature_1,25.78
1505729399914.0,Humidity_1,56.07794910604482
1505729399920.0,Temperature_2,23.55
1505729399924.0,Humidity_2,58.91430635986382
1505729401991.0,Sound_L,68.59029003767878
1505729405478.0,Sound_P,119.52364013564883
1505729405482.0,PodiumIR,188
1505729406574.0,Temperature_1,25.78
1505729406579.0,Humidity_2,58.91430635986382
1505729406586.0,Temperature_2,23.55
1505729406586.0,Humidity_1,56.07794910604482
1505729406638.0,Sound_R,70.0688351804039
1505729407403.0,Sound_C,69.43417702353729
1505729411991.0,Sound_L,66.1726246113064
1505729413237.0,Temperature_1,25.78
1505729413242.0,Humidity_2,58.91430635986382
1505729413242.0,Humidity_1,56.07794910604482
1505729413246.0,Temperature_2,23.55
1505729415486.0,Sound_P,119.57276590164363
1505729415490.0,PodiumIR,160
1505729416638.0,Sound_R,69.7972353170144
1505729417403.0,Sound_C,69.36623712052783
1505729419905.0,Humidity_1,56.07794910604482
1505729419906.0,Humidity_2,58.91430635986382
1505729419908.0,Temperature_1,25.78
1505729419913.0,Temperature_2,23.55
1505729421990.0,Sound_L,66.0054304348956
1505729425495.0,Sound_P,119.54822097397646
1505729425499.0,PodiumIR,177
1505729426568.0,Temperature_1,25.78
1505729426569.0,Humidity_2,58.91430635986382
1505729426569.0,Humidity_1,56.07794910604482
1505729426578.0,Temperature_2,23.55
1505729426638.0,Sound_R,72.84225028312596
1505729427403.0,Sound_C,68.77787425313845
1505729431990.0,Sound_L,66.20478775451585
1505729433231.0,Humidity_2,58.91430635986382
1505729433232.0,Temperature_1,25.78
1505729433234.0,Humidity_1,56.07794910604482
1505729433240.0,Temperature_2,23.55
1505729435506.0,Sound_P,119.499023281428
1505729435511.0,PodiumIR,174
1505729436638.0,Sound_R,72.43292709960576
1505729437403.0,Sound_C,70.12403810898408
1505729439893.0,Temperature_1,25.78
1505729439901.0,Humidity_2,58.91430635986382
1505729439902.0,Humidity_1,56.07794910604482
1505729439903.0,Temperature_2,23.55
1505729441990.0,Sound_L,66.63225097290967
1505729442648.0,Motion_1,False
1505729445518.0,Sound_P,119.499023281428
1505729445523.0,PodiumIR,169
1505729446561.0,Temperature_1,25.78
1505729446563.0,Humidity_2,58.91430635986382
1505729446570.0,Humidity_1,56.07794910604482
1505729446571.0,Temperature_2,23.55
1505729446638.0,Sound_R,70.46863760359813
1505729447403.0,Sound_C,70.69816300306819
1505729451990.0,Sound_L,67.62949220212522
1505729453219.0,Humidity_2,58.91430635986382
1505729453219.0,Temperature_1,25.78
1505729453224.0,Humidity_1,56.07794910604482
1505729453232.0,Temperature_2,23.55
1505729455530.0,Sound_P,119.44968110205673
1505729455535.0,PodiumIR,167
1505729456638.0,Sound_R,71.43451305616499
1505729457403.0,Sound_C,71.8420642374091
1505729459890.0,Humidity_2,58.91430635986382
1505729459890.0,Temperature_1,25.78
1505729459891.0,Humidity_1,56.07794910604482
1505729459895.0,Temperature_2,23.55
1505729461991.0,Sound_L,67.76058012689572
1505729465541.0,Sound_P,119.44968110205673
1505729465547.0,PodiumIR,184
1505729466260.0,Motion_1,False
1505729466265.0,Motion_3,True
1505729466553.0,Humidity_1,56.07794910604482
1505729466554.0,Humidity_2,58.91430635986382
1505729466555.0,Temperature_1,25.78
1505729466565.0,Temperature_2,23.55
1505729466638.0,Sound_R,71.3274002679879
1505729467403.0,Sound_C,71.31800046481327
1505729468997.0,Motion_2,True
1505729471990.0,Sound_L,68.24320019099294
1505729473209.0,Humidity_2,58.91430635986382
1505729473216.0,Humidity_1,56.07794910604482
1505729473216.0,Temperature_1,25.78
1505729473222.0,Temperature_2,23.55
1505729475562.0,Sound_P,119.40019358468658
1505729475565.0,PodiumIR,165
1505729476638.0,Sound_R,70.46438641050318
1505729477403.0,Sound_C,70.16805914284912
1505729479880.0,Temperature_1,25.78
1505729479886.0,Humidity_1,56.07794910604482
1505729479891.0,Temperature_2,23.55
1505729479895.0,Humidity_2,58.91430635986382
1505729481991.0,Sound_L,69.96389927798047
1505729485568.0,Sound_P,119.42495556411365
1505729485572.0,PodiumIR,167
1505729486546.0,Temperature_1,25.78
1505729486547.0,Humidity_1,56.07794910604482
1505729486553.0,Temperature_2,23.55
1505729486557.0,Humidity_2,58.91430635986382
1505729486638.0,Sound_R,70.19890317656808
1505729487403.0,Sound_C,69.63825979567882
1505729491991.0,Sound_L,70.0482385183569
1505729493208.0,Temperature_1,25.78
1505729493213.0,Humidity_1,56.07794910604482
1505729493221.0,Temperature_2,23.55
1505729493226.0,Humidity_2,58.91430635986382
1505729495575.0,Sound_P,119.37539505619912
1505729495579.0,PodiumIR,166
1505729496638.0,Sound_R,69.60159793567486
1505729497403.0,Sound_C,69.94424859023671
1505729499870.0,Temperature_1,25.78
1505729499877.0,Humidity_1,56.07794910604482
1505729499881.0,Humidity_2,58.91430635986382
1505729499882.0,Temperature_2,23.55
1505729501990.0,Sound_L,69.44251065662093
1505729503190.0,Motion_3,False
1505729503190.0,Motion_2,False
1505729505582.0,Sound_P,119.40019358468658
1505729505586.0,PodiumIR,156
1505729506533.0,Temperature_1,25.78
1505729506542.0,Temperature_2,23.55
1505729506543.0,Humidity_1,56.07794910604482
1505729506550.0,Humidity_2,58.91430635986382
1505729506638.0,Sound_R,67.9063351165589
1505729507403.0,Sound_C,71.07981938070385
1505729511990.0,Sound_L,68.22126457742078
1505729513195.0,Temperature_1,25.78
1505729513204.0,Humidity_1,56.07794910604482
1505729513208.0,Temperature_2,23.55
1505729513214.0,Humidity_2,58.91430635986382
1505729515588.0,Sound_P,119.40019358468658
1505729515592.0,PodiumIR,159
1505729516638.0,Sound_R,68.30502837331817
1505729517403.0,Sound_C,70.59849698593655
1505729519860.0,Temperature_1,25.78
1505729519862.0,Humidity_1,56.07794910604482
1505729519868.0,Temperature_2,23.55
1505729519875.0,Humidity_2,58.91430635986382
1505729521990.0,Sound_L,69.81987221302401
1505729525595.0,Sound_P,119.40019358468658
1505729525599.0,PodiumIR,156
1505729526527.0,Temperature_1,25.78
1505729526527.0,Temperature_2,23.55
1505729526530.0,Humidity_1,56.07794910604482
1505729526534.0,Humidity_2,58.91430635986382
1505729526638.0,Sound_R,69.67049151493129
1505729527403.0,Sound_C,70.11337942248674
1505729531990.0,Sound_L,70.70591151370066
1505729533190.0,Humidity_1,56.07794910604482
1505729533193.0,Temperature_1,25.78
1505729533193.0,Temperature_2,23.55
1505729533194.0,Humidity_2,58.91430635986382
1505729535602.0,Sound_P,119.35055987059783
1505729535606.0,PodiumIR,174
1505729536638.0,Sound_R,72.75257826537027
1505729537403.0,Sound_C,70.32552989676735
1505729539854.0,Humidity_1,56.07794910604482
1505729539858.0,Humidity_2,58.91430635986382
1505729539859.0,Temperature_2,23.55
1505729539859.0,Temperature_1,25.78
1505729541990.0,Sound_L,70.15953014729459
1505729545609.0,Sound_P,119.37539505619912
1505729545612.0,PodiumIR,170
1505729546517.0,Humidity_1,56.07794910604482
1505729546519.0,Temperature_2,23.55
1505729546521.0,Temperature_1,25.78
1505729546522.0,Humidity_2,58.91430635986382
1505729546638.0,Sound_R,76.07885214119119
1505729547403.0,Sound_C,71.13219645245083
1505729551990.0,Sound_L,69.17032404387959
1505729553178.0,Humidity_1,56.07794910604482
1505729553182.0,Temperature_2,23.55
1505729553184.0,Humidity_2,58.91430635986382
1505729553186.0,Temperature_1,25.78
1505729555616.0,Sound_P,119.42495556411365
1505729555619.0,PodiumIR,235
1505729556638.0,Sound_R,73.11731448706864
1505729557403.0,Sound_C,70.19421643833704
1505729559840.0,Humidity_1,56.07794910604482
1505729559849.0,Temperature_2,23.55
1505729559850.0,Temperature_1,25.78
1505729559855.0,Humidity_2,58.91430635986382
1505729561990.0,Sound_L,68.34593102119331
1505729564393.0,Motion_2,False
1505729564393.0,Motion_4,True
1505729564393.0,Motion_5,True
1505729565623.0,Sound_P,119.35055987059783
1505729565626.0,PodiumIR,243
1505729566501.0,Humidity_1,56.07794910604482
1505729566509.0,Temperature_2,23.55
1505729566511.0,Humidity_2,58.91430635986382
1505729566512.0,Temperature_1,25.78
1505729566638.0,Sound_R,71.76029885158783
1505729567403.0,Sound_C,71.44159338754407
1505729570056.0,Motion_3,True
1505729571990.0,Sound_L,69.77809517617978
1505729573163.0,Humidity_1,56.07794910604482
1505729573172.0,Humidity_2,58.91430635986382
1505729573177.0,Temperature_2,23.55
1505729573180.0,Temperature_1,25.78
1505729575630.0,Sound_P,119.32568791934936
1505729575633.0,PodiumIR,242
1505729576638.0,Sound_R,74.52568407202769
1505729577403.0,Sound_C,70.87168591854477
1505729579631.0,Motion_5,False
1505729579631.0,Motion_4,False
1505729579631.0,Motion_6,True
1505729579834.0,Temperature_2,23.55
1505729579835.0,Humidity_1,56.07794910604482
1505729579837.0,Humidity_2,58.91430635986382
1505729579843.0,Temperature_1,25.78
1505729581990.0,Sound_L,70.32783573012595
1505729585636.0,Sound_P,119.35055987059783
1505729585640.0,PodiumIR,240
1505729586491.0,Humidity_1,56.07794910604482
1505729586495.0,Temperature_2,23.55
1505729586498.0,Humidity_2,58.91430635986382
1505729586503.0,Temperature_1,25.78
1505729586638.0,Sound_R,74.6236602576866
1505729587403.0,Sound_C,70.10117676837271
1505729591990.0,Sound_L,69.3239898763045
1505729593152.0,Humidity_1,56.07794910604482
1505729593165.0,Humidity_2,58.91430635986382
1505729593166.0,Temperature_2,23.55
1505729593167.0,Temperature_1,25.78
1505729595643.0,Sound_P,119.35055987059783
1505729595647.0,PodiumIR,154
1505729596638.0,Sound_R,73.98710579533468
1505729597403.0,Sound_C,71.19297103975565
1505729599821.0,Temperature_2,23.55
1505729599825.0,Humidity_1,56.07794910604482
1505729599825.0,Humidity_2,58.91430635986382
1505729599836.0,Temperature_1,25.78
1505729601990.0,Sound_L,68.46460322667161
1505729605650.0,Sound_P,119.32568791934936
1505729605654.0,PodiumIR,192
1505729606478.0,Humidity_1,56.07794910604482
1505729606491.0,Temperature_2,23.55
1505729606494.0,Temperature_1,25.78
1505729606497.0,Humidity_2,58.91430635986382
1505729606638.0,Sound_R,74.246202004116
1505729607403.0,Sound_C,72.22276852790657
1505729611468.0,Motion_1,True
1505729611468.0,Motion_6,False
1505729611468.0,Motion_3,False
1505729611468.0,Motion_5,False
1505729611990.0,Sound_L,68.68911930408278
1505729613160.0,Temperature_1,25.78
1505729613164.0,Humidity_1,56.07794910604482
1505729613170.0,Temperature_2,23.55
1505729613173.0,Humidity_2,58.91430635986382
1505729615657.0,Sound_P,119.32568791934936
1505729615661.0,PodiumIR,157
1505729616638.0,Sound_R,75.83630061570206
1505729617403.0,Sound_C,72.78274396119544
1505729619826.0,Temperature_1,25.78
1505729619832.0,Humidity_1,56.07794910604482
1505729619834.0,Humidity_2,58.91430635986382
1505729619837.0,Temperature_2,23.55
1505729621990.0,Sound_L,71.11471860461737
1505729625664.0,Sound_P,119.32568791934936
1505729625667.0,PodiumIR,141
1505729626490.0,Temperature_1,25.78
1505729626493.0,Humidity_1,56.07794910604482
1505729626495.0,Temperature_2,23.55
1505729626496.0,Humidity_2,58.91430635986382
1505729626638.0,Sound_R,74.6450175325161
1505729627403.0,Sound_C,69.50406708175
1505729631990.0,Sound_L,69.45250576779205
1505729633148.0,Humidity_1,56.07794910604482
1505729633151.0,Temperature_1,25.78
1505729633159.0,Temperature_2,23.55
1505729633169.0,Humidity_2,58.91430635986382
1505729635671.0,Sound_P,119.30077909343765
1505729635675.0,PodiumIR,172
1505729636638.0,Sound_R,71.49012905198839
1505729636691.0,Motion_5,True
1505729636691.0,Motion_1,False
1505729637403.0,Sound_C,68.01793215600236
1505729639812.0,Temperature_1,25.78
1505729639821.0,Humidity_1,56.07794910604482
1505729639828.0,Humidity_2,58.91430635986382
1505729639829.0,Temperature_2,23.55
1505729641990.0,Sound_L,67.04807257707832
1505729642834.0,Motion_1,True
1505729645678.0,Sound_P,119.30077909343765
1505729645681.0,PodiumIR,177
1505729646482.0,Temperature_1,25.78
1505729646482.0,Humidity_1,56.07794910604482
1505729646490.0,Humidity_2,58.91430635986382
1505729646490.0,Temperature_2,23.55
1505729646638.0,Sound_R,70.37972517872055
1505729646906.0,Motion_4,True
1505729647403.0,Sound_C,69.82956850491978
1505729651990.0,Sound_L,66.08212693248711
1505729653140.0,Temperature_1,25.78
1505729653143.0,Humidity_1,56.07794910604482
1505729653152.0,Temperature_2,23.55
1505729653155.0,Humidity_2,58.91430635986382
1505729655271.0,Seat_9,True
1505729655271.0,Motion_5,False
1505729655271.0,Motion_1,True
1505729655685.0,Sound_P,119.27583328336107
1505729655688.0,PodiumIR,176
1505729656638.0,Sound_R,74.21870561439114
1505729657403.0,Sound_C,72.413289475409
1505729659806.0,Temperature_1,25.78
1505729659810.0,Humidity_1,56.07794910604482
1505729659817.0,Temperature_2,23.55
1505729659825.0,Humidity_2,58.91430635986382
1505729661990.0,Sound_L,67.21089807495827
1505729665692.0,Sound_P,119.30077909343765
1505729665695.0,PodiumIR,176
1505729666467.0,Humidity_1,56.07794910604482
1505729666468.0,Temperature_1,25.78
1505729666478.0,Temperature_2,23.55
1505729666485.0,Humidity_2,58.91430635986382
1505729666638.0,Sound_R,75.04493064084623
1505729667403.0,Sound_C,71.03519051901698
1505729671990.0,Sound_L,68.68413726443744
1505729673136.0,Humidity_1,56.07794910604482
1505729673139.0,Temperature_1,25.78
1505729673142.0,Temperature_2,23.55
1505729673154.0,Humidity_2,58.91430635986382
1505729675699.0,Sound_P,119.27583328336107
1505729675702.0,PodiumIR,180
1505729676638.0,Sound_R,75.18656902414486
1505729677403.0,Sound_C,69.10259552575324
1505729679383.0,Motion_4,False
1505729679383.0,Motion_1,False
1505729679797.0,Temperature_1,25.78
1505729679798.0,Humidity_1,56.07794910604482
1505729679808.0,Temperature_2,23.55
1505729679813.0,Humidity_2,58.91430635986382
1505729681990.0,Sound_L,69.71543383127522
1505729684946.0,Motion_5,True
1505729684946.0,Motion_2,True
1505729685705.0,Sound_P,119.30077909343765
1505729685709.0,PodiumIR,190
1505729686453.0,Humidity_1,56.07794910604482
1505729686465.0,Temperature_1,25.78
1505729686470.0,Temperature_2,23.55
1505729686481.0,Humidity_2,58.91430635986382
1505729686638.0,Sound_R,75.05905750687667
1505729687403.0,Sound_C,71.34382396850874
1505729691990.0,Sound_L,70.47301665121815
1505729693125.0,Humidity_1,56.07794910604482
1505729693131.0,Temperature_1,25.78
1505729693142.0,Humidity_2,58.91430635986382
1505729693143.0,Temperature_2,23.55
1505729695342.0,Motion_1,False
1505729695347.0,Motion_1,True
1505729695712.0,Sound_P,119.27583328336107
1505729695716.0,PodiumIR,186
1505729696638.0,Sound_R,74.56956505874446
1505729697403.0,Sound_C,71.71664391215282
1505729699779.0,Humidity_1,56.07794910604482
1505729699797.0,Temperature_1,25.78
1505729699805.0,Temperature_2,23.55
1505729699809.0,Humidity_2,58.91430635986382
1505729701990.0,Sound_L,71.65840400380972
1505729702136.0,Motion_2,False
1505729702136.0,Motion_5,False
1505729702136.0,Motion_4,True
1505729705734.0,Sound_P,119.27583328336107
1505729705738.0,PodiumIR,162
1505729706446.0,Humidity_1,56.07794910604482
1505729706456.0,Temperature_1,25.78
1505729706464.0,Temperature_2,23.55
1505729706464.0,Humidity_2,58.91430635986382
1505729706638.0,Sound_R,77.12043603171823
1505729707403.0,Sound_C,70.55084808129767
1505729711990.0,Sound_L,70.98088586781827
1505729713106.0,Humidity_1,56.07794910604482
1505729713119.0,Temperature_1,25.78
1505729713125.0,Temperature_2,23.55
1505729713130.0,Humidity_2,58.91430635986382
1505729715741.0,Sound_P,119.27583328336107
1505729715745.0,PodiumIR,168
1505729716638.0,Sound_R,72.60912434274665
1505729717403.0,Sound_C,67.65023122825016
1505729719772.0,Humidity_1,56.07794910604482
1505729719786.0,Temperature_1,25.78
1505729719798.0,Temperature_2,23.55
1505729719802.0,Humidity_2,58.91430635986382
1505729721990.0,Sound_L,68.93453853128847
1505729725748.0,Sound_P,119.30077909343765
1505729725751.0,PodiumIR,154
1505729726437.0,Humidity_1,56.07794910604482
1505729726451.0,Temperature_1,25.78
1505729726457.0,Temperature_2,23.55
1505729726465.0,Humidity_2,58.91430635986382
1505729726638.0,Sound_R,67.96886242266594
1505729727403.0,Sound_C,66.6643940578732
1505729731990.0,Sound_L,67.07835587180557
1505729733099.0,Humidity_1,56.07794910604482
1505729733114.0,Temperature_1,25.78
1505729733125.0,Humidity_2,58.91430635986382
1505729733127.0,Temperature_2,23.55
1505729735073.0,Motion_1,False
1505729735078.0,Motion_4,False
1505729735083.0,Motion_5,True
1505729735755.0,Sound_P,119.27583328336107
1505729735764.0,PodiumIR,160
1505729736638.0,Sound_R,70.07269109220015
1505729737403.0,Sound_C,69.23384444202706
1505729739764.0,Humidity_1,56.07794910604482
1505729739781.0,Temperature_1,25.78
1505729739783.0,Temperature_2,23.55
1505729739791.0,Humidity_2,58.91430635986382
1505729741990.0,Sound_L,65.62404029084581
1505729744928.0,Motion_1,True
1505729745769.0,Sound_P,119.32568791934936
1505729745773.0,PodiumIR,152
1505729746440.0,Temperature_1,25.78
1505729746443.0,Humidity_1,56.07794910604482
1505729746450.0,Temperature_2,23.55
1505729746453.0,Humidity_2,58.91430635986382
1505729746638.0,Sound_R,69.84074466082107
1505729747403.0,Sound_C,69.14950909984066
1505729749391.0,Motion_8,True
1505729749391.0,Motion_5,False
1505729749391.0,Motion_7,True
1505729751990.0,Sound_L,65.6588867089911
1505729753106.0,Humidity_1,56.07794910604482
1505729753107.0,Temperature_1,25.78
1505729753112.0,Temperature_2,23.55
1505729753118.0,Humidity_2,58.91430635986382
1505729755776.0,Sound_P,119.27583328336107
1505729755780.0,PodiumIR,153
1505729756638.0,Sound_R,69.22181385206534
1505729757403.0,Sound_C,67.74194542794204
1505729759771.0,Temperature_1,25.78
1505729759775.0,Humidity_1,56.07794910604482
1505729759776.0,Temperature_2,23.55
1505729759784.0,Humidity_2,58.91430635986382
1505729761990.0,Sound_L,65.83436386767065
1505729765783.0,Sound_P,119.30077909343765
1505729765787.0,PodiumIR,148
1505729766434.0,Humidity_1,56.07794910604482
1505729766436.0,Temperature_1,25.78
1505729766440.0,Temperature_2,23.55
1505729766446.0,Humidity_2,58.91430635986382
1505729766638.0,Sound_R,69.46499438868624
1505729767403.0,Sound_C,67.5020079752091
1505729771990.0,Sound_L,65.21508732891382
1505729773094.0,Humidity_1,56.07794910604482
1505729773097.0,Temperature_1,25.78
1505729773105.0,Temperature_2,23.55
1505729773105.0,Humidity_2,58.91430635986382
1505729775790.0,Sound_P,119.22583027026121
1505729775794.0,PodiumIR,150
1505729776638.0,Sound_R,69.7910561664317
1505729777403.0,Sound_C,69.52688192347698
1505729779757.0,Temperature_1,25.78
1505729779760.0,Humidity_1,56.07794910604482
1505729779775.0,Humidity_2,58.91430635986382
1505729779775.0,Temperature_2,23.55
1505729781990.0,Sound_L,65.92300854338507
1505729785797.0,Sound_P,119.20077284578056
1505729785801.0,PodiumIR,168
1505729786424.0,Temperature_1,25.78
1505729786428.0,Humidity_1,56.07794910604482
1505729786432.0,Humidity_2,58.91430635986382
1505729786435.0,Temperature_2,23.55
1505729786638.0,Sound_R,71.96801454735332
1505729787403.0,Sound_C,71.4799501697703
1505729791990.0,Sound_L,65.83019836486403
1505729793083.0,Temperature_1,25.78
1505729793087.0,Humidity_1,56.07794910604482
1505729793097.0,Temperature_2,23.55
1505729793101.0,Humidity_2,58.91430635986382
1505729795804.0,Sound_P,119.15054560358917
1505729795808.0,PodiumIR,170
1505729796638.0,Sound_R,71.40783166480003
1505729797403.0,Sound_C,72.0084106375278
1505729799749.0,Temperature_1,25.78
1505729799755.0,Humidity_1,56.07794910604482
1505729799763.0,Humidity_2,58.91430635986382
1505729799765.0,Temperature_2,23.55
1505729801990.0,Sound_L,68.16227427112045
1505729805811.0,Sound_P,119.12537556142838
1505729805815.0,PodiumIR,146
1505729806413.0,Temperature_1,25.78
1505729806423.0,Humidity_1,56.07794910604482
1505729806427.0,Temperature_2,23.55
1505729806427.0,Humidity_2,58.91430635986382
1505729806638.0,Sound_R,70.25247681225754
1505729807403.0,Sound_C,72.61313982107423
1505729811990.0,Sound_L,70.48593718436513
1505729813081.0,Temperature_1,25.78
1505729813083.0,Humidity_1,56.07794910604482
1505729813090.0,Temperature_2,23.55
1505729813092.0,Humidity_2,58.91430635986382
1505729815818.0,Sound_P,119.27583328336107
1505729815822.0,PodiumIR,149
1505729816638.0,Sound_R,73.66380000615254
1505729817403.0,Sound_C,72.08454022291325
1505729819743.0,Humidity_1,56.07794910604482
1505729819743.0,Temperature_1,25.78
1505729819750.0,Temperature_2,23.55
1505729819752.0,Humidity_2,58.91430635986382
1505729821990.0,Sound_L,71.39329614324016
1505729825825.0,Sound_P,119.25085037912943
1505729825839.0,PodiumIR,156
1505729826411.0,Temperature_1,25.78
1505729826414.0,Humidity_1,56.07794910604482
1505729826417.0,Temperature_2,23.55
1505729826418.0,Humidity_2,58.91430635986382
1505729826638.0,Sound_R,73.48762467765364
1505729827403.0,Sound_C,70.5208733779458
1505729829568.0,Motion_7,False
1505729829568.0,Motion_8,False
1505729829568.0,Seat_11,False
1505729829568.0,Motion_1,False
1505729831990.0,Sound_L,71.82199159675886
1505729833071.0,Temperature_1,25.78
1505729833075.0,Humidity_1,56.07794910604482
1505729833077.0,Temperature_2,23.55
1505729833086.0,Humidity_2,58.91430635986382
1505729835846.0,Sound_P,119.20077284578056
1505729835850.0,PodiumIR,153
1505729836638.0,Sound_R,72.76345494129312
1505729837403.0,Sound_C,70.71934498954747
1505729839734.0,Humidity_1,56.07794910604482
1505729839741.0,Temperature_1,25.78
1505729839747.0,Temperature_2,23.55
1505729839751.0,Humidity_2,58.91430635986382
1505729841990.0,Sound_L,72.0946511574812
1505729844867.0,Motion_7,False
1505729844867.0,Motion_8,True
1505729844867.0,Motion_5,True
1505729845855.0,Sound_P,119.17567799421437
1505729845867.0,PodiumIR,186
1505729846401.0,Temperature_1,25.78
1505729846403.0,Humidity_1,56.07794910604482
1505729846408.0,Humidity_2,58.91430635986382
1505729846408.0,Temperature_2,23.55
1505729846638.0,Sound_R,72.26017577893185
1505729847403.0,Sound_C,71.56104146455736
1505729851085.0,Motion_1,True
1505729851990.0,Sound_L,70.36778486197215
1505729853064.0,Humidity_1,56.07794910604482
1505729853065.0,Temperature_1,25.78
1505729853075.0,Temperature_2,23.55
1505729853082.0,Humidity_2,58.91430635986382
1505729853356.0,Motion_3,True
1505729855873.0,Sound_P,119.17567799421437
1505729855877.0,PodiumIR,147
1505729856638.0,Sound_R,70.21062756083886
1505729857403.0,Sound_C,69.08442100374516
1505729859727.0,Temperature_1,25.78
1505729859729.0,Humidity_1,56.07794910604482
1505729859738.0,Temperature_2,23.55
1505729859739.0,Humidity_2,58.91430635986382
1505729860055.0,Motion_5,False
1505729860060.0,Motion_8,False
1505729860060.0,Seat_10,True
1505729861990.0,Sound_L,68.81840881214293
1505729865887.0,Sound_P,119.12537556142838
1505729865900.0,PodiumIR,147
1505729866393.0,Temperature_1,25.78
1505729866397.0,Humidity_1,56.07794910604482
1505729866404.0,Humidity_2,58.91430635986382
1505729866405.0,Temperature_2,23.55
1505729866638.0,Sound_R,75.45310302539342
1505729867403.0,Sound_C,70.65906018562735
1505729871990.0,Sound_L,68.30434999666272
1505729873054.0,Temperature_1,25.78
1505729873057.0,Humidity_1,56.07794910604482
1505729873067.0,Temperature_2,23.55
1505729873067.0,Humidity_2,58.91430635986382
1505729875912.0,Sound_P,119.20077284578056
1505729875915.0,PodiumIR,146
1505729876638.0,Sound_R,77.72871499833934
1505729877403.0,Sound_C,75.70781772304711
1505729879722.0,Temperature_1,25.78
1505729879725.0,Humidity_1,56.07794910604482
1505729879731.0,Temperature_2,23.55
1505729879733.0,Humidity_2,58.91430635986382
1505729881990.0,Sound_L,70.0888467284056
1505729885927.0,Sound_P,119.22583027026121
1505729885938.0,PodiumIR,145
1505729886384.0,Temperature_1,25.78
1505729886392.0,Temperature_2,23.55
1505729886392.0,Humidity_1,56.07794910604482
1505729886395.0,Humidity_2,58.91430635986382
1505729886638.0,Sound_R,76.09537020875102
1505729887403.0,Sound_C,76.80310603775631
1505729889390.0,Motion_3,False
1505729889390.0,Motion_2,True
1505729889390.0,Motion_1,False
1505729891990.0,Sound_L,71.75756091210002
1505729893046.0,Humidity_1,56.07794910604482
1505729893053.0,Temperature_1,25.78
1505729893056.0,Humidity_2,58.91430635986382
1505729893061.0,Temperature_2,23.55
1505729895943.0,Sound_P,119.20077284578056
1505729895947.0,PodiumIR,145
1505729896638.0,Sound_R,73.01841344273396
1505729897403.0,Sound_C,74.02817882885913
1505729898505.0,Motion_3,True
1505729899708.0,Temperature_1,25.78
1505729899710.0,Humidity_1,56.07794910604482
1505729899725.0,Humidity_2,58.91430635986382
1505729899725.0,Temperature_2,23.55
1505729901990.0,Sound_L,69.8946353629783
1505729905950.0,Sound_P,119.20077284578056
1505729905963.0,PodiumIR,141
1505729906376.0,Temperature_1,25.78
1505729906379.0,Temperature_2,23.55
1505729906379.0,Humidity_1,56.07794910604482
1505729906394.0,Humidity_2,58.91430635986382
1505729906638.0,Sound_R,68.03074577429189
1505729907403.0,Sound_C,68.49932597457239
1505729908521.0,Motion_4,True
1505729908521.0,Motion_2,False
1505729908521.0,Motion_5,True
1505729908521.0,Motion_1,False
1505729911990.0,Sound_L,66.93991309533251
1505729912706.0,Motion_3,False
1505729912707.0,Motion_1,True
1505729913035.0,Temperature_1,25.78
1505729913042.0,Temperature_2,23.55
1505729913045.0,Humidity_1,56.07794910604482
1505729913058.0,Humidity_2,58.91430635986382
1505729915087.0,Motion_7,True
1505729915982.0,Sound_P,119.12537556142838
1505729915985.0,PodiumIR,186
1505729916638.0,Sound_R,67.5879334037866
1505729917403.0,Sound_C,66.04468892697615
1505729919697.0,Temperature_1,25.78
1505729919701.0,Humidity_1,56.07794910604482
1505729919712.0,Humidity_2,58.91430635986382
1505729919714.0,Temperature_2,23.55
1505729920561.0,Motion_4,False
1505729920561.0,Motion_8,True
1505729921990.0,Sound_L,63.66779684085981
1505729925997.0,Sound_P,119.22583027026121
1505729926001.0,PodiumIR,171
1505729926359.0,Temperature_1,25.78
1505729926366.0,Humidity_1,56.07794910604482
1505729926368.0,Temperature_2,23.55
1505729926381.0,Humidity_2,58.91430635986382
1505729926638.0,Sound_R,67.56089516999909
1505729927403.0,Sound_C,66.42317858391583
1505729928131.0,Motion_2,False
1505729928132.0,Motion_5,False
1505729928133.0,Motion_1,False
1505729928133.0,Motion_7,False
1505729928134.0,Motion_3,True
1505729931990.0,Sound_L,62.67272828695353
1505729933025.0,Humidity_1,56.07794910604482
1505729933031.0,Temperature_1,25.78
1505729933035.0,Temperature_2,23.55
1505729933043.0,Humidity_2,58.91430635986382
1505729934517.0,Motion_8,False
1505729934518.0,Motion_5,True
1505729935702.0,Motion_4,True
1505729936004.0,Sound_P,119.20077284578056
1505729936021.0,PodiumIR,94
1505729936638.0,Sound_R,67.48043879511857
1505729937403.0,Sound_C,65.40853994479149
1505729939691.0,Humidity_1,56.07794910604482
1505729939693.0,Temperature_1,25.78
1505729939702.0,Temperature_2,23.55
1505729939709.0,Humidity_2,58.91430635986382
1505729941990.0,Sound_L,62.87573051307969
1505729946026.0,Sound_P,119.17567799421437
1505729946030.0,PodiumIR,98
1505729946347.0,Temperature_1,25.78
1505729946352.0,Humidity_1,56.07794910604482
1505729946360.0,Temperature_2,23.55
1505729946373.0,Humidity_2,58.91430635986382
1505729946638.0,Sound_R,66.8393716611336
1505729947403.0,Sound_C,65.20129464911177
1505729950480.0,Motion_3,False
1505729950480.0,Motion_5,False
1505729950481.0,Motion_4,False
1505729950481.0,Motion_5,True
1505729951990.0,Sound_L,63.431844226306104
1505729952986.0,Motion_7,True
1505729953015.0,Temperature_1,25.78
1505729953017.0,Humidity_1,56.07794910604482
1505729953026.0,Temperature_2,23.55
1505729953034.0,Humidity_2,58.91430635986382
1505729956033.0,Sound_P,119.17567799421437
1505729956037.0,PodiumIR,126
1505729956638.0,Sound_R,63.64787485017259
1505729957403.0,Sound_C,64.69446806524059
1505729959677.0,Temperature_1,25.78
1505729959682.0,Humidity_1,56.07794910604482
1505729959691.0,Temperature_2,23.55
1505729959705.0,Humidity_2,58.91430635986382
1505729961990.0,Sound_L,63.172754960846035
1505729966040.0,Sound_P,119.17567799421437
1505729966044.0,PodiumIR,137
1505729966193.0,Motion_5,False
1505729966195.0,Motion_7,False
1505729966195.0,Motion_3,True
1505729966345.0,Temperature_1,25.78
1505729966347.0,Humidity_1,56.07794910604482
1505729966349.0,Temperature_2,23.55
1505729966364.0,Humidity_2,58.91430635986382
1505729966638.0,Sound_R,63.105723387096994
1505729967403.0,Sound_C,62.89732601663891
1505729969188.0,Motion_2,True
1505729971990.0,Sound_L,61.48748394479362
1505729972999.0,Temperature_1,25.78
1505729973006.0,Humidity_1,56.07794910604482
1505729973009.0,Temperature_2,23.55
1505729973026.0,Humidity_2,58.91430635986382
1505729976047.0,Sound_P,119.17567799421437
1505729976051.0,PodiumIR,72
1505729976638.0,Sound_R,64.28393473474857
1505729977403.0,Sound_C,62.75808786945331
1505729979671.0,Temperature_2,23.55
1505729979671.0,Humidity_1,56.07794910604482
1505729979672.0,Temperature_1,25.78
1505729979690.0,Humidity_2,58.91430635986382
1505729981247.0,Motion_3,False
1505729981248.0,Motion_5,True
1505729981249.0,Motion_2,False
1505729981990.0,Sound_L,63.30460769159791
1505729986054.0,Sound_P,119.17567799421437
1505729986058.0,PodiumIR,99
1505729986330.0,Humidity_1,56.07794910604482
1505729986334.0,Temperature_1,25.78
1505729986339.0,Temperature_2,23.55
1505729986360.0,Humidity_2,58.91430635986382
1505729986638.0,Sound_R,67.62182276146132
1505729987403.0,Sound_C,68.92277941085943
1505729991990.0,Sound_L,65.78341446129326
1505729992991.0,Temperature_1,25.78
1505729992994.0,Humidity_1,56.07794910604482
1505729993000.0,Temperature_2,23.55
1505729993025.0,Humidity_2,58.91430635986382
1505729996070.0,Sound_P,119.17567799421437
1505729996074.0,PodiumIR,206
1505729996638.0,Sound_R,72.62339822618343
1505729997403.0,Sound_C,72.48396838497777
1505729999391.0,Motion_5,False
1505729999392.0,Motion_1,True
1505729999654.0,Humidity_1,56.07794910604482
1505729999654.0,Temperature_1,25.78
1505729999660.0,Temperature_2,23.55
1505729999683.0,Humidity_2,58.91430635986382
1505730001990.0,Sound_L,67.62428638574787
1505730006086.0,Sound_P,119.15054560358917
1505730006090.0,PodiumIR,198
1505730006315.0,Temperature_1,25.78
1505730006320.0,Humidity_1,56.07794910604482
1505730006328.0,Temperature_2,23.55
1505730006349.0,Humidity_2,58.91430635986382
1505730006638.0,Sound_R,73.34553419728523
1505730007403.0,Sound_C,68.67066048745036
1505730011990.0,Sound_L,66.7278290424521
1505730013000.0,Temperature_1,25.78
1505730013004.0,Humidity_1,56.07794910604482
1505730013010.0,Temperature_2,23.55
1505730013013.0,Humidity_2,58.91430635986382
1505730014563.0,Motion_1,False
1505730014564.0,Motion_3,True
1505730016102.0,Sound_P,119.17567799421437
1505730016105.0,PodiumIR,169
1505730016638.0,Sound_R,74.32434494426347
1505730017403.0,Sound_C,68.65742354033107
1505730019662.0,Temperature_1,25.78
1505730019664.0,Humidity_1,56.07794910604482
1505730019672.0,Temperature_2,23.55
1505730019674.0,Humidity_2,58.91430635986382
1505730021990.0,Sound_L,66.90877186564794
1505730022901.0,Seat_6,False
1505730022903.0,Seat_2,True
1505730026057.0,Seat_6,True
1505730026115.0,Sound_P,119.12537556142838
1505730026120.0,PodiumIR,203
1505730026325.0,Temperature_1,25.78
1505730026328.0,Humidity_1,56.07794910604482
1505730026342.0,Temperature_2,23.55
1505730026345.0,Humidity_2,58.91430635986382
1505730026638.0,Sound_R,72.49694924684515
1505730027403.0,Sound_C,70.00183686994903
1505730031990.0,Sound_L,65.9368386731041
1505730032989.0,Humidity_1,56.07794910604482
1505730032997.0,Temperature_1,25.78
1505730033003.0,Temperature_2,23.55
1505730033005.0,Humidity_2,58.91430635986382
1505730036128.0,Sound_P,119.12537556142838
1505730036138.0,PodiumIR,210
1505730036638.0,Sound_R,68.72885505353834
1505730037403.0,Sound_C,67.80262039408672
1505730039392.0,Motion_3,False
1505730039393.0,Seat_2,False
1505730039394.0,Motion_3,True
1505730039652.0,Temperature_1,25.78
1505730039656.0,Humidity_1,56.07794910604482
1505730039665.0,Temperature_2,23.55
1505730039671.0,Humidity_2,58.91430635986382
1505730041990.0,Sound_L,65.26945287580573
1505730046144.0,Sound_P,119.10016775474907
1505730046149.0,PodiumIR,186
1505730046319.0,Temperature_1,25.78
1505730046320.0,Humidity_1,56.07794910604482
1505730046331.0,Temperature_2,23.55
1505730046338.0,Humidity_2,58.91430635986382
1505730046638.0,Sound_R,67.76157213940455
1505730047403.0,Sound_C,65.27749096967958
1505730051990.0,Sound_L,63.09533635950911
1505730052982.0,Humidity_1,56.07794910604482
1505730052989.0,Temperature_1,25.78
1505730052993.0,Temperature_2,23.55
1505730052995.0,Humidity_2,58.91430635986382
1505730056156.0,Sound_P,119.12537556142838
1505730056161.0,PodiumIR,205
1505730056638.0,Sound_R,66.56476166009817
1505730057403.0,Sound_C,64.54164943118451
1505730059650.0,Humidity_1,56.07794910604482
1505730059652.0,Temperature_1,25.78
1505730059653.0,Temperature_2,23.55
1505730059666.0,Humidity_2,58.91430635986382
1505730061990.0,Sound_L,62.7932618483432
1505730066167.0,Sound_P,119.10016775474907
1505730066172.0,PodiumIR,185
1505730066305.0,Humidity_1,56.07794910604482
1505730066309.0,Temperature_1,25.78
1505730066326.0,Temperature_2,23.55
1505730066328.0,Humidity_2,58.91430635986382
1505730066638.0,Sound_R,64.88050566836286
1505730067403.0,Sound_C,64.19501172916783
1505730071990.0,Sound_L,62.7262049147426
1505730072457.0,Motion_3,False
1505730072458.0,Seat_6,False
1505730072459.0,Motion_3,True
1505730072969.0,Humidity_1,56.07794910604482
1505730072973.0,Temperature_1,25.78
1505730072986.0,Temperature_2,23.55
1505730072988.0,Humidity_2,58.91430635986382
1505730076179.0,Sound_P,119.10016775474907
1505730076184.0,PodiumIR,174
1505730076638.0,Sound_R,67.72234654690399
1505730077403.0,Sound_C,66.33257476124443
1505730079632.0,Humidity_1,56.07794910604482
1505730079644.0,Temperature_1,25.78
1505730079645.0,Temperature_2,23.55
1505730079655.0,Humidity_2,58.91430635986382
1505730080634.0,Motion_2,True
1505730081990.0,Sound_L,62.204811530772446
1505730086190.0,Sound_P,119.12537556142838
1505730086195.0,PodiumIR,172
1505730086302.0,Humidity_1,56.07794910604482
1505730086305.0,Temperature_1,25.78
1505730086313.0,Temperature_2,23.55
1505730086318.0,Humidity_2,58.91430635986382
1505730086638.0,Sound_R,68.04657227793423
1505730087403.0,Sound_C,66.42139079838769
1505730091990.0,Sound_L,61.53034596972961
1505730092959.0,Humidity_1,56.07794910604482
1505730092965.0,Temperature_1,25.78
1505730092975.0,Temperature_2,23.55
1505730092977.0,Humidity_2,58.91430635986382
1505730094760.0,Motion_3,False
1505730094760.0,Seat_8,False
1505730094761.0,Motion_1,True
1505730094761.0,Motion_2,False
1505730096201.0,Sound_P,119.10016775474907
1505730096206.0,PodiumIR,198
1505730096638.0,Sound_R,64.10502218482652
1505730097403.0,Sound_C,62.798680243103355
1505730099493.0,Motion_3,True
1505730099618.0,Humidity_1,56.07794910604482
1505730099631.0,Temperature_1,25.78
1505730099639.0,Temperature_2,23.55
1505730099643.0,Humidity_2,58.91430635986382
1505730101990.0,Sound_L,60.39669545733399
1505730103466.0,Seat_8,True
1505730106213.0,Sound_P,119.074922070059
1505730106218.0,PodiumIR,200
1505730106289.0,Humidity_1,56.07794910604482
1505730106294.0,Temperature_1,25.78
1505730106308.0,Temperature_2,23.55
1505730106314.0,Humidity_2,58.91430635986382
1505730106638.0,Sound_R,63.52811273142476
1505730107403.0,Sound_C,62.04521600010935
1505730111100.0,Motion_1,False
1505730111101.0,Seat_6,True
1505730111990.0,Sound_L,60.32970902388813
1505730112406.0,Motion_3,True
1505730112944.0,Humidity_1,56.07794910604482
1505730112956.0,Temperature_1,25.78
1505730112967.0,Temperature_2,23.55
1505730112973.0,Humidity_2,58.91430635986382
1505730116224.0,Sound_P,119.10016775474907
1505730116228.0,PodiumIR,194
1505730116638.0,Sound_R,63.477787800089125
1505730117403.0,Sound_C,62.479118280660735
1505730119613.0,Humidity_1,56.07794910604482
1505730119626.0,Temperature_1,25.78
1505730119634.0,Temperature_2,23.55
1505730119635.0,Humidity_2,58.91430635986382
1505730120229.0,Seat_6,False
1505730120230.0,Motion_1,True
1505730121990.0,Sound_L,61.10740577229316
1505730126234.0,Sound_P,119.074922070059
1505730126239.0,PodiumIR,185
1505730126279.0,Humidity_1,56.07794910604482
1505730126283.0,Temperature_1,25.78
1505730126303.0,Temperature_2,23.55
1505730126304.0,Humidity_2,58.91430635986382
1505730126638.0,Sound_R,64.56418572518685
1505730127403.0,Sound_C,63.01863968153847
1505730131990.0,Sound_L,61.78601977041802
1505730132938.0,Humidity_1,56.07794910604482
1505730132950.0,Temperature_1,25.78
1505730132957.0,Temperature_2,23.55
1505730132966.0,Humidity_2,58.91430635986382
1505730135235.0,Motion_3,False
1505730135237.0,Motion_1,False
1505730135238.0,Motion_3,True
1505730136247.0,Sound_P,119.074922070059
1505730136251.0,PodiumIR,187
1505730136638.0,Sound_R,66.46874430313682
1505730137403.0,Sound_C,65.82262006925468
1505730139605.0,Humidity_1,56.07794910604482
1505730139618.0,Temperature_1,25.78
1505730139622.0,Temperature_2,23.55
1505730139628.0,Humidity_2,58.91430635986382
1505730141990.0,Sound_L,62.689814976047884
1505730146256.0,Sound_P,119.074922070059
1505730146260.0,PodiumIR,200
1505730146280.0,Temperature_1,25.78
1505730146283.0,Humidity_1,56.07794910604482
1505730146290.0,Temperature_2,23.55
1505730146294.0,Humidity_2,58.91430635986382
1505730146638.0,Sound_R,66.82730593392971
1505730147403.0,Sound_C,67.31382088011726
1505730151879.0,Motion_3,False
1505730151880.0,Motion_1,True
1505730151990.0,Sound_L,63.56660495656487
1505730152945.0,Temperature_1,25.78
1505730152952.0,Humidity_2,58.91430635986382
1505730152952.0,Humidity_1,56.07794910604482
1505730152957.0,Temperature_2,23.55
1505730156267.0,Sound_P,119.10016775474907
1505730156271.0,PodiumIR,154
1505730156638.0,Sound_R,67.77663758838486
1505730157403.0,Sound_C,66.12878189699222
1505730159608.0,Temperature_1,25.78
1505730159609.0,Humidity_1,56.07794910604482
1505730159619.0,Temperature_2,23.55
1505730159622.0,Humidity_2,58.91430635986382
1505730161990.0,Sound_L,64.05153416693756
1505730166269.0,Temperature_1,25.78
1505730166271.0,Humidity_1,56.07794910604482
1505730166276.0,Temperature_2,23.55
1505730166277.0,Sound_P,119.10016775474907
1505730166280.0,Humidity_2,58.91430635986382
1505730166281.0,PodiumIR,205
1505730166638.0,Sound_R,70.05201877732365
1505730167403.0,Sound_C,67.07137546377214
1505730171990.0,Sound_L,64.81939076862696
1505730172931.0,Temperature_1,25.78
1505730172935.0,Humidity_1,56.07794910604482
1505730172941.0,Humidity_2,58.91430635986382
1505730172945.0,Temperature_2,23.55
1505730173475.0,Seat_8,False
1505730173479.0,Motion_1,False
1505730173479.0,Seat_8,True
1505730176286.0,Sound_P,119.10016775474907
1505730176290.0,PodiumIR,189
1505730176638.0,Sound_R,70.9182554008384
1505730177403.0,Sound_C,67.9750904126553
1505730179597.0,Temperature_1,25.78
1505730179606.0,Humidity_1,56.07794910604482
1505730179606.0,Humidity_2,58.91430635986382
1505730179609.0,Temperature_2,23.55
1505730181990.0,Sound_L,64.66408453897935
1505730186263.0,Temperature_1,25.78
1505730186264.0,Humidity_1,56.07794910604482
1505730186267.0,Temperature_2,23.55
1505730186276.0,Humidity_2,58.91430635986382
1505730186297.0,Sound_P,119.074922070059
1505730186301.0,PodiumIR,164
1505730186638.0,Sound_R,70.00062551744018
1505730187403.0,Sound_C,68.2880762014327
1505730191990.0,Sound_L,64.73342982763117
1505730192851.0,Motion_1,True
1505730192929.0,Humidity_1,56.07794910604482
1505730192930.0,Temperature_2,23.55
1505730192931.0,Temperature_1,25.78
1505730192932.0,Humidity_2,58.91430635986382
1505730196304.0,Sound_P,119.04963839335355
1505730196312.0,PodiumIR,176
1505730196638.0,Sound_R,69.20791005589267
1505730197403.0,Sound_C,67.26817878542197
1505730198063.0,Motion_3,True
1505730199587.0,Temperature_1,25.78
1505730199591.0,Temperature_2,23.55
1505730199598.0,Humidity_2,58.91430635986382
1505730199600.0,Humidity_1,56.07794910604482
1505730201990.0,Sound_L,63.72592075738541
1505730204046.0,Motion_8,True
1505730206254.0,Humidity_1,56.07794910604482
1505730206258.0,Temperature_1,25.78
1505730206259.0,Humidity_2,58.91430635986382
1505730206262.0,Temperature_2,23.55
1505730206321.0,Sound_P,119.074922070059
1505730206329.0,PodiumIR,196
1505730206638.0,Sound_R,68.15983434554575
1505730207403.0,Sound_C,66.01097942838236
1505730211990.0,Sound_L,64.55960726590348
1505730212922.0,Temperature_2,23.55
1505730212924.0,Humidity_2,58.91430635986382
1505730212924.0,Humidity_1,56.07794910604482
1505730212924.0,Temperature_1,25.78
1505730216334.0,Sound_P,119.04963839335355
1505730216339.0,PodiumIR,175
1505730216638.0,Sound_R,68.31520622489495
1505730216646.0,Motion_1,False
1505730216647.0,Motion_1,True
1505730216647.0,Motion_3,False
1505730216648.0,Motion_8,False
1505730216648.0,Seat_4,False
1505730217403.0,Sound_C,66.61671083671708
1505730219583.0,Humidity_1,56.07794910604482
1505730219587.0,Temperature_1,25.78
1505730219587.0,Humidity_2,58.91430635986382
1505730219588.0,Temperature_2,23.55
1505730221990.0,Sound_L,65.72968081550334
1505730226245.0,Humidity_2,58.91430635986382
1505730226245.0,Temperature_2,23.55
1505730226250.0,Temperature_1,25.78
1505730226250.0,Humidity_1,56.07794910604482
1505730226351.0,Sound_P,119.02431661011266
1505730226354.0,PodiumIR,214
1505730226638.0,Sound_R,70.4995629510201
1505730227403.0,Sound_C,67.87079668392916
1505730231990.0,Sound_L,67.36550285973594
1505730232910.0,Humidity_1,56.07794910604482
1505730232911.0,Temperature_2,23.55
1505730232912.0,Humidity_2,58.91430635986382
1505730232914.0,Temperature_1,25.78
1505730234443.0,Motion_1,False
1505730234444.0,Motion_3,True
1505730236367.0,Sound_P,119.04963839335355
1505730236371.0,PodiumIR,207
1505730236638.0,Sound_R,69.99139281970298
1505730237403.0,Sound_C,68.82073697043164
1505730239573.0,Humidity_2,58.91430635986382
1505730239574.0,Temperature_2,23.55
1505730239577.0,Temperature_1,25.78
1505730239579.0,Humidity_1,56.07794910604482
1505730241990.0,Sound_L,67.84041260898708
1505730242212.0,Motion_1,True
1505730246236.0,Temperature_2,23.55
1505730246239.0,Humidity_2,58.91430635986382
1505730246243.0,Humidity_1,56.07794910604482
1505730246244.0,Temperature_1,25.78
1505730246383.0,Sound_P,119.02431661011266
1505730246390.0,PodiumIR,182
1505730246426.0,Motion_5,True
1505730246429.0,Motion_3,False
1505730246638.0,Sound_R,70.2150014469832
1505730247403.0,Sound_C,68.01920283176128
1505730251023.0,Seat_9,True
1505730251990.0,Sound_L,67.3026962013704
1505730252894.0,Temperature_2,23.55
1505730252905.0,Humidity_2,58.91430635986382
1505730252905.0,Humidity_1,56.07794910604482
1505730252909.0,Temperature_1,25.78
1505730256400.0,Sound_P,119.02431661011266
1505730256404.0,PodiumIR,194
1505730256638.0,Sound_R,73.93508897692722
1505730257403.0,Sound_C,69.15793919943876
1505730259563.0,Temperature_2,23.55
1505730259564.0,Humidity_2,58.91430635986382
1505730259568.0,Temperature_1,25.78
1505730259573.0,Humidity_1,56.07794910604482
1505730261990.0,Sound_L,66.24523357064538
1505730266226.0,Temperature_2,23.55
1505730266226.0,Humidity_2,58.91430635986382
1505730266227.0,Temperature_1,25.78
1505730266233.0,Humidity_1,56.07794910604482
1505730266414.0,Sound_P,118.99895660529766
1505730266418.0,PodiumIR,188
1505730266638.0,Sound_R,72.63837138268683
1505730267403.0,Sound_C,69.56662024365203
1505730269516.0,Motion_1,False
1505730269517.0,Motion_3,True
1505730269517.0,Motion_5,False
1505730271990.0,Sound_L,66.5738844006432
1505730272891.0,Temperature_2,23.55
1505730272892.0,Humidity_2,58.91430635986382
1505730272896.0,Temperature_1,25.78
1505730272901.0,Humidity_1,56.07794910604482
1505730276428.0,Sound_P,118.99895660529766
1505730276432.0,PodiumIR,193
1505730276638.0,Sound_R,69.7178648828365
1505730277403.0,Sound_C,67.75225990466303
1505730279560.0,Temperature_1,25.78
1505730279563.0,Humidity_1,56.07794910604482
1505730279569.0,Temperature_2,23.55
1505730279572.0,Humidity_2,58.91430635986382
1505730281990.0,Sound_L,66.53374698882745
1505730286223.0,Humidity_1,56.07794910604482
1505730286226.0,Temperature_1,25.78
1505730286230.0,Temperature_2,23.55
1505730286235.0,Humidity_2,58.91430635986382
1505730286442.0,Sound_P,119.02431661011266
1505730286445.0,PodiumIR,174
1505730286638.0,Sound_R,70.90639288564743
1505730287403.0,Sound_C,67.70250171752134
1505730291990.0,Sound_L,66.82732270288247
1505730292890.0,Temperature_1,25.78
1505730292891.0,Humidity_1,56.07794910604482
1505730292897.0,Temperature_2,23.55
1505730292903.0,Humidity_2,58.91430635986382
1505730296452.0,Sound_P,118.99895660529766
1505730296457.0,PodiumIR,209
1505730296638.0,Sound_R,70.22076844090004
1505730297403.0,Sound_C,66.76681337703138
1505730299547.0,Temperature_1,25.78
1505730299556.0,Humidity_1,56.07794910604482
1505730299566.0,Temperature_2,23.55
1505730299567.0,Humidity_2,58.91430635986382
1505730301990.0,Sound_L,66.37255000846955
1505730306218.0,Humidity_1,56.07794910604482
1505730306221.0,Temperature_1,25.78
1505730306223.0,Temperature_2,23.55
1505730306225.0,Humidity_2,58.91430635986382
1505730306464.0,Sound_P,118.99895660529766
1505730306469.0,PodiumIR,184
1505730306638.0,Sound_R,68.8988064517644
1505730307403.0,Sound_C,66.64219850733224
1505730311990.0,Sound_L,65.23642547383437
1505730312877.0,Temperature_1,25.78
1505730312885.0,Humidity_1,56.07794910604482
1505730312891.0,Humidity_2,58.91430635986382
1505730312892.0,Temperature_2,23.55
1505730316476.0,Sound_P,118.99895660529766
1505730316481.0,PodiumIR,185
1505730316638.0,Sound_R,69.35718988471974
1505730317403.0,Sound_C,68.11911021938499
1505730319540.0,Temperature_1,25.78
1505730319546.0,Humidity_1,56.07794910604482
1505730319551.0,Humidity_2,58.91430635986382
1505730319554.0,Temperature_2,23.55
1505730321990.0,Sound_L,65.17838019768645
1505730326203.0,Temperature_1,25.78
1505730326214.0,Temperature_2,23.55
1505730326215.0,Humidity_1,56.07794910604482
1505730326224.0,Humidity_2,58.91430635986382
1505730326488.0,Sound_P,118.97355826334818
1505730326493.0,PodiumIR,170
1505730326638.0,Sound_R,69.90396858312444
1505730327403.0,Sound_C,69.8740685589717
1505730331990.0,Sound_L,66.09646176690578
1505730332874.0,Temperature_1,25.78
1505730332877.0,Temperature_2,23.55
1505730332878.0,Humidity_1,56.07794910604482
1505730332880.0,Humidity_2,58.91430635986382
1505730336500.0,Sound_P,118.99895660529766
1505730336504.0,PodiumIR,190
1505730336638.0,Sound_R,69.83849270768576
1505730337403.0,Sound_C,69.9368728974081
1505730339536.0,Humidity_1,56.07794910604482
1505730339537.0,Temperature_1,25.78
1505730339550.0,Temperature_2,23.55
1505730339552.0,Humidity_2,58.91430635986382
1505730341990.0,Sound_L,68.95481652557558
1505730346199.0,Temperature_1,25.78
1505730346207.0,Humidity_1,56.07794910604482
1505730346211.0,Humidity_2,58.91430635986382
1505730346213.0,Temperature_2,23.55
1505730346511.0,Sound_P,118.97355826334818
1505730346517.0,PodiumIR,197
1505730346638.0,Sound_R,71.61259090448506
1505730347403.0,Sound_C,68.86225838170377
1505730351990.0,Sound_L,69.83566293460586
1505730352862.0,Humidity_1,56.07794910604482
1505730352865.0,Temperature_1,25.78
1505730352871.0,Humidity_2,58.91430635986382
1505730352876.0,Temperature_2,23.55
1505730356523.0,Sound_P,118.94812146817893
1505730356528.0,PodiumIR,151
1505730356638.0,Sound_R,72.71312620616972
1505730357251.0,Motion_3,False
1505730357252.0,Seat_4,True
1505730357403.0,Sound_C,68.6240159511038
1505730359531.0,Temperature_1,25.78
1505730359535.0,Humidity_1,56.07794910604482
1505730359538.0,Temperature_2,23.55
1505730359544.0,Humidity_2,58.91430635986382
1505730361990.0,Sound_L,69.48281068603553
1505730366196.0,Humidity_1,56.07794910604482
1505730366196.0,Temperature_1,25.78
1505730366205.0,Temperature_2,23.55
1505730366205.0,Humidity_2,58.91430635986382
1505730366535.0,Sound_P,118.89713205119665
1505730366538.0,PodiumIR,192
1505730366638.0,Sound_R,70.83053377639635
1505730367403.0,Sound_C,67.71986457913435
1505730371459.0,Motion_1,True
1505730371459.0,Seat_4,False
1505730371459.0,Motion_7,True
1505730371990.0,Sound_L,68.46379867887822
1505730372854.0,Temperature_1,25.78
1505730372857.0,Humidity_1,56.07794910604482
1505730372863.0,Humidity_2,58.91430635986382
1505730372865.0,Temperature_2,23.55
1505730376547.0,Sound_P,118.94812146817893
1505730376555.0,PodiumIR,167
1505730376638.0,Sound_R,69.69488000521496
1505730377403.0,Sound_C,67.31039974408982
1505730379349.0,Motion_6,True
1505730379517.0,Temperature_1,25.78
1505730379519.0,Humidity_1,56.07794910604482
1505730379527.0,Temperature_2,23.55
1505730379536.0,Humidity_2,58.91430635986382
1505730381990.0,Sound_L,68.4620192071715
1505730384443.0,Motion_7,False
1505730384444.0,Motion_1,False
1505730384444.0,Motion_2,True
1505730386182.0,Temperature_1,25.78
1505730386185.0,Humidity_1,56.07794910604482
1505730386194.0,Temperature_2,23.55
1505730386201.0,Humidity_2,58.91430635986382
1505730386560.0,Sound_P,118.99895660529766
1505730386568.0,PodiumIR,177
1505730386638.0,Sound_R,69.76020164145034
1505730387403.0,Sound_C,68.37395251937302
1505730390315.0,Motion_8,True
1505730391990.0,Sound_L,68.03089884424884
1505730392849.0,Temperature_1,25.78
1505730392855.0,Humidity_1,56.07794910604482
1505730392858.0,Temperature_2,23.55
1505730392864.0,Humidity_2,58.91430635986382
1505730394276.0,Motion_6,False
1505730394277.0,Motion_5,True
1505730396573.0,Sound_P,118.97355826334818
1505730396581.0,PodiumIR,177
1505730396638.0,Sound_R,68.48662435381537
1505730397403.0,Sound_C,69.05006425137296
1505730399511.0,Temperature_1,25.78
1505730399519.0,Temperature_2,23.55
1505730399520.0,Humidity_1,56.07794910604482
1505730399525.0,Humidity_2,58.91430635986382
1505730401990.0,Sound_L,67.59536863791263
1505730402810.0,Motion_2,False
1505730402811.0,Motion_1,True
1505730402812.0,Motion_8,False
1505730406174.0,Temperature_1,25.78
1505730406184.0,Humidity_1,56.07794910604482
1505730406187.0,Humidity_2,58.91430635986382
1505730406189.0,Temperature_2,23.55
1505730406586.0,Sound_P,118.94812146817893
1505730406591.0,PodiumIR,189
1505730406638.0,Sound_R,67.54216652981336
1505730407314.0,Motion_5,False
1505730407315.0,Motion_7,True
1505730407403.0,Sound_C,67.87977523787787
1505730411990.0,Sound_L,67.66101266524285
1505730412840.0,Temperature_1,25.78
1505730412843.0,Humidity_1,56.07794910604482
1505730412850.0,Temperature_2,23.55
1505730412852.0,Humidity_2,58.91430635986382
1505730416597.0,Sound_P,118.94812146817893
1505730416602.0,PodiumIR,195
1505730416638.0,Sound_R,68.97023309979927
1505730417403.0,Sound_C,69.25640854776556
1505730419508.0,Temperature_1,25.78
1505730419511.0,Humidity_1,56.07794910604482
1505730419513.0,Temperature_2,23.55
1505730419516.0,Humidity_2,58.91430635986382
1505730421990.0,Sound_L,67.08667907359543
1505730423318.0,Motion_1,False
1505730423319.0,Motion_7,False
1505730423320.0,Motion_1,True
1505730426163.0,Temperature_1,25.78
1505730426169.0,Humidity_1,56.07794910604482
1505730426175.0,Humidity_2,58.91430635986382
1505730426177.0,Temperature_2,23.55
1505730426609.0,Sound_P,118.89713205119665
1505730426614.0,PodiumIR,204
1505730426638.0,Sound_R,70.32762850613989
1505730427327.0,Seat_4,True
1505730427403.0,Sound_C,70.42722978463003
1505730431990.0,Sound_L,66.68318390265354
1505730432828.0,Temperature_1,25.78
1505730432835.0,Humidity_1,56.07794910604482
1505730432837.0,Humidity_2,58.91430635986382
1505730432838.0,Temperature_2,23.55
1505730434828.0,Motion_6,True
1505730434829.0,Motion_3,True
1505730436621.0,Sound_P,118.94812146817893
1505730436626.0,PodiumIR,189
1505730436638.0,Sound_R,69.9807543074824
1505730437403.0,Sound_C,68.88147189756744
1505730438141.0,Motion_1,False
1505730438142.0,Motion_7,True
1505730439497.0,Humidity_1,56.07794910604482
1505730439497.0,Temperature_2,23.55
1505730439499.0,Temperature_1,25.78
1505730439509.0,Humidity_2,58.91430635986382
1505730439641.0,Motion_1,True
1505730441990.0,Sound_L,66.605124909675
1505730442843.0,Seat_4,False
1505730442844.0,Motion_8,True
1505730444060.0,Motion_5,True
1505730444062.0,Motion_2,True
1505730446157.0,Temperature_1,25.78
1505730446161.0,Temperature_2,23.55
1505730446161.0,Humidity_1,56.07794910604482
1505730446165.0,Humidity_2,58.91430635986382
1505730446632.0,Sound_P,118.87157919455994
1505730446638.0,Sound_R,70.00397850333418
1505730446638.0,PodiumIR,189
1505730447403.0,Sound_C,69.9660339804259
1505730448470.0,Motion_6,False
1505730448470.0,Motion_3,True
1505730451990.0,Sound_L,66.9506120892709
1505730452827.0,Humidity_1,56.07794910604482
1505730452827.0,Temperature_1,25.78
1505730452827.0,Humidity_2,58.91430635986382
1505730452829.0,Temperature_2,23.55
1505730455604.0,Motion_1,False
1505730455604.0,Motion_7,False
1505730455604.0,Motion_8,False
1505730456638.0,Sound_R,69.04576644160721
1505730456644.0,Sound_P,118.94812146817893
1505730456649.0,PodiumIR,192
1505730457403.0,Sound_C,69.49639334205226
1505730457840.0,Motion_2,True
1505730457840.0,Motion_5,False
1505730459487.0,Temperature_2,23.55
1505730459488.0,Temperature_1,25.78
1505730459493.0,Humidity_1,56.07794910604482
1505730459497.0,Humidity_2,58.91430635986382
1505730461990.0,Sound_L,67.31082380241516
1505730466150.0,Temperature_1,25.78
1505730466152.0,Temperature_2,23.55
1505730466157.0,Humidity_1,56.07794910604482
1505730466158.0,Humidity_2,58.91430635986382
1505730466638.0,Sound_R,67.10104148540314
1505730466656.0,Sound_P,118.97355826334818
1505730466662.0,PodiumIR,186
1505730467403.0,Sound_C,68.17120818826622
1505730471568.0,Motion_1,False
1505730471568.0,Motion_2,False
1505730471568.0,Motion_3,False
1505730471990.0,Sound_L,66.12175931206887
1505730472816.0,Humidity_1,56.07794910604482
1505730472819.0,Temperature_2,23.55
1505730472820.0,Temperature_1,25.78
1505730472821.0,Humidity_2,58.91430635986382
1505730476638.0,Sound_R,67.70320515679674
1505730476668.0,Sound_P,118.99895660529766
1505730476672.0,PodiumIR,191
1505730477025.0,Motion_8,True
1505730477403.0,Sound_C,67.54652964429485
1505730479478.0,Temperature_2,23.55
1505730479481.0,Temperature_1,25.78
1505730479484.0,Humidity_1,56.07794910604482
1505730479485.0,Humidity_2,58.91430635986382
1505730481990.0,Sound_L,64.86592015151847
1505730483639.0,Motion_5,True
1505730483644.0,Motion_4,True
1505730483669.0,Motion_1,False
1505730486138.0,Temperature_2,23.55
1505730486139.0,Temperature_1,25.78
1505730486142.0,Humidity_2,58.91430635986382
1505730486148.0,Humidity_1,56.07794910604482
1505730486638.0,Sound_R,67.13199813379457
1505730486675.0,Sound_P,118.94812146817893
1505730486680.0,PodiumIR,188
1505730486910.0,Motion_3,True
1505730487403.0,Sound_C,66.62751157943644
1505730490202.0,Motion_2,True
1505730490372.0,Motion_8,False
1505730490517.0,Motion_1,True
1505730491990.0,Sound_L,64.06659008575605
1505730492805.0,Humidity_2,58.91430635986382
1505730492806.0,Temperature_2,23.55
1505730492806.0,Temperature_1,25.78
1505730492816.0,Humidity_1,56.07794910604482
1505730496638.0,Sound_R,66.62408710465881
1505730496685.0,Sound_P,118.94812146817893
1505730496690.0,PodiumIR,154
1505730497403.0,Sound_C,66.36958132772128
1505730499471.0,Temperature_2,23.55
1505730499471.0,Temperature_1,25.78
1505730499473.0,Humidity_1,56.07794910604482
1505730499475.0,Humidity_2,58.91430635986382
1505730501990.0,Sound_L,64.81028503822739
1505730506132.0,Temperature_2,23.55
1505730506132.0,Temperature_1,25.78
1505730506133.0,Humidity_2,58.91430635986382
1505730506140.0,Motion_5,False
1505730506144.0,Humidity_1,56.07794910604482
1505730506160.0,Motion_4,False
1505730506165.0,Motion_3,False
1505730506170.0,Motion_1,False
1505730506170.0,Motion_2,False
1505730506638.0,Sound_R,67.73778723757799
1505730506695.0,Sound_P,118.94812146817893
1505730506700.0,PodiumIR,193
1505730507403.0,Sound_C,66.11548208467116
1505730511990.0,Sound_L,64.98972424362526
1505730512798.0,Temperature_2,23.55
1505730512799.0,Temperature_1,25.78
1505730512801.0,Humidity_2,58.91430635986382
1505730512801.0,Humidity_1,56.07794910604482
1505730516638.0,Sound_R,69.4533295189381
1505730516705.0,Sound_P,118.97355826334818
1505730516710.0,PodiumIR,193
1505730517403.0,Sound_C,68.56629877884382
1505730519457.0,Temperature_2,23.55
1505730519457.0,Humidity_2,58.91430635986382
1505730519466.0,Humidity_1,56.07794910604482
1505730519468.0,Temperature_1,25.78
1505730521990.0,Sound_L,66.62312294873988
1505730521999.0,Motion_1,False
1505730526121.0,Humidity_2,58.91430635986382
1505730526121.0,Temperature_2,23.55
1505730526125.0,Temperature_1,25.78
1505730526132.0,Humidity_1,56.07794910604482
1505730526638.0,Sound_R,72.9082414679232
1505730526715.0,Sound_P,118.97355826334818
1505730526721.0,PodiumIR,120
1505730527403.0,Sound_C,73.01477404932378
1505730531990.0,Sound_L,68.12606408654338
1505730532339.0,Seat_2,True
1505730532788.0,Humidity_2,58.91430635986382
1505730532788.0,Temperature_2,23.55
1505730532797.0,Temperature_1,25.78
1505730532799.0,Humidity_1,56.07794910604482
1505730536638.0,Sound_R,72.49948364500915
1505730536725.0,Sound_P,118.94812146817893
1505730536729.0,PodiumIR,227
1505730537403.0,Sound_C,73.0844585911176
1505730539449.0,Humidity_2,58.91430635986382
1505730539449.0,Temperature_2,23.55
1505730539457.0,Temperature_1,25.78
1505730539461.0,Humidity_1,56.07794910604482
1505730540794.0,Motion_1,False
1505730540799.0,Motion_7,True
1505730541990.0,Sound_L,68.41839729075625
1505730546120.0,Temperature_1,25.78
1505730546123.0,Humidity_1,56.07794910604482
1505730546129.0,Temperature_2,23.55
1505730546131.0,Humidity_2,58.91430635986382
1505730546638.0,Sound_R,69.16663363609798
1505730546735.0,Sound_P,118.92264610317662
1505730546739.0,PodiumIR,249
1505730547403.0,Sound_C,67.8680202377242
1505730551990.0,Sound_L,65.34844763347867
1505730552779.0,Temperature_1,25.78
1505730552786.0,Humidity_1,56.07794910604482
1505730552790.0,Temperature_2,23.55
1505730552797.0,Humidity_2,58.91430635986382
1505730556638.0,Sound_R,66.96037210913686
1505730556746.0,Sound_P,118.99895660529766
1505730556758.0,PodiumIR,174
1505730557403.0,Sound_C,65.51736973458799
1505730559280.0,Motion_2,True
1505730559280.0,Seat_2,False
1505730559280.0,Motion_7,False
1505730559444.0,Temperature_1,25.78
1505730559448.0,Humidity_1,56.07794910604482
1505730559458.0,Humidity_2,58.91430635986382
1505730559462.0,Temperature_2,23.55
1505730561990.0,Sound_L,62.15332631251438
1505730566110.0,Humidity_1,56.07794910604482
1505730566114.0,Temperature_1,25.78
1505730566117.0,Temperature_2,23.55
1505730566127.0,Humidity_2,58.91430635986382
1505730566638.0,Sound_R,68.01630643503984
1505730566767.0,Sound_P,118.97355826334818
1505730566772.0,PodiumIR,207
1505730567403.0,Sound_C,67.30808028757856
1505730571990.0,Sound_L,64.06725232474885
1505730572776.0,Temperature_1,25.78
1505730572778.0,Humidity_1,56.07794910604482
1505730572786.0,Temperature_2,23.55
1505730572792.0,Humidity_2,58.91430635986382
1505730576638.0,Sound_R,69.51922925759264
1505730576778.0,Sound_P,118.97355826334818
1505730576783.0,PodiumIR,206
1505730577403.0,Sound_C,68.92434635523766
1505730579437.0,Temperature_1,25.78
1505730579441.0,Humidity_1,56.07794910604482
1505730579450.0,Temperature_2,23.55
1505730579455.0,Humidity_2,58.91430635986382
1505730581990.0,Sound_L,65.9550454162918
1505730586104.0,Temperature_1,25.78
1505730586107.0,Humidity_1,56.07794910604482
1505730586115.0,Humidity_2,58.91430635986382
1505730586116.0,Temperature_2,23.55
1505730586638.0,Sound_R,68.56228012865041
1505730586789.0,Sound_P,118.92264610317662
1505730586794.0,PodiumIR,223
1505730587403.0,Sound_C,69.53391604482512
1505730591827.0,Motion_2,False
1505730591832.0,Motion_1,True
1505730591832.0,Motion_5,True
1505730591990.0,Sound_L,67.67442587384988
1505730592771.0,Humidity_1,56.07794910604482
1505730592772.0,Temperature_1,25.78
1505730592773.0,Temperature_2,23.55
1505730592779.0,Humidity_2,58.91430635986382
1505730596638.0,Sound_R,70.0536574129722
1505730596800.0,Sound_P,118.94812146817893
1505730596805.0,PodiumIR,184
1505730597403.0,Sound_C,69.71302594680053
1505730599431.0,Temperature_1,25.78
1505730599439.0,Humidity_1,56.07794910604482
1505730599442.0,Temperature_2,23.55
1505730599448.0,Humidity_2,58.91430635986382
1505730601990.0,Sound_L,66.77619799259104
1505730606096.0,Temperature_1,25.78
1505730606099.0,Humidity_1,56.07794910604482
1505730606102.0,Temperature_2,23.55
1505730606106.0,Humidity_2,58.91430635986382
1505730606638.0,Sound_R,71.20915789054173
1505730606811.0,Sound_P,118.97355826334818
1505730606816.0,PodiumIR,199
1505730607403.0,Sound_C,69.89262564003614
1505730608921.0,Motion_1,False
1505730608921.0,Motion_3,True
1505730608921.0,Motion_5,False
1505730611990.0,Sound_L,67.1935226295483
1505730612761.0,Temperature_1,25.78
1505730612762.0,Humidity_1,56.07794910604482
1505730612766.0,Temperature_2,23.55
1505730612773.0,Humidity_2,58.91430635986382
1505730616638.0,Sound_R,69.52242854811084
1505730616822.0,Sound_P,118.99895660529766
1505730616827.0,PodiumIR,196
1505730617403.0,Sound_C,68.52499074975346
1505730619424.0,Temperature_1,25.78
1505730619432.0,Humidity_1,56.07794910604482
1505730619435.0,Humidity_2,58.91430635986382
1505730619438.0,Temperature_2,23.55
1505730621990.0,Sound_L,65.72550211405792
1505730626088.0,Temperature_1,25.78
1505730626095.0,Humidity_1,56.07794910604482
1505730626096.0,Temperature_2,23.55
1505730626097.0,Humidity_2,58.91430635986382
1505730626638.0,Sound_R,68.87538832447775
1505730626833.0,Sound_P,118.99895660529766
1505730626846.0,PodiumIR,193
1505730627403.0,Sound_C,67.30867867581696
1505730629638.0,Motion_3,False
1505730629638.0,Seat_1,False
1505730631990.0,Sound_L,66.05610026767496
1505730632747.0,Temperature_1,25.78
1505730632759.0,Humidity_1,56.07794910604482
1505730632759.0,Humidity_2,58.91430635986382
1505730632762.0,Temperature_2,23.55
1505730636638.0,Sound_R,69.71471598320363
1505730636853.0,Sound_P,119.074922070059
1505730636858.0,PodiumIR,200
1505730637403.0,Sound_C,69.31311966416304
1505730639412.0,Temperature_1,25.78
1505730639414.0,Humidity_1,56.07794910604482
1505730639420.0,Temperature_2,23.55
1505730639426.0,Humidity_2,58.91430635986382
1505730641990.0,Sound_L,65.65218191429062
1505730646079.0,Humidity_1,56.07794910604482
1505730646085.0,Temperature_1,25.78
1505730646093.0,Temperature_2,23.55
1505730646095.0,Humidity_2,58.91430635986382
1505730646638.0,Sound_R,70.18081043217641
1505730646864.0,Sound_P,119.04963839335355
1505730646868.0,PodiumIR,206
1505730647403.0,Sound_C,68.84213278769526
1505730651990.0,Sound_L,66.95215349611551
1505730652742.0,Humidity_1,56.07794910604482
1505730652748.0,Temperature_1,25.78
1505730652751.0,Temperature_2,23.55
1505730652759.0,Humidity_2,58.91430635986382
1505730656638.0,Sound_R,70.04485609367504
1505730656875.0,Sound_P,119.02431661011266
1505730656880.0,PodiumIR,212
1505730657257.0,Motion_3,False
1505730657257.0,Motion_5,True
1505730657403.0,Sound_C,68.22053507751907
1505730659408.0,Temperature_1,25.78
1505730659413.0,Humidity_1,56.07794910604482
1505730659414.0,Temperature_2,23.55
1505730659423.0,Humidity_2,58.91430635986382
1505730661990.0,Sound_L,66.88444752848434
1505730666073.0,Temperature_1,25.78
1505730666079.0,Humidity_1,56.07794910604482
1505730666084.0,Humidity_2,58.91430635986382
1505730666086.0,Temperature_2,23.55
1505730666638.0,Sound_R,70.50668017425495
1505730666886.0,Sound_P,119.02431661011266
1505730666891.0,PodiumIR,211
1505730667403.0,Sound_C,68.61922313788534
1505730671990.0,Sound_L,67.29152087507691
1505730672736.0,Humidity_1,56.07794910604482
1505730672739.0,Temperature_1,25.78
1505730672742.0,Temperature_2,23.55
1505730672746.0,Humidity_2,58.91430635986382
1505730676638.0,Sound_R,70.34108407844967
1505730676897.0,Sound_P,118.97355826334818
1505730676902.0,PodiumIR,223
1505730677008.0,Motion_7,True
1505730677008.0,Motion_5,False
1505730677403.0,Sound_C,67.40680585692157
1505730679400.0,Temperature_1,25.78
1505730679403.0,Humidity_1,56.07794910604482
1505730679409.0,Temperature_2,23.55
1505730679412.0,Humidity_2,58.91430635986382
1505730681990.0,Sound_L,67.00044921552654
1505730684167.0,Motion_1,True
1505730686066.0,Temperature_1,25.78
1505730686068.0,Humidity_1,56.07794910604482
1505730686078.0,Humidity_2,58.91430635986382
1505730686078.0,Temperature_2,23.55
1505730686638.0,Sound_R,70.65031046135624
1505730686908.0,Sound_P,119.02431661011266
1505730686913.0,PodiumIR,188
1505730687403.0,Sound_C,67.59260620075791
1505730691990.0,Sound_L,66.21781139325346
1505730692724.0,Temperature_1,25.78
1505730692729.0,Humidity_1,56.07794910604482
1505730692737.0,Temperature_2,23.55
1505730692738.0,Humidity_2,58.91430635986382
1505730692981.0,Motion_7,False
1505730696638.0,Sound_R,71.82643287979374
1505730696919.0,Sound_P,118.99895660529766
1505730696924.0,PodiumIR,214
1505730697403.0,Sound_C,70.13059481168438
1505730699392.0,Temperature_1,25.78
1505730699397.0,Humidity_1,56.07794910604482
1505730699398.0,Temperature_2,23.55
1505730699408.0,Humidity_2,58.91430635986382
1505730699625.0,Motion_1,False
1505730699625.0,Motion_8,True
1505730701871.0,Motion_1,True
1505730701871.0,Seat_5,False
1505730701990.0,Sound_L,66.01500396930794
1505730706057.0,Temperature_1,25.78
1505730706058.0,Humidity_1,56.07794910604482
1505730706063.0,Humidity_2,58.91430635986382
1505730706066.0,Temperature_2,23.55
1505730706638.0,Sound_R,70.76992057882995
1505730706939.0,Sound_P,118.97355826334818
1505730706944.0,PodiumIR,204
1505730707403.0,Sound_C,70.73472898152816
1505730711990.0,Sound_L,67.20173533072128
1505730712718.0,Temperature_1,25.78
1505730712720.0,Humidity_1,56.07794910604482
1505730712724.0,Temperature_2,23.55
1505730712730.0,Humidity_2,58.91430635986382
1505730716638.0,Sound_R,70.96811137195998
1505730716950.0,Sound_P,118.97355826334818
1505730716955.0,PodiumIR,204
1505730717403.0,Sound_C,70.39770974379923
1505730719383.0,Temperature_1,25.78
1505730719385.0,Humidity_1,56.07794910604482
1505730719394.0,Temperature_2,23.55
1505730719400.0,Humidity_2,58.91430635986382
1505730721990.0,Sound_L,68.41736801545815
1505730726049.0,Humidity_1,56.07794910604482
1505730726053.0,Temperature_1,25.78
1505730726059.0,Humidity_2,58.91430635986382
1505730726059.0,Temperature_2,23.55
1505730726638.0,Sound_R,72.32316231010141
1505730726961.0,Sound_P,119.02431661011266
1505730726966.0,PodiumIR,206
1505730727403.0,Sound_C,69.68767537490965
1505730731990.0,Sound_L,68.92854449041278
1505730732715.0,Temperature_1,25.78
1505730732720.0,Temperature_2,23.55
1505730732720.0,Humidity_1,56.07794910604482
1505730732721.0,Humidity_2,58.91430635986382
1505730736114.0,Motion_1,False
1505730736114.0,Motion_3,True
1505730736114.0,Motion_8,False
1505730736114.0,Motion_7,False
1505730736638.0,Sound_R,70.760705480053
1505730736972.0,Sound_P,118.97355826334818
1505730736976.0,PodiumIR,205
1505730737403.0,Sound_C,69.51459769763089
1505730739376.0,Temperature_1,25.78
1505730739381.0,Humidity_1,56.07794910604482
1505730739390.0,Temperature_2,23.55
1505730739391.0,Humidity_2,58.91430635986382
1505730740206.0,Motion_8,True
1505730740211.0,Motion_1,True
1505730741990.0,Sound_L,68.94954548654636
1505730746044.0,Temperature_1,25.78
1505730746044.0,Temperature_2,23.55
1505730746047.0,Humidity_1,56.07794910604482
1505730746054.0,Humidity_2,58.91430635986382
1505730746205.0,Seat_5,True
1505730746638.0,Sound_R,71.36261185490555
1505730746983.0,Sound_P,118.99895660529766
1505730746988.0,PodiumIR,198
1505730747403.0,Sound_C,70.10406616683561
1505730751990.0,Sound_L,68.73012237620908
1505730752699.0,Temperature_1,25.78
1505730752710.0,Humidity_1,56.07794910604482
1505730752712.0,Temperature_2,23.55
1505730752717.0,Humidity_2,58.91430635986382
1505730755360.0,Motion_1,False
1505730755360.0,Motion_8,False
1505730755360.0,Motion_3,False
1505730755360.0,Motion_7,True
1505730756638.0,Sound_R,72.19173364556418
1505730756994.0,Sound_P,118.94812146817893
1505730757000.0,PodiumIR,186
1505730757403.0,Sound_C,69.41495961358528
1505730759365.0,Temperature_1,25.78
1505730759366.0,Humidity_1,56.07794910604482
1505730759378.0,Temperature_2,23.55
1505730759384.0,Humidity_2,58.91430635986382
1505730761990.0,Sound_L,69.4603729233069
1505730766027.0,Temperature_1,25.78
1505730766038.0,Humidity_1,56.07794910604482
1505730766040.0,Humidity_2,58.91430635986382
1505730766042.0,Temperature_2,23.55
1505730766638.0,Sound_R,71.45730866774903
1505730767006.0,Sound_P,118.99895660529766
1505730767011.0,PodiumIR,201
1505730767403.0,Sound_C,69.21973678065791
1505730771990.0,Sound_L,68.9821306179085
1505730772695.0,Humidity_1,56.07794910604482
1505730772698.0,Temperature_1,25.78
1505730772704.0,Temperature_2,23.55
1505730772712.0,Humidity_2,58.91430635986382
1505730776638.0,Sound_R,71.0693762586619
1505730777016.0,Sound_P,118.97355826334818
1505730777022.0,PodiumIR,212
1505730777403.0,Sound_C,69.74938137310369
1505730779363.0,Temperature_1,25.78
1505730779367.0,Humidity_1,56.07794910604482
1505730779371.0,Temperature_2,23.55
1505730779373.0,Humidity_2,58.91430635986382
1505730781990.0,Sound_L,68.71564842210428
1505730785858.0,Door,activate
1505730786023.0,Humidity_1,56.07794910604482
1505730786026.0,Temperature_1,25.78
1505730786037.0,Humidity_2,58.91430635986382
1505730786038.0,Temperature_2,23.55
1505730786638.0,Sound_R,71.2389478139993
1505730787028.0,Sound_P,118.94812146817893
1505730787033.0,PodiumIR,217
1505730787403.0,Sound_C,70.69233681751261
1505730787542.0,Motion_3,True
1505730787542.0,Motion_7,False
1505730787542.0,Seat_8,False
1505730787542.0,Motion_1,False
1505730789638.0,Seat_8,True
1505730791990.0,Sound_L,68.33844371001636
1505730792687.0,Temperature_1,25.78
1505730792690.0,Humidity_1,56.07794910604482
1505730792692.0,Temperature_2,23.55
1505730792697.0,Humidity_2,58.91430635986382
1505730796638.0,Sound_R,70.95791323827207
1505730797039.0,Sound_P,118.94812146817893
1505730797043.0,PodiumIR,191
1505730797403.0,Sound_C,71.3994849398211
1505730799350.0,Humidity_1,56.07794910604482
1505730799354.0,Temperature_1,25.78
1505730799362.0,Humidity_2,58.91430635986382
1505730799362.0,Temperature_2,23.55
1505730801990.0,Sound_L,67.3111093184535
1505730802109.0,Motion_3,False
1505730802109.0,Seat_2,True
1505730806012.0,Temperature_1,25.78
1505730806019.0,Humidity_1,56.07794910604482
1505730806021.0,Temperature_2,23.55
1505730806032.0,Humidity_2,58.91430635986382
1505730806127.0,Motion_3,True
1505730806638.0,Sound_R,70.7795546620693
1505730807050.0,Sound_P,118.89713205119665
1505730807054.0,PodiumIR,207
1505730807403.0,Sound_C,72.9617429883376
1505730807712.0,Seat_2,False
1505730807717.0,Motion_7,True
1505730811990.0,Sound_L,67.77995157048198
1505730812680.0,Temperature_1,25.78
1505730812683.0,Humidity_1,56.07794910604482
1505730812691.0,Temperature_2,23.55
1505730812694.0,Humidity_2,58.91430635986382
1505730816638.0,Sound_R,69.91983089105486
1505730817061.0,Sound_P,118.89713205119665
1505730817066.0,PodiumIR,223
1505730817403.0,Sound_C,70.09494422488689
1505730819345.0,Temperature_1,25.78
1505730819350.0,Humidity_1,56.07794910604482
1505730819359.0,Temperature_2,23.55
1505730819361.0,Humidity_2,58.91430635986382
1505730821990.0,Sound_L,66.47646197214749
1505730822211.0,Door,activate
1505730822669.0,Door,activate
1505730826008.0,Temperature_1,25.78
1505730826011.0,Humidity_1,56.07794910604482
1505730826018.0,Temperature_2,23.55
1505730826019.0,Humidity_2,58.91430635986382
1505730826641.0,Sound_R,69.26047911806795
1505730827072.0,Sound_P,118.92264610317662
1505730827078.0,PodiumIR,220
1505730827403.0,Sound_C,67.43016340042918
1505730831990.0,Sound_L,66.20757735498674
1505730832672.0,Temperature_1,25.78
1505730832678.0,Temperature_2,23.55
1505730832678.0,Humidity_1,56.07794910604482
1505730832678.0,Humidity_2,58.91430635986382
1505730833851.0,Seat_8,False
1505730833851.0,Motion_7,False
1505730833851.0,Motion_3,False
1505730836638.0,Sound_R,71.27350409797272
1505730837084.0,Sound_P,118.89713205119665
1505730837090.0,PodiumIR,220
1505730837403.0,Sound_C,68.92046509405401
1505730839335.0,Temperature_1,25.78
1505730839336.0,Humidity_1,56.07794910604482
1505730839345.0,Humidity_2,58.91430635986382
1505730839347.0,Temperature_2,23.55
1505730841990.0,Sound_L,66.79748778938827
1505730846000.0,Temperature_1,25.78
1505730846003.0,Temperature_2,23.55
1505730846005.0,Humidity_2,58.91430635986382
1505730846008.0,Humidity_1,56.07794910604482
1505730846638.0,Sound_R,69.37543990600088
1505730847063.0,Motion_3,False
1505730847063.0,Seat_9,True
1505730847096.0,Sound_P,118.97355826334818
1505730847101.0,PodiumIR,207
1505730847403.0,Sound_C,68.42612100433722
1505730849795.0,Motion_3,True
1505730851990.0,Sound_L,66.8786325272005
1505730852664.0,Temperature_1,25.78
1505730852666.0,Humidity_1,56.07794910604482
1505730852668.0,Temperature_2,23.55
1505730852672.0,Humidity_2,58.91430635986382
1505730856638.0,Sound_R,65.60143865367593
1505730857108.0,Sound_P,118.94812146817893
1505730857113.0,PodiumIR,190
1505730857403.0,Sound_C,67.93940221119728
1505730859327.0,Temperature_2,23.55
1505730859329.0,Temperature_1,25.78
1505730859336.0,Humidity_1,56.07794910604482
1505730859338.0,Humidity_2,58.91430635986382
1505730861990.0,Sound_L,66.93110283233361
1505730865996.0,Temperature_1,25.78
1505730865996.0,Temperature_2,23.55
1505730865997.0,Humidity_1,56.07794910604482
1505730865997.0,Humidity_2,58.91430635986382
1505730866638.0,Sound_R,66.24920214169374
1505730867119.0,Sound_P,118.92264610317662
1505730867123.0,PodiumIR,234
1505730867403.0,Sound_C,68.8570493738262
1505730869665.0,Motion_3,False
1505730869670.0,Seat_8,True
1505730871990.0,Sound_L,65.49575811689785
1505730872651.0,Temperature_1,25.78
1505730872656.0,Temperature_2,23.55
1505730872656.0,Humidity_1,56.07794910604482
1505730872663.0,Humidity_2,58.91430635986382
1505730876638.0,Sound_R,68.48779094303343
1505730877127.0,Sound_P,118.89713205119665
1505730877131.0,PodiumIR,211
1505730877403.0,Sound_C,69.611984293362
1505730879321.0,Humidity_1,56.07794910604482
1505730879325.0,Temperature_2,23.55
1505730879325.0,Temperature_1,25.78
1505730879326.0,Humidity_2,58.91430635986382
1505730881990.0,Sound_L,65.97295423672148
1505730885980.0,Temperature_1,25.78
1505730885983.0,Humidity_1,56.07794910604482
1505730885987.0,Humidity_2,58.91430635986382
1505730885989.0,Temperature_2,23.55
1505730886638.0,Sound_R,72.93034244083118
1505730887141.0,Sound_P,118.87157919455994
1505730887145.0,PodiumIR,214
1505730887403.0,Sound_C,69.39247225647738
1505730889956.0,Motion_3,True
1505730891990.0,Sound_L,66.95885571504226
1505730892646.0,Humidity_1,56.07794910604482
1505730892646.0,Humidity_2,58.91430635986382
1505730892649.0,Temperature_2,23.55
1505730892650.0,Temperature_1,25.78
1505730896638.0,Sound_R,74.42320288172384
1505730897145.0,Seat_2,True
1505730897153.0,Sound_P,118.97355826334818
1505730897157.0,PodiumIR,211
1505730897403.0,Sound_C,69.8634061625461
1505730899306.0,Temperature_2,23.55
1505730899308.0,Humidity_2,58.91430635986382
1505730899311.0,Temperature_1,25.78
1505730899317.0,Humidity_1,56.07794910604482
1505730901990.0,Sound_L,68.11300115777769
1505730905973.0,Temperature_1,25.78
1505730905974.0,Temperature_2,23.55
1505730905975.0,Humidity_2,58.91430635986382
1505730905979.0,Humidity_1,56.07794910604482
1505730906180.0,Motion_5,True
1505730906180.0,Seat_2,False
1505730906180.0,Motion_3,False
1505730906638.0,Sound_R,72.51415693866794
1505730907164.0,Sound_P,118.87157919455994
1505730907167.0,PodiumIR,199
1505730907403.0,Sound_C,71.77045302586973
1505730911990.0,Sound_L,68.61737431882855
1505730912635.0,Humidity_2,58.91430635986382
1505730912640.0,Temperature_2,23.55
1505730912643.0,Temperature_1,25.78
1505730912647.0,Humidity_1,56.07794910604482
1505730915290.0,Motion_3,True
1505730916638.0,Sound_R,71.7557186858969
1505730917176.0,Sound_P,118.89713205119665
1505730917180.0,PodiumIR,192
1505730917403.0,Sound_C,72.36517717088128
1505730919299.0,Temperature_1,25.78
1505730919303.0,Humidity_1,56.07794910604482
1505730919304.0,Temperature_2,23.55
1505730919305.0,Humidity_2,58.91430635986382
1505730921990.0,Sound_L,68.01241791183003
1505730925960.0,Humidity_2,58.91430635986382
1505730925961.0,Temperature_2,23.55
1505730925968.0,Temperature_1,25.78
1505730925971.0,Humidity_1,56.07794910604482
1505730926638.0,Sound_R,72.23931442893844
1505730927183.0,Sound_P,118.89713205119665
1505730927189.0,PodiumIR,215
1505730927403.0,Sound_C,72.00194049712906
1505730928197.0,Motion_5,False
1505730928197.0,Motion_3,True
1505730931148.0,Motion_7,True
1505730931990.0,Sound_L,67.03518152928935
1505730932625.0,Temperature_2,23.55
1505730932630.0,Humidity_2,58.91430635986382
1505730932633.0,Humidity_1,56.07794910604482
1505730932635.0,Temperature_1,25.78
1505730936638.0,Sound_R,72.87421901772497
1505730937195.0,Sound_P,118.87157919455994
1505730937200.0,PodiumIR,206
1505730937403.0,Sound_C,72.62782572834668
1505730939286.0,Temperature_2,23.55
1505730939295.0,Humidity_1,56.07794910604482
1505730939295.0,Humidity_2,58.91430635986382
1505730939299.0,Temperature_1,25.78
1505730941990.0,Sound_L,68.28457474630972
1505730945960.0,Temperature_1,25.78
1505730945963.0,Humidity_1,56.07794910604482
1505730945968.0,Temperature_2,23.55
1505730945970.0,Humidity_2,58.91430635986382
1505730946638.0,Sound_R,74.7678824031907
1505730947206.0,Sound_P,118.89713205119665
1505730947212.0,PodiumIR,211
1505730947403.0,Sound_C,73.2739441484361
1505730951664.0,Motion_7,False
1505730951664.0,Motion_3,False
1505730951990.0,Sound_L,69.65653064702965
1505730952619.0,Temperature_1,25.78
1505730952624.0,Humidity_1,56.07794910604482
1505730952629.0,Temperature_2,23.55
1505730952633.0,Humidity_2,58.91430635986382
1505730956638.0,Sound_R,74.62702667924208
1505730957219.0,Sound_P,118.87157919455994
1505730957223.0,PodiumIR,204
1505730957403.0,Sound_C,73.1368888077878
1505730959286.0,Temperature_1,25.78
1505730959293.0,Humidity_1,56.07794910604482
1505730959297.0,Temperature_2,23.55
1505730959300.0,Humidity_2,58.91430635986382
1505730961990.0,Sound_L,70.55209767221609
1505730965956.0,Temperature_1,25.78
1505730965959.0,Temperature_2,23.55
1505730965960.0,Humidity_1,56.07794910604482
1505730965965.0,Humidity_2,58.91430635986382
1505730966638.0,Sound_R,74.23733690868079
1505730967232.0,Sound_P,118.87157919455994
1505730967236.0,PodiumIR,211
1505730967403.0,Sound_C,73.93045451515376
1505730971990.0,Sound_L,69.7640788222692
1505730972615.0,Temperature_1,25.78
1505730972620.0,Humidity_1,56.07794910604482
1505730972627.0,Humidity_2,58.91430635986382
1505730972629.0,Temperature_2,23.55
1505730976638.0,Sound_R,74.26278612566263
1505730977243.0,Sound_P,118.79468661183239
1505730977249.0,PodiumIR,199
1505730977403.0,Sound_C,73.06086931456456
1505730979278.0,Temperature_1,25.78
1505730979287.0,Humidity_1,56.07794910604482
1505730979288.0,Temperature_2,23.55
1505730979288.0,Humidity_2,58.91430635986382
1505730980515.0,Motion_7,False
1505730980515.0,Seat_3,False
1505730980515.0,Motion_5,True
1505730981990.0,Sound_L,69.04110888644875
1505730983531.0,Motion_6,True
1505730985947.0,Humidity_1,56.07794910604482
1505730985947.0,Temperature_1,25.78
1505730985951.0,Humidity_2,58.91430635986382
1505730985957.0,Temperature_2,23.55
1505730986453.0,Seat_3,True
1505730986638.0,Sound_R,70.09178084010142
1505730987255.0,Sound_P,118.82035659390785
1505730987261.0,PodiumIR,199
1505730987403.0,Sound_C,68.8538122939538
1505730990550.0,Seat_1,True
1505730991990.0,Sound_L,68.23922515891188
1505730992411.0,Motion_3,True
1505730992605.0,Temperature_1,25.78
1505730992609.0,Humidity_1,56.07794910604482
1505730992615.0,Temperature_2,23.55
1505730992618.0,Humidity_2,58.91430635986382
1505730994467.0,Motion_7,False
1505730994467.0,Motion_5,False
1505730994467.0,Motion_1,True
1505730994467.0,Motion_2,True
1505730995908.0,Motion_8,True
1505730995908.0,Motion_6,False
1505730996638.0,Sound_R,71.38394122241182
1505730997128.0,Motion_7,True
1505730997128.0,Motion_5,True
1505730997266.0,Sound_P,118.79468661183239
1505730997272.0,PodiumIR,215
1505730997403.0,Sound_C,68.3454533000465
1505730999269.0,Temperature_1,25.78
1505730999278.0,Humidity_1,56.07794910604482
1505730999282.0,Temperature_2,23.55
1505730999286.0,Humidity_2,58.91430635986382
1505730999490.0,Motion_6,True
1505731001990.0,Sound_L,67.06313548576134
1505731003882.0,Seat_4,True
1505731005938.0,Temperature_1,25.78
1505731005938.0,Humidity_1,56.07794910604482
1505731005941.0,Temperature_2,23.55
1505731005943.0,Humidity_2,58.91430635986382
1505731006638.0,Sound_R,72.79648671334915
1505731007278.0,Sound_P,118.84598741504962
1505731007283.0,PodiumIR,226
1505731007394.0,Motion_3,False
1505731007399.0,Motion_2,True
1505731007399.0,Motion_1,False
1505731007403.0,Sound_C,69.31348411992055
1505731010120.0,Motion_1,True
1505731010120.0,Motion_5,False
1505731010120.0,Motion_8,False
1505731010120.0,Motion_7,True
1505731011990.0,Sound_L,66.4093139590266
1505731012603.0,Temperature_1,25.78
1505731012604.0,Humidity_1,56.07794910604482
1505731012608.0,Humidity_2,58.91430635986382
1505731012610.0,Temperature_2,23.55
1505731016638.0,Sound_R,71.21320545988836
1505731017290.0,Sound_P,118.82035659390785
1505731017294.0,PodiumIR,205
1505731017403.0,Sound_C,67.95912873793252
1505731017519.0,Motion_6,False
1505731017524.0,Seat_8,False
1505731017524.0,Motion_8,True
1505731019269.0,Humidity_1,56.07794910604482
1505731019269.0,Temperature_1,25.78
1505731019270.0,Temperature_2,23.55
1505731019277.0,Humidity_2,58.91430635986382
1505731019305.0,Motion_2,False
1505731019305.0,Motion_5,True
1505731021990.0,Sound_L,66.99951028746025
1505731022727.0,Motion_7,True
1505731022727.0,Seat_8,True
1505731022727.0,Motion_2,True
1505731022727.0,Motion_6,True
1505731025524.0,Motion_1,False
1505731025529.0,Seat_6,True
1505731025923.0,Temperature_1,25.78
1505731025928.0,Humidity_1,56.07794910604482
1505731025933.0,Humidity_2,58.91430635986382
1505731025936.0,Temperature_2,23.55
1505731026638.0,Sound_R,71.05984638125531
1505731027304.0,Sound_P,118.79468661183239
1505731027307.0,PodiumIR,189
1505731027403.0,Sound_C,67.62727395125891
1505731031990.0,Sound_L,66.72311944091615
1505731032596.0,Humidity_1,56.07794910604482
1505731032597.0,Temperature_1,25.78
1505731032602.0,Humidity_2,58.91430635986382
1505731032602.0,Temperature_2,23.55
1505731036638.0,Sound_R,70.64125662525949
1505731037314.0,Sound_P,118.74322868492969
1505731037320.0,PodiumIR,212
1505731037403.0,Sound_C,68.83826961646072
1505731039252.0,Temperature_1,25.78
1505731039256.0,Humidity_1,56.07794910604482
1505731039268.0,Temperature_2,23.55
1505731039271.0,Humidity_2,58.91430635986382
1505731041990.0,Sound_L,67.34254388383013
1505731045917.0,Temperature_1,25.78
1505731045927.0,Humidity_1,56.07794910604482
1505731045929.0,Temperature_2,23.55
1505731045930.0,Humidity_2,58.91430635986382
1505731046638.0,Sound_R,70.05082898492373
1505731047326.0,Sound_P,118.76897734897331
1505731047332.0,PodiumIR,214
1505731047403.0,Sound_C,69.53878532239908
1505731051990.0,Sound_L,65.98799246125597
1505731052580.0,Temperature_1,25.78
1505731052591.0,Humidity_1,56.07794910604482
1505731052595.0,Temperature_2,23.55
1505731052597.0,Humidity_2,58.91430635986382
1505731053058.0,Motion_2,False
1505731053058.0,Motion_7,False
1505731053058.0,Motion_6,False
1505731053058.0,Motion_5,False
1505731053058.0,Motion_8,False
1505731054914.0,Motion_1,True
1505731056638.0,Sound_R,68.53304521001978
1505731057338.0,Sound_P,118.76897734897331
1505731057343.0,PodiumIR,205
1505731057403.0,Sound_C,69.76341653209188
1505731059248.0,Temperature_1,25.78
1505731059250.0,Humidity_1,56.07794910604482
1505731059257.0,Humidity_2,58.91430635986382
1505731059261.0,Temperature_2,23.55
1505731061990.0,Sound_L,66.59429147053234
1505731063354.0,Motion_3,True
1505731065914.0,Temperature_1,25.78
1505731065918.0,Humidity_1,56.07794910604482
1505731065923.0,Temperature_2,23.55
1505731065927.0,Humidity_2,58.91430635986382
1505731066638.0,Sound_R,67.69173786331211
1505731067349.0,Sound_P,118.74322868492969
1505731067355.0,PodiumIR,193
1505731067403.0,Sound_C,69.5191679526741
1505731069917.0,Motion_5,False
1505731069917.0,Motion_1,False
1505731069917.0,Motion_8,False
1505731069917.0,Motion_7,True
1505731071990.0,Sound_L,64.64378283879418
1505731072577.0,Humidity_1,56.07794910604482
1505731072579.0,Temperature_1,25.78
1505731072583.0,Temperature_2,23.55
1505731072585.0,Humidity_2,58.91430635986382
1505731076638.0,Sound_R,65.77073188968765
1505731077361.0,Sound_P,118.84598741504962
1505731077367.0,PodiumIR,107
1505731077403.0,Sound_C,66.56092701243212
1505731079240.0,Temperature_1,25.78
1505731079244.0,Humidity_1,56.07794910604482
1505731079250.0,Temperature_2,23.55
1505731079253.0,Humidity_2,58.91430635986382
1505731081990.0,Sound_L,63.272208969032874
1505731082659.0,Motion_7,False
1505731082659.0,Motion_3,False
1505731082659.0,Motion_1,True
1505731085899.0,Temperature_1,25.78
1505731085907.0,Humidity_1,56.07794910604482
1505731085909.0,Temperature_2,23.55
1505731085919.0,Humidity_2,58.91430635986382
1505731086638.0,Sound_R,65.75812751723186
1505731087374.0,Sound_P,118.76897734897331
1505731087379.0,PodiumIR,100
1505731087403.0,Sound_C,65.71318594649591
1505731091990.0,Sound_L,62.717174971288664
1505731092565.0,Temperature_1,25.78
1505731092571.0,Humidity_1,56.07794910604482
1505731092579.0,Temperature_2,23.55
1505731092586.0,Humidity_2,58.91430635986382
1505731096638.0,Sound_R,71.71654680512175
1505731097385.0,Sound_P,118.84598741504962
1505731097391.0,PodiumIR,107
1505731097403.0,Sound_C,70.31156196924343
1505731099234.0,Temperature_1,25.78
1505731099238.0,Temperature_2,23.55
1505731099238.0,Humidity_1,56.07794910604482
1505731099250.0,Humidity_2,58.91430635986382
1505731101990.0,Sound_L,66.2052017016007
1505731105896.0,Humidity_1,56.07794910604482
1505731105897.0,Temperature_1,25.78
1505731105908.0,Temperature_2,23.55
1505731105910.0,Humidity_2,58.91430635986382
1505731106638.0,Sound_R,75.11881401462472
1505731107398.0,Sound_P,118.74322868492969
1505731107402.0,PodiumIR,82
1505731107403.0,Sound_C,73.17777923865454
1505731111990.0,Sound_L,70.18717708210892
1505731112558.0,Temperature_1,25.78
1505731112563.0,Humidity_1,56.07794910604482
1505731112570.0,Temperature_2,23.55
1505731112576.0,Humidity_2,58.91430635986382
1505731116638.0,Sound_R,72.62284858633393
1505731117403.0,Sound_C,71.52412090818659
1505731117412.0,Sound_P,118.79468661183239
1505731117416.0,PodiumIR,76
1505731119219.0,Temperature_1,25.78
1505731119232.0,Temperature_2,23.55
1505731119232.0,Humidity_1,56.07794910604482
1505731119237.0,Humidity_2,58.91430635986382
1505731121990.0,Sound_L,71.55841990272742
1505731125890.0,Humidity_1,56.07794910604482
1505731125893.0,Temperature_1,25.78
1505731125895.0,Temperature_2,23.55
1505731125900.0,Humidity_2,58.91430635986382
1505731126638.0,Sound_R,70.50228157498721
1505731127403.0,Sound_C,70.72239902958756
1505731127423.0,Sound_P,118.74322868492969
1505731127429.0,PodiumIR,104
1505731131990.0,Sound_L,69.46986425984977
1505731132551.0,Temperature_1,25.78
1505731132559.0,Humidity_1,56.07794910604482
1505731132565.0,Temperature_2,23.55
1505731132569.0,Humidity_2,58.91430635986382
1505731136638.0,Sound_R,70.13538360212567
1505731137403.0,Sound_C,71.88184168834236
1505731137435.0,Sound_P,118.76897734897331
1505731137440.0,PodiumIR,102
1505731139219.0,Humidity_1,56.07794910604482
1505731139220.0,Temperature_1,25.78
1505731139224.0,Humidity_2,58.91430635986382
1505731139226.0,Temperature_2,23.55
1505731141990.0,Sound_L,68.89981871690773
1505731145880.0,Temperature_1,25.78
1505731145882.0,Humidity_1,56.07794910604482
1505731145891.0,Humidity_2,58.91430635986382
1505731145893.0,Temperature_2,23.55
1505731146638.0,Sound_R,70.41045284316836
1505731147403.0,Sound_C,70.60270228825335
1505731147447.0,Sound_P,118.69161266890954
1505731147450.0,PodiumIR,96
1505731151990.0,Sound_L,66.23786527257542
1505731152542.0,Temperature_1,25.78
1505731152547.0,Humidity_1,56.07794910604482
1505731152554.0,Temperature_2,23.55
1505731152556.0,Humidity_2,58.91430635986382
1505731156638.0,Sound_R,69.53938789080682
1505731157403.0,Sound_C,67.68896684459092
1505731157453.0,Sound_P,118.69161266890954
1505731157459.0,PodiumIR,100
1505731159205.0,Temperature_1,25.78
1505731159215.0,Humidity_1,56.07794910604482
1505731159216.0,Humidity_2,58.91430635986382
1505731159222.0,Temperature_2,23.55
1505731161990.0,Sound_L,64.99870403016558
1505731164993.0,Motion_7,True
1505731164993.0,Motion_1,False
1505731165874.0,Temperature_1,25.78
1505731165879.0,Humidity_1,56.07794910604482
1505731165884.0,Temperature_2,23.55
1505731165889.0,Humidity_2,58.91430635986382
1505731166048.0,Motion_1,True
1505731166638.0,Sound_R,67.92444696250588
1505731167304.0,Motion_8,True
1505731167403.0,Sound_C,66.92359605502115
1505731167465.0,Sound_P,118.69161266890954
1505731167478.0,PodiumIR,97
1505731171990.0,Sound_L,63.48727993149966
1505731172538.0,Temperature_1,25.78
1505731172538.0,Humidity_1,56.07794910604482
1505731172546.0,Temperature_2,23.55
1505731172548.0,Humidity_2,58.91430635986382
1505731176638.0,Sound_R,67.20458066958348
1505731177403.0,Sound_C,66.85555615563392
1505731177485.0,Sound_P,118.69161266890954
1505731177490.0,PodiumIR,104
1505731179196.0,Temperature_1,25.78
1505731179200.0,Humidity_1,56.07794910604482
1505731179207.0,Temperature_2,23.55
1505731179213.0,Humidity_2,58.91430635986382
1505731181990.0,Sound_L,64.50059113181383
1505731185860.0,Temperature_1,25.78
1505731185866.0,Humidity_1,56.07794910604482
1505731185873.0,Humidity_2,58.91430635986382
1505731185878.0,Temperature_2,23.55
1505731186638.0,Sound_R,67.22273345040334
1505731187403.0,Sound_C,66.62703433596856
1505731187496.0,Sound_P,118.6657450733454
1505731187502.0,PodiumIR,127
1505731191990.0,Sound_L,64.6128514714478
1505731192527.0,Temperature_1,25.78
1505731192535.0,Humidity_1,56.07794910604482
1505731192538.0,Temperature_2,23.55
1505731192546.0,Humidity_2,58.91430635986382
1505731196638.0,Sound_R,65.94492149420073
1505731197403.0,Sound_C,64.97579411381953
1505731197508.0,Sound_P,118.6657450733454
1505731197514.0,PodiumIR,99
1505731199191.0,Humidity_1,56.07794910604482
1505731199192.0,Temperature_1,25.78
1505731199200.0,Temperature_2,23.55
1505731199203.0,Humidity_2,58.91430635986382
1505731201990.0,Sound_L,64.15547772043676
1505731203924.0,Motion_2,True
1505731203924.0,Motion_8,False
1505731203924.0,Motion_7,False
1505731203924.0,Motion_1,False
1505731205852.0,Temperature_1,25.78
1505731205859.0,Humidity_1,56.07794910604482
1505731205863.0,Temperature_2,23.55
1505731205872.0,Humidity_2,58.91430635986382
1505731206638.0,Sound_R,66.19241993973189
1505731207403.0,Sound_C,63.51207784342884
1505731207520.0,Sound_P,118.6657450733454
1505731207525.0,PodiumIR,124
1505731211463.0,Motion_6,True
1505731211990.0,Sound_L,63.56331517915147
1505731212520.0,Temperature_1,25.78
1505731212524.0,Humidity_1,56.07794910604482
1505731212530.0,Temperature_2,23.55
1505731212533.0,Humidity_2,58.91430635986382
1505731216638.0,Sound_R,68.09743180428534
1505731217403.0,Sound_C,64.35738702056506
1505731217532.0,Sound_P,118.63983758941455
1505731217541.0,PodiumIR,78
1505731219183.0,Temperature_1,25.78
1505731219193.0,Humidity_1,56.07794910604482
1505731219196.0,Temperature_2,23.55
1505731219199.0,Humidity_2,58.91430635986382
1505731221990.0,Sound_L,64.80967608458892
1505731224295.0,Motion_2,False
1505731224295.0,Motion_6,False
1505731224295.0,Motion_1,True
1505731225847.0,Temperature_1,25.78
1505731225850.0,Humidity_1,56.07794910604482
1505731225860.0,Temperature_2,23.55
1505731225866.0,Humidity_2,58.91430635986382
1505731226638.0,Sound_R,69.14543226257835
1505731227403.0,Sound_C,67.11214935695236
1505731227547.0,Sound_P,118.63983758941455
1505731227553.0,PodiumIR,75
1505731231990.0,Sound_L,65.37978832456508
1505731232511.0,Temperature_1,25.78
1505731232519.0,Humidity_1,56.07794910604482
1505731232521.0,Humidity_2,58.91430635986382
1505731232521.0,Temperature_2,23.55
1505731236638.0,Sound_R,70.21396879558829
1505731237403.0,Sound_C,67.8017923598145
1505731237559.0,Sound_P,118.6657450733454
1505731237562.0,PodiumIR,82
1505731239176.0,Temperature_1,25.78
1505731239176.0,Humidity_1,56.07794910604482
1505731239184.0,Humidity_2,58.91430635986382
1505731239186.0,Temperature_2,23.55
1505731241990.0,Sound_L,65.08727956274836
1505731245837.0,Temperature_1,25.78
1505731245841.0,Humidity_1,56.07794910604482
1505731245849.0,Humidity_2,58.91430635986382
1505731245851.0,Temperature_2,23.55
1505731246638.0,Sound_R,69.22913475481859
1505731247282.0,Motion_7,True
1505731247282.0,Seat_4,False
1505731247282.0,Motion_1,False
1505731247403.0,Sound_C,65.63595874154016
1505731247571.0,Sound_P,118.6657450733454
1505731247575.0,PodiumIR,90
1505731248427.0,Seat_4,True
1505731251459.0,Motion_1,True
1505731251990.0,Sound_L,63.94829123721288
1505731252504.0,Temperature_1,25.78
1505731252510.0,Humidity_1,56.07794910604482
1505731252518.0,Temperature_2,23.55
1505731252519.0,Humidity_2,58.91430635986382
1505731256638.0,Sound_R,67.01364720282722
1505731257403.0,Sound_C,64.7912197921687
1505731257578.0,Sound_P,118.61389009390963
1505731257582.0,PodiumIR,76
1505731259167.0,Temperature_1,25.78
1505731259174.0,Temperature_2,23.55
1505731259175.0,Humidity_1,56.07794910604482
1505731259181.0,Humidity_2,58.91430635986382
1505731259903.0,Seat_4,False
1505731259903.0,Motion_7,True
1505731259903.0,Motion_5,True
1505731261990.0,Sound_L,63.19033271423741
1505731265830.0,Temperature_1,25.78
1505731265836.0,Humidity_1,56.07794910604482
1505731265840.0,Temperature_2,23.55
1505731265843.0,Humidity_2,58.91430635986382
1505731266638.0,Sound_R,66.86649256558684
1505731267403.0,Sound_C,64.8390010193381
1505731267594.0,Sound_P,118.63983758941455
1505731267597.0,PodiumIR,99
1505731269058.0,Motion_2,True
1505731269058.0,Motion_1,False
1505731271990.0,Sound_L,64.98888891564224
1505731272500.0,Temperature_1,25.78
1505731272501.0,Humidity_1,56.07794910604482
1505731272504.0,Temperature_2,23.55
1505731272509.0,Humidity_2,58.91430635986382
1505731276638.0,Sound_R,68.61809758855684
1505731277403.0,Sound_C,66.56990769968459
1505731277601.0,Sound_P,118.61389009390963
1505731277604.0,PodiumIR,99
1505731279155.0,Temperature_1,25.78
1505731279167.0,Humidity_1,56.07794910604482
1505731279170.0,Temperature_2,23.55
1505731279171.0,Humidity_2,58.91430635986382
1505731281990.0,Sound_L,66.43406969509164
1505731285819.0,Temperature_1,25.78
1505731285830.0,Humidity_1,56.07794910604482
1505731285833.0,Temperature_2,23.55
1505731285841.0,Humidity_2,58.91430635986382
1505731286638.0,Sound_R,69.52214050747135
1505731287403.0,Sound_C,68.17716154970223
1505731287607.0,Sound_P,118.58790246305148
1505731287611.0,PodiumIR,104
1505731289784.0,Motion_5,False
1505731289784.0,Motion_7,False
1505731289784.0,Motion_2,False
1505731291125.0,Motion_5,True
1505731291990.0,Sound_L,66.96138658865415
1505731292486.0,Temperature_1,25.78
1505731292491.0,Humidity_1,56.07794910604482
1505731292499.0,Temperature_2,23.55
1505731292504.0,Humidity_2,58.91430635986382
1505731296638.0,Sound_R,70.14534533312131
1505731297403.0,Sound_C,69.0126402567502
1505731297622.0,Sound_P,118.58790246305148
1505731297625.0,PodiumIR,108
1505731299148.0,Temperature_1,25.78
1505731299156.0,Humidity_1,56.07794910604482
1505731299160.0,Temperature_2,23.55
1505731299170.0,Humidity_2,58.91430635986382
1505731301990.0,Sound_L,65.38961995543596
1505731303722.0,Motion_7,False
1505731303722.0,Motion_5,False
1505731303722.0,Motion_1,True
1505731305811.0,Temperature_1,25.78
1505731305821.0,Humidity_1,56.07794910604482
1505731305822.0,Temperature_2,23.55
1505731305827.0,Humidity_2,58.91430635986382
1505731306638.0,Sound_R,68.68328995915931
1505731307403.0,Sound_C,68.87128648381427
1505731307636.0,Sound_P,118.61389009390963
1505731307640.0,PodiumIR,80
1505731311990.0,Sound_L,64.99959711853343
1505731312485.0,Temperature_1,25.78
1505731312488.0,Humidity_1,56.07794910604482
1505731312489.0,Temperature_2,23.55
1505731312493.0,Humidity_2,58.91430635986382
1505731316629.0,Motion_1,True
1505731316638.0,Sound_R,68.1494855058517
1505731317403.0,Sound_C,70.44976784331222
1505731317643.0,Sound_P,118.63983758941455
1505731317647.0,PodiumIR,96
1505731319147.0,Humidity_1,56.07794910604482
1505731319148.0,Temperature_1,25.78
1505731319150.0,Temperature_2,23.55
1505731319162.0,Humidity_2,58.91430635986382
1505731321990.0,Sound_L,63.88556890711492
1505731325803.0,Temperature_1,25.78
1505731325816.0,Humidity_2,58.91430635986382
1505731325817.0,Humidity_1,56.07794910604482
1505731325821.0,Temperature_2,23.55
1505731326638.0,Sound_R,67.83296372130378
1505731327403.0,Sound_C,70.54020846997399
1505731327650.0,Sound_P,118.58790246305148
1505731327654.0,PodiumIR,88
1505731328440.0,Seat_4,True
1505731329546.0,Motion_8,True
1505731329546.0,Motion_2,True
1505731329546.0,Motion_6,True
1505731329546.0,Motion_1,True
1505731329546.0,Seat_6,False
1505731331990.0,Sound_L,64.69877637732696
1505731332469.0,Temperature_1,25.78
1505731332476.0,Humidity_1,56.07794910604482
1505731332482.0,Temperature_2,23.55
1505731332483.0,Humidity_2,58.91430635986382
1505731336638.0,Sound_R,69.37941820394808
1505731337403.0,Sound_C,69.29423405099664
1505731337657.0,Sound_P,118.56187457248576
1505731337660.0,PodiumIR,98
1505731339137.0,Temperature_1,25.78
1505731339141.0,Humidity_1,56.07794910604482
1505731339145.0,Temperature_2,23.55
1505731339147.0,Humidity_2,58.91430635986382
1505731341990.0,Sound_L,64.0666234885797
1505731345800.0,Temperature_1,25.78
1505731345804.0,Humidity_1,56.07794910604482
1505731345810.0,Temperature_2,23.55
1505731345813.0,Humidity_2,58.91430635986382
1505731346638.0,Sound_R,70.37088858177874
1505731347403.0,Sound_C,68.66035490164315
1505731347664.0,Sound_P,118.69161266890954
1505731347667.0,PodiumIR,126
1505731351990.0,Sound_L,64.5053716379257
1505731352133.0,Motion_8,False
1505731352133.0,Motion_7,True
1505731352133.0,Motion_6,False
1505731352133.0,Seat_4,False
1505731352133.0,Motion_2,False
1505731352133.0,Motion_1,False
1505731352462.0,Humidity_1,56.07794910604482
1505731352463.0,Temperature_1,25.78
1505731352472.0,Temperature_2,23.55
1505731352474.0,Humidity_2,58.91430635986382
1505731356638.0,Sound_R,69.09760785658949
1505731357403.0,Sound_C,67.58378817864985
1505731357671.0,Sound_P,118.56187457248576
1505731357675.0,PodiumIR,94
1505731359124.0,Temperature_1,25.78
1505731359125.0,Humidity_1,56.07794910604482
1505731359135.0,Temperature_2,23.55
1505731359140.0,Humidity_2,58.91430635986382
1505731361990.0,Sound_L,64.06401381310047
1505731363734.0,Motion_5,True
1505731365787.0,Temperature_1,25.78
1505731365789.0,Humidity_1,56.07794910604482
1505731365795.0,Temperature_2,23.55
1505731365800.0,Humidity_2,58.91430635986382
1505731366638.0,Sound_R,68.39389299624732
1505731367403.0,Sound_C,68.23856864254974
1505731367678.0,Sound_P,118.58790246305148
1505731367681.0,PodiumIR,93
1505731368541.0,Motion_7,False
1505731368541.0,Seat_4,True
1505731371990.0,Sound_L,64.02563697816697
1505731372451.0,Temperature_1,25.78
1505731372458.0,Temperature_2,23.55
1505731372459.0,Humidity_1,56.07794910604482
1505731372463.0,Humidity_2,58.91430635986382
1505731376638.0,Sound_R,67.8511525952173
1505731377403.0,Sound_C,68.82003375807624
1505731377685.0,Sound_P,118.56187457248576
1505731377688.0,PodiumIR,93
1505731379118.0,Temperature_1,25.78
1505731379121.0,Temperature_2,23.55
1505731379121.0,Humidity_1,56.07794910604482
1505731379130.0,Humidity_2,58.91430635986382
1505731381990.0,Sound_L,66.00566328923789
1505731385784.0,Humidity_1,56.07794910604482
1505731385789.0,Temperature_1,25.78
1505731385792.0,Humidity_2,58.91430635986382
1505731385793.0,Temperature_2,23.55
1505731386638.0,Sound_R,68.81947416058195
1505731387403.0,Sound_C,67.2642728237724
1505731387691.0,Sound_P,118.58790246305148
1505731387695.0,PodiumIR,126
1505731391990.0,Sound_L,67.15992069245803
1505731392447.0,Temperature_2,23.55
1505731392447.0,Temperature_1,25.78
1505731392450.0,Humidity_1,56.07794910604482
1505731392451.0,Humidity_2,58.91430635986382
1505731396638.0,Sound_R,75.52116527520717
1505731397403.0,Sound_C,71.8172006682061
1505731397706.0,Sound_P,118.56187457248576
1505731397710.0,PodiumIR,100
1505731399104.0,Humidity_1,56.07794910604482
1505731399108.0,Temperature_1,25.78
1505731399110.0,Temperature_2,23.55
1505731399115.0,Humidity_2,58.91430635986382
1505731399988.0,Motion_8,True
1505731399988.0,Seat_4,False
1505731399988.0,Motion_5,False
1505731399988.0,Motion_1,True
1505731401990.0,Sound_L,70.07252998943687
1505731402915.0,Motion_2,True
1505731404881.0,Seat_6,True
1505731405774.0,Temperature_2,23.55
1505731405774.0,Humidity_1,56.07794910604482
1505731405777.0,Humidity_2,58.91430635986382
1505731405781.0,Temperature_1,25.78
1505731406638.0,Sound_R,76.10050018498605
1505731407403.0,Sound_C,73.65199851716991
1505731407713.0,Sound_P,118.69161266890954
1505731407717.0,PodiumIR,94
1505731411990.0,Sound_L,69.86221968933515
1505731412433.0,Humidity_1,56.07794910604482
1505731412438.0,Humidity_2,58.91430635986382
1505731412442.0,Temperature_2,23.55
1505731412445.0,Temperature_1,25.78
1505731413280.0,Motion_8,False
1505731413285.0,Motion_1,True
1505731415156.0,Door,activate
1505731416638.0,Sound_R,72.15797140626673
1505731417403.0,Sound_C,69.58365590742552
1505731417729.0,Sound_P,118.58790246305148
1505731417732.0,PodiumIR,94
1505731419096.0,Humidity_1,56.07794910604482
1505731419098.0,Temperature_2,23.55
1505731419101.0,Temperature_1,25.78
1505731419107.0,Humidity_2,58.91430635986382
1505731421990.0,Sound_L,69.78290848164596
1505731425756.0,Humidity_1,56.07794910604482
1505731425765.0,Humidity_2,58.91430635986382
1505731425765.0,Temperature_1,25.78
1505731425765.0,Temperature_2,23.55
1505731426638.0,Sound_R,75.10844715081167
1505731427403.0,Sound_C,71.35870849664398
1505731427735.0,Sound_P,118.48354809029503
1505731427739.0,PodiumIR,95
1505731431965.0,Motion_2,False
1505731431965.0,Motion_1,False
1505731431990.0,Sound_L,70.05119830786845
1505731432421.0,Humidity_1,56.07794910604482
1505731432429.0,Humidity_2,58.91430635986382
1505731432431.0,Temperature_2,23.55
1505731432432.0,Temperature_1,25.78
1505731436638.0,Sound_R,74.05511771910552
1505731437403.0,Sound_C,70.47997533182162
1505731437751.0,Sound_P,118.53580629727924
1505731437755.0,PodiumIR,96
1505731439087.0,Humidity_1,56.07794910604482
1505731439093.0,Temperature_1,25.78
1505731439094.0,Humidity_2,58.91430635986382
1505731439095.0,Temperature_2,23.55
1505731441990.0,Sound_L,69.53048151737482
1505731442516.0,Motion_2,True
1505731442516.0,Seat_9,True
1505731445747.0,Humidity_1,56.07794910604482
1505731445758.0,Temperature_2,23.55
1505731445760.0,Temperature_1,25.78
1505731445761.0,Humidity_2,58.91430635986382
1505731446638.0,Sound_R,72.3925638848594
1505731447403.0,Sound_C,69.78513665248254
1505731447761.0,Sound_P,118.50969751191623
1505731447765.0,PodiumIR,85
1505731451576.0,Motion_1,False
1505731451990.0,Sound_L,69.41304602535597
1505731452413.0,Humidity_1,56.07794910604482
1505731452418.0,Humidity_2,58.91430635986382
1505731452419.0,Temperature_2,23.55
1505731452423.0,Temperature_1,25.78
1505731456638.0,Sound_R,70.49552299269419
1505731457403.0,Sound_C,69.29203517692302
1505731457768.0,Sound_P,118.48354809029503
1505731457771.0,PodiumIR,128
1505731459076.0,Humidity_1,56.07794910604482
1505731459077.0,Temperature_2,23.55
1505731459080.0,Humidity_2,58.91430635986382
1505731459087.0,Temperature_1,25.78
1505731461990.0,Sound_L,65.97787490529836
1505731462166.0,Motion_6,True
1505731462166.0,Motion_2,False
1505731463712.0,Motion_7,True
1505731463717.0,Motion_1,False
1505731465739.0,Humidity_1,56.07794910604482
1505731465739.0,Temperature_2,23.55
1505731465745.0,Humidity_2,58.91430635986382
1505731465748.0,Temperature_1,25.78
1505731466638.0,Sound_R,68.69667770032783
1505731467403.0,Sound_C,68.19679371245837
1505731467775.0,Sound_P,118.50969751191623
1505731467781.0,PodiumIR,95
1505731471990.0,Sound_L,64.48099963296829
1505731472397.0,Humidity_1,56.07794910604482
1505731472408.0,Temperature_2,23.55
1505731472413.0,Temperature_1,25.78
1505731472415.0,Humidity_2,58.91430635986382
1505731476638.0,Sound_R,67.85041250008301
1505731477403.0,Sound_C,67.26749869879178
1505731477788.0,Sound_P,118.84598741504962
1505731477791.0,PodiumIR,86
1505731479080.0,Temperature_1,25.78
1505731479083.0,Humidity_1,56.07794910604482
1505731479089.0,Temperature_2,23.55
1505731479092.0,Humidity_2,58.91430635986382
1505731481532.0,Motion_5,True
1505731481532.0,Motion_6,False
1505731481532.0,Motion_7,False
1505731481990.0,Sound_L,62.669070166370204
1505731482207.0,Door,activate
1505731485739.0,Temperature_1,25.78
1505731485748.0,Humidity_1,56.07794910604482
1505731485748.0,Temperature_2,23.55
1505731485753.0,Humidity_2,58.91430635986382
1505731486638.0,Sound_R,69.31800613414812
1505731487403.0,Sound_C,67.98419005763526
1505731487795.0,Sound_P,118.56187457248576
1505731487798.0,PodiumIR,93
1505731491990.0,Sound_L,64.46934938738079
1505731492405.0,Temperature_1,25.78
1505731492406.0,Humidity_1,56.07794910604482
1505731492422.0,Temperature_2,23.55
1505731492425.0,Humidity_2,58.91430635986382
1505731494433.0,Motion_5,True
1505731496638.0,Sound_R,70.378976386388
1505731497403.0,Sound_C,69.3328621808415
1505731497802.0,Sound_P,118.50969751191623
1505731497805.0,PodiumIR,93
1505731498015.0,Motion_1,True
1505731499070.0,Temperature_1,25.78
1505731499078.0,Humidity_1,56.07794910604482
1505731499085.0,Temperature_2,23.55
1505731499086.0,Humidity_2,58.91430635986382
1505731499676.0,Motion_7,True
1505731501990.0,Sound_L,66.02873725406735
1505731505735.0,Temperature_1,25.78
1505731505743.0,Temperature_2,23.55
1505731505744.0,Humidity_1,56.07794910604482
1505731505753.0,Humidity_2,58.91430635986382
1505731506638.0,Sound_R,68.88959547020467
1505731507403.0,Sound_C,68.90416378867987
1505731507809.0,Sound_P,118.53580629727924
1505731507813.0,PodiumIR,92
1505731511990.0,Sound_L,66.92438444164242
1505731512396.0,Temperature_1,25.78
1505731512406.0,Humidity_1,56.07794910604482
1505731512408.0,Humidity_2,58.91430635986382
1505731512410.0,Temperature_2,23.55
1505731516638.0,Sound_R,71.03632836314382
1505731517403.0,Sound_C,72.19983251383886
1505731517816.0,Sound_P,118.53580629727924
1505731517820.0,PodiumIR,92
1505731519067.0,Humidity_1,56.07794910604482
1505731519067.0,Temperature_1,25.78
1505731519073.0,Humidity_2,58.91430635986382
1505731519078.0,Temperature_2,23.55
1505731521990.0,Sound_L,66.45545913557174
1505731525729.0,Temperature_1,25.78
1505731525730.0,Humidity_1,56.07794910604482
1505731525732.0,Temperature_2,23.55
1505731525736.0,Humidity_2,58.91430635986382
1505731526561.0,Motion_2,True
1505731526561.0,Motion_1,False
1505731526561.0,Motion_5,False
1505731526561.0,Motion_7,False
1505731526638.0,Sound_R,69.56740979798984
1505731527403.0,Sound_C,71.22708790024691
1505731527823.0,Sound_P,118.53580629727924
1505731527827.0,PodiumIR,138
1505731531990.0,Sound_L,66.49830373564635
1505731532391.0,Temperature_1,25.78
1505731532400.0,Humidity_1,56.07794910604482
1505731532402.0,Temperature_2,23.55
1505731532405.0,Humidity_2,58.91430635986382
1505731532939.0,Motion_3,True
1505731535700.0,Motion_5,True
1505731536638.0,Sound_R,68.0774187190915
1505731537403.0,Sound_C,67.08996888239993
1505731537830.0,Sound_P,118.61389009390963
1505731537834.0,PodiumIR,79
1505731539055.0,Temperature_1,25.78
1505731539061.0,Humidity_1,56.07794910604482
1505731539063.0,Temperature_2,23.55
1505731539073.0,Humidity_2,58.91430635986382
1505731541990.0,Sound_L,67.02281606038895
1505731542389.0,Motion_7,True
1505731542389.0,Motion_6,True
1505731542389.0,Motion_2,False
1505731544400.0,Motion_1,True
1505731545511.0,Motion_2,True
1505731545511.0,Motion_3,False
1505731545718.0,Humidity_1,56.07794910604482
1505731545718.0,Temperature_1,25.78
1505731545725.0,Temperature_2,23.55
1505731545730.0,Humidity_2,58.91430635986382
1505731546638.0,Sound_R,71.89985508674577
1505731547403.0,Sound_C,69.89590845343504
1505731547841.0,Sound_P,118.6657450733454
1505731547845.0,PodiumIR,101
1505731547942.0,Motion_5,True
1505731547942.0,Motion_8,True
1505731551990.0,Sound_L,68.31522634745832
1505731552383.0,Temperature_1,25.78
1505731552384.0,Humidity_1,56.07794910604482
1505731552393.0,Temperature_2,23.55
1505731552399.0,Humidity_2,58.91430635986382
1505731555311.0,Motion_7,True
1505731555321.0,Seat_9,False
1505731555321.0,Motion_3,True
1505731555321.0,Motion_6,True
1505731556638.0,Sound_R,70.32051847405155
1505731557403.0,Sound_C,68.8480572782539
1505731557852.0,Sound_P,118.50969751191623
1505731557856.0,PodiumIR,98
1505731558418.0,Motion_1,False
1505731558423.0,Motion_2,True
1505731559047.0,Temperature_1,25.78
1505731559053.0,Humidity_1,56.07794910604482
1505731559058.0,Humidity_2,58.91430635986382
1505731559058.0,Temperature_2,23.55
1505731560349.0,Seat_8,False
1505731560354.0,Motion_1,True
1505731560354.0,Motion_8,False
1505731561514.0,Motion_5,True
1505731561990.0,Sound_L,68.03758356329581
1505731563901.0,Seat_5,False
1505731563901.0,Motion_8,True
1505731565710.0,Temperature_1,25.78
1505731565714.0,Humidity_1,56.07794910604482
1505731565720.0,Temperature_2,23.55
1505731565725.0,Humidity_2,58.91430635986382
1505731566638.0,Sound_R,69.8987750180355
1505731566792.0,Motion_4,True
1505731567403.0,Sound_C,67.35355763509065
1505731567863.0,Sound_P,118.53580629727924
1505731567867.0,PodiumIR,96
1505731568208.0,Motion_7,True
1505731568208.0,Motion_6,True
1505731568208.0,Motion_3,True
1505731571334.0,Seat_6,False
1505731571334.0,Motion_2,True
1505731571990.0,Sound_L,67.28185432400156
1505731572380.0,Temperature_2,23.55
1505731572381.0,Temperature_1,25.78
1505731572383.0,Humidity_2,58.91430635986382
1505731572384.0,Humidity_1,56.07794910604482
1505731573266.0,Motion_1,True
1505731574426.0,Motion_5,True
1505731576638.0,Sound_R,72.62073102072468
1505731576807.0,Seat_10,False
1505731576807.0,Motion_8,True
1505731577403.0,Sound_C,71.22264569635736
1505731577875.0,Sound_P,118.50969751191623
1505731577879.0,PodiumIR,103
1505731579039.0,Humidity_1,56.07794910604482
1505731579041.0,Temperature_1,25.78
1505731579051.0,Temperature_2,23.55
1505731579052.0,Humidity_2,58.91430635986382
1505731581120.0,Motion_3,False
1505731581120.0,Motion_4,False
1505731581120.0,Motion_7,True
1505731581990.0,Sound_L,65.40259404916554
1505731582786.0,Motion_6,True
1505731584241.0,Motion_2,True
1505731585704.0,Humidity_1,56.07794910604482
1505731585705.0,Temperature_1,25.78
1505731585711.0,Temperature_2,23.55
1505731585721.0,Humidity_2,58.91430635986382
1505731586192.0,Motion_1,True
1505731586638.0,Sound_R,70.15594205192183
1505731587328.0,Motion_4,True
1505731587328.0,Motion_5,True
1505731587403.0,Sound_C,68.95729522457636
1505731587886.0,Sound_P,118.50969751191623
1505731587890.0,PodiumIR,100
1505731591990.0,Sound_L,63.59321099892949
1505731592365.0,Temperature_1,25.78
1505731592373.0,Humidity_1,56.07794910604482
1505731592378.0,Temperature_2,23.55
1505731592379.0,Humidity_2,58.91430635986382
1505731592751.0,Motion_8,False
1505731596638.0,Sound_R,67.68562595199764
1505731597068.0,Motion_2,False
1505731597068.0,Motion_6,False
1505731597068.0,Motion_7,False
1505731597403.0,Sound_C,64.06131584172168
1505731597897.0,Sound_P,118.50969751191623
1505731597901.0,PodiumIR,98
1505731598754.0,Motion_6,True
1505731598759.0,Motion_1,True
1505731599029.0,Temperature_1,25.78
1505731599038.0,Humidity_1,56.07794910604482
1505731599045.0,Humidity_2,58.91430635986382
1505731599046.0,Temperature_2,23.55
1505731600235.0,Motion_4,False
1505731600235.0,Motion_5,True
1505731601990.0,Sound_L,62.97726951543895
1505731602306.0,Motion_2,True
1505731605691.0,Temperature_1,25.78
1505731605695.0,Humidity_1,56.07794910604482
1505731605702.0,Temperature_2,23.55
1505731605703.0,Motion_8,True
1505731605703.0,Seat_3,False
1505731605705.0,Humidity_2,58.91430635986382
1505731606638.0,Sound_R,66.85005605973105
1505731607259.0,Motion_4,True
1505731607403.0,Sound_C,64.40820230774136
1505731607906.0,Sound_P,118.48354809029503
1505731607910.0,PodiumIR,128
1505731609985.0,Motion_7,True
1505731611651.0,Motion_6,True
1505731611656.0,Motion_1,True
1505731611990.0,Sound_L,62.02021592645636
1505731612360.0,Temperature_1,25.78
1505731612363.0,Humidity_1,56.07794910604482
1505731612369.0,Temperature_2,23.55
1505731612372.0,Humidity_2,58.91430635986382
1505731613137.0,Motion_5,True
1505731613822.0,Projector,Off
1505731615218.0,Motion_2,True
1505731616638.0,Sound_R,66.9237448817289
1505731617403.0,Sound_C,65.66636634924839
1505731617913.0,Sound_P,118.50969751191623
1505731617917.0,PodiumIR,71
1505731618610.0,Motion_8,True
1505731619023.0,Temperature_1,25.78
1505731619026.0,Humidity_1,56.07794910604482
1505731619036.0,Humidity_2,58.91430635986382
1505731619037.0,Temperature_2,23.55
1505731621990.0,Sound_L,62.66207661002558
1505731624933.0,Motion_1,True
1505731624933.0,Motion_7,False
1505731624933.0,Motion_4,False
1505731625690.0,Temperature_1,25.78
1505731625692.0,Humidity_1,56.07794910604482
1505731625692.0,Temperature_2,23.55
1505731625701.0,Humidity_2,58.91430635986382
1505731626638.0,Sound_R,67.38008075462004
1505731627403.0,Sound_C,66.02861359746879
1505731627880.0,Motion_5,False
1505731627880.0,Motion_7,True
1505731627880.0,Motion_2,False
1505731627880.0,Motion_6,False
1505731627920.0,Sound_P,118.79468661183239
1505731627926.0,PodiumIR,87
1505731631186.0,Motion_8,True
1505731631186.0,Motion_2,True
1505731631990.0,Sound_L,63.18375235308511
1505731632352.0,Humidity_1,56.07794910604482
1505731632354.0,Temperature_1,25.78
1505731632358.0,Temperature_2,23.55
1505731632364.0,Humidity_2,58.91430635986382
1505731635028.0,Motion_4,True
1505731636638.0,Sound_R,71.13271829928358
1505731637403.0,Sound_C,67.66720317364289
1505731637933.0,Sound_P,118.48354809029503
1505731637938.0,PodiumIR,90
1505731638540.0,Motion_6,True
1505731638545.0,Motion_1,False
1505731639021.0,Temperature_1,25.78
1505731639021.0,Humidity_1,56.07794910604482
1505731639021.0,Temperature_2,23.55
1505731639032.0,Humidity_2,58.91430635986382
1505731640797.0,Motion_5,True
1505731640797.0,Motion_7,True
1505731641990.0,Sound_L,66.12203554585801
1505731642232.0,Motion_1,True
1505731644438.0,Motion_2,False
1505731644438.0,Motion_8,True
1505731645681.0,Temperature_1,25.78
1505731645683.0,Humidity_1,56.07794910604482
1505731645691.0,Humidity_2,58.91430635986382
1505731645694.0,Temperature_2,23.55
1505731646638.0,Sound_R,73.34170569429342
1505731647403.0,Sound_C,70.28648842393478
1505731647935.0,Motion_4,True
1505731647953.0,Sound_P,118.4311268309188
1505731647956.0,PodiumIR,87
1505731651452.0,Motion_6,True
1505731651990.0,Sound_L,67.29561356518491
1505731652195.0,Door,activate
1505731652347.0,Temperature_1,25.78
1505731652348.0,Humidity_1,56.07794910604482
1505731652352.0,Humidity_2,58.91430635986382
1505731652356.0,Temperature_2,23.55
1505731653771.0,Door,activate
1505731653803.0,Motion_5,True
1505731653803.0,Motion_7,False
1505731655139.0,Motion_1,True
1505731656638.0,Sound_R,70.3275444093593
1505731656735.0,Motion_7,True
1505731656740.0,Motion_8,True
1505731657403.0,Sound_C,70.03749443997008
1505731657968.0,Sound_P,118.45735790572417
1505731657977.0,PodiumIR,94
1505731659006.0,Humidity_1,56.07794910604482
1505731659012.0,Temperature_1,25.78
1505731659018.0,Temperature_2,23.55
1505731659021.0,Humidity_2,58.91430635986382
1505731660837.0,Motion_4,True
1505731661990.0,Sound_L,68.01471085471516
1505731662432.0,Door,activate
1505731664364.0,Motion_6,True
1505731665191.0,Door,activate
1505731665670.0,Temperature_1,25.78
1505731665672.0,Humidity_1,56.07794910604482
1505731665677.0,Temperature_2,23.55
1505731665681.0,Humidity_2,58.91430635986382
1505731666638.0,Sound_R,69.25542782923803
1505731667321.0,Motion_2,True
1505731667321.0,Motion_5,False
1505731667403.0,Sound_C,70.19827806042575
1505731667983.0,Sound_P,118.63983758941455
1505731667992.0,PodiumIR,126
1505731669642.0,Motion_7,True
1505731669647.0,Motion_8,True
1505731671293.0,Motion_1,True
1505731671990.0,Sound_L,68.65868019201896
1505731672338.0,Temperature_1,25.78
1505731672341.0,Humidity_1,56.07794910604482
1505731672349.0,Humidity_2,58.91430635986382
1505731672350.0,Temperature_2,23.55
1505731674975.0,Motion_4,False
1505731674980.0,Motion_5,True
1505731676638.0,Sound_R,76.52168771104145
1505731677276.0,Motion_6,True
1505731677403.0,Sound_C,75.96280401501461
1505731677997.0,Sound_P,118.4311268309188
1505731678006.0,PodiumIR,106
1505731678999.0,Humidity_1,56.07794910604482
1505731679001.0,Temperature_1,25.78
1505731679009.0,Humidity_2,58.91430635986382
1505731679013.0,Temperature_2,23.55
1505731681991.0,Sound_L,72.49579328229623
1505731682564.0,Motion_8,False
1505731682564.0,Motion_2,False
1505731682564.0,Motion_7,True
1505731684215.0,Motion_1,True
1505731685430.0,Motion_4,True
1505731685430.0,Motion_8,True
1505731685665.0,Temperature_1,25.78
1505731685666.0,Humidity_1,56.07794910604482
1505731685668.0,Temperature_2,23.55
1505731685673.0,Humidity_2,58.91430635986382
1505731686638.0,Sound_R,82.09532035423786
1505731687403.0,Sound_C,81.17501114757424
1505731687887.0,Motion_5,True
1505731688012.0,Sound_P,118.48354809029503
1505731688017.0,PodiumIR,83
1505731690193.0,Motion_6,True
1505731690903.0,Door,activate
1505731691990.0,Sound_L,75.67437683323381
1505731692327.0,Humidity_1,56.07794910604482
1505731692330.0,Temperature_1,25.78
1505731692335.0,Humidity_2,58.91430635986382
1505731692336.0,Temperature_2,23.55
1505731696638.0,Sound_R,82.12423764041473
1505731697403.0,Sound_C,81.00927676946479
1505731698024.0,Sound_P,118.48354809029503
1505731698028.0,PodiumIR,95
1505731698989.0,Temperature_1,25.78
1505731699000.0,Humidity_1,56.07794910604482
1505731699002.0,Temperature_2,23.55
1505731699009.0,Humidity_2,58.91430635986382
1505731701990.0,Sound_L,76.6115364426962
1505731705654.0,Temperature_1,25.78
1505731705657.0,Humidity_1,56.07794910604482
1505731705670.0,Temperature_2,23.55
1505731705672.0,Humidity_2,58.91430635986382
1505731706553.0,Door,activate
1505731706638.0,Sound_R,80.08792406539611
1505731707403.0,Sound_C,78.52509824157197
1505731708034.0,Sound_P,118.48354809029503
1505731708037.0,PodiumIR,100
1505731711990.0,Sound_L,75.9838320316685
1505731712318.0,Temperature_1,25.78
1505731712318.0,Humidity_1,56.07794910604482
1505731712326.0,Temperature_2,23.55
1505731712336.0,Humidity_2,58.91430635986382
1505731716638.0,Sound_R,75.14717990847612
1505731716941.0,Door,activate
1505731717403.0,Sound_C,75.8339597337362
1505731718058.0,Sound_P,118.48354809029503
1505731718062.0,PodiumIR,96
1505731718982.0,Humidity_1,56.07794910604482
1505731718985.0,Temperature_1,25.78
1505731718995.0,Temperature_2,23.55
1505731718998.0,Humidity_2,58.91430635986382
1505731720594.0,Motion_5,False
1505731720594.0,Motion_7,False
1505731720594.0,Motion_1,False
1505731720594.0,Motion_6,False
1505731720594.0,Motion_2,False
1505731720594.0,Motion_4,False
1505731720594.0,Motion_8,False
1505731721990.0,Sound_L,74.1635102291293
1505731725644.0,Temperature_1,25.78
1505731725654.0,Humidity_1,56.07794910604482
1505731725655.0,Temperature_2,23.55
1505731725664.0,Humidity_2,58.91430635986382
1505731726492.0,Motion_5,True
1505731726638.0,Sound_R,76.3576647752683
1505731727403.0,Sound_C,74.40242546114666
1505731728075.0,Sound_P,118.48354809029503
1505731728079.0,PodiumIR,135
1505731731990.0,Sound_L,72.10917134029722
1505731732314.0,Temperature_1,25.78
1505731732319.0,Humidity_2,58.91430635986382
1505731732320.0,Humidity_1,56.07794910604482
1505731732322.0,Temperature_2,23.55
1505731736548.0,Motion_4,False
1505731736638.0,Sound_R,75.27872916941362
1505731737403.0,Sound_C,73.212880437722
1505731738092.0,Sound_P,118.48354809029503
1505731738095.0,PodiumIR,90
1505731738976.0,Humidity_1,56.07794910604482
1505731738981.0,Temperature_1,25.78
1505731738984.0,Humidity_2,58.91430635986382
1505731738990.0,Temperature_2,23.55
1505731743662.0,Door,activate
1505731745316.0,Door,activate
1505731745640.0,Temperature_1,25.78
1505731745643.0,Humidity_1,56.07794910604482
1505731745649.0,Temperature_2,23.55
1505731745652.0,Humidity_2,58.91430635986382
1505731748107.0,Sound_P,118.48354809029503
1505731748111.0,PodiumIR,93
1505731749815.0,Motion_4,False
1505731749815.0,Motion_5,False
