timestamp,sensor_name,value
1511170703070,Motion_6,True
1511170706037,Sound_P,61.80460425887306
1511170706040,PodiumIR,70
1511170706581,Temperature_1,24.49
1511170706586,Humidity_1,14.395829462965853
1511170706589,Brightness_1,72.0
1511170706591,Temperature_2,24.25
1511170706599,Humidity_2,14.889108985369157
1511170706601,Brightness_2,70.0
1511170709073,Sound_R,57.431660249861956
1511170713303,Temperature_1,24.49
1511170713308,Humidity_1,14.395829462965853
1511170713311,Brightness_1,72.0
1511170713314,Temperature_2,24.25
1511170713316,Humidity_2,14.889108985369157
1511170713318,Brightness_2,70.0
1511170716049,Sound_P,61.80460425887306
1511170716052,PodiumIR,89
1511170719073,Sound_R,56.93241903265537
1511170719707,Temperature_1,24.49
1511170719712,Humidity_1,14.395829462965853
1511170719715,Brightness_1,72.0
1511170719717,Temperature_2,24.25
1511170719719,Humidity_2,14.889108985369157
1511170719721,Brightness_2,70.0
1511170724896,Door,activate
1511170726062,Sound_P,62.551438321825636
1511170726066,PodiumIR,92
1511170726107,Temperature_1,24.49
1511170726112,Humidity_1,14.395829462965853
1511170726115,Brightness_1,72.0
1511170726118,Temperature_2,24.25
1511170726125,Humidity_2,14.889108985369157
1511170726127,Brightness_2,70.0
1511170729073,Sound_R,56.431289073981816
1511170732536,Temperature_1,24.49
1511170732542,Humidity_1,14.395829462965853
1511170732545,Brightness_1,69.0
1511170732547,Temperature_2,24.25
1511170732555,Humidity_2,14.889108985369157
1511170732558,Brightness_2,70.0
1511170736076,Sound_P,62.551438321825636
1511170736079,PodiumIR,83
1511170739073,Sound_R,57.42972728920646
1511170739189,Temperature_1,24.49
1511170739194,Humidity_1,14.395829462965853
1511170739197,Brightness_1,69.0
1511170739199,Temperature_2,24.25
1511170739208,Humidity_2,14.889108985369157
1511170739210,Brightness_2,70.0
1511170745635,Temperature_1,24.49
1511170745641,Humidity_1,14.395829462965853
1511170745643,Brightness_1,69.0
1511170745645,Temperature_2,24.25
1511170745651,Humidity_2,14.889108985369157
1511170745653,Brightness_2,70.0
1511170746088,Sound_P,61.023021476191225
1511170746091,PodiumIR,91
1511170749073,Sound_R,56.28670138378315
1511170750065,Motion_1,False
1511170750065,Motion_8,False
1511170750065,Motion_7,False
1511170750065,Motion_2,False
1511170750065,Motion_6,False
1511170751445,Motion_6,True
1511170752088,Temperature_1,24.49
1511170752093,Humidity_1,14.395829462965853
1511170752096,Brightness_1,69.0
1511170752098,Temperature_2,24.25
1511170752105,Humidity_2,14.889108985369157
1511170752107,Brightness_2,70.0
1511170753496,Motion_7,True
1511170756095,Sound_P,61.023021476191225
1511170756099,PodiumIR,91
1511170757984,Motion_5,True
1511170758502,Temperature_1,24.49
1511170758508,Humidity_1,14.395829462965853
1511170758511,Brightness_1,69.0
1511170758513,Temperature_2,24.25
1511170758514,Humidity_2,14.889108985369157
1511170758522,Brightness_2,72.0
1511170759073,Sound_R,55.781773756159104
1511170761206,Motion_2,True
1511170764347,Motion_8,False
1511170764347,Motion_1,False
1511170764347,Motion_6,True
1511170764998,Temperature_1,24.49
1511170765003,Humidity_1,14.395829462965853
1511170765006,Brightness_1,69.0
1511170765008,Temperature_2,24.25
1511170765010,Humidity_2,14.889108985369157
1511170765012,Brightness_2,72.0
1511170765443,Motion_4,True
1511170765443,Motion_8,True
1511170765443,Motion_1,True
1511170766108,Sound_P,63.26648240367583
1511170766111,PodiumIR,93
1511170767544,Motion_7,True
1511170769025,Motion_3,True
1511170769073,Sound_R,57.33718516861791
1511170770392,Door,activate
1511170771442,Temperature_1,24.49
1511170771447,Humidity_1,14.395829462965853
1511170771450,Brightness_1,69.0
1511170771452,Temperature_2,24.25
1511170771454,Humidity_2,14.889108985369157
1511170771456,Brightness_2,72.0
1511170776116,Sound_P,65.8563679754536
1511170776119,PodiumIR,97
1511170776859,Motion_5,False
1511170776859,Motion_2,True
1511170776859,Motion_6,False
1511170777867,Temperature_1,24.49
1511170777873,Humidity_1,14.395829462965853
1511170777876,Brightness_1,69.0
1511170777878,Temperature_2,24.25
1511170777880,Humidity_2,14.889108985369157
1511170777886,Brightness_2,72.0
1511170779073,Sound_R,60.0258723911034
1511170780311,Motion_4,False
1511170780311,Motion_8,False
1511170780311,Motion_1,False
1511170780311,Motion_6,True
1511170780311,Motion_7,True
1511170782797,Motion_3,False
1511170782797,Motion_8,True
1511170784286,Temperature_1,24.49
1511170784287,Door,activate
1511170784291,Humidity_1,14.395829462965853
1511170784294,Brightness_1,69.0
1511170784296,Temperature_2,24.25
1511170784301,Humidity_2,14.889108985369157
1511170784303,Brightness_2,72.0
1511170786121,Sound_P,71.84886370856825
1511170786124,PodiumIR,101
1511170787174,Motion_5,True
1511170787174,Motion_4,True
1511170787174,Motion_3,True
1511170789073,Sound_R,63.56187229025835
1511170790766,Motion_2,False
1511170790766,Motion_1,True
1511170791047,Temperature_1,24.49
1511170791053,Humidity_1,14.395829462965853
1511170791055,Brightness_1,69.0
1511170791058,Temperature_2,24.25
1511170791065,Humidity_2,14.889108985369157
1511170791068,Brightness_2,72.0
1511170792812,Motion_2,True
1511170792812,Motion_6,True
1511170792812,Motion_7,True
1511170795709,Motion_8,True
1511170796127,Sound_P,65.24535518573873
1511170796131,PodiumIR,85
1511170797525,Temperature_1,24.49
1511170797531,Humidity_1,14.272509582365032
1511170797533,Brightness_1,75.0
1511170797535,Temperature_2,24.25
1511170797537,Humidity_2,14.889108985369157
1511170797539,Brightness_2,72.0
1511170799073,Sound_R,65.4537880425127
1511170800171,Motion_5,False
1511170800171,Motion_4,True
1511170800171,Motion_3,False
1511170803678,Motion_1,True
1511170804009,Temperature_1,24.49
1511170804014,Humidity_1,14.272509582365032
1511170804017,Brightness_1,75.0
1511170804020,Temperature_2,24.25
1511170804027,Humidity_2,14.889108985369157
1511170804030,Brightness_2,72.0
1511170805724,Motion_2,True
1511170805724,Motion_6,False
1511170805724,Motion_7,False
1511170806136,Sound_P,62.551438321825636
1511170806139,PodiumIR,74
1511170809073,Sound_R,63.71622625569655
1511170809321,Motion_8,False
1511170809321,Motion_7,True
1511170810466,Temperature_1,24.49
1511170810472,Humidity_1,14.272509582365032
1511170810475,Brightness_1,75.0
1511170810477,Temperature_2,24.25
1511170810479,Humidity_2,14.889108985369157
1511170810481,Brightness_2,72.0
1511170810880,Door,activate
1511170811662,Motion_8,True
1511170813724,Motion_4,False
1511170813724,Motion_6,True
1511170816141,Sound_P,66.44593723960276
1511170816155,PodiumIR,67
1511170816928,Temperature_1,24.49
1511170816933,Humidity_1,14.272509582365032
1511170816936,Brightness_1,75.0
1511170816938,Temperature_2,24.25
1511170816940,Humidity_2,14.889108985369157
1511170816942,Brightness_2,72.0
1511170819073,Sound_R,63.52399734061416
1511170819480,Door,activate
1511170819637,Motion_1,False
1511170819637,Motion_2,False
1511170823364,Temperature_1,24.49
1511170823370,Humidity_1,14.272509582365032
1511170823373,Brightness_1,75.0
1511170823375,Temperature_2,24.25
1511170823377,Humidity_2,14.889108985369157
1511170823384,Brightness_2,72.0
1511170824579,Motion_7,False
1511170824579,Motion_8,True
1511170825967,Door,activate
1511170826157,Sound_P,61.023021476191225
1511170826162,PodiumIR,82
1511170826167,Door,activate
1511170829073,Sound_R,60.777336551571814
1511170829836,Temperature_1,24.49
1511170829842,Humidity_1,14.272509582365032
1511170829845,Brightness_1,75.0
1511170829847,Temperature_2,24.25
1511170829853,Humidity_2,14.889108985369157
1511170829855,Brightness_2,72.0
1511170836167,Sound_P,63.95233273361063
1511170836172,PodiumIR,97
1511170836288,Temperature_1,24.49
1511170836294,Humidity_1,14.272509582365032
1511170836297,Brightness_1,75.0
1511170836299,Temperature_2,24.25
1511170836306,Humidity_2,14.889108985369157
1511170836309,Brightness_2,72.0
1511170837486,Motion_6,False
1511170837486,Motion_1,False
1511170837486,Motion_8,True
1511170837491,Motion_7,True
1511170838687,Motion_1,True
1511170838687,Motion_2,True
1511170839073,Sound_R,56.40640738104991
1511170840438,Motion_6,True
1511170841989,Motion_5,True
1511170843128,Temperature_1,24.49
1511170843134,Humidity_1,14.272509582365032
1511170843137,Brightness_1,75.0
1511170843139,Temperature_2,24.25
1511170843141,Humidity_2,14.889108985369157
1511170843142,Brightness_2,72.0
1511170846177,Sound_P,63.26648240367583
1511170846182,PodiumIR,85
1511170846736,Motion_4,True
1511170849073,Sound_R,56.92447762545216
1511170849588,Temperature_1,24.49
1511170849594,Humidity_1,14.272509582365032
1511170849597,Brightness_1,75.0
1511170849599,Temperature_2,24.25
1511170849600,Humidity_2,14.889108985369157
1511170849608,Brightness_2,72.0
1511170851174,Motion_8,False
1511170851174,Motion_7,True
1511170851174,Motion_1,True
1511170853435,Motion_2,False
1511170853435,Motion_6,False
1511170853435,Motion_8,True
1511170856188,Sound_P,63.95233273361063
1511170856190,Temperature_1,24.49
1511170856193,PodiumIR,84
1511170856210,Humidity_1,14.272509582365032
1511170856212,Brightness_1,75.0
1511170856214,Temperature_2,24.25
1511170856222,Humidity_2,14.889108985369157
1511170856224,Brightness_2,72.0
1511170859073,Sound_R,58.370457785807496
1511170859377,Door,activate
1511170863007,Temperature_1,24.49
1511170863012,Humidity_1,14.395829462965853
1511170863015,Brightness_1,72.0
1511170863017,Temperature_2,24.25
1511170863024,Humidity_2,14.889108985369157
1511170863027,Brightness_2,72.0
1511170866199,Sound_P,60.20329792798059
1511170866203,PodiumIR,93
1511170869073,Sound_R,58.56344075468036
1511170869388,Motion_5,False
1511170869388,Motion_4,False
1511170869388,Motion_7,False
1511170869388,Motion_1,False
1511170869388,Motion_8,False
1511170869393,Motion_8,True
1511170869428,Temperature_1,24.49
1511170869433,Humidity_1,14.395829462965853
1511170869436,Brightness_1,72.0
1511170869438,Temperature_2,24.25
1511170869440,Humidity_2,14.889108985369157
1511170869448,Brightness_2,72.0
1511170871604,Motion_7,True
1511170871604,Motion_1,True
1511170873632,Door,activate
1511170875835,Temperature_1,24.49
1511170875840,Humidity_1,14.395829462965853
1511170875843,Brightness_1,72.0
1511170875845,Temperature_2,24.25
1511170875851,Humidity_2,14.889108985369157
1511170875855,Brightness_2,72.0
1511170876208,Sound_P,64.61127993529891
1511170876212,PodiumIR,76
1511170879073,Sound_R,57.10074881580824
1511170882296,Temperature_1,24.49
1511170882300,Motion_8,True
1511170882302,Humidity_1,14.395829462965853
1511170882305,Brightness_1,72.0
1511170882308,Temperature_2,24.25
1511170882311,Humidity_2,14.889108985369157
1511170882313,Brightness_2,73.0
1511170884526,Motion_7,True
1511170884526,Motion_1,False
1511170886214,Sound_P,62.551438321825636
1511170886219,PodiumIR,118
1511170888797,Temperature_1,24.49
1511170888802,Humidity_1,14.395829462965853
1511170888805,Brightness_1,72.0
1511170888807,Temperature_2,24.25
1511170888814,Humidity_2,14.889108985369157
1511170888817,Brightness_2,73.0
1511170889073,Sound_R,57.23962525779609
1511170895202,Motion_8,True
1511170895553,Temperature_1,24.49
1511170895558,Humidity_1,14.395829462965853
1511170895561,Brightness_1,72.0
1511170895563,Temperature_2,24.25
1511170895565,Humidity_2,14.889108985369157
1511170895572,Brightness_2,73.0
1511170896224,Sound_P,61.80460425887306
1511170896228,PodiumIR,83
1511170899073,Sound_R,57.6287738317983
1511170900485,Motion_7,False
1511170902007,Temperature_1,24.49
1511170902012,Humidity_1,14.395829462965853
1511170902015,Brightness_1,72.0
1511170902018,Temperature_2,24.25
1511170902025,Humidity_2,14.889108985369157
1511170902028,Brightness_2,73.0
1511170902031,Motion_5,True
1511170902031,Motion_1,True
1511170902031,Motion_2,True
1511170903892,Motion_6,True
1511170906233,Sound_P,63.95233273361063
1511170906238,PodiumIR,87
1511170908439,Temperature_1,24.49
1511170908445,Humidity_1,14.395829462965853
1511170908447,Brightness_1,72.0
1511170908449,Temperature_2,24.25
1511170908452,Humidity_2,14.889108985369157
1511170908454,Brightness_2,73.0
1511170909073,Sound_R,57.77121388115625
1511170914928,Temperature_1,24.49
1511170914933,Humidity_1,14.395829462965853
1511170914936,Brightness_1,72.0
1511170914938,Temperature_2,24.25
1511170914945,Humidity_2,14.889108985369157
1511170914948,Brightness_2,73.0
1511170916243,Sound_P,61.80460425887306
1511170916247,PodiumIR,97
1511170919073,Sound_R,57.22026774895729
1511170922091,Temperature_1,24.49
1511170922097,Humidity_1,14.395829462965853
1511170922100,Brightness_1,73.0
1511170922102,Temperature_2,24.25
1511170922107,Humidity_2,14.889108985369157
1511170922110,Brightness_2,73.0
1511170926249,Sound_P,59.341519288975356
1511170926252,PodiumIR,61
1511170926959,Door,activate
1511170927284,Motion_8,False
1511170927284,Motion_7,False
1511170927284,Motion_5,False
1511170927284,Motion_1,False
1511170927289,Motion_2,False
1511170927289,Motion_6,False
1511170927289,Motion_8,True
1511170927289,Motion_7,True
1511170928527,Temperature_1,24.49
1511170928532,Humidity_1,14.395829462965853
1511170928535,Brightness_1,73.0
1511170928537,Temperature_2,24.25
1511170928541,Humidity_2,14.889108985369157
1511170928544,Brightness_2,73.0
1511170928705,Motion_6,True
1511170928705,Motion_1,True
1511170929073,Sound_R,59.09899761092989
1511170934977,Temperature_1,24.49
1511170934980,Humidity_1,14.395829462965853
1511170934983,Brightness_1,73.0
1511170934985,Temperature_2,24.25
1511170934988,Humidity_2,14.889108985369157
1511170934989,Brightness_2,73.0
1511170936255,Sound_P,61.023021476191225
1511170936258,PodiumIR,91
1511170939073,Sound_R,59.18146509979741
1511170940436,Motion_8,True
1511170940436,Motion_7,True
1511170940436,Motion_2,False
1511170941837,Temperature_1,24.49
1511170941840,Humidity_1,14.395829462965853
1511170941843,Brightness_1,73.0
1511170941845,Temperature_2,24.25
1511170941848,Humidity_2,14.889108985369157
1511170941850,Brightness_2,73.0
1511170942092,Motion_1,True
1511170942092,Motion_6,True
1511170946260,Sound_P,59.341519288975356
1511170946263,PodiumIR,113
1511170947350,Motion_5,True
1511170947735,Door,activate
1511170948238,Temperature_1,24.49
1511170948241,Humidity_1,14.395829462965853
1511170948244,Brightness_1,73.0
1511170948245,Temperature_2,24.37
1511170948247,Humidity_2,14.889108985369157
1511170948250,Brightness_2,74.0
1511170949073,Sound_R,57.25541700588938
1511170949911,Motion_2,True
1511170953338,Motion_8,True
1511170953338,Motion_7,True
1511170954944,Temperature_1,24.49
1511170954947,Humidity_1,14.395829462965853
1511170954950,Brightness_1,73.0
1511170954952,Temperature_2,24.37
1511170954954,Humidity_2,14.889108985369157
1511170954957,Brightness_2,74.0
1511170955854,Motion_1,False
1511170955854,Motion_6,True
1511170956266,Sound_P,64.61127993529891
1511170956269,PodiumIR,90
1511170958061,Motion_1,True
1511170958061,Motion_4,True
1511170959073,Sound_R,58.382125478955295
1511170959331,Motion_3,True
1511170959331,Motion_5,True
1511170961391,Door,activate
1511170961617,Temperature_1,24.49
1511170961620,Humidity_1,14.395829462965853
1511170961623,Brightness_1,73.0
1511170961625,Temperature_2,24.37
1511170961627,Humidity_2,14.889108985369157
1511170961629,Brightness_2,74.0
1511170963135,Door,activate
1511170965545,Motion_2,False
1511170965545,Seat_2,True
1511170965545,Motion_8,True
1511170966271,Sound_P,62.551438321825636
1511170966282,PodiumIR,87
1511170967464,Door,activate
1511170968189,Temperature_1,24.49
1511170968192,Humidity_1,14.395829462965853
1511170968195,Brightness_1,73.0
1511170968198,Temperature_2,24.37
1511170968200,Humidity_2,14.889108985369157
1511170968202,Brightness_2,74.0
1511170968756,Motion_7,True
1511170968756,Motion_6,True
1511170969073,Sound_R,61.5862240978299
1511170970231,Door,activate
1511170971473,Motion_1,False
1511170971473,Motion_4,True
1511170971473,Motion_3,True
1511170974716,Temperature_1,24.49
1511170974719,Humidity_1,14.395829462965853
1511170974722,Brightness_1,73.0
1511170974725,Temperature_2,24.37
1511170974727,Humidity_2,14.889108985369157
1511170974729,Brightness_2,74.0
1511170974955,Motion_5,False
1511170974955,Motion_1,True
1511170976200,Motion_5,True
1511170976285,Sound_P,64.61127993529891
1511170976289,PodiumIR,82
1511170979073,Sound_R,63.56529891178195
1511170979547,Motion_8,False
1511170979547,Motion_7,True
1511170979547,Motion_2,True
1511170981161,Temperature_1,24.49
1511170981165,Humidity_1,14.395829462965853
1511170981170,Brightness_1,73.0
1511170981173,Temperature_2,24.37
1511170981176,Humidity_2,14.889108985369157
1511170981180,Brightness_2,74.0
1511170981673,Motion_6,True
1511170981673,Motion_8,True
1511170984380,Motion_4,True
1511170984380,Motion_3,False
1511170986292,Sound_P,78.09150302019039
1511170986302,PodiumIR,75
1511170987861,Motion_1,True
1511170987861,Motion_3,True
1511170987920,Temperature_1,24.49
1511170987923,Humidity_1,14.395829462965853
1511170987927,Brightness_1,68.0
1511170987929,Temperature_2,24.37
1511170987931,Humidity_2,14.889108985369157
1511170987934,Brightness_2,74.0
1511170989073,Sound_R,66.766463199921
1511170992144,Motion_5,False
1511170992144,Motion_2,True
1511170994347,Temperature_1,24.49
1511170994350,Humidity_1,14.395829462965853
1511170994353,Brightness_1,68.0
1511170994355,Temperature_2,24.37
1511170994357,Humidity_2,14.889108985369157
1511170994359,Brightness_2,74.0
1511170994585,Motion_6,True
1511170994585,Motion_8,True
1511170994585,Motion_7,False
1511170996307,Sound_P,61.023021476191225
1511170996310,PodiumIR,93
1511170999073,Sound_R,65.71116193364794
1511171000343,Motion_4,False
1511171000343,Motion_1,True
1511171000348,Motion_3,True
1511171001141,Temperature_1,24.49
1511171001144,Humidity_1,14.395829462965853
1511171001147,Brightness_1,68.0
1511171001149,Temperature_2,24.37
1511171001151,Humidity_2,14.889108985369157
1511171001153,Brightness_2,74.0
1511171002199,Motion_7,True
1511171002591,Door,activate
1511171005046,Motion_5,True
1511171006315,Sound_P,61.023021476191225
1511171006325,PodiumIR,89
1511171006687,Motion_2,True
1511171006687,Motion_6,False
1511171007176,Door,activate
1511171007900,Temperature_1,24.49
1511171007903,Humidity_1,14.395829462965853
1511171007906,Brightness_1,68.0
1511171007908,Temperature_2,24.37
1511171007910,Humidity_2,14.889108985369157
1511171007913,Brightness_2,74.0
1511171008247,Motion_8,True
1511171009073,Sound_R,60.47116153023257
1511171009928,Door,activate
1511171013680,Motion_4,False
1511171013680,Motion_1,True
1511171013680,Seat_7,True
1511171013680,Motion_3,True
1511171014338,Temperature_1,24.49
1511171014341,Humidity_1,14.395829462965853
1511171014344,Brightness_1,68.0
1511171014346,Temperature_2,24.37
1511171014348,Humidity_2,15.012428865969973
1511171014350,Brightness_2,76.0
1511171015096,Motion_7,True
1511171015096,Motion_6,True
1511171016330,Sound_P,63.26648240367583
1511171016333,PodiumIR,92
1511171018158,Motion_5,False
1511171018158,Seat_11,True
1511171018158,Seat_9,True
1511171019073,Sound_R,63.562859802212124
1511171019185,Door,activate
1511171020756,Temperature_1,24.49
1511171020758,Humidity_1,14.395829462965853
1511171020762,Brightness_1,68.0
1511171020764,Temperature_2,24.37
1511171020766,Humidity_2,15.012428865969973
1511171020768,Brightness_2,76.0
1511171021164,Motion_8,True
1511171021164,Motion_2,True
1511171024466,Motion_5,True
1511171026337,Sound_P,61.023021476191225
1511171026347,PodiumIR,70
1511171026587,Motion_1,True
1511171026587,Motion_3,False
1511171027446,Temperature_1,24.49
1511171027449,Humidity_1,14.395829462965853
1511171027452,Brightness_1,68.0
1511171027455,Temperature_2,24.37
1511171027457,Humidity_2,15.012428865969973
1511171027459,Brightness_2,76.0
1511171028018,Motion_7,True
1511171028018,Motion_6,False
1511171029073,Sound_R,65.39908753911668
1511171029979,Motion_3,True
1511171032561,Door,activate
1511171033726,Motion_4,True
1511171033726,Motion_8,False
1511171033726,Motion_2,False
1511171034108,Temperature_1,24.49
1511171034111,Humidity_1,14.395829462965853
1511171034114,Brightness_1,68.0
1511171034117,Temperature_2,24.37
1511171034119,Humidity_2,15.012428865969973
1511171034121,Brightness_2,76.0
1511171036352,Sound_P,60.20329792798059
1511171036355,PodiumIR,119
1511171039073,Sound_R,68.60421492309712
1511171040074,Motion_5,False
1511171040074,Motion_2,True
1511171040074,Motion_1,True
1511171040074,Motion_7,False
1511171040523,Temperature_1,24.49
1511171040526,Humidity_1,14.395829462965853
1511171040529,Brightness_1,68.0
1511171040531,Temperature_2,24.37
1511171040533,Humidity_2,15.012428865969973
1511171040535,Brightness_2,76.0
1511171042876,Motion_3,True
1511171044057,Door,activate
1511171046360,Sound_P,60.20329792798059
1511171046369,PodiumIR,91
1511171047215,Temperature_1,24.49
1511171047218,Humidity_1,14.395829462965853
1511171047221,Brightness_1,70.0
1511171047223,Temperature_2,24.37
1511171047225,Humidity_2,15.012428865969973
1511171047227,Brightness_2,76.0
1511171049073,Sound_R,69.39805707094236
1511171052046,Motion_4,False
1511171052046,Motion_8,True
1511171052046,Motion_2,True
1511171053456,Motion_1,True
1511171053661,Temperature_1,24.49
1511171053664,Humidity_1,14.395829462965853
1511171053667,Brightness_1,70.0
1511171053669,Temperature_2,24.37
1511171053671,Humidity_2,15.012428865969973
1511171053673,Brightness_2,76.0
1511171055798,Motion_3,True
1511171056373,Sound_P,70.5390318503356
1511171056377,PodiumIR,90
1511171057774,Motion_7,True
1511171059073,Sound_R,71.35936670992311
1511171060111,Temperature_1,24.49
1511171060113,Humidity_1,14.395829462965853
1511171060117,Brightness_1,70.0
1511171060119,Temperature_2,24.37
1511171060121,Humidity_2,15.012428865969973
1511171060124,Brightness_2,76.0
1511171065958,Motion_8,False
1511171065958,Motion_2,True
1511171065958,Motion_1,True
1511171066381,Sound_P,64.61127993529891
1511171066384,PodiumIR,96
1511171066655,Temperature_1,24.49
1511171066658,Humidity_1,14.395829462965853
1511171066661,Brightness_1,70.0
1511171066664,Temperature_2,24.37
1511171066666,Humidity_2,15.012428865969973
1511171066668,Brightness_2,76.0
1511171067999,Motion_8,True
1511171067999,Motion_3,False
1511171069073,Sound_R,76.37253845741228
1511171069615,Projector,On
1511171070676,Motion_7,True
1511171072992,Motion_6,True
1511171073117,Temperature_1,24.49
1511171073119,Humidity_1,14.395829462965853
1511171073122,Brightness_1,70.0
1511171073125,Temperature_2,24.37
1511171073127,Humidity_2,15.012428865969973
1511171073129,Brightness_2,72.0
1511171074248,Motion_5,True
1511171076389,Sound_P,62.551438321825636
1511171076392,PodiumIR,89
1511171079073,Sound_R,71.9890027122345
1511171079295,Motion_2,False
1511171079295,Motion_1,True
1511171079522,Temperature_1,24.49
1511171079525,Humidity_1,14.395829462965853
1511171079528,Brightness_1,70.0
1511171079530,Temperature_2,24.37
1511171079532,Humidity_2,15.012428865969973
1511171079534,Brightness_2,72.0
1511171085264,Door,activate
1511171086189,Temperature_1,24.49
1511171086192,Humidity_1,14.395829462965853
1511171086195,Brightness_1,70.0
1511171086197,Temperature_2,24.37
1511171086199,Humidity_2,15.012428865969973
1511171086202,Brightness_2,72.0
1511171086397,Sound_P,63.26648240367583
1511171086400,PodiumIR,125
1511171089073,Sound_R,65.48992546638077
1511171089091,Motion_8,False
1511171089091,Motion_7,False
1511171089091,Seat_2,False
1511171089091,Motion_6,False
1511171089091,Motion_5,False
1511171089096,Motion_8,True
1511171092654,Temperature_1,24.49
1511171092657,Humidity_1,14.395829462965853
1511171092660,Brightness_1,70.0
1511171092662,Temperature_2,24.37
1511171092664,Humidity_2,15.012428865969973
1511171092666,Brightness_2,72.0
1511171093228,Motion_1,False
1511171093228,Motion_7,True
1511171095419,Motion_1,True
1511171096404,Sound_P,70.987085069563
1511171096408,PodiumIR,86
1511171099071,Temperature_1,24.49
1511171099072,Sound_R,64.83041125307511
1511171099074,Humidity_1,14.395829462965853
1511171099077,Brightness_1,70.0
1511171099079,Temperature_2,24.37
1511171099081,Humidity_2,15.012428865969973
1511171099083,Brightness_2,72.0
1511171105482,Temperature_1,24.49
1511171105485,Humidity_1,14.395829462965853
1511171105488,Brightness_1,70.0
1511171105490,Temperature_2,24.37
1511171105492,Humidity_2,15.012428865969973
1511171105494,Brightness_2,72.0
1511171106413,Sound_P,69.60540278108363
1511171106416,PodiumIR,99
1511171109073,Sound_R,70.90576581028513
1511171109727,Motion_8,False
1511171109727,Motion_7,False
1511171109727,Motion_1,False
1511171109727,Motion_2,True
1511171111232,Motion_1,True
1511171111927,Temperature_1,24.6
1511171111929,Humidity_1,14.395829462965853
1511171111933,Brightness_1,74.0
1511171111935,Temperature_2,24.37
1511171111937,Humidity_2,15.012428865969973
1511171111939,Brightness_2,72.0
1511171116422,Sound_P,75.59789851419828
1511171116425,PodiumIR,80
1511171118377,Temperature_1,24.6
1511171118380,Humidity_1,14.395829462965853
1511171118383,Brightness_1,74.0
1511171118385,Temperature_2,24.37
1511171118387,Humidity_2,15.012428865969973
1511171118389,Brightness_2,72.0
1511171119073,Sound_R,75.0043518725224
1511171124830,Temperature_1,24.6
1511171124833,Humidity_1,14.395829462965853
1511171124836,Brightness_1,74.0
1511171124838,Temperature_2,24.37
1511171124840,Humidity_2,15.012428865969973
1511171124842,Brightness_2,72.0
1511171126432,Sound_P,59.341519288975356
1511171126435,PodiumIR,80
1511171128106,Motion_2,False
1511171128106,Motion_8,False
1511171128106,Motion_1,False
1511171129073,Sound_R,73.05311613096141
1511171131589,Temperature_1,24.6
1511171131592,Humidity_1,14.395829462965853
1511171131595,Brightness_1,74.0
1511171131598,Temperature_2,24.37
1511171131601,Humidity_2,15.012428865969973
1511171131604,Brightness_2,72.0
1511171132289,Motion_2,True
1511171136437,Sound_P,73.06392314376754
1511171136440,PodiumIR,59
1511171136731,Motion_8,True
1511171138043,Temperature_1,24.6
1511171138046,Humidity_1,14.395829462965853
1511171138049,Brightness_1,74.0
1511171138051,Temperature_2,24.37
1511171138053,Humidity_2,15.012428865969973
1511171138055,Brightness_2,72.0
1511171139073,Sound_R,71.229195144612
1511171140018,Motion_3,True
1511171140018,Motion_1,False
1511171144455,Temperature_1,24.6
1511171144459,Humidity_1,14.395829462965853
1511171144462,Brightness_1,74.0
1511171144464,Temperature_2,24.37
1511171144466,Humidity_2,15.012428865969973
1511171144469,Brightness_2,72.0
1511171146443,Sound_P,69.60540278108363
1511171146446,PodiumIR,76
1511171149073,Sound_R,69.04818048092295
1511171151145,Temperature_1,24.6
1511171151148,Humidity_1,14.395829462965853
1511171151151,Brightness_1,74.0
1511171151153,Temperature_2,24.37
1511171151155,Humidity_2,15.012428865969973
1511171151158,Brightness_2,72.0
1511171152254,Motion_2,False
1511171152254,Motion_8,False
1511171152254,Motion_1,True
1511171152254,Motion_7,True
1511171153615,Seat_5,True
1511171153615,Motion_6,True
1511171156454,Sound_P,65.24535518573873
1511171156463,PodiumIR,62
1511171157611,Temperature_1,24.6
1511171157614,Humidity_1,14.395829462965853
1511171157617,Brightness_1,74.0
1511171157619,Temperature_2,24.37
1511171157621,Humidity_2,15.012428865969973
1511171157624,Brightness_2,72.0
1511171159073,Sound_R,68.18652139499164
1511171164025,Temperature_1,24.6
1511171164028,Humidity_1,14.395829462965853
1511171164031,Brightness_1,74.0
1511171164033,Temperature_2,24.37
1511171164035,Humidity_2,15.012428865969973
1511171164038,Brightness_2,72.0
1511171165601,Motion_3,False
1511171165601,Motion_1,False
1511171165601,Motion_7,False
1511171165601,Motion_8,True
1511171166473,Sound_P,63.26648240367583
1511171166476,PodiumIR,96
1511171169073,Sound_R,68.60960862016407
1511171170440,Temperature_1,24.6
1511171170443,Humidity_1,14.395829462965853
1511171170446,Brightness_1,74.0
1511171170448,Temperature_2,24.37
1511171170450,Humidity_2,15.012428865969973
1511171170452,Brightness_2,72.0
1511171175607,Motion_6,False
1511171175607,Motion_1,True
1511171176484,Sound_P,70.987085069563
1511171176488,PodiumIR,106
1511171177160,Temperature_1,24.49
1511171177163,Humidity_1,14.395829462965853
1511171177165,Brightness_1,73.0
1511171177168,Temperature_2,24.37
1511171177170,Humidity_2,15.012428865969973
1511171177172,Brightness_2,72.0
1511171179073,Sound_R,67.49720324981182
1511171180309,Motion_8,False
1511171180309,Motion_2,True
1511171181560,Motion_8,True
1511171183814,Temperature_1,24.49
1511171183817,Humidity_1,14.395829462965853
1511171183820,Brightness_1,73.0
1511171183822,Temperature_2,24.37
1511171183824,Humidity_2,15.012428865969973
1511171183826,Brightness_2,72.0
1511171186496,Sound_P,69.60540278108363
1511171186499,PodiumIR,105
1511171186998,Motion_3,True
1511171188338,Motion_7,True
1511171188338,Motion_1,True
1511171188338,Motion_6,True
1511171188338,Motion_5,True
1511171189073,Sound_R,67.5331055538121
1511171190234,Temperature_1,24.49
1511171190237,Humidity_1,14.395829462965853
1511171190240,Brightness_1,73.0
1511171190242,Temperature_2,24.37
1511171190244,Humidity_2,15.012428865969973
1511171190246,Brightness_2,72.0
1511171196506,Sound_P,70.987085069563
1511171196509,PodiumIR,87
1511171197036,Temperature_1,24.49
1511171197039,Humidity_1,14.395829462965853
1511171197042,Brightness_1,73.0
1511171197044,Temperature_2,24.37
1511171197046,Humidity_2,15.012428865969973
1511171197049,Brightness_2,72.0
1511171199072,Sound_R,69.60289703941983
1511171200350,Motion_2,False
1511171200350,Motion_8,False
1511171200350,Motion_3,False
1511171200350,Motion_7,True
1511171203582,Temperature_1,24.49
1511171203585,Humidity_1,14.395829462965853
1511171203588,Brightness_1,73.0
1511171203590,Temperature_2,24.37
1511171203592,Humidity_2,15.012428865969973
1511171203595,Brightness_2,72.0
1511171206512,Sound_P,61.80460425887306
1511171206517,PodiumIR,98
1511171209072,Sound_R,72.801237383143
1511171210028,Temperature_1,24.49
1511171210030,Humidity_1,14.395829462965853
1511171210033,Brightness_1,73.0
1511171210035,Temperature_2,24.37
1511171210037,Humidity_2,15.012428865969973
1511171210039,Brightness_2,72.0
1511171211200,Door,activate
1511171215083,Motion_1,False
1511171215083,Motion_6,False
1511171215083,Motion_5,False
1511171215083,Motion_8,False
1511171215083,Motion_7,False
1511171216288,Motion_8,True
1511171216288,Motion_2,True
1511171216288,Motion_7,True
1511171216451,Temperature_1,24.49
1511171216453,Humidity_1,14.395829462965853
1511171216456,Brightness_1,73.0
1511171216458,Temperature_2,24.37
1511171216461,Humidity_2,15.012428865969973
1511171216462,Brightness_2,72.0
1511171216522,Sound_P,67.01551720930587
1511171216525,PodiumIR,97
1511171219073,Sound_R,72.50901318184627
1511171222851,Temperature_1,24.49
1511171222854,Humidity_1,14.395829462965853
1511171222857,Brightness_1,73.0
1511171222859,Temperature_2,24.37
1511171222861,Humidity_2,15.012428865969973
1511171222863,Brightness_2,72.0
1511171226531,Sound_P,61.023021476191225
1511171226535,PodiumIR,94
1511171228135,Motion_6,False
1511171228135,Motion_1,True
1511171229073,Sound_R,73.09280246795191
1511171229195,Motion_8,True
1511171229195,Motion_2,True
1511171229195,Motion_7,False
1511171231031,Motion_6,True
1511171232249,Temperature_1,24.49
1511171232251,Humidity_1,14.395829462965853
1511171232254,Brightness_1,73.0
1511171232256,Temperature_2,24.37
1511171232258,Humidity_2,15.012428865969973
1511171232260,Brightness_2,72.0
1511171235343,Door,activate
1511171236540,Sound_P,61.023021476191225
1511171236544,PodiumIR,99
1511171237720,Motion_7,True
1511171237720,Motion_5,True
1511171238681,Temperature_1,24.49
1511171238683,Humidity_1,14.395829462965853
1511171238686,Brightness_1,74.0
1511171238688,Temperature_2,24.37
1511171238690,Humidity_2,15.012428865969973
1511171238692,Brightness_2,72.0
1511171239072,Sound_R,70.9041473578831
1511171241057,Motion_1,True
1511171242107,Motion_8,True
1511171242107,Motion_2,False
1511171245082,Temperature_1,24.49
1511171245085,Humidity_1,14.395829462965853
1511171245088,Brightness_1,74.0
1511171245091,Temperature_2,24.37
1511171245093,Humidity_2,15.012428865969973
1511171245095,Brightness_2,72.0
1511171245949,Motion_6,False
1511171245949,Motion_2,True
1511171246549,Sound_P,79.48080653810413
1511171246553,PodiumIR,130
1511171249073,Sound_R,69.83175851565785
1511171251615,Door,activate
1511171251807,Temperature_1,24.49
1511171251809,Humidity_1,14.395829462965853
1511171251813,Brightness_1,74.0
1511171251814,Temperature_2,24.37
1511171251817,Humidity_2,15.012428865969973
1511171251819,Brightness_2,72.0
1511171256559,Sound_P,71.42349921662418
1511171256562,PodiumIR,75
1511171258221,Temperature_1,24.49
1511171258224,Humidity_1,14.395829462965853
1511171258227,Brightness_1,74.0
1511171258229,Temperature_2,24.37
1511171258231,Humidity_2,15.012428865969973
1511171258233,Brightness_2,72.0
1511171259072,Sound_R,72.7226260276258
1511171262671,Door,activate
1511171263579,Motion_7,False
1511171263579,Motion_5,False
1511171263579,Motion_1,False
1511171263579,Motion_8,False
1511171263579,Motion_2,False
1511171263584,Motion_1,True
1511171264641,Temperature_1,24.49
1511171264644,Humidity_1,14.395829462965853
1511171264647,Brightness_1,74.0
1511171264649,Temperature_2,24.37
1511171264651,Humidity_2,15.012428865969973
1511171264653,Brightness_2,72.0
1511171266565,Sound_P,66.44593723960276
1511171266568,PodiumIR,96
1511171269072,Sound_R,70.78805665606994
1511171271313,Motion_8,True
1511171271368,Temperature_1,24.49
1511171271371,Humidity_1,14.395829462965853
1511171271374,Brightness_1,74.0
1511171271376,Temperature_2,24.37
1511171271378,Humidity_2,15.012428865969973
1511171271381,Brightness_2,72.0
1511171276574,Sound_P,61.80460425887306
1511171276580,PodiumIR,71
1511171277839,Temperature_1,24.49
1511171277842,Humidity_1,14.395829462965853
1511171277846,Brightness_1,74.0
1511171277849,Temperature_2,24.37
1511171277852,Humidity_2,15.012428865969973
1511171277854,Brightness_2,72.0
1511171279073,Sound_R,69.08005549789924
1511171279532,Motion_1,False
1511171284240,Temperature_1,24.49
1511171284244,Humidity_1,14.395829462965853
1511171284247,Brightness_1,74.0
1511171284250,Temperature_2,24.37
1511171284252,Humidity_2,15.012428865969973
1511171284255,Brightness_2,72.0
1511171286586,Sound_P,64.61127993529891
1511171286590,PodiumIR,91
1511171289073,Sound_R,66.62810988180797
1511171290659,Temperature_1,24.49
1511171290663,Humidity_1,14.395829462965853
1511171290666,Brightness_1,74.0
1511171290669,Temperature_2,24.37
1511171290671,Humidity_2,15.012428865969973
1511171290674,Brightness_2,72.0
1511171292449,Motion_8,False
1511171292449,Motion_1,True
1511171296595,Sound_P,65.24535518573873
1511171296599,PodiumIR,118
1511171297428,Temperature_1,24.49
1511171297431,Humidity_1,14.395829462965853
1511171297443,Brightness_1,74.0
1511171297446,Temperature_2,24.37
1511171297449,Humidity_2,15.012428865969973
1511171297452,Brightness_2,72.0
1511171299072,Sound_R,65.76046098674539
1511171303975,Temperature_1,24.6
1511171303978,Humidity_1,14.395829462965853
1511171303981,Brightness_1,69.0
1511171303984,Temperature_2,24.37
1511171303987,Humidity_2,15.012428865969973
1511171303990,Brightness_2,72.0
1511171306605,Sound_P,68.61682354019833
1511171306608,PodiumIR,89
1511171308413,Motion_1,False
1511171309073,Sound_R,65.37210763227951
1511171310398,Temperature_1,24.6
1511171310401,Humidity_1,14.395829462965853
1511171310405,Brightness_1,69.0
1511171310407,Temperature_2,24.37
1511171310410,Humidity_2,15.012428865969973
1511171310413,Brightness_2,72.0
1511171316614,Sound_P,70.0787016850011
1511171316619,PodiumIR,79
1511171317140,Temperature_1,24.6
1511171317143,Humidity_1,14.395829462965853
1511171317146,Brightness_1,69.0
1511171317149,Temperature_2,24.37
1511171317151,Humidity_2,15.012428865969973
1511171317154,Brightness_2,72.0
1511171317707,Motion_8,True
1511171319073,Sound_R,66.44417345950926
1511171321324,Motion_1,True
1511171323602,Temperature_1,24.6
1511171323605,Humidity_1,14.395829462965853
1511171323608,Brightness_1,69.0
1511171323611,Temperature_2,24.37
1511171323613,Humidity_2,15.012428865969973
1511171323615,Brightness_2,72.0
1511171326623,Sound_P,66.44593723960276
1511171326626,PodiumIR,80
1511171329072,Sound_R,67.88686146708633
1511171330048,Temperature_1,24.6
1511171330052,Humidity_1,14.395829462965853
1511171330055,Brightness_1,69.0
1511171330058,Temperature_2,24.37
1511171330060,Humidity_2,15.012428865969973
1511171330062,Brightness_2,72.0
1511171333661,Motion_8,False
1511171333661,Motion_1,True
1511171335302,Motion_6,True
1511171335302,Motion_7,True
1511171335302,Motion_2,True
1511171336494,Temperature_1,24.6
1511171336497,Humidity_1,14.395829462965853
1511171336501,Brightness_1,69.0
1511171336503,Temperature_2,24.37
1511171336506,Humidity_2,15.012428865969973
1511171336508,Brightness_2,72.0
1511171336629,Sound_P,69.11838317407611
1511171336632,PodiumIR,83
1511171339073,Sound_R,65.03406375252796
1511171342961,Temperature_1,24.6
1511171342964,Humidity_1,14.395829462965853
1511171342968,Brightness_1,69.0
1511171342970,Temperature_2,24.37
1511171342972,Humidity_2,15.012428865969973
1511171342975,Brightness_2,72.0
1511171346568,Motion_8,True
1511171346568,Motion_1,True
1511171346634,Sound_P,73.45017003946069
1511171346638,PodiumIR,85
1511171348209,Motion_6,True
1511171348209,Motion_7,True
1511171348209,Motion_2,True
1511171349073,Sound_R,67.82281986039268
1511171349610,Temperature_1,24.6
1511171349613,Humidity_1,14.395829462965853
1511171349616,Brightness_1,69.0
1511171349619,Temperature_2,24.37
1511171349621,Humidity_2,15.012428865969973
1511171349625,Brightness_2,72.0
1511171350000,Motion_5,True
1511171354253,Door,activate
1511171354373,Door,activate
1511171356063,Temperature_1,24.6
1511171356066,Humidity_1,14.395829462965853
1511171356070,Brightness_1,69.0
1511171356073,Temperature_2,24.37
1511171356075,Humidity_2,15.012428865969973
1511171356078,Brightness_2,72.0
1511171356640,Sound_P,61.023021476191225
1511171356643,PodiumIR,73
1511171359072,Sound_R,72.69322334295184
1511171359475,Motion_8,True
1511171359475,Motion_1,False
1511171361789,Door,activate
1511171362510,Temperature_1,24.6
1511171362513,Humidity_1,14.395829462965853
1511171362516,Brightness_1,69.0
1511171362519,Temperature_2,24.37
1511171362522,Humidity_2,15.012428865969973
1511171362524,Brightness_2,72.0
1511171363137,Motion_6,False
1511171363137,Motion_7,False
1511171363137,Motion_2,False
1511171363137,Motion_5,False
1511171363137,Motion_1,True
1511171366646,Sound_P,68.61682354019833
1511171366649,PodiumIR,55
1511171368924,Temperature_1,24.6
1511171368928,Humidity_1,14.519149343566673
1511171368931,Brightness_1,70.0
1511171368933,Temperature_2,24.37
1511171368935,Humidity_2,15.012428865969973
1511171368938,Brightness_2,72.0
1511171369073,Sound_R,71.97793407202481
1511171371965,Door,activate
1511171375485,Door,activate
1511171375632,Temperature_1,24.6
1511171375635,Humidity_1,14.519149343566673
1511171375639,Brightness_1,70.0
1511171375641,Temperature_2,24.37
1511171375643,Humidity_2,15.012428865969973
1511171375647,Brightness_2,72.0
1511171376651,Sound_P,61.80460425887306
1511171376655,PodiumIR,85
1511171377024,Motion_5,False
1511171377024,Motion_8,False
1511171377024,Motion_1,False
1511171377024,Motion_7,True
1511171378885,Motion_6,True
1511171378885,Motion_1,True
1511171378990,Door,activate
1511171379072,Sound_R,73.42921610441068
1511171382053,Temperature_1,24.6
1511171382056,Humidity_1,14.519149343566673
1511171382059,Brightness_1,70.0
1511171382061,Temperature_2,24.37
1511171382063,Humidity_2,15.012428865969973
1511171382066,Brightness_2,72.0
1511171385554,Motion_2,True
1511171385554,Motion_5,True
1511171386657,Sound_P,63.26648240367583
1511171386662,PodiumIR,93
1511171388463,Temperature_1,24.6
1511171388466,Humidity_1,14.519149343566673
1511171388469,Brightness_1,70.0
1511171388471,Temperature_2,24.37
1511171388473,Humidity_2,15.012428865969973
1511171388475,Brightness_2,72.0
1511171389073,Sound_R,72.50598198250778
1511171389926,Motion_8,True
1511171389926,Motion_7,False
1511171395180,Temperature_1,24.6
1511171395183,Humidity_1,14.519149343566673
1511171395186,Brightness_1,70.0
1511171395189,Temperature_2,24.25
1511171395190,Humidity_2,15.012428865969973
1511171395195,Brightness_2,74.0
1511171396667,Sound_P,60.20329792798059
1511171396670,PodiumIR,89
1511171397493,Door,activate
1511171399073,Sound_R,71.70462300572756
1511171401929,Temperature_1,24.6
1511171401932,Humidity_1,14.519149343566673
1511171401935,Brightness_1,70.0
1511171401938,Temperature_2,24.25
1511171401941,Humidity_2,15.012428865969973
1511171401945,Brightness_2,74.0
1511171403629,Door,activate
1511171406673,Sound_P,72.66858725677886
1511171406676,PodiumIR,93
1511171408380,Temperature_1,24.6
1511171408383,Humidity_1,14.519149343566673
1511171408388,Brightness_1,70.0
1511171408391,Temperature_2,24.25
1511171408393,Humidity_2,15.012428865969973
1511171408400,Brightness_2,74.0
1511171409073,Sound_R,71.5040977183884
1511171414834,Temperature_1,24.6
1511171414838,Humidity_1,14.519149343566673
1511171414841,Brightness_1,70.0
1511171414843,Temperature_2,24.25
1511171414845,Humidity_2,15.012428865969973
1511171414847,Brightness_2,74.0
1511171416678,Sound_P,66.44593723960276
1511171416682,PodiumIR,76
1511171419073,Sound_R,70.11193541459642
1511171421293,Temperature_1,24.6
1511171421296,Humidity_1,14.519149343566673
1511171421300,Brightness_1,70.0
1511171421302,Temperature_2,24.25
1511171421304,Humidity_2,15.012428865969973
1511171421310,Brightness_2,74.0
1511171422283,Motion_6,False
1511171422283,Motion_1,False
1511171422283,Motion_2,False
1511171422283,Motion_5,False
1511171422283,Motion_8,False
1511171423889,Motion_6,True
1511171426691,Sound_P,68.61682354019833
1511171426695,PodiumIR,93
1511171427733,Temperature_1,24.6
1511171427736,Humidity_1,14.519149343566673
1511171427740,Brightness_1,70.0
1511171427742,Temperature_2,24.25
1511171427744,Humidity_2,15.012428865969973
1511171427746,Brightness_2,74.0
1511171429073,Sound_R,70.97510248579212
1511171434160,Temperature_1,24.6
1511171434163,Humidity_1,14.519149343566673
1511171434167,Brightness_1,70.0
1511171434169,Temperature_2,24.25
1511171434171,Humidity_2,15.012428865969973
1511171434173,Brightness_2,74.0
1511171436705,Sound_P,63.95233273361063
1511171436708,PodiumIR,79
1511171439073,Sound_R,70.49706170071877
1511171440603,Temperature_1,24.6
1511171440606,Humidity_1,14.519149343566673
1511171440610,Brightness_1,70.0
1511171440612,Temperature_2,24.25
1511171440614,Humidity_2,15.012428865969973
1511171440620,Brightness_2,74.0
1511171446717,Sound_P,80.00588052151659
1511171446720,PodiumIR,91
1511171447291,Temperature_1,24.6
1511171447294,Humidity_1,14.519149343566673
1511171447298,Brightness_1,70.0
1511171447300,Temperature_2,24.25
1511171447302,Humidity_2,15.012428865969973
1511171447304,Brightness_2,74.0
1511171449073,Sound_R,71.4984176505708
1511171449098,Motion_8,False
1511171449098,Motion_6,False
1511171449098,Motion_5,True
1511171449098,Motion_7,True
1511171453948,Temperature_1,24.6
1511171453951,Humidity_1,14.519149343566673
1511171453954,Brightness_1,70.0
1511171453956,Temperature_2,24.25
1511171453958,Humidity_2,15.012428865969973
1511171453963,Brightness_2,73.0
1511171456729,Sound_P,63.95233273361063
1511171456732,PodiumIR,89
1511171459073,Sound_R,72.45075318701758
1511171460373,Temperature_1,24.6
1511171460376,Humidity_1,14.519149343566673
1511171460380,Brightness_1,70.0
1511171460382,Temperature_2,24.25
1511171460384,Humidity_2,15.012428865969973
1511171460386,Brightness_2,73.0
1511171464101,Motion_5,False
1511171464101,Motion_7,False
1511171466739,Sound_P,76.25684571588656
1511171466742,PodiumIR,117
1511171466790,Temperature_1,24.6
1511171466798,Humidity_1,14.519149343566673
1511171466802,Brightness_1,70.0
1511171466805,Temperature_2,24.25
1511171466807,Humidity_2,15.012428865969973
1511171466810,Brightness_2,73.0
1511171468213,Motion_1,True
1511171468213,Motion_2,True
1511171469073,Sound_R,67.73396078457026
1511171473516,Temperature_1,24.6
1511171473519,Humidity_1,14.519149343566673
1511171473523,Brightness_1,70.0
1511171473525,Temperature_2,24.25
1511171473529,Humidity_2,15.012428865969973
1511171473534,Brightness_2,73.0
1511171474176,Motion_8,True
1511171476744,Sound_P,70.987085069563
1511171476747,PodiumIR,111
1511171479073,Sound_R,67.0489648576163
1511171480065,Temperature_1,24.6
1511171480068,Humidity_1,14.519149343566673
1511171480071,Brightness_1,70.0
1511171480073,Temperature_2,24.25
1511171480075,Humidity_2,15.012428865969973
1511171480078,Brightness_2,73.0
1511171483586,Motion_1,False
1511171483586,Motion_2,False
1511171483586,Seat_4,True
1511171486511,Temperature_1,24.6
1511171486514,Humidity_1,14.519149343566673
1511171486518,Brightness_1,70.0
1511171486520,Temperature_2,24.25
1511171486522,Humidity_2,15.012428865969973
1511171486527,Brightness_2,73.0
1511171486750,Sound_P,68.0998289029382
1511171486753,PodiumIR,82
1511171489073,Sound_R,69.12157006823581
1511171493026,Temperature_1,24.6
1511171493028,Humidity_1,14.519149343566673
1511171493032,Brightness_1,69.0
1511171493034,Temperature_2,24.25
1511171493036,Humidity_2,15.012428865969973
1511171493041,Brightness_2,73.0
1511171496756,Sound_P,59.341519288975356
1511171496759,PodiumIR,87
1511171499073,Sound_R,69.03557888839913
1511171499763,Temperature_1,24.6
1511171499766,Humidity_1,14.519149343566673
1511171499770,Brightness_1,69.0
1511171499772,Temperature_2,24.25
1511171499774,Humidity_2,15.012428865969973
1511171499778,Brightness_2,73.0
1511171506176,Temperature_1,24.6
1511171506179,Humidity_1,14.519149343566673
1511171506182,Brightness_1,69.0
1511171506185,Temperature_2,24.25
1511171506188,Humidity_2,15.012428865969973
1511171506195,Brightness_2,73.0
1511171506761,Sound_P,73.82773649063114
1511171506765,PodiumIR,81
1511171509073,Sound_R,69.67889215176838
1511171512931,Temperature_1,24.6
1511171512933,Humidity_1,14.519149343566673
1511171512937,Brightness_1,69.0
1511171512939,Temperature_2,24.25
1511171512941,Humidity_2,15.012428865969973
1511171512943,Brightness_2,73.0
1511171516767,Sound_P,63.95233273361063
1511171516770,PodiumIR,70
1511171519073,Sound_R,69.6626329485323
1511171519395,Temperature_1,24.6
1511171519398,Humidity_1,14.519149343566673
1511171519402,Brightness_1,69.0
1511171519404,Temperature_2,24.25
1511171519406,Humidity_2,15.012428865969973
1511171519408,Brightness_2,76.0
1511171525937,Temperature_1,24.6
1511171525940,Humidity_1,14.519149343566673
1511171525944,Brightness_1,69.0
1511171525946,Temperature_2,24.25
1511171525948,Humidity_2,15.012428865969973
1511171525953,Brightness_2,76.0
1511171526773,Sound_P,63.95233273361063
1511171526776,PodiumIR,81
1511171529073,Sound_R,68.34605604949651
1511171532363,Temperature_1,24.6
1511171532366,Humidity_1,14.519149343566673
1511171532369,Brightness_1,69.0
1511171532372,Temperature_2,24.25
1511171532373,Humidity_2,15.012428865969973
1511171532375,Brightness_2,76.0
1511171536779,Sound_P,73.45017003946069
1511171536782,PodiumIR,97
1511171539047,Temperature_1,24.6
1511171539050,Humidity_1,14.519149343566673
1511171539053,Brightness_1,69.0
1511171539055,Temperature_2,24.25
1511171539057,Humidity_2,15.012428865969973
1511171539059,Brightness_2,76.0
1511171539073,Sound_R,66.53237651925356
1511171544794,Motion_8,False
1511171544794,Seat_1,False
1511171544794,Motion_1,True
1511171544794,Motion_7,True
1511171545491,Temperature_1,24.6
1511171545494,Humidity_1,14.519149343566673
1511171545496,Brightness_1,69.0
1511171545498,Temperature_2,24.25
1511171545500,Humidity_2,15.012428865969973
1511171545503,Brightness_2,76.0
1511171546274,Motion_6,True
1511171546784,Sound_P,71.84886370856825
1511171546788,PodiumIR,97
1511171549073,Sound_R,68.89027050604325
1511171549391,Motion_2,True
1511171552151,Temperature_1,24.6
1511171552157,Humidity_1,14.519149343566673
1511171552160,Brightness_1,69.0
1511171552161,Temperature_2,24.25
1511171552168,Humidity_2,15.012428865969973
1511171552170,Brightness_2,76.0
1511171556790,Sound_P,60.20329792798059
1511171556793,PodiumIR,91
1511171557701,Motion_8,True
1511171557706,Motion_1,True
1511171557706,Motion_7,True
1511171558576,Temperature_1,24.6
1511171558582,Humidity_1,14.519149343566673
1511171558584,Brightness_1,74.0
1511171558587,Temperature_2,24.25
1511171558588,Humidity_2,15.012428865969973
1511171558590,Brightness_2,76.0
1511171558926,Motion_3,True
1511171558926,Motion_6,False
1511171559073,Sound_R,67.7255364955709
1511171562308,Motion_2,True
1511171565060,Door,activate
1511171565265,Temperature_1,24.6
1511171565271,Humidity_1,14.519149343566673
1511171565274,Brightness_1,74.0
1511171565276,Temperature_2,24.25
1511171565279,Humidity_2,15.012428865969973
1511171565281,Brightness_2,76.0
1511171566179,Door,activate
1511171566800,Sound_P,68.61682354019833
1511171566803,PodiumIR,84
1511171569073,Sound_R,67.30218780625177
1511171569797,Seat_8,True
1511171569797,Motion_4,True
1511171569797,Motion_8,True
1511171571008,Motion_5,True
1511171571008,Motion_7,True
1511171571008,Motion_6,True
1511171571008,Motion_3,False
1511171572129,Temperature_1,24.6
1511171572133,Humidity_1,14.519149343566673
1511171572136,Brightness_1,74.0
1511171572139,Temperature_2,24.25
1511171572142,Humidity_2,15.012428865969973
1511171572147,Brightness_2,76.0
1511171574224,Motion_1,True
1511171574224,Motion_2,True
1511171576810,Sound_P,74.19700410241327
1511171576813,PodiumIR,83
1511171578538,Temperature_1,24.6
1511171578541,Humidity_1,14.519149343566673
1511171578545,Brightness_1,74.0
1511171578548,Temperature_2,24.25
1511171578552,Humidity_2,15.012428865969973
1511171578557,Brightness_2,76.0
1511171579073,Sound_R,74.34563610576305
1511171579907,Seat_3,True
1511171583504,Motion_8,True
1511171583504,Motion_5,False
1511171583504,Motion_7,True
1511171583504,Motion_4,False
1511171584941,Temperature_1,24.6
1511171584945,Humidity_1,14.519149343566673
1511171584949,Brightness_1,74.0
1511171584952,Temperature_2,24.25
1511171584954,Humidity_2,15.135748746570798
1511171584957,Brightness_2,76.0
1511171586824,Sound_P,71.42349921662418
1511171586827,PodiumIR,90
1511171588122,Motion_6,False
1511171588122,Motion_1,False
1511171588122,Motion_2,True
1511171588122,Motion_3,True
1511171589073,Sound_R,78.29630778638727
1511171591473,Temperature_1,24.6
1511171591477,Humidity_1,14.519149343566673
1511171591480,Brightness_1,74.0
1511171591483,Temperature_2,24.25
1511171591485,Humidity_2,15.135748746570798
1511171591488,Brightness_2,76.0
1511171592144,Motion_6,True
1511171596836,Sound_P,63.26648240367583
1511171596844,PodiumIR,80
1511171597031,Motion_8,False
1511171597031,Motion_7,True
1511171598129,Temperature_1,24.6
1511171598133,Humidity_1,14.519149343566673
1511171598137,Brightness_1,74.0
1511171598140,Temperature_2,24.25
1511171598145,Humidity_2,15.135748746570798
1511171598148,Brightness_2,76.0
1511171599073,Sound_R,77.55292708608162
1511171600879,Motion_5,True
1511171600879,Motion_2,False
1511171600879,Motion_3,True
1511171604545,Temperature_1,24.6
1511171604548,Humidity_1,14.519149343566673
1511171604552,Brightness_1,74.0
1511171604555,Temperature_2,24.25
1511171604558,Humidity_2,15.135748746570798
1511171604561,Brightness_2,76.0
1511171606852,Sound_P,61.80460425887306
1511171606855,PodiumIR,78
1511171609073,Sound_R,77.08879466073279
1511171610948,Temperature_1,24.6
1511171610951,Humidity_1,14.519149343566673
1511171610955,Brightness_1,74.0
1511171610958,Temperature_2,24.25
1511171610962,Humidity_2,15.135748746570798
1511171610965,Brightness_2,76.0
1511171611989,Motion_6,False
1511171611989,Motion_7,False
1511171611989,Seat_9,True
1511171615126,Motion_5,False
1511171615126,Motion_3,True
1511171615126,Seat_8,False
1511171616864,Sound_P,61.80460425887306
1511171616867,PodiumIR,115
1511171617394,Temperature_1,24.6
1511171617397,Humidity_1,14.519149343566673
1511171617401,Brightness_1,74.0
1511171617404,Temperature_2,24.25
1511171617409,Humidity_2,15.135748746570798
1511171617412,Brightness_2,76.0
1511171618013,Motion_7,True
1511171618013,Motion_2,True
1511171619073,Sound_R,76.51633179504022
1511171619138,Motion_1,True
1511171620439,Seat_8,True
1511171620439,Motion_8,True
1511171624149,Temperature_1,24.6
1511171624152,Humidity_1,14.519149343566673
1511171624156,Brightness_1,69.0
1511171624159,Temperature_2,24.25
1511171624161,Humidity_2,15.135748746570798
1511171624164,Brightness_2,76.0
1511171624656,Motion_6,True
1511171624656,Seat_8,False
1511171626876,Sound_P,63.26648240367583
1511171626879,PodiumIR,103
1511171626957,Motion_5,True
1511171629072,Sound_R,72.32583841463257
1511171630550,Temperature_1,24.6
1511171630554,Humidity_1,14.519149343566673
1511171630557,Brightness_1,69.0
1511171630559,Temperature_2,24.25
1511171630563,Humidity_2,15.135748746570798
1511171630567,Brightness_2,76.0
1511171633971,Motion_3,False
1511171633971,Motion_7,False
1511171633971,Motion_2,False
1511171633971,Motion_1,False
1511171633971,Motion_8,False
1511171635152,Motion_1,True
1511171635152,Seat_8,True
1511171636885,Sound_P,65.8563679754536
1511171636888,PodiumIR,94
1511171636953,Temperature_1,24.6
1511171636956,Humidity_1,14.519149343566673
1511171636960,Brightness_1,69.0
1511171636962,Temperature_2,24.25
1511171636964,Humidity_2,15.135748746570798
1511171636967,Brightness_2,76.0
1511171637315,Light_1,On
1511171639072,Sound_R,71.11641288087777
1511171639548,Light_3,On
1511171639859,Motion_6,False
1511171639859,Motion_5,True
1511171641851,Door,activate
1511171643483,Temperature_1,24.6
1511171643486,Humidity_1,14.519149343566673
1511171643491,Brightness_1,69.0
1511171643493,Temperature_2,24.25
1511171643496,Humidity_2,15.135748746570798
1511171643499,Brightness_2,76.0
1511171646688,Motion_8,True
1511171646688,Motion_2,True
1511171646891,Sound_P,66.44593723960276
1511171646894,PodiumIR,79
1511171648109,Motion_7,True
1511171649073,Sound_R,74.57112007436776
1511171649204,Motion_1,True
1511171649878,Temperature_1,24.6
1511171649881,Humidity_1,14.519149343566673
1511171649884,Brightness_1,69.0
1511171649887,Temperature_2,24.25
1511171649890,Humidity_2,15.135748746570798
1511171649895,Brightness_2,70.0
1511171650400,Motion_6,True
1511171651961,Motion_3,True
1511171651961,Motion_5,True
1511171653457,Motion_4,True
1511171656362,Temperature_1,24.6
1511171656365,Humidity_1,14.519149343566673
1511171656369,Brightness_1,69.0
1511171656371,Temperature_2,24.25
1511171656374,Humidity_2,15.135748746570798
1511171656377,Brightness_2,70.0
1511171656897,Sound_P,70.987085069563
1511171656900,PodiumIR,91
1511171659073,Sound_R,75.06311531429564
1511171659585,Motion_8,True
1511171659585,Motion_2,True
1511171659585,Seat_1,True
1511171661016,Motion_7,True
1511171662116,Motion_1,True
1511171663062,Temperature_1,24.6
1511171663066,Humidity_1,14.519149343566673
1511171663070,Brightness_1,69.0
1511171663072,Temperature_2,24.25
1511171663074,Humidity_2,15.135748746570798
1511171663077,Brightness_2,70.0
1511171663302,Motion_6,True
1511171665718,Motion_3,False
1511171665718,Motion_5,True
1511171665718,Motion_4,False
1511171666779,Door,activate
1511171666902,Sound_P,68.0998289029382
1511171666905,PodiumIR,81
1511171667919,Motion_3,True
1511171669073,Sound_R,72.41186480135522
1511171669400,Motion_4,True
1511171669481,Temperature_1,24.6
1511171669484,Humidity_1,14.519149343566673
1511171669488,Brightness_1,69.0
1511171669490,Temperature_2,24.25
1511171669493,Humidity_2,15.135748746570798
1511171669498,Brightness_2,70.0
1511171673913,Motion_8,False
1511171673913,Motion_2,False
1511171673913,Motion_7,True
1511171676159,Temperature_1,24.6
1511171676162,Humidity_1,14.519149343566673
1511171676166,Brightness_1,69.0
1511171676168,Temperature_2,24.25
1511171676170,Humidity_2,15.135748746570798
1511171676172,Brightness_2,70.0
1511171676908,Sound_P,74.19700410241327
1511171676911,PodiumIR,68
1511171678075,Motion_1,False
1511171678075,Motion_6,False
1511171678075,Motion_5,False
1511171679073,Sound_R,75.22390696573102
1511171682559,Temperature_1,24.6
1511171682562,Humidity_1,14.519149343566673
1511171682566,Brightness_1,75.0
1511171682569,Temperature_2,24.25
1511171682572,Humidity_2,15.135748746570798
1511171682576,Brightness_2,70.0
1511171686914,Sound_P,64.61127993529891
1511171686917,PodiumIR,88
1511171687285,Motion_3,False
1511171687285,Motion_4,False
1511171687285,Motion_7,False
1511171687285,Motion_5,True
1511171687285,Motion_2,True
1511171688890,Door,activate
1511171688983,Temperature_1,24.6
1511171688986,Humidity_1,14.519149343566673
1511171688989,Brightness_1,75.0
1511171688991,Temperature_2,24.25
1511171688993,Humidity_2,15.135748746570798
1511171688995,Brightness_2,70.0
1511171689073,Sound_R,77.15105870347367
1511171689882,Door,activate
1511171692653,Motion_1,False
1511171692653,Motion_8,True
1511171694033,Motion_1,True
1511171694033,Motion_7,True
1511171694033,Motion_3,True
1511171695415,Temperature_1,24.6
1511171695418,Humidity_1,14.519149343566673
1511171695422,Brightness_1,75.0
1511171695424,Temperature_2,24.25
1511171695426,Humidity_2,15.135748746570798
1511171695428,Brightness_2,70.0
1511171696084,Motion_4,True
1511171696922,Sound_P,77.19920484509075
1511171696925,PodiumIR,82
1511171699073,Sound_R,74.93153911014477
1511171700187,Motion_5,True
1511171700187,Motion_6,True
1511171700187,Motion_2,True
1511171701877,Temperature_1,24.6
1511171701879,Humidity_1,14.519149343566673
1511171701883,Brightness_1,75.0
1511171701886,Temperature_2,24.25
1511171701889,Humidity_2,15.135748746570798
1511171701891,Brightness_2,70.0
1511171705569,Motion_8,True
1511171706928,Sound_P,70.5390318503356
1511171706937,PodiumIR,77
1511171708304,Temperature_1,24.6
1511171708307,Humidity_1,14.519149343566673
1511171708312,Brightness_1,75.0
1511171708314,Temperature_2,24.25
1511171708316,Humidity_2,15.012428865969973
1511171708322,Brightness_2,75.0
1511171709073,Sound_R,77.39738307876054
1511171714767,Temperature_1,24.6
1511171714770,Humidity_1,14.519149343566673
1511171714773,Brightness_1,75.0
1511171714775,Temperature_2,24.25
1511171714778,Humidity_2,15.012428865969973
1511171714783,Brightness_2,75.0
1511171715215,Motion_1,False
1511171715215,Motion_7,False
1511171715215,Motion_3,False
1511171715215,Motion_4,False
1511171715215,Motion_5,False
1511171715215,Motion_6,False
1511171715215,Motion_2,False
1511171716410,Motion_6,True
1511171716410,Motion_2,True
1511171716940,Sound_P,61.80460425887306
1511171716943,PodiumIR,83
1511171719073,Sound_R,74.23341915094346
1511171720482,Motion_8,False
1511171720482,Seat_2,True
1511171720482,Motion_5,True
1511171721216,Temperature_1,24.6
1511171721220,Humidity_1,14.519149343566673
1511171721223,Brightness_1,75.0
1511171721226,Temperature_2,24.25
1511171721229,Humidity_2,15.012428865969973
1511171721234,Brightness_2,75.0
1511171721638,Motion_7,True
1511171721638,Motion_8,True
1511171726230,Motion_4,True
1511171726945,Sound_P,63.26648240367583
1511171726948,PodiumIR,75
1511171727361,Motion_3,True
1511171727361,Motion_1,False
1511171727679,Temperature_1,24.6
1511171727683,Humidity_1,14.519149343566673
1511171727687,Brightness_1,75.0
1511171727690,Temperature_2,24.25
1511171727695,Humidity_2,15.012428865969973
1511171727698,Brightness_2,75.0
1511171729073,Sound_R,71.79968924052419
1511171731183,Motion_6,False
1511171731183,Motion_2,False
1511171731183,Motion_1,True
1511171732354,Motion_6,True
1511171732354,Motion_2,True
1511171734199,Temperature_1,24.6
1511171734202,Humidity_1,14.519149343566673
1511171734206,Brightness_1,75.0
1511171734215,Temperature_2,24.25
1511171734219,Humidity_2,15.012428865969973
1511171734223,Brightness_2,75.0
1511171736586,Motion_5,False
1511171736586,Motion_7,False
1511171736586,Motion_8,False
1511171736586,Seat_10,True
1511171736951,Sound_P,61.023021476191225
1511171736954,PodiumIR,89
1511171737702,Motion_8,True
1511171739073,Sound_R,71.017337419181
1511171740253,Motion_4,False
1511171740253,Motion_3,True
1511171740253,Motion_5,True
1511171740983,Temperature_1,24.6
1511171740986,Humidity_1,14.519149343566673
1511171740990,Brightness_1,75.0
1511171740993,Temperature_2,24.25
1511171740997,Humidity_2,15.012428865969973
1511171741001,Brightness_2,75.0
1511171741194,Door,activate
1511171742144,Motion_7,True
1511171742144,Motion_4,True
1511171744100,Motion_1,True
1511171744100,Motion_7,True
1511171745946,Motion_6,False
1511171745946,Motion_2,True
1511171745946,Seat_10,False
1511171746957,Sound_P,69.11838317407611
1511171746960,PodiumIR,95
1511171747430,Temperature_1,24.6
1511171747434,Humidity_1,14.519149343566673
1511171747437,Brightness_1,70.0
1511171747439,Temperature_2,24.25
1511171747442,Humidity_2,15.012428865969973
1511171747445,Brightness_2,75.0
1511171748938,Door,activate
1511171749073,Sound_R,71.53503506037937
1511171753864,Temperature_1,24.6
1511171753867,Humidity_1,14.519149343566673
1511171753870,Brightness_1,70.0
1511171753872,Temperature_2,24.25
1511171753874,Humidity_2,15.012428865969973
1511171753877,Brightness_2,75.0
1511171756702,Motion_8,False
1511171756702,Motion_3,False
1511171756702,Motion_5,False
1511171756702,Motion_4,False
1511171756702,Motion_1,True
1511171756962,Sound_P,63.95233273361063
1511171756971,PodiumIR,100
1511171758863,Motion_7,False
1511171758863,Motion_2,True
1511171759073,Sound_R,72.4418842045456
1511171760278,Temperature_1,24.6
1511171760281,Humidity_1,14.519149343566673
1511171760284,Brightness_1,70.0
1511171760287,Temperature_2,24.25
1511171760290,Humidity_2,15.012428865969973
1511171760294,Brightness_2,75.0
1511171762845,Motion_6,True
1511171765496,Motion_7,True
1511171765496,Motion_5,True
1511171766974,Sound_P,67.01551720930587
1511171766977,PodiumIR,78
1511171767012,Temperature_1,24.6
1511171767015,Humidity_1,14.519149343566673
1511171767020,Brightness_1,70.0
1511171767022,Temperature_2,24.25
1511171767024,Humidity_2,15.012428865969973
1511171767026,Brightness_2,75.0
1511171769073,Sound_R,67.60645030747587
1511171769924,Motion_8,False
1511171769924,Motion_1,True
1511171772650,Motion_2,False
1511171772650,Motion_8,True
1511171773551,Temperature_1,24.6
1511171773554,Humidity_1,14.519149343566673
1511171773557,Brightness_1,70.0
1511171773559,Temperature_2,24.37
1511171773561,Humidity_2,15.012428865969973
1511171773563,Brightness_2,72.0
1511171774821,Motion_2,True
1511171774821,Motion_6,False
1511171776979,Sound_P,71.42349921662418
1511171776983,PodiumIR,122
1511171779069,Motion_7,False
1511171779069,Motion_6,True
1511171779073,Sound_R,68.62843454850282
1511171780005,Temperature_1,24.6
1511171780008,Humidity_1,14.519149343566673
1511171780011,Brightness_1,70.0
1511171780013,Temperature_2,24.37
1511171780016,Humidity_2,15.012428865969973
1511171780019,Brightness_2,72.0
1511171781750,Seat_2,False
1511171781750,Motion_5,False
1511171781750,Motion_3,True
1511171782836,Motion_1,True
1511171786435,Temperature_1,24.6
1511171786438,Humidity_1,14.519149343566673
1511171786441,Brightness_1,70.0
1511171786443,Temperature_2,24.37
1511171786446,Humidity_2,15.012428865969973
1511171786448,Brightness_2,72.0
1511171786653,Motion_8,False
1511171786653,Seat_10,True
1511171786985,Sound_P,75.59789851419828
1511171786990,PodiumIR,84
1511171787738,Motion_2,True
1511171789073,Sound_R,75.72867497261461
1511171790099,Motion_7,True
1511171792867,Temperature_1,24.6
1511171792870,Humidity_1,14.519149343566673
1511171792873,Brightness_1,70.0
1511171792875,Temperature_2,24.37
1511171792878,Humidity_2,15.012428865969973
1511171792880,Brightness_2,72.0
1511171796921,Door,activate
1511171796995,Sound_P,64.61127993529891
1511171797001,PodiumIR,89
1511171797719,Motion_6,False
1511171797719,Motion_3,False
1511171797719,Motion_1,False
1511171799073,Sound_R,76.51077511385951
1511171799273,Temperature_1,24.6
1511171799276,Humidity_1,14.519149343566673
1511171799279,Brightness_1,70.0
1511171799281,Temperature_2,24.37
1511171799283,Humidity_2,15.012428865969973
1511171799285,Brightness_2,72.0
1511171803697,Motion_2,False
1511171803697,Motion_7,False
1511171805148,Motion_1,True
1511171805148,Motion_6,True
1511171806004,Temperature_1,24.6
1511171806007,Humidity_1,14.519149343566673
1511171806011,Brightness_1,70.0
1511171806013,Temperature_2,24.37
1511171806015,Humidity_2,15.012428865969973
1511171806017,Brightness_2,72.0
1511171807006,Sound_P,73.82773649063114
1511171807009,PodiumIR,82
1511171807404,Motion_7,True
1511171808915,Motion_8,True
1511171809073,Sound_R,71.86735649044223
1511171811326,Motion_3,False
1511171811326,Motion_5,True
1511171812403,Temperature_1,24.49
1511171812406,Humidity_1,14.519149343566673
1511171812409,Brightness_1,70.0
1511171812411,Temperature_2,24.37
1511171812413,Humidity_2,15.012428865969973
1511171812415,Brightness_2,72.0
1511171812792,Motion_4,True
1511171812792,Motion_3,True
1511171817012,Sound_P,67.01551720930587
1511171817015,PodiumIR,80
1511171819073,Sound_R,73.48505412942676
1511171819122,Temperature_1,24.49
1511171819125,Humidity_1,14.519149343566673
1511171819128,Brightness_1,70.0
1511171819130,Temperature_2,24.37
1511171819132,Humidity_2,15.012428865969973
1511171819134,Brightness_2,72.0
1511171821101,Motion_2,False
1511171821101,Motion_1,False
1511171821101,Motion_6,False
1511171821101,Motion_7,False
1511171821101,Motion_8,False
1511171822907,Motion_2,True
1511171822907,Motion_7,True
1511171825574,Temperature_1,24.49
1511171825577,Humidity_1,14.519149343566673
1511171825580,Brightness_1,70.0
1511171825582,Temperature_2,24.37
1511171825584,Humidity_2,15.012428865969973
1511171825586,Brightness_2,72.0
1511171825708,Motion_5,False
1511171825708,Motion_4,True
1511171825708,Motion_3,False
1511171827018,Sound_P,67.01551720930587
1511171827022,PodiumIR,98
1511171828313,Door,activate
1511171828425,Motion_6,True
1511171829073,Sound_R,77.64807140242188
1511171829626,Motion_3,True
1511171831995,Temperature_1,24.49
1511171831998,Humidity_1,14.519149343566673
1511171832002,Brightness_1,70.0
1511171832004,Temperature_2,24.37
1511171832005,Humidity_2,15.012428865969973
1511171832008,Brightness_2,72.0
1511171836264,Motion_1,False
1511171836264,Motion_2,False
1511171836264,Motion_7,True
1511171837024,Sound_P,71.84886370856825
1511171837031,PodiumIR,94
1511171838415,Temperature_1,24.49
1511171838418,Humidity_1,14.519149343566673
1511171838421,Brightness_1,70.0
1511171838424,Temperature_2,24.37
1511171838426,Humidity_2,15.012428865969973
1511171838428,Brightness_2,70.0
1511171838525,Motion_8,True
1511171838525,Motion_4,True
1511171838525,Motion_2,True
1511171839073,Sound_R,79.53350569074489
1511171840391,Seat_2,True
1511171840391,Motion_6,False
1511171844103,Motion_3,False
1511171844103,Motion_5,True
1511171845124,Temperature_1,24.49
1511171845127,Humidity_1,14.519149343566673
1511171845130,Brightness_1,70.0
1511171845132,Temperature_2,24.37
1511171845134,Humidity_2,15.012428865969973
1511171845137,Brightness_2,70.0
1511171847035,Sound_P,76.25684571588656
1511171847039,PodiumIR,84
1511171849073,Sound_R,75.82859868998713
1511171851782,Temperature_1,24.49
1511171851784,Humidity_1,14.519149343566673
1511171851787,Brightness_1,70.0
1511171851789,Temperature_2,24.37
1511171851791,Humidity_2,15.012428865969973
1511171851794,Brightness_2,70.0
1511171853018,Seat_2,False
1511171853018,Motion_7,False
1511171853018,Motion_1,False
1511171853018,Motion_8,False
1511171853018,Motion_4,False
1511171853018,Motion_2,False
1511171853023,Motion_1,True
1511171854479,Motion_8,True
1511171857045,Sound_P,64.61127993529891
1511171857057,PodiumIR,111
1511171858199,Temperature_1,24.49
1511171858202,Humidity_1,14.519149343566673
1511171858211,Brightness_1,70.0
1511171858214,Temperature_2,24.37
1511171858220,Humidity_2,15.012428865969973
1511171858222,Brightness_2,70.0
1511171858476,Motion_6,True
1511171859073,Sound_R,69.19203721963082
1511171859727,Motion_2,True
1511171859727,Motion_5,False
1511171859727,Seat_2,True
1511171861332,Motion_3,True
1511171861332,Motion_7,True
1511171864992,Temperature_1,24.49
1511171864998,Humidity_1,14.519149343566673
1511171865001,Brightness_1,70.0
1511171865003,Temperature_2,24.37
1511171865005,Humidity_2,15.012428865969973
1511171865010,Brightness_2,70.0
1511171867060,Sound_P,63.26648240367583
1511171867063,PodiumIR,100
1511171867941,Motion_1,False
1511171867941,Motion_8,False
1511171867941,Motion_5,True
1511171869073,Sound_R,69.3206961263591
1511171871441,Temperature_1,24.49
1511171871446,Humidity_1,14.519149343566673
1511171871449,Brightness_1,70.0
1511171871451,Temperature_2,24.37
1511171871453,Humidity_2,15.012428865969973
1511171871458,Brightness_2,70.0
1511171873324,Seat_2,False
1511171873324,Motion_6,False
1511171873324,Motion_2,False
1511171873324,Motion_4,True
1511171873324,Motion_1,True
1511171873324,Motion_3,True
1511171876716,Motion_7,False
1511171876716,Motion_8,True
1511171877066,Sound_P,68.61682354019833
1511171877070,PodiumIR,89
1511171878105,Temperature_1,24.6
1511171878116,Humidity_1,14.519149343566673
1511171878119,Brightness_1,72.0
1511171878121,Temperature_2,24.37
1511171878123,Humidity_2,15.012428865969973
1511171878125,Brightness_2,70.0
1511171878136,Motion_7,True
1511171879073,Sound_R,73.58037115881343
1511171880608,Motion_2,True
1511171880608,Motion_6,True
1511171880608,Motion_5,True
1511171884512,Temperature_1,24.6
1511171884518,Humidity_1,14.519149343566673
1511171884521,Brightness_1,72.0
1511171884523,Temperature_2,24.37
1511171884525,Humidity_2,15.012428865969973
1511171884527,Brightness_2,70.0
1511171886221,Motion_4,True
1511171886221,Motion_1,False
1511171886221,Motion_3,False
1511171887073,Sound_P,67.01551720930587
1511171887076,PodiumIR,91
1511171889073,Sound_R,75.62730679114232
1511171891188,Motion_7,False
1511171891188,Motion_1,True
1511171891188,Motion_8,True
1511171891213,Temperature_1,24.6
1511171891219,Humidity_1,14.519149343566673
1511171891221,Brightness_1,72.0
1511171891223,Temperature_2,24.37
1511171891225,Humidity_2,15.012428865969973
1511171891230,Brightness_2,70.0
1511171893725,Motion_2,False
1511171893725,Motion_6,True
1511171893725,Motion_5,False
1511171893725,Motion_7,True
1511171896831,Motion_5,True
1511171896857,Door,activate
1511171897079,Sound_P,63.95233273361063
1511171897082,PodiumIR,81
1511171897864,Temperature_1,24.6
1511171897870,Humidity_1,14.519149343566673
1511171897873,Brightness_1,72.0
1511171897874,Temperature_2,24.37
1511171897877,Humidity_2,15.012428865969973
1511171897880,Brightness_2,70.0
1511171899073,Sound_R,72.87097268799111
1511171899373,Motion_4,False
1511171899373,Motion_2,True
1511171900734,Motion_3,True
1511171904095,Motion_1,True
1511171904095,Motion_8,False
1511171904276,Temperature_1,24.6
1511171904279,Humidity_1,14.519149343566673
1511171904282,Brightness_1,72.0
1511171904284,Temperature_2,24.37
1511171904286,Humidity_2,15.135748746570798
1511171904288,Brightness_2,76.0
1511171906782,Motion_6,False
1511171906782,Motion_4,True
1511171906782,Motion_7,False
1511171907084,Sound_P,67.01551720930587
1511171907088,PodiumIR,88
1511171909073,Sound_R,69.67912212008463
1511171910782,Temperature_1,24.6
1511171910785,Humidity_1,14.519149343566673
1511171910789,Brightness_1,72.0
1511171910791,Temperature_2,24.37
1511171910793,Humidity_2,15.135748746570798
1511171910795,Brightness_2,76.0
1511171912285,Motion_5,False
1511171912285,Motion_2,True
1511171912285,Seat_3,False
1511171913625,Seat_3,False
1511171913625,Motion_3,True
1511171913625,Motion_5,True
1511171916052,Motion_6,True
1511171916052,Motion_1,True
1511171917090,Sound_P,64.61127993529891
1511171917093,PodiumIR,92
1511171917210,Temperature_1,24.6
1511171917213,Humidity_1,14.519149343566673
1511171917217,Brightness_1,72.0
1511171917219,Temperature_2,24.37
1511171917221,Humidity_2,15.135748746570798
1511171917223,Brightness_2,76.0
1511171919073,Sound_R,65.61924492066294
1511171919504,Motion_8,True
1511171919504,Motion_4,True
1511171923870,Temperature_1,24.6
1511171923872,Humidity_1,14.519149343566673
1511171923876,Brightness_1,72.0
1511171923878,Temperature_2,24.37
1511171923880,Humidity_2,15.135748746570798
1511171923883,Brightness_2,76.0
1511171927096,Sound_P,67.01551720930587
1511171927099,PodiumIR,70
1511171929073,Sound_R,61.75686156126023
1511171930292,Temperature_1,24.6
1511171930295,Humidity_1,14.519149343566673
1511171930299,Brightness_1,72.0
1511171930301,Temperature_2,24.37
1511171930303,Humidity_2,15.135748746570798
1511171930305,Brightness_2,76.0
1511171930399,Motion_2,False
1511171930399,Motion_3,False
1511171930399,Motion_5,False
1511171930399,Motion_6,False
1511171930399,Motion_1,False
1511171930404,Motion_5,True
1511171932971,Motion_4,False
1511171932971,Motion_1,True
1511171934141,Motion_8,True
1511171936781,Temperature_1,24.6
1511171936784,Humidity_1,14.519149343566673
1511171936788,Brightness_1,69.0
1511171936790,Temperature_2,24.37
1511171936792,Humidity_2,15.135748746570798
1511171936796,Brightness_2,76.0
1511171937101,Sound_P,65.8563679754536
1511171937104,PodiumIR,188
1511171939073,Sound_R,59.782092088304005
1511171942026,Motion_3,True
1511171943530,Temperature_1,24.6
1511171943533,Humidity_1,14.519149343566673
1511171943537,Brightness_1,69.0
1511171943539,Temperature_2,24.37
1511171943541,Humidity_2,15.135748746570798
1511171943545,Brightness_2,76.0
1511171944712,Motion_5,False
1511171944712,Motion_2,True
1511171945868,Motion_1,True
1511171947068,Motion_8,True
1511171947068,Motion_7,True
1511171947107,Sound_P,65.24535518573873
1511171947110,PodiumIR,165
1511171949073,Sound_R,57.94948505686767
1511171949780,Motion_6,True
1511171949780,Motion_4,True
1511171949978,Temperature_1,24.6
1511171949981,Humidity_1,14.519149343566673
1511171949985,Brightness_1,69.0
1511171949987,Temperature_2,24.37
1511171949989,Humidity_2,15.135748746570798
1511171949991,Brightness_2,76.0
1511171955623,Motion_3,False
1511171955623,Motion_5,True
1511171956526,Temperature_1,24.6
1511171956529,Humidity_1,14.519149343566673
1511171956532,Brightness_1,69.0
1511171956535,Temperature_2,24.37
1511171956539,Humidity_2,15.135748746570798
1511171956541,Brightness_2,76.0
1511171957113,Sound_P,65.8563679754536
1511171957116,PodiumIR,188
1511171957629,Motion_2,True
1511171958764,Motion_1,True
1511171959073,Sound_R,59.698051882062295
1511171960941,Motion_8,False
1511171960941,Motion_7,True
1511171963208,Temperature_1,24.6
1511171963211,Humidity_1,14.519149343566673
1511171963214,Brightness_1,69.0
1511171963217,Temperature_2,24.37
1511171963219,Humidity_2,15.012428865969973
1511171963221,Brightness_2,73.0
1511171964368,Door,activate
1511171965528,Motion_6,False
1511171965528,Motion_4,False
1511171965528,Seat_2,True
1511171967123,Sound_P,65.8563679754536
1511171967126,PodiumIR,150
1511171968520,Motion_5,True
1511171969073,Sound_R,62.3008146527525
1511171969638,Temperature_1,24.6
1511171969641,Humidity_1,14.519149343566673
1511171969645,Brightness_1,69.0
1511171969647,Temperature_2,24.37
1511171969649,Humidity_2,15.012428865969973
1511171969653,Brightness_2,73.0
1511171971506,Motion_2,False
1511171971506,Motion_3,True
1511171971506,Motion_1,False
1511171976097,Temperature_1,24.6
1511171976100,Humidity_1,14.519149343566673
1511171976103,Brightness_1,69.0
1511171976105,Temperature_2,24.37
1511171976108,Humidity_2,15.012428865969973
1511171976112,Brightness_2,73.0
1511171977129,Sound_P,65.24535518573873
1511171977132,PodiumIR,156
1511171979073,Sound_R,62.49531423534123
1511171982506,Temperature_1,24.6
1511171982509,Humidity_1,14.519149343566673
1511171982512,Brightness_1,69.0
1511171982514,Temperature_2,24.37
1511171982517,Humidity_2,15.012428865969973
1511171982519,Brightness_2,73.0
1511171984588,Motion_7,False
1511171984588,Seat_2,False
1511171984588,Seat_12,False
1511171984588,Motion_5,False
1511171984593,Motion_3,False
1511171984593,Motion_7,True
1511171987135,Sound_P,72.66858725677886
1511171987138,PodiumIR,157
1511171988923,Temperature_1,24.6
1511171988925,Humidity_1,14.519149343566673
1511171988929,Brightness_1,69.0
1511171988932,Temperature_2,24.37
1511171988933,Humidity_2,15.012428865969973
1511171988935,Brightness_2,73.0
1511171989073,Sound_R,63.67286552220177
1511171993548,Motion_5,True
1511171995563,Temperature_1,24.6
1511171995566,Humidity_1,14.519149343566673
1511171995570,Brightness_1,69.0
1511171995572,Temperature_2,24.37
1511171995574,Humidity_2,15.012428865969973
1511171995577,Brightness_2,73.0
1511171997140,Sound_P,65.24535518573873
1511171997143,PodiumIR,170
1511171999073,Sound_R,64.52930646663745
1511172000552,Motion_7,False
1511172002200,Temperature_1,24.6
1511172002203,Humidity_1,14.519149343566673
1511172002207,Brightness_1,72.0
1511172002210,Temperature_2,24.37
1511172002212,Humidity_2,15.012428865969973
1511172002215,Brightness_2,73.0
1511172006360,Motion_2,True
1511172006360,Motion_5,False
1511172006360,Motion_8,True
1511172007146,Sound_P,65.24535518573873
1511172007149,PodiumIR,175
1511172008625,Temperature_1,24.6
1511172008628,Humidity_1,14.519149343566673
1511172008631,Brightness_1,72.0
1511172008634,Temperature_2,24.37
1511172008636,Humidity_2,15.012428865969973
1511172008638,Brightness_2,73.0
1511172009073,Sound_R,64.03615531012666
1511172014059,Motion_7,False
1511172014059,Motion_5,True
1511172015315,Temperature_1,24.6
1511172015318,Humidity_1,14.519149343566673
1511172015321,Brightness_1,72.0
1511172015323,Temperature_2,24.37
1511172015325,Humidity_2,15.012428865969973
1511172015328,Brightness_2,73.0
1511172017152,Sound_P,71.42349921662418
1511172017155,PodiumIR,149
1511172019073,Sound_R,62.543489625285865
1511172021788,Temperature_1,24.6
1511172021791,Humidity_1,14.519149343566673
1511172021794,Brightness_1,72.0
1511172021796,Temperature_2,24.37
1511172021798,Humidity_2,15.012428865969973
1511172021801,Brightness_2,73.0
1511172027157,Sound_P,67.56641902255494
1511172027340,PodiumIR,145
1511172028210,Temperature_1,24.6
1511172028213,Humidity_1,14.519149343566673
1511172028217,Brightness_1,72.0
1511172028220,Temperature_2,24.37
1511172028222,Humidity_2,15.135748746570798
1511172028224,Brightness_2,76.0
1511172029073,Sound_R,61.99428399401902
1511172030563,Motion_2,False
1511172030563,Motion_8,False
1511172030563,Motion_5,False
1511172032784,Motion_1,True
1511172034692,Temperature_1,24.6
1511172034695,Humidity_1,14.519149343566673
1511172034699,Brightness_1,72.0
1511172034701,Temperature_2,24.37
1511172034704,Humidity_2,15.135748746570798
1511172034708,Brightness_2,76.0
1511172037344,Sound_P,67.01551720930587
1511172037347,PodiumIR,143
1511172039073,Sound_R,62.25287789095725
1511172040333,Motion_5,True
1511172041435,Temperature_1,24.6
1511172041438,Humidity_1,14.519149343566673
1511172041442,Brightness_1,72.0
1511172041445,Temperature_2,24.37
1511172041448,Humidity_2,15.135748746570798
1511172041452,Brightness_2,76.0
1511172042589,Motion_6,True
1511172042589,Motion_2,False
1511172047352,Sound_P,67.01551720930587
1511172047355,PodiumIR,188
1511172047877,Temperature_1,24.6
1511172047880,Humidity_1,14.519149343566673
1511172047885,Brightness_1,72.0
1511172047887,Temperature_2,24.37
1511172047890,Humidity_2,15.135748746570798
1511172047894,Brightness_2,76.0
1511172048732,Motion_1,False
1511172049073,Sound_R,62.700664689210974
1511172052595,Motion_7,True
1511172052595,Motion_5,True
1511172054338,Temperature_1,24.6
1511172054341,Humidity_1,14.519149343566673
1511172054345,Brightness_1,72.0
1511172054348,Temperature_2,24.37
1511172054350,Humidity_2,15.135748746570798
1511172054352,Brightness_2,76.0
1511172055901,Motion_6,False
1511172055901,Motion_3,True
1511172057359,Sound_P,74.19700410241327
1511172057362,PodiumIR,140
1511172059073,Sound_R,63.69454035313765
1511172060780,Temperature_1,24.6
1511172060783,Humidity_1,14.519149343566673
1511172060787,Brightness_1,72.0
1511172060790,Temperature_2,24.37
1511172060793,Humidity_2,15.135748746570798
1511172060797,Brightness_2,76.0
1511172067232,Temperature_1,24.49
1511172067235,Humidity_1,14.519149343566673
1511172067239,Brightness_1,70.0
1511172067242,Temperature_2,24.37
1511172067244,Humidity_2,15.135748746570798
1511172067248,Brightness_2,76.0
1511172067367,Sound_P,68.61682354019833
1511172067370,PodiumIR,167
1511172069073,Sound_R,62.84408681699161
1511172071134,Motion_1,False
1511172071134,Motion_7,False
1511172071134,Motion_5,False
1511172071134,Motion_3,False
1511172073685,Temperature_1,24.49
1511172073688,Humidity_1,14.519149343566673
1511172073690,Brightness_1,70.0
1511172073692,Temperature_2,24.37
1511172073694,Humidity_2,15.135748746570798
1511172073697,Brightness_2,76.0
1511172073736,Motion_5,True
1511172073736,Motion_3,True
1511172077374,Sound_P,70.987085069563
1511172077377,PodiumIR,163
1511172079073,Sound_R,63.376681591860965
1511172080200,Temperature_1,24.49
1511172080203,Humidity_1,14.519149343566673
1511172080207,Brightness_1,70.0
1511172080209,Temperature_2,24.37
1511172080211,Humidity_2,15.135748746570798
1511172080213,Brightness_2,76.0
1511172080444,Seat_2,True
1511172085622,Motion_7,False
1511172085622,Seat_2,False
1511172085622,Motion_4,True
1511172085622,Motion_1,True
1511172087003,Temperature_1,24.49
1511172087006,Humidity_1,14.519149343566673
1511172087010,Brightness_1,70.0
1511172087012,Temperature_2,24.37
1511172087014,Humidity_2,15.135748746570798
1511172087016,Brightness_2,76.0
1511172087383,Sound_P,70.5390318503356
1511172087387,PodiumIR,163
1511172088229,Motion_5,False
1511172088229,Motion_7,True
1511172088229,Motion_3,False
1511172089073,Sound_R,62.91367301672124
1511172089709,Motion_5,True
1511172092156,Motion_2,True
1511172093549,Temperature_1,24.49
1511172093552,Humidity_1,14.519149343566673
1511172093555,Brightness_1,70.0
1511172093557,Temperature_2,24.37
1511172093560,Humidity_2,15.135748746570798
1511172093562,Brightness_2,72.0
1511172097392,Sound_P,64.61127993529891
1511172097395,PodiumIR,167
1511172099073,Sound_R,60.80475081960687
1511172099951,Temperature_1,24.49
1511172099954,Humidity_1,14.519149343566673
1511172099958,Brightness_1,70.0
1511172099960,Temperature_2,24.37
1511172099962,Humidity_2,15.135748746570798
1511172099965,Brightness_2,72.0
1511172106253,Motion_4,False
1511172106253,Motion_1,False
1511172106253,Motion_7,False
1511172106253,Motion_5,False
1511172106253,Motion_2,False
1511172106393,Temperature_1,24.49
1511172106396,Humidity_1,14.519149343566673
1511172106400,Brightness_1,70.0
1511172106402,Temperature_2,24.37
1511172106404,Humidity_2,15.135748746570798
1511172106406,Brightness_2,72.0
1511172107398,Sound_P,80.00588052151659
1511172107401,PodiumIR,181
1511172109073,Sound_R,61.90792180310361
1511172109265,Motion_3,True
1511172111016,Motion_5,True
1511172113049,Temperature_1,24.49
1511172113052,Humidity_1,14.519149343566673
1511172113056,Brightness_1,70.0
1511172113058,Temperature_2,24.37
1511172113060,Humidity_2,15.135748746570798
1511172113064,Brightness_2,72.0
1511172117408,Sound_P,64.61127993529891
1511172117411,PodiumIR,177
1511172119073,Sound_R,65.96342406392542
1511172119764,Temperature_1,24.49
1511172119766,Humidity_1,14.519149343566673
1511172119770,Brightness_1,70.0
1511172119772,Temperature_2,24.37
1511172119774,Humidity_2,15.135748746570798
1511172119777,Brightness_2,72.0
1511172125048,Motion_4,False
1511172125048,Motion_3,False
1511172125048,Motion_5,False
1511172126231,Temperature_1,24.49
1511172126234,Humidity_1,14.519149343566673
1511172126238,Brightness_1,70.0
1511172126241,Temperature_2,24.37
1511172126243,Humidity_2,15.135748746570798
1511172126246,Brightness_2,72.0
1511172127417,Sound_P,65.8563679754536
1511172127420,PodiumIR,182
1511172129073,Sound_R,65.23270282401614
1511172133075,Temperature_1,24.49
1511172133079,Humidity_1,14.519149343566673
1511172133082,Brightness_1,74.0
1511172133085,Temperature_2,24.37
1511172133087,Humidity_2,15.135748746570798
1511172133090,Brightness_2,72.0
1511172134178,Motion_8,True
1511172134178,Motion_3,True
1511172137427,Sound_P,72.26372429269907
1511172137430,PodiumIR,195
1511172139073,Sound_R,63.91320827270914
1511172139537,Temperature_1,24.49
1511172139540,Humidity_1,14.519149343566673
1511172139544,Brightness_1,74.0
1511172139547,Temperature_2,24.37
1511172139550,Humidity_2,15.135748746570798
1511172139552,Brightness_2,72.0
1511172141107,Motion_4,False
1511172141107,Motion_1,True
1511172141107,Motion_2,True
1511172144253,Motion_5,True
1511172146000,Temperature_1,24.49
1511172146003,Humidity_1,14.519149343566673
1511172146007,Brightness_1,74.0
1511172146009,Temperature_2,24.37
1511172146012,Humidity_2,15.135748746570798
1511172146016,Brightness_2,72.0
1511172147436,Sound_P,66.44593723960276
1511172147439,PodiumIR,170
1511172149073,Sound_R,65.7902559060635
1511172150727,Motion_8,False
1511172150727,Motion_3,False
1511172152401,Temperature_1,24.49
1511172152404,Humidity_1,14.519149343566673
1511172152408,Brightness_1,74.0
1511172152410,Temperature_2,24.37
1511172152413,Humidity_2,15.012428865969973
1511172152417,Brightness_2,76.0
1511172157446,Sound_P,69.11838317407611
1511172157458,PodiumIR,173
1511172159073,Sound_R,64.97019161183104
1511172159104,Temperature_1,24.49
1511172159107,Humidity_1,14.519149343566673
1511172159110,Brightness_1,74.0
1511172159113,Temperature_2,24.37
1511172159114,Humidity_2,15.012428865969973
1511172159118,Brightness_2,76.0
1511172165639,Temperature_1,24.49
1511172165642,Humidity_1,14.519149343566673
1511172165645,Brightness_1,74.0
1511172165647,Temperature_2,24.37
1511172165649,Humidity_2,15.012428865969973
1511172165651,Brightness_2,76.0
1511172166855,Motion_1,False
1511172166855,Motion_2,False
1511172166855,Motion_5,False
1511172166855,Motion_3,False
1511172167462,Sound_P,66.44593723960276
1511172167465,PodiumIR,190
1511172169073,Sound_R,66.97601534335303
1511172170427,Seat_2,True
1511172172115,Temperature_1,24.49
1511172172118,Humidity_1,14.519149343566673
1511172172121,Brightness_1,74.0
1511172172124,Temperature_2,24.37
1511172172126,Humidity_2,15.012428865969973
1511172172129,Brightness_2,76.0
1511172177478,Sound_P,75.93060245540138
1511172177482,PodiumIR,166
1511172177541,Seat_2,False
1511172177541,Motion_8,True
1511172178520,Temperature_1,24.49
1511172178526,Humidity_1,14.519149343566673
1511172178528,Brightness_1,74.0
1511172178531,Temperature_2,24.37
1511172178533,Humidity_2,15.012428865969973
1511172178535,Brightness_2,76.0
1511172179073,Sound_R,66.54392993034004
1511172179382,Motion_5,True
1511172179382,Motion_1,False
1511172179382,Motion_2,True
1511172181889,Motion_2,True
1511172181889,Motion_4,True
1511172181889,Motion_6,True
1511172185309,Temperature_1,24.49
1511172185315,Humidity_1,14.519149343566673
1511172185318,Brightness_1,74.0
1511172185320,Temperature_2,24.37
1511172185326,Humidity_2,15.012428865969973
1511172185328,Brightness_2,76.0
1511172185590,Seat_2,True
1511172187487,Sound_P,77.50193375604124
1511172187490,PodiumIR,148
1511172189073,Sound_R,65.41648962653683
1511172191855,Temperature_1,24.72
1511172191861,Humidity_1,14.519149343566673
1511172191863,Brightness_1,70.0
1511172191865,Temperature_2,24.37
1511172191871,Humidity_2,15.012428865969973
1511172191873,Brightness_2,76.0
1511172195536,Motion_8,False
1511172195536,Motion_5,False
1511172195536,Motion_2,False
1511172195536,Motion_4,False
1511172195536,Seat_2,False
1511172197495,Sound_P,65.8563679754536
1511172197498,PodiumIR,95
1511172199073,Sound_R,66.16713044390265
1511172200098,Motion_3,True
1511172200098,Motion_6,False
1511172201425,Temperature_1,24.72
1511172201431,Humidity_1,14.519149343566673
1511172201434,Brightness_1,70.0
1511172201436,Temperature_2,24.37
1511172201438,Humidity_2,15.012428865969973
1511172201442,Brightness_2,76.0
1511172206882,Seat_9,True
1511172207501,Sound_P,71.84886370856825
1511172207504,PodiumIR,84
1511172208135,Temperature_1,24.72
1511172208138,Humidity_1,14.519149343566673
1511172208142,Brightness_1,70.0
1511172208144,Temperature_2,24.37
1511172208146,Humidity_2,15.012428865969973
1511172208150,Brightness_2,76.0
1511172209073,Sound_R,66.73286620833284
1511172214550,Temperature_1,24.72
1511172214553,Humidity_1,14.519149343566673
1511172214557,Brightness_1,70.0
1511172214559,Temperature_2,24.37
1511172214561,Humidity_2,15.012428865969973
1511172214564,Brightness_2,76.0
1511172217509,Sound_P,67.01551720930587
1511172217512,PodiumIR,151
1511172219073,Sound_R,67.61930539186368
1511172221069,Motion_5,False
1511172221069,Motion_3,False
1511172221069,Seat_2,True
1511172221254,Temperature_1,24.72
1511172221257,Humidity_1,14.519149343566673
1511172221260,Brightness_1,70.0
1511172221262,Temperature_2,24.37
1511172221264,Humidity_2,15.012428865969973
1511172221266,Brightness_2,76.0
1511172227517,Sound_P,67.56641902255494
1511172227520,PodiumIR,163
1511172228012,Temperature_1,24.72
1511172228018,Humidity_1,14.519149343566673
1511172228021,Brightness_1,70.0
1511172228023,Temperature_2,24.37
1511172228025,Humidity_2,15.012428865969973
1511172228031,Brightness_2,76.0
1511172229073,Sound_R,66.73532503243463
1511172231680,Motion_1,True
1511172234431,Temperature_1,24.72
1511172234437,Humidity_1,14.519149343566673
1511172234439,Brightness_1,70.0
1511172234441,Temperature_2,24.37
1511172234443,Humidity_2,15.012428865969973
1511172234445,Brightness_2,76.0
1511172235192,Motion_3,True
1511172237526,Sound_P,63.95233273361063
1511172237529,PodiumIR,161
1511172238649,Motion_5,True
1511172238649,Motion_7,True
1511172239073,Sound_R,65.0646402983606
1511172241121,Temperature_1,24.72
1511172241127,Humidity_1,14.519149343566673
1511172241130,Brightness_1,70.0
1511172241132,Temperature_2,24.37
1511172241134,Humidity_2,15.012428865969973
1511172241137,Brightness_2,76.0
1511172244597,Seat_2,False
1511172244597,Motion_1,True
1511172247534,Sound_P,69.60540278108363
1511172247537,PodiumIR,166
1511172247555,Temperature_1,24.72
1511172247562,Humidity_1,14.519149343566673
1511172247564,Brightness_1,70.0
1511172247566,Temperature_2,24.37
1511172247569,Humidity_2,15.012428865969973
1511172247573,Brightness_2,76.0
1511172249073,Sound_R,64.16862118133002
1511172249294,Motion_3,False
1511172249294,Motion_4,True
1511172252986,Motion_7,False
1511172252986,Motion_2,True
1511172252986,Motion_5,False
1511172254112,Temperature_1,24.72
1511172254114,Humidity_1,14.519149343566673
1511172254118,Brightness_1,70.0
1511172254120,Temperature_2,24.37
1511172254123,Humidity_2,15.012428865969973
1511172254125,Brightness_2,76.0
1511172256208,Seat_2,True
1511172257543,Sound_P,67.01551720930587
1511172257546,PodiumIR,193
1511172259073,Sound_R,65.91161137238221
1511172260520,Temperature_1,24.6
1511172260523,Humidity_1,14.519149343566673
1511172260526,Brightness_1,70.0
1511172260528,Temperature_2,24.37
1511172260530,Humidity_2,15.012428865969973
1511172260533,Brightness_2,76.0
1511172267227,Temperature_1,24.6
1511172267230,Humidity_1,14.519149343566673
1511172267233,Brightness_1,70.0
1511172267235,Temperature_2,24.37
1511172267238,Humidity_2,15.012428865969973
1511172267240,Brightness_2,76.0
1511172267551,Sound_P,66.44593723960276
1511172267555,PodiumIR,190
1511172269073,Sound_R,63.95100328164926
1511172273684,Temperature_1,24.6
1511172273687,Humidity_1,14.519149343566673
1511172273691,Brightness_1,70.0
1511172273693,Temperature_2,24.37
1511172273695,Humidity_2,15.012428865969973
1511172273698,Brightness_2,76.0
1511172277561,Sound_P,66.44593723960276
1511172277564,PodiumIR,192
1511172279073,Sound_R,60.561626815469594
1511172280124,Temperature_1,24.6
1511172280127,Humidity_1,14.519149343566673
1511172280130,Brightness_1,70.0
1511172280132,Temperature_2,24.37
1511172280134,Humidity_2,15.135748746570798
1511172280137,Brightness_2,72.0
1511172286552,Temperature_1,24.6
1511172286555,Humidity_1,14.519149343566673
1511172286559,Brightness_1,70.0
1511172286561,Temperature_2,24.37
1511172286563,Humidity_2,15.135748746570798
1511172286565,Brightness_2,72.0
1511172287573,Sound_P,65.24535518573873
1511172287576,PodiumIR,186
1511172289073,Sound_R,59.12791007612839
1511172291422,Motion_1,False
1511172291422,Motion_4,False
1511172291422,Motion_2,False
1511172293232,Temperature_1,24.6
1511172293235,Humidity_1,14.519149343566673
1511172293238,Brightness_1,70.0
1511172293240,Temperature_2,24.37
1511172293242,Humidity_2,15.135748746570798
1511172293245,Brightness_2,72.0
1511172295949,Motion_6,True
1511172297585,Sound_P,63.26648240367583
1511172297588,PodiumIR,130
1511172298341,Motion_5,True
1511172298341,Motion_7,True
1511172299073,Sound_R,57.73292211901639
1511172307590,Sound_P,67.01551720930587
1511172307598,PodiumIR,188
1511172309073,Sound_R,59.14042855244119
1511172313339,Motion_2,False
1511172313339,Motion_6,False
1511172313339,Motion_5,False
1511172313339,Motion_7,False
1511172313339,Motion_1,True
1511172314737,Temperature_1,24.6
1511172314740,Humidity_1,14.519149343566673
1511172314744,Brightness_1,70.0
1511172314746,Temperature_2,24.37
1511172314748,Humidity_2,15.135748746570798
1511172314750,Brightness_2,72.0
1511172317602,Sound_P,65.24535518573873
1511172317605,PodiumIR,178
1511172319073,Sound_R,60.349302162214435
1511172320397,Motion_3,True
1511172320397,Seat_2,False
1511172321400,Temperature_1,24.72
1511172321402,Humidity_1,14.519149343566673
1511172321406,Brightness_1,73.0
1511172321408,Temperature_2,24.37
1511172321410,Humidity_2,15.135748746570798
1511172321413,Brightness_2,72.0
1511172326526,Motion_1,False
1511172326526,Seat_2,True
1511172327607,Sound_P,65.8563679754536
1511172327610,PodiumIR,166
1511172328048,Temperature_1,24.72
1511172328050,Humidity_1,14.519149343566673
1511172328054,Brightness_1,73.0
1511172328056,Temperature_2,24.37
1511172328058,Humidity_2,15.135748746570798
1511172328061,Brightness_2,72.0
1511172329073,Sound_R,59.161604585679775
1511172334449,Temperature_1,24.72
1511172334454,Humidity_1,14.519149343566673
1511172334457,Brightness_1,73.0
1511172334459,Temperature_2,24.37
1511172334464,Humidity_2,15.135748746570798
1511172334467,Brightness_2,72.0
1511172337613,Sound_P,70.5390318503356
1511172337616,PodiumIR,170
1511172339073,Sound_R,63.087534733914346
1511172341155,Temperature_1,24.72
1511172341161,Humidity_1,14.519149343566673
1511172341164,Brightness_1,73.0
1511172341166,Temperature_2,24.37
1511172341168,Humidity_2,15.135748746570798
1511172341170,Brightness_2,72.0
1511172345321,Seat_2,False
1511172345321,Motion_3,False
1511172345326,Motion_5,True
1511172347625,Sound_P,71.84886370856825
1511172347628,PodiumIR,201
1511172347656,Temperature_1,24.72
1511172347661,Humidity_1,14.519149343566673
1511172347664,Brightness_1,73.0
1511172347667,Temperature_2,24.37
1511172347670,Humidity_2,15.012428865969973
1511172347672,Brightness_2,70.0
1511172349073,Sound_R,66.0630260801189
1511172350448,Motion_8,True
1511172350448,Motion_3,True
1511172354054,Temperature_1,24.72
1511172354057,Humidity_1,14.519149343566673
1511172354061,Brightness_1,73.0
1511172354063,Temperature_2,24.37
1511172354065,Humidity_2,15.012428865969973
1511172354067,Brightness_2,70.0
1511172357630,Sound_P,70.987085069563
1511172357633,PodiumIR,173
1511172359073,Sound_R,63.58707638583076
1511172360468,Temperature_1,24.72
1511172360471,Humidity_1,14.519149343566673
1511172360474,Brightness_1,73.0
1511172360477,Temperature_2,24.37
1511172360479,Humidity_2,15.012428865969973
1511172360481,Brightness_2,70.0
1511172363761,Motion_5,False
1511172363761,Motion_8,False
1511172363761,Motion_3,True
1511172364896,Motion_1,True
1511172367167,Temperature_1,24.72
1511172367170,Humidity_1,14.519149343566673
1511172367173,Brightness_1,73.0
1511172367175,Temperature_2,24.37
1511172367177,Humidity_2,15.012428865969973
1511172367180,Brightness_2,70.0
1511172367636,Sound_P,63.95233273361063
1511172367639,PodiumIR,173
1511172369073,Sound_R,61.31877493612024
1511172373617,Temperature_1,24.72
1511172373620,Humidity_1,14.519149343566673
1511172373623,Brightness_1,73.0
1511172373625,Temperature_2,24.37
1511172373627,Humidity_2,15.012428865969973
1511172373630,Brightness_2,70.0
1511172377641,Sound_P,69.11838317407611
1511172377644,PodiumIR,204
1511172379073,Sound_R,64.96303291459687
1511172380075,Temperature_1,24.72
1511172380078,Humidity_1,14.519149343566673
1511172380081,Brightness_1,73.0
1511172380083,Temperature_2,24.37
1511172380085,Humidity_2,15.012428865969973
1511172380088,Brightness_2,70.0
1511172385597,Motion_3,False
1511172385597,Motion_1,False
1511172385597,Motion_5,True
1511172385597,Seat_2,True
1511172386512,Temperature_1,24.72
1511172386514,Humidity_1,14.519149343566673
1511172386518,Brightness_1,72.0
1511172386520,Temperature_2,24.37
1511172386522,Humidity_2,15.012428865969973
1511172386524,Brightness_2,70.0
1511172387647,Sound_P,76.57687443958919
1511172387650,PodiumIR,166
1511172389073,Sound_R,72.26594803061654
1511172389094,Motion_7,True
1511172390340,Motion_2,True
1511172392981,Temperature_1,24.72
1511172392984,Humidity_1,14.519149343566673
1511172392987,Brightness_1,72.0
1511172392989,Temperature_2,24.37
1511172392991,Humidity_2,15.012428865969973
1511172392994,Brightness_2,70.0
1511172397652,Sound_P,68.0998289029382
1511172397655,PodiumIR,194
1511172399073,Sound_R,71.9851401805202
1511172399119,Seat_2,False
1511172399119,Motion_8,True
1511172399119,Motion_5,False
1511172399428,Temperature_1,24.72
1511172399431,Humidity_1,14.519149343566673
1511172399434,Brightness_1,72.0
1511172399437,Temperature_2,24.37
1511172399439,Humidity_2,15.012428865969973
1511172399441,Brightness_2,70.0
1511172406200,Temperature_1,24.72
1511172406203,Humidity_1,14.519149343566673
1511172406206,Brightness_1,72.0
1511172406209,Temperature_2,24.37
1511172406211,Humidity_2,15.012428865969973
1511172406213,Brightness_2,70.0
1511172407658,Sound_P,68.0998289029382
1511172407661,PodiumIR,189
1511172409073,Sound_R,66.61331083798464
1511172412640,Temperature_1,24.72
1511172412642,Humidity_1,14.519149343566673
1511172412645,Brightness_1,72.0
1511172412648,Temperature_2,24.49
1511172412650,Humidity_2,15.135748746570798
1511172412652,Brightness_2,72.0
1511172415068,Motion_7,False
1511172415068,Motion_2,False
1511172415068,Motion_8,False
1511172415068,Motion_5,True
1511172415068,Motion_6,True
1511172416739,Seat_2,True
1511172416739,Motion_7,True
1511172417664,Sound_P,66.44593723960276
1511172417677,PodiumIR,186
1511172419045,Motion_2,True
1511172419073,Sound_R,64.68126314909001
1511172419091,Temperature_1,24.72
1511172419094,Humidity_1,14.519149343566673
1511172419097,Brightness_1,72.0
1511172419099,Temperature_2,24.49
1511172419101,Humidity_2,15.135748746570798
1511172419103,Brightness_2,72.0
1511172425545,Temperature_1,24.72
1511172425548,Humidity_1,14.519149343566673
1511172425551,Brightness_1,72.0
1511172425553,Temperature_2,24.49
1511172425555,Humidity_2,15.135748746570798
1511172425557,Brightness_2,72.0
1511172427688,Sound_P,76.57687443958919
1511172427691,PodiumIR,180
1511172429073,Sound_R,67.94970436345893
1511172430041,Motion_8,False
1511172430041,Motion_5,False
1511172430041,Motion_6,False
1511172430041,Motion_1,True
1511172430041,Motion_7,False
1511172431992,Temperature_1,24.72
1511172431995,Humidity_1,14.519149343566673
1511172431998,Brightness_1,72.0
1511172432000,Temperature_2,24.49
1511172432002,Humidity_2,15.135748746570798
1511172432004,Brightness_2,72.0
1511172437695,Sound_P,66.44593723960276
1511172437698,PodiumIR,168
1511172438255,Motion_2,False
1511172438255,Seat_2,False
1511172438398,Temperature_1,24.72
1511172438400,Humidity_1,14.519149343566673
1511172438403,Brightness_1,72.0
1511172438405,Temperature_2,24.49
1511172438407,Humidity_2,15.135748746570798
1511172438409,Brightness_2,72.0
1511172439073,Sound_R,69.58635454038237
1511172439761,Motion_3,True
1511172442948,Motion_1,True
1511172442948,Motion_8,False
1511172445119,Temperature_1,24.6
1511172445122,Humidity_1,14.519149343566673
1511172445125,Brightness_1,76.0
1511172445127,Temperature_2,24.49
1511172445130,Humidity_2,15.135748746570798
1511172445132,Brightness_2,72.0
1511172447701,Sound_P,65.8563679754536
1511172447704,PodiumIR,187
1511172449073,Sound_R,64.1998599757869
1511172450847,Motion_5,True
1511172450847,Motion_2,True
1511172451864,Temperature_1,24.6
1511172451867,Humidity_1,14.519149343566673
1511172451870,Brightness_1,76.0
1511172451872,Temperature_2,24.49
1511172451874,Humidity_2,15.135748746570798
1511172451878,Brightness_2,72.0
1511172457707,Sound_P,63.26648240367583
1511172457710,PodiumIR,191
1511172458278,Temperature_1,24.6
1511172458281,Humidity_1,14.519149343566673
1511172458285,Brightness_1,76.0
1511172458287,Temperature_2,24.49
1511172458289,Humidity_2,15.135748746570798
1511172458291,Brightness_2,72.0
1511172459073,Sound_R,61.320416302206695
1511172463869,Motion_3,False
1511172463869,Seat_2,False
1511172463874,Motion_1,False
1511172463874,Motion_5,False
1511172463874,Motion_8,True
1511172463874,Motion_2,False
1511172464968,Temperature_1,24.6
1511172464971,Humidity_1,14.519149343566673
1511172464974,Brightness_1,76.0
1511172464977,Temperature_2,24.49
1511172464979,Humidity_2,15.135748746570798
1511172464981,Brightness_2,72.0
1511172467712,Sound_P,69.11838317407611
1511172467715,PodiumIR,121
1511172469073,Sound_R,63.02866706927127
1511172471828,Temperature_1,24.6
1511172471830,Humidity_1,14.519149343566673
1511172471834,Brightness_1,76.0
1511172471836,Temperature_2,24.49
1511172471838,Humidity_2,15.135748746570798
1511172471840,Brightness_2,76.0
1511172477718,Sound_P,65.8563679754536
1511172477721,PodiumIR,133
1511172478248,Temperature_1,24.6
1511172478251,Humidity_1,14.519149343566673
1511172478254,Brightness_1,76.0
1511172478256,Temperature_2,24.49
1511172478259,Humidity_2,15.135748746570798
1511172478260,Brightness_2,76.0
1511172479073,Sound_R,63.892461239239616
1511172484942,Temperature_1,24.6
1511172484944,Humidity_1,14.519149343566673
1511172484948,Brightness_1,76.0
1511172484950,Temperature_2,24.49
1511172484952,Humidity_2,15.135748746570798
1511172484953,Brightness_2,76.0
1511172487723,Sound_P,66.44593723960276
1511172487726,PodiumIR,167
1511172489073,Sound_R,64.75709050703242
1511172491378,Temperature_1,24.6
1511172491381,Humidity_1,14.519149343566673
1511172491384,Brightness_1,76.0
1511172491385,Temperature_2,24.49
1511172491387,Humidity_2,15.135748746570798
1511172491389,Brightness_2,76.0
1511172497733,Sound_P,64.61127993529891
1511172497737,PodiumIR,149
1511172497806,Temperature_1,24.6
1511172497809,Humidity_1,14.519149343566673
1511172497812,Brightness_1,76.0
1511172497814,Temperature_2,24.49
1511172497817,Humidity_2,15.135748746570798
1511172497819,Brightness_2,76.0
1511172499073,Sound_R,65.95113583879959
1511172504213,Temperature_1,24.6
1511172504216,Humidity_1,14.519149343566673
1511172504219,Brightness_1,76.0
1511172504221,Temperature_2,24.49
1511172504223,Humidity_2,15.135748746570798
1511172504225,Brightness_2,76.0
1511172505836,Motion_8,False
1511172505836,Motion_7,True
1511172505836,Motion_3,True
1511172507745,Sound_P,67.01551720930587
1511172507749,PodiumIR,142
1511172509073,Sound_R,66.31685686470955
1511172510630,Temperature_1,24.72
1511172510633,Humidity_1,14.519149343566673
1511172510636,Brightness_1,69.0
1511172510638,Temperature_2,24.49
1511172510640,Humidity_2,15.135748746570798
1511172510642,Brightness_2,76.0
1511172512720,Motion_2,True
1511172517292,Temperature_1,24.72
1511172517295,Humidity_1,14.519149343566673
1511172517298,Brightness_1,69.0
1511172517300,Temperature_2,24.49
1511172517302,Humidity_2,15.135748746570798
1511172517304,Brightness_2,76.0
1511172517751,Sound_P,65.24535518573873
1511172517754,PodiumIR,113
1511172519073,Sound_R,64.81649011231725
1511172524046,Temperature_1,24.72
1511172524049,Humidity_1,14.519149343566673
1511172524052,Brightness_1,69.0
1511172524054,Temperature_2,24.49
1511172524056,Humidity_2,15.135748746570798
1511172524058,Brightness_2,76.0
1511172527757,Sound_P,73.45017003946069
1511172527760,PodiumIR,144
1511172529073,Sound_R,65.28214360579929
1511172530459,Temperature_1,24.72
1511172530461,Humidity_1,14.519149343566673
1511172530464,Brightness_1,69.0
1511172530466,Temperature_2,24.49
1511172530469,Humidity_2,15.135748746570798
1511172530471,Brightness_2,76.0
1511172532536,Motion_7,False
1511172532536,Motion_3,False
1511172532536,Motion_2,False
1511172532536,Motion_5,True
1511172537159,Temperature_1,24.72
1511172537162,Humidity_1,14.519149343566673
1511172537165,Brightness_1,69.0
1511172537167,Temperature_2,24.49
1511172537169,Humidity_2,15.135748746570798
1511172537171,Brightness_2,73.0
1511172537762,Sound_P,69.11838317407611
1511172537766,PodiumIR,161
1511172539073,Sound_R,64.39083487962851
1511172543911,Temperature_1,24.72
1511172543913,Humidity_1,14.519149343566673
1511172543916,Brightness_1,69.0
1511172543918,Temperature_2,24.49
1511172543920,Humidity_2,15.135748746570798
1511172543923,Brightness_2,73.0
1511172547769,Sound_P,75.59789851419828
1511172547772,PodiumIR,160
1511172549073,Sound_R,63.68992228778958
1511172550367,Temperature_1,24.72
1511172550370,Humidity_1,14.519149343566673
1511172550373,Brightness_1,69.0
1511172550375,Temperature_2,24.49
1511172550377,Humidity_2,15.135748746570798
1511172550379,Brightness_2,73.0
1511172556822,Temperature_1,24.72
1511172556825,Humidity_1,14.519149343566673
1511172556828,Brightness_1,69.0
1511172556830,Temperature_2,24.49
1511172556833,Humidity_2,15.135748746570798
1511172556835,Brightness_2,73.0
1511172557774,Sound_P,67.01551720930587
1511172557777,PodiumIR,151
1511172558069,Motion_5,False
1511172559073,Sound_R,66.42631736191755
1511172563585,Temperature_1,24.72
1511172563591,Humidity_1,14.519149343566673
1511172563594,Brightness_1,69.0
1511172563596,Temperature_2,24.49
1511172563602,Humidity_2,15.135748746570798
1511172563605,Brightness_2,73.0
1511172567780,Sound_P,67.01551720930587
1511172567783,PodiumIR,190
1511172569073,Sound_R,62.799948788278556
1511172570211,Temperature_1,24.72
1511172570217,Humidity_1,14.519149343566673
1511172570219,Brightness_1,69.0
1511172570221,Temperature_2,24.49
1511172570223,Humidity_2,15.135748746570798
1511172570229,Brightness_2,73.0
1511172576888,Temperature_1,24.72
1511172576894,Humidity_1,14.519149343566673
1511172576896,Brightness_1,74.0
1511172576898,Temperature_2,24.49
1511172576900,Humidity_2,15.135748746570798
1511172576906,Brightness_2,73.0
1511172577786,Sound_P,65.24535518573873
1511172577795,PodiumIR,209
1511172579073,Sound_R,58.92113256421408
1511172579656,Motion_5,False
1511172579656,Motion_1,True
1511172581612,Motion_2,True
1511172583336,Temperature_1,24.72
1511172583342,Humidity_1,14.519149343566673
1511172583344,Brightness_1,74.0
1511172583346,Temperature_2,24.49
1511172583348,Humidity_2,15.135748746570798
1511172583350,Brightness_2,73.0
1511172587799,Sound_P,67.01551720930587
1511172587802,PodiumIR,188
1511172589073,Sound_R,59.719944201972595
1511172589799,Temperature_1,24.72
1511172589803,Humidity_1,14.519149343566673
1511172589806,Brightness_1,74.0
1511172589808,Temperature_2,24.49
1511172589810,Humidity_2,15.135748746570798
1511172589812,Brightness_2,73.0
1511172596209,Temperature_1,24.72
1511172596214,Humidity_1,14.519149343566673
1511172596217,Brightness_1,74.0
1511172596219,Temperature_2,24.49
1511172596221,Humidity_2,15.135748746570798
1511172596227,Brightness_2,73.0
1511172597805,Sound_P,74.55832985633069
1511172597808,PodiumIR,194
1511172598161,Motion_1,False
1511172598161,Motion_2,False
1511172598161,Motion_3,True
1511172599073,Sound_R,60.01258193631751
1511172602903,Temperature_1,24.72
1511172602906,Humidity_1,14.519149343566673
1511172602919,Brightness_1,74.0
1511172602922,Temperature_2,24.49
1511172602924,Humidity_2,15.135748746570798
1511172602925,Brightness_2,72.0
1511172607810,Sound_P,66.44593723960276
1511172607813,PodiumIR,163
1511172609073,Sound_R,61.96111911904933
1511172609319,Temperature_1,24.72
1511172609322,Humidity_1,14.519149343566673
1511172609325,Brightness_1,74.0
1511172609327,Temperature_2,24.49
1511172609329,Humidity_2,15.135748746570798
1511172609332,Brightness_2,72.0
1511172616008,Temperature_1,24.72
1511172616011,Humidity_1,14.519149343566673
1511172616014,Brightness_1,74.0
1511172616016,Temperature_2,24.49
1511172616018,Humidity_2,15.135748746570798
1511172616021,Brightness_2,72.0
1511172617816,Sound_P,63.95233273361063
1511172617819,PodiumIR,201
1511172619073,Sound_R,62.221153554379754
1511172619267,Motion_3,False
1511172619267,Motion_1,True
1511172622427,Temperature_1,24.72
1511172622430,Humidity_1,14.519149343566673
1511172622434,Brightness_1,74.0
1511172622436,Temperature_2,24.49
1511172622438,Humidity_2,15.135748746570798
1511172622440,Brightness_2,72.0
1511172627301,Motion_8,True
1511172627822,Sound_P,65.24535518573873
1511172627829,PodiumIR,156
1511172628407,Motion_2,True
1511172629073,Sound_R,61.359946698494504
1511172629117,Temperature_1,24.72
1511172629120,Humidity_1,14.519149343566673
1511172629123,Brightness_1,74.0
1511172629125,Temperature_2,24.49
1511172629128,Humidity_2,15.135748746570798
1511172629130,Brightness_2,72.0
1511172632164,Motion_1,True
1511172635566,Temperature_1,24.72
1511172635569,Humidity_1,14.519149343566673
1511172635572,Brightness_1,69.0
1511172635575,Temperature_2,24.49
1511172635577,Humidity_2,15.135748746570798
1511172635580,Brightness_2,72.0
1511172637840,Sound_P,64.61127993529891
1511172637843,PodiumIR,171
1511172639073,Sound_R,63.68275855702998
1511172641976,Temperature_1,24.72
1511172641979,Humidity_1,14.519149343566673
1511172641982,Brightness_1,69.0
1511172641984,Temperature_2,24.49
1511172641986,Humidity_2,15.135748746570798
1511172641989,Brightness_2,72.0
1511172647845,Sound_P,63.95233273361063
1511172647849,PodiumIR,189
1511172648387,Temperature_1,24.72
1511172648389,Humidity_1,14.519149343566673
1511172648393,Brightness_1,69.0
1511172648395,Temperature_2,24.49
1511172648397,Humidity_2,15.135748746570798
1511172648401,Brightness_2,72.0
1511172649073,Sound_R,65.68809066263206
1511172655119,Temperature_1,24.72
1511172655122,Humidity_1,14.519149343566673
1511172655124,Brightness_1,69.0
1511172655126,Temperature_2,24.49
1511172655128,Humidity_2,15.135748746570798
1511172655130,Brightness_2,72.0
1511172656587,Motion_8,False
1511172656587,Motion_2,False
1511172656587,Motion_1,False
1511172656587,Motion_3,True
1511172657851,Sound_P,69.11838317407611
1511172657854,PodiumIR,175
1511172659073,Sound_R,63.7512782797582
1511172659633,Motion_4,True
1511172659633,Motion_2,True
1511172661877,Temperature_1,24.72
1511172661880,Humidity_1,14.519149343566673
1511172661883,Brightness_1,69.0
1511172661885,Temperature_2,24.49
1511172661888,Humidity_2,15.135748746570798
1511172661890,Brightness_2,76.0
1511172667857,Sound_P,72.26372429269907
1511172667860,PodiumIR,94
1511172668296,Temperature_1,24.72
1511172668299,Humidity_1,14.519149343566673
1511172668302,Brightness_1,69.0
1511172668304,Temperature_2,24.49
1511172668306,Humidity_2,15.135748746570798
1511172668308,Brightness_2,76.0
1511172669073,Sound_R,64.9373623802427
1511172674992,Temperature_1,24.72
1511172674995,Humidity_1,14.519149343566673
1511172674998,Brightness_1,69.0
1511172675000,Temperature_2,24.49
1511172675002,Humidity_2,15.135748746570798
1511172675004,Brightness_2,76.0
1511172677862,Sound_P,69.60540278108363
1511172677865,PodiumIR,157
1511172679072,Sound_R,63.31335925928611
1511172681445,Temperature_1,24.72
1511172681448,Humidity_1,14.519149343566673
1511172681451,Brightness_1,69.0
1511172681453,Temperature_2,24.49
1511172681455,Humidity_2,15.135748746570798
1511172681458,Brightness_2,76.0
1511172681730,Motion_3,False
1511172681730,Motion_4,False
1511172681730,Motion_2,False
1511172681730,Motion_8,True
1511172685432,Motion_5,True
1511172687848,Temperature_1,24.72
1511172687851,Humidity_1,14.519149343566673
1511172687854,Brightness_1,69.0
1511172687857,Temperature_2,24.49
1511172687859,Humidity_2,15.135748746570798
1511172687861,Brightness_2,76.0
1511172687868,Sound_P,65.8563679754536
1511172687871,PodiumIR,195
1511172689073,Sound_R,62.55311379635662
1511172694259,Temperature_1,24.72
1511172694262,Humidity_1,14.519149343566673
1511172694266,Brightness_1,69.0
1511172694268,Temperature_2,24.49
1511172694270,Humidity_2,15.135748746570798
1511172694272,Brightness_2,76.0
1511172697874,Sound_P,66.44593723960276
1511172697877,PodiumIR,175
1511172699073,Sound_R,63.87329684670567
1511172700995,Temperature_1,24.72
1511172700998,Humidity_1,14.519149343566673
1511172701001,Brightness_1,73.0
1511172701003,Temperature_2,24.49
1511172701005,Humidity_2,15.135748746570798
1511172701008,Brightness_2,76.0
1511172701151,Motion_8,False
1511172701151,Motion_4,False
1511172701151,Motion_5,False
1511172706148,Motion_1,True
1511172707462,Temperature_1,24.72
1511172707464,Humidity_1,14.519149343566673
1511172707468,Brightness_1,73.0
1511172707470,Temperature_2,24.49
1511172707472,Humidity_2,15.135748746570798
1511172707474,Brightness_2,76.0
1511172707874,Motion_3,True
1511172707880,Sound_P,74.91204818426347
1511172707883,PodiumIR,169
1511172709073,Sound_R,60.4432774414259
1511172713257,Motion_5,True
1511172713257,Motion_8,False
1511172714109,Temperature_1,24.72
1511172714112,Humidity_1,14.519149343566673
1511172714115,Brightness_1,73.0
1511172714118,Temperature_2,24.49
1511172714120,Humidity_2,15.135748746570798
1511172714122,Brightness_2,76.0
1511172715573,Motion_2,True
1511172717893,Sound_P,62.551438321825636
1511172717896,PodiumIR,177
1511172719073,Sound_R,61.713927608712766
1511172720526,Temperature_1,24.72
1511172720529,Humidity_1,14.519149343566673
1511172720532,Brightness_1,73.0
1511172720534,Temperature_2,24.49
1511172720537,Humidity_2,15.135748746570798
1511172720539,Brightness_2,76.0
1511172727640,Temperature_1,24.72
1511172727643,Humidity_1,14.519149343566673
1511172727646,Brightness_1,73.0
1511172727649,Temperature_2,24.49
1511172727651,Humidity_2,15.135748746570798
1511172727653,Brightness_2,73.0
1511172727899,Sound_P,68.61682354019833
1511172727902,PodiumIR,206
1511172729073,Sound_R,65.495834280279
1511172732978,Motion_1,False
1511172732978,Motion_3,False
1511172732978,Motion_5,False
1511172732978,Motion_2,False
1511172732978,Motion_8,True
1511172734199,Temperature_1,24.72
1511172734202,Humidity_1,14.519149343566673
1511172734205,Brightness_1,73.0
1511172734208,Temperature_2,24.49
1511172734210,Humidity_2,15.135748746570798
1511172734213,Brightness_2,73.0
1511172737904,Sound_P,66.44593723960276
1511172737908,PodiumIR,208
1511172739073,Sound_R,67.56201583460637
1511172740624,Temperature_1,24.72
1511172740627,Humidity_1,14.519149343566673
1511172740630,Brightness_1,73.0
1511172740632,Temperature_2,24.49
1511172740634,Humidity_2,15.135748746570798
1511172740637,Brightness_2,73.0
1511172747392,Temperature_1,24.72
1511172747395,Humidity_1,14.519149343566673
1511172747398,Brightness_1,73.0
1511172747400,Temperature_2,24.49
1511172747403,Humidity_2,15.135748746570798
1511172747405,Brightness_2,73.0
1511172747910,Sound_P,78.9387917919758
1511172747913,PodiumIR,181
1511172749073,Sound_R,64.96705803720589
1511172749566,Motion_1,False
1511172749566,Motion_8,False
1511172749566,Motion_2,True
1511172751793,Motion_7,True
1511172753809,Motion_1,True
1511172753809,Motion_3,True
1511172753847,Temperature_1,24.72
1511172753850,Humidity_1,14.519149343566673
1511172753853,Brightness_1,73.0
1511172753855,Temperature_2,24.49
1511172753857,Humidity_2,15.135748746570798
1511172753860,Brightness_2,73.0
1511172757915,Sound_P,63.26648240367583
1511172757919,PodiumIR,162
1511172759073,Sound_R,62.66232836758217
1511172760275,Temperature_1,24.72
1511172760278,Humidity_1,14.519149343566673
1511172760281,Brightness_1,73.0
1511172760283,Temperature_2,24.49
1511172760285,Humidity_2,15.135748746570798
1511172760288,Brightness_2,73.0
1511172766747,Temperature_1,24.84
1511172766750,Humidity_1,14.519149343566673
1511172766753,Brightness_1,72.0
1511172766755,Temperature_2,24.49
1511172766757,Humidity_2,15.135748746570798
1511172766760,Brightness_2,73.0
1511172767921,Sound_P,65.8563679754536
1511172767924,PodiumIR,157
1511172769073,Sound_R,64.89862322888479
1511172773198,Temperature_1,24.84
1511172773201,Humidity_1,14.519149343566673
1511172773204,Brightness_1,72.0
1511172773206,Temperature_2,24.49
1511172773208,Humidity_2,15.135748746570798
1511172773210,Brightness_2,73.0
1511172777927,Sound_P,64.61127993529891
1511172777930,PodiumIR,153
1511172779073,Sound_R,65.38881651722369
1511172779644,Temperature_1,24.84
1511172779647,Humidity_1,14.519149343566673
1511172779650,Brightness_1,72.0
1511172779652,Temperature_2,24.49
1511172779654,Humidity_2,15.135748746570798
1511172779657,Brightness_2,73.0
1511172786090,Temperature_1,24.84
1511172786093,Humidity_1,14.519149343566673
1511172786096,Brightness_1,72.0
1511172786098,Temperature_2,24.49
1511172786100,Humidity_2,15.135748746570798
1511172786102,Brightness_2,73.0
1511172787941,Sound_P,69.11838317407611
1511172787944,PodiumIR,154
1511172789073,Sound_R,61.73786512091226
1511172795820,Temperature_1,24.84
1511172795822,Humidity_1,14.519149343566673
1511172795826,Brightness_1,72.0
1511172795828,Temperature_2,24.49
1511172795830,Humidity_2,15.135748746570798
1511172795832,Brightness_2,74.0
1511172797947,Sound_P,67.01551720930587
1511172797950,PodiumIR,131
1511172799073,Sound_R,61.30761787537343
1511172801674,Motion_8,False
1511172801674,Motion_2,False
1511172801674,Motion_7,False
1511172801674,Motion_1,False
1511172801674,Motion_3,False
1511172801679,Motion_8,True
1511172801679,Seat_9,True
1511172802235,Temperature_1,24.84
1511172802238,Humidity_1,14.519149343566673
1511172802241,Brightness_1,72.0
1511172802243,Temperature_2,24.49
1511172802245,Humidity_2,15.135748746570798
1511172802248,Brightness_2,74.0
1511172803640,Motion_2,True
1511172807953,Sound_P,73.06392314376754
1511172807956,PodiumIR,150
1511172808890,Temperature_1,24.84
1511172808893,Humidity_1,14.519149343566673
1511172808896,Brightness_1,72.0
1511172808898,Temperature_2,24.49
1511172808900,Humidity_2,15.135748746570798
1511172808902,Brightness_2,74.0
1511172809073,Sound_R,64.39488083170635
1511172815598,Temperature_1,24.84
1511172815601,Humidity_1,14.519149343566673
1511172815604,Brightness_1,72.0
1511172815607,Temperature_2,24.49
1511172815609,Humidity_2,15.135748746570798
1511172815611,Brightness_2,74.0
1511172817958,Sound_P,65.24535518573873
1511172817962,PodiumIR,180
1511172819073,Sound_R,64.24894271659252
1511172819444,Motion_8,False
1511172819444,Motion_2,False
1511172819444,Motion_1,True
1511172822200,Temperature_1,24.84
1511172822202,Humidity_1,14.519149343566673
1511172822205,Brightness_1,72.0
1511172822208,Temperature_2,24.49
1511172822210,Humidity_2,15.135748746570798
1511172822212,Brightness_2,74.0
1511172827118,Motion_5,True
1511172827964,Sound_P,65.8563679754536
1511172827967,PodiumIR,183
1511172828904,Temperature_1,24.84
1511172828907,Humidity_1,14.519149343566673
1511172828910,Brightness_1,69.0
1511172828913,Temperature_2,24.49
1511172828915,Humidity_2,15.135748746570798
1511172828917,Brightness_2,74.0
1511172829073,Sound_R,64.23590476608872
1511172830580,Motion_2,True
1511172835350,Temperature_1,24.84
1511172835353,Humidity_1,14.519149343566673
1511172835356,Brightness_1,69.0
1511172835359,Temperature_2,24.49
1511172835361,Humidity_2,15.135748746570798
1511172835363,Brightness_2,74.0
1511172837970,Sound_P,67.01551720930587
1511172837973,PodiumIR,177
1511172839073,Sound_R,65.42222547522857
1511172842215,Temperature_1,24.84
1511172842218,Humidity_1,14.519149343566673
1511172842221,Brightness_1,69.0
1511172842223,Temperature_2,24.49
1511172842225,Humidity_2,15.135748746570798
1511172842229,Brightness_2,74.0
1511172843000,Motion_1,False
1511172843000,Motion_5,False
1511172843000,Motion_8,True
1511172843000,Motion_2,False
1511172844506,Motion_1,True
1511172844506,Motion_5,True
1511172846127,Motion_8,True
1511172847975,Sound_P,67.56641902255494
1511172847979,PodiumIR,176
1511172848675,Temperature_1,24.84
1511172848678,Humidity_1,14.519149343566673
1511172848681,Brightness_1,69.0
1511172848684,Temperature_2,24.49
1511172848685,Humidity_2,15.135748746570798
1511172848688,Brightness_2,74.0
1511172849073,Sound_R,64.8402969440963
1511172853220,Motion_2,True
1511172855216,Temperature_1,24.84
1511172855219,Humidity_1,14.519149343566673
1511172855222,Brightness_1,69.0
1511172855224,Temperature_2,24.49
1511172855226,Humidity_2,15.012428865969973
1511172855228,Brightness_2,76.0
1511172857981,Sound_P,64.61127993529891
1511172857984,PodiumIR,175
1511172859073,Sound_R,60.248333872960934
1511172859879,Motion_1,False
1511172859879,Motion_5,False
1511172859879,Motion_8,False
1511172859879,Motion_6,True
1511172861667,Temperature_1,24.84
1511172861670,Humidity_1,14.519149343566673
1511172861673,Brightness_1,69.0
1511172861675,Temperature_2,24.49
1511172861678,Humidity_2,15.012428865969973
1511172861680,Brightness_2,76.0
1511172867987,Sound_P,66.44593723960276
1511172867990,PodiumIR,187
1511172868074,Temperature_1,24.84
1511172868077,Humidity_1,14.519149343566673
1511172868080,Brightness_1,69.0
1511172868083,Temperature_2,24.49
1511172868085,Humidity_2,15.012428865969973
1511172868088,Brightness_2,76.0
1511172869073,Sound_R,62.765589428339716
1511172871785,Motion_2,False
1511172871785,Seat_2,True
1511172871790,Motion_6,False
1511172874478,Temperature_1,24.84
1511172874480,Humidity_1,14.519149343566673
1511172874483,Brightness_1,69.0
1511172874485,Temperature_2,24.49
1511172874488,Humidity_2,15.012428865969973
1511172874490,Brightness_2,76.0
1511172877993,Sound_P,72.26372429269907
1511172877996,PodiumIR,145
1511172879073,Sound_R,66.21385635391219
1511172881026,Temperature_1,24.84
1511172881029,Humidity_1,14.519149343566673
1511172881032,Brightness_1,69.0
1511172881034,Temperature_2,24.49
1511172881036,Humidity_2,15.012428865969973
1511172881038,Brightness_2,76.0
1511172887764,Motion_1,False
1511172887764,Motion_5,True
1511172887780,Temperature_1,24.84
1511172887783,Humidity_1,14.519149343566673
1511172887786,Brightness_1,69.0
1511172887788,Temperature_2,24.49
1511172887790,Humidity_2,15.012428865969973
1511172887793,Brightness_2,76.0
1511172887998,Sound_P,63.95233273361063
1511172888002,PodiumIR,181
1511172889073,Sound_R,63.98321504689499
1511172894215,Temperature_1,24.84
1511172894218,Humidity_1,14.519149343566673
1511172894221,Brightness_1,72.0
1511172894223,Temperature_2,24.49
1511172894225,Humidity_2,15.012428865969973
1511172894227,Brightness_2,76.0
1511172898004,Sound_P,67.01551720930587
1511172898013,PodiumIR,149
1511172899073,Sound_R,64.76267192749476
1511172900887,Temperature_1,24.84
1511172900890,Humidity_1,14.519149343566673
1511172900893,Brightness_1,72.0
1511172900895,Temperature_2,24.49
1511172900897,Humidity_2,15.012428865969973
1511172900899,Brightness_2,76.0
1511172902742,Motion_5,False
1511172902742,Motion_4,True
1511172905438,Motion_3,True
1511172907346,Temperature_1,24.84
1511172907348,Humidity_1,14.519149343566673
1511172907351,Brightness_1,72.0
1511172907354,Temperature_2,24.49
1511172907356,Humidity_2,15.012428865969973
1511172907358,Brightness_2,76.0
1511172908016,Sound_P,65.8563679754536
1511172908019,PodiumIR,190
1511172909073,Sound_R,66.01517171748638
1511172910491,Motion_5,True
1511172910491,Motion_7,True
1511172910491,Motion_6,True
1511172914102,Temperature_1,24.84
1511172914104,Humidity_1,14.519149343566673
1511172914108,Brightness_1,72.0
1511172914110,Temperature_2,24.49
1511172914112,Humidity_2,15.012428865969973
1511172914113,Brightness_2,76.0
1511172918021,Sound_P,70.5390318503356
1511172918025,PodiumIR,195
1511172919073,Sound_R,66.33448444587243
1511172920514,Temperature_1,24.84
1511172920518,Humidity_1,14.519149343566673
1511172920521,Brightness_1,72.0
1511172920523,Temperature_2,24.49
1511172920525,Humidity_2,15.135748746570798
1511172920527,Brightness_2,70.0
1511172923393,Motion_4,False
1511172923393,Motion_3,False
1511172923393,Motion_5,True
1511172923393,Motion_7,False
1511172923393,Motion_6,False
1511172927205,Temperature_1,24.84
1511172927208,Humidity_1,14.519149343566673
1511172927211,Brightness_1,72.0
1511172927213,Temperature_2,24.49
1511172927215,Humidity_2,15.135748746570798
1511172927218,Brightness_2,70.0
1511172928035,Sound_P,64.61127993529891
1511172928038,PodiumIR,163
1511172929073,Sound_R,66.18755693000143
1511172933655,Temperature_1,24.84
1511172933658,Humidity_1,14.519149343566673
1511172933661,Brightness_1,72.0
1511172933664,Temperature_2,24.49
1511172933666,Humidity_2,15.135748746570798
1511172933668,Brightness_2,70.0
1511172938040,Sound_P,69.60540278108363
1511172938043,PodiumIR,164
1511172939073,Sound_R,67.92080395912036
1511172940107,Temperature_1,24.84
1511172940109,Humidity_1,14.519149343566673
1511172940112,Brightness_1,72.0
1511172940115,Temperature_2,24.49
1511172940117,Humidity_2,15.135748746570798
1511172940119,Brightness_2,70.0
1511172944634,Seat_2,False
1511172944634,Motion_5,False
1511172944634,Motion_1,True
1511172946549,Temperature_1,24.84
1511172946552,Humidity_1,14.519149343566673
1511172946555,Brightness_1,72.0
1511172946557,Temperature_2,24.49
1511172946560,Humidity_2,15.135748746570798
1511172946562,Brightness_2,70.0
1511172948046,Sound_P,70.0787016850011
1511172948049,PodiumIR,189
1511172949073,Sound_R,66.75620051680541
1511172951358,Motion_2,True
1511172953014,Temperature_1,24.84
1511172953017,Humidity_1,14.519149343566673
1511172953020,Brightness_1,69.0
1511172953022,Temperature_2,24.49
1511172953024,Humidity_2,15.135748746570798
1511172953027,Brightness_2,70.0
1511172955245,Motion_5,True
1511172958052,Sound_P,65.8563679754536
1511172958065,PodiumIR,149
1511172959073,Sound_R,63.5395165323036
1511172959427,Temperature_1,24.84
1511172959430,Humidity_1,14.519149343566673
1511172959433,Brightness_1,69.0
1511172959435,Temperature_2,24.49
1511172959438,Humidity_2,15.135748746570798
1511172959440,Brightness_2,70.0
1511172959667,Motion_1,False
1511172959667,Motion_3,True
1511172961213,Motion_1,True
1511172966112,Temperature_1,24.84
1511172966115,Humidity_1,14.519149343566673
1511172966118,Brightness_1,69.0
1511172966120,Temperature_2,24.49
1511172966122,Humidity_2,15.135748746570798
1511172966125,Brightness_2,70.0
1511172967321,Motion_2,False
1511172967321,Motion_5,False
1511172968071,Sound_P,65.8563679754536
1511172968074,PodiumIR,196
1511172969073,Sound_R,62.460770955993986
1511172971223,Motion_8,True
1511172971223,Motion_7,True
1511172972511,Temperature_1,24.84
1511172972513,Humidity_1,14.519149343566673
1511172972516,Brightness_1,69.0
1511172972518,Temperature_2,24.49
1511172972521,Humidity_2,15.135748746570798
1511172972523,Brightness_2,70.0
1511172973284,Motion_3,False
1511172973284,Motion_6,True
1511172973284,Motion_1,True
1511172978079,Sound_P,76.25684571588656
1511172978086,PodiumIR,191
1511172979073,Sound_R,66.2681267203257
1511172979222,Temperature_1,24.84
1511172979225,Humidity_1,14.519149343566673
1511172979228,Brightness_1,69.0
1511172979230,Temperature_2,24.49
1511172979232,Humidity_2,15.135748746570798
1511172979234,Brightness_2,75.0
1511172983275,Motion_2,False
1511172983275,Motion_3,True
1511172983275,Motion_8,False
1511172985672,Temperature_1,24.84
1511172985675,Humidity_1,14.519149343566673
1511172985678,Brightness_1,69.0
1511172985680,Temperature_2,24.49
1511172985682,Humidity_2,15.135748746570798
1511172985684,Brightness_2,75.0
1511172987192,Motion_7,False
1511172987192,Motion_6,False
1511172987192,Motion_1,False
1511172987192,Motion_8,True
1511172988092,Sound_P,65.24535518573873
1511172988095,PodiumIR,183
1511172989073,Sound_R,67.80260189515649
1511172992129,Temperature_1,24.84
1511172992132,Humidity_1,14.519149343566673
1511172992135,Brightness_1,69.0
1511172992138,Temperature_2,24.49
1511172992140,Humidity_2,15.135748746570798
1511172992143,Brightness_2,75.0
1511172994690,Door,activate
1511172996132,Motion_2,True
1511172996132,Motion_3,False
1511172998097,Sound_P,66.44593723960276
1511172998100,PodiumIR,189
1511172998548,Temperature_1,24.84
1511172998551,Humidity_1,14.519149343566673
1511172998554,Brightness_1,69.0
1511172998557,Temperature_2,24.49
1511172998559,Humidity_2,15.135748746570798
1511172998561,Brightness_2,75.0
1511172999073,Sound_R,66.66586195326028
1511172999999,Motion_4,True
1511172999999,Motion_8,False
1511172999999,Motion_2,True
1511173001269,Motion_5,True
1511173001269,Motion_8,False
1511173003110,Motion_3,True
1511173005250,Temperature_1,24.84
1511173005253,Humidity_1,14.519149343566673
1511173005257,Brightness_1,69.0
1511173005259,Temperature_2,24.49
1511173005261,Humidity_2,15.135748746570798
1511173005263,Brightness_2,75.0
1511173006982,Motion_8,True
1511173006982,Motion_1,True
1511173008103,Sound_P,70.5390318503356
1511173008106,PodiumIR,196
1511173009073,Sound_R,65.92371050220903
1511173010169,Motion_6,True
1511173010169,Motion_7,True
1511173011565,Seat_2,True
1511173011998,Temperature_1,24.84
1511173012001,Humidity_1,14.519149343566673
1511173012004,Brightness_1,69.0
1511173012006,Temperature_2,24.49
1511173012008,Humidity_2,15.135748746570798
1511173012010,Brightness_2,75.0
1511173016027,Motion_4,False
1511173016027,Motion_2,False
1511173016027,Motion_5,False
1511173016027,Motion_3,True
1511173018112,Sound_P,63.26648240367583
1511173018115,PodiumIR,180
1511173018393,Temperature_1,24.84
1511173018396,Humidity_1,14.642469224167508
1511173018399,Brightness_1,70.0
1511173018401,Temperature_2,24.49
1511173018403,Humidity_2,15.135748746570798
1511173018405,Brightness_2,75.0
1511173019073,Sound_R,63.64739207712399
1511173020425,Motion_8,False
1511173020425,Motion_5,True
1511173020425,Motion_1,False
1511173021905,Seat_2,False
1511173021905,Seat_3,True
1511173023076,Motion_6,True
1511173023076,Motion_7,True
1511173025120,Temperature_1,24.84
1511173025123,Humidity_1,14.642469224167508
1511173025126,Brightness_1,70.0
1511173025128,Temperature_2,24.49
1511173025130,Humidity_2,15.135748746570798
1511173025133,Brightness_2,75.0
1511173026333,Motion_1,True
1511173027337,Door,activate
1511173028126,Sound_P,68.0998289029382
1511173028129,PodiumIR,88
1511173029073,Sound_R,61.37912551831733
1511173030220,Motion_3,False
1511173030220,Motion_2,False
1511173030220,Motion_8,True
1511173031736,Seat_2,True
1511173031736,Motion_3,True
1511173031854,Temperature_1,24.84
1511173031857,Humidity_1,14.642469224167508
1511173031861,Brightness_1,70.0
1511173031863,Temperature_2,24.49
1511173031864,Humidity_2,15.135748746570798
1511173031867,Brightness_2,75.0
1511173033326,Motion_5,True
1511173037254,Motion_6,False
1511173037254,Motion_7,False
1511173037254,Motion_2,True
1511173038137,Sound_P,65.8563679754536
1511173038141,PodiumIR,88
1511173038279,Temperature_1,24.84
1511173038282,Humidity_1,14.642469224167508
1511173038285,Brightness_1,70.0
1511173038288,Temperature_2,24.49
1511173038290,Humidity_2,15.135748746570798
1511173038292,Brightness_2,75.0
1511173039073,Sound_R,62.703712256991025
1511173042296,Motion_1,False
1511173042296,Motion_8,False
1511173044077,Motion_4,True
1511173044077,Motion_3,False
1511173044698,Temperature_1,24.84
1511173044701,Humidity_1,14.642469224167508
1511173044704,Brightness_1,70.0
1511173044706,Temperature_2,24.49
1511173044708,Humidity_2,15.135748746570798
1511173044710,Brightness_2,76.0
1511173048147,Sound_P,67.01551720930587
1511173048150,PodiumIR,233
1511173049073,Sound_R,65.29314607206534
1511173051105,Temperature_1,24.84
1511173051108,Humidity_1,14.642469224167508
1511173051111,Brightness_1,70.0
1511173051113,Temperature_2,24.49
1511173051115,Humidity_2,15.135748746570798
1511173051117,Brightness_2,76.0
1511173051621,Motion_5,False
1511173051621,Motion_2,False
1511173051621,Motion_7,True
1511173053207,Motion_2,True
1511173057561,Temperature_1,24.84
1511173057564,Humidity_1,14.642469224167508
1511173057567,Brightness_1,70.0
1511173057569,Temperature_2,24.49
1511173057571,Humidity_2,15.135748746570798
1511173057573,Brightness_2,76.0
1511173058155,Sound_P,67.01551720930587
1511173058159,PodiumIR,255
1511173058245,Motion_1,False
1511173058245,Motion_4,False
1511173059073,Sound_R,64.83101294233005
1511173064008,Temperature_1,24.84
1511173064011,Humidity_1,14.642469224167508
1511173064014,Brightness_1,70.0
1511173064017,Temperature_2,24.49
1511173064019,Humidity_2,15.135748746570798
1511173064022,Brightness_2,76.0
1511173068163,Sound_P,64.61127993529891
1511173068172,PodiumIR,157
1511173069073,Sound_R,62.93425905605312
1511173069091,Motion_7,False
1511173069091,Motion_2,False
1511173069091,Motion_5,True
1511173070433,Temperature_1,24.84
1511173070436,Humidity_1,14.642469224167508
1511173070439,Brightness_1,70.0
1511173070441,Temperature_2,24.49
1511173070443,Humidity_2,15.135748746570798
1511173070445,Brightness_2,76.0
1511173071147,Motion_1,True
1511173071147,Motion_2,True
1511173073678,Motion_4,True
1511173077122,Temperature_1,24.84
1511173077124,Humidity_1,14.642469224167508
1511173077127,Brightness_1,70.0
1511173077130,Temperature_2,24.49
1511173077131,Humidity_2,15.135748746570798
1511173077133,Brightness_2,76.0
1511173078177,Sound_P,65.8563679754536
1511173078180,PodiumIR,164
1511173079073,Sound_R,59.85037870211477
1511173082103,Seat_2,False
1511173082103,Motion_5,False
1511173082103,Motion_3,True
1511173082103,Seat_10,False
1511173083590,Temperature_1,24.84
1511173083593,Humidity_1,14.519149343566673
1511173083596,Brightness_1,69.0
1511173083598,Temperature_2,24.49
1511173083601,Humidity_2,15.135748746570798
1511173083603,Brightness_2,76.0
1511173088183,Sound_P,65.8563679754536
1511173088187,PodiumIR,195
1511173089073,Sound_R,62.07529053410898
1511173090211,Temperature_1,24.84
1511173090214,Humidity_1,14.519149343566673
1511173090218,Brightness_1,69.0
1511173090221,Temperature_2,24.49
1511173090223,Humidity_2,15.135748746570798
1511173090225,Brightness_2,76.0
1511173096815,Motion_1,False
1511173096815,Motion_2,False
1511173096815,Motion_4,False
1511173096815,Motion_3,False
1511173096815,Seat_2,True
1511173096887,Temperature_1,24.84
1511173096890,Humidity_1,14.519149343566673
1511173096905,Brightness_1,69.0
1511173096908,Temperature_2,24.49
1511173096910,Humidity_2,15.135748746570798
1511173096918,Brightness_2,76.0
1511173098193,Sound_P,67.56641902255494
1511173098198,PodiumIR,168
1511173099073,Sound_R,68.07172752573929
1511173100853,Motion_1,True
1511173103540,Temperature_1,24.84
1511173103547,Humidity_1,14.519149343566673
1511173103549,Brightness_1,69.0
1511173103551,Temperature_2,24.49
1511173103559,Humidity_2,15.135748746570798
1511173103562,Brightness_2,76.0
1511173108204,Sound_P,80.26238932078596
1511173108208,PodiumIR,167
1511173109073,Sound_R,67.193677182942
1511173110215,Temperature_1,24.84
1511173110222,Humidity_1,14.519149343566673
1511173110224,Brightness_1,69.0
1511173110226,Temperature_2,24.49
1511173110228,Humidity_2,15.135748746570798
1511173110230,Brightness_2,75.0
1511173116958,Temperature_1,24.84
1511173116964,Humidity_1,14.519149343566673
1511173116967,Brightness_1,69.0
1511173116969,Temperature_2,24.49
1511173116971,Humidity_2,15.135748746570798
1511173116971,Seat_2,False
1511173116971,Motion_1,False
1511173116972,Brightness_2,75.0
1511173118214,Sound_P,74.91204818426347
1511173118219,PodiumIR,183
1511173119073,Sound_R,67.22503170305187
1511173123713,Temperature_1,24.84
1511173123719,Humidity_1,14.519149343566673
1511173123722,Brightness_1,69.0
1511173123724,Temperature_2,24.49
1511173123726,Humidity_2,15.135748746570798
1511173123734,Brightness_2,75.0
1511173127152,Seat_2,False
1511173128224,Sound_P,75.25847282855663
1511173128229,PodiumIR,171
1511173129073,Sound_R,71.253626989573
1511173130211,Temperature_1,24.84
1511173130221,Humidity_1,14.519149343566673
1511173130224,Brightness_1,69.0
1511173130226,Temperature_2,24.49
1511173130233,Humidity_2,15.135748746570798
1511173130236,Brightness_2,75.0
1511173136923,Temperature_1,24.84
1511173136929,Humidity_1,14.519149343566673
1511173136932,Brightness_1,69.0
1511173136934,Temperature_2,24.49
1511173136936,Humidity_2,15.135748746570798
1511173136939,Brightness_2,75.0
1511173138234,Sound_P,66.44593723960276
1511173138239,PodiumIR,171
1511173139073,Sound_R,71.52923121044768
1511173143795,Temperature_1,24.84
1511173143801,Humidity_1,14.519149343566673
1511173143803,Brightness_1,69.0
1511173143805,Temperature_2,24.49
1511173143807,Humidity_2,15.135748746570798
1511173143810,Brightness_2,75.0
1511173148245,Sound_P,70.0787016850011
1511173148248,PodiumIR,165
1511173149073,Sound_R,69.47592220265237
1511173150230,Temperature_1,24.84
1511173150236,Humidity_1,14.642469224167508
1511173150238,Brightness_1,69.0
1511173150240,Temperature_2,24.49
1511173150249,Humidity_2,15.135748746570798
1511173150251,Brightness_2,75.0
1511173156690,Temperature_1,24.84
1511173156696,Humidity_1,14.642469224167508
1511173156699,Brightness_1,69.0
1511173156701,Temperature_2,24.49
1511173156703,Humidity_2,15.135748746570798
1511173156711,Brightness_2,75.0
1511173158250,Sound_P,63.95233273361063
1511173158255,PodiumIR,157
1511173159073,Sound_R,69.302721874102
1511173163662,Temperature_1,24.84
1511173163669,Humidity_1,14.642469224167508
1511173163671,Brightness_1,69.0
1511173163673,Temperature_2,24.49
1511173163680,Humidity_2,15.135748746570798
1511173163683,Brightness_2,75.0
1511173168259,Sound_P,73.45017003946069
1511173168262,PodiumIR,168
1511173169073,Sound_R,67.25488088852279
1511173170208,Temperature_1,24.84
1511173170217,Humidity_1,14.642469224167508
1511173170220,Brightness_1,69.0
1511173170222,Temperature_2,24.49
1511173170230,Humidity_2,15.135748746570798
1511173170233,Brightness_2,70.0
1511173176964,Temperature_1,24.84
1511173176970,Humidity_1,14.642469224167508
1511173176972,Brightness_1,69.0
1511173176974,Temperature_2,24.49
1511173176982,Humidity_2,15.135748746570798
1511173176985,Brightness_2,70.0
1511173178265,Sound_P,75.25847282855663
1511173178268,PodiumIR,167
1511173179073,Sound_R,68.81431736634282
1511173183440,Temperature_1,24.84
1511173183446,Humidity_1,14.642469224167508
1511173183449,Brightness_1,69.0
1511173183451,Temperature_2,24.49
1511173183458,Humidity_2,15.135748746570798
1511173183460,Brightness_2,70.0
1511173188273,Sound_P,69.11838317407611
1511173188276,PodiumIR,172
1511173189010,Motion_3,True
1511173189073,Sound_R,71.23437586037953
1511173190172,Temperature_1,24.84
1511173190178,Humidity_1,14.642469224167508
1511173190181,Brightness_1,69.0
1511173190183,Temperature_2,24.49
1511173190192,Humidity_2,15.135748746570798
1511173190194,Brightness_2,70.0
1511173196629,Temperature_1,24.84
1511173196635,Humidity_1,14.642469224167508
1511173196638,Brightness_1,69.0
1511173196640,Temperature_2,24.49
1511173196641,Humidity_2,15.135748746570798
1511173196650,Brightness_2,70.0
1511173198282,Sound_P,74.91204818426347
1511173198285,PodiumIR,159
1511173199073,Sound_R,69.26270017899266
1511173199400,Motion_5,True
1511173203080,Temperature_1,24.84
1511173203086,Humidity_1,14.642469224167508
1511173203089,Brightness_1,69.0
1511173203091,Temperature_2,24.49
1511173203093,Humidity_2,15.135748746570798
1511173203099,Brightness_2,70.0
1511173208292,Sound_P,74.91204818426347
1511173208297,PodiumIR,169
1511173209073,Sound_R,68.84896763512002
1511173209633,Temperature_1,24.84
1511173209639,Humidity_1,14.519149343566673
1511173209642,Brightness_1,75.0
1511173209644,Temperature_2,24.49
1511173209652,Humidity_2,15.135748746570798
1511173209655,Brightness_2,70.0
1511173216201,Temperature_1,24.84
1511173216207,Humidity_1,14.519149343566673
1511173216214,Brightness_1,75.0
1511173216217,Temperature_2,24.49
1511173216219,Humidity_2,15.135748746570798
1511173216221,Brightness_2,70.0
1511173218302,Sound_P,66.44593723960276
1511173218305,PodiumIR,156
1511173219073,Sound_R,71.94424195512669
1511173222937,Temperature_1,24.84
1511173222943,Humidity_1,14.519149343566673
1511173222945,Brightness_1,75.0
1511173222947,Temperature_2,24.49
1511173222949,Humidity_2,15.135748746570798
1511173222951,Brightness_2,70.0
1511173228310,Sound_P,71.84886370856825
1511173228319,PodiumIR,159
1511173229073,Sound_R,73.14199472092791
1511173229396,Temperature_1,24.84
1511173229402,Humidity_1,14.519149343566673
1511173229405,Brightness_1,75.0
1511173229408,Temperature_2,24.49
1511173229410,Humidity_2,15.135748746570798
1511173229418,Brightness_2,70.0
1511173235951,Temperature_1,24.84
1511173235958,Humidity_1,14.519149343566673
1511173235960,Brightness_1,75.0
1511173235962,Temperature_2,24.49
1511173235964,Humidity_2,15.135748746570798
1511173235972,Brightness_2,72.0
1511173238324,Sound_P,63.26648240367583
1511173238327,PodiumIR,224
1511173239073,Sound_R,68.2447649303115
1511173241347,Motion_3,False
1511173241347,Motion_5,False
1511173241347,Motion_2,True
1511173242357,Temperature_1,24.84
1511173242363,Humidity_1,14.519149343566673
1511173242366,Brightness_1,75.0
1511173242368,Temperature_2,24.49
1511173242370,Humidity_2,15.135748746570798
1511173242378,Brightness_2,72.0
1511173248332,Sound_P,71.84886370856825
1511173248339,PodiumIR,175
1511173249059,Temperature_1,24.84
1511173249064,Humidity_1,14.519149343566673
1511173249067,Brightness_1,75.0
1511173249069,Temperature_2,24.49
1511173249071,Humidity_2,15.135748746570798
1511173249073,Brightness_2,72.0
1511173249073,Sound_R,69.06426844710722
1511173250177,Motion_3,True
1511173254259,Motion_2,True
1511173254259,Motion_1,True
1511173255910,Temperature_1,24.84
1511173255916,Humidity_1,14.519149343566673
1511173255919,Brightness_1,75.0
1511173255921,Temperature_2,24.49
1511173255923,Humidity_2,15.135748746570798
1511173255932,Brightness_2,72.0
1511173258342,Sound_P,70.987085069563
1511173258345,PodiumIR,176
1511173258827,Motion_7,True
1511173259073,Sound_R,72.41555505167771
1511173262326,Temperature_1,24.84
1511173262332,Humidity_1,14.519149343566673
1511173262335,Brightness_1,75.0
1511173262337,Temperature_2,24.49
1511173262345,Humidity_2,15.135748746570798
1511173262348,Brightness_2,72.0
1511173266396,Motion_3,False
1511173266401,Motion_5,True
1511173266401,Motion_2,False
1511173268349,Sound_P,65.8563679754536
1511173268352,PodiumIR,183
1511173269032,Temperature_1,24.84
1511173269038,Humidity_1,14.519149343566673
1511173269041,Brightness_1,75.0
1511173269043,Temperature_2,24.49
1511173269045,Humidity_2,15.135748746570798
1511173269047,Brightness_2,72.0
1511173269073,Sound_R,70.69153922211912
1511173275879,Temperature_1,24.84
1511173275884,Humidity_1,14.519149343566673
1511173275887,Brightness_1,75.0
1511173275889,Temperature_2,24.49
1511173275891,Humidity_2,15.135748746570798
1511173275893,Brightness_2,72.0
1511173278356,Sound_P,73.45017003946069
1511173278359,PodiumIR,164
1511173279073,Sound_R,71.26442831359905
1511173282296,Temperature_1,24.84
1511173282302,Humidity_1,14.519149343566673
1511173282305,Brightness_1,75.0
1511173282307,Temperature_2,24.49
1511173282310,Humidity_2,15.135748746570798
1511173282312,Brightness_2,72.0
1511173282349,Motion_1,False
1511173282349,Motion_7,False
1511173282349,Motion_5,False
1511173284275,Motion_3,True
1511173284275,Motion_7,True
1511173288365,Sound_P,78.09150302019039
1511173288368,PodiumIR,162
1511173289073,Sound_R,74.0658256171254
1511173289132,Temperature_1,24.84
1511173289139,Humidity_1,14.519149343566673
1511173289142,Brightness_1,75.0
1511173289144,Temperature_2,24.49
1511173289145,Humidity_2,15.135748746570798
1511173289152,Brightness_2,72.0
1511173295846,Temperature_1,24.84
1511173295853,Humidity_1,14.519149343566673
1511173295855,Brightness_1,75.0
1511173295857,Temperature_2,24.49
1511173295859,Humidity_2,15.135748746570798
1511173295866,Brightness_2,72.0
1511173298374,Sound_P,64.61127993529891
1511173298378,PodiumIR,158
1511173299073,Sound_R,71.17067839501367
1511173301219,Motion_5,False
1511173301224,Seat_2,False
1511173301224,Motion_3,False
1511173301224,Motion_7,False
1511173302257,Temperature_1,24.84
1511173302263,Humidity_1,14.519149343566673
1511173302266,Brightness_1,75.0
1511173302268,Temperature_2,24.49
1511173302270,Humidity_2,15.135748746570798
1511173302272,Brightness_2,73.0
1511173308383,Sound_P,63.95233273361063
1511173308386,PodiumIR,161
1511173308955,Temperature_1,24.84
1511173308958,Humidity_1,14.519149343566673
1511173308961,Brightness_1,75.0
1511173308963,Temperature_2,24.49
1511173308965,Humidity_2,15.135748746570798
1511173308969,Brightness_2,73.0
1511173309073,Sound_R,66.56528235420151
1511173311090,Motion_5,True
1511173312145,Motion_8,True
1511173314381,Motion_1,True
1511173315365,Temperature_1,24.84
1511173315368,Humidity_1,14.519149343566673
1511173315371,Brightness_1,75.0
1511173315373,Temperature_2,24.49
1511173315375,Humidity_2,15.135748746570798
1511173315380,Brightness_2,73.0
1511173318391,Sound_P,70.987085069563
1511173318395,PodiumIR,182
1511173319073,Sound_R,68.08045269433025
1511173321877,Temperature_1,24.84
1511173321880,Humidity_1,14.519149343566673
1511173321883,Brightness_1,75.0
1511173321885,Temperature_2,24.49
1511173321887,Humidity_2,15.135748746570798
1511173321891,Brightness_2,73.0
1511173328287,Temperature_1,24.84
1511173328289,Humidity_1,14.519149343566673
1511173328300,Brightness_1,75.0
1511173328303,Temperature_2,24.49
1511173328305,Humidity_2,15.135748746570798
1511173328309,Brightness_2,73.0
1511173328400,Sound_P,73.06392314376754
1511173328403,PodiumIR,197
1511173329073,Sound_R,70.55522608614444
1511173334974,Temperature_1,24.84
1511173334977,Humidity_1,14.519149343566673
1511173334980,Brightness_1,70.0
1511173334983,Temperature_2,24.49
1511173334984,Humidity_2,15.135748746570798
1511173334987,Brightness_2,73.0
1511173338409,Sound_P,70.0787016850011
1511173338413,PodiumIR,154
1511173339073,Sound_R,69.93756054500362
1511173341429,Temperature_1,24.84
1511173341432,Humidity_1,14.519149343566673
1511173341435,Brightness_1,70.0
1511173341438,Temperature_2,24.49
1511173341442,Humidity_2,15.135748746570798
1511173341445,Brightness_2,73.0
1511173346068,Motion_7,False
1511173346068,Motion_5,False
1511173346068,Motion_8,False
1511173346068,Motion_1,False
1511173346068,Seat_2,False
1511173347159,Seat_2,True
1511173347159,Motion_5,True
1511173347905,Temperature_1,24.84
1511173347908,Humidity_1,14.519149343566673
1511173347912,Brightness_1,70.0
1511173347913,Temperature_2,24.49
1511173347915,Humidity_2,15.135748746570798
1511173347920,Brightness_2,73.0
1511173348418,Sound_P,67.56641902255494
1511173348421,PodiumIR,154
1511173349073,Sound_R,70.13175984883395
1511173354306,Temperature_1,24.84
1511173354309,Humidity_1,14.519149343566673
1511173354313,Brightness_1,70.0
1511173354315,Temperature_2,24.49
1511173354317,Humidity_2,15.135748746570798
1511173354319,Brightness_2,73.0
1511173358426,Sound_P,74.55832985633069
1511173358430,PodiumIR,155
1511173359073,Sound_R,70.76258013047396
1511173360705,Temperature_1,24.84
1511173360708,Humidity_1,14.519149343566673
1511173360711,Brightness_1,70.0
1511173360714,Temperature_2,24.49
1511173360716,Humidity_2,15.135748746570798
1511173360721,Brightness_2,72.0
1511173362322,Seat_2,False
1511173362322,Motion_7,False
1511173362322,Motion_5,False
1511173362327,Seat_2,True
1511173367431,Temperature_1,24.84
1511173367434,Humidity_1,14.519149343566673
1511173367437,Brightness_1,70.0
1511173367439,Temperature_2,24.49
1511173367442,Humidity_2,15.135748746570798
1511173367447,Brightness_2,72.0
1511173368434,Sound_P,79.48080653810413
1511173368438,PodiumIR,170
1511173369073,Sound_R,70.0041253204656
1511173373885,Temperature_1,24.84
1511173373888,Humidity_1,14.519149343566673
1511173373891,Brightness_1,70.0
1511173373894,Temperature_2,24.49
1511173373895,Humidity_2,15.135748746570798
1511173373899,Brightness_2,72.0
1511173374609,Motion_5,False
1511173374609,Motion_7,True
1511173375644,Motion_6,True
1511173378444,Sound_P,65.8563679754536
1511173378447,PodiumIR,161
1511173379073,Sound_R,70.68882516312247
1511173380324,Temperature_1,24.84
1511173380327,Humidity_1,14.519149343566673
1511173380331,Brightness_1,70.0
1511173380333,Temperature_2,24.49
1511173380335,Humidity_2,15.135748746570798
1511173380338,Brightness_2,72.0
1511173386245,Seat_2,False
1511173386245,Motion_1,True
1511173386793,Temperature_1,24.84
1511173386797,Humidity_1,14.519149343566673
1511173386800,Brightness_1,70.0
1511173386803,Temperature_2,24.49
1511173386805,Humidity_2,15.135748746570798
1511173386809,Brightness_2,72.0
1511173388452,Sound_P,65.24535518573873
1511173388456,PodiumIR,173
1511173389073,Sound_R,72.04106552291755
1511173390632,Motion_7,False
1511173390632,Motion_6,False
1511173390632,Seat_2,True
1511173390632,Motion_5,False
1511173393538,Temperature_1,24.84
1511173393541,Humidity_1,14.519149343566673
1511173393544,Brightness_1,70.0
1511173393547,Temperature_2,24.49
1511173393549,Humidity_2,15.135748746570798
1511173393554,Brightness_2,72.0
1511173397401,Seat_2,False
1511173397401,Seat_9,True
1511173398461,Sound_P,76.89092096632638
1511173398464,PodiumIR,150
1511173399073,Sound_R,70.37251430963498
1511173399827,Motion_1,False
1511173399827,Motion_7,True
1511173399989,Temperature_1,24.84
1511173399992,Humidity_1,14.642469224167508
1511173399995,Brightness_1,72.0
1511173399998,Temperature_2,24.49
1511173400000,Humidity_2,15.135748746570798
1511173400002,Brightness_2,72.0
1511173406445,Temperature_1,24.84
1511173406448,Humidity_1,14.642469224167508
1511173406452,Brightness_1,72.0
1511173406454,Temperature_2,24.49
1511173406459,Humidity_2,15.135748746570798
1511173406462,Brightness_2,72.0
1511173408471,Sound_P,69.11838317407611
1511173408474,PodiumIR,177
1511173409073,Sound_R,70.92599377420454
1511173410803,Seat_2,True
1511173412855,Temperature_1,24.84
1511173412858,Humidity_1,14.642469224167508
1511173412861,Brightness_1,72.0
1511173412864,Temperature_2,24.49
1511173412866,Humidity_2,15.135748746570798
1511173412868,Brightness_2,72.0
1511173415786,Motion_7,False
1511173418476,Sound_P,64.61127993529891
1511173418479,PodiumIR,210
1511173419073,Sound_R,71.97953289457082
1511173419959,Temperature_1,24.84
1511173419962,Humidity_1,14.642469224167508
1511173419965,Brightness_1,72.0
1511173419967,Temperature_2,24.49
1511173419971,Humidity_2,15.135748746570798
1511173419976,Brightness_2,72.0
1511173426507,Temperature_1,24.84
1511173426513,Humidity_1,14.642469224167508
1511173426515,Brightness_1,72.0
1511173426518,Temperature_2,24.49
1511173426523,Humidity_2,15.135748746570798
1511173426526,Brightness_2,75.0
1511173428482,Sound_P,80.51504069838761
1511173428485,PodiumIR,172
1511173429073,Sound_R,71.93878049121126
1511173430979,Seat_2,False
1511173430979,Motion_7,False
1511173430979,Motion_5,True
1511173432986,Temperature_1,24.84
1511173432991,Humidity_1,14.642469224167508
1511173432994,Brightness_1,72.0
1511173432996,Temperature_2,24.49
1511173433001,Humidity_2,15.135748746570798
1511173433004,Brightness_2,75.0
1511173433465,Motion_7,True
1511173433465,Motion_5,True
1511173436777,Seat_2,False
1511173436777,Motion_2,True
1511173438487,Sound_P,72.26372429269907
1511173438491,PodiumIR,214
1511173439073,Sound_R,71.6955868132179
1511173439431,Temperature_1,24.84
1511173439437,Humidity_1,14.642469224167508
1511173439440,Brightness_1,72.0
1511173439442,Temperature_2,24.49
1511173439444,Humidity_2,15.135748746570798
1511173439447,Brightness_2,75.0
1511173441174,Seat_2,True
1511173445857,Temperature_1,24.84
1511173445862,Humidity_1,14.642469224167508
1511173445868,Brightness_1,72.0
1511173445871,Temperature_2,24.49
1511173445874,Humidity_2,15.135748746570798
1511173445877,Brightness_2,75.0
1511173448493,Sound_P,67.56641902255494
1511173448497,PodiumIR,153
1511173449073,Sound_R,67.25001245015517
1511173452274,Temperature_1,24.84
1511173452280,Humidity_1,14.642469224167508
1511173452282,Brightness_1,72.0
1511173452285,Temperature_2,24.49
1511173452287,Humidity_2,15.135748746570798
1511173452290,Brightness_2,75.0
1511173458499,Sound_P,72.66858725677886
1511173458502,PodiumIR,183
1511173458982,Temperature_1,24.84
1511173458988,Humidity_1,14.642469224167508
1511173458990,Brightness_1,72.0
1511173458993,Temperature_2,24.49
1511173458995,Humidity_2,15.135748746570798
1511173458997,Brightness_2,75.0
1511173459073,Sound_R,66.80079733254483
1511173460529,Motion_7,False
1511173460529,Motion_5,False
1511173460529,Motion_2,False
1511173460534,Seat_2,False
1511173460534,Motion_1,True
1511173465425,Temperature_1,24.84
1511173465430,Humidity_1,14.642469224167508
1511173465433,Brightness_1,75.0
1511173465435,Temperature_2,24.49
1511173465440,Humidity_2,15.135748746570798
1511173465443,Brightness_2,75.0
1511173468505,Sound_P,75.25847282855663
1511173468508,PodiumIR,190
1511173469073,Sound_R,70.44287500774699
1511173472195,Temperature_1,24.84
1511173472200,Humidity_1,14.642469224167508
1511173472203,Brightness_1,75.0
1511173472205,Temperature_2,24.49
1511173472208,Humidity_2,15.135748746570798
1511173472213,Brightness_2,75.0
1511173474427,Motion_1,False
1511173474427,Motion_7,True
1511173474427,Motion_2,True
1511173474427,Motion_5,True
1511173476453,Motion_6,True
1511173478511,Sound_P,69.60540278108363
1511173478514,PodiumIR,215
1511173478618,Temperature_1,24.84
1511173478624,Humidity_1,14.642469224167508
1511173478626,Brightness_1,75.0
1511173478629,Temperature_2,24.49
1511173478633,Humidity_2,15.135748746570798
1511173478636,Brightness_2,75.0
1511173479073,Sound_R,68.16710415386852
1511173481295,Seat_2,True
1511173485086,Temperature_1,24.84
1511173485090,Humidity_1,14.642469224167508
1511173485093,Brightness_1,75.0
1511173485096,Temperature_2,24.49
1511173485099,Humidity_2,15.135748746570798
1511173485102,Brightness_2,75.0
1511173488516,Sound_P,63.95233273361063
1511173488519,PodiumIR,214
1511173489073,Sound_R,64.67702753905945
1511173491547,Temperature_1,24.84
1511173491550,Humidity_1,14.642469224167508
1511173491554,Brightness_1,75.0
1511173491557,Temperature_2,24.49
1511173491559,Humidity_2,15.135748746570798
1511173491562,Brightness_2,73.0
1511173496849,Seat_2,False
1511173496849,Motion_7,False
1511173496849,Motion_2,False
1511173496849,Motion_5,False
1511173496849,Motion_6,False
1511173498200,Temperature_1,24.84
1511173498203,Humidity_1,14.642469224167508
1511173498207,Brightness_1,75.0
1511173498210,Temperature_2,24.49
1511173498212,Humidity_2,15.135748746570798
1511173498215,Brightness_2,73.0
1511173498522,Sound_P,72.26372429269907
1511173498525,PodiumIR,149
1511173499073,Sound_R,63.41284739956135
1511173504644,Temperature_1,24.84
1511173504648,Humidity_1,14.642469224167508
1511173504652,Brightness_1,75.0
1511173504654,Temperature_2,24.49
1511173504657,Humidity_2,15.135748746570798
1511173504661,Brightness_2,73.0
1511173508533,Sound_P,65.8563679754536
1511173508537,PodiumIR,153
1511173509073,Sound_R,63.04275549862757
1511173511043,Temperature_1,24.84
1511173511047,Humidity_1,14.642469224167508
1511173511051,Brightness_1,75.0
1511173511053,Temperature_2,24.49
1511173511056,Humidity_2,15.135748746570798
1511173511060,Brightness_2,73.0
1511173517759,Temperature_1,24.84
1511173517762,Humidity_1,14.642469224167508
1511173517766,Brightness_1,75.0
1511173517769,Temperature_2,24.49
1511173517771,Humidity_2,15.135748746570798
1511173517774,Brightness_2,73.0
1511173518539,Sound_P,65.24535518573873
1511173518542,PodiumIR,177
1511173519073,Sound_R,63.40580110329061
1511173523722,Motion_5,False
1511173523722,Motion_2,True
1511173524210,Temperature_1,24.84
1511173524213,Humidity_1,14.642469224167508
1511173524219,Brightness_1,75.0
1511173524222,Temperature_2,24.49
1511173524224,Humidity_2,15.135748746570798
1511173524227,Brightness_2,73.0
1511173528545,Sound_P,64.61127993529891
1511173528548,PodiumIR,162
1511173529073,Sound_R,61.860744041519304
1511173530643,Temperature_1,24.84
1511173530646,Humidity_1,14.519149343566673
1511173530650,Brightness_1,70.0
1511173530653,Temperature_2,24.49
1511173530656,Humidity_2,15.135748746570798
1511173530658,Brightness_2,73.0
1511173531706,Motion_5,True
1511173531706,Motion_7,True
1511173536299,Motion_8,True
1511173536299,Motion_2,False
1511173538099,Temperature_1,24.84
1511173538102,Humidity_1,14.519149343566673
1511173538106,Brightness_1,70.0
1511173538109,Temperature_2,24.49
1511173538111,Humidity_2,15.135748746570798
1511173538113,Brightness_2,73.0
1511173538555,Sound_P,72.26372429269907
1511173538559,PodiumIR,173
1511173539073,Sound_R,60.073343016307696
1511173539976,Motion_1,True
1511173544228,Motion_2,True
1511173544228,Motion_5,False
1511173544228,Motion_7,False
1511173544520,Temperature_1,24.84
1511173544523,Humidity_1,14.519149343566673
1511173544527,Brightness_1,70.0
1511173544530,Temperature_2,24.49
1511173544533,Humidity_2,15.135748746570798
1511173544537,Brightness_2,73.0
1511173547670,Motion_5,True
1511173547670,Motion_7,True
1511173548561,Sound_P,64.61127993529891
1511173548564,PodiumIR,178
1511173549073,Sound_R,63.988604902723374
1511173551251,Temperature_1,24.84
1511173551254,Humidity_1,14.519149343566673
1511173551258,Brightness_1,70.0
1511173551261,Temperature_2,24.49
1511173551263,Humidity_2,15.135748746570798
1511173551265,Brightness_2,72.0
1511173557801,Temperature_1,24.84
1511173557805,Humidity_1,14.519149343566673
1511173557809,Brightness_1,70.0
1511173557811,Temperature_2,24.49
1511173557814,Humidity_2,15.135748746570798
1511173557818,Brightness_2,72.0
1511173558567,Sound_P,69.60540278108363
1511173558570,PodiumIR,155
1511173559073,Sound_R,65.41871812754998
1511173560187,Motion_8,False
1511173560192,Motion_1,False
1511173560192,Motion_2,False
1511173560192,Motion_5,True
1511173560192,Motion_7,False
1511173564203,Temperature_1,24.84
1511173564206,Humidity_1,14.519149343566673
1511173564210,Brightness_1,70.0
1511173564213,Temperature_2,24.49
1511173564217,Humidity_2,15.135748746570798
1511173564219,Brightness_2,72.0
1511173565580,Motion_1,True
1511173567100,Motion_4,True
1511173568572,Sound_P,74.91204818426347
1511173568575,PodiumIR,172
1511173569073,Sound_R,66.54965979642344
1511173570618,Temperature_1,24.84
1511173570621,Humidity_1,14.519149343566673
1511173570624,Brightness_1,70.0
1511173570627,Temperature_2,24.49
1511173570629,Humidity_2,15.135748746570798
1511173570632,Brightness_2,72.0
1511173576275,Motion_2,False
1511173576275,Motion_8,True
1511173577048,Temperature_1,24.84
1511173577051,Humidity_1,14.519149343566673
1511173577055,Brightness_1,70.0
1511173577058,Temperature_2,24.49
1511173577060,Humidity_2,15.135748746570798
1511173577064,Brightness_2,72.0
1511173578578,Sound_P,65.8563679754536
1511173578581,PodiumIR,152
1511173579073,Sound_R,70.90708687479976
1511173580688,Motion_1,False
1511173580688,Motion_5,False
1511173580688,Motion_4,False
1511173580688,Motion_2,True
1511173583808,Temperature_1,24.84
1511173583811,Humidity_1,14.519149343566673
1511173583815,Brightness_1,70.0
1511173583817,Temperature_2,24.49
1511173583820,Humidity_2,15.135748746570798
1511173583824,Brightness_2,72.0
1511173586281,Seat_2,True
1511173588584,Sound_P,66.44593723960276
1511173588587,PodiumIR,163
1511173589073,Sound_R,71.29992416079683
1511173590236,Temperature_1,24.84
1511173590239,Humidity_1,14.519149343566673
1511173590243,Brightness_1,69.0
1511173590245,Temperature_2,24.49
1511173590248,Humidity_2,15.135748746570798
1511173590250,Brightness_2,72.0
1511173593599,Motion_8,False
1511173593599,Seat_2,False
1511173593599,Motion_2,True
1511173593605,Motion_1,False
1511173597011,Temperature_1,24.84
1511173597014,Humidity_1,14.519149343566673
1511173597018,Brightness_1,69.0
1511173597021,Temperature_2,24.49
1511173597023,Humidity_2,15.135748746570798
1511173597027,Brightness_2,72.0
1511173598589,Sound_P,68.61682354019833
1511173598593,PodiumIR,165
1511173599073,Sound_R,68.38452037584848
1511173603469,Temperature_1,24.84
1511173603472,Humidity_1,14.519149343566673
1511173603476,Brightness_1,69.0
1511173603479,Temperature_2,24.49
1511173603481,Humidity_2,15.135748746570798
1511173603484,Brightness_2,72.0
1511173608595,Sound_P,78.09150302019039
1511173608601,PodiumIR,176
1511173609073,Sound_R,65.43152000251027
1511173609873,Temperature_1,24.84
1511173609876,Humidity_1,14.519149343566673
1511173609880,Brightness_1,69.0
1511173609883,Temperature_2,24.49
1511173609886,Humidity_2,15.135748746570798
1511173609890,Brightness_2,72.0
1511173616392,Temperature_1,24.84
1511173616395,Humidity_1,14.519149343566673
1511173616399,Brightness_1,69.0
1511173616402,Temperature_2,24.49
1511173616404,Humidity_2,15.135748746570798
1511173616408,Brightness_2,72.0
1511173618603,Sound_P,72.66858725677886
1511173618606,PodiumIR,161
1511173619073,Sound_R,63.994467833928375
1511173619568,Motion_2,False
1511173619568,Motion_7,True
1511173623128,Temperature_1,24.84
1511173623132,Humidity_1,14.519149343566673
1511173623135,Brightness_1,69.0
1511173623138,Temperature_2,24.49
1511173623141,Humidity_2,15.135748746570798
1511173623145,Brightness_2,72.0
1511173628609,Sound_P,63.26648240367583
1511173628612,PodiumIR,179
1511173629073,Sound_R,64.70307517312521
1511173629577,Temperature_1,24.84
1511173629580,Humidity_1,14.519149343566673
1511173629584,Brightness_1,69.0
1511173629587,Temperature_2,24.49
1511173629591,Humidity_2,15.135748746570798
1511173629594,Brightness_2,72.0
1511173636036,Temperature_1,24.84
1511173636039,Humidity_1,14.519149343566673
1511173636043,Brightness_1,69.0
1511173636046,Temperature_2,24.49
1511173636049,Humidity_2,15.135748746570798
1511173636053,Brightness_2,72.0
1511173638258,Motion_7,False
1511173638263,Motion_2,True
1511173638263,Motion_8,True
1511173638615,Sound_P,65.24535518573873
1511173638618,PodiumIR,175
1511173639073,Sound_R,66.52907364815952
1511173642443,Temperature_1,24.84
1511173642446,Humidity_1,14.519149343566673
1511173642450,Brightness_1,69.0
1511173642453,Temperature_2,24.49
1511173642455,Humidity_2,15.135748746570798
1511173642458,Brightness_2,72.0
1511173643256,Motion_1,True
1511173648621,Sound_P,65.8563679754536
1511173648624,PodiumIR,171
1511173648844,Temperature_1,24.84
1511173648848,Humidity_1,14.519149343566673
1511173648851,Brightness_1,69.0
1511173648854,Temperature_2,24.49
1511173648857,Humidity_2,15.135748746570798
1511173648861,Brightness_2,72.0
1511173649073,Sound_R,63.220962456304996
1511173655386,Temperature_1,24.84
1511173655389,Humidity_1,14.642469224167508
1511173655393,Brightness_1,70.0
1511173655396,Temperature_2,24.49
1511173655398,Humidity_2,15.135748746570798
1511173655402,Brightness_2,72.0
1511173658626,Sound_P,78.6610829898935
1511173658629,PodiumIR,169
1511173658689,Motion_2,False
1511173658689,Motion_8,False
1511173658689,Motion_1,False
1511173658689,Motion_7,True
1511173659073,Sound_R,61.21894209249373
1511173661781,Motion_5,True
1511173661833,Temperature_1,24.84
1511173661837,Humidity_1,14.642469224167508
1511173661841,Brightness_1,70.0
1511173661843,Temperature_2,24.49
1511173661845,Humidity_2,15.135748746570798
1511173661850,Brightness_2,72.0
1511173668244,Temperature_1,24.84
1511173668247,Humidity_1,14.642469224167508
1511173668251,Brightness_1,70.0
1511173668254,Temperature_2,24.49
1511173668256,Humidity_2,15.135748746570798
1511173668259,Brightness_2,72.0
1511173668632,Sound_P,71.42349921662418
1511173668635,PodiumIR,166
1511173669073,Sound_R,67.98582698061256
1511173669850,Motion_1,True
1511173674939,Temperature_1,24.84
1511173674942,Humidity_1,14.642469224167508
1511173674946,Brightness_1,70.0
1511173674949,Temperature_2,24.49
1511173674952,Humidity_2,15.135748746570798
1511173674956,Brightness_2,72.0
1511173678638,Sound_P,73.82773649063114
1511173678641,PodiumIR,173
1511173679073,Sound_R,68.64260102203316
1511173681814,Temperature_1,24.84
1511173681817,Humidity_1,14.642469224167508
1511173681821,Brightness_1,70.0
1511173681824,Temperature_2,24.49
1511173681826,Humidity_2,15.135748746570798
1511173681831,Brightness_2,74.0
1511173682767,Motion_7,False
1511173682767,Motion_5,False
1511173682767,Motion_1,True
1511173688175,Motion_8,True
1511173688239,Temperature_1,24.84
1511173688242,Humidity_1,14.642469224167508
1511173688246,Brightness_1,70.0
1511173688249,Temperature_2,24.49
1511173688252,Humidity_2,15.135748746570798
1511173688254,Brightness_2,74.0
1511173688643,Sound_P,63.95233273361063
1511173688647,PodiumIR,176
1511173689073,Sound_R,69.30646157024961
1511173695019,Temperature_1,24.84
1511173695022,Humidity_1,14.642469224167508
1511173695026,Brightness_1,70.0
1511173695029,Temperature_2,24.49
1511173695031,Humidity_2,15.135748746570798
1511173695035,Brightness_2,74.0
1511173698649,Sound_P,67.56641902255494
1511173698652,PodiumIR,168
1511173699073,Sound_R,71.35876079007156
1511173701673,Temperature_1,24.84
1511173701677,Humidity_1,14.642469224167508
1511173701681,Brightness_1,70.0
1511173701683,Temperature_2,24.49
1511173701685,Humidity_2,15.135748746570798
1511173701689,Brightness_2,74.0
1511173708213,Temperature_1,24.84
1511173708217,Humidity_1,14.642469224167508
1511173708221,Brightness_1,70.0
1511173708223,Temperature_2,24.49
1511173708225,Humidity_2,15.135748746570798
1511173708228,Brightness_2,74.0
1511173708655,Sound_P,78.37870659506
1511173708658,PodiumIR,170
1511173709073,Sound_R,68.50243780467108
1511173710072,Motion_1,False
1511173710072,Motion_7,False
1511173710072,Motion_8,False
1511173710072,Motion_2,True
1511173710077,Motion_7,True
1511173714879,Temperature_1,24.84
1511173714882,Humidity_1,14.642469224167508
1511173714886,Brightness_1,70.0
1511173714888,Temperature_2,24.49
1511173714891,Humidity_2,15.135748746570798
1511173714893,Brightness_2,74.0
1511173718660,Sound_P,75.25847282855663
1511173718664,PodiumIR,159
1511173719073,Sound_R,71.67289456003007
1511173721533,Temperature_1,24.84
1511173721536,Humidity_1,14.519149343566673
1511173721540,Brightness_1,70.0
1511173721543,Temperature_2,24.49
1511173721546,Humidity_2,15.135748746570798
1511173721549,Brightness_2,74.0
1511173726035,Motion_2,False
1511173726035,Motion_1,False
1511173726035,Motion_7,False
1511173726035,Motion_8,True
1511173727940,Temperature_1,24.84
1511173727942,Humidity_1,14.519149343566673
1511173727944,Brightness_1,70.0
1511173727947,Temperature_2,24.49
1511173727949,Humidity_2,15.135748746570798
1511173727951,Brightness_2,74.0
1511173728666,Sound_P,64.61127993529891
1511173728669,PodiumIR,156
1511173729073,Sound_R,74.2540681330447
1511173732489,Motion_8,True
1511173734351,Temperature_1,24.84
1511173734354,Humidity_1,14.519149343566673
1511173734357,Brightness_1,70.0
1511173734359,Temperature_2,24.49
1511173734361,Humidity_2,15.135748746570798
1511173734363,Brightness_2,74.0
1511173738672,Sound_P,68.61682354019833
1511173738675,PodiumIR,170
1511173739073,Sound_R,71.6474686362426
1511173740792,Temperature_1,24.84
1511173740795,Humidity_1,14.519149343566673
1511173740799,Brightness_1,70.0
1511173740801,Temperature_2,24.49
1511173740803,Humidity_2,15.135748746570798
1511173740805,Brightness_2,74.0
1511173747236,Temperature_1,24.84
1511173747239,Humidity_1,14.519149343566673
1511173747243,Brightness_1,70.0
1511173747245,Temperature_2,24.49
1511173747247,Humidity_2,15.135748746570798
1511173747251,Brightness_2,74.0
1511173748678,Sound_P,78.9387917919758
1511173748681,PodiumIR,164
1511173749073,Sound_R,70.52878067784216
1511173750373,Motion_2,False
1511173750373,Motion_1,False
1511173750373,Motion_8,False
1511173750373,Motion_3,True
1511173752204,Motion_2,True
1511173754009,Temperature_1,24.84
1511173754012,Humidity_1,14.519149343566673
1511173754015,Brightness_1,70.0
1511173754018,Temperature_2,24.49
1511173754020,Humidity_2,15.135748746570798
1511173754024,Brightness_2,74.0
1511173756201,Motion_7,True
1511173758683,Sound_P,76.57687443958919
1511173758692,PodiumIR,167
1511173759073,Sound_R,70.36523629323028
1511173760429,Temperature_1,24.84
1511173760432,Humidity_1,14.519149343566673
1511173760435,Brightness_1,70.0
1511173760438,Temperature_2,24.49
1511173760440,Humidity_2,15.135748746570798
1511173760442,Brightness_2,74.0
1511173765126,Motion_3,False
1511173765126,Motion_2,True
1511173766829,Temperature_1,24.84
1511173766832,Humidity_1,14.519149343566673
1511173766835,Brightness_1,70.0
1511173766838,Temperature_2,24.49
1511173766840,Humidity_2,15.135748746570798
1511173766842,Brightness_2,74.0
1511173768696,Sound_P,74.91204818426347
1511173768699,PodiumIR,175
1511173769073,Sound_R,69.70836992414839
1511173773554,Temperature_1,24.84
1511173773557,Humidity_1,14.519149343566673
1511173773561,Brightness_1,70.0
1511173773563,Temperature_2,24.49
1511173773565,Humidity_2,15.135748746570798
1511173773568,Brightness_2,74.0
1511173778702,Sound_P,64.61127993529891
1511173778705,PodiumIR,174
1511173779073,Sound_R,68.17712194065825
1511173780014,Temperature_1,24.84
1511173780017,Humidity_1,14.519149343566673
1511173780021,Brightness_1,72.0
1511173780023,Temperature_2,24.49
1511173780025,Humidity_2,15.135748746570798
1511173780027,Brightness_2,74.0
1511173786451,Temperature_1,24.84
1511173786454,Humidity_1,14.519149343566673
1511173786458,Brightness_1,72.0
1511173786460,Temperature_2,24.49
1511173786462,Humidity_2,15.135748746570798
1511173786464,Brightness_2,74.0
1511173788708,Sound_P,65.24535518573873
1511173788711,PodiumIR,170
1511173789073,Sound_R,68.41608042518396
1511173792721,Motion_7,False
1511173792721,Motion_2,False
1511173792721,Motion_6,True
1511173792912,Temperature_1,24.84
1511173792915,Humidity_1,14.519149343566673
1511173792919,Brightness_1,72.0
1511173792921,Temperature_2,24.49
1511173792923,Humidity_2,15.135748746570798
1511173792925,Brightness_2,74.0
1511173796012,Seat_2,True
1511173798713,Sound_P,63.95233273361063
1511173798722,PodiumIR,176
1511173799073,Sound_R,70.74561814952614
1511173800188,Temperature_1,24.84
1511173800191,Humidity_1,14.519149343566673
1511173800195,Brightness_1,72.0
1511173800197,Temperature_2,24.49
1511173800199,Humidity_2,15.135748746570798
1511173800202,Brightness_2,74.0
1511173805282,Motion_1,True
1511173805282,Motion_6,False
1511173806793,Motion_5,True
1511173807039,Temperature_1,24.84
1511173807042,Humidity_1,14.519149343566673
1511173807046,Brightness_1,72.0
1511173807048,Temperature_2,24.49
1511173807050,Humidity_2,15.135748746570798
1511173807052,Brightness_2,75.0
1511173808726,Sound_P,71.42349921662418
1511173808729,PodiumIR,155
1511173809073,Sound_R,72.44865485027482
1511173813495,Temperature_1,24.84
1511173813498,Humidity_1,14.519149343566673
1511173813502,Brightness_1,72.0
1511173813504,Temperature_2,24.49
1511173813507,Humidity_2,15.135748746570798
1511173813511,Brightness_2,75.0
1511173818732,Sound_P,63.95233273361063
1511173818742,PodiumIR,156
1511173819073,Sound_R,72.18697001304548
1511173820218,Temperature_1,24.84
1511173820221,Humidity_1,14.519149343566673
1511173820225,Brightness_1,72.0
1511173820227,Temperature_2,24.49
1511173820230,Humidity_2,15.135748746570798
1511173820233,Brightness_2,75.0
1511173826908,Temperature_1,24.84
1511173826911,Humidity_1,14.519149343566673
1511173826915,Brightness_1,72.0
1511173826918,Temperature_2,24.49
1511173826920,Humidity_2,15.135748746570798
1511173826924,Brightness_2,75.0
1511173827719,Motion_1,False
1511173827719,Motion_5,False
1511173827719,Seat_2,False
1511173827719,Motion_7,True
1511173828752,Sound_P,65.24535518573873
1511173828755,PodiumIR,151
1511173829073,Sound_R,69.2141905216467
1511173831106,Motion_1,True
1511173831106,Motion_2,True
1511173832297,Seat_2,True
1511173833477,Temperature_1,24.84
1511173833480,Humidity_1,14.519149343566673
1511173833484,Brightness_1,72.0
1511173833487,Temperature_2,24.49
1511173833490,Humidity_2,15.135748746570798
1511173833494,Brightness_2,75.0
1511173838758,Sound_P,70.5390318503356
1511173838761,PodiumIR,154
1511173839073,Sound_R,66.91559557306192
1511173839914,Temperature_1,24.84
1511173839918,Humidity_1,14.519149343566673
1511173839921,Brightness_1,72.0
1511173839924,Temperature_2,24.49
1511173839927,Humidity_2,15.135748746570798
1511173839929,Brightness_2,75.0
1511173844453,Motion_5,False
1511173844458,Motion_7,False
1511173844458,Motion_1,False
1511173844458,Motion_2,False
1511173846476,Temperature_1,24.84
1511173846479,Humidity_1,14.519149343566673
1511173846483,Brightness_1,69.0
1511173846486,Temperature_2,24.49
1511173846489,Humidity_2,15.135748746570798
1511173846493,Brightness_2,75.0
1511173847950,Motion_2,True
1511173848764,Sound_P,70.987085069563
1511173848767,PodiumIR,154
1511173849073,Sound_R,68.7433522708072
1511173853222,Temperature_1,24.84
1511173853225,Humidity_1,14.519149343566673
1511173853228,Brightness_1,69.0
1511173853231,Temperature_2,24.49
1511173853233,Humidity_2,15.135748746570798
1511173853237,Brightness_2,75.0
1511173858770,Sound_P,70.0787016850011
1511173858773,PodiumIR,186
1511173859073,Sound_R,72.36571478110004
1511173859673,Temperature_1,24.84
1511173859676,Humidity_1,14.519149343566673
1511173859680,Brightness_1,69.0
1511173859682,Temperature_2,24.49
1511173859685,Humidity_2,15.135748746570798
1511173859689,Brightness_2,75.0
1511173860382,Motion_7,False
1511173860382,Motion_1,True
1511173860382,Motion_2,True
1511173862568,Motion_8,True
1511173867158,Temperature_1,24.84
1511173867161,Humidity_1,14.519149343566673
1511173867165,Brightness_1,69.0
1511173867167,Temperature_2,24.49
1511173867170,Humidity_2,15.135748746570798
1511173867172,Brightness_2,75.0
1511173868775,Sound_P,76.57687443958919
1511173868779,PodiumIR,160
1511173869073,Sound_R,71.9774892019477
1511173871333,Motion_7,True
1511173873289,Motion_1,True
1511173873289,Motion_2,True
1511173873908,Temperature_1,24.84
1511173873911,Humidity_1,14.519149343566673
1511173873915,Brightness_1,69.0
1511173873918,Temperature_2,24.49
1511173873920,Humidity_2,15.135748746570798
1511173873922,Brightness_2,76.0
1511173878781,Sound_P,65.8563679754536
1511173878784,PodiumIR,192
1511173879073,Sound_R,71.38309742959397
1511173880329,Temperature_1,24.84
1511173880332,Humidity_1,14.519149343566673
1511173880339,Brightness_1,69.0
1511173880342,Temperature_2,24.49
1511173880345,Humidity_2,15.135748746570798
1511173880349,Brightness_2,76.0
1511173887127,Temperature_1,24.84
1511173887130,Humidity_1,14.519149343566673
1511173887134,Brightness_1,69.0
1511173887136,Temperature_2,24.49
1511173887139,Humidity_2,15.135748746570798
1511173887141,Brightness_2,76.0
1511173888787,Sound_P,69.11838317407611
1511173888790,PodiumIR,165
1511173889073,Sound_R,72.29734098863676
1511173889247,Motion_8,False
1511173889247,Motion_7,False
1511173889247,Motion_1,False
1511173889247,Motion_2,False
1511173893878,Temperature_1,24.84
1511173893881,Humidity_1,14.519149343566673
1511173893884,Brightness_1,69.0
1511173893887,Temperature_2,24.49
1511173893889,Humidity_2,15.135748746570798
1511173893891,Brightness_2,76.0
1511173898793,Sound_P,70.987085069563
1511173898796,PodiumIR,158
1511173899073,Sound_R,74.73127652493896
1511173900311,Temperature_1,24.84
1511173900314,Humidity_1,14.519149343566673
1511173900318,Brightness_1,69.0
1511173900321,Temperature_2,24.49
1511173900325,Humidity_2,15.135748746570798
1511173900327,Brightness_2,76.0
1511173907609,Temperature_1,24.84
1511173907613,Humidity_1,14.519149343566673
1511173907617,Brightness_1,74.0
1511173907619,Temperature_2,24.49
1511173907622,Humidity_2,15.135748746570798
1511173907625,Brightness_2,76.0
1511173908799,Sound_P,73.82773649063114
1511173908802,PodiumIR,164
1511173909073,Sound_R,74.18205778988452
1511173914214,Temperature_1,24.84
1511173914217,Humidity_1,14.519149343566673
1511173914221,Brightness_1,74.0
1511173914223,Temperature_2,24.49
1511173914226,Humidity_2,15.135748746570798
1511173914228,Brightness_2,76.0
1511173918804,Sound_P,72.26372429269907
1511173918807,PodiumIR,166
1511173919073,Sound_R,71.17767598986275
1511173920924,Temperature_1,24.84
1511173920930,Humidity_1,14.519149343566673
1511173920933,Brightness_1,74.0
1511173920935,Temperature_2,24.49
1511173920938,Humidity_2,15.135748746570798
1511173920940,Brightness_2,76.0
1511173927365,Temperature_1,24.84
1511173927371,Humidity_1,14.519149343566673
1511173927374,Brightness_1,74.0
1511173927376,Temperature_2,24.49
1511173927383,Humidity_2,15.135748746570798
1511173927385,Brightness_2,76.0
1511173928810,Sound_P,76.57687443958919
1511173928813,PodiumIR,259
1511173929073,Sound_R,69.95966501726076
1511173933953,Temperature_1,24.84
1511173933960,Humidity_1,14.519149343566673
1511173933962,Brightness_1,74.0
1511173933964,Temperature_2,24.49
1511173933970,Humidity_2,15.135748746570798
1511173933972,Brightness_2,72.0
1511173936162,Motion_1,False
1511173936162,Seat_2,False
1511173938824,Sound_P,72.66858725677886
1511173938827,PodiumIR,244
1511173939073,Sound_R,70.81326384170656
1511173940374,Temperature_1,24.84
1511173940380,Humidity_1,14.519149343566673
1511173940382,Brightness_1,74.0
1511173940384,Temperature_2,24.49
1511173940390,Humidity_2,15.135748746570798
1511173940393,Brightness_2,72.0
1511173941845,Motion_6,True
1511173941845,Motion_5,True
1511173941845,Seat_2,True
1511173944177,Motion_7,True
1511173947134,Temperature_1,24.84
1511173947140,Humidity_1,14.519149343566673
1511173947142,Brightness_1,74.0
1511173947145,Temperature_2,24.49
1511173947149,Humidity_2,15.135748746570798
1511173947151,Brightness_2,72.0
1511173948830,Sound_P,64.61127993529891
1511173948833,PodiumIR,246
1511173949073,Sound_R,69.5688051427461
1511173953882,Temperature_1,24.84
1511173953885,Humidity_1,14.519149343566673
1511173953898,Brightness_1,74.0
1511173953900,Temperature_2,24.49
1511173953903,Humidity_2,15.135748746570798
1511173953906,Brightness_2,72.0
1511173954297,Motion_1,False
1511173954297,Motion_4,True
1511173954297,Motion_6,False
1511173954297,Motion_5,False
1511173958835,Sound_P,74.91204818426347
1511173958838,PodiumIR,238
1511173959073,Sound_R,68.46141381635637
1511173960309,Temperature_1,24.84
1511173960312,Humidity_1,14.519149343566673
1511173960316,Brightness_1,74.0
1511173960319,Temperature_2,24.49
1511173960322,Humidity_2,15.135748746570798
1511173960326,Brightness_2,72.0
1511173966914,Motion_7,False
1511173966914,Seat_2,False
1511173966914,Motion_4,False
1511173966997,Temperature_1,24.84
1511173967000,Humidity_1,14.519149343566673
1511173967002,Brightness_1,74.0
1511173967003,Temperature_2,24.49
1511173967007,Humidity_2,15.135748746570798
1511173967010,Brightness_2,72.0
1511173968841,Sound_P,73.06392314376754
1511173968844,PodiumIR,216
1511173969073,Sound_R,73.22196047020857
1511173973446,Temperature_1,24.84
1511173973449,Humidity_1,14.519149343566673
1511173973453,Brightness_1,72.0
1511173973455,Temperature_2,24.49
1511173973457,Humidity_2,15.135748746570798
1511173973460,Brightness_2,72.0
1511173978846,Sound_P,74.19700410241327
1511173978854,PodiumIR,242
1511173979073,Sound_R,71.76781905442157
1511173979995,Temperature_1,24.84
1511173979998,Humidity_1,14.519149343566673
1511173980002,Brightness_1,72.0
1511173980004,Temperature_2,24.49
1511173980007,Humidity_2,15.135748746570798
1511173980011,Brightness_2,72.0
1511173984423,Motion_7,False
1511173984423,Motion_2,True
1511173986134,Motion_5,True
1511173986569,Temperature_1,24.84
1511173986572,Humidity_1,14.519149343566673
1511173986576,Brightness_1,72.0
1511173986579,Temperature_2,24.49
1511173986582,Humidity_2,15.135748746570798
1511173986586,Brightness_2,72.0
1511173988857,Sound_P,71.84886370856825
1511173988860,PodiumIR,215
1511173989073,Sound_R,71.89865152615698
1511173993278,Seat_9,True
1511173993316,Temperature_1,24.84
1511173993320,Humidity_1,14.519149343566673
1511173993324,Brightness_1,72.0
1511173993326,Temperature_2,24.49
1511173993329,Humidity_2,15.135748746570798
1511173993333,Brightness_2,72.0
1511173996529,Motion_7,True
1511173996529,Motion_2,False
1511173998863,Sound_P,71.84886370856825
1511173998866,PodiumIR,202
1511173999073,Sound_R,75.5847655063053
1511173999763,Temperature_1,24.84
1511173999766,Humidity_1,14.519149343566673
1511173999770,Brightness_1,72.0
1511173999773,Temperature_2,24.49
1511173999775,Humidity_2,15.135748746570798
1511173999779,Brightness_2,72.0
1511174004154,Motion_5,False
1511174004154,Motion_1,True
1511174006205,Temperature_1,24.84
1511174006208,Humidity_1,14.519149343566673
1511174006212,Brightness_1,72.0
1511174006215,Temperature_2,24.49
1511174006218,Humidity_2,15.135748746570798
1511174006222,Brightness_2,72.0
1511174008877,Sound_P,68.61682354019833
1511174008880,PodiumIR,202
1511174009073,Sound_R,72.75916312694687
1511174009456,Motion_7,True
1511174012705,Temperature_1,24.84
1511174012709,Humidity_1,14.519149343566673
1511174012713,Brightness_1,72.0
1511174012715,Temperature_2,24.49
1511174012718,Humidity_2,15.135748746570798
1511174012721,Brightness_2,72.0
1511174018882,Sound_P,68.61682354019833
1511174018886,PodiumIR,195
1511174019073,Sound_R,71.74021548016167
1511174019425,Temperature_1,24.84
1511174019429,Humidity_1,14.519149343566673
1511174019433,Brightness_1,72.0
1511174019435,Temperature_2,24.49
1511174019438,Humidity_2,15.135748746570798
1511174019442,Brightness_2,72.0
1511174022358,Motion_1,False
1511174022358,Motion_5,True
1511174026204,Temperature_1,24.84
1511174026208,Humidity_1,14.519149343566673
1511174026215,Brightness_1,72.0
1511174026218,Temperature_2,24.49
1511174026221,Humidity_2,15.135748746570798
1511174026225,Brightness_2,72.0
1511174028888,Sound_P,75.25847282855663
1511174028891,PodiumIR,209
1511174029073,Sound_R,69.53546320450636
1511174030037,Motion_7,False
1511174030037,Motion_2,True
1511174033255,Temperature_1,24.84
1511174033258,Humidity_1,14.519149343566673
1511174033262,Brightness_1,72.0
1511174033265,Temperature_2,24.49
1511174033267,Humidity_2,15.135748746570798
1511174033271,Brightness_2,72.0
1511174035265,Motion_5,True
1511174035265,Motion_3,True
1511174037341,Seat_2,True
1511174038802,Motion_6,True
1511174038894,Sound_P,67.01551720930587
1511174038897,PodiumIR,216
1511174039073,Sound_R,69.22037340070679
1511174040005,Temperature_1,24.84
1511174040008,Humidity_1,14.642469224167508
1511174040012,Brightness_1,72.0
1511174040014,Temperature_2,24.49
1511174040017,Humidity_2,15.135748746570798
1511174040021,Brightness_2,72.0
1511174046470,Temperature_1,24.84
1511174046474,Humidity_1,14.642469224167508
1511174046478,Brightness_1,72.0
1511174046480,Temperature_2,24.49
1511174046483,Humidity_2,15.135748746570798
1511174046485,Brightness_2,72.0
1511174047247,Seat_2,False
1511174047247,Motion_2,False
1511174047247,Motion_7,True
1511174047247,Motion_5,False
1511174048797,Motion_3,True
1511174048900,Sound_P,67.56641902255494
1511174048903,PodiumIR,214
1511174049073,Sound_R,68.54957688668249
1511174052916,Temperature_1,24.84
1511174052919,Humidity_1,14.642469224167508
1511174052923,Brightness_1,72.0
1511174052926,Temperature_2,24.49
1511174052928,Humidity_2,15.135748746570798
1511174052931,Brightness_2,72.0
1511174053205,Motion_6,False
1511174053205,Motion_1,True
1511174058906,Sound_P,63.26648240367583
1511174058909,PodiumIR,172
1511174059073,Sound_R,66.81468842169677
1511174059473,Temperature_1,24.84
1511174059476,Humidity_1,14.642469224167508
1511174059480,Brightness_1,72.0
1511174059482,Temperature_2,24.49
1511174059485,Humidity_2,15.135748746570798
1511174059487,Brightness_2,76.0
1511174066102,Motion_6,False
1511174066102,Motion_7,False
1511174066102,Motion_3,False
1511174066102,Motion_1,True
1511174066216,Temperature_1,24.84
1511174066219,Humidity_1,14.642469224167508
1511174066223,Brightness_1,72.0
1511174066225,Temperature_2,24.49
1511174066228,Humidity_2,15.135748746570798
1511174066232,Brightness_2,76.0
1511174067968,Motion_5,True
1511174068911,Sound_P,77.50193375604124
1511174068914,PodiumIR,173
1511174069073,Sound_R,70.94668225563241
1511174072869,Temperature_1,24.84
1511174072872,Humidity_1,14.642469224167508
1511174072876,Brightness_1,72.0
1511174072879,Temperature_2,24.49
1511174072881,Humidity_2,15.135748746570798
1511174072884,Brightness_2,76.0
1511174076427,Motion_2,True
1511174078925,Sound_P,72.26372429269907
1511174078928,PodiumIR,171
1511174079013,Motion_1,True
1511174079013,Motion_6,False
1511174079073,Sound_R,74.45202488670094
1511174079641,Temperature_1,24.84
1511174079644,Humidity_1,14.642469224167508
1511174079648,Brightness_1,72.0
1511174079650,Temperature_2,24.49
1511174079653,Humidity_2,15.135748746570798
1511174079656,Brightness_2,76.0
1511174086079,Temperature_1,24.84
1511174086082,Humidity_1,14.642469224167508
1511174086086,Brightness_1,72.0
1511174086089,Temperature_2,24.49
1511174086091,Humidity_2,15.135748746570798
1511174086094,Brightness_2,76.0
1511174088931,Sound_P,66.44593723960276
1511174088934,PodiumIR,166
1511174089073,Sound_R,72.51819842985488
1511174090375,Motion_5,False
1511174090375,Motion_2,False
1511174090375,Motion_4,True
1511174092544,Temperature_1,24.84
1511174092547,Humidity_1,14.642469224167508
1511174092552,Brightness_1,72.0
1511174092554,Temperature_2,24.49
1511174092556,Humidity_2,15.135748746570798
1511174092559,Brightness_2,76.0
1511174098937,Sound_P,65.8563679754536
1511174098940,PodiumIR,169
1511174098969,Temperature_1,24.84
1511174098973,Humidity_1,14.642469224167508
1511174098977,Brightness_1,69.0
1511174098979,Temperature_2,24.49
1511174098981,Humidity_2,15.135748746570798
1511174098984,Brightness_2,76.0
1511174099073,Sound_R,66.30598547824647
1511174105638,Temperature_1,24.84
1511174105642,Humidity_1,14.642469224167508
1511174105645,Brightness_1,69.0
1511174105648,Temperature_2,24.49
1511174105651,Humidity_2,15.135748746570798
1511174105658,Brightness_2,76.0
1511174108942,Sound_P,67.01551720930587
1511174108945,PodiumIR,165
1511174109073,Sound_R,60.51319174917912
1511174112061,Motion_1,False
1511174112061,Motion_5,False
1511174112061,Motion_4,False
1511174112061,Motion_2,True
1511174112262,Temperature_1,24.84
1511174112265,Humidity_1,14.642469224167508
1511174112269,Brightness_1,69.0
1511174112272,Temperature_2,24.49
1511174112274,Humidity_2,15.135748746570798
1511174112277,Brightness_2,76.0
1511174114132,Motion_7,True
1511174118749,Temperature_1,24.84
1511174118752,Humidity_1,14.642469224167508
1511174118756,Brightness_1,69.0
1511174118759,Temperature_2,24.49
1511174118762,Humidity_2,15.135748746570798
1511174118765,Brightness_2,76.0
1511174118948,Sound_P,64.61127993529891
1511174118951,PodiumIR,176
1511174119073,Sound_R,58.890629191392996
1511174125168,Temperature_1,24.84
1511174125171,Humidity_1,14.642469224167508
1511174125175,Brightness_1,69.0
1511174125178,Temperature_2,24.49
1511174125180,Humidity_2,15.135748746570798
1511174125186,Brightness_2,72.0
1511174128953,Sound_P,72.26372429269907
1511174128963,PodiumIR,158
1511174129073,Sound_R,61.71949667539079
1511174131867,Temperature_1,24.84
1511174131870,Humidity_1,14.642469224167508
1511174131874,Brightness_1,69.0
1511174131877,Temperature_2,24.49
1511174131879,Humidity_2,15.135748746570798
1511174131883,Brightness_2,72.0
1511174138321,Temperature_1,24.84
1511174138324,Humidity_1,14.642469224167508
1511174138328,Brightness_1,69.0
1511174138331,Temperature_2,24.49
1511174138333,Humidity_2,15.135748746570798
1511174138335,Brightness_2,72.0
1511174138967,Sound_P,65.8563679754536
1511174138970,PodiumIR,161
1511174139073,Sound_R,64.10384452134316
1511174139141,Motion_2,False
1511174139141,Motion_7,False
1511174139141,Motion_5,True
1511174144754,Temperature_1,24.84
1511174144758,Humidity_1,14.642469224167508
1511174144763,Brightness_1,69.0
1511174144765,Temperature_2,24.49
1511174144769,Humidity_2,15.135748746570798
1511174144772,Brightness_2,72.0
1511174148973,Sound_P,67.01551720930587
1511174148976,PodiumIR,176
1511174149073,Sound_R,63.664055646352686
1511174151463,Temperature_1,24.84
1511174151467,Humidity_1,14.642469224167508
1511174151471,Brightness_1,69.0
1511174151473,Temperature_2,24.49
1511174151476,Humidity_2,15.135748746570798
1511174151480,Brightness_2,72.0
1511174155084,Motion_5,False
1511174155084,Motion_7,True
1511174158186,Temperature_1,24.84
1511174158190,Humidity_1,14.642469224167508
1511174158194,Brightness_1,69.0
1511174158196,Temperature_2,24.49
1511174158200,Humidity_2,15.135748746570798
1511174158203,Brightness_2,72.0
1511174158978,Sound_P,64.61127993529891
1511174158982,PodiumIR,177
1511174159073,Sound_R,62.47029902293216
1511174164169,Motion_2,True
1511174164632,Temperature_1,24.84
1511174164636,Humidity_1,14.519149343566673
1511174164640,Brightness_1,74.0
1511174164642,Temperature_2,24.49
1511174164644,Humidity_2,15.135748746570798
1511174164647,Brightness_2,72.0
1511174167216,Seat_2,True
1511174167216,Motion_5,True
1511174168984,Sound_P,63.26648240367583
1511174168988,PodiumIR,180
1511174169073,Sound_R,63.1171549352488
1511174171073,Temperature_1,24.84
1511174171076,Humidity_1,14.519149343566673
1511174171080,Brightness_1,74.0
1511174171082,Temperature_2,24.49
1511174171085,Humidity_2,15.135748746570798
1511174171089,Brightness_2,72.0
1511174173054,Motion_7,False
1511174173054,Motion_4,True
1511174177535,Temperature_1,24.84
1511174177539,Humidity_1,14.519149343566673
1511174177542,Brightness_1,74.0
1511174177545,Temperature_2,24.49
1511174177548,Humidity_2,15.135748746570798
1511174177552,Brightness_2,72.0
1511174178990,Sound_P,70.987085069563
1511174178993,PodiumIR,177
1511174179073,Sound_R,61.033109900073015
1511174184209,Temperature_1,24.84
1511174184212,Humidity_1,14.519149343566673
1511174184216,Brightness_1,74.0
1511174184220,Temperature_2,24.49
1511174184225,Humidity_2,15.135748746570798
1511174184228,Brightness_2,72.0
1511174188996,Sound_P,68.61682354019833
1511174188997,Motion_2,False
1511174188997,Motion_5,False
1511174188997,Motion_4,False
1511174188997,Motion_7,True
1511174188999,PodiumIR,174
1511174189073,Sound_R,61.53247868834594
1511174190739,Temperature_1,24.84
1511174190742,Humidity_1,14.519149343566673
1511174190743,Brightness_1,74.0
1511174190744,Temperature_2,24.49
1511174190746,Humidity_2,15.135748746570798
1511174190750,Brightness_2,70.0
1511174197398,Temperature_1,24.84
1511174197401,Humidity_1,14.519149343566673
1511174197405,Brightness_1,74.0
1511174197407,Temperature_2,24.49
1511174197409,Humidity_2,15.135748746570798
1511174197412,Brightness_2,70.0
1511174199005,Sound_P,70.5390318503356
1511174199008,PodiumIR,176
1511174199073,Sound_R,68.62732822852192
1511174201084,Motion_1,True
1511174201084,Motion_2,True
1511174201084,Motion_4,False
1511174202955,Motion_7,False
1511174202955,Motion_8,True
1511174203797,Temperature_1,24.84
1511174203801,Humidity_1,14.519149343566673
1511174203804,Brightness_1,74.0
1511174203807,Temperature_2,24.49
1511174203809,Humidity_2,15.135748746570798
1511174203812,Brightness_2,70.0
1511174208578,Motion_7,True
1511174208578,Motion_6,True
1511174209013,Sound_P,69.11838317407611
1511174209021,PodiumIR,173
1511174209075,Sound_R,73.13590887731732
1511174210227,Temperature_1,24.84
1511174210231,Humidity_1,14.519149343566673
1511174210233,Brightness_1,74.0
1511174210235,Temperature_2,24.49
1511174210238,Humidity_2,15.135748746570798
1511174210240,Brightness_2,70.0
1511174215851,Motion_1,False
1511174215851,Motion_2,False
1511174215851,Motion_5,True
1511174216948,Temperature_1,24.84
1511174216951,Humidity_1,14.519149343566673
1511174216956,Brightness_1,74.0
1511174216959,Temperature_2,24.49
1511174216962,Humidity_2,15.135748746570798
1511174216964,Brightness_2,70.0
1511174219026,Sound_P,69.60540278108363
1511174219029,PodiumIR,177
1511174219073,Sound_R,72.17257385287981
1511174219143,Motion_8,False
1511174219143,Motion_4,True
1511174221645,Motion_8,True
1511174221645,Motion_6,False
1511174223809,Temperature_1,24.84
1511174223815,Humidity_1,14.519149343566673
1511174223818,Brightness_1,74.0
1511174223820,Temperature_2,24.49
1511174223823,Humidity_2,15.135748746570798
1511174223827,Brightness_2,70.0
1511174225447,Motion_7,False
1511174225447,Motion_1,True
1511174225447,Motion_6,True
1511174229032,Sound_P,63.95233273361063
1511174229035,PodiumIR,180
1511174229073,Sound_R,70.84141445962871
1511174230251,Temperature_1,24.84
1511174230254,Humidity_1,14.519149343566673
1511174230259,Brightness_1,70.0
1511174230261,Temperature_2,24.49
1511174230263,Humidity_2,15.135748746570798
1511174230267,Brightness_2,70.0
1511174236726,Temperature_1,24.84
1511174236729,Humidity_1,14.519149343566673
1511174236733,Brightness_1,70.0
1511174236735,Temperature_2,24.49
1511174236738,Humidity_2,15.135748746570798
1511174236740,Brightness_2,70.0
1511174238313,Motion_5,False
1511174238313,Motion_4,False
1511174238313,Motion_8,False
1511174238313,Motion_6,False
1511174239044,Sound_P,65.8563679754536
1511174239047,PodiumIR,174
1511174239073,Sound_R,67.6824782404659
1511174243162,Temperature_1,24.84
1511174243166,Humidity_1,14.519149343566673
1511174243170,Brightness_1,70.0
1511174243172,Temperature_2,24.49
1511174243175,Humidity_2,15.135748746570798
1511174243180,Brightness_2,70.0
1511174243346,Motion_1,False
1511174249056,Sound_P,70.5390318503356
1511174249060,PodiumIR,177
1511174249073,Sound_R,65.62875662991058
1511174249825,Temperature_1,24.84
1511174249831,Humidity_1,14.519149343566673
1511174249834,Brightness_1,70.0
1511174249836,Temperature_2,24.49
1511174249841,Humidity_2,15.135748746570798
1511174249844,Brightness_2,72.0
1511174251215,Motion_5,True
1511174256253,Motion_1,True
1511174256284,Temperature_1,24.84
1511174256290,Humidity_1,14.519149343566673
1511174256293,Brightness_1,70.0
1511174256295,Temperature_2,24.49
1511174256300,Humidity_2,15.135748746570798
1511174256303,Brightness_2,72.0
1511174258764,Motion_2,True
1511174259067,Sound_P,73.45017003946069
1511174259070,PodiumIR,172
1511174259073,Sound_R,69.36971715230159
1511174263040,Temperature_1,24.84
1511174263046,Humidity_1,14.519149343566673
1511174263048,Brightness_1,70.0
1511174263050,Temperature_2,24.49
1511174263053,Humidity_2,15.135748746570798
1511174263056,Brightness_2,72.0
1511174269073,Sound_R,71.63997763971828
1511174269081,Sound_P,72.66858725677886
1511174269084,PodiumIR,174
1511174269582,Temperature_1,24.84
1511174269588,Humidity_1,14.519149343566673
1511174269590,Brightness_1,70.0
1511174269593,Temperature_2,24.49
1511174269598,Humidity_2,15.135748746570798
1511174269601,Brightness_2,72.0
1511174272217,Motion_5,False
1511174272217,Motion_1,False
1511174272217,Motion_2,False
1511174276222,Temperature_1,24.84
1511174276228,Humidity_1,14.519149343566673
1511174276231,Brightness_1,70.0
1511174276233,Temperature_2,24.49
1511174276236,Humidity_2,15.135748746570798
1511174276239,Brightness_2,72.0
1511174278555,Motion_3,True
1511174279073,Sound_R,70.31398303478083
1511174279094,Sound_P,70.987085069563
1511174279098,PodiumIR,171
1511174282997,Temperature_1,24.84
1511174283001,Humidity_1,14.519149343566673
1511174283004,Brightness_1,70.0
1511174283007,Temperature_2,24.49
1511174283010,Humidity_2,15.135748746570798
1511174283013,Brightness_2,72.0
1511174285118,Motion_1,True
1511174289073,Sound_R,71.79657323716411
1511174289100,Sound_P,68.61682354019833
1511174289103,PodiumIR,205
1511174289551,Temperature_1,24.84
1511174289554,Humidity_1,14.642469224167508
1511174289557,Brightness_1,74.0
1511174289559,Temperature_2,24.49
1511174289561,Humidity_2,15.135748746570798
1511174289563,Brightness_2,72.0
1511174295039,Motion_3,False
1511174296002,Temperature_1,24.84
1511174296004,Humidity_1,14.642469224167508
1511174296008,Brightness_1,74.0
1511174296010,Temperature_2,24.49
1511174296012,Humidity_2,15.135748746570798
1511174296015,Brightness_2,72.0
1511174296489,Motion_6,True
1511174296489,Motion_5,True
1511174296494,Motion_7,True
1511174299073,Sound_R,73.79493633084049
1511174299107,Sound_P,78.9387917919758
1511174299110,PodiumIR,209
1511174300277,Motion_1,False
1511174300277,Motion_2,True
1511174302407,Temperature_1,24.84
1511174302413,Humidity_1,14.642469224167508
1511174302415,Brightness_1,74.0
1511174302418,Temperature_2,24.49
1511174302423,Humidity_2,15.135748746570798
1511174302426,Brightness_2,72.0
1511174308803,Temperature_1,24.84
1511174308809,Humidity_1,14.642469224167508
1511174308812,Brightness_1,74.0
1511174308814,Temperature_2,24.49
1511174308816,Humidity_2,15.135748746570798
1511174308818,Brightness_2,72.0
1511174309073,Sound_R,72.97002903531985
1511174309117,Sound_P,72.66858725677886
1511174309120,PodiumIR,221
1511174311007,Motion_3,False
1511174311007,Motion_6,False
1511174311007,Motion_5,False
1511174311007,Motion_7,False
1511174311007,Seat_2,False
1511174312408,Motion_1,True
1511174312408,Motion_6,False
1511174312408,Motion_2,True
1511174315267,Temperature_1,24.84
1511174315273,Humidity_1,14.642469224167508
1511174315276,Brightness_1,74.0
1511174315278,Temperature_2,24.49
1511174315280,Humidity_2,15.135748746570798
1511174315282,Brightness_2,70.0
1511174319073,Sound_R,70.06760907376835
1511174319122,Sound_P,76.57687443958919
1511174319125,PodiumIR,213
1511174321682,Temperature_1,24.84
1511174321688,Humidity_1,14.642469224167508
1511174321691,Brightness_1,74.0
1511174321693,Temperature_2,24.49
1511174321696,Humidity_2,15.135748746570798
1511174321698,Brightness_2,70.0
1511174328210,Temperature_1,24.84
1511174328216,Humidity_1,14.642469224167508
1511174328221,Brightness_1,74.0
1511174328225,Temperature_2,24.49
1511174328228,Humidity_2,15.135748746570798
1511174328231,Brightness_2,70.0
1511174329073,Sound_R,67.78468196413745
1511174329133,Sound_P,78.37870659506
1511174329137,PodiumIR,212
1511174329147,Motion_3,False
1511174329147,Motion_1,False
1511174329147,Motion_2,False
1511174334530,Motion_5,True
1511174334919,Temperature_1,24.84
1511174334922,Humidity_1,14.642469224167508
1511174334925,Brightness_1,74.0
1511174334928,Temperature_2,24.49
1511174334929,Humidity_2,15.135748746570798
1511174334932,Brightness_2,70.0
1511174339073,Sound_R,71.05116598912865
1511174339139,Sound_P,77.19920484509075
1511174339142,PodiumIR,214
1511174339838,Motion_7,True
1511174341576,Temperature_1,24.84
1511174341579,Humidity_1,14.642469224167508
1511174341583,Brightness_1,74.0
1511174341585,Temperature_2,24.49
1511174341587,Humidity_2,15.135748746570798
1511174341589,Brightness_2,70.0
1511174345831,Motion_3,False
1511174345831,Motion_2,True
1511174348318,Temperature_1,24.84
1511174348321,Humidity_1,14.642469224167508
1511174348325,Brightness_1,74.0
1511174348327,Temperature_2,24.49
1511174348329,Humidity_2,15.135748746570798
1511174348331,Brightness_2,70.0
1511174349073,Sound_R,73.14615585251971
1511174349145,Sound_P,73.45017003946069
1511174349148,PodiumIR,211
1511174350193,Motion_5,False
1511174350193,Motion_1,True
1511174350193,Motion_3,True
1511174350193,Motion_8,True
1511174351984,Seat_2,True
1511174351984,Motion_7,False
1511174354790,Temperature_1,24.96
1511174354793,Humidity_1,14.642469224167508
1511174354797,Brightness_1,69.0
1511174354799,Temperature_2,24.49
1511174354801,Humidity_2,15.135748746570798
1511174354805,Brightness_2,70.0
1511174355811,Motion_7,True
1511174359073,Sound_R,70.48473394565387
1511174359151,Sound_P,68.0998289029382
1511174359154,PodiumIR,212
1511174361236,Temperature_1,24.96
1511174361239,Humidity_1,14.642469224167508
1511174361243,Brightness_1,69.0
1511174361244,Temperature_2,24.49
1511174361246,Humidity_2,15.135748746570798
1511174361249,Brightness_2,70.0
1511174363740,Seat_2,False
1511174363740,Motion_2,False
1511174363740,Motion_3,False
1511174363740,Motion_1,True
1511174363740,Motion_8,False
1511174366342,Motion_2,True
1511174367692,Temperature_1,24.96
1511174367695,Humidity_1,14.642469224167508
1511174367698,Brightness_1,69.0
1511174367700,Temperature_2,24.49
1511174367702,Humidity_2,15.135748746570798
1511174367705,Brightness_2,70.0
1511174369073,Sound_R,63.010205925595535
1511174369157,Sound_P,63.95233273361063
1511174369160,PodiumIR,179
1511174369634,Motion_7,False
1511174369634,Motion_5,True
1511174369634,Motion_4,True
1511174374218,Temperature_1,24.96
1511174374221,Humidity_1,14.642469224167508
1511174374226,Brightness_1,69.0
1511174374229,Temperature_2,24.49
1511174374231,Humidity_2,15.135748746570798
1511174374233,Brightness_2,70.0
1511174379073,Sound_R,59.00831972088991
1511174379162,Sound_P,66.44593723960276
1511174379165,PodiumIR,166
1511174379699,Motion_1,False
1511174379699,Motion_2,False
1511174380618,Temperature_1,24.96
1511174380621,Humidity_1,14.642469224167508
1511174380625,Brightness_1,69.0
1511174380627,Temperature_2,24.49
1511174380629,Humidity_2,15.135748746570798
1511174380633,Brightness_2,74.0
1511174382280,Motion_6,True
1511174382280,Motion_5,False
1511174382280,Motion_4,False
1511174387293,Temperature_1,24.96
1511174387295,Humidity_1,14.642469224167508
1511174387299,Brightness_1,69.0
1511174387302,Temperature_2,24.49
1511174387304,Humidity_2,15.135748746570798
1511174387308,Brightness_2,74.0
1511174389073,Sound_R,61.526262868708876
1511174389169,Sound_P,65.8563679754536
1511174389172,PodiumIR,159
1511174394037,Temperature_1,24.96
1511174394040,Humidity_1,14.642469224167508
1511174394043,Brightness_1,69.0
1511174394045,Temperature_2,24.49
1511174394047,Humidity_2,15.135748746570798
1511174394050,Brightness_2,74.0
1511174394847,Motion_1,False
1511174394847,Motion_2,True
1511174394847,Motion_6,False
1511174396003,Motion_1,True
1511174399073,Sound_R,63.50128710234245
1511174399175,Sound_P,70.0787016850011
1511174399188,PodiumIR,161
1511174400454,Temperature_1,24.96
1511174400457,Humidity_1,14.642469224167508
1511174400460,Brightness_1,69.0
1511174400462,Temperature_2,24.49
1511174400464,Humidity_2,15.135748746570798
1511174400467,Brightness_2,74.0
1511174404697,Motion_4,True
1511174407219,Temperature_1,24.96
1511174407222,Humidity_1,14.642469224167508
1511174407225,Brightness_1,69.0
1511174407227,Temperature_2,24.49
1511174407229,Humidity_2,15.135748746570798
1511174407232,Brightness_2,74.0
1511174407234,Motion_6,True
1511174407234,Motion_2,True
1511174408634,Motion_7,True
1511174408634,Motion_1,True
1511174409073,Sound_R,62.77216705349306
1511174409191,Sound_P,74.19700410241327
1511174409194,PodiumIR,161
1511174410170,Motion_8,True
1511174410170,Motion_3,True
1511174413662,Temperature_1,24.96
1511174413665,Humidity_1,14.642469224167508
1511174413669,Brightness_1,69.0
1511174413671,Temperature_2,24.49
1511174413674,Humidity_2,15.135748746570798
1511174413678,Brightness_2,74.0
1511174417599,Seat_10,True
1511174417599,Motion_5,True
1511174417599,Motion_4,True
1511174419073,Sound_R,63.31874904147722
1511174419196,Sound_P,74.91204818426347
1511174419206,PodiumIR,143
1511174420213,Temperature_1,24.84
1511174420217,Humidity_1,14.642469224167508
1511174420222,Brightness_1,70.0
1511174420225,Temperature_2,24.49
1511174420228,Humidity_2,15.135748746570798
1511174420230,Brightness_2,74.0
1511174426682,Temperature_1,24.84
1511174426685,Humidity_1,14.642469224167508
1511174426689,Brightness_1,70.0
1511174426691,Temperature_2,24.49
1511174426694,Humidity_2,15.135748746570798
1511174426696,Brightness_2,74.0
1511174429073,Sound_R,65.11104086991446
1511174429209,Sound_P,64.61127993529891
1511174429212,PodiumIR,97
1511174433167,Temperature_1,24.84
1511174433170,Humidity_1,14.642469224167508
1511174433174,Brightness_1,70.0
1511174433177,Temperature_2,24.49
1511174433179,Humidity_2,15.135748746570798
1511174433182,Brightness_2,74.0
1511174437680,Motion_6,False
1511174437680,Motion_2,False
1511174437680,Motion_7,False
1511174437680,Motion_1,False
1511174437680,Motion_8,False
1511174437685,Motion_3,False
1511174437685,Motion_5,False
1511174437685,Motion_4,False
1511174437685,Motion_1,True
1511174437685,Motion_2,True
1511174439073,Sound_R,62.575103943082674
1511174439215,Sound_P,64.61127993529891
1511174439218,PodiumIR,103
1511174439426,Motion_3,True
1511174439565,Temperature_1,24.84
1511174439568,Humidity_1,14.642469224167508
1511174439572,Brightness_1,70.0
1511174439575,Temperature_2,24.49
1511174439578,Humidity_2,15.135748746570798
1511174439582,Brightness_2,74.0
1511174446024,Temperature_1,24.84
1511174446028,Humidity_1,14.642469224167508
1511174446032,Brightness_1,70.0
1511174446034,Temperature_2,24.49
1511174446037,Humidity_2,15.135748746570798
1511174446040,Brightness_2,74.0
1511174449073,Sound_R,59.1107293282687
1511174449221,Sound_P,64.61127993529891
1511174449224,PodiumIR,189
1511174452333,Motion_1,False
1511174452333,Motion_2,False
1511174452333,Motion_3,True
1511174452426,Temperature_1,24.84
1511174452429,Humidity_1,14.642469224167508
1511174452433,Brightness_1,70.0
1511174452435,Temperature_2,24.49
1511174452438,Humidity_2,15.135748746570798
1511174452442,Brightness_2,74.0
1511174453763,Motion_2,True
1511174456360,Motion_7,True
1511174459073,Sound_R,59.70783469354503
1511174459127,Temperature_1,24.84
1511174459131,Humidity_1,14.642469224167508
1511174459134,Brightness_1,70.0
1511174459137,Temperature_2,24.49
1511174459140,Humidity_2,15.135748746570798
1511174459144,Brightness_2,74.0
1511174459226,Sound_P,66.44593723960276
1511174459229,PodiumIR,174
1511174465897,Temperature_1,24.84
1511174465900,Humidity_1,14.642469224167508
1511174465904,Brightness_1,70.0
1511174465906,Temperature_2,24.49
1511174465909,Humidity_2,15.135748746570798
1511174465913,Brightness_2,74.0
1511174466225,Motion_3,False
1511174466225,Motion_4,True
1511174466225,Motion_2,False
1511174469073,Sound_R,61.88722244833131
1511174469232,Sound_P,64.61127993529891
1511174469235,PodiumIR,183
1511174472305,Temperature_1,24.84
1511174472309,Humidity_1,14.642469224167508
1511174472313,Brightness_1,70.0
1511174472315,Temperature_2,24.49
1511174472318,Humidity_2,15.135748746570798
1511174472321,Brightness_2,74.0
1511174474790,Motion_7,False
1511174474790,Motion_5,True
1511174478999,Temperature_1,24.96
1511174479002,Humidity_1,14.642469224167508
1511174479006,Brightness_1,73.0
1511174479009,Temperature_2,24.49
1511174479011,Humidity_2,15.135748746570798
1511174479015,Brightness_2,74.0
1511174479073,Sound_R,63.83454336028563
1511174479238,Sound_P,75.93060245540138
1511174479241,PodiumIR,171
1511174479627,Motion_4,False
1511174479627,Motion_3,True
1511174481408,Motion_7,True
1511174483374,Motion_2,True
1511174485451,Temperature_1,24.96
1511174485454,Humidity_1,14.642469224167508
1511174485458,Brightness_1,73.0
1511174485461,Temperature_2,24.49
1511174485463,Humidity_2,15.135748746570798
1511174485465,Brightness_2,74.0
1511174489073,Sound_R,65.32620868441701
1511174489243,Sound_P,65.24535518573873
1511174489247,PodiumIR,164
1511174491901,Temperature_1,24.96
1511174491904,Humidity_1,14.642469224167508
1511174491908,Brightness_1,73.0
1511174491910,Temperature_2,24.49
1511174491913,Humidity_2,15.135748746570798
1511174491916,Brightness_2,74.0
1511174498315,Temperature_1,24.96
1511174498319,Humidity_1,14.642469224167508
1511174498323,Brightness_1,73.0
1511174498325,Temperature_2,24.49
1511174498328,Humidity_2,15.135748746570798
1511174498330,Brightness_2,74.0
1511174499073,Sound_R,63.548262827483306
1511174499249,Sound_P,74.55832985633069
1511174499253,PodiumIR,161
1511174505014,Temperature_1,24.96
1511174505018,Humidity_1,14.642469224167508
1511174505022,Brightness_1,73.0
1511174505024,Temperature_2,24.49
1511174505026,Humidity_2,15.135748746570798
1511174505030,Brightness_2,70.0
1511174508087,Motion_5,False
1511174508087,Motion_3,False
1511174508087,Motion_7,False
1511174508087,Motion_2,False
1511174508087,Seat_4,False
1511174509073,Sound_R,63.90499901746572
1511174509255,Sound_P,62.551438321825636
1511174509259,PodiumIR,146
1511174511463,Temperature_1,24.96
1511174511466,Humidity_1,14.642469224167508
1511174511470,Brightness_1,73.0
1511174511472,Temperature_2,24.49
1511174511475,Humidity_2,15.135748746570798
1511174511479,Brightness_2,70.0
1511174517876,Temperature_1,24.96
1511174517879,Humidity_1,14.642469224167508
1511174517883,Brightness_1,73.0
1511174517886,Temperature_2,24.49
1511174517888,Humidity_2,15.135748746570798
1511174517891,Brightness_2,70.0
1511174519073,Sound_R,66.6678674798946
1511174519261,Sound_P,78.09150302019039
1511174519264,PodiumIR,168
1511174524310,Temperature_1,24.96
1511174524313,Humidity_1,14.642469224167508
1511174524316,Brightness_1,73.0
1511174524319,Temperature_2,24.49
1511174524321,Humidity_2,15.135748746570798
1511174524325,Brightness_2,70.0
1511174525617,Motion_2,False
1511174525617,Motion_3,True
1511174529073,Sound_R,67.78125052652115
1511174529267,Sound_P,63.26648240367583
1511174529270,PodiumIR,169
1511174531020,Temperature_1,24.96
1511174531024,Humidity_1,14.642469224167508
1511174531028,Brightness_1,73.0
1511174531030,Temperature_2,24.49
1511174531032,Humidity_2,15.135748746570798
1511174531035,Brightness_2,70.0
1511174537465,Temperature_1,24.96
1511174537468,Humidity_1,14.642469224167508
1511174537472,Brightness_1,73.0
1511174537474,Temperature_2,24.49
1511174537485,Humidity_2,15.135748746570798
1511174537489,Brightness_2,70.0
1511174539073,Sound_R,66.5772823947973
1511174539273,Sound_P,67.56641902255494
1511174539276,PodiumIR,171
1511174543021,Motion_3,False
1511174543021,Motion_2,True
1511174543929,Temperature_1,24.96
1511174543932,Humidity_1,14.519149343566673
1511174543936,Brightness_1,72.0
1511174543939,Temperature_2,24.49
1511174543941,Humidity_2,15.135748746570798
1511174543945,Brightness_2,70.0
1511174544102,Motion_1,True
1511174549073,Sound_R,66.92957424104243
1511174549279,Sound_P,64.61127993529891
1511174549282,PodiumIR,149
1511174550357,Temperature_1,24.96
1511174550361,Humidity_1,14.519149343566673
1511174550365,Brightness_1,72.0
1511174550367,Temperature_2,24.49
1511174550370,Humidity_2,15.135748746570798
1511174550372,Brightness_2,70.0
1511174557234,Temperature_1,24.96
1511174557237,Humidity_1,14.519149343566673
1511174557241,Brightness_1,72.0
1511174557244,Temperature_2,24.49
1511174557246,Humidity_2,15.135748746570798
1511174557251,Brightness_2,70.0
1511174557709,Motion_2,False
1511174557709,Motion_1,False
1511174557709,Motion_4,True
1511174559073,Sound_R,67.64472661186811
1511174559284,Sound_P,73.06392314376754
1511174559288,PodiumIR,156
1511174559550,Motion_3,True
1511174561166,Motion_8,True
1511174562221,Motion_1,True
1511174563532,Motion_2,True
1511174563675,Temperature_1,24.96
1511174563678,Humidity_1,14.519149343566673
1511174563682,Brightness_1,72.0
1511174563685,Temperature_2,24.49
1511174563687,Humidity_2,15.135748746570798
1511174563690,Brightness_2,70.0
1511174567244,Motion_6,True
1511174567244,Motion_7,True
1511174569073,Sound_R,67.00245197044605
1511174569290,Sound_P,79.48080653810413
1511174569293,PodiumIR,171
1511174570141,Temperature_1,24.96
1511174570144,Humidity_1,14.519149343566673
1511174570148,Brightness_1,72.0
1511174570150,Temperature_2,24.49
1511174570152,Humidity_2,15.135748746570798
1511174570157,Brightness_2,72.0
1511174576565,Temperature_1,24.96
1511174576569,Humidity_1,14.519149343566673
1511174576572,Brightness_1,72.0
1511174576575,Temperature_2,24.49
1511174576577,Humidity_2,15.135748746570798
1511174576580,Brightness_2,72.0
1511174579073,Sound_R,66.47773769521328
1511174579297,Sound_P,73.82773649063114
1511174579300,PodiumIR,149
1511174583033,Temperature_1,24.96
1511174583037,Humidity_1,14.519149343566673
1511174583041,Brightness_1,72.0
1511174583043,Temperature_2,24.49
1511174583045,Humidity_2,15.135748746570798
1511174583050,Brightness_2,72.0
1511174588175,Motion_4,False
1511174588175,Motion_3,False
1511174588175,Motion_8,False
1511174588175,Motion_1,False
1511174588175,Motion_2,False
1511174588175,Motion_6,False
1511174588175,Motion_7,False
1511174588180,Seat_9,True
1511174589073,Sound_R,65.33831413587153
1511174589307,Sound_P,71.42349921662418
1511174589310,PodiumIR,153
1511174589311,Seat_9,True
1511174589798,Temperature_1,24.96
1511174589801,Humidity_1,14.519149343566673
1511174589805,Brightness_1,72.0
1511174589808,Temperature_2,24.49
1511174589810,Humidity_2,15.135748746570798
1511174589813,Brightness_2,72.0
1511174596244,Temperature_1,24.96
1511174596247,Humidity_1,14.519149343566673
1511174596251,Brightness_1,72.0
1511174596254,Temperature_2,24.49
1511174596256,Humidity_2,15.135748746570798
1511174596260,Brightness_2,72.0
1511174599073,Sound_R,67.78663940282
1511174599318,Sound_P,75.93060245540138
1511174599322,PodiumIR,169
1511174600932,Motion_5,True
1511174602720,Temperature_1,24.96
1511174602723,Humidity_1,14.519149343566673
1511174602727,Brightness_1,72.0
1511174602730,Temperature_2,24.49
1511174602733,Humidity_2,15.135748746570798
1511174602737,Brightness_2,72.0
1511174609073,Sound_R,66.87427440319951
1511174609126,Temperature_1,24.96
1511174609129,Humidity_1,14.642469224167508
1511174609133,Brightness_1,75.0
1511174609136,Temperature_2,24.49
1511174609138,Humidity_2,15.135748746570798
1511174609140,Brightness_2,72.0
1511174609326,Sound_P,77.79930435088828
1511174609329,PodiumIR,165
1511174615915,Temperature_1,24.96
1511174615918,Humidity_1,14.642469224167508
1511174615922,Brightness_1,75.0
1511174615925,Temperature_2,24.49
1511174615927,Humidity_2,15.135748746570798
1511174615929,Brightness_2,72.0
1511174616490,Motion_5,False
1511174616490,Motion_1,True
1511174616490,Motion_2,True
1511174619073,Sound_R,66.26242730551654
1511174619333,Sound_P,63.95233273361063
1511174619336,PodiumIR,160
1511174619852,Motion_8,True
1511174619857,Motion_7,True
1511174619857,Motion_3,True
1511174622198,Motion_8,True
1511174622198,Motion_6,True
1511174622198,Motion_3,True
1511174622344,Temperature_1,24.96
1511174622348,Humidity_1,14.642469224167508
1511174622351,Brightness_1,75.0
1511174622354,Temperature_2,24.49
1511174622357,Humidity_2,15.135748746570798
1511174622361,Brightness_2,72.0
1511174628817,Temperature_1,24.96
1511174628820,Humidity_1,14.642469224167508
1511174628824,Brightness_1,75.0
1511174628826,Temperature_2,24.49
1511174628829,Humidity_2,15.135748746570798
1511174628832,Brightness_2,72.0
1511174629074,Sound_R,66.96070242329351
1511174629339,Sound_P,70.0787016850011
1511174629343,PodiumIR,163
1511174635264,Temperature_1,24.96
1511174635267,Humidity_1,14.642469224167508
1511174635270,Brightness_1,75.0
1511174635273,Temperature_2,24.49
1511174635275,Humidity_2,15.012428865969973
1511174635278,Brightness_2,75.0
1511174635785,Seat_8,False
1511174635785,Motion_1,False
1511174635785,Motion_2,False
1511174635785,Motion_8,False
1511174635785,Motion_6,False
1511174635785,Motion_3,True
1511174635785,Motion_7,False
1511174636921,Motion_5,True
1511174639073,Sound_R,63.124532537438256
1511174639347,Sound_P,68.61682354019833
1511174639350,PodiumIR,154
1511174641720,Temperature_1,24.96
1511174641723,Humidity_1,14.642469224167508
1511174641726,Brightness_1,75.0
1511174641729,Temperature_2,24.49
1511174641731,Humidity_2,15.012428865969973
1511174641733,Brightness_2,75.0
1511174644024,Door,activate
1511174644229,Door,activate
1511174648148,Temperature_1,24.96
1511174648152,Humidity_1,14.642469224167508
1511174648155,Brightness_1,75.0
1511174648157,Temperature_2,24.49
1511174648160,Humidity_2,15.012428865969973
1511174648162,Brightness_2,75.0
1511174649073,Sound_R,64.64785127978803
1511174649356,Sound_P,65.8563679754536
1511174649359,PodiumIR,158
1511174650653,Motion_3,False
1511174650653,Motion_5,False
1511174650653,Motion_7,True
1511174652865,Motion_5,True
1511174654556,Temperature_1,24.96
1511174654559,Humidity_1,14.642469224167508
1511174654562,Brightness_1,75.0
1511174654565,Temperature_2,24.49
1511174654568,Humidity_2,15.012428865969973
1511174654570,Brightness_2,75.0
1511174659073,Sound_R,68.73463910924914
1511174659365,Sound_P,67.56641902255494
1511174659369,PodiumIR,159
1511174661280,Temperature_1,24.96
1511174661284,Humidity_1,14.642469224167508
1511174661287,Brightness_1,75.0
1511174661290,Temperature_2,24.49
1511174661292,Humidity_2,15.012428865969973
1511174661294,Brightness_2,75.0
1511174664056,Motion_7,False
1511174664056,Motion_3,True
1511174665491,Motion_3,True
1511174665491,Motion_5,False
1511174666737,Motion_1,True
1511174668031,Temperature_1,24.96
1511174668034,Humidity_1,14.642469224167508
1511174668038,Brightness_1,75.0
1511174668040,Temperature_2,24.49
1511174668043,Humidity_2,15.012428865969973
1511174668047,Brightness_2,75.0
1511174669073,Sound_R,65.9836944458754
1511174669374,Sound_P,71.42349921662418
1511174669379,PodiumIR,158
1511174672010,Motion_8,True
1511174674454,Temperature_1,24.96
1511174674457,Humidity_1,14.642469224167508
1511174674461,Brightness_1,69.0
1511174674463,Temperature_2,24.49
1511174674466,Humidity_2,15.012428865969973
1511174674469,Brightness_2,75.0
1511174677113,Motion_2,True
1511174677113,Motion_7,True
1511174679073,Sound_R,65.60131919578122
1511174679383,Sound_P,76.89092096632638
1511174679387,PodiumIR,165
1511174680884,Temperature_1,24.96
1511174680888,Humidity_1,14.642469224167508
1511174680891,Brightness_1,69.0
1511174680894,Temperature_2,24.49
1511174680896,Humidity_2,15.012428865969973
1511174680899,Brightness_2,75.0
1511174682676,Motion_3,False
1511174682676,Motion_1,False
1511174687622,Temperature_1,24.96
1511174687625,Humidity_1,14.642469224167508
1511174687629,Brightness_1,69.0
1511174687632,Temperature_2,24.49
1511174687634,Humidity_2,15.012428865969973
1511174687637,Brightness_2,75.0
1511174689073,Sound_R,65.42284501595945
1511174689392,Sound_P,74.91204818426347
1511174689398,PodiumIR,159
1511174690029,Motion_8,False
1511174690029,Motion_2,True
1511174690029,Motion_7,False
1511174693150,Door,activate
1511174694219,Temperature_1,24.96
1511174694224,Humidity_1,14.642469224167508
1511174694227,Brightness_1,69.0
1511174694230,Temperature_2,24.49
1511174694233,Humidity_2,15.135748746570798
1511174694236,Brightness_2,72.0
1511174698629,Motion_1,False
1511174699073,Sound_R,63.21728198584569
1511174699403,Sound_P,63.26648240367583
1511174699408,PodiumIR,151
1511174700627,Temperature_1,24.96
1511174700630,Humidity_1,14.642469224167508
1511174700634,Brightness_1,69.0
1511174700636,Temperature_2,24.49
1511174700639,Humidity_2,15.135748746570798
1511174700641,Brightness_2,72.0
1511174703071,Motion_2,False
1511174703071,Seat_8,True
1511174707353,Temperature_1,24.96
1511174707356,Humidity_1,14.642469224167508
1511174707360,Brightness_1,69.0
1511174707363,Temperature_2,24.49
1511174707365,Humidity_2,15.135748746570798
1511174707367,Brightness_2,72.0
1511174709073,Sound_R,64.31432121688833
1511174709413,Sound_P,64.61127993529891
1511174709417,PodiumIR,186
1511174713810,Temperature_1,24.96
1511174713813,Humidity_1,14.642469224167508
1511174713816,Brightness_1,69.0
1511174713819,Temperature_2,24.49
1511174713821,Humidity_2,15.135748746570798
1511174713824,Brightness_2,72.0
1511174718710,Motion_1,False
1511174718710,Motion_2,True
1511174719073,Sound_R,62.2274411079154
1511174719421,Sound_P,64.61127993529891
1511174719424,PodiumIR,181
1511174720233,Temperature_1,24.96
1511174720236,Humidity_1,14.642469224167508
1511174720238,Brightness_1,69.0
1511174720241,Temperature_2,24.49
1511174720243,Humidity_2,15.135748746570798
1511174720245,Brightness_2,72.0
1511174726708,Temperature_1,24.96
1511174726710,Humidity_1,14.642469224167508
1511174726714,Brightness_1,69.0
1511174726716,Temperature_2,24.49
1511174726718,Humidity_2,15.135748746570798
1511174726720,Brightness_2,72.0
1511174729072,Sound_R,64.05852975373917
1511174729429,Sound_P,63.26648240367583
1511174729432,PodiumIR,186
1511174731512,Motion_1,True
1511174733576,Temperature_1,24.96
1511174733579,Humidity_1,14.642469224167508
1511174733582,Brightness_1,73.0
1511174733584,Temperature_2,24.49
1511174733586,Humidity_2,15.135748746570798
1511174733589,Brightness_2,72.0
1511174739073,Sound_R,65.33762925053445
1511174739439,Sound_P,64.61127993529891
1511174739442,PodiumIR,183
1511174740218,Temperature_1,24.96
1511174740222,Humidity_1,14.642469224167508
1511174740227,Brightness_1,73.0
1511174740229,Temperature_2,24.49
1511174740231,Humidity_2,15.135748746570798
1511174740233,Brightness_2,72.0
1511174743223,Motion_2,False
1511174743223,Motion_8,True
1511174743223,Motion_3,True
1511174746670,Motion_1,False
1511174746670,Motion_2,True
1511174746681,Temperature_1,24.96
1511174746684,Humidity_1,14.642469224167508
1511174746687,Brightness_1,73.0
1511174746689,Temperature_2,24.49
1511174746691,Humidity_2,15.135748746570798
1511174746694,Brightness_2,72.0
1511174749073,Sound_R,65.18374986746217
1511174749444,Sound_P,70.0787016850011
1511174749448,PodiumIR,187
1511174752143,Motion_5,True
1511174753123,Temperature_1,24.96
1511174753126,Humidity_1,14.642469224167508
1511174753129,Brightness_1,73.0
1511174753131,Temperature_2,24.49
1511174753133,Humidity_2,15.135748746570798
1511174753135,Brightness_2,72.0
1511174759073,Sound_R,67.34591410735828
1511174759450,Sound_P,66.44593723960276
1511174759453,PodiumIR,179
1511174759533,Temperature_1,24.96
1511174759536,Humidity_1,14.642469224167508
1511174759539,Brightness_1,73.0
1511174759542,Temperature_2,24.49
1511174759544,Humidity_2,15.135748746570798
1511174759547,Brightness_2,75.0
1511174766216,Temperature_1,24.96
1511174766219,Humidity_1,14.642469224167508
1511174766224,Brightness_1,73.0
1511174766227,Temperature_2,24.49
1511174766229,Humidity_2,15.135748746570798
1511174766231,Brightness_2,75.0
1511174769073,Sound_R,66.30945365933127
1511174769456,Sound_P,67.01551720930587
1511174769459,PodiumIR,187
1511174772683,Temperature_1,24.96
1511174772686,Humidity_1,14.642469224167508
1511174772690,Brightness_1,73.0
1511174772692,Temperature_2,24.49
1511174772694,Humidity_2,15.135748746570798
1511174772696,Brightness_2,75.0
1511174779073,Sound_R,66.64051970438719
1511174779145,Temperature_1,24.96
1511174779148,Humidity_1,14.642469224167508
1511174779151,Brightness_1,73.0
1511174779153,Temperature_2,24.49
1511174779155,Humidity_2,15.135748746570798
1511174779157,Brightness_2,75.0
1511174779432,Motion_8,False
1511174779437,Motion_3,False
1511174779437,Motion_2,False
1511174779437,Motion_1,False
1511174779437,Motion_5,False
1511174779461,Sound_P,71.42349921662418
1511174779465,PodiumIR,184
1511174782604,Motion_4,True
1511174785510,Motion_2,True
1511174785587,Temperature_1,24.96
1511174785589,Humidity_1,14.642469224167508
1511174785593,Brightness_1,73.0
1511174785595,Temperature_2,24.49
1511174785597,Humidity_2,15.135748746570798
1511174785599,Brightness_2,75.0
1511174789073,Sound_R,67.98102060305013
1511174789467,Sound_P,65.24535518573873
1511174789470,PodiumIR,187
1511174789943,Motion_3,True
1511174792035,Temperature_1,24.96
1511174792038,Humidity_1,14.642469224167508
1511174792041,Brightness_1,73.0
1511174792044,Temperature_2,24.49
1511174792046,Humidity_2,15.135748746570798
1511174792048,Brightness_2,75.0
1511174795506,Motion_1,False
1511174795506,Motion_4,True
1511174798442,Temperature_1,24.84
1511174798445,Humidity_1,14.642469224167508
1511174798448,Brightness_1,70.0
1511174798450,Temperature_2,24.49
1511174798452,Humidity_2,15.135748746570798
1511174798454,Brightness_2,75.0
1511174799073,Sound_R,66.06934974233782
1511174799473,Sound_P,73.06392314376754
1511174799476,PodiumIR,188
1511174804375,Motion_2,False
1511174804375,Motion_3,False
1511174804375,Motion_5,True
1511174805147,Temperature_1,24.84
1511174805150,Humidity_1,14.642469224167508
1511174805153,Brightness_1,70.0
1511174805155,Temperature_2,24.49
1511174805157,Humidity_2,15.135748746570798
1511174805160,Brightness_2,75.0
1511174809073,Sound_R,67.08196648125174
1511174809479,Sound_P,70.0787016850011
1511174809482,PodiumIR,198
1511174810824,Motion_4,False
1511174810824,Motion_6,True
1511174810824,Motion_3,True
1511174811614,Temperature_1,24.84
1511174811617,Humidity_1,14.642469224167508
1511174811621,Brightness_1,70.0
1511174811623,Temperature_2,24.49
1511174811625,Humidity_2,15.135748746570798
1511174811627,Brightness_2,75.0
1511174814621,Motion_2,True
1511174816727,Motion_4,True
1511174816727,Motion_5,False
1511174818209,Temperature_1,24.84
1511174818211,Humidity_1,14.642469224167508
1511174818214,Brightness_1,70.0
1511174818217,Temperature_2,24.49
1511174818219,Humidity_2,15.135748746570798
1511174818222,Brightness_2,75.0
1511174819073,Sound_R,70.17778357974237
1511174819485,Sound_P,74.55832985633069
1511174819488,PodiumIR,197
1511174824911,Temperature_1,24.84
1511174824914,Humidity_1,14.642469224167508
1511174824917,Brightness_1,70.0
1511174824919,Temperature_2,24.49
1511174824921,Humidity_2,15.012428865969973
1511174824923,Brightness_2,73.0
1511174829073,Sound_R,70.48269227398386
1511174829490,Sound_P,63.95233273361063
1511174829493,PodiumIR,192
1511174830589,Motion_6,False
1511174830589,Motion_3,False
1511174830589,Motion_2,False
1511174830589,Motion_4,False
1511174831357,Temperature_1,24.84
1511174831360,Humidity_1,14.642469224167508
1511174831363,Brightness_1,70.0
1511174831365,Temperature_2,24.49
1511174831367,Humidity_2,15.012428865969973
1511174831370,Brightness_2,73.0
1511174831950,Motion_5,True
1511174831950,Motion_4,True
1511174838223,Temperature_1,24.84
1511174838226,Humidity_1,14.642469224167508
1511174838229,Brightness_1,70.0
1511174838231,Temperature_2,24.49
1511174838233,Humidity_2,15.012428865969973
1511174838235,Brightness_2,73.0
1511174839073,Sound_R,71.67715777944095
1511174839498,Sound_P,67.56641902255494
1511174839501,PodiumIR,184
1511174844699,Temperature_1,24.84
1511174844706,Humidity_1,14.642469224167508
1511174844709,Brightness_1,70.0
1511174844711,Temperature_2,24.49
1511174844713,Humidity_2,15.012428865969973
1511174844716,Brightness_2,73.0
1511174845717,Motion_2,False
1511174845722,Motion_5,False
1511174845722,Motion_4,False
1511174845722,Motion_8,True
1511174847889,Motion_5,True
1511174849073,Sound_R,67.05287393073387
1511174849505,Sound_P,65.24535518573873
1511174849509,PodiumIR,188
1511174850250,Motion_1,True
1511174851235,Temperature_1,24.84
1511174851238,Humidity_1,14.642469224167508
1511174851241,Brightness_1,70.0
1511174851243,Temperature_2,24.49
1511174851245,Humidity_2,15.012428865969973
1511174851247,Brightness_2,73.0
1511174857264,Motion_2,True
1511174857689,Temperature_1,24.84
1511174857692,Humidity_1,14.642469224167508
1511174857695,Brightness_1,70.0
1511174857697,Temperature_2,24.49
1511174857700,Humidity_2,15.012428865969973
1511174857702,Brightness_2,73.0
1511174859073,Sound_R,62.85287503584082
1511174859514,Sound_P,64.61127993529891
1511174859518,PodiumIR,198
1511174864210,Temperature_1,24.96
1511174864213,Humidity_1,14.642469224167508
1511174864216,Brightness_1,70.0
1511174864219,Temperature_2,24.49
1511174864222,Humidity_2,15.012428865969973
1511174864224,Brightness_2,73.0
1511174868480,Motion_8,False
1511174868480,Motion_5,False
1511174868480,Motion_1,False
1511174869073,Sound_R,61.50296326374927
1511174869522,Sound_P,64.61127993529891
1511174869525,PodiumIR,192
1511174870441,Motion_2,False
1511174870441,Motion_3,True
1511174870622,Temperature_1,24.96
1511174870625,Humidity_1,14.642469224167508
1511174870628,Brightness_1,70.0
1511174870630,Temperature_2,24.49
1511174870632,Humidity_2,15.012428865969973
1511174870634,Brightness_2,73.0
1511174873217,Motion_2,True
1511174876434,Motion_4,True
1511174877041,Temperature_1,24.96
1511174877043,Humidity_1,14.642469224167508
1511174877046,Brightness_1,70.0
1511174877049,Temperature_2,24.49
1511174877050,Humidity_2,15.012428865969973
1511174877053,Brightness_2,73.0
1511174879073,Sound_R,59.71880031105217
1511174879529,Sound_P,64.61127993529891
1511174879532,PodiumIR,190
1511174883489,Temperature_1,24.96
1511174883492,Humidity_1,14.642469224167508
1511174883496,Brightness_1,70.0
1511174883498,Temperature_2,24.49
1511174883500,Humidity_2,15.012428865969973
1511174883502,Brightness_2,73.0
1511174889073,Sound_R,60.94310456153162
1511174889537,Sound_P,66.44593723960276
1511174889540,PodiumIR,204
1511174890039,Temperature_1,24.96
1511174890042,Humidity_1,14.642469224167508
1511174890045,Brightness_1,70.0
1511174890048,Temperature_2,24.49
1511174890050,Humidity_2,15.012428865969973
1511174890051,Brightness_2,73.0
1511174896899,Temperature_1,24.96
1511174896902,Humidity_1,14.642469224167508
1511174896905,Brightness_1,70.0
1511174896907,Temperature_2,24.49
1511174896909,Humidity_2,15.012428865969973
1511174896911,Brightness_2,73.0
1511174899073,Sound_R,66.0465140279815
1511174899545,Sound_P,63.95233273361063
1511174899548,PodiumIR,185
1511174903550,Temperature_1,24.96
1511174903553,Humidity_1,14.642469224167508
1511174903556,Brightness_1,70.0
1511174903558,Temperature_2,24.49
1511174903560,Humidity_2,15.012428865969973
1511174903562,Brightness_2,73.0
1511174907696,Motion_5,False
1511174907696,Motion_1,False
1511174907696,Motion_3,False
1511174907696,Motion_2,False
1511174907701,Motion_4,False
1511174909073,Sound_R,66.1322179847947
1511174909551,Sound_P,63.95233273361063
1511174909555,PodiumIR,177
1511174910211,Temperature_1,24.96
1511174910214,Humidity_1,14.642469224167508
1511174910217,Brightness_1,70.0
1511174910220,Temperature_2,24.49
1511174910222,Humidity_2,15.012428865969973
1511174910224,Brightness_2,73.0
1511174913809,Motion_8,True
1511174915039,Motion_1,True
1511174916978,Temperature_1,24.96
1511174916981,Humidity_1,14.642469224167508
1511174916984,Brightness_1,70.0
1511174916987,Temperature_2,24.49
1511174916989,Humidity_2,15.012428865969973
1511174916991,Brightness_2,73.0
1511174919073,Sound_R,61.55663771879164
1511174919559,Sound_P,65.24535518573873
1511174919563,PodiumIR,149
1511174919862,Motion_2,True
1511174919862,Motion_4,False
1511174923391,Temperature_1,24.96
1511174923394,Humidity_1,14.519149343566673
1511174923397,Brightness_1,73.0
1511174923400,Temperature_2,24.49
1511174923401,Humidity_2,15.012428865969973
1511174923404,Brightness_2,73.0
1511174929073,Sound_R,63.25332416494799
1511174929568,Sound_P,70.5390318503356
1511174929580,PodiumIR,145
1511174930088,Temperature_1,24.96
1511174930091,Humidity_1,14.519149343566673
1511174930094,Brightness_1,73.0
1511174930096,Temperature_2,24.49
1511174930099,Humidity_2,15.012428865969973
1511174930101,Brightness_2,73.0
1511174930573,Motion_8,False
1511174930573,Motion_1,False
1511174930573,Seat_2,True
1511174936519,Temperature_1,24.96
1511174936522,Humidity_1,14.519149343566673
1511174936525,Brightness_1,73.0
1511174936528,Temperature_2,24.49
1511174936530,Humidity_2,15.012428865969973
1511174936532,Brightness_2,73.0
1511174939073,Sound_R,68.03990140815388
1511174939217,Motion_2,False
1511174939217,Seat_2,False
1511174939217,Motion_8,True
1511174939584,Sound_P,64.61127993529891
1511174939587,PodiumIR,144
1511174942983,Temperature_1,24.96
1511174942986,Humidity_1,14.519149343566673
1511174942989,Brightness_1,73.0
1511174942991,Temperature_2,24.49
1511174942993,Humidity_2,15.012428865969973
1511174942995,Brightness_2,73.0
1511174949073,Sound_R,68.54238393274534
1511174949433,Temperature_1,24.96
1511174949436,Humidity_1,14.519149343566673
1511174949439,Brightness_1,73.0
1511174949441,Temperature_2,24.49
1511174949443,Humidity_2,15.012428865969973
1511174949446,Brightness_2,72.0
1511174949592,Sound_P,65.24535518573873
1511174949595,PodiumIR,150
1511174953670,Motion_1,False
1511174953675,Motion_8,False
1511174953675,Motion_1,True
1511174955161,Motion_8,True
1511174955987,Temperature_1,24.96
1511174955990,Humidity_1,14.519149343566673
1511174955993,Brightness_1,73.0
1511174955995,Temperature_2,24.49
1511174955997,Humidity_2,15.012428865969973
1511174956000,Brightness_2,72.0
1511174958087,Motion_5,True
1511174959073,Sound_R,66.98102520718385
1511174959600,Sound_P,75.59789851419828
1511174959603,PodiumIR,148
1511174962380,Temperature_1,24.96
1511174962383,Humidity_1,14.519149343566673
1511174962386,Brightness_1,73.0
1511174962389,Temperature_2,24.49
1511174962391,Humidity_2,15.012428865969973
1511174962393,Brightness_2,72.0
1511174969073,Sound_R,67.45851439179786
1511174969106,Temperature_1,24.96
1511174969109,Humidity_1,14.519149343566673
1511174969112,Brightness_1,73.0
1511174969114,Temperature_2,24.49
1511174969117,Humidity_2,15.012428865969973
1511174969119,Brightness_2,72.0
1511174969609,Sound_P,70.5390318503356
1511174969612,PodiumIR,144
1511174975548,Temperature_1,24.96
1511174975550,Humidity_1,14.519149343566673
1511174975553,Brightness_1,73.0
1511174975556,Temperature_2,24.49
1511174975558,Humidity_2,15.012428865969973
1511174975560,Brightness_2,72.0
1511174979073,Sound_R,67.14768100036623
1511174979615,Sound_P,71.42349921662418
1511174979618,PodiumIR,148
1511174982209,Temperature_1,24.96
1511174982211,Humidity_1,14.519149343566673
1511174982215,Brightness_1,73.0
1511174982217,Temperature_2,24.49
1511174982219,Humidity_2,15.012428865969973
1511174982222,Brightness_2,72.0
1511174988972,Temperature_1,24.96
1511174988975,Humidity_1,14.642469224167508
1511174988978,Brightness_1,72.0
1511174988980,Temperature_2,24.49
1511174988982,Humidity_2,15.012428865969973
1511174988984,Brightness_2,72.0
1511174989073,Sound_R,67.20405908487172
1511174989624,Sound_P,70.5390318503356
1511174989627,PodiumIR,154
1511174995511,Temperature_1,24.96
1511174995514,Humidity_1,14.642469224167508
1511174995517,Brightness_1,72.0
1511174995520,Temperature_2,24.49
1511174995522,Humidity_2,15.012428865969973
1511174995524,Brightness_2,72.0
1511174996403,Motion_1,False
1511174996403,Motion_8,False
1511174996403,Motion_5,False
1511174996403,Motion_4,True
1511174999073,Sound_R,67.04394185557402
1511174999633,Sound_P,66.44593723960276
1511174999637,PodiumIR,148
1511175002219,Temperature_1,24.96
1511175002222,Humidity_1,14.642469224167508
1511175002227,Brightness_1,72.0
1511175002229,Temperature_2,24.49
1511175002231,Humidity_2,15.012428865969973
1511175002233,Brightness_2,72.0
1511175008926,Temperature_1,24.96
1511175008929,Humidity_1,14.642469224167508
1511175008933,Brightness_1,72.0
1511175008935,Temperature_2,24.49
1511175008937,Humidity_2,15.012428865969973
1511175008940,Brightness_2,72.0
1511175009073,Sound_R,66.0778308260671
1511175009642,Sound_P,63.95233273361063
1511175009645,PodiumIR,152
1511175009650,Motion_1,False
1511175009650,Motion_5,True
1511175009650,Motion_4,False
1511175014938,Motion_2,True
1511175015485,Temperature_1,24.96
1511175015489,Humidity_1,14.642469224167508
1511175015492,Brightness_1,72.0
1511175015495,Temperature_2,24.6
1511175015497,Humidity_2,15.012428865969973
1511175015500,Brightness_2,75.0
1511175019073,Sound_R,63.16093244009564
1511175019655,Sound_P,66.44593723960276
1511175019659,PodiumIR,147
1511175022213,Temperature_1,24.96
1511175022217,Humidity_1,14.642469224167508
1511175022223,Brightness_1,72.0
1511175022226,Temperature_2,24.6
1511175022229,Humidity_2,15.012428865969973
1511175022231,Brightness_2,75.0
1511175022382,Motion_1,True
1511175022382,Motion_5,False
1511175028686,Temperature_1,24.96
1511175028689,Humidity_1,14.642469224167508
1511175028692,Brightness_1,72.0
1511175028695,Temperature_2,24.6
1511175028698,Humidity_2,15.012428865969973
1511175028701,Brightness_2,75.0
1511175029073,Sound_R,63.13093620374957
1511175029668,Sound_P,73.82773649063114
1511175029672,PodiumIR,150
1511175035359,Temperature_1,24.96
1511175035362,Humidity_1,14.642469224167508
1511175035365,Brightness_1,72.0
1511175035368,Temperature_2,24.6
1511175035370,Humidity_2,15.012428865969973
1511175035373,Brightness_2,75.0
1511175035569,Motion_2,False
1511175035569,Motion_1,False
1511175035569,Motion_4,True
1511175039073,Sound_R,64.0512770896392
1511175039677,Sound_P,68.61682354019833
1511175039680,PodiumIR,151
1511175041032,Motion_6,True
1511175041926,Temperature_1,24.96
1511175041929,Humidity_1,14.642469224167508
1511175041933,Brightness_1,72.0
1511175041935,Temperature_2,24.6
1511175041937,Humidity_2,15.012428865969973
1511175041941,Brightness_2,75.0
1511175048330,Temperature_1,24.96
1511175048333,Humidity_1,14.642469224167508
1511175048336,Brightness_1,72.0
1511175048339,Temperature_2,24.6
1511175048341,Humidity_2,15.012428865969973
1511175048344,Brightness_2,75.0
1511175049073,Sound_R,61.45238253391951
1511175049687,Sound_P,68.0998289029382
1511175049690,PodiumIR,149
1511175052753,Motion_4,False
1511175057757,Temperature_1,24.96
1511175057760,Humidity_1,14.519149343566673
1511175057764,Brightness_1,73.0
1511175057766,Temperature_2,24.6
1511175057769,Humidity_2,15.012428865969973
1511175057771,Brightness_2,75.0
1511175059073,Sound_R,61.70562503304645
1511175059693,Sound_P,75.25847282855663
1511175059698,PodiumIR,148
1511175064218,Temperature_1,24.96
1511175064221,Humidity_1,14.519149343566673
1511175064226,Brightness_1,73.0
1511175064229,Temperature_2,24.6
1511175064231,Humidity_2,15.012428865969973
1511175064234,Brightness_2,75.0
1511175069073,Sound_R,64.15355981202333
1511175069703,Sound_P,67.56641902255494
1511175069708,PodiumIR,150
1511175070981,Temperature_1,24.96
1511175070984,Humidity_1,14.519149343566673
1511175070988,Brightness_1,73.0
1511175070990,Temperature_2,24.6
1511175070992,Humidity_2,15.012428865969973
1511175070996,Brightness_2,75.0
1511175077436,Temperature_1,24.96
1511175077439,Humidity_1,14.519149343566673
1511175077443,Brightness_1,73.0
1511175077445,Temperature_2,24.6
1511175077447,Humidity_2,15.012428865969973
1511175077450,Brightness_2,76.0
1511175079073,Sound_R,64.52372224510019
1511175079172,Motion_6,False
1511175079172,Motion_4,False
1511175079172,Motion_3,True
1511175079713,Sound_P,64.61127993529891
1511175079718,PodiumIR,154
1511175083884,Temperature_1,24.96
1511175083888,Humidity_1,14.519149343566673
1511175083891,Brightness_1,73.0
1511175083894,Temperature_2,24.6
1511175083896,Humidity_2,15.012428865969973
1511175083899,Brightness_2,76.0
1511175088722,Motion_5,True
1511175089073,Sound_R,67.47461608670395
1511175089723,Sound_P,64.61127993529891
1511175089728,PodiumIR,150
1511175090308,Temperature_1,24.96
1511175090312,Humidity_1,14.519149343566673
1511175090315,Brightness_1,73.0
1511175090318,Temperature_2,24.6
1511175090320,Humidity_2,15.012428865969973
1511175090324,Brightness_2,76.0
1511175090943,Motion_1,True
1511175099073,Sound_R,69.64160510850137
1511175099734,Sound_P,65.8563679754536
1511175099739,PodiumIR,150
1511175099762,Temperature_1,24.96
1511175099765,Humidity_1,14.519149343566673
1511175099769,Brightness_1,73.0
1511175099772,Temperature_2,24.6
1511175099775,Humidity_2,15.012428865969973
1511175099778,Brightness_2,76.0
1511175102369,Motion_3,False
1511175102369,Motion_5,False
1511175102369,Motion_8,True
1511175105271,Motion_1,False
1511175105271,Motion_7,True
1511175105271,Motion_8,True
1511175106212,Temperature_1,24.96
1511175106215,Humidity_1,14.519149343566673
1511175106218,Brightness_1,73.0
1511175106221,Temperature_2,24.6
1511175106224,Humidity_2,15.012428865969973
1511175106228,Brightness_2,76.0
1511175109073,Sound_R,70.62648264921195
1511175109744,Sound_P,76.57687443958919
1511175109748,PodiumIR,151
1511175112654,Temperature_1,24.96
1511175112658,Humidity_1,14.519149343566673
1511175112661,Brightness_1,73.0
1511175112664,Temperature_2,24.6
1511175112666,Humidity_2,15.012428865969973
1511175112670,Brightness_2,76.0
1511175114776,Motion_2,True
1511175116022,Motion_1,True
1511175119072,Sound_R,74.78043310008738
1511175119121,Temperature_1,24.96
1511175119124,Humidity_1,14.519149343566673
1511175119128,Brightness_1,73.0
1511175119130,Temperature_2,24.6
1511175119132,Humidity_2,15.012428865969973
1511175119135,Brightness_2,76.0
1511175119318,Motion_7,False
1511175119318,Motion_8,False
1511175119318,Motion_6,True
1511175119756,Sound_P,70.987085069563
1511175119759,PodiumIR,147
1511175120419,Motion_5,True
1511175120419,Motion_7,True
1511175125881,Temperature_1,24.96
1511175125884,Humidity_1,14.519149343566673
1511175125888,Brightness_1,73.0
1511175125890,Temperature_2,24.6
1511175125893,Humidity_2,15.012428865969973
1511175125895,Brightness_2,76.0
1511175126367,Motion_4,True
1511175129073,Sound_R,74.44994163651899
1511175129765,Sound_P,68.61682354019833
1511175129776,PodiumIR,155
1511175131975,Motion_2,False
1511175131980,Motion_1,False
1511175131980,Motion_6,False
1511175132308,Temperature_1,24.96
1511175132311,Humidity_1,14.519149343566673
1511175132315,Brightness_1,73.0
1511175132317,Temperature_2,24.6
1511175132320,Humidity_2,15.012428865969973
1511175132324,Brightness_2,76.0
1511175138780,Temperature_1,24.96
1511175138783,Humidity_1,14.519149343566673
1511175138787,Brightness_1,73.0
1511175138789,Temperature_2,24.6
1511175138792,Humidity_2,15.012428865969973
1511175138795,Brightness_2,76.0
1511175139073,Sound_R,69.016224605354
1511175139779,Sound_P,72.66858725677886
1511175139782,PodiumIR,147
1511175145447,Temperature_1,24.96
1511175145450,Humidity_1,14.519149343566673
1511175145454,Brightness_1,73.0
1511175145456,Temperature_2,24.6
1511175145459,Humidity_2,15.012428865969973
1511175145463,Brightness_2,76.0
1511175145863,Motion_5,False
1511175145863,Motion_7,False
1511175145863,Motion_4,False
1511175145863,Motion_1,False
1511175145863,Motion_8,True
1511175149073,Sound_R,69.36707401858966
1511175149784,Sound_P,67.56641902255494
1511175149787,PodiumIR,150
1511175152096,Motion_7,True
1511175152096,Motion_6,True
1511175152183,Temperature_1,24.96
1511175152186,Humidity_1,14.519149343566673
1511175152190,Brightness_1,73.0
1511175152193,Temperature_2,24.6
1511175152195,Humidity_2,15.012428865969973
1511175152198,Brightness_2,76.0
1511175157164,Motion_2,True
1511175158359,Motion_1,True
1511175158359,Motion_8,True
1511175158638,Temperature_1,24.96
1511175158641,Humidity_1,14.519149343566673
1511175158645,Brightness_1,73.0
1511175158647,Temperature_2,24.6
1511175158651,Humidity_2,15.012428865969973
1511175158655,Brightness_2,76.0
1511175159073,Sound_R,68.94085451193055
1511175159789,Sound_P,73.06392314376754
1511175159799,PodiumIR,147
1511175159970,Motion_5,True
1511175165100,Temperature_1,24.96
1511175165103,Humidity_1,14.519149343566673
1511175165107,Brightness_1,73.0
1511175165110,Temperature_2,24.6
1511175165112,Humidity_2,15.012428865969973
1511175165116,Brightness_2,76.0
1511175168705,Motion_7,False
1511175168705,Motion_6,False
1511175169073,Sound_R,66.5767656830725
1511175169807,Sound_P,63.26648240367583
1511175169810,PodiumIR,153
1511175171541,Temperature_1,24.96
1511175171543,Humidity_1,14.519149343566673
1511175171545,Brightness_1,73.0
1511175171547,Temperature_2,24.6
1511175171551,Humidity_2,15.012428865969973
1511175171553,Brightness_2,76.0
1511175171641,Motion_2,False
1511175171641,Motion_1,False
1511175171641,Motion_3,True
1511175171641,Motion_8,False
1511175174528,Motion_5,False
1511175174533,Motion_1,True
1511175174533,Seat_3,False
1511175176894,Motion_8,True
1511175178209,Temperature_1,24.96
1511175178212,Humidity_1,14.519149343566673
1511175178215,Brightness_1,69.0
1511175178218,Temperature_2,24.6
1511175178220,Humidity_2,15.012428865969973
1511175178224,Brightness_2,76.0
1511175179073,Sound_R,64.56103427999149
1511175179812,Sound_P,63.95233273361063
1511175179815,PodiumIR,144
1511175179988,Door,activate
1511175184636,Temperature_1,24.96
1511175184639,Humidity_1,14.519149343566673
1511175184643,Brightness_1,69.0
1511175184646,Temperature_2,24.6
1511175184648,Humidity_2,15.012428865969973
1511175184650,Brightness_2,76.0
1511175185559,Motion_6,False
1511175185559,Motion_3,False
1511175185559,Seat_9,True
1511175185559,Motion_2,True
1511175189073,Sound_R,64.1597907952732
1511175189823,Sound_P,66.44593723960276
1511175189831,PodiumIR,155
1511175191179,Temperature_1,24.96
1511175191182,Humidity_1,14.519149343566673
1511175191186,Brightness_1,69.0
1511175191188,Temperature_2,24.6
1511175191191,Humidity_2,15.012428865969973
1511175191193,Brightness_2,76.0
1511175195534,Motion_1,False
1511175195534,Motion_8,False
1511175197656,Temperature_1,24.96
1511175197659,Humidity_1,14.519149343566673
1511175197663,Brightness_1,69.0
1511175197665,Temperature_2,24.6
1511175197668,Humidity_2,15.012428865969973
1511175197672,Brightness_2,76.0
1511175199073,Sound_R,70.59805171996629
1511175199833,Sound_P,68.61682354019833
1511175199836,PodiumIR,148
1511175204104,Temperature_1,24.96
1511175204106,Humidity_1,14.519149343566673
1511175204108,Brightness_1,69.0
1511175204110,Temperature_2,24.6
1511175204112,Humidity_2,15.012428865969973
1511175204114,Brightness_2,76.0
1511175205389,Motion_2,False
1511175205389,Motion_4,True
1511175208966,Motion_1,False
1511175208966,Motion_2,True
1511175209073,Sound_R,71.31374915425812
1511175209839,Sound_P,74.55832985633069
1511175209842,PodiumIR,148
1511175210508,Temperature_1,24.96
1511175210510,Humidity_1,14.519149343566673
1511175210514,Brightness_1,69.0
1511175210516,Temperature_2,24.6
1511175210518,Humidity_2,15.012428865969973
1511175210521,Brightness_2,76.0
1511175214859,Motion_1,True
1511175217225,Temperature_1,24.96
1511175217229,Humidity_1,14.519149343566673
1511175217233,Brightness_1,69.0
1511175217235,Temperature_2,24.6
1511175217237,Humidity_2,15.012428865969973
1511175217241,Brightness_2,76.0
1511175219073,Sound_R,67.62386492364114
1511175219844,Sound_P,67.56641902255494
1511175219848,PodiumIR,144
1511175222038,Motion_4,False
1511175222038,Motion_2,False
1511175222043,Motion_5,True
1511175223868,Temperature_1,24.96
1511175223870,Humidity_1,14.519149343566673
1511175223874,Brightness_1,69.0
1511175223876,Temperature_2,24.6
1511175223878,Humidity_2,15.012428865969973
1511175223881,Brightness_2,76.0
1511175227386,Motion_6,True
1511175227386,Motion_1,True
1511175229073,Sound_R,65.00061774091772
1511175229854,Sound_P,64.61127993529891
1511175229858,PodiumIR,149
1511175230315,Temperature_1,24.96
1511175230318,Humidity_1,14.519149343566673
1511175230322,Brightness_1,69.0
1511175230324,Temperature_2,24.6
1511175230326,Humidity_2,15.012428865969973
1511175230329,Brightness_2,76.0
1511175232374,Motion_4,True
1511175236778,Temperature_1,24.96
1511175236781,Humidity_1,14.519149343566673
1511175236784,Brightness_1,69.0
1511175236787,Temperature_2,24.6
1511175236789,Humidity_2,15.012428865969973
1511175236791,Brightness_2,76.0
1511175237031,Motion_5,False
1511175237031,Motion_8,True
1511175238592,Motion_7,True
1511175239073,Sound_R,58.74558075084101
1511175239864,Sound_P,75.25847282855663
1511175239868,PodiumIR,145
1511175240673,Motion_6,False
1511175240673,Motion_1,True
1511175240673,Motion_2,True
1511175243220,Temperature_1,24.96
1511175243222,Humidity_1,14.519149343566673
1511175243225,Brightness_1,70.0
1511175243228,Temperature_2,24.6
1511175243230,Humidity_2,15.012428865969973
1511175243232,Brightness_2,76.0
1511175243340,Motion_6,True
1511175245051,Motion_3,True
1511175245051,Motion_5,True
1511175249073,Sound_R,59.74493396973685
1511175249677,Temperature_1,24.96
1511175249680,Humidity_1,14.519149343566673
1511175249683,Brightness_1,70.0
1511175249686,Temperature_2,24.6
1511175249688,Humidity_2,15.012428865969973
1511175249690,Brightness_2,76.0
1511175249874,Sound_P,72.26372429269907
1511175249878,PodiumIR,143
1511175249928,Motion_4,False
1511175249928,Seat_3,True
1511175249928,Motion_8,False
1511175251504,Motion_7,True
1511175256159,Temperature_1,24.96
1511175256162,Humidity_1,14.519149343566673
1511175256165,Brightness_1,70.0
1511175256168,Temperature_2,24.6
1511175256170,Humidity_2,15.012428865969973
1511175256172,Brightness_2,76.0
1511175256242,Motion_2,False
1511175256242,Motion_1,False
1511175256242,Motion_6,True
1511175257462,Door,activate
1511175259073,Sound_R,65.68695875337674
1511175259883,Sound_P,67.01551720930587
1511175259887,PodiumIR,148
1511175262557,Temperature_1,24.96
1511175262560,Humidity_1,14.519149343566673
1511175262564,Brightness_1,70.0
1511175262566,Temperature_2,24.6
1511175262569,Humidity_2,15.012428865969973
1511175262571,Brightness_2,76.0
1511175264326,Motion_3,False
1511175264326,Motion_5,False
1511175264326,Motion_7,False
1511175267262,Motion_4,True
1511175269026,Temperature_1,24.96
1511175269029,Humidity_1,14.519149343566673
1511175269033,Brightness_1,70.0
1511175269035,Temperature_2,24.6
1511175269038,Humidity_2,15.012428865969973
1511175269040,Brightness_2,76.0
1511175269073,Sound_R,66.92213152859712
1511175269893,Sound_P,68.0998289029382
1511175269896,PodiumIR,153
1511175273491,Motion_6,False
1511175273491,Motion_3,True
1511175275439,Temperature_1,24.96
1511175275442,Humidity_1,14.519149343566673
1511175275445,Brightness_1,70.0
1511175275448,Temperature_2,24.6
1511175275450,Humidity_2,15.012428865969973
1511175275454,Brightness_2,76.0
1511175279073,Sound_R,65.42282567777137
1511175279902,Sound_P,68.0998289029382
1511175279905,PodiumIR,146
1511175282137,Temperature_1,24.96
1511175282140,Humidity_1,14.519149343566673
1511175282143,Brightness_1,70.0
1511175282145,Temperature_2,24.6
1511175282148,Humidity_2,15.012428865969973
1511175282152,Brightness_2,76.0
1511175286478,Motion_5,False
1511175286478,Motion_4,False
1511175286478,Motion_3,False
1511175288561,Temperature_1,24.96
1511175288564,Humidity_1,14.519149343566673
1511175288567,Brightness_1,70.0
1511175288569,Temperature_2,24.6
1511175288571,Humidity_2,15.012428865969973
1511175288573,Brightness_2,76.0
1511175289073,Sound_R,58.98476836356095
1511175289908,Sound_P,64.61127993529891
1511175289911,PodiumIR,152
1511175295037,Temperature_1,24.96
1511175295039,Humidity_1,14.519149343566673
1511175295043,Brightness_1,70.0
1511175295045,Temperature_2,24.6
1511175295047,Humidity_2,15.012428865969973
1511175295049,Brightness_2,76.0
1511175299073,Sound_R,58.67405844513936
1511175299914,Sound_P,64.61127993529891
1511175299917,PodiumIR,145
1511175301516,Motion_5,False
1511175301516,Motion_3,True
1511175301688,Temperature_1,24.96
1511175301690,Humidity_1,14.519149343566673
1511175301694,Brightness_1,70.0
1511175301696,Temperature_2,24.6
1511175301699,Humidity_2,15.012428865969973
1511175301702,Brightness_2,76.0
1511175308214,Temperature_1,24.96
1511175308218,Humidity_1,14.519149343566673
1511175308222,Brightness_1,70.0
1511175308224,Temperature_2,24.6
1511175308226,Humidity_2,15.012428865969973
1511175308230,Brightness_2,76.0
1511175309073,Sound_R,65.17998252443635
1511175309922,Sound_P,76.57687443958919
1511175309925,PodiumIR,216
1511175314902,Temperature_1,24.96
1511175314905,Humidity_1,14.519149343566673
1511175314908,Brightness_1,70.0
1511175314910,Temperature_2,24.6
1511175314912,Humidity_2,15.012428865969973
1511175314915,Brightness_2,76.0
1511175319073,Sound_R,70.19496878123351
1511175319928,Sound_P,65.24535518573873
1511175319942,PodiumIR,218
1511175321436,Temperature_1,24.96
1511175321439,Humidity_1,14.519149343566673
1511175321442,Brightness_1,70.0
1511175321444,Temperature_2,24.6
1511175321446,Humidity_2,15.012428865969973
1511175321448,Brightness_2,76.0
1511175328114,Temperature_1,24.96
1511175328117,Humidity_1,14.519149343566673
1511175328120,Brightness_1,70.0
1511175328122,Temperature_2,24.6
1511175328124,Humidity_2,15.012428865969973
1511175328126,Brightness_2,76.0
1511175329073,Sound_R,70.48302520277541
1511175329949,Sound_P,64.61127993529891
1511175329952,PodiumIR,190
1511175334515,Temperature_1,24.96
1511175334518,Humidity_1,14.519149343566673
1511175334521,Brightness_1,70.0
1511175334524,Temperature_2,24.6
1511175334526,Humidity_2,15.012428865969973
1511175334528,Brightness_2,72.0
1511175339073,Sound_R,64.52815151998588
1511175339955,Sound_P,65.8563679754536
1511175339960,PodiumIR,209
1511175341219,Temperature_1,24.96
1511175341222,Humidity_1,14.519149343566673
1511175341225,Brightness_1,70.0
1511175341228,Temperature_2,24.6
1511175341230,Humidity_2,15.012428865969973
1511175341233,Brightness_2,72.0
1511175347893,Temperature_1,24.96
1511175347895,Humidity_1,14.519149343566673
1511175347898,Brightness_1,70.0
1511175347901,Temperature_2,24.6
1511175347902,Humidity_2,15.012428865969973
1511175347905,Brightness_2,72.0
1511175349073,Sound_R,61.22776919796155
1511175349963,Sound_P,73.45017003946069
1511175349966,PodiumIR,210
1511175354305,Temperature_1,24.96
1511175354308,Humidity_1,14.519149343566673
1511175354311,Brightness_1,70.0
1511175354313,Temperature_2,24.6
1511175354315,Humidity_2,15.012428865969973
1511175354317,Brightness_2,72.0
1511175358421,Motion_3,False
1511175358421,Motion_4,True
1511175359073,Sound_R,66.91207741619432
1511175359969,Sound_P,63.26648240367583
1511175359981,PodiumIR,204
1511175361106,Temperature_1,24.96
1511175361109,Humidity_1,14.519149343566673
1511175361113,Brightness_1,70.0
1511175361115,Temperature_2,24.6
1511175361118,Humidity_2,15.012428865969973
1511175361121,Brightness_2,72.0
1511175367532,Temperature_1,24.96
1511175367535,Humidity_1,14.519149343566673
1511175367539,Brightness_1,75.0
1511175367541,Temperature_2,24.6
1511175367544,Humidity_2,15.012428865969973
1511175367547,Brightness_2,72.0
1511175369073,Sound_R,68.5703602823919
1511175369984,Sound_P,63.95233273361063
1511175369987,PodiumIR,213
1511175377062,Temperature_1,24.96
1511175377065,Humidity_1,14.519149343566673
1511175377068,Brightness_1,75.0
1511175377071,Temperature_2,24.6
1511175377073,Humidity_2,15.012428865969973
1511175377076,Brightness_2,72.0
1511175379072,Sound_R,63.26193366671887
1511175379993,Sound_P,72.26372429269907
1511175379996,PodiumIR,210
1511175380788,Motion_4,False
1511175380788,Motion_3,True
1511175383515,Temperature_1,24.96
1511175383519,Humidity_1,14.519149343566673
1511175383522,Brightness_1,75.0
1511175383524,Temperature_2,24.6
1511175383527,Humidity_2,15.012428865969973
1511175383529,Brightness_2,72.0
1511175384985,Motion_4,True
1511175386026,Motion_1,True
1511175386026,Motion_2,True
1511175389073,Sound_R,63.51670093710994
1511175389965,Temperature_1,24.96
1511175389969,Humidity_1,14.519149343566673
1511175389972,Brightness_1,75.0
1511175389975,Temperature_2,24.6
1511175389978,Humidity_2,15.012428865969973
1511175389982,Brightness_2,72.0
1511175390002,Sound_P,65.24535518573873
1511175390006,PodiumIR,209
1511175395551,Motion_3,False
1511175395551,Motion_7,True
1511175395551,Motion_6,True
1511175396995,Temperature_1,24.96
1511175397002,Humidity_1,14.519149343566673
1511175397004,Brightness_1,75.0
1511175397007,Temperature_2,24.6
1511175397013,Humidity_2,15.012428865969973
1511175397015,Brightness_2,72.0
1511175399073,Sound_R,64.75717926805004
1511175400011,Sound_P,70.987085069563
1511175400014,PodiumIR,212
1511175402279,Motion_4,False
1511175402279,Motion_1,False
1511175402279,Motion_2,False
1511175402279,Motion_5,True
1511175403683,Temperature_1,24.96
1511175403689,Humidity_1,14.519149343566673
1511175403692,Brightness_1,75.0
1511175403695,Temperature_2,24.6
1511175403700,Humidity_2,15.012428865969973
1511175403703,Brightness_2,72.0
1511175409073,Sound_R,65.27831802868151
1511175410016,Sound_P,70.987085069563
1511175410019,PodiumIR,207
1511175417087,Temperature_1,24.96
1511175417089,Humidity_1,14.519149343566673
1511175417091,Brightness_1,75.0
1511175417093,Temperature_2,24.6
1511175417094,Humidity_2,15.012428865969973
1511175417100,Brightness_2,72.0
1511175419073,Sound_R,65.6323792828872
1511175420023,Sound_P,64.61127993529891
1511175420026,PodiumIR,207
1511175423493,Temperature_1,24.96
1511175423499,Humidity_1,14.519149343566673
1511175423502,Brightness_1,75.0
1511175423504,Temperature_2,24.6
1511175423506,Humidity_2,15.012428865969973
1511175423509,Brightness_2,72.0
1511175425987,Motion_7,False
1511175425987,Motion_6,False
1511175425987,Motion_5,False
1511175425987,Motion_1,True
1511175429073,Sound_R,64.44013314561504
1511175430030,Sound_P,74.91204818426347
1511175430033,PodiumIR,213
1511175430069,Temperature_1,24.96
1511175430073,Humidity_1,14.519149343566673
1511175430084,Brightness_1,75.0
1511175430087,Temperature_2,24.6
1511175430090,Humidity_2,15.012428865969973
1511175430094,Brightness_2,72.0
1511175436516,Temperature_1,24.96
1511175436519,Humidity_1,14.519149343566673
1511175436523,Brightness_1,69.0
1511175436526,Temperature_2,24.6
1511175436529,Humidity_2,15.012428865969973
1511175436532,Brightness_2,72.0
1511175439073,Sound_R,64.1741798207862
1511175439909,Motion_1,False
1511175439909,Motion_2,True
1511175440041,Sound_P,63.26648240367583
1511175440044,PodiumIR,183
1511175443181,Motion_5,True
1511175443210,Temperature_1,24.96
1511175443213,Humidity_1,14.519149343566673
1511175443217,Brightness_1,69.0
1511175443220,Temperature_2,24.6
1511175443222,Humidity_2,15.012428865969973
1511175443226,Brightness_2,72.0
1511175447003,Motion_4,True
1511175448534,Motion_1,True
1511175448534,Motion_6,True
1511175449073,Sound_R,60.1244770377719
1511175449666,Temperature_1,24.96
1511175449669,Humidity_1,14.519149343566673
1511175449673,Brightness_1,69.0
1511175449675,Temperature_2,24.6
1511175449678,Humidity_2,15.012428865969973
1511175449682,Brightness_2,72.0
1511175450047,Sound_P,72.66858725677886
1511175450051,PodiumIR,185
1511175456243,Temperature_1,24.96
1511175456246,Humidity_1,14.519149343566673
1511175456248,Brightness_1,69.0
1511175456251,Temperature_2,24.6
1511175456253,Humidity_2,15.012428865969973
1511175456256,Brightness_2,72.0
1511175459073,Sound_R,60.829687029104
1511175459135,Motion_2,False
1511175459135,Motion_5,False
1511175459135,Motion_4,False
1511175460053,Sound_P,75.25847282855663
1511175460056,PodiumIR,194
1511175462817,Temperature_1,24.96
1511175462820,Humidity_1,14.519149343566673
1511175462824,Brightness_1,69.0
1511175462826,Temperature_2,24.6
1511175462828,Humidity_2,15.012428865969973
1511175462831,Brightness_2,72.0
1511175463572,Motion_1,False
1511175463572,Motion_6,False
1511175463572,Motion_2,True
1511175465128,Motion_6,True
1511175468090,Motion_7,True
1511175469073,Sound_R,68.21416292351628
1511175469226,Temperature_1,24.96
1511175469229,Humidity_1,14.519149343566673
1511175469232,Brightness_1,69.0
1511175469234,Temperature_2,24.6
1511175469237,Humidity_2,15.012428865969973
1511175469239,Brightness_2,72.0
1511175470064,Sound_P,70.0787016850011
1511175470067,PodiumIR,187
1511175475673,Temperature_1,24.96
1511175475676,Humidity_1,14.519149343566673
1511175475680,Brightness_1,69.0
1511175475682,Temperature_2,24.6
1511175475684,Humidity_2,15.012428865969973
1511175475687,Brightness_2,72.0
1511175479073,Sound_R,68.77915590166663
1511175480073,Sound_P,65.24535518573873
1511175480077,PodiumIR,188
1511175482126,Temperature_1,24.96
1511175482129,Humidity_1,14.519149343566673
1511175482133,Brightness_1,69.0
1511175482135,Temperature_2,24.6
1511175482138,Humidity_2,15.012428865969973
1511175482140,Brightness_2,72.0
1511175485884,Motion_5,False
1511175485884,Motion_2,False
1511175485884,Motion_1,False
1511175485884,Motion_6,False
1511175485884,Motion_7,False
1511175488543,Temperature_1,24.96
1511175488546,Humidity_1,14.519149343566673
1511175488549,Brightness_1,69.0
1511175488552,Temperature_2,24.6
1511175488554,Humidity_2,15.012428865969973
1511175488556,Brightness_2,72.0
1511175489073,Sound_R,67.08816338219282
1511175490079,Sound_P,69.11838317407611
1511175490082,PodiumIR,185
1511175490677,Motion_4,True
1511175495114,Motion_6,True
1511175495230,Temperature_1,24.96
1511175495233,Humidity_1,14.642469224167508
1511175495237,Brightness_1,72.0
1511175495239,Temperature_2,24.6
1511175495242,Humidity_2,15.012428865969973
1511175495245,Brightness_2,72.0
1511175499073,Sound_R,69.0361350930938
1511175500017,Motion_7,False
1511175500017,Motion_2,True
1511175500085,Sound_P,62.551438321825636
1511175500088,PodiumIR,195
1511175501699,Temperature_1,24.96
1511175501702,Humidity_1,14.642469224167508
1511175501706,Brightness_1,72.0
1511175501708,Temperature_2,24.6
1511175501710,Humidity_2,15.012428865969973
1511175501714,Brightness_2,72.0
1511175506640,Motion_4,False
1511175508115,Temperature_1,24.96
1511175508118,Humidity_1,14.642469224167508
1511175508122,Brightness_1,72.0
1511175508125,Temperature_2,24.6
1511175508127,Humidity_2,15.012428865969973
1511175508131,Brightness_2,72.0
1511175509073,Sound_R,69.00500030467298
1511175510090,Sound_P,68.61682354019833
1511175510094,PodiumIR,192
1511175513679,Motion_6,False
1511175513679,Motion_2,False
1511175513679,Motion_5,True
1511175514545,Temperature_1,24.96
1511175514548,Humidity_1,14.642469224167508
1511175514551,Brightness_1,72.0
1511175514554,Temperature_2,24.6
1511175514556,Humidity_2,15.012428865969973
1511175514558,Brightness_2,72.0
1511175518506,Motion_1,True
1511175519073,Sound_R,68.99458266002256
1511175520096,Sound_P,64.61127993529891
1511175520107,PodiumIR,208
1511175521345,Temperature_1,24.96
1511175521348,Humidity_1,14.642469224167508
1511175521351,Brightness_1,72.0
1511175521353,Temperature_2,24.6
1511175521355,Humidity_2,15.012428865969973
1511175521359,Brightness_2,76.0
1511175525310,Motion_4,False
1511175525310,Motion_2,True
1511175527829,Temperature_1,24.96
1511175527832,Humidity_1,14.642469224167508
1511175527836,Brightness_1,72.0
1511175527838,Temperature_2,24.6
1511175527840,Humidity_2,15.012428865969973
1511175527843,Brightness_2,76.0
1511175529073,Sound_R,66.96358136227587
1511175530114,Sound_P,63.26648240367583
1511175530119,PodiumIR,197
1511175534240,Temperature_1,24.96
1511175534243,Humidity_1,14.642469224167508
1511175534247,Brightness_1,72.0
1511175534249,Temperature_2,24.6
1511175534251,Humidity_2,15.012428865969973
1511175534254,Brightness_2,76.0
1511175539073,Sound_R,60.319544658128514
1511175540124,Sound_P,63.26648240367583
1511175540133,PodiumIR,198
1511175540696,Temperature_1,24.96
1511175540699,Humidity_1,14.642469224167508
1511175540703,Brightness_1,72.0
1511175540705,Temperature_2,24.6
1511175540707,Humidity_2,15.012428865969973
1511175540711,Brightness_2,76.0
1511175547093,Temperature_1,24.96
1511175547096,Humidity_1,14.642469224167508
1511175547099,Brightness_1,72.0
1511175547102,Temperature_2,24.6
1511175547104,Humidity_2,15.012428865969973
1511175547107,Brightness_2,76.0
1511175549073,Sound_R,61.19930870479133
1511175549183,Motion_5,False
1511175549188,Motion_1,False
1511175549188,Motion_2,False
1511175550137,Sound_P,63.26648240367583
1511175550140,PodiumIR,188
1511175551079,Motion_3,True
1511175553807,Temperature_1,24.96
1511175553810,Humidity_1,14.642469224167508
1511175553814,Brightness_1,72.0
1511175553816,Temperature_2,24.6
1511175553818,Humidity_2,15.012428865969973
1511175553820,Brightness_2,76.0
1511175555036,Motion_5,True
1511175555036,Motion_7,True
1511175555036,Motion_4,True
1511175556126,Motion_8,True
1511175558218,Motion_6,True
1511175559073,Sound_R,62.16163877298243
1511175560142,Sound_P,63.26648240367583
1511175560145,PodiumIR,182
1511175560233,Temperature_1,24.96
1511175560236,Humidity_1,14.519149343566673
1511175560240,Brightness_1,75.0
1511175560242,Temperature_2,24.6
1511175560244,Humidity_2,15.012428865969973
1511175560245,Brightness_2,76.0
1511175562110,Motion_2,True
1511175562110,Motion_1,False
1511175563996,Motion_3,True
1511175566916,Temperature_1,24.96
1511175566919,Humidity_1,14.519149343566673
1511175566923,Brightness_1,75.0
1511175566924,Temperature_2,24.6
1511175566927,Humidity_2,15.012428865969973
1511175566929,Brightness_2,76.0
1511175567953,Motion_5,True
1511175567953,Motion_7,True
1511175567953,Motion_4,False
1511175569073,Sound_R,58.036477949082695
1511175569148,Motion_1,True
1511175570149,Sound_P,64.61127993529891
1511175570153,PodiumIR,183
1511175573368,Temperature_1,24.96
1511175573371,Humidity_1,14.519149343566673
1511175573374,Brightness_1,75.0
1511175573376,Temperature_2,24.6
1511175573378,Humidity_2,15.012428865969973
1511175573380,Brightness_2,76.0
1511175579073,Sound_R,57.68484478623807
1511175579229,Motion_6,False
1511175579229,Motion_8,False
1511175579229,Motion_2,False
1511175579229,Motion_3,True
1511175579229,Seat_2,True
1511175579825,Temperature_1,24.96
1511175579828,Humidity_1,14.519149343566673
1511175579832,Brightness_1,75.0
1511175579834,Temperature_2,24.6
1511175579836,Humidity_2,15.012428865969973
1511175579838,Brightness_2,76.0
1511175580160,Sound_P,63.95233273361063
1511175580163,PodiumIR,83
1511175586302,Temperature_1,24.96
1511175586305,Humidity_1,14.519149343566673
1511175586309,Brightness_1,75.0
1511175586310,Temperature_2,24.6
1511175586312,Humidity_2,15.012428865969973
1511175586314,Brightness_2,72.0
1511175588629,Motion_5,False
1511175588629,Motion_7,False
1511175588629,Motion_1,False
1511175588629,Seat_2,False
1511175589073,Sound_R,58.386635867727136
1511175590170,Sound_P,70.5390318503356
1511175590173,PodiumIR,132
1511175592721,Temperature_1,24.96
1511175592724,Humidity_1,14.519149343566673
1511175592728,Brightness_1,75.0
1511175592730,Temperature_2,24.6
1511175592732,Humidity_2,15.012428865969973
1511175592735,Brightness_2,72.0
1511175594372,Motion_3,False
1511175594372,Motion_2,True
1511175596038,Motion_7,True
1511175599073,Sound_R,57.906499079812704
1511175599174,Temperature_1,24.96
1511175599177,Humidity_1,14.519149343566673
1511175599181,Brightness_1,75.0
1511175599183,Temperature_2,24.6
1511175599185,Humidity_2,15.012428865969973
1511175599187,Brightness_2,72.0
1511175599615,Seat_2,True
1511175600181,Sound_P,52.96571415471127
1511175600184,PodiumIR,87
1511175605635,Temperature_1,24.96
1511175605638,Humidity_1,14.519149343566673
1511175605641,Brightness_1,75.0
1511175605643,Temperature_2,24.6
1511175605645,Humidity_2,15.012428865969973
1511175605649,Brightness_2,72.0
1511175608349,Motion_5,False
1511175608349,Motion_2,False
1511175608349,Motion_3,True
1511175608354,Motion_7,False
1511175609073,Sound_R,56.55189795641561
1511175610191,Sound_P,54.210802194865956
1511175610194,PodiumIR,143
1511175612219,Temperature_1,24.96
1511175612222,Humidity_1,14.519149343566673
1511175612226,Brightness_1,75.0
1511175612230,Temperature_2,24.6
1511175612234,Humidity_2,15.012428865969973
1511175612238,Brightness_2,72.0
1511175618930,Temperature_1,24.96
1511175618933,Humidity_1,14.519149343566673
1511175618937,Brightness_1,75.0
1511175618940,Temperature_2,24.6
1511175618942,Humidity_2,15.012428865969973
1511175618945,Brightness_2,72.0
1511175619073,Sound_R,55.96316267527127
1511175620200,Sound_P,51.62091662308819
1511175620203,PodiumIR,205
1511175621261,Seat_2,False
1511175621261,Motion_3,True
1511175625343,Temperature_1,24.72
1511175625346,Humidity_1,14.642469224167508
1511175625348,Brightness_1,70.0
1511175625351,Temperature_2,24.6
1511175625353,Humidity_2,15.012428865969973
1511175625355,Brightness_2,72.0
1511175629073,Sound_R,55.831446574198104
1511175630205,Sound_P,54.210802194865956
1511175630209,PodiumIR,216
1511175632047,Temperature_1,24.72
1511175632050,Humidity_1,14.642469224167508
1511175632053,Brightness_1,70.0
1511175632055,Temperature_2,24.6
1511175632057,Humidity_2,15.012428865969973
1511175632060,Brightness_2,72.0
1511175638472,Temperature_1,24.72
1511175638475,Humidity_1,14.642469224167508
1511175638479,Brightness_1,70.0
1511175638481,Temperature_2,24.6
1511175638483,Humidity_2,15.012428865969973
1511175638486,Brightness_2,72.0
1511175639073,Sound_R,56.752767080105855
1511175640212,Sound_P,62.551438321825636
1511175640216,PodiumIR,119
1511175641322,Motion_3,False
1511175641322,Motion_5,True
1511175645145,Temperature_1,24.72
1511175645148,Humidity_1,14.642469224167508
1511175645152,Brightness_1,70.0
1511175645154,Temperature_2,24.6
1511175645156,Humidity_2,15.012428865969973
1511175645158,Brightness_2,72.0
1511175645699,Motion_3,True
1511175645699,Motion_1,True
1511175649073,Sound_R,61.366441735698366
1511175650224,Sound_P,57.472817393488484
1511175650232,PodiumIR,206
1511175652805,Temperature_1,24.72
1511175652808,Humidity_1,14.642469224167508
1511175652812,Brightness_1,70.0
1511175652814,Temperature_2,24.6
1511175652816,Humidity_2,15.012428865969973
1511175652818,Brightness_2,72.0
1511175655835,Motion_5,False
1511175655835,Motion_2,True
1511175658611,Motion_3,True
1511175658611,Motion_1,False
1511175659073,Sound_R,63.88014038381565
1511175659280,Temperature_1,24.72
1511175659283,Humidity_1,14.642469224167508
1511175659287,Brightness_1,70.0
1511175659289,Temperature_2,24.6
1511175659291,Humidity_2,15.012428865969973
1511175659293,Brightness_2,72.0
1511175660240,Sound_P,51.62091662308819
1511175660243,PodiumIR,190
1511175665705,Temperature_1,24.72
1511175665708,Humidity_1,14.642469224167508
1511175665712,Brightness_1,70.0
1511175665714,Temperature_2,24.6
1511175665716,Humidity_2,15.012428865969973
1511175665718,Brightness_2,72.0
1511175667831,Motion_7,True
1511175667831,Motion_2,False
1511175669073,Sound_R,63.833773498718166
1511175670246,Sound_P,63.26648240367583
1511175670249,PodiumIR,170
1511175671608,Motion_3,False
1511175671608,Motion_5,True
1511175672227,Temperature_1,24.72
1511175672232,Humidity_1,14.642469224167508
1511175672236,Brightness_1,70.0
1511175672238,Temperature_2,24.6
1511175672240,Humidity_2,15.012428865969973
1511175672244,Brightness_2,72.0
1511175677176,Motion_6,True
1511175678940,Temperature_1,24.72
1511175678943,Humidity_1,14.642469224167508
1511175678947,Brightness_1,70.0
1511175678949,Temperature_2,24.6
1511175678951,Humidity_2,15.012428865969973
1511175678954,Brightness_2,72.0
1511175679073,Sound_R,67.3534676213598
1511175680251,Sound_P,69.11838317407611
1511175680255,PodiumIR,221
1511175685389,Temperature_1,25.07
1511175685391,Humidity_1,14.519149343566673
1511175685395,Brightness_1,69.0
1511175685397,Temperature_2,24.6
1511175685399,Humidity_2,15.012428865969973
1511175685402,Brightness_2,72.0
1511175689073,Sound_R,67.42857746608581
1511175690257,Sound_P,55.369951428718224
1511175690260,PodiumIR,233
1511175692154,Temperature_1,25.07
1511175692157,Humidity_1,14.519149343566673
1511175692161,Brightness_1,69.0
1511175692163,Temperature_2,24.6
1511175692165,Humidity_2,15.012428865969973
1511175692167,Brightness_2,72.0
1511175694655,Motion_7,False
1511175694655,Motion_5,False
1511175694655,Motion_6,False
1511175694655,Motion_2,True
1511175698566,Temperature_1,25.07
1511175698569,Humidity_1,14.519149343566673
1511175698573,Brightness_1,69.0
1511175698575,Temperature_2,24.6
1511175698577,Humidity_2,15.012428865969973
1511175698580,Brightness_2,72.0
1511175699073,Sound_R,63.35585876312198
1511175700263,Sound_P,54.210802194865956
1511175700266,PodiumIR,230
1511175704995,Temperature_1,25.07
1511175704998,Humidity_1,14.519149343566673
1511175705001,Brightness_1,69.0
1511175705003,Temperature_2,24.6
1511175705005,Humidity_2,15.012428865969973
1511175705008,Brightness_2,72.0
1511175705171,Seat_4,True
1511175709073,Sound_R,62.19591534411156
1511175710269,Sound_P,61.023021476191225
1511175710272,PodiumIR,269
1511175711711,Temperature_1,25.07
1511175711714,Humidity_1,14.519149343566673
1511175711718,Brightness_1,69.0
1511175711720,Temperature_2,24.6
1511175711722,Humidity_2,15.012428865969973
1511175711725,Brightness_2,72.0
1511175713040,Motion_2,False
1511175713040,Motion_3,True
1511175718162,Temperature_1,25.07
1511175718165,Humidity_1,14.519149343566673
1511175718169,Brightness_1,69.0
1511175718171,Temperature_2,24.6
1511175718173,Humidity_2,15.012428865969973
1511175718175,Brightness_2,72.0
1511175718553,Motion_1,True
1511175719073,Sound_R,60.548412124755544
1511175720274,Sound_P,56.45426312235056
1511175720277,PodiumIR,183
1511175724573,Temperature_1,25.07
1511175724575,Humidity_1,14.519149343566673
1511175724579,Brightness_1,69.0
1511175724590,Temperature_2,24.6
1511175724594,Humidity_2,15.012428865969973
1511175724596,Brightness_2,72.0
1511175729073,Sound_R,58.87786926624039
1511175729314,Motion_3,False
1511175729314,Motion_6,True
1511175729314,Motion_7,True
1511175730280,Sound_P,58.433135904413454
1511175730283,PodiumIR,190
1511175731269,Temperature_1,25.07
1511175731272,Humidity_1,14.519149343566673
1511175731275,Brightness_1,69.0
1511175731278,Temperature_2,24.6
1511175731280,Humidity_2,15.012428865969973
1511175731284,Brightness_2,72.0
1511175734502,Motion_1,False
1511175734502,Seat_2,True
1511175737929,Temperature_1,25.07
1511175737932,Humidity_1,14.519149343566673
1511175737935,Brightness_1,69.0
1511175737938,Temperature_2,24.6
1511175737940,Humidity_2,15.012428865969973
1511175737941,Brightness_2,72.0
1511175739072,Sound_R,61.747165542906316
1511175740285,Sound_P,63.95233273361063
1511175740289,PodiumIR,197
1511175741991,Seat_2,False
1511175741991,Motion_4,True
1511175741991,Motion_6,False
1511175741991,Motion_7,False
1511175744347,Temperature_1,25.07
1511175744350,Humidity_1,14.519149343566673
1511175744353,Brightness_1,69.0
1511175744355,Temperature_2,24.6
1511175744358,Humidity_2,15.012428865969973
1511175744360,Brightness_2,72.0
1511175744772,Motion_2,True
1511175744772,Motion_7,True
1511175749073,Sound_R,62.194495613765014
1511175750291,Sound_P,67.01551720930587
1511175750294,PodiumIR,194
1511175750834,Temperature_1,24.96
1511175750837,Humidity_1,14.519149343566673
1511175750841,Brightness_1,75.0
1511175750843,Temperature_2,24.6
1511175750845,Humidity_2,15.012428865969973
1511175750847,Brightness_2,72.0
1511175757277,Temperature_1,24.96
1511175757280,Humidity_1,14.519149343566673
1511175757283,Brightness_1,75.0
1511175757285,Temperature_2,24.6
1511175757288,Humidity_2,15.012428865969973
1511175757292,Brightness_2,72.0
1511175759073,Sound_R,61.10259649684662
1511175760297,Sound_P,55.369951428718224
1511175760300,PodiumIR,198
1511175763930,Temperature_1,24.96
1511175763933,Humidity_1,14.519149343566673
1511175763937,Brightness_1,75.0
1511175763939,Temperature_2,24.6
1511175763941,Humidity_2,15.012428865969973
1511175763945,Brightness_2,72.0
1511175769073,Sound_R,62.14650705640006
1511175770303,Sound_P,61.023021476191225
1511175770306,PodiumIR,229
1511175770362,Temperature_1,24.96
1511175770364,Humidity_1,14.519149343566673
1511175770368,Brightness_1,75.0
1511175770370,Temperature_2,24.6
1511175770372,Humidity_2,15.012428865969973
1511175770374,Brightness_2,72.0
1511175771116,Motion_4,False
1511175771116,Motion_7,False
1511175771116,Motion_2,False
1511175776839,Temperature_1,24.96
1511175776841,Humidity_1,14.519149343566673
1511175776845,Brightness_1,75.0
1511175776847,Temperature_2,24.72
1511175776849,Humidity_2,15.012428865969973
1511175776852,Brightness_2,75.0
1511175779073,Sound_R,61.270762511273496
1511175779306,Motion_7,True
1511175780308,Sound_P,52.96571415471127
1511175780312,PodiumIR,250
1511175781051,Seat_9,True
1511175783243,Temperature_1,24.96
1511175783246,Humidity_1,14.519149343566673
1511175783250,Brightness_1,75.0
1511175783252,Temperature_2,24.72
1511175783254,Humidity_2,15.012428865969973
1511175783258,Brightness_2,75.0
1511175785229,Motion_4,False
1511175785229,Motion_2,True
1511175789073,Sound_R,62.77033051646251
1511175789949,Temperature_1,24.96
1511175789952,Humidity_1,14.519149343566673
1511175789956,Brightness_1,75.0
1511175789958,Temperature_2,24.72
1511175789960,Humidity_2,15.012428865969973
1511175789962,Brightness_2,75.0
1511175790314,Sound_P,51.62091662308819
1511175790317,PodiumIR,257
1511175796386,Temperature_1,24.96
1511175796389,Humidity_1,14.519149343566673
1511175796392,Brightness_1,75.0
1511175796394,Temperature_2,24.72
1511175796396,Humidity_2,15.012428865969973
1511175796399,Brightness_2,75.0
1511175799073,Sound_R,64.41327245595197
1511175800322,Sound_P,56.45426312235056
1511175800325,PodiumIR,216
1511175800977,Motion_7,False
1511175800977,Motion_2,False
1511175800977,Motion_4,True
1511175802843,Temperature_1,24.96
1511175802846,Humidity_1,14.519149343566673
1511175802861,Brightness_1,75.0
1511175802863,Temperature_2,24.72
1511175802865,Humidity_2,15.012428865969973
1511175802867,Brightness_2,75.0
1511175805775,Motion_2,True
1511175809073,Sound_R,64.01453893172108
1511175809301,Temperature_1,24.96
1511175809305,Humidity_1,14.519149343566673
1511175809308,Brightness_1,75.0
1511175809310,Temperature_2,24.72
1511175809314,Humidity_2,15.012428865969973
1511175809318,Brightness_2,75.0
1511175810102,Motion_1,True
1511175810331,Sound_P,70.5390318503356
1511175810334,PodiumIR,186
1511175813729,Motion_7,True
1511175813729,Motion_4,False
1511175815744,Temperature_1,25.07
1511175815747,Humidity_1,14.519149343566673
1511175815750,Brightness_1,70.0
1511175815752,Temperature_2,24.72
1511175815756,Humidity_2,15.012428865969973
1511175815760,Brightness_2,75.0
1511175819073,Sound_R,64.66211639191769
1511175820337,Sound_P,60.20329792798059
1511175820340,PodiumIR,129
1511175822173,Temperature_1,25.07
1511175822176,Humidity_1,14.519149343566673
1511175822179,Brightness_1,70.0
1511175822181,Temperature_2,24.72
1511175822183,Humidity_2,15.012428865969973
1511175822188,Brightness_2,75.0
1511175828648,Temperature_1,25.07
1511175828652,Humidity_1,14.519149343566673
1511175828655,Brightness_1,70.0
1511175828658,Temperature_2,24.72
1511175828661,Humidity_2,15.012428865969973
1511175828664,Brightness_2,75.0
1511175829073,Sound_R,65.85578536034022
1511175830348,Sound_P,68.61682354019833
1511175830351,PodiumIR,228
1511175833780,Motion_2,False
1511175833780,Motion_1,False
1511175833780,Motion_7,False
1511175833780,Seat_2,True
1511175835436,Temperature_1,25.07
1511175835440,Humidity_1,14.519149343566673
1511175835443,Brightness_1,70.0
1511175835446,Temperature_2,24.72
1511175835448,Humidity_2,15.012428865969973
1511175835451,Brightness_2,75.0
1511175839073,Sound_R,64.20411013896779
1511175840353,Sound_P,71.84886370856825
1511175840357,PodiumIR,235
1511175842236,Temperature_1,25.07
1511175842239,Humidity_1,14.519149343566673
1511175842243,Brightness_1,70.0
1511175842246,Temperature_2,24.72
1511175842248,Humidity_2,15.012428865969973
1511175842250,Brightness_2,72.0
1511175844630,Seat_2,False
1511175844630,Motion_1,True
1511175844630,Motion_8,True
1511175846697,Motion_2,True
1511175848928,Temperature_1,25.07
1511175848931,Humidity_1,14.519149343566673
1511175848935,Brightness_1,70.0
1511175848937,Temperature_2,24.72
1511175848940,Humidity_2,15.012428865969973
1511175848942,Brightness_2,72.0
1511175849073,Sound_R,63.49540584658431
1511175850359,Sound_P,69.11838317407611
1511175850362,PodiumIR,191
1511175851484,Motion_4,True
1511175855592,Temperature_1,25.07
1511175855595,Humidity_1,14.519149343566673
1511175855599,Brightness_1,70.0
1511175855602,Temperature_2,24.72
1511175855604,Humidity_2,15.012428865969973
1511175855608,Brightness_2,72.0
1511175858418,Seat_7,False
1511175858418,Motion_1,False
1511175858418,Motion_8,False
1511175858418,Motion_5,True
1511175859073,Sound_R,66.28296563357691
1511175860365,Sound_P,55.369951428718224
1511175860368,PodiumIR,242
1511175862003,Temperature_1,25.07
1511175862007,Humidity_1,14.519149343566673
1511175862010,Brightness_1,70.0
1511175862013,Temperature_2,24.72
1511175862015,Humidity_2,15.012428865969973
1511175862019,Brightness_2,72.0
1511175868416,Temperature_1,25.07
1511175868419,Humidity_1,14.519149343566673
1511175868423,Brightness_1,70.0
1511175868425,Temperature_2,24.72
1511175868428,Humidity_2,15.012428865969973
1511175868432,Brightness_2,72.0
1511175869073,Sound_R,68.28205730043454
1511175870370,Sound_P,59.341519288975356
1511175870374,PodiumIR,223
1511175871315,Motion_2,False
1511175871315,Motion_4,False
1511175871315,Motion_5,True
1511175875048,Temperature_1,25.07
1511175875051,Humidity_1,14.519149343566673
1511175875055,Brightness_1,70.0
1511175875058,Temperature_2,24.72
1511175875060,Humidity_2,15.012428865969973
1511175875063,Brightness_2,72.0
1511175878694,Motion_1,True
1511175879073,Sound_R,67.4646932991302
1511175880376,Sound_P,60.20329792798059
1511175880379,PodiumIR,178
1511175881485,Motion_7,True
1511175881729,Temperature_1,25.07
1511175881732,Humidity_1,14.519149343566673
1511175881736,Brightness_1,74.0
1511175881739,Temperature_2,24.72
1511175881741,Humidity_2,15.012428865969973
1511175881743,Brightness_2,72.0
1511175888221,Temperature_1,25.07
1511175888224,Humidity_1,14.519149343566673
1511175888228,Brightness_1,74.0
1511175888231,Temperature_2,24.72
1511175888234,Humidity_2,15.012428865969973
1511175888237,Brightness_2,72.0
1511175889072,Sound_R,67.66068701534417
1511175890382,Sound_P,66.44593723960276
1511175890385,PodiumIR,231
1511175894903,Temperature_1,25.07
1511175894907,Humidity_1,14.519149343566673
1511175894910,Brightness_1,74.0
1511175894913,Temperature_2,24.72
1511175894915,Humidity_2,15.012428865969973
1511175894919,Brightness_2,72.0
1511175895312,Motion_5,False
1511175895312,Motion_1,False
1511175895312,Motion_7,False
1511175895312,Motion_3,True
1511175899073,Sound_R,68.37529541637863
1511175900388,Sound_P,67.01551720930587
1511175900391,PodiumIR,232
1511175901771,Temperature_1,25.07
1511175901774,Humidity_1,14.519149343566673
1511175901775,Brightness_1,74.0
1511175901777,Temperature_2,24.72
1511175901782,Humidity_2,15.012428865969973
1511175901784,Brightness_2,74.0
1511175908233,Temperature_1,25.07
1511175908237,Humidity_1,14.519149343566673
1511175908240,Brightness_1,74.0
1511175908242,Temperature_2,24.72
1511175908245,Humidity_2,15.012428865969973
1511175908249,Brightness_2,74.0
1511175909073,Sound_R,66.89412213560558
1511175910393,Sound_P,55.369951428718224
1511175910397,PodiumIR,212
1511175911276,Motion_3,False
1511175914693,Temperature_1,25.07
1511175914696,Humidity_1,14.519149343566673
1511175914700,Brightness_1,74.0
1511175914702,Temperature_2,24.72
1511175914704,Humidity_2,15.012428865969973
1511175914706,Brightness_2,74.0
1511175919073,Sound_R,66.74086480859798
1511175920399,Sound_P,68.61682354019833
1511175920402,PodiumIR,190
1511175921322,Temperature_1,25.07
1511175921325,Humidity_1,14.519149343566673
1511175921328,Brightness_1,74.0
1511175921330,Temperature_2,24.72
1511175921332,Humidity_2,15.012428865969973
1511175921338,Brightness_2,74.0
1511175924423,Motion_3,False
1511175924423,Motion_7,True
1511175924423,Motion_1,True
1511175926284,Motion_1,True
1511175926284,Motion_2,True
1511175927788,Temperature_1,25.07
1511175927791,Humidity_1,14.519149343566673
1511175927795,Brightness_1,74.0
1511175927797,Temperature_2,24.72
1511175927799,Humidity_2,15.012428865969973
1511175927801,Brightness_2,74.0
1511175929073,Sound_R,66.74587123219986
1511175930405,Sound_P,65.24535518573873
1511175930408,PodiumIR,194
1511175934220,Temperature_1,25.07
1511175934223,Humidity_1,14.519149343566673
1511175934227,Brightness_1,74.0
1511175934236,Temperature_2,24.72
1511175934238,Humidity_2,15.012428865969973
1511175934241,Brightness_2,74.0
1511175938075,Motion_7,False
1511175938075,Motion_4,True
1511175939073,Sound_R,65.42908964669324
1511175940410,Sound_P,52.96571415471127
1511175940414,PodiumIR,190
1511175940981,Temperature_1,25.07
1511175940984,Humidity_1,14.519149343566673
1511175940987,Brightness_1,69.0
1511175940989,Temperature_2,24.72
1511175940991,Humidity_2,15.012428865969973
1511175940997,Brightness_2,74.0
1511175942067,Motion_1,False
1511175942067,Motion_2,False
1511175942067,Motion_3,True
1511175947444,Temperature_1,25.07
1511175947447,Humidity_1,14.519149343566673
1511175947450,Brightness_1,69.0
1511175947453,Temperature_2,24.72
1511175947454,Humidity_2,15.012428865969973
1511175947457,Brightness_2,74.0
1511175949026,Motion_2,True
1511175949072,Sound_R,66.34710264246753
1511175950416,Sound_P,62.551438321825636
1511175950419,PodiumIR,240
1511175953883,Temperature_1,25.07
1511175953886,Humidity_1,14.519149343566673
1511175953890,Brightness_1,69.0
1511175953892,Temperature_2,24.72
1511175953894,Humidity_2,15.012428865969973
1511175953896,Brightness_2,74.0
1511175958061,Motion_5,True
1511175958061,Motion_4,False
1511175958061,Motion_3,False
1511175959073,Sound_R,65.53147608156907
1511175960302,Temperature_1,25.07
1511175960306,Humidity_1,14.519149343566673
1511175960309,Brightness_1,69.0
1511175960311,Temperature_2,24.72
1511175960313,Humidity_2,15.012428865969973
1511175960318,Brightness_2,74.0
1511175960422,Sound_P,65.24535518573873
1511175960425,PodiumIR,227
1511175963774,Motion_2,False
1511175963774,Motion_5,False
1511175963774,Motion_6,True
1511175963774,Motion_7,True
1511175966245,Motion_5,True
1511175967000,Temperature_1,25.07
1511175967003,Humidity_1,14.519149343566673
1511175967006,Brightness_1,69.0
1511175967009,Temperature_2,24.72
1511175967011,Humidity_2,15.012428865969973
1511175967015,Brightness_2,75.0
1511175969073,Sound_R,66.15853090007602
1511175970428,Sound_P,61.023021476191225
1511175970431,PodiumIR,204
1511175972374,Motion_4,False
1511175972374,Motion_1,True
1511175973423,Temperature_1,25.07
1511175973426,Humidity_1,14.519149343566673
1511175973429,Brightness_1,69.0
1511175973431,Temperature_2,24.72
1511175973433,Humidity_2,15.012428865969973
1511175973438,Brightness_2,75.0
1511175977671,Motion_6,False
1511175977671,Motion_7,False
1511175977671,Motion_4,True
1511175979073,Sound_R,68.15186796348422
1511175979996,Temperature_1,25.07
1511175979999,Humidity_1,14.519149343566673
1511175980003,Brightness_1,69.0
1511175980005,Temperature_2,24.72
1511175980007,Humidity_2,15.012428865969973
1511175980010,Brightness_2,75.0
1511175980433,Sound_P,65.24535518573873
1511175980437,PodiumIR,205
1511175986467,Temperature_1,25.07
1511175986470,Humidity_1,14.519149343566673
1511175986473,Brightness_1,69.0
1511175986475,Temperature_2,24.72
1511175986478,Humidity_2,15.012428865969973
1511175986480,Brightness_2,75.0
1511175987847,Motion_5,False
1511175987847,Motion_1,False
1511175989073,Sound_R,65.62480921886383
1511175990439,Sound_P,64.61127993529891
1511175990442,PodiumIR,166
1511175993008,Temperature_1,25.07
1511175993010,Humidity_1,14.519149343566673
1511175993013,Brightness_1,69.0
1511175993015,Temperature_2,24.72
1511175993020,Humidity_2,15.012428865969973
1511175993023,Brightness_2,75.0
1511175997667,Motion_4,False
1511175997667,Motion_2,True
1511175997667,Motion_1,True
1511175998848,Motion_7,True
1511175999073,Sound_R,64.83264248283403
1511175999760,Temperature_1,25.07
1511175999763,Humidity_1,14.519149343566673
1511175999766,Brightness_1,69.0
1511175999769,Temperature_2,24.72
1511175999771,Humidity_2,15.012428865969973
1511175999775,Brightness_2,75.0
1511176000445,Sound_P,54.210802194865956
1511176000448,PodiumIR,193
1511176000734,Motion_5,True
1511176006218,Temperature_1,25.07
1511176006221,Humidity_1,14.519149343566673
1511176006225,Brightness_1,69.0
1511176006229,Temperature_2,24.72
1511176006239,Humidity_2,15.012428865969973
1511176006242,Brightness_2,75.0
1511176007047,Motion_8,True
1511176008868,Motion_6,True
1511176009073,Sound_R,64.1521382426426
1511176010451,Sound_P,65.24535518573873
1511176010454,PodiumIR,192
1511176012643,Temperature_1,25.07
1511176012646,Humidity_1,14.519149343566673
1511176012650,Brightness_1,69.0
1511176012652,Temperature_2,24.72
1511176012655,Humidity_2,15.012428865969973
1511176012660,Brightness_2,75.0
1511176014811,Motion_2,False
1511176014811,Motion_1,False
1511176014811,Motion_7,False
1511176014811,Motion_5,False
1511176016697,Motion_5,True
1511176019073,Sound_R,65.4506586153709
1511176019121,Temperature_1,25.07
1511176019124,Humidity_1,14.519149343566673
1511176019128,Brightness_1,69.0
1511176019130,Temperature_2,24.72
1511176019134,Humidity_2,15.012428865969973
1511176019138,Brightness_2,75.0
1511176020456,Sound_P,58.433135904413454
1511176020460,PodiumIR,214
1511176025568,Temperature_1,25.07
1511176025571,Humidity_1,14.519149343566673
1511176025575,Brightness_1,69.0
1511176025577,Temperature_2,24.72
1511176025581,Humidity_2,15.012428865969973
1511176025585,Brightness_2,75.0
1511176029073,Sound_R,68.5235939959331
1511176030462,Sound_P,63.26648240367583
1511176030465,PodiumIR,208
1511176032019,Temperature_1,25.07
1511176032022,Humidity_1,14.519149343566673
1511176032026,Brightness_1,69.0
1511176032028,Temperature_2,24.72
1511176032033,Humidity_2,15.012428865969973
1511176032036,Brightness_2,70.0
1511176032646,Motion_8,False
1511176032646,Motion_6,False
1511176032651,Motion_7,False
1511176032651,Motion_5,False
1511176038430,Temperature_1,25.07
1511176038433,Humidity_1,14.519149343566673
1511176038437,Brightness_1,69.0
1511176038439,Temperature_2,24.72
1511176038441,Humidity_2,15.012428865969973
1511176038443,Brightness_2,70.0
1511176039073,Sound_R,68.67377866467784
1511176040468,Sound_P,55.369951428718224
1511176040471,PodiumIR,182
1511176042856,Motion_3,True
1511176044962,Motion_2,True
1511176044962,Motion_1,True
1511176044962,Motion_5,False
1511176045123,Temperature_1,25.07
1511176045126,Humidity_1,14.519149343566673
1511176045131,Brightness_1,69.0
1511176045133,Temperature_2,24.72
1511176045135,Humidity_2,15.012428865969973
1511176045139,Brightness_2,70.0
1511176048434,Motion_8,True
1511176048434,Motion_5,True
1511176049073,Sound_R,65.1750556041493
1511176050474,Sound_P,55.369951428718224
1511176050477,PodiumIR,240
1511176051782,Temperature_1,25.07
1511176051785,Humidity_1,14.519149343566673
1511176051789,Brightness_1,69.0
1511176051792,Temperature_2,24.72
1511176051794,Humidity_2,15.012428865969973
1511176051796,Brightness_2,70.0
1511176053497,Motion_7,True
1511176058197,Temperature_1,25.07
1511176058200,Humidity_1,14.519149343566673
1511176058204,Brightness_1,69.0
1511176058206,Temperature_2,24.72
1511176058217,Humidity_2,15.012428865969973
1511176058220,Brightness_2,70.0
1511176059073,Sound_R,67.7405166036396
1511176060480,Sound_P,61.023021476191225
1511176060483,PodiumIR,156
1511176060926,Motion_3,False
1511176060926,Motion_2,False
1511176060926,Motion_1,False
1511176060926,Motion_8,False
1511176060926,Motion_5,False
1511176064919,Temperature_1,25.07
1511176064922,Humidity_1,14.519149343566673
1511176064926,Brightness_1,69.0
1511176064928,Temperature_2,24.72
1511176064932,Humidity_2,15.012428865969973
1511176064936,Brightness_2,70.0
1511176069073,Sound_R,70.47245208382013
1511176070091,Motion_7,False
1511176070091,Motion_3,True
1511176070091,Motion_5,True
1511176070485,Sound_P,63.95233273361063
1511176070489,PodiumIR,227
1511176071354,Temperature_1,25.07
1511176071357,Humidity_1,14.519149343566673
1511176071361,Brightness_1,75.0
1511176071363,Temperature_2,24.72
1511176071365,Humidity_2,15.012428865969973
1511176071369,Brightness_2,70.0
1511176078003,Temperature_1,25.07
1511176078006,Humidity_1,14.519149343566673
1511176078010,Brightness_1,75.0
1511176078012,Temperature_2,24.72
1511176078016,Humidity_2,15.012428865969973
1511176078020,Brightness_2,70.0
1511176079073,Sound_R,68.46546393967117
1511176080491,Sound_P,61.023021476191225
1511176080494,PodiumIR,211
1511176083008,Motion_2,False
1511176083008,Motion_3,True
1511176083008,Motion_5,False
1511176084411,Temperature_1,25.07
1511176084414,Humidity_1,14.519149343566673
1511176084418,Brightness_1,75.0
1511176084420,Temperature_2,24.72
1511176084422,Humidity_2,15.012428865969973
1511176084424,Brightness_2,70.0
1511176084809,Motion_6,True
1511176089073,Sound_R,67.04860809701411
1511176090497,Sound_P,60.20329792798059
1511176090500,PodiumIR,219
1511176091110,Temperature_1,25.07
1511176091113,Humidity_1,14.519149343566673
1511176091116,Brightness_1,75.0
1511176091118,Temperature_2,24.72
1511176091121,Humidity_2,15.012428865969973
1511176091123,Brightness_2,70.0
1511176097554,Temperature_1,25.07
1511176097557,Humidity_1,14.519149343566673
1511176097560,Brightness_1,75.0
1511176097562,Temperature_2,24.72
1511176097565,Humidity_2,15.012428865969973
1511176097570,Brightness_2,72.0
1511176099073,Sound_R,63.30267503386755
1511176100503,Sound_P,54.210802194865956
1511176100506,PodiumIR,227
1511176103998,Temperature_1,25.07
1511176104001,Humidity_1,14.519149343566673
1511176104004,Brightness_1,75.0
1511176104007,Temperature_2,24.72
1511176104009,Humidity_2,15.012428865969973
1511176104012,Brightness_2,72.0
1511176105209,Motion_3,False
1511176105209,Motion_6,False
1511176105209,Motion_4,True
1511176109073,Sound_R,63.17052174633134
1511176110451,Temperature_1,25.07
1511176110454,Humidity_1,14.519149343566673
1511176110458,Brightness_1,75.0
1511176110460,Temperature_2,24.72
1511176110462,Humidity_2,15.012428865969973
1511176110464,Brightness_2,72.0
1511176110509,Sound_P,57.472817393488484
1511176110512,PodiumIR,228
1511176111458,Motion_7,True
1511176116914,Temperature_1,25.07
1511176116917,Humidity_1,14.519149343566673
1511176116921,Brightness_1,75.0
1511176116924,Temperature_2,24.72
1511176116926,Humidity_2,15.012428865969973
1511176116928,Brightness_2,72.0
1511176119073,Sound_R,63.99402606462714
1511176120525,Sound_P,58.433135904413454
1511176120528,PodiumIR,187
1511176121178,Motion_4,False
1511176123359,Temperature_1,25.07
1511176123362,Humidity_1,14.519149343566673
1511176123366,Brightness_1,75.0
1511176123368,Temperature_2,24.72
1511176123370,Humidity_2,15.012428865969973
1511176123372,Brightness_2,72.0
1511176129073,Sound_R,65.57225851249972
1511176129813,Temperature_1,25.07
1511176129816,Humidity_1,14.519149343566673
1511176129820,Brightness_1,69.0
1511176129822,Temperature_2,24.72
1511176129824,Humidity_2,15.012428865969973
1511176129830,Brightness_2,72.0
1511176130530,Sound_P,61.023021476191225
1511176130534,PodiumIR,212
1511176134085,Motion_7,False
1511176134085,Motion_4,True
1511176135315,Motion_3,True
1511176136257,Temperature_1,25.07
1511176136260,Humidity_1,14.519149343566673
1511176136264,Brightness_1,69.0
1511176136266,Temperature_2,24.72
1511176136268,Humidity_2,15.012428865969973
1511176136272,Brightness_2,72.0
1511176139073,Sound_R,69.27004992155345
1511176140542,Sound_P,57.472817393488484
1511176140545,PodiumIR,210
1511176142712,Temperature_1,25.07
1511176142715,Humidity_1,14.519149343566673
1511176142719,Brightness_1,69.0
1511176142721,Temperature_2,24.72
1511176142724,Humidity_2,15.012428865969973
1511176142726,Brightness_2,72.0
1511176144831,Motion_2,True
1511176149073,Sound_R,70.7100371948493
1511176149163,Temperature_1,25.07
1511176149166,Humidity_1,14.519149343566673
1511176149170,Brightness_1,69.0
1511176149172,Temperature_2,24.72
1511176149176,Humidity_2,15.012428865969973
1511176149180,Brightness_2,72.0
1511176150555,Sound_P,60.20329792798059
1511176150559,PodiumIR,204
1511176153745,Motion_4,False
1511176153745,Motion_3,False
1511176153745,Seat_2,True
1511176155840,Temperature_1,25.07
1511176155843,Humidity_1,14.519149343566673
1511176155847,Brightness_1,69.0
1511176155849,Temperature_2,24.72
1511176155851,Humidity_2,15.012428865969973
1511176155857,Brightness_2,72.0
1511176159073,Sound_R,72.49481537336654
1511176160561,Sound_P,68.0998289029382
1511176160564,PodiumIR,217
1511176162258,Temperature_1,25.07
1511176162261,Humidity_1,14.519149343566673
1511176162265,Brightness_1,69.0
1511176162268,Temperature_2,24.72
1511176162270,Motion_2,False
1511176162270,Seat_2,False
1511176162270,Motion_5,True
1511176162270,Motion_4,True
1511176162270,Motion_7,True
1511176162271,Humidity_2,15.012428865969973
1511176162275,Brightness_2,72.0
1511176168723,Temperature_1,25.07
1511176168727,Humidity_1,14.519149343566673
1511176168730,Brightness_1,69.0
1511176168732,Temperature_2,24.72
1511176168735,Humidity_2,15.012428865969973
1511176168739,Brightness_2,72.0
1511176169073,Sound_R,71.24526798961801
1511176170567,Sound_P,61.80460425887306
1511176170570,PodiumIR,217
1511176175173,Temperature_1,25.07
1511176175176,Humidity_1,14.519149343566673
1511176175180,Brightness_1,69.0
1511176175182,Temperature_2,24.72
1511176175184,Humidity_2,15.012428865969973
1511176175188,Brightness_2,72.0
1511176179073,Sound_R,67.06780882954703
1511176180572,Sound_P,52.96571415471127
1511176180576,PodiumIR,216
1511176181638,Temperature_1,25.07
1511176181641,Humidity_1,14.519149343566673
1511176181645,Brightness_1,69.0
1511176181648,Temperature_2,24.72
1511176181650,Humidity_2,15.012428865969973
1511176181653,Brightness_2,72.0
1511176181740,Motion_5,False
1511176181740,Motion_4,False
1511176181740,Motion_7,False
1511176181740,Motion_8,True
1511176184092,Motion_4,True
1511176188231,Temperature_1,25.07
1511176188235,Humidity_1,14.519149343566673
1511176188239,Brightness_1,69.0
1511176188241,Temperature_2,24.72
1511176188243,Humidity_2,15.012428865969973
1511176188245,Brightness_2,72.0
1511176189073,Sound_R,66.67464055689176
1511176190578,Sound_P,51.62091662308819
1511176190581,PodiumIR,216
1511176193346,Motion_2,True
1511176194626,Temperature_1,25.07
1511176194629,Humidity_1,14.519149343566673
1511176194633,Brightness_1,74.0
1511176194635,Temperature_2,24.72
1511176194637,Humidity_2,15.012428865969973
1511176194642,Brightness_2,72.0
1511176199054,Motion_8,False
1511176199054,Motion_4,False
1511176199054,Motion_5,True
1511176199073,Sound_R,66.8530379832232
1511176200450,Motion_6,True
1511176200584,Sound_P,54.210802194865956
1511176200587,PodiumIR,238
1511176201297,Temperature_1,25.07
1511176201300,Humidity_1,14.519149343566673
1511176201304,Brightness_1,74.0
1511176201306,Temperature_2,24.72
1511176201310,Humidity_2,15.012428865969973
1511176201314,Brightness_2,72.0
1511176206093,Motion_8,True
1511176206093,Motion_2,True
1511176207848,Temperature_1,25.07
1511176207851,Humidity_1,14.519149343566673
1511176207855,Brightness_1,74.0
1511176207857,Temperature_2,24.72
1511176207861,Humidity_2,15.012428865969973
1511176207865,Brightness_2,72.0
1511176209073,Sound_R,64.04841250531574
1511176210100,Motion_1,True
1511176210590,Sound_P,69.11838317407611
1511176210593,PodiumIR,212
1511176214267,Temperature_1,25.07
1511176214270,Humidity_1,14.519149343566673
1511176214274,Brightness_1,74.0
1511176214276,Temperature_2,24.72
1511176214280,Humidity_2,15.012428865969973
1511176214284,Brightness_2,72.0
1511176215008,Motion_5,False
1511176215008,Motion_4,False
1511176215008,Motion_6,False
1511176219073,Sound_R,64.42455953214217
1511176219831,Motion_6,False
1511176219831,Motion_8,False
1511176219831,Motion_2,True
1511176220596,Sound_P,54.210802194865956
1511176220599,PodiumIR,226
1511176220676,Temperature_1,25.07
1511176220679,Humidity_1,14.519149343566673
1511176220683,Brightness_1,74.0
1511176220685,Temperature_2,24.72
1511176220690,Humidity_2,15.012428865969973
1511176220693,Brightness_2,76.0
1511176226079,Motion_1,False
1511176227423,Temperature_1,25.07
1511176227426,Humidity_1,14.519149343566673
1511176227429,Brightness_1,74.0
1511176227431,Temperature_2,24.72
1511176227433,Humidity_2,15.012428865969973
1511176227439,Brightness_2,76.0
1511176229073,Sound_R,64.87490181855014
1511176230601,Sound_P,56.45426312235056
1511176230604,PodiumIR,236
1511176230947,Motion_5,False
1511176234158,Temperature_1,25.07
1511176234161,Humidity_1,14.519149343566673
1511176234164,Brightness_1,74.0
1511176234167,Temperature_2,24.72
1511176234170,Humidity_2,15.012428865969973
1511176234174,Brightness_2,76.0
1511176238260,Motion_2,False
1511176238260,Motion_8,True
1511176238260,Motion_1,False
1511176239073,Sound_R,62.950641424617174
1511176240352,Motion_2,True
1511176240577,Temperature_1,25.07
1511176240580,Humidity_1,14.519149343566673
1511176240584,Brightness_1,74.0
1511176240586,Temperature_2,24.72
1511176240590,Humidity_2,15.012428865969973
1511176240594,Brightness_2,76.0
1511176240607,Sound_P,61.023021476191225
1511176240610,PodiumIR,226
1511176242032,Motion_1,True
1511176243498,Motion_3,True
1511176243498,Motion_5,True
1511176243498,Motion_4,True
1511176247265,Temperature_1,25.07
1511176247268,Humidity_1,14.519149343566673
1511176247271,Brightness_1,74.0
1511176247273,Temperature_2,24.72
1511176247275,Humidity_2,15.012428865969973
1511176247278,Brightness_2,76.0
1511176249073,Sound_R,61.67078044263801
1511176250629,Sound_P,66.44593723960276
1511176250633,PodiumIR,131
1511176253716,Temperature_1,25.07
1511176253719,Humidity_1,14.519149343566673
1511176253722,Brightness_1,74.0
1511176253725,Temperature_2,24.72
1511176253727,Humidity_2,15.012428865969973
1511176253732,Brightness_2,76.0
1511176259073,Sound_R,63.772400111561296
1511176260222,Motion_8,False
1511176260222,Motion_2,False
1511176260222,Motion_1,False
1511176260222,Motion_3,False
1511176260222,Motion_5,False
1511176260222,Motion_4,False
1511176260234,Temperature_1,25.07
1511176260237,Humidity_1,14.519149343566673
1511176260241,Brightness_1,70.0
1511176260243,Temperature_2,24.72
1511176260246,Humidity_2,15.012428865969973
1511176260250,Brightness_2,76.0
1511176260635,Sound_P,55.369951428718224
1511176260638,PodiumIR,161
1511176263094,Motion_3,True
1511176264740,Motion_2,True
1511176266732,Temperature_1,25.07
1511176266735,Humidity_1,14.519149343566673
1511176266739,Brightness_1,70.0
1511176266741,Temperature_2,24.72
1511176266744,Humidity_2,15.012428865969973
1511176266747,Brightness_2,76.0
1511176269073,Sound_R,64.46538141193184
1511176270641,Sound_P,54.210802194865956
1511176270644,PodiumIR,172
1511176271183,Motion_1,True
1511176271183,Motion_8,True
1511176273492,Temperature_1,25.07
1511176273495,Humidity_1,14.519149343566673
1511176273499,Brightness_1,70.0
1511176273501,Temperature_2,24.72
1511176273503,Humidity_2,15.012428865969973
1511176273508,Brightness_2,76.0
1511176273949,Motion_4,False
1511176273949,Motion_7,True
1511176275575,Motion_5,True
1511176275575,Motion_4,True
1511176277656,Motion_2,True
1511176277656,Motion_3,False
1511176279073,Sound_R,61.16556406246233
1511176279958,Seat_8,False
1511176279958,Seat_7,True
1511176280044,Temperature_1,25.07
1511176280047,Humidity_1,14.519149343566673
1511176280050,Brightness_1,70.0
1511176280052,Temperature_2,24.72
1511176280054,Humidity_2,15.012428865969973
1511176280057,Brightness_2,76.0
1511176280647,Sound_P,55.369951428718224
1511176280650,PodiumIR,103
1511176281288,Motion_3,True
1511176284095,Motion_1,True
1511176284095,Motion_8,False
1511176286598,Temperature_1,25.07
1511176286601,Humidity_1,14.519149343566673
1511176286604,Brightness_1,70.0
1511176286607,Temperature_2,24.72
1511176286611,Humidity_2,14.889108985369157
1511176286615,Brightness_2,76.0
1511176289073,Sound_R,59.38303643050292
1511176290653,Sound_P,52.96571415471127
1511176290662,PodiumIR,124
1511176291529,Motion_7,False
1511176291529,Motion_5,False
1511176291529,Motion_4,False
1511176291529,Motion_2,False
1511176293247,Temperature_1,25.07
1511176293250,Humidity_1,14.519149343566673
1511176293253,Brightness_1,70.0
1511176293256,Temperature_2,24.72
1511176293258,Humidity_2,14.889108985369157
1511176293263,Brightness_2,76.0
1511176294190,Motion_3,True
1511176298628,Motion_1,False
1511176298628,Seat_2,True
1511176298633,Motion_4,True
1511176299073,Sound_R,61.4896431520674
1511176299694,Temperature_1,25.07
1511176299697,Humidity_1,14.519149343566673
1511176299700,Brightness_1,70.0
1511176299702,Temperature_2,24.72
1511176299704,Humidity_2,14.889108985369157
1511176299709,Brightness_2,76.0
1511176300664,Sound_P,61.023021476191225
1511176300667,PodiumIR,98
1511176304671,Motion_5,True
1511176304676,Motion_2,True
1511176306226,Temperature_1,25.07
1511176306231,Humidity_1,14.519149343566673
1511176306236,Brightness_1,70.0
1511176306238,Temperature_2,24.72
1511176306240,Humidity_2,14.889108985369157
1511176306243,Brightness_2,76.0
1511176308363,Motion_3,False
1511176308363,Motion_1,True
1511176309073,Sound_R,62.2870090284838
1511176310670,Sound_P,54.210802194865956
1511176310673,PodiumIR,139
1511176312694,Temperature_1,25.07
1511176312697,Humidity_1,14.519149343566673
1511176312701,Brightness_1,70.0
1511176312703,Temperature_2,24.72
1511176312705,Humidity_2,14.889108985369157
1511176312708,Brightness_2,76.0
1511176312920,Motion_4,False
1511176312920,Motion_3,True
1511176317538,Motion_7,True
1511176317538,Motion_6,True
1511176317538,Motion_2,False
1511176319073,Sound_R,61.303536094356765
1511176319150,Temperature_1,25.07
1511176319153,Humidity_1,14.519149343566673
1511176319156,Brightness_1,70.0
1511176319158,Temperature_2,24.72
1511176319160,Humidity_2,14.889108985369157
1511176319162,Brightness_2,76.0
1511176319709,Motion_5,False
1511176319709,Motion_8,True
1511176320675,Sound_P,63.95233273361063
1511176320679,PodiumIR,111
1511176321280,Motion_1,True
1511176325806,Temperature_1,25.07
1511176325809,Humidity_1,14.519149343566673
1511176325813,Brightness_1,74.0
1511176325815,Temperature_2,24.72
1511176325819,Humidity_2,14.889108985369157
1511176325823,Brightness_2,76.0
1511176325827,Motion_3,True
1511176329073,Sound_R,66.42361215321962
1511176330681,Sound_P,65.24535518573873
1511176330685,PodiumIR,97
1511176331740,Motion_6,False
1511176331740,Motion_7,False
1511176331740,Motion_4,True
1511176331740,Motion_8,True
1511176332227,Temperature_1,25.07
1511176332230,Humidity_1,14.519149343566673
1511176332234,Brightness_1,74.0
1511176332236,Temperature_2,24.72
1511176332239,Humidity_2,14.889108985369157
1511176332243,Brightness_2,76.0
1511176333836,Motion_5,True
1511176333836,Motion_1,False
1511176333836,Motion_2,True
1511176337228,Motion_1,True
1511176338914,Temperature_1,25.07
1511176338917,Humidity_1,14.519149343566673
1511176338921,Brightness_1,74.0
1511176338923,Temperature_2,24.72
1511176338924,Humidity_2,14.889108985369157
1511176338930,Brightness_2,76.0
1511176339073,Sound_R,68.90660107468305
1511176340695,Sound_P,61.80460425887306
1511176340704,PodiumIR,95
1511176345372,Temperature_1,25.07
1511176345379,Humidity_1,14.519149343566673
1511176345381,Brightness_1,74.0
1511176345383,Temperature_2,24.72
1511176345385,Humidity_2,14.889108985369157
1511176345393,Brightness_2,76.0
1511176347279,Motion_3,False
1511176347279,Motion_4,False
1511176347279,Motion_8,False
1511176347279,Motion_5,False
1511176347279,Motion_2,False
1511176349045,Motion_6,True
1511176349073,Sound_R,69.79175605537155
1511176350709,Sound_P,65.8563679754536
1511176350809,PodiumIR,227
1511176351916,Motion_1,False
1511176351916,Motion_7,True
1511176352132,Temperature_1,25.07
1511176352138,Humidity_1,14.519149343566673
1511176352141,Brightness_1,74.0
1511176352143,Temperature_2,24.72
1511176352151,Humidity_2,15.012428865969973
1511176352154,Brightness_2,70.0
1511176353182,Motion_1,True
1511176354988,Motion_4,True
1511176358550,Temperature_1,25.07
1511176358556,Humidity_1,14.519149343566673
1511176358559,Brightness_1,74.0
1511176358561,Temperature_2,24.72
1511176358563,Humidity_2,15.012428865969973
1511176358565,Brightness_2,70.0
1511176359073,Sound_R,69.90673277180771
1511176360818,Sound_P,59.341519288975356
1511176360821,PodiumIR,225
1511176361001,Motion_3,False
1511176361001,Motion_8,True
1511176361001,Motion_2,True
1511176361001,Motion_6,False
1511176364960,Temperature_1,25.07
1511176364966,Humidity_1,14.519149343566673
1511176364969,Brightness_1,74.0
1511176364971,Temperature_2,24.72
1511176364979,Humidity_2,15.012428865969973
1511176364981,Brightness_2,70.0
1511176369073,Sound_R,66.8258755445327
1511176369415,Motion_7,False
1511176369415,Motion_1,False
1511176369415,Motion_4,False
1511176369415,Motion_5,True
1511176370826,Sound_P,60.20329792798059
1511176370829,PodiumIR,196
1511176370941,Motion_4,True
1511176371683,Temperature_1,25.07
1511176371689,Humidity_1,14.519149343566673
1511176371691,Brightness_1,74.0
1511176371693,Temperature_2,24.72
1511176371695,Humidity_2,15.012428865969973
1511176371697,Brightness_2,70.0
1511176372677,Motion_1,True
1511176374078,Motion_8,False
1511176374078,Motion_7,True
1511176374078,Motion_2,True
1511176376964,Seat_9,True
1511176378233,Temperature_1,25.07
1511176378239,Humidity_1,14.519149343566673
1511176378242,Brightness_1,74.0
1511176378244,Temperature_2,24.72
1511176378246,Humidity_2,15.012428865969973
1511176378255,Brightness_2,70.0
1511176379073,Sound_R,66.56823431811848
1511176380838,Sound_P,56.45426312235056
1511176380841,PodiumIR,189
1511176382627,Motion_5,False
1511176382627,Motion_8,True
1511176384905,Temperature_1,25.07
1511176384911,Humidity_1,14.519149343566673
1511176384914,Brightness_1,73.0
1511176384916,Temperature_2,24.72
1511176384923,Humidity_2,15.012428865969973
1511176384925,Brightness_2,70.0
1511176387100,Motion_4,False
1511176387100,Motion_1,False
1511176387100,Motion_7,False
1511176389073,Sound_R,66.9653777608971
1511176390844,Sound_P,55.369951428718224
1511176390847,PodiumIR,192
1511176391347,Temperature_1,25.07
1511176391354,Humidity_1,14.519149343566673
1511176391356,Brightness_1,73.0
1511176391359,Temperature_2,24.72
1511176391361,Humidity_2,15.012428865969973
1511176391369,Brightness_2,70.0
1511176395714,Motion_2,False
1511176395714,Motion_8,False
1511176395714,Motion_1,True
1511176397826,Temperature_1,25.07
1511176397832,Humidity_1,14.519149343566673
1511176397835,Brightness_1,73.0
1511176397837,Temperature_2,24.72
1511176397844,Humidity_2,15.012428865969973
1511176397847,Brightness_2,70.0
1511176399073,Sound_R,62.74051413707209
1511176400854,Sound_P,73.82773649063114
1511176400858,PodiumIR,212
1511176404241,Temperature_1,25.07
1511176404247,Humidity_1,14.519149343566673
1511176404250,Brightness_1,73.0
1511176404252,Temperature_2,24.72
1511176404254,Humidity_2,15.012428865969973
1511176404261,Brightness_2,70.0
1511176409073,Sound_R,61.86894233557617
1511176410865,Sound_P,65.8563679754536
1511176410869,PodiumIR,215
1511176410891,Temperature_1,25.07
1511176410899,Humidity_1,14.519149343566673
1511176410902,Brightness_1,73.0
1511176410904,Temperature_2,24.72
1511176410906,Humidity_2,14.889108985369157
1511176410915,Brightness_2,76.0
1511176417368,Temperature_1,25.07
1511176417374,Humidity_1,14.519149343566673
1511176417376,Brightness_1,73.0
1511176417379,Temperature_2,24.72
1511176417386,Humidity_2,14.889108985369157
1511176417388,Brightness_2,76.0
1511176417411,Motion_4,False
1511176417411,Seat_2,False
1511176417411,Motion_1,False
1511176417411,Motion_3,True
1511176418657,Motion_5,True
1511176419072,Sound_R,64.27110688714549
1511176420871,Sound_P,68.0998289029382
1511176420874,PodiumIR,255
1511176421563,Motion_8,True
1511176423614,Seat_2,True
1511176424112,Temperature_1,25.07
1511176424118,Humidity_1,14.519149343566673
1511176424121,Brightness_1,73.0
1511176424123,Temperature_2,24.72
1511176424131,Humidity_2,14.889108985369157
1511176424133,Brightness_2,76.0
1511176429073,Sound_R,63.17633910463572
1511176430547,Temperature_1,25.07
1511176430553,Humidity_1,14.519149343566673
1511176430556,Brightness_1,73.0
1511176430558,Temperature_2,24.72
1511176430560,Humidity_2,14.889108985369157
1511176430568,Brightness_2,76.0
1511176430877,Sound_P,68.0998289029382
1511176430880,PodiumIR,252
1511176433369,Motion_3,False
1511176433369,Motion_5,False
1511176437220,Temperature_1,25.07
1511176437226,Humidity_1,14.519149343566673
1511176437229,Brightness_1,73.0
1511176437231,Temperature_2,24.72
1511176437238,Humidity_2,14.889108985369157
1511176437241,Brightness_2,76.0
1511176439073,Sound_R,62.808724510538184
1511176440882,Sound_P,62.551438321825636
1511176440885,PodiumIR,209
1511176443978,Temperature_1,25.07
1511176443985,Humidity_1,14.519149343566673
1511176443987,Brightness_1,73.0
1511176443989,Temperature_2,24.72
1511176443997,Humidity_2,14.889108985369157
1511176444000,Brightness_2,76.0
1511176446271,Motion_8,False
1511176446271,Motion_3,True
1511176446271,Motion_4,True
1511176449073,Sound_R,66.05641345917645
1511176450418,Temperature_1,25.07
1511176450424,Humidity_1,14.519149343566673
1511176450427,Brightness_1,70.0
1511176450430,Temperature_2,24.72
1511176450438,Humidity_2,14.889108985369157
1511176450440,Brightness_2,76.0
1511176450888,Sound_P,71.84886370856825
1511176450892,PodiumIR,214
1511176456897,Temperature_1,25.07
1511176456903,Humidity_1,14.519149343566673
1511176456905,Brightness_1,70.0
1511176456907,Temperature_2,24.72
1511176456909,Humidity_2,14.889108985369157
1511176456918,Brightness_2,76.0
1511176459073,Sound_R,69.9302965802335
1511176460897,Sound_P,55.369951428718224
1511176460900,PodiumIR,195
1511176462945,Seat_2,False
1511176462945,Motion_3,False
1511176462945,Motion_4,False
1511176463434,Temperature_1,25.07
1511176463441,Humidity_1,14.519149343566673
1511176463443,Brightness_1,70.0
1511176463445,Temperature_2,24.72
1511176463453,Humidity_2,14.889108985369157
1511176463455,Brightness_2,76.0
1511176469073,Sound_R,67.66304357884577
1511176469886,Temperature_1,25.07
1511176469891,Humidity_1,14.519149343566673
1511176469894,Brightness_1,70.0
1511176469896,Temperature_2,24.72
1511176469898,Humidity_2,14.889108985369157
1511176469900,Brightness_2,76.0
1511176470906,Sound_P,57.472817393488484
1511176470909,PodiumIR,223
1511176471145,Motion_6,True
1511176471145,Motion_7,True
1511176472515,Motion_1,True
1511176472515,Motion_5,True
1511176473876,Motion_7,True
1511176473876,Motion_2,True
1511176476272,Motion_4,False
1511176476272,Motion_8,True
1511176476908,Temperature_1,25.07
1511176476914,Humidity_1,14.519149343566673
1511176476917,Brightness_1,70.0
1511176476919,Temperature_2,24.72
1511176476921,Humidity_2,15.012428865969973
1511176476923,Brightness_2,76.0
1511176478894,Motion_4,True
1511176479073,Sound_R,64.48233100136211
1511176480915,Sound_P,56.45426312235056
1511176480918,PodiumIR,218
1511176483324,Temperature_1,25.07
1511176483330,Humidity_1,14.519149343566673
1511176483333,Brightness_1,70.0
1511176483335,Temperature_2,24.72
1511176483337,Humidity_2,15.012428865969973
1511176483345,Brightness_2,76.0
1511176483691,Seat_2,True
1511176483691,Motion_6,False
1511176488464,Motion_1,False
1511176488464,Motion_5,False
1511176488464,Motion_7,False
1511176488464,Motion_2,False
1511176488469,Motion_1,True
1511176488469,Motion_8,False
1511176489073,Sound_R,65.5347353544954
1511176490060,Temperature_1,25.07
1511176490066,Humidity_1,14.519149343566673
1511176490069,Brightness_1,70.0
1511176490071,Temperature_2,24.72
1511176490078,Humidity_2,15.012428865969973
1511176490081,Brightness_2,76.0
1511176490310,Motion_3,True
1511176490924,Sound_P,54.210802194865956
1511176490927,PodiumIR,220
1511176496510,Temperature_1,25.07
1511176496517,Humidity_1,14.519149343566673
1511176496520,Brightness_1,70.0
1511176496522,Temperature_2,24.72
1511176496528,Humidity_2,15.012428865969973
1511176496531,Brightness_2,76.0
1511176499073,Sound_R,66.36120755264886
1511176500933,Sound_P,50.159038478285424
1511176500936,PodiumIR,155
1511176502916,Temperature_1,25.07
1511176502922,Humidity_1,14.519149343566673
1511176502925,Brightness_1,70.0
1511176502927,Temperature_2,24.72
1511176502932,Humidity_2,15.012428865969973
1511176502935,Brightness_2,76.0
1511176504397,Motion_4,False
1511176504397,Motion_1,False
1511176504397,Motion_3,False
1511176504397,Seat_2,False
1511176504397,Motion_5,True
1511176509073,Sound_R,63.39833814543483
1511176509617,Temperature_1,25.07
1511176509622,Humidity_1,14.519149343566673
1511176509625,Brightness_1,70.0
1511176509628,Temperature_2,24.72
1511176509630,Humidity_2,15.012428865969973
1511176509636,Brightness_2,76.0
1511176510941,Sound_P,50.159038478285424
1511176510944,PodiumIR,226
1511176516078,Temperature_1,25.07
1511176516084,Humidity_1,14.519149343566673
1511176516087,Brightness_1,70.0
1511176516089,Temperature_2,24.72
1511176516092,Humidity_2,15.012428865969973
1511176516094,Brightness_2,76.0
1511176519073,Sound_R,66.59928015892733
1511176520346,Motion_5,False
1511176520949,Sound_P,67.56641902255494
1511176520952,PodiumIR,216
1511176522501,Temperature_1,25.07
1511176522507,Humidity_1,14.519149343566673
1511176522509,Brightness_1,70.0
1511176522511,Temperature_2,24.72
1511176522514,Humidity_2,15.012428865969973
1511176522520,Brightness_2,76.0
1511176526344,Motion_4,True
1511176528815,Seat_2,True
1511176528990,Temperature_1,25.07
1511176528996,Humidity_1,14.519149343566673
1511176528999,Brightness_1,70.0
1511176529001,Temperature_2,24.72
1511176529003,Humidity_2,15.012428865969973
1511176529009,Brightness_2,76.0
1511176529073,Sound_R,70.02273367220074
1511176530956,Sound_P,67.01551720930587
1511176530959,PodiumIR,232
1511176535532,Temperature_1,25.07
1511176535537,Humidity_1,14.519149343566673
1511176535540,Brightness_1,70.0
1511176535542,Temperature_2,24.72
1511176535545,Humidity_2,15.012428865969973
1511176535549,Brightness_2,76.0
1511176539073,Sound_R,67.87289157197934
1511176539601,Motion_5,False
1511176539601,Motion_4,False
1511176539601,Motion_7,True
1511176539601,Motion_6,True
1511176540962,Sound_P,59.341519288975356
1511176540968,PodiumIR,211
1511176541976,Temperature_1,25.07
1511176541979,Humidity_1,14.519149343566673
1511176541982,Brightness_1,70.0
1511176541984,Temperature_2,24.72
1511176541987,Humidity_2,14.889108985369157
1511176541989,Brightness_2,72.0
1511176548388,Temperature_1,25.07
1511176548391,Humidity_1,14.519149343566673
1511176548395,Brightness_1,70.0
1511176548397,Temperature_2,24.72
1511176548399,Humidity_2,14.889108985369157
1511176548401,Brightness_2,72.0
1511176549073,Sound_R,68.38908956056538
1511176550970,Sound_P,51.62091662308819
1511176550974,PodiumIR,223
1511176555092,Temperature_1,25.07
1511176555095,Humidity_1,14.519149343566673
1511176555098,Brightness_1,70.0
1511176555100,Temperature_2,24.72
1511176555103,Humidity_2,14.889108985369157
1511176555105,Brightness_2,72.0
1511176559073,Sound_R,69.65907604352475
1511176560976,Sound_P,61.80460425887306
1511176560979,PodiumIR,205
1511176561550,Temperature_1,25.07
1511176561553,Humidity_1,14.519149343566673
1511176561556,Brightness_1,70.0
1511176561559,Temperature_2,24.72
1511176561561,Humidity_2,14.889108985369157
1511176561564,Brightness_2,72.0
1511176567992,Temperature_1,25.07
1511176567994,Humidity_1,14.519149343566673
1511176567997,Brightness_1,70.0
1511176568000,Temperature_2,24.72
1511176568002,Humidity_2,14.889108985369157
1511176568004,Brightness_2,72.0
1511176569073,Sound_R,68.9565272354689
1511176570981,Sound_P,54.210802194865956
1511176570985,PodiumIR,187
1511176574515,Temperature_1,25.07
1511176574518,Humidity_1,14.519149343566673
1511176574521,Brightness_1,70.0
1511176574523,Temperature_2,24.72
1511176574525,Humidity_2,14.889108985369157
1511176574527,Brightness_2,72.0
1511176579073,Sound_R,69.48736754204482
1511176580988,Sound_P,54.210802194865956
1511176580991,PodiumIR,109
1511176581017,Temperature_1,25.07
1511176581020,Humidity_1,14.519149343566673
1511176581023,Brightness_1,70.0
1511176581026,Temperature_2,24.72
1511176581028,Humidity_2,14.889108985369157
1511176581030,Brightness_2,72.0
1511176587545,Temperature_1,25.07
1511176587548,Humidity_1,14.519149343566673
1511176587551,Brightness_1,70.0
1511176587553,Temperature_2,24.72
1511176587555,Humidity_2,14.889108985369157
1511176587557,Brightness_2,72.0
1511176589073,Sound_R,72.29797216563308
1511176590994,Sound_P,58.433135904413454
1511176590998,PodiumIR,283
1511176594201,Temperature_1,25.07
1511176594204,Humidity_1,14.519149343566673
1511176594207,Brightness_1,70.0
1511176594209,Temperature_2,24.72
1511176594212,Humidity_2,14.889108985369157
1511176594214,Brightness_2,72.0
1511176599073,Sound_R,70.43701163086745
1511176601002,Sound_P,60.20329792798059
1511176601005,PodiumIR,201
1511176607627,Temperature_1,25.07
1511176607630,Humidity_1,14.519149343566673
1511176607633,Brightness_1,70.0
1511176607635,Temperature_2,24.72
1511176607638,Humidity_2,14.889108985369157
1511176607640,Brightness_2,72.0
1511176609073,Sound_R,68.10161577606017
1511176610604,Motion_7,False
1511176610604,Motion_6,False
1511176610604,Motion_5,True
1511176611010,Sound_P,63.26648240367583
1511176611013,PodiumIR,227
1511176614072,Temperature_1,25.07
1511176614075,Humidity_1,14.519149343566673
1511176614078,Brightness_1,70.0
1511176614080,Temperature_2,24.72
1511176614082,Humidity_2,14.889108985369157
1511176614084,Brightness_2,72.0
1511176619073,Sound_R,65.03252903137367
1511176620495,Temperature_1,25.07
1511176620498,Humidity_1,14.519149343566673
1511176620501,Brightness_1,70.0
1511176620503,Temperature_2,24.72
1511176620505,Humidity_2,14.889108985369157
1511176620508,Brightness_2,72.0
1511176621018,Sound_P,68.61682354019833
1511176621022,PodiumIR,192
1511176627180,Temperature_1,25.07
1511176627183,Humidity_1,14.519149343566673
1511176627186,Brightness_1,70.0
1511176627189,Temperature_2,24.72
1511176627192,Humidity_2,14.889108985369157
1511176627195,Brightness_2,72.0
1511176629073,Sound_R,64.35347446939547
1511176631027,Sound_P,65.24535518573873
1511176631030,PodiumIR,201
1511176633631,Temperature_1,25.07
1511176633634,Humidity_1,14.519149343566673
1511176633637,Brightness_1,70.0
1511176633639,Temperature_2,24.72
1511176633641,Humidity_2,14.889108985369157
1511176633644,Brightness_2,72.0
1511176639073,Sound_R,69.12477302443615
1511176640080,Temperature_1,25.07
1511176640083,Humidity_1,14.519149343566673
1511176640086,Brightness_1,73.0
1511176640089,Temperature_2,24.72
1511176640091,Humidity_2,14.889108985369157
1511176640094,Brightness_2,72.0
1511176641035,Sound_P,56.45426312235056
1511176641039,PodiumIR,205
1511176646508,Temperature_1,25.07
1511176646510,Humidity_1,14.519149343566673
1511176646514,Brightness_1,73.0
1511176646516,Temperature_2,24.72
1511176646518,Humidity_2,14.889108985369157
1511176646520,Brightness_2,72.0
1511176649073,Sound_R,68.96693060128173
1511176651043,Sound_P,71.84886370856825
1511176651047,PodiumIR,148
1511176653191,Temperature_1,25.07
1511176653194,Humidity_1,14.519149343566673
1511176653197,Brightness_1,73.0
1511176653200,Temperature_2,24.72
1511176653201,Humidity_2,14.889108985369157
1511176653204,Brightness_2,72.0
1511176659073,Sound_R,70.45784510526208
1511176659085,Motion_5,False
1511176659085,Seat_2,False
1511176659085,Motion_1,True
1511176659085,Motion_8,True
1511176659594,Temperature_1,25.07
1511176659597,Humidity_1,14.519149343566673
1511176659601,Brightness_1,73.0
1511176659603,Temperature_2,24.72
1511176659605,Humidity_2,14.889108985369157
1511176659607,Brightness_2,72.0
1511176661053,Sound_P,52.96571415471127
1511176661056,PodiumIR,208
1511176666225,Temperature_1,25.07
1511176666230,Humidity_1,14.519149343566673
1511176666235,Brightness_1,73.0
1511176666238,Temperature_2,24.84
1511176666240,Humidity_2,14.889108985369157
1511176666243,Brightness_2,72.0
1511176668660,Motion_7,True
1511176668660,Motion_5,True
1511176669072,Sound_R,72.3209191715339
1511176671059,Sound_P,52.96571415471127
1511176671062,PodiumIR,211
1511176671181,Seat_2,True
1511176671181,Motion_1,False
1511176672850,Temperature_1,25.07
1511176672853,Humidity_1,14.519149343566673
1511176672856,Brightness_1,73.0
1511176672859,Temperature_2,24.84
1511176672861,Humidity_2,14.889108985369157
1511176672864,Brightness_2,72.0
1511176678455,Motion_8,False
1511176678455,Motion_2,True
1511176679073,Sound_R,69.09310424232622
1511176679313,Temperature_1,25.07
1511176679316,Humidity_1,14.519149343566673
1511176679319,Brightness_1,73.0
1511176679321,Temperature_2,24.84
1511176679323,Humidity_2,14.889108985369157
1511176679325,Brightness_2,72.0
1511176679676,Motion_1,True
1511176681067,Sound_P,50.159038478285424
1511176681070,PodiumIR,216
1511176682377,Motion_5,False
1511176682377,Motion_7,False
1511176682377,Motion_4,True
1511176685724,Temperature_1,25.07
1511176685727,Humidity_1,14.519149343566673
1511176685730,Brightness_1,73.0
1511176685733,Temperature_2,24.84
1511176685735,Humidity_2,14.889108985369157
1511176685737,Brightness_2,72.0
1511176689072,Sound_R,68.25243056168887
1511176689801,Motion_3,True
1511176691075,Sound_P,57.472817393488484
1511176691083,PodiumIR,214
1511176691122,Motion_5,True
1511176691122,Motion_2,True
1511176691122,Motion_7,True
1511176691122,Motion_8,True
1511176691122,Motion_6,True
1511176692219,Temperature_1,25.07
1511176692222,Humidity_1,14.519149343566673
1511176692225,Brightness_1,73.0
1511176692229,Temperature_2,24.84
1511176692234,Humidity_2,14.889108985369157
1511176692237,Brightness_2,72.0
1511176692578,Motion_1,True
1511176698964,Temperature_1,25.07
1511176698967,Humidity_1,14.519149343566673
1511176698970,Brightness_1,73.0
1511176698972,Temperature_2,24.84
1511176698974,Humidity_2,14.889108985369157
1511176698976,Brightness_2,72.0
1511176699073,Sound_R,65.82602519789563
1511176701089,Sound_P,67.01551720930587
1511176701092,PodiumIR,161
1511176705409,Temperature_1,25.07
1511176705411,Humidity_1,14.519149343566673
1511176705414,Brightness_1,73.0
1511176705416,Temperature_2,24.84
1511176705418,Humidity_2,14.889108985369157
1511176705423,Brightness_2,72.0
1511176705490,Motion_4,False
1511176705490,Motion_3,False
1511176705495,Motion_5,False
1511176705495,Motion_2,False
1511176705495,Motion_7,False
1511176705495,Motion_8,False
1511176705495,Motion_6,False
1511176705495,Motion_1,True
1511176709073,Sound_R,66.49508549381981
1511176711097,Sound_P,74.55832985633069
1511176711100,PodiumIR,203
1511176712069,Temperature_1,25.07
1511176712071,Humidity_1,14.519149343566673
1511176712074,Brightness_1,73.0
1511176712077,Temperature_2,24.84
1511176712079,Humidity_2,14.889108985369157
1511176712081,Brightness_2,72.0
1511176715289,Door,activate
1511176718473,Temperature_1,25.07
1511176718477,Humidity_1,14.519149343566673
1511176718480,Brightness_1,73.0
1511176718482,Temperature_2,24.84
1511176718484,Humidity_2,14.889108985369157
1511176718487,Brightness_2,72.0
1511176719073,Sound_R,72.78394210424456
1511176721106,Sound_P,78.09150302019039
1511176721110,PodiumIR,200
1511176721453,Motion_1,False
1511176723779,Motion_8,True
1511176725180,Temperature_1,25.07
1511176725183,Humidity_1,14.519149343566673
1511176725187,Brightness_1,73.0
1511176725189,Temperature_2,24.84
1511176725192,Humidity_2,14.889108985369157
1511176725195,Brightness_2,72.0
1511176729072,Sound_R,74.08043160816419
1511176729558,Motion_5,True
1511176731108,Motion_4,True
1511176731116,Sound_P,54.210802194865956
1511176731119,PodiumIR,245
1511176732047,Temperature_1,25.07
1511176732050,Humidity_1,14.519149343566673
1511176732053,Brightness_1,73.0
1511176732056,Temperature_2,24.84
1511176732059,Humidity_2,15.012428865969973
1511176732063,Brightness_2,75.0
1511176738450,Temperature_1,25.07
1511176738453,Humidity_1,14.519149343566673
1511176738457,Brightness_1,73.0
1511176738460,Temperature_2,24.84
1511176738463,Humidity_2,15.012428865969973
1511176738466,Brightness_2,75.0
1511176739073,Sound_R,66.69228160051853
1511176740378,Motion_1,False
1511176740383,Motion_8,False
1511176740383,Motion_1,True
1511176741125,Sound_P,51.62091662308819
1511176741128,PodiumIR,237
1511176741849,Motion_8,True
1511176741849,Motion_5,False
1511176742905,Motion_3,True
1511176742905,Motion_2,True
1511176744385,Motion_4,False
1511176744385,Motion_6,True
1511176745152,Temperature_1,25.07
1511176745155,Humidity_1,14.519149343566673
1511176745159,Brightness_1,73.0
1511176745161,Temperature_2,24.84
1511176745164,Humidity_2,15.012428865969973
1511176745166,Brightness_2,75.0
1511176749073,Sound_R,60.41640303517412
1511176750048,Motion_5,True
1511176751136,Sound_P,68.0998289029382
1511176751139,PodiumIR,230
1511176751571,Temperature_1,25.07
1511176751574,Humidity_1,14.519149343566673
1511176751578,Brightness_1,73.0
1511176751580,Temperature_2,24.84
1511176751583,Humidity_2,15.012428865969973
1511176751585,Brightness_2,75.0
1511176758050,Temperature_1,25.07
1511176758053,Humidity_1,14.519149343566673
1511176758057,Brightness_1,73.0
1511176758059,Temperature_2,24.84
1511176758061,Humidity_2,15.012428865969973
1511176758064,Brightness_2,75.0
1511176759073,Sound_R,64.02299962308433
1511176760377,Door,activate
1511176761146,Sound_P,61.80460425887306
1511176761150,PodiumIR,225
1511176764452,Temperature_1,25.07
1511176764455,Humidity_1,14.519149343566673
1511176764458,Brightness_1,73.0
1511176764461,Temperature_2,24.84
1511176764463,Humidity_2,15.012428865969973
1511176764466,Brightness_2,75.0
1511176767143,Motion_1,False
1511176767143,Motion_8,False
1511176767143,Motion_3,False
1511176767143,Motion_2,False
1511176767143,Motion_6,False
1511176767143,Motion_5,False
1511176767148,Motion_1,True
1511176767148,Motion_3,True
1511176769069,Motion_2,True
1511176769073,Sound_R,68.78991458747164
1511176771155,Sound_P,60.20329792798059
1511176771159,PodiumIR,191
1511176771165,Temperature_1,25.07
1511176771168,Humidity_1,14.519149343566673
1511176771176,Brightness_1,73.0
1511176771178,Temperature_2,24.84
1511176771180,Humidity_2,15.012428865969973
1511176771184,Brightness_2,75.0
1511176777582,Temperature_1,25.07
1511176777585,Humidity_1,14.519149343566673
1511176777589,Brightness_1,73.0
1511176777591,Temperature_2,24.84
1511176777594,Humidity_2,15.012428865969973
1511176777596,Brightness_2,75.0
1511176779073,Sound_R,68.15266530394398
1511176781165,Sound_P,63.95233273361063
1511176781168,PodiumIR,215
1511176784242,Temperature_1,25.07
1511176784245,Humidity_1,14.519149343566673
1511176784249,Brightness_1,73.0
1511176784252,Temperature_2,24.84
1511176784255,Humidity_2,15.012428865969973
1511176784258,Brightness_2,75.0
1511176787739,Motion_1,False
1511176787739,Motion_3,False
1511176787739,Motion_2,False
1511176789073,Sound_R,70.73979916363305
1511176789660,Motion_2,True
1511176789660,Motion_8,True
1511176790714,Temperature_1,25.07
1511176790718,Humidity_1,14.519149343566673
1511176790721,Brightness_1,73.0
1511176790724,Temperature_2,24.84
1511176790727,Humidity_2,14.889108985369157
1511176790730,Brightness_2,72.0
1511176791175,Sound_P,74.91204818426347
1511176791179,PodiumIR,245
1511176792191,Motion_5,True
1511176797171,Temperature_1,25.07
1511176797174,Humidity_1,14.519149343566673
1511176797178,Brightness_1,73.0
1511176797180,Temperature_2,24.84
1511176797183,Humidity_2,14.889108985369157
1511176797186,Brightness_2,72.0
1511176799072,Sound_R,72.68910617321667
1511176801184,Sound_P,73.82773649063114
1511176801188,PodiumIR,260
1511176803582,Temperature_1,25.07
1511176803585,Humidity_1,14.519149343566673
1511176803589,Brightness_1,73.0
1511176803591,Temperature_2,24.84
1511176803594,Humidity_2,14.889108985369157
1511176803597,Brightness_2,72.0
1511176808149,Motion_1,False
1511176808149,Motion_2,False
1511176808149,Motion_8,False
1511176808149,Motion_5,False
1511176809073,Sound_R,69.20157469598352
1511176810223,Temperature_1,25.07
1511176810226,Humidity_1,14.519149343566673
1511176810231,Brightness_1,73.0
1511176810234,Temperature_2,24.84
1511176810236,Humidity_2,14.889108985369157
1511176810240,Brightness_2,72.0
1511176810246,Motion_4,True
1511176811194,Sound_P,68.61682354019833
1511176811198,PodiumIR,228
1511176816929,Temperature_1,25.07
1511176816932,Humidity_1,14.519149343566673
1511176816937,Brightness_1,73.0
1511176816939,Temperature_2,24.84
1511176816941,Humidity_2,14.889108985369157
1511176816944,Brightness_2,72.0
1511176819073,Sound_R,70.3838792839619
1511176821206,Sound_P,55.369951428718224
1511176821209,PodiumIR,239
1511176823580,Temperature_1,25.07
1511176823583,Humidity_1,14.519149343566673
1511176823587,Brightness_1,73.0
1511176823590,Temperature_2,24.84
1511176823592,Humidity_2,14.889108985369157
1511176823595,Brightness_2,72.0
1511176823708,Motion_5,False
1511176823708,Motion_8,False
1511176823708,Motion_4,False
1511176823708,Motion_1,True
1511176826539,Motion_2,True
1511176826539,Motion_8,True
1511176829073,Sound_R,70.5501891377972
1511176830227,Temperature_1,25.07
1511176830231,Humidity_1,14.519149343566673
1511176830235,Brightness_1,69.0
1511176830238,Temperature_2,24.84
1511176830240,Humidity_2,14.889108985369157
1511176830243,Brightness_2,72.0
1511176831042,Motion_6,True
1511176831042,Motion_3,True
1511176831211,Sound_P,63.26648240367583
1511176831214,PodiumIR,145
1511176836896,Temperature_1,25.07
1511176836899,Humidity_1,14.519149343566673
1511176836903,Brightness_1,69.0
1511176836905,Temperature_2,24.84
1511176836908,Humidity_2,14.889108985369157
1511176836910,Brightness_2,72.0
1511176838070,Motion_1,False
1511176838070,Motion_5,True
1511176839073,Sound_R,69.76066530343391
1511176840202,Motion_2,False
1511176840202,Motion_7,True
1511176840202,Motion_8,True
1511176841217,Sound_P,70.987085069563
1511176841220,PodiumIR,231
1511176842508,Motion_2,True
1511176843550,Temperature_1,25.07
1511176843553,Humidity_1,14.519149343566673
1511176843556,Brightness_1,69.0
1511176843559,Temperature_2,24.84
1511176843562,Humidity_2,14.889108985369157
1511176843565,Brightness_2,72.0
1511176847741,Motion_6,False
1511176847741,Motion_3,False
1511176849073,Sound_R,66.22667468757835
1511176849973,Temperature_1,25.07
1511176849977,Humidity_1,14.519149343566673
1511176849981,Brightness_1,69.0
1511176849983,Temperature_2,24.84
1511176849986,Humidity_2,14.889108985369157
1511176849989,Brightness_2,72.0
1511176851223,Sound_P,52.96571415471127
1511176851226,PodiumIR,209
1511176856519,Temperature_1,25.07
1511176856523,Humidity_1,14.519149343566673
1511176856526,Brightness_1,69.0
1511176856529,Temperature_2,24.84
1511176856532,Humidity_2,15.012428865969973
1511176856535,Brightness_2,76.0
1511176857266,Motion_5,False
1511176857266,Motion_7,False
1511176857266,Motion_8,False
1511176857266,Motion_2,False
1511176859073,Sound_R,63.4512170262502
1511176860647,Motion_3,True
1511176860647,Motion_4,True
1511176861229,Sound_P,54.210802194865956
1511176861232,PodiumIR,203
1511176862930,Temperature_1,25.07
1511176862933,Humidity_1,14.519149343566673
1511176862936,Brightness_1,69.0
1511176862939,Temperature_2,24.84
1511176862942,Humidity_2,15.012428865969973
1511176862945,Brightness_2,76.0
1511176865055,Motion_6,True
1511176867876,Motion_7,True
1511176869073,Sound_R,66.0888659216573
1511176869558,Temperature_1,25.07
1511176869561,Humidity_1,14.519149343566673
1511176869565,Brightness_1,69.0
1511176869568,Temperature_2,24.84
1511176869570,Humidity_2,15.012428865969973
1511176869573,Brightness_2,76.0
1511176870158,Motion_5,True
1511176871234,Sound_P,55.369951428718224
1511176871238,PodiumIR,207
1511176873559,Motion_3,True
1511176873559,Motion_4,False
1511176875977,Temperature_1,25.07
1511176875980,Humidity_1,14.519149343566673
1511176875983,Brightness_1,69.0
1511176875986,Temperature_2,24.84
1511176875989,Humidity_2,15.012428865969973
1511176875991,Brightness_2,76.0
1511176879073,Sound_R,63.99986645301655
1511176881240,Sound_P,55.369951428718224
1511176881247,PodiumIR,185
1511176881744,Motion_7,False
1511176881744,Motion_6,False
1511176881749,Motion_2,True
1511176882379,Temperature_1,25.07
1511176882381,Humidity_1,14.519149343566673
1511176882383,Brightness_1,69.0
1511176882385,Temperature_2,24.84
1511176882388,Humidity_2,15.012428865969973
1511176882390,Brightness_2,76.0
1511176883064,Motion_5,True
1511176883064,Motion_4,True
1511176886501,Motion_3,True
1511176886501,Motion_6,True
1511176888810,Temperature_1,25.07
1511176888813,Humidity_1,14.519149343566673
1511176888816,Brightness_1,69.0
1511176888819,Temperature_2,24.84
1511176888820,Humidity_2,15.012428865969973
1511176888823,Brightness_2,76.0
1511176889073,Sound_R,62.12859269173588
1511176889253,Motion_1,True
1511176891252,Sound_P,60.20329792798059
1511176891255,PodiumIR,255
1511176894651,Seat_11,False
1511176894651,Motion_2,True
1511176895467,Temperature_1,25.07
1511176895469,Humidity_1,14.519149343566673
1511176895481,Brightness_1,74.0
1511176895484,Temperature_2,24.84
1511176895486,Humidity_2,15.012428865969973
1511176895489,Brightness_2,76.0
1511176896982,Motion_5,False
1511176896982,Motion_4,False
1511176896982,Seat_8,True
1511176899073,Sound_R,62.30639904347925
1511176901257,Sound_P,62.551438321825636
1511176901329,PodiumIR,97
1511176901559,Motion_3,False
1511176901559,Motion_6,False
1511176901559,Motion_7,True
1511176901559,Motion_1,False
1511176901940,Temperature_1,25.07
1511176901943,Humidity_1,14.519149343566673
1511176901946,Brightness_1,74.0
1511176901948,Temperature_2,24.84
1511176901950,Humidity_2,15.012428865969973
1511176901953,Brightness_2,76.0
1511176902920,Motion_6,True
1511176908349,Temperature_1,25.07
1511176908352,Humidity_1,14.519149343566673
1511176908355,Brightness_1,74.0
1511176908358,Temperature_2,24.84
1511176908360,Humidity_2,15.012428865969973
1511176908362,Brightness_2,76.0
1511176909073,Sound_R,67.18866431195399
1511176911335,Sound_P,86.20389563691833
1511176911339,PodiumIR,198
1511176915029,Temperature_1,25.07
1511176915032,Humidity_1,14.519149343566673
1511176915035,Brightness_1,74.0
1511176915037,Temperature_2,24.84
1511176915039,Humidity_2,15.012428865969973
1511176915042,Brightness_2,76.0
1511176915232,Motion_2,False
1511176915232,Motion_7,False
1511176915232,Motion_5,True
1511176915232,Motion_3,False
1511176915232,Motion_6,False
1511176919073,Sound_R,68.41200489764884
1511176921345,Sound_P,57.472817393488484
1511176921349,PodiumIR,156
1511176922130,Temperature_1,25.07
1511176922133,Humidity_1,14.519149343566673
1511176922136,Brightness_1,74.0
1511176922138,Temperature_2,24.84
1511176922140,Humidity_2,14.889108985369157
1511176922143,Brightness_2,76.0
1511176922555,Motion_6,False
1511176922555,Motion_2,True
1511176922555,Motion_8,True
1511176922555,Motion_7,True
1511176922555,Motion_1,True
1511176925297,Motion_2,True
1511176928533,Temperature_1,25.07
1511176928536,Humidity_1,14.519149343566673
1511176928540,Brightness_1,74.0
1511176928542,Temperature_2,24.84
1511176928544,Humidity_2,14.889108985369157
1511176928546,Brightness_2,76.0
1511176929073,Sound_R,60.41936918846747
1511176931353,Sound_P,52.96571415471127
1511176931357,PodiumIR,174
1511176935200,Temperature_1,25.07
1511176935203,Humidity_1,14.519149343566673
1511176935206,Brightness_1,74.0
1511176935209,Temperature_2,24.84
1511176935211,Humidity_2,14.889108985369157
1511176935214,Brightness_2,76.0
1511176935272,Motion_5,False
1511176935272,Motion_6,True
1511176935277,Motion_8,True
1511176936318,Motion_1,True
1511176936318,Motion_7,False
1511176936318,Motion_8,True
1511176939073,Sound_R,54.74559126026415
1511176940615,Motion_2,False
1511176940620,Motion_4,True
1511176941360,Sound_P,60.20329792798059
1511176941364,PodiumIR,168
1511176941862,Temperature_1,25.07
1511176941865,Humidity_1,14.519149343566673
1511176941868,Brightness_1,74.0
1511176941870,Temperature_2,24.84
1511176941873,Humidity_2,14.889108985369157
1511176941875,Brightness_2,76.0
1511176942131,Motion_3,True
1511176948278,Temperature_1,25.07
1511176948281,Humidity_1,14.519149343566673
1511176948284,Brightness_1,74.0
1511176948287,Temperature_2,24.84
1511176948289,Humidity_2,14.889108985369157
1511176948292,Brightness_2,76.0
1511176949073,Sound_R,57.504928436206995
1511176951206,Motion_6,False
1511176951211,Motion_1,False
1511176951211,Motion_8,False
1511176951211,Motion_5,True
1511176951368,Sound_P,51.62091662308819
1511176951372,PodiumIR,189
1511176952266,Motion_1,True
1511176955064,Temperature_1,25.07
1511176955067,Humidity_1,14.519149343566673
1511176955070,Brightness_1,74.0
1511176955073,Temperature_2,24.84
1511176955075,Humidity_2,14.889108985369157
1511176955078,Brightness_2,76.0
1511176956779,Motion_4,False
1511176956779,Motion_3,False
1511176956779,Motion_7,True
1511176956779,Motion_6,True
1511176959073,Sound_R,63.31643831895271
1511176961375,Sound_P,54.210802194865956
1511176961378,PodiumIR,148
1511176961478,Temperature_1,25.07
1511176961481,Humidity_1,14.519149343566673
1511176961485,Brightness_1,72.0
1511176961487,Temperature_2,24.84
1511176961489,Humidity_2,14.889108985369157
1511176961492,Brightness_2,76.0
1511176968172,Temperature_1,25.07
1511176968175,Humidity_1,14.519149343566673
1511176968178,Brightness_1,72.0
1511176968181,Temperature_2,24.84
1511176968183,Humidity_2,14.889108985369157
1511176968185,Brightness_2,76.0
1511176968225,Motion_5,False
1511176968225,Motion_1,False
1511176969073,Sound_R,65.50788824674848
1511176969661,Motion_8,True
1511176969661,Motion_6,True
1511176970846,Motion_4,True
1511176971383,Sound_P,55.369951428718224
1511176971386,PodiumIR,147
1511176972327,Motion_7,True
1511176972327,Seat_9,True
1511176972327,Motion_8,True
1511176974233,Motion_3,True
1511176974579,Temperature_1,25.07
1511176974582,Humidity_1,14.519149343566673
1511176974585,Brightness_1,72.0
1511176974588,Temperature_2,24.84
1511176974590,Humidity_2,14.889108985369157
1511176974593,Brightness_2,76.0
1511176979073,Sound_R,66.40222689705541
1511176981283,Temperature_1,25.07
1511176981287,Humidity_1,14.519149343566673
1511176981290,Brightness_1,72.0
1511176981292,Temperature_2,24.84
1511176981294,Humidity_2,14.889108985369157
1511176981296,Brightness_2,76.0
1511176981392,Sound_P,54.210802194865956
1511176981395,PodiumIR,224
1511176984173,Seat_2,False
1511176984173,Motion_1,False
1511176984173,Motion_5,False
1511176984173,Motion_6,False
1511176984173,Motion_4,False
1511176987730,Temperature_1,25.07
1511176987733,Humidity_1,14.519149343566673
1511176987736,Brightness_1,72.0
1511176987738,Temperature_2,24.84
1511176987740,Humidity_2,14.889108985369157
1511176987742,Brightness_2,70.0
1511176989073,Sound_R,66.09114114428776
1511176991400,Sound_P,55.369951428718224
1511176991403,PodiumIR,208
1511176994219,Temperature_1,25.07
1511176994222,Humidity_1,14.519149343566673
1511176994226,Brightness_1,72.0
1511176994228,Temperature_2,24.84
1511176994231,Humidity_2,14.889108985369157
1511176994233,Brightness_2,70.0
1511176999073,Sound_R,66.56592888509853
1511177000632,Temperature_1,25.07
1511177000635,Humidity_1,14.519149343566673
1511177000638,Brightness_1,72.0
1511177000641,Temperature_2,24.84
1511177000643,Humidity_2,14.889108985369157
1511177000645,Brightness_2,70.0
1511177001408,Sound_P,58.433135904413454
1511177001411,PodiumIR,149
1511177007289,Temperature_1,25.07
1511177007292,Humidity_1,14.519149343566673
1511177007295,Brightness_1,72.0
1511177007297,Temperature_2,24.84
1511177007299,Humidity_2,14.889108985369157
1511177007303,Brightness_2,70.0
1511177009073,Sound_R,68.85987457768803
1511177011421,Sound_P,51.62091662308819
1511177011424,PodiumIR,165
1511177013945,Temperature_1,25.07
1511177013948,Humidity_1,14.519149343566673
1511177013952,Brightness_1,72.0
1511177013954,Temperature_2,24.84
1511177013956,Humidity_2,14.889108985369157
1511177013958,Brightness_2,70.0
1511177017516,Motion_7,False
1511177017516,Motion_8,False
1511177017516,Motion_3,False
1511177017516,Motion_1,False
1511177019073,Sound_R,67.20559673388694
1511177020387,Temperature_1,25.19
1511177020390,Humidity_1,14.519149343566673
1511177020393,Brightness_1,73.0
1511177020395,Temperature_2,24.84
1511177020398,Humidity_2,14.889108985369157
1511177020400,Brightness_2,70.0
1511177021435,Sound_P,60.20329792798059
1511177021438,PodiumIR,215
1511177022994,Motion_7,True
1511177027063,Temperature_1,25.19
1511177027066,Humidity_1,14.519149343566673
1511177027070,Brightness_1,73.0
1511177027072,Temperature_2,24.84
1511177027074,Humidity_2,14.889108985369157
1511177027076,Brightness_2,70.0
1511177029073,Sound_R,65.09997856590205
1511177031450,Sound_P,55.369951428718224
1511177031453,PodiumIR,195
1511177033511,Temperature_1,25.19
1511177033514,Humidity_1,14.519149343566673
1511177033517,Brightness_1,73.0
1511177033519,Temperature_2,24.84
1511177033521,Humidity_2,14.889108985369157
1511177033524,Brightness_2,70.0
1511177039073,Sound_R,68.09153314357668
1511177039955,Temperature_1,25.19
1511177039958,Humidity_1,14.519149343566673
1511177039961,Brightness_1,73.0
1511177039964,Temperature_2,24.84
1511177039966,Humidity_2,14.889108985369157
1511177039968,Brightness_2,70.0
1511177041464,Sound_P,63.95233273361063
1511177041467,PodiumIR,200
1511177044591,Motion_3,False
1511177044591,Motion_7,False
1511177044591,Motion_2,True
1511177046529,Temperature_1,25.19
1511177046532,Humidity_1,14.519149343566673
1511177046535,Brightness_1,73.0
1511177046537,Temperature_2,24.84
1511177046539,Humidity_2,14.889108985369157
1511177046542,Brightness_2,75.0
1511177049073,Sound_R,67.20507368730675
1511177051479,Sound_P,63.26648240367583
1511177051482,PodiumIR,198
1511177052235,Motion_7,True
1511177053193,Temperature_1,25.19
1511177053196,Humidity_1,14.519149343566673
1511177053199,Brightness_1,73.0
1511177053201,Temperature_2,24.84
1511177053203,Humidity_2,14.889108985369157
1511177053206,Brightness_2,75.0
1511177059073,Sound_R,67.78669347866769
1511177059934,Temperature_1,25.19
1511177059937,Humidity_1,14.519149343566673
1511177059940,Brightness_1,73.0
1511177059943,Temperature_2,24.84
1511177059945,Humidity_2,14.889108985369157
1511177059947,Brightness_2,75.0
1511177061491,Sound_P,72.26372429269907
1511177061494,PodiumIR,195
1511177066142,Motion_2,False
1511177066142,Motion_7,False
1511177066142,Motion_6,True
1511177066142,Motion_1,True
1511177066375,Temperature_1,25.19
1511177066378,Humidity_1,14.519149343566673
1511177066381,Brightness_1,73.0
1511177066383,Temperature_2,24.84
1511177066385,Humidity_2,14.889108985369157
1511177066388,Brightness_2,75.0
1511177068193,Motion_7,True
1511177069073,Sound_R,71.364513547108
1511177071505,Sound_P,54.210802194865956
1511177071508,PodiumIR,200
1511177073030,Temperature_1,25.19
1511177073033,Humidity_1,14.519149343566673
1511177073036,Brightness_1,73.0
1511177073038,Temperature_2,24.84
1511177073040,Humidity_2,14.889108985369157
1511177073042,Brightness_2,75.0
1511177079073,Sound_R,69.74334120696628
1511177079686,Temperature_1,25.19
1511177079689,Humidity_1,14.519149343566673
1511177079693,Brightness_1,73.0
1511177079695,Temperature_2,24.84
1511177079697,Humidity_2,14.889108985369157
1511177079699,Brightness_2,75.0
1511177081520,Sound_P,59.341519288975356
1511177081523,PodiumIR,205
1511177084442,Motion_2,False
1511177084442,Motion_6,False
1511177084442,Motion_1,False
1511177084442,Motion_7,False
1511177084442,Motion_5,True
1511177086229,Temperature_1,25.19
1511177086233,Humidity_1,14.519149343566673
1511177086236,Brightness_1,74.0
1511177086238,Temperature_2,24.84
1511177086240,Humidity_2,14.889108985369157
1511177086242,Brightness_2,75.0
1511177089073,Sound_R,67.83305559798356
1511177089940,Motion_2,True
1511177091534,Sound_P,55.369951428718224
1511177091538,PodiumIR,141
1511177092637,Temperature_1,25.19
1511177092640,Humidity_1,14.519149343566673
1511177092643,Brightness_1,74.0
1511177092645,Temperature_2,24.84
1511177092648,Humidity_2,14.889108985369157
1511177092650,Brightness_2,75.0
1511177099041,Temperature_1,25.19
1511177099044,Humidity_1,14.519149343566673
1511177099047,Brightness_1,74.0
1511177099049,Temperature_2,24.84
1511177099051,Humidity_2,14.889108985369157
1511177099054,Brightness_2,75.0
1511177099073,Sound_R,67.59280510593432
1511177101236,Motion_5,False
1511177101236,Motion_1,True
1511177101236,Motion_8,True
1511177101549,Sound_P,64.61127993529891
1511177101552,PodiumIR,205
1511177103677,Motion_2,False
1511177103677,Motion_3,True
1511177105696,Temperature_1,25.19
1511177105699,Humidity_1,14.519149343566673
1511177105702,Brightness_1,74.0
1511177105704,Temperature_2,24.84
1511177105706,Humidity_2,14.889108985369157
1511177105709,Brightness_2,75.0
1511177109066,Motion_5,True
1511177109073,Sound_R,65.65784654263392
1511177111561,Sound_P,56.45426312235056
1511177111564,PodiumIR,217
1511177112225,Temperature_1,25.19
1511177112228,Humidity_1,14.519149343566673
1511177112231,Brightness_1,74.0
1511177112233,Temperature_2,24.84
1511177112235,Humidity_2,15.012428865969973
1511177112237,Brightness_2,72.0
1511177112963,Motion_4,True
1511177116590,Motion_1,False
1511177116590,Motion_8,False
1511177116590,Motion_3,True
1511177118906,Temperature_1,25.19
1511177118909,Humidity_1,14.519149343566673
1511177118912,Brightness_1,74.0
1511177118914,Temperature_2,24.84
1511177118916,Humidity_2,15.012428865969973
1511177118919,Brightness_2,72.0
1511177119073,Sound_R,63.622665826800436
1511177120372,Motion_7,True
1511177121575,Sound_P,55.369951428718224
1511177121579,PodiumIR,214
1511177125564,Temperature_1,25.19
1511177125567,Humidity_1,14.519149343566673
1511177125571,Brightness_1,74.0
1511177125573,Temperature_2,24.84
1511177125575,Humidity_2,15.012428865969973
1511177125578,Brightness_2,72.0
1511177128167,Motion_5,False
1511177128167,Motion_4,False
1511177128167,Motion_1,True
1511177128167,Motion_2,True
1511177129073,Sound_R,64.38215385837643
1511177131590,Sound_P,55.369951428718224
1511177131593,PodiumIR,165
1511177132271,Temperature_1,25.19
1511177132274,Humidity_1,14.519149343566673
1511177132277,Brightness_1,74.0
1511177132279,Temperature_2,24.84
1511177132282,Humidity_2,15.012428865969973
1511177132285,Brightness_2,72.0
1511177132549,Motion_3,False
1511177132549,Motion_7,False
1511177139073,Sound_R,63.555847845732444
1511177139284,Temperature_1,25.19
1511177139287,Humidity_1,14.519149343566673
1511177139291,Brightness_1,74.0
1511177139293,Temperature_2,24.84
1511177139295,Humidity_2,15.012428865969973
1511177139297,Brightness_2,72.0
1511177140928,Motion_4,True
1511177140928,Motion_5,False
1511177140928,Motion_1,False
1511177140928,Motion_2,False
1511177141604,Sound_P,55.369951428718224
1511177141608,PodiumIR,160
1511177144960,Motion_2,True
1511177144960,Motion_3,False
1511177146100,Temperature_1,25.19
1511177146103,Humidity_1,14.519149343566673
1511177146106,Brightness_1,74.0
1511177146109,Temperature_2,24.84
1511177146111,Humidity_2,15.012428865969973
1511177146113,Brightness_2,72.0
1511177149073,Sound_R,65.0288393109384
1511177151619,Sound_P,71.42349921662418
1511177151622,PodiumIR,149
1511177152502,Temperature_1,25.19
1511177152505,Humidity_1,14.519149343566673
1511177152508,Brightness_1,69.0
1511177152510,Temperature_2,24.84
1511177152512,Humidity_2,15.012428865969973
1511177152514,Brightness_2,72.0
1511177154406,Motion_4,False
1511177154406,Motion_3,True
1511177157877,Motion_2,True
1511177158954,Temperature_1,25.19
1511177158958,Humidity_1,14.519149343566673
1511177158961,Brightness_1,69.0
1511177158963,Temperature_2,24.84
1511177158965,Humidity_2,15.012428865969973
1511177158967,Brightness_2,72.0
1511177159073,Sound_R,66.96283388476779
1511177159643,Motion_7,True
1511177161429,Motion_4,True
1511177161429,Motion_1,True
1511177161631,Sound_P,73.82773649063114
1511177161634,PodiumIR,140
1511177162700,Motion_6,True
1511177165397,Temperature_1,25.19
1511177165400,Humidity_1,14.519149343566673
1511177165403,Brightness_1,69.0
1511177165405,Temperature_2,24.84
1511177165407,Humidity_2,15.012428865969973
1511177165410,Brightness_2,72.0
1511177169073,Sound_R,66.29473242987717
1511177171645,Sound_P,59.341519288975356
1511177171648,PodiumIR,147
1511177172156,Temperature_1,25.19
1511177172159,Humidity_1,14.519149343566673
1511177172162,Brightness_1,69.0
1511177172164,Temperature_2,24.84
1511177172166,Humidity_2,15.012428865969973
1511177172169,Brightness_2,72.0
1511177179073,Sound_R,66.38526904621789
1511177179185,Temperature_1,25.19
1511177179189,Humidity_1,14.519149343566673
1511177179192,Brightness_1,69.0
1511177179194,Temperature_2,24.84
1511177179196,Humidity_2,14.889108985369157
1511177179199,Brightness_2,72.0
1511177180559,Motion_3,False
1511177180559,Motion_2,False
1511177180559,Motion_7,False
1511177180559,Motion_4,False
1511177180559,Motion_1,False
1511177180559,Motion_6,False
1511177180564,Motion_2,True
1511177180564,Motion_5,True
1511177181660,Sound_P,70.987085069563
1511177181663,PodiumIR,140
1511177185986,Temperature_1,25.19
1511177185989,Humidity_1,14.519149343566673
1511177185992,Brightness_1,69.0
1511177185995,Temperature_2,24.84
1511177185997,Humidity_2,14.889108985369157
1511177186000,Brightness_2,72.0
1511177187763,Motion_3,True
1511177189073,Sound_R,66.50504939437276
1511177191679,Sound_P,50.159038478285424
1511177191682,PodiumIR,150
1511177192411,Temperature_1,25.19
1511177192415,Humidity_1,14.519149343566673
1511177192419,Brightness_1,69.0
1511177192421,Temperature_2,24.84
1511177192423,Humidity_2,14.889108985369157
1511177192424,Brightness_2,72.0
1511177198888,Temperature_1,25.19
1511177198891,Humidity_1,14.519149343566673
1511177198894,Brightness_1,69.0
1511177198897,Temperature_2,24.84
1511177198899,Humidity_2,14.889108985369157
1511177198901,Brightness_2,72.0
1511177199073,Sound_R,66.90363794528584
1511177201693,Sound_P,78.9387917919758
1511177201696,PodiumIR,159
1511177201711,Motion_2,False
1511177201711,Motion_5,False
1511177201711,Motion_3,False
1511177201711,Motion_1,True
1511177205336,Temperature_1,25.19
1511177205339,Humidity_1,14.519149343566673
1511177205342,Brightness_1,69.0
1511177205344,Temperature_2,24.84
1511177205346,Humidity_2,14.889108985369157
1511177205349,Brightness_2,72.0
1511177209073,Sound_R,67.4134766073322
1511177211705,Sound_P,73.82773649063114
1511177211708,PodiumIR,143
1511177211743,Temperature_1,25.07
1511177211746,Humidity_1,14.395829462965853
1511177211749,Brightness_1,75.0
1511177211751,Temperature_2,24.84
1511177211753,Humidity_2,14.889108985369157
1511177211754,Brightness_2,72.0
1511177215888,Motion_1,False
1511177215893,Motion_5,True
1511177215893,Motion_2,True
1511177218219,Temperature_1,25.07
1511177218222,Humidity_1,14.395829462965853
1511177218225,Brightness_1,75.0
1511177218227,Temperature_2,24.84
1511177218230,Humidity_2,14.889108985369157
1511177218232,Brightness_2,72.0
1511177219073,Sound_R,66.25047216069844
1511177221711,Sound_P,52.96571415471127
1511177221721,PodiumIR,150
1511177223257,Motion_1,True
1511177224894,Temperature_1,25.07
1511177224897,Humidity_1,14.395829462965853
1511177224901,Brightness_1,75.0
1511177224903,Temperature_2,24.84
1511177224905,Humidity_2,14.889108985369157
1511177224908,Brightness_2,72.0
1511177228525,Motion_7,True
1511177228525,Motion_5,False
1511177228525,Motion_2,False
1511177229073,Sound_R,67.80143635366683
1511177231363,Temperature_1,25.07
1511177231365,Humidity_1,14.395829462965853
1511177231369,Brightness_1,75.0
1511177231371,Temperature_2,24.84
1511177231373,Humidity_2,14.889108985369157
1511177231374,Brightness_2,72.0
1511177231723,Sound_P,52.96571415471127
1511177231726,PodiumIR,152
1511177232087,Motion_3,True
1511177234173,Motion_5,True
1511177237753,Temperature_1,25.07
1511177237756,Humidity_1,14.395829462965853
1511177237759,Brightness_1,75.0
1511177237762,Temperature_2,24.84
1511177237764,Humidity_2,14.889108985369157
1511177237766,Brightness_2,72.0
1511177239073,Sound_R,70.37737831925578
1511177241729,Sound_P,58.433135904413454
1511177241732,PodiumIR,156
1511177244218,Temperature_1,25.07
1511177244221,Humidity_1,14.395829462965853
1511177244224,Brightness_1,75.0
1511177244227,Temperature_2,24.84
1511177244229,Humidity_2,14.889108985369157
1511177244232,Brightness_2,72.0
1511177245554,Motion_1,False
1511177245554,Motion_7,False
1511177245554,Motion_3,False
1511177246870,Motion_6,True
1511177246870,Motion_5,False
1511177249073,Sound_R,72.35269520116411
1511177250127,Motion_5,True
1511177251005,Temperature_1,25.07
1511177251008,Humidity_1,14.395829462965853
1511177251012,Brightness_1,75.0
1511177251014,Temperature_2,24.84
1511177251016,Humidity_2,14.889108985369157
1511177251018,Brightness_2,72.0
1511177251734,Sound_P,52.96571415471127
1511177251738,PodiumIR,138
1511177257682,Temperature_1,25.07
1511177257685,Humidity_1,14.395829462965853
1511177257688,Brightness_1,75.0
1511177257690,Temperature_2,24.84
1511177257692,Humidity_2,14.889108985369157
1511177257695,Brightness_2,72.0
1511177259073,Sound_R,69.38466980449977
1511177261623,Motion_1,False
1511177261623,Motion_6,False
1511177261623,Motion_2,True
1511177261740,Sound_P,75.93060245540138
1511177261744,PodiumIR,165
1511177264246,Temperature_1,25.07
1511177264249,Humidity_1,14.395829462965853
1511177264252,Brightness_1,75.0
1511177264254,Temperature_2,24.84
1511177264256,Humidity_2,14.889108985369157
1511177264258,Brightness_2,72.0
1511177266060,Motion_5,False
1511177266060,Motion_1,True
1511177269073,Sound_R,68.61564837301266
1511177270978,Temperature_1,25.07
1511177270981,Humidity_1,14.395829462965853
1511177270984,Brightness_1,75.0
1511177270986,Temperature_2,24.84
1511177270988,Humidity_2,14.889108985369157
1511177270991,Brightness_2,72.0
1511177271746,Sound_P,60.20329792798059
1511177271749,PodiumIR,156
1511177277552,Temperature_1,25.19
1511177277554,Humidity_1,14.519149343566673
1511177277558,Brightness_1,74.0
1511177277560,Temperature_2,24.84
1511177277562,Humidity_2,14.889108985369157
1511177277564,Brightness_2,72.0
1511177279073,Sound_R,70.72479910980432
1511177281752,Sound_P,58.433135904413454
1511177281755,PodiumIR,149
1511177284130,Motion_2,False
1511177284130,Motion_1,False
1511177284130,Motion_8,True
1511177284130,Motion_4,True
1511177284223,Temperature_1,25.19
1511177284225,Humidity_1,14.519149343566673
1511177284229,Brightness_1,74.0
1511177284231,Temperature_2,24.84
1511177284233,Humidity_2,14.889108985369157
1511177284235,Brightness_2,72.0
1511177286686,Motion_1,True
1511177286686,Motion_5,True
1511177286686,Motion_4,True
1511177289073,Sound_R,67.80217900197931
1511177289112,Motion_3,True
1511177290941,Temperature_1,25.19
1511177290944,Humidity_1,14.519149343566673
1511177290946,Brightness_1,74.0
1511177290951,Temperature_2,24.84
1511177290953,Humidity_2,14.889108985369157
1511177290955,Brightness_2,72.0
1511177291758,Sound_P,63.95233273361063
1511177291761,PodiumIR,147
1511177297342,Temperature_1,25.19
1511177297347,Humidity_1,14.519149343566673
1511177297352,Brightness_1,74.0
1511177297355,Temperature_2,24.84
1511177297360,Humidity_2,14.889108985369157
1511177297363,Brightness_2,72.0
1511177299073,Sound_R,68.29898438461503
1511177301775,Sound_P,54.210802194865956
1511177301779,PodiumIR,149
1511177304053,Temperature_1,25.19
1511177304056,Humidity_1,14.519149343566673
1511177304059,Brightness_1,74.0
1511177304062,Temperature_2,24.84
1511177304064,Humidity_2,14.889108985369157
1511177304066,Brightness_2,72.0
1511177308678,Motion_8,False
1511177308678,Motion_1,False
1511177308678,Motion_5,False
1511177308678,Motion_4,False
1511177308678,Motion_3,False
1511177309073,Sound_R,70.32406184641005
1511177310019,Motion_1,True
1511177310470,Temperature_1,25.19
1511177310473,Humidity_1,14.519149343566673
1511177310476,Brightness_1,74.0
1511177310478,Temperature_2,24.84
1511177310480,Humidity_2,14.889108985369157
1511177310483,Brightness_2,72.0
1511177311786,Sound_P,69.11838317407611
1511177311790,PodiumIR,149
1511177317156,Temperature_1,25.19
1511177317159,Humidity_1,14.519149343566673
1511177317162,Brightness_1,74.0
1511177317164,Temperature_2,24.84
1511177317166,Humidity_2,14.889108985369157
1511177317168,Brightness_2,72.0
1511177319073,Sound_R,69.29063215585963
1511177320154,Motion_2,True
1511177321798,Sound_P,74.19700410241327
1511177321801,PodiumIR,149
1511177323812,Temperature_1,25.19
1511177323815,Humidity_1,14.519149343566673
1511177323818,Brightness_1,74.0
1511177323820,Temperature_2,24.84
1511177323822,Humidity_2,14.889108985369157
1511177323824,Brightness_2,72.0
1511177325062,Motion_8,False
1511177325062,Motion_1,False
1511177329073,Sound_R,65.82604985459939
1511177330242,Temperature_1,25.19
1511177330245,Humidity_1,14.519149343566673
1511177330249,Brightness_1,74.0
1511177330250,Temperature_2,24.84
1511177330253,Humidity_2,14.889108985369157
1511177330255,Brightness_2,72.0
1511177331809,Sound_P,55.369951428718224
1511177331813,PodiumIR,148
1511177336934,Temperature_1,25.19
1511177336937,Humidity_1,14.519149343566673
1511177336940,Brightness_1,74.0
1511177336942,Temperature_2,24.84
1511177336945,Humidity_2,14.889108985369157
1511177336947,Brightness_2,72.0
1511177339073,Sound_R,67.4120726423106
1511177339249,Motion_2,False
1511177339249,Motion_8,False
1511177339249,Motion_1,False
1511177341815,Sound_P,55.369951428718224
1511177341818,PodiumIR,205
1511177343503,Temperature_1,25.19
1511177343506,Humidity_1,14.519149343566673
1511177343509,Brightness_1,70.0
1511177343511,Temperature_2,24.84
1511177343513,Humidity_2,14.889108985369157
1511177343516,Brightness_2,72.0
1511177349073,Sound_R,70.65685001373326
1511177350218,Temperature_1,25.19
1511177350221,Humidity_1,14.519149343566673
1511177350224,Brightness_1,70.0
1511177350227,Temperature_2,24.84
1511177350229,Humidity_2,14.889108985369157
1511177350232,Brightness_2,72.0
1511177351821,Sound_P,57.472817393488484
1511177351824,PodiumIR,132
1511177355918,Motion_2,False
1511177355918,Motion_7,True
1511177356627,Temperature_1,25.19
1511177356630,Humidity_1,14.519149343566673
1511177356633,Brightness_1,70.0
1511177356636,Temperature_2,24.84
1511177356638,Humidity_2,14.889108985369157
1511177356640,Brightness_2,72.0
1511177358554,Motion_1,True
1511177359073,Sound_R,68.04941791690027
1511177360871,Motion_8,True
1511177360871,Motion_6,True
1511177361826,Sound_P,55.369951428718224
1511177361829,PodiumIR,201
1511177363032,Temperature_1,25.19
1511177363035,Humidity_1,14.519149343566673
1511177363039,Brightness_1,70.0
1511177363041,Temperature_2,24.84
1511177363043,Humidity_2,14.889108985369157
1511177363045,Brightness_2,72.0
1511177368945,Motion_7,False
1511177368945,Motion_2,True
1511177369073,Sound_R,66.2338165954114
1511177369490,Temperature_1,25.19
1511177369493,Humidity_1,14.519149343566673
1511177369496,Brightness_1,70.0
1511177369499,Temperature_2,24.84
1511177369501,Humidity_2,14.889108985369157
1511177369503,Brightness_2,72.0
1511177371832,Sound_P,61.023021476191225
1511177371835,PodiumIR,203
1511177374513,Motion_1,False
1511177374513,Motion_8,False
1511177374513,Motion_6,False
1511177375945,Temperature_1,25.19
1511177375948,Humidity_1,14.519149343566673
1511177375951,Brightness_1,70.0
1511177375953,Temperature_2,24.84
1511177375955,Humidity_2,14.889108985369157
1511177375958,Brightness_2,72.0
1511177379073,Sound_R,65.45636869661229
1511177381467,Motion_5,True
1511177381467,Motion_2,False
1511177381838,Sound_P,65.24535518573873
1511177381841,PodiumIR,162
1511177382360,Temperature_1,25.19
1511177382363,Humidity_1,14.519149343566673
1511177382366,Brightness_1,70.0
1511177382368,Temperature_2,24.84
1511177382370,Humidity_2,14.889108985369157
1511177382373,Brightness_2,72.0
1511177384433,Motion_8,True
1511177386644,Motion_2,True
1511177386644,Motion_1,True
1511177388761,Temperature_1,25.19
1511177388763,Humidity_1,14.519149343566673
1511177388767,Brightness_1,70.0
1511177388769,Temperature_2,24.84
1511177388770,Humidity_2,14.889108985369157
1511177388773,Brightness_2,72.0
1511177389073,Sound_R,64.44768989183841
1511177391844,Sound_P,52.96571415471127
1511177391847,PodiumIR,124
1511177392983,Motion_4,True
1511177395186,Temperature_1,25.19
1511177395189,Humidity_1,14.519149343566673
1511177395192,Brightness_1,70.0
1511177395194,Temperature_2,24.84
1511177395196,Humidity_2,14.889108985369157
1511177395198,Brightness_2,72.0
1511177399073,Sound_R,64.89823074597132
1511177401849,Sound_P,58.433135904413454
1511177401852,PodiumIR,239
1511177401873,Temperature_1,25.19
1511177401875,Humidity_1,14.519149343566673
1511177401879,Brightness_1,69.0
1511177401881,Temperature_2,24.84
1511177401883,Humidity_2,14.889108985369157
1511177401885,Brightness_2,72.0
1511177402618,Motion_5,False
1511177402618,Motion_8,False
1511177402618,Motion_2,False
1511177402618,Motion_1,False
1511177407020,Motion_4,False
1511177407020,Motion_7,True
1511177408272,Temperature_1,25.19
1511177408274,Humidity_1,14.519149343566673
1511177408278,Brightness_1,69.0
1511177408280,Temperature_2,24.84
1511177408282,Humidity_2,14.889108985369157
1511177408284,Brightness_2,72.0
1511177408901,Motion_5,True
1511177409073,Sound_R,68.09345966385284
1511177411855,Sound_P,55.369951428718224
1511177411858,PodiumIR,219
1511177414967,Temperature_1,25.19
1511177414970,Humidity_1,14.519149343566673
1511177414973,Brightness_1,69.0
1511177414975,Temperature_2,24.84
1511177414978,Humidity_2,14.889108985369157
1511177414979,Brightness_2,72.0
1511177419073,Sound_R,69.81977351731207
1511177421606,Temperature_1,25.19
1511177421609,Humidity_1,14.519149343566673
1511177421612,Brightness_1,69.0
1511177421614,Temperature_2,24.84
1511177421617,Humidity_2,14.889108985369157
1511177421619,Brightness_2,72.0
1511177421861,Sound_P,57.472817393488484
1511177421864,PodiumIR,148
1511177426646,Motion_2,False
1511177426646,Motion_1,False
1511177426646,Motion_7,False
1511177426646,Motion_5,False
1511177426646,Motion_4,True
1511177428421,Temperature_1,25.19
1511177428424,Humidity_1,14.519149343566673
1511177428427,Brightness_1,69.0
1511177428429,Temperature_2,24.84
1511177428431,Humidity_2,14.889108985369157
1511177428433,Brightness_2,76.0
1511177429072,Sound_R,68.88933443033096
1511177429552,Motion_3,True
1511177429552,Motion_2,True
1511177431867,Sound_P,50.159038478285424
1511177431870,PodiumIR,153
1511177432394,Motion_1,True
1511177432394,Motion_8,True
1511177434775,Motion_5,True
1511177435127,Temperature_1,25.19
1511177435130,Humidity_1,14.519149343566673
1511177435133,Brightness_1,69.0
1511177435135,Temperature_2,24.84
1511177435137,Humidity_2,14.889108985369157
1511177435140,Brightness_2,76.0
1511177439073,Sound_R,67.54980129328133
1511177441583,Temperature_1,25.19
1511177441586,Humidity_1,14.519149343566673
1511177441589,Brightness_1,69.0
1511177441591,Temperature_2,24.84
1511177441593,Humidity_2,14.889108985369157
1511177441596,Brightness_2,76.0
1511177441872,Sound_P,73.45017003946069
1511177441875,PodiumIR,224
1511177446431,Motion_4,False
1511177446431,Motion_3,False
1511177446431,Motion_2,False
1511177446431,Motion_1,False
1511177446431,Motion_8,False
1511177448006,Temperature_1,25.19
1511177448009,Humidity_1,14.519149343566673
1511177448012,Brightness_1,69.0
1511177448014,Temperature_2,24.84
1511177448016,Humidity_2,14.889108985369157
1511177448018,Brightness_2,76.0
1511177448342,Motion_5,False
1511177448342,Motion_1,True
1511177448342,Motion_8,True
1511177449073,Sound_R,65.50769459805652
1511177451878,Sound_P,54.210802194865956
1511177451881,PodiumIR,219
1511177454421,Temperature_1,25.19
1511177454424,Humidity_1,14.519149343566673
1511177454427,Brightness_1,69.0
1511177454429,Temperature_2,24.84
1511177454431,Humidity_2,14.889108985369157
1511177454434,Brightness_2,76.0
1511177459072,Sound_R,65.11955070593567
1511177461132,Temperature_1,25.19
1511177461136,Humidity_1,14.519149343566673
1511177461139,Brightness_1,69.0
1511177461141,Temperature_2,24.84
1511177461143,Humidity_2,14.889108985369157
1511177461145,Brightness_2,76.0
1511177461269,Motion_2,False
1511177461269,Motion_1,True
1511177461269,Motion_8,False
1511177461883,Sound_P,55.369951428718224
1511177461887,PodiumIR,215
1511177462395,Motion_2,True
1511177465702,Motion_4,True
1511177467591,Temperature_1,25.19
1511177467594,Humidity_1,14.519149343566673
1511177467597,Brightness_1,70.0
1511177467600,Temperature_2,24.84
1511177467602,Humidity_2,14.889108985369157
1511177467605,Brightness_2,76.0
1511177469073,Sound_R,64.32963500649471
1511177471889,Sound_P,51.62091662308819
1511177471899,PodiumIR,214
1511177474067,Temperature_1,25.19
1511177474069,Humidity_1,14.519149343566673
1511177474072,Brightness_1,70.0
1511177474074,Temperature_2,24.84
1511177474077,Humidity_2,14.889108985369157
1511177474079,Brightness_2,76.0
1511177477308,Motion_1,False
1511177477308,Motion_2,False
1511177477308,Motion_5,True
1511177477308,Motion_7,True
1511177477308,Motion_6,True
1511177479073,Sound_R,64.94169892172657
1511177480471,Temperature_1,25.19
1511177480474,Humidity_1,14.519149343566673
1511177480477,Brightness_1,70.0
1511177480480,Temperature_2,24.84
1511177480482,Humidity_2,14.889108985369157
1511177480485,Brightness_2,76.0
1511177481901,Sound_P,51.62091662308819
1511177481904,PodiumIR,209
1511177486613,Motion_4,False
1511177486937,Temperature_1,25.19
1511177486940,Humidity_1,14.519149343566673
1511177486943,Brightness_1,70.0
1511177486946,Temperature_2,24.84
1511177486948,Humidity_2,14.889108985369157
1511177486950,Brightness_2,76.0
1511177487963,Motion_2,True
1511177489072,Sound_R,65.53339833001742
1511177491907,Sound_P,54.210802194865956
1511177491910,PodiumIR,211
1511177493594,Temperature_1,25.19
1511177493597,Humidity_1,14.519149343566673
1511177493600,Brightness_1,70.0
1511177493602,Temperature_2,24.84
1511177493604,Humidity_2,14.889108985369157
1511177493606,Brightness_2,72.0
1511177499073,Sound_R,64.10254417858714
1511177500066,Temperature_1,25.19
1511177500069,Humidity_1,14.519149343566673
1511177500072,Brightness_1,70.0
1511177500074,Temperature_2,24.84
1511177500077,Humidity_2,14.889108985369157
1511177500079,Brightness_2,72.0
1511177501060,Motion_5,False
1511177501060,Motion_7,False
1511177501060,Motion_6,False
1511177501060,Motion_4,False
1511177501060,Motion_2,False
1511177501912,Sound_P,52.96571415471127
1511177501915,PodiumIR,144
1511177505938,Motion_3,True
1511177506492,Temperature_1,25.19
1511177506495,Humidity_1,14.519149343566673
1511177506498,Brightness_1,70.0
1511177506501,Temperature_2,24.84
1511177506503,Humidity_2,14.889108985369157
1511177506505,Brightness_2,72.0
1511177509073,Sound_R,64.37732339921392
1511177511918,Sound_P,58.433135904413454
1511177511925,PodiumIR,200
1511177513255,Temperature_1,25.19
1511177513259,Humidity_1,14.519149343566673
1511177513262,Brightness_1,70.0
1511177513264,Temperature_2,24.84
1511177513266,Humidity_2,14.889108985369157
1511177513268,Brightness_2,72.0
1511177519072,Sound_R,64.46473487981274
1511177519370,Motion_5,False
1511177519370,Motion_3,False
1511177519370,Motion_2,True
1511177520054,Temperature_1,25.19
1511177520057,Humidity_1,14.519149343566673
1511177520061,Brightness_1,70.0
1511177520063,Temperature_2,24.84
1511177520065,Humidity_2,14.889108985369157
1511177520067,Brightness_2,72.0
1511177521882,Motion_3,True
1511177521927,Sound_P,70.5390318503356
1511177521930,PodiumIR,176
1511177526474,Temperature_1,25.19
1511177526477,Humidity_1,14.519149343566673
1511177526480,Brightness_1,70.0
1511177526482,Temperature_2,24.84
1511177526484,Humidity_2,14.889108985369157
1511177526487,Brightness_2,72.0
1511177529073,Sound_R,67.695531033937
1511177531877,Motion_5,True
1511177531877,Motion_2,False
1511177531933,Sound_P,68.0998289029382
1511177531945,PodiumIR,188
1511177532881,Temperature_1,25.19
1511177532884,Humidity_1,14.519149343566673
1511177532887,Brightness_1,70.0
1511177532889,Temperature_2,24.84
1511177532891,Humidity_2,14.889108985369157
1511177532894,Brightness_2,72.0
1511177534733,Motion_4,True
1511177537105,Motion_3,False
1511177537105,Motion_1,True
1511177538736,Motion_2,True
1511177539073,Sound_R,70.61152105781512
1511177539674,Temperature_1,25.19
1511177539677,Humidity_1,14.519149343566673
1511177539680,Brightness_1,70.0
1511177539682,Temperature_2,24.84
1511177539685,Humidity_2,14.889108985369157
1511177539687,Brightness_2,72.0
1511177541950,Sound_P,52.96571415471127
1511177541953,PodiumIR,198
1511177542077,Motion_6,True
1511177546225,Temperature_1,25.19
1511177546228,Humidity_1,14.519149343566673
1511177546231,Brightness_1,70.0
1511177546234,Temperature_2,24.84
1511177546236,Humidity_2,14.889108985369157
1511177546239,Brightness_2,72.0
1511177547620,Motion_5,False
1511177547620,Motion_4,True
1511177549072,Sound_R,69.25278036911124
1511177551955,Sound_P,55.369951428718224
1511177551959,PodiumIR,128
1511177553004,Temperature_1,25.19
1511177553007,Humidity_1,14.519149343566673
1511177553010,Brightness_1,70.0
1511177553012,Temperature_2,24.84
1511177553014,Humidity_2,14.889108985369157
1511177553017,Brightness_2,72.0
1511177556365,Motion_1,False
1511177556365,Motion_2,False
1511177556365,Motion_6,False
1511177556365,Motion_5,True
1511177558136,Motion_8,True
1511177558136,Motion_1,True
1511177559073,Sound_R,69.73501892167843
1511177559540,Temperature_1,25.19
1511177559543,Humidity_1,14.519149343566673
1511177559546,Brightness_1,70.0
1511177559548,Temperature_2,24.84
1511177559550,Humidity_2,14.889108985369157
1511177559552,Brightness_2,72.0
1511177561961,Sound_P,52.96571415471127
1511177561964,PodiumIR,147
1511177562308,Motion_4,False
1511177562308,Motion_7,True
1511177566197,Temperature_1,25.19
1511177566200,Humidity_1,14.519149343566673
1511177566203,Brightness_1,70.0
1511177566205,Temperature_2,24.84
1511177566206,Humidity_2,14.889108985369157
1511177566209,Brightness_2,72.0
1511177568361,Seat_9,True
1511177568361,Motion_5,False
1511177569073,Sound_R,69.01408135476849
1511177571967,Sound_P,56.45426312235056
1511177571970,PodiumIR,136
1511177572607,Temperature_1,25.19
1511177572610,Humidity_1,14.519149343566673
1511177572613,Brightness_1,70.0
1511177572615,Temperature_2,24.84
1511177572618,Humidity_2,14.889108985369157
1511177572620,Brightness_2,72.0
1511177574720,Motion_8,False
1511177574720,Motion_1,False
1511177579073,Sound_R,68.98004734501382
1511177579306,Temperature_1,25.19
1511177579309,Humidity_1,14.519149343566673
1511177579311,Brightness_1,70.0
1511177579313,Temperature_2,24.84
1511177579315,Humidity_2,14.889108985369157
1511177579318,Brightness_2,72.0
1511177581973,Sound_P,68.61682354019833
1511177581976,PodiumIR,180
1511177583685,Motion_7,False
1511177583685,Motion_5,True
1511177583685,Motion_4,True
1511177585764,Temperature_1,25.19
1511177585767,Humidity_1,14.519149343566673
1511177585770,Brightness_1,70.0
1511177585772,Temperature_2,24.84
1511177585774,Humidity_2,14.889108985369157
1511177585777,Brightness_2,72.0
1511177589067,Motion_1,False
1511177589067,Motion_6,True
1511177589073,Sound_R,71.32692309871359
1511177591804,Motion_7,True
1511177591986,Sound_P,59.341519288975356
1511177591989,PodiumIR,160
1511177592219,Temperature_1,25.19
1511177592222,Humidity_1,14.519149343566673
1511177592225,Brightness_1,75.0
1511177592228,Temperature_2,24.84
1511177592230,Humidity_2,14.889108985369157
1511177592233,Brightness_2,72.0
1511177596601,Motion_5,True
1511177596601,Motion_4,False
1511177598663,Temperature_1,25.19
1511177598666,Humidity_1,14.519149343566673
1511177598669,Brightness_1,75.0
1511177598672,Temperature_2,24.84
1511177598674,Humidity_2,14.889108985369157
1511177598676,Brightness_2,72.0
1511177599073,Sound_R,73.05628493288312
1511177601992,Sound_P,50.159038478285424
1511177601995,PodiumIR,160
1511177604716,Motion_6,False
1511177604716,Motion_7,True
1511177605060,Temperature_1,25.19
1511177605063,Humidity_1,14.519149343566673
1511177605066,Brightness_1,75.0
1511177605069,Temperature_2,24.84
1511177605071,Humidity_2,14.889108985369157
1511177605074,Brightness_2,72.0
1511177608813,Seat_2,True
1511177608813,Motion_5,False
1511177609073,Sound_R,68.42099437357099
1511177611772,Temperature_1,25.19
1511177611775,Humidity_1,14.519149343566673
1511177611778,Brightness_1,75.0
1511177611780,Temperature_2,24.84
1511177611782,Humidity_2,14.889108985369157
1511177611785,Brightness_2,72.0
1511177611998,Sound_P,50.159038478285424
1511177612001,PodiumIR,176
1511177612670,Motion_4,True
1511177618217,Temperature_1,25.19
1511177618220,Humidity_1,14.519149343566673
1511177618223,Brightness_1,75.0
1511177618225,Temperature_2,24.84
1511177618228,Humidity_2,14.889108985369157
1511177618230,Brightness_2,76.0
1511177619073,Sound_R,63.21039143901407
1511177621004,Seat_2,False
1511177621004,Motion_7,False
1511177621004,Motion_1,True
1511177622009,Sound_P,61.023021476191225
1511177622012,PodiumIR,178
1511177624673,Temperature_1,25.19
1511177624676,Humidity_1,14.519149343566673
1511177624680,Brightness_1,75.0
1511177624682,Temperature_2,24.84
1511177624684,Humidity_2,14.889108985369157
1511177624687,Brightness_2,76.0
1511177629073,Sound_R,64.95495644324524
1511177629834,Motion_4,False
1511177629834,Motion_3,True
1511177631120,Temperature_1,25.19
1511177631122,Humidity_1,14.519149343566673
1511177631126,Brightness_1,75.0
1511177631128,Temperature_2,24.84
1511177631130,Humidity_2,14.889108985369157
1511177631132,Brightness_2,76.0
1511177632014,Sound_P,64.61127993529891
1511177632018,PodiumIR,176
1511177637529,Temperature_1,25.19
1511177637532,Humidity_1,14.519149343566673
1511177637535,Brightness_1,75.0
1511177637538,Temperature_2,24.84
1511177637540,Humidity_2,14.889108985369157
1511177637542,Brightness_2,76.0
1511177639073,Sound_R,66.92247748961431
1511177642020,Sound_P,51.62091662308819
1511177642024,PodiumIR,135
1511177644124,Temperature_1,25.19
1511177644127,Humidity_1,14.519149343566673
1511177644130,Brightness_1,75.0
1511177644132,Temperature_2,24.84
1511177644134,Humidity_2,14.889108985369157
1511177644137,Brightness_2,76.0
1511177649073,Sound_R,65.9702619030244
1511177650554,Temperature_1,25.19
1511177650557,Humidity_1,14.519149343566673
1511177650559,Brightness_1,75.0
1511177650561,Temperature_2,24.84
1511177650563,Humidity_2,14.889108985369157
1511177650565,Brightness_2,76.0
1511177651611,Motion_1,False
1511177651611,Motion_3,False
1511177652026,Sound_P,51.62091662308819
1511177652029,PodiumIR,170
1511177653377,Motion_8,True
1511177657254,Temperature_1,25.19
1511177657257,Humidity_1,14.395829462965853
1511177657260,Brightness_1,73.0
1511177657262,Temperature_2,24.84
1511177657264,Humidity_2,14.889108985369157
1511177657267,Brightness_2,76.0
1511177659073,Sound_R,64.6621543309483
1511177662032,Sound_P,69.11838317407611
1511177662035,PodiumIR,159
1511177663991,Temperature_1,25.19
1511177663994,Humidity_1,14.395829462965853
1511177663998,Brightness_1,73.0
1511177664000,Temperature_2,24.84
1511177664002,Humidity_2,14.889108985369157
1511177664004,Brightness_2,76.0
1511177666008,Motion_1,False
1511177666008,Motion_2,True
1511177666008,Motion_8,False
1511177669073,Sound_R,66.66206285390858
1511177670420,Temperature_1,25.19
1511177670423,Humidity_1,14.395829462965853
1511177670426,Brightness_1,73.0
1511177670429,Temperature_2,24.84
1511177670431,Humidity_2,14.889108985369157
1511177670433,Brightness_2,76.0
1511177672038,Sound_P,56.45426312235056
1511177672041,PodiumIR,142
1511177677097,Temperature_1,25.19
1511177677100,Humidity_1,14.395829462965853
1511177677103,Brightness_1,73.0
1511177677106,Temperature_2,24.84
1511177677108,Humidity_2,14.889108985369157
1511177677110,Brightness_2,76.0
1511177679073,Sound_R,66.66004816264446
1511177682043,Sound_P,61.023021476191225
1511177682052,PodiumIR,196
1511177683555,Temperature_1,25.19
1511177683558,Humidity_1,14.395829462965853
1511177683561,Brightness_1,73.0
1511177683564,Temperature_2,24.84
1511177683566,Humidity_2,14.889108985369157
1511177683568,Brightness_2,72.0
1511177684573,Motion_2,False
1511177684573,Motion_5,True
1511177686700,Motion_7,True
1511177689073,Sound_R,63.21313157861187
1511177690019,Temperature_1,25.19
1511177690021,Humidity_1,14.395829462965853
1511177690024,Brightness_1,73.0
1511177690027,Temperature_2,24.84
1511177690029,Humidity_2,14.889108985369157
1511177690031,Brightness_2,72.0
1511177692057,Sound_P,61.80460425887306
1511177692060,PodiumIR,195
1511177693778,Seat_2,True
1511177696459,Temperature_1,25.19
1511177696462,Humidity_1,14.395829462965853
1511177696465,Brightness_1,73.0
1511177696467,Temperature_2,24.84
1511177696469,Humidity_2,14.889108985369157
1511177696471,Brightness_2,72.0
1511177697465,Motion_5,True
1511177698741,Motion_1,True
1511177698741,Seat_2,False
1511177698741,Motion_7,False
1511177699073,Sound_R,62.210556817305054
1511177702062,Sound_P,61.023021476191225
1511177702065,PodiumIR,185
1511177702871,Temperature_1,25.19
1511177702874,Humidity_1,14.395829462965853
1511177702877,Brightness_1,73.0
1511177702879,Temperature_2,24.84
1511177702881,Humidity_2,14.889108985369157
1511177702883,Brightness_2,72.0
1511177705785,Motion_7,True
1511177705785,Motion_6,True
1511177709073,Sound_R,62.251463357389326
1511177709560,Temperature_1,25.19
1511177709563,Humidity_1,14.395829462965853
1511177709566,Brightness_1,73.0
1511177709569,Temperature_2,24.84
1511177709571,Humidity_2,14.889108985369157
1511177709574,Brightness_2,72.0
1511177712076,Sound_P,54.210802194865956
1511177712079,PodiumIR,142
1511177713429,Motion_5,False
1511177713429,Motion_1,False
1511177716011,Temperature_1,25.19
1511177716014,Humidity_1,14.395829462965853
1511177716017,Brightness_1,73.0
1511177716019,Temperature_2,24.84
1511177716021,Humidity_2,14.889108985369157
1511177716023,Brightness_2,72.0
1511177719073,Sound_R,65.56157118540995
1511177722082,Sound_P,64.61127993529891
1511177722085,PodiumIR,151
1511177722428,Temperature_1,25.19
1511177722431,Humidity_1,14.395829462965853
1511177722434,Brightness_1,74.0
1511177722436,Temperature_2,24.84
1511177722438,Humidity_2,14.889108985369157
1511177722441,Brightness_2,72.0
1511177729073,Sound_R,68.76584316822199
1511177729119,Temperature_1,25.19
1511177729122,Humidity_1,14.395829462965853
1511177729125,Brightness_1,74.0
1511177729128,Temperature_2,24.84
1511177729130,Humidity_2,14.889108985369157
1511177729132,Brightness_2,72.0
1511177730738,Motion_7,False
1511177730738,Motion_6,False
1511177730738,Motion_5,False
1511177730738,Motion_2,True
1511177732094,Sound_P,51.62091662308819
1511177732098,PodiumIR,120
1511177735528,Temperature_1,25.19
1511177735531,Humidity_1,14.395829462965853
1511177735534,Brightness_1,74.0
1511177735537,Temperature_2,24.84
1511177735539,Humidity_2,14.889108985369157
1511177735541,Brightness_2,72.0
1511177737051,Motion_7,True
1511177739073,Sound_R,67.14281375012092
1511177740623,Motion_5,True
1511177742109,Sound_P,61.023021476191225
1511177742112,PodiumIR,201
1511177742147,Temperature_1,25.19
1511177742150,Humidity_1,14.395829462965853
1511177742153,Brightness_1,74.0
1511177742156,Temperature_2,24.84
1511177742158,Humidity_2,14.889108985369157
1511177742160,Brightness_2,72.0
1511177746697,Motion_2,False
1511177748559,Temperature_1,25.19
1511177748562,Humidity_1,14.395829462965853
1511177748565,Brightness_1,74.0
1511177748568,Temperature_2,24.84
1511177748569,Humidity_2,14.889108985369157
1511177748572,Brightness_2,72.0
1511177749073,Sound_R,64.29159845806701
1511177752115,Sound_P,52.96571415471127
1511177752118,PodiumIR,272
1511177755259,Temperature_1,25.19
1511177755262,Humidity_1,14.395829462965853
1511177755265,Brightness_1,74.0
1511177755267,Temperature_2,24.84
1511177755269,Humidity_2,14.889108985369157
1511177755271,Brightness_2,72.0
1511177756582,Motion_7,False
1511177756582,Motion_5,False
1511177757943,Motion_6,True
1511177759073,Sound_R,64.09969643618238
1511177759618,Motion_2,True
1511177759618,Motion_1,True
1511177761994,Temperature_1,25.19
1511177761997,Humidity_1,14.395829462965853
1511177762000,Brightness_1,74.0
1511177762002,Temperature_2,24.84
1511177762004,Humidity_2,14.889108985369157
1511177762007,Brightness_2,72.0
1511177762120,Sound_P,55.369951428718224
1511177762124,PodiumIR,213
1511177768428,Temperature_1,25.19
1511177768431,Humidity_1,14.395829462965853
1511177768434,Brightness_1,74.0
1511177768436,Temperature_2,24.84
1511177768439,Humidity_2,14.889108985369157
1511177768442,Brightness_2,72.0
1511177769073,Sound_R,62.97487135225847
1511177771995,Motion_5,False
1511177771995,Motion_6,False
1511177771995,Motion_3,True
1511177771995,Motion_2,False
1511177772134,Sound_P,52.96571415471127
1511177772137,PodiumIR,173
1511177774902,Temperature_1,25.19
1511177774905,Humidity_1,14.395829462965853
1511177774908,Brightness_1,74.0
1511177774911,Temperature_2,24.84
1511177774913,Humidity_2,14.889108985369157
1511177774915,Brightness_2,72.0
1511177779073,Sound_R,62.50924896572985
1511177781752,Temperature_1,25.19
1511177781755,Humidity_1,14.395829462965853
1511177781758,Brightness_1,74.0
1511177781760,Temperature_2,24.84
1511177781762,Humidity_2,14.889108985369157
1511177781764,Brightness_2,72.0
1511177782139,Sound_P,54.210802194865956
1511177782143,PodiumIR,180
1511177788241,Temperature_1,25.19
1511177788243,Humidity_1,14.395829462965853
1511177788246,Brightness_1,70.0
1511177788249,Temperature_2,24.84
1511177788251,Humidity_2,14.889108985369157
1511177788253,Brightness_2,72.0
1511177789073,Sound_R,65.03639094390252
1511177792145,Sound_P,58.433135904413454
1511177792148,PodiumIR,180
1511177794654,Temperature_1,25.19
1511177794657,Humidity_1,14.395829462965853
1511177794660,Brightness_1,70.0
1511177794662,Temperature_2,24.84
1511177794664,Humidity_2,14.889108985369157
1511177794667,Brightness_2,72.0
1511177798034,Motion_1,False
1511177798039,Motion_3,False
1511177798039,Motion_5,True
1511177799073,Sound_R,65.27127868195176
1511177801068,Temperature_1,25.19
1511177801071,Humidity_1,14.395829462965853
1511177801074,Brightness_1,70.0
1511177801076,Temperature_2,24.84
1511177801078,Humidity_2,14.889108985369157
1511177801081,Brightness_2,72.0
1511177802151,Sound_P,55.369951428718224
1511177802154,PodiumIR,165
1511177803347,Motion_2,True
1511177807781,Temperature_1,25.19
1511177807784,Humidity_1,14.395829462965853
1511177807787,Brightness_1,70.0
1511177807789,Temperature_2,24.84
1511177807791,Humidity_2,14.889108985369157
1511177807793,Brightness_2,74.0
1511177809073,Sound_R,64.1051201156214
1511177812157,Sound_P,67.56641902255494
1511177812160,PodiumIR,180
1511177813737,Motion_5,False
1511177813737,Seat_2,True
1511177813737,Motion_1,True
1511177814249,Temperature_1,25.19
1511177814252,Humidity_1,14.395829462965853
1511177814255,Brightness_1,70.0
1511177814257,Temperature_2,24.84
1511177814260,Humidity_2,14.889108985369157
1511177814263,Brightness_2,74.0
1511177816209,Motion_3,True
1511177818405,Motion_2,True
1511177818405,Motion_3,True
1511177819073,Sound_R,61.6720720175511
1511177820997,Temperature_1,25.19
1511177821000,Humidity_1,14.395829462965853
1511177821003,Brightness_1,70.0
1511177821006,Temperature_2,24.84
1511177821009,Humidity_2,14.889108985369157
1511177821012,Brightness_2,74.0
1511177822170,Sound_P,50.159038478285424
1511177822174,PodiumIR,168
1511177827543,Temperature_1,25.19
1511177827546,Humidity_1,14.395829462965853
1511177827549,Brightness_1,70.0
1511177827551,Temperature_2,24.84
1511177827553,Humidity_2,14.889108985369157
1511177827555,Brightness_2,74.0
1511177828550,Motion_5,False
1511177828550,Motion_1,False
1511177828550,Motion_6,True
1511177828550,Seat_2,False
1511177828550,Motion_4,True
1511177829073,Sound_R,60.437494527015076
1511177832176,Sound_P,62.551438321825636
1511177832179,PodiumIR,170
1511177833954,Temperature_1,25.19
1511177833957,Humidity_1,14.395829462965853
1511177833960,Brightness_1,70.0
1511177833962,Temperature_2,24.84
1511177833964,Humidity_2,14.889108985369157
1511177833967,Brightness_2,74.0
1511177836434,Motion_2,False
1511177836434,Motion_3,False
1511177839073,Sound_R,61.010697126657895
1511177840547,Motion_2,True
1511177840547,Motion_6,False
1511177840857,Temperature_1,25.19
1511177840859,Humidity_1,14.395829462965853
1511177840863,Brightness_1,70.0
1511177840865,Temperature_2,24.84
1511177840867,Humidity_2,14.889108985369157
1511177840869,Brightness_2,74.0
1511177842182,Sound_P,60.20329792798059
1511177842185,PodiumIR,114
1511177845119,Motion_4,False
1511177845119,Motion_7,True
1511177847275,Motion_6,True
1511177847275,Motion_1,True
1511177847603,Temperature_1,25.19
1511177847606,Humidity_1,14.519149343566673
1511177847609,Brightness_1,73.0
1511177847611,Temperature_2,24.84
1511177847613,Humidity_2,14.889108985369157
1511177847617,Brightness_2,74.0
1511177849073,Sound_R,63.039666729925564
1511177850652,Motion_3,False
1511177850652,Motion_5,True
1511177850652,Seat_11,True
1511177851928,Motion_8,True
1511177851928,Motion_3,True
1511177852188,Sound_P,57.472817393488484
1511177852191,PodiumIR,114
1511177853473,Motion_2,True
1511177854227,Temperature_1,25.19
1511177854230,Humidity_1,14.519149343566673
1511177854234,Brightness_1,73.0
1511177854236,Temperature_2,24.84
1511177854238,Humidity_2,14.889108985369157
1511177854240,Brightness_2,74.0
1511177858031,Motion_7,True
1511177858031,Motion_4,True
1511177859073,Sound_R,66.5389782417421
1511177860177,Motion_6,True
1511177860177,Motion_1,True
1511177860659,Temperature_1,25.19
1511177860662,Humidity_1,14.519149343566673
1511177860665,Brightness_1,73.0
1511177860668,Temperature_2,24.84
1511177860669,Humidity_2,14.889108985369157
1511177860671,Brightness_2,74.0
1511177862194,Sound_P,56.45426312235056
1511177862197,PodiumIR,76
1511177863574,Motion_5,True
1511177864825,Motion_8,True
1511177864830,Motion_3,False
1511177867714,Temperature_1,25.19
1511177867717,Humidity_1,14.519149343566673
1511177867721,Brightness_1,73.0
1511177867723,Temperature_2,24.84
1511177867725,Humidity_2,14.889108985369157
1511177867727,Brightness_2,74.0
1511177869073,Sound_R,62.792621204446625
1511177871358,Motion_2,False
1511177871358,Motion_7,False
1511177871358,Motion_3,True
1511177871358,Motion_4,False
1511177872200,Sound_P,60.20329792798059
1511177872203,PodiumIR,82
1511177873989,Motion_7,True
1511177873989,Motion_1,True
1511177873989,Motion_6,True
1511177874221,Temperature_1,25.19
1511177874224,Humidity_1,14.519149343566673
1511177874227,Brightness_1,73.0
1511177874231,Temperature_2,24.84
1511177874233,Humidity_2,14.889108985369157
1511177874236,Brightness_2,73.0
1511177876066,Motion_2,True
1511177876066,Motion_5,True
1511177877351,Motion_4,True
1511177877351,Motion_8,True
1511177879073,Sound_R,58.08752441477096
1511177880897,Temperature_1,25.19
1511177880900,Humidity_1,14.519149343566673
1511177880904,Brightness_1,73.0
1511177880906,Temperature_2,24.84
1511177880908,Humidity_2,14.889108985369157
1511177880910,Brightness_2,73.0
1511177882205,Sound_P,51.62091662308819
1511177882210,PodiumIR,67
1511177886901,Motion_3,False
1511177886901,Motion_7,True
1511177886901,Motion_1,True
1511177886901,Motion_6,True
1511177887294,Temperature_1,25.19
1511177887297,Humidity_1,14.519149343566673
1511177887300,Brightness_1,73.0
1511177887302,Temperature_2,24.84
1511177887304,Humidity_2,14.889108985369157
1511177887306,Brightness_2,73.0
1511177888982,Motion_2,True
1511177888982,Motion_5,True
1511177888982,Motion_3,True
1511177889015,Door,activate
1511177889073,Sound_R,62.75412531253625
1511177890158,Door,activate
1511177890258,Motion_4,True
1511177890258,Motion_8,True
1511177891407,Door,activate
1511177892212,Sound_P,71.42349921662418
1511177892215,PodiumIR,83
1511177893695,Temperature_1,25.19
1511177893698,Humidity_1,14.519149343566673
1511177893701,Brightness_1,73.0
1511177893704,Temperature_2,24.84
1511177893705,Humidity_2,14.889108985369157
1511177893708,Brightness_2,73.0
1511177899073,Sound_R,71.70707141528851
1511177899818,Seat_3,False
1511177899818,Motion_7,True
1511177899818,Motion_6,True
1511177900220,Temperature_1,25.19
1511177900223,Humidity_1,14.519149343566673
1511177900226,Brightness_1,73.0
1511177900229,Temperature_2,24.84
1511177900232,Humidity_2,14.889108985369157
1511177900235,Brightness_2,73.0
1511177901884,Motion_1,True
1511177901884,Motion_2,True
1511177901884,Motion_5,True
1511177901884,Motion_3,False
1511177902226,Sound_P,74.91204818426347
1511177902230,PodiumIR,89
1511177903155,Motion_4,True
1511177903155,Motion_8,True
1511177906686,Temperature_1,25.19
1511177906689,Humidity_1,14.519149343566673
1511177906692,Brightness_1,73.0
1511177906694,Temperature_2,24.84
1511177906697,Humidity_2,14.889108985369157
1511177906699,Brightness_2,73.0
1511177909073,Sound_R,76.38189256451453
1511177910119,Motion_3,True
1511177910140,Door,activate
1511177912239,Sound_P,61.80460425887306
1511177912250,PodiumIR,100
1511177913261,Temperature_1,25.19
1511177913264,Humidity_1,14.519149343566673
1511177913267,Brightness_1,69.0
1511177913270,Temperature_2,24.84
1511177913272,Humidity_2,14.889108985369157
1511177913274,Brightness_2,73.0
1511177914456,Seat_8,False
1511177914456,Motion_7,False
1511177914456,Motion_6,False
1511177914456,Motion_1,True
1511177914456,Motion_2,True
1511177914456,Motion_5,False
1511177916477,Motion_4,False
1511177916477,Motion_8,True
1511177919073,Sound_R,74.84297047102815
1511177920007,Temperature_1,25.19
1511177920010,Humidity_1,14.519149343566673
1511177920013,Brightness_1,69.0
1511177920015,Temperature_2,24.84
1511177920017,Humidity_2,14.889108985369157
1511177920019,Brightness_2,73.0
1511177922257,Sound_P,63.95233273361063
1511177922260,PodiumIR,92
1511177922916,Door,activate
1511177926564,Temperature_1,25.19
1511177926567,Humidity_1,14.519149343566673
1511177926571,Brightness_1,69.0
1511177926573,Temperature_2,24.84
1511177926575,Humidity_2,14.889108985369157
1511177926577,Brightness_2,73.0
1511177927358,Motion_3,False
1511177927358,Motion_1,True
1511177927358,Motion_2,True
1511177929073,Sound_R,74.87709037975303
1511177929474,Motion_8,False
1511177929474,Motion_3,True
1511177932267,Sound_P,67.56641902255494
1511177932277,PodiumIR,97
1511177932424,Door,activate
1511177932431,Motion_8,True
1511177933210,Temperature_1,25.19
1511177933213,Humidity_1,14.519149343566673
1511177933216,Brightness_1,69.0
1511177933219,Temperature_2,24.84
1511177933221,Humidity_2,14.889108985369157
1511177933223,Brightness_2,73.0
1511177936228,Door,activate
1511177939073,Sound_R,76.96514157022928
1511177939611,Temperature_1,25.19
1511177939614,Humidity_1,14.519149343566673
1511177939617,Brightness_1,69.0
1511177939619,Temperature_2,24.84
1511177939621,Humidity_2,14.889108985369157
1511177939623,Brightness_2,72.0
1511177940655,Motion_1,False
1511177940655,Motion_2,True
1511177940655,Seat_11,False
1511177942283,Sound_P,52.96571415471127
1511177942288,PodiumIR,97
1511177942386,Motion_3,True
1511177945332,Motion_8,True
1511177945332,Motion_1,True
1511177946029,Temperature_1,25.19
1511177946032,Humidity_1,14.519149343566673
1511177946035,Brightness_1,69.0
1511177946038,Temperature_2,24.84
1511177946040,Humidity_2,14.889108985369157
1511177946042,Brightness_2,72.0
1511177947939,Seat_10,False
1511177947939,Motion_7,True
1511177949073,Sound_R,78.01765025234049
1511177949180,Motion_5,True
1511177950475,Motion_6,True
1511177952294,Sound_P,65.8563679754536
1511177952297,PodiumIR,83
1511177952434,Temperature_1,25.19
1511177952437,Humidity_1,14.519149343566673
1511177952440,Brightness_1,69.0
1511177952442,Temperature_2,24.84
1511177952444,Humidity_2,14.889108985369157
1511177952447,Brightness_2,72.0
1511177953562,Motion_2,True
1511177954721,Door,activate
1511177958244,Motion_3,False
1511177958244,Motion_8,True
1511177958924,Temperature_1,25.19
1511177958926,Humidity_1,14.519149343566673
1511177958930,Brightness_1,69.0
1511177958932,Temperature_2,24.84
1511177958934,Humidity_2,14.889108985369157
1511177958937,Brightness_2,72.0
1511177959073,Sound_R,78.03882062371599
1511177961316,Motion_7,False
1511177961316,Motion_1,True
1511177961316,Motion_5,False
1511177962300,Sound_P,70.0787016850011
1511177962303,PodiumIR,96
1511177965373,Temperature_1,25.19
1511177965376,Humidity_1,14.519149343566673
1511177965380,Brightness_1,69.0
1511177965382,Temperature_2,24.84
1511177965384,Humidity_2,14.889108985369157
1511177965386,Brightness_2,72.0
1511177970497,Door,activate
1511177971811,Temperature_1,25.19
1511177971814,Humidity_1,14.519149343566673
1511177971817,Brightness_1,69.0
1511177971820,Temperature_2,24.84
1511177971821,Humidity_2,14.889108985369157
1511177971824,Brightness_2,72.0
1511177972305,Sound_P,56.45426312235056
1511177972309,PodiumIR,80
1511177974203,Motion_6,False
1511177974203,Seat_4,False
1511177974203,Motion_2,False
1511177974203,Motion_8,False
1511177975639,Motion_1,False
1511177975639,Motion_8,True
1511177976201,Door,activate
